영업일자,느티나무 셀프BBQ_1인 수저세트,느티나무 셀프BBQ_BBQ55(단체),"느티나무 셀프BBQ_대여료 30,000원","느티나무 셀프BBQ_대여료 60,000원","느티나무 셀프BBQ_대여료 90,000원","느티나무 셀프BBQ_본삼겹 (단품,실내)",느티나무 셀프BBQ_스프라이트 (단체),느티나무 셀프BBQ_신라면,느티나무 셀프BBQ_쌈야채세트,느티나무 셀프BBQ_쌈장,느티나무 셀프BBQ_육개장 사발면,느티나무 셀프BBQ_일회용 소주컵,느티나무 셀프BBQ_일회용 종이컵,느티나무 셀프BBQ_잔디그늘집 대여료 (12인석),느티나무 셀프BBQ_잔디그늘집 대여료 (6인석),느티나무 셀프BBQ_잔디그늘집 의자 추가,느티나무 셀프BBQ_참이슬 (단체),느티나무 셀프BBQ_친환경 접시 14cm,느티나무 셀프BBQ_친환경 접시 23cm,느티나무 셀프BBQ_카스 병(단체),느티나무 셀프BBQ_콜라 (단체),느티나무 셀프BBQ_햇반,느티나무 셀프BBQ_허브솔트,담하_(단체) 공깃밥,담하_(단체) 생목살 김치전골 2.0,담하_(단체) 은이버섯 갈비탕,담하_(단체) 한우 우거지 국밥,담하_(단체) 황태해장국 3/27까지,담하_(정식) 된장찌개,담하_(정식) 물냉면 ,담하_(정식) 비빔냉면,담하_(후식) 된장찌개,담하_(후식) 물냉면,담하_(후식) 비빔냉면,담하_갑오징어 비빔밥,담하_갱시기,담하_공깃밥,담하_꼬막 비빔밥,담하_느린마을 막걸리,담하_담하 한우 불고기,담하_담하 한우 불고기 정식,담하_더덕 한우 지짐,담하_들깨 양지탕,담하_라면사리,담하_룸 이용료,담하_메밀면 사리,담하_명인안동소주,담하_명태회 비빔냉면,담하_문막 복분자 칵테일,담하_봉평메밀 물냉면,담하_생목살 김치찌개,담하_스프라이트,담하_은이버섯 갈비탕,담하_제로콜라,담하_참이슬,담하_처음처럼,담하_카스,담하_콜라,담하_테라,담하_하동 매실 칵테일,담하_한우 떡갈비 정식,담하_한우 미역국 정식,담하_한우 우거지 국밥,담하_한우 차돌박이 된장찌개,담하_황태해장국,라그로타_AUS (200g),라그로타_G-Charge(3),라그로타_Gls.Sileni,라그로타_Gls.미션 서드,라그로타_Open Food,라그로타_그릴드 비프 샐러드,라그로타_까르보나라,라그로타_모둠 해산물 플래터,라그로타_미션 서드 카베르네 쉬라,라그로타_버섯 크림 리조또,라그로타_빵 추가 (1인),라그로타_스프라이트,라그로타_시저 샐러드 ,라그로타_아메리카노,라그로타_알리오 에 올리오 ,라그로타_양갈비 (4ps),라그로타_자몽리치에이드,라그로타_제로콜라,라그로타_카스,라그로타_콜라,라그로타_하이네켄(생),라그로타_한우 (200g),라그로타_해산물 토마토 리조또,라그로타_해산물 토마토 스튜 파스타,라그로타_해산물 토마토 스파게티,"미라시아_(단체)브런치주중 36,000",미라시아_(오븐) 하와이안 쉬림프 피자,미라시아_(화덕) 불고기 페퍼로니 반반피자,미라시아_BBQ Platter,미라시아_BBQ 고기추가,미라시아_공깃밥,미라시아_글라스와인 (레드),미라시아_레인보우칵테일(알코올),미라시아_미라시아 브런치 (패키지),미라시아_버드와이저(무제한),미라시아_보일링 랍스타 플래터,미라시아_보일링 랍스타 플래터(덜매운맛),미라시아_브런치 2인 패키지 ,미라시아_브런치 4인 패키지 ,미라시아_브런치(대인) 주말,미라시아_브런치(대인) 주중,미라시아_브런치(어린이),미라시아_쉬림프 투움바 파스타,미라시아_스텔라(무제한),미라시아_스프라이트,미라시아_애플망고 에이드,미라시아_얼그레이 하이볼,미라시아_오븐구이 윙과 킬바사소세지,미라시아_유자 하이볼,미라시아_잭 애플 토닉,미라시아_칠리 치즈 프라이,미라시아_코카콜라,미라시아_코카콜라(제로),미라시아_콥 샐러드,미라시아_파스타면 추가(150g),미라시아_핑크레몬에이드,연회장_Cass Beer,연회장_Conference L1,연회장_Conference L2,연회장_Conference L3,연회장_Conference M1,연회장_Conference M8,연회장_Conference M9,연회장_Convention Hall,연회장_Cookie Platter,연회장_Grand Ballroom,연회장_OPUS 2,연회장_Regular Coffee,연회장_골뱅이무침,연회장_공깃밥,연회장_돈목살 김치찌개 (밥포함),연회장_로제 치즈떡볶이,연회장_마라샹궈,연회장_매콤 무뼈닭발&계란찜,연회장_모둠 돈육구이(3인),연회장_삼겹살추가 (200g),연회장_야채추가,연회장_왕갈비치킨,연회장_주먹밥 (2ea),카페테리아_공깃밥(추가),카페테리아_구슬아이스크림,카페테리아_단체식 13000(신),카페테리아_단체식 18000(신),카페테리아_돼지고기 김치찌개,카페테리아_복숭아 아이스티,카페테리아_새우 볶음밥,카페테리아_새우튀김 우동,카페테리아_샷 추가,카페테리아_수제 등심 돈까스,카페테리아_아메리카노(HOT),카페테리아_아메리카노(ICE),카페테리아_약 고추장 돌솥비빔밥,카페테리아_어린이 돈까스,카페테리아_오픈푸드,카페테리아_진사골 설렁탕,카페테리아_짜장면,카페테리아_짜장밥,카페테리아_짬뽕,카페테리아_짬뽕밥,카페테리아_치즈돈까스,카페테리아_카페라떼(HOT),카페테리아_카페라떼(ICE),카페테리아_한상 삼겹구이 정식(2인) 소요시간 약 15~20분,포레스트릿_꼬치어묵,포레스트릿_떡볶이,포레스트릿_복숭아 아이스티,포레스트릿_생수,포레스트릿_스프라이트,포레스트릿_아메리카노(HOT),포레스트릿_아메리카노(ICE),포레스트릿_치즈 핫도그,포레스트릿_카페라떼(HOT),포레스트릿_카페라떼(ICE),포레스트릿_코카콜라,포레스트릿_페스츄리 소시지,화담숲주막_느린마을 막걸리,화담숲주막_단호박 식혜 ,화담숲주막_병천순대,화담숲주막_스프라이트,화담숲주막_참살이 막걸리,화담숲주막_찹쌀식혜,화담숲주막_콜라,화담숲주막_해물파전,화담숲카페_메밀미숫가루,화담숲카페_아메리카노 HOT,화담숲카페_아메리카노 ICE,화담숲카페_카페라떼 ICE,화담숲카페_현미뻥스크림
TEST_00+1일,1.9738568690700597,24.458513612162022,7.496800202330824,2.4584956114895524,0.6614780417340435,1.1071428571428572,11.857142857142856,5.1557403501120085,2.0357142857142856,0.17000355311116858,0.6785714285714285,0.39285713960137425,0,3.5714285714285707,21.86890963953911,0,11.839145561041262,0.6281339374210574,1.1870984284525314,23.72340133536111,7.351657443858631,0.6071428571428571,0,0.887985387,21.428571428571427,0,1.7142857142857142,0,5.740190675672613,8.946777176039118,1.4642857142857142,1.1132380883767334,1,1.1785714285714284,0.5194462179391747,0,22.84415643595994,0,1.357142857142857,6.903349343275988,4.282106996616617,0.6785714285714285,0,2.107142857142857,0.21428571170008867,3.833398949779143,0.4557532192621449,3.754132455,0.7142857142857142,1.962539043,7.285714285714286,0.573428293,3.6785714285714293,0.17857142845657872,1.9642857142857142,0.5575144004663768,1.357142857142857,0.12503342337094106,0.6785714285707155,1.7587315472652438,4.111321666319274,6.260585689334512,20.734660104445858,6.3940139843127985,4.568062503330631,1.6601044814591042,0.3571428545650508,0,1.8123621977291218,74,1.7486695090403979,1.1220723611640795,0.2142857136726625,0.9999999999999998,5.434345667541438,2.360082631134145,0.4285714261934126,1.4999999999999998,0.9285714285714284,5.501683163167764,1.7142857142857142,1.6607493972344065,0.35714285680269636,0.7499999999999999,0.9369371446101793,0.39166273949006225,2,0.7499999999999999,3.0993470149941036,3.7397313409220563,20.62905606948881,0.8523047912306243,1.7147469234354067,4,0.6428571428571428,0.9642857142857141,0.28571428419300005,0.4642857095378528,22.15880457581918,1.5781214301355777,1.3214285714285716,0.15160958814352604,2.087071191553179,0.7907914683702963,246.29060125380587,35.130070481453174,56.097759613187165,0.8661519884063353,5.4092869030308846,0.5357142857142857,1.7684548291607163,0.3928571428242115,1.4285714285714288,0.35079315149944856,0.36104124219802525,0.1690126163687808,0.5714285687258444,1.3333333333333333,0,0,0,0,0.5711571107516227,0.5350973404992977,0.2020809751408954,0.535714286,0.4285714283169168,0,0,2.143451893077015,0.7142857128083058,0.2176200272569931,52.107142857142854,0.5113859110357399,1.3578115093763543,0.133676963,0,0,0,0,7.584120594078408e-33,0,0,0.3214285714285714,6.570124044849704,0,18.76700490772779,52.04625150117702,0.9801085044752007,0,3.0000000000000004,0,0,22,0,0,38.18575440676485,8.147097919559608,0.46428571428571425,0,4.846179039077369,1.2022825879084071,7.436492060317337,1.4743945113105879,7.939566442017567,0,0,5.268503024776147,0,2.220446049250313e-16,0,2.2343331395719184,0,0,0.9853256495493756,1.7393454762872709,0.28322445218977166,0.7592069447407535,4.930380657631324e-32,0.001709445,24.177885158573545,8.197542733348893,24.494831941361042,7.480819079,11.737957001005645,8.358992957858646,3.9213414093247705,67.69676840453907,0,5.678571428571428,35.64285714285714,8.464285714285714,14.220189741005434
TEST_00+2일,0.37327113880758334,34.020610167615686,3.940034251993815e-16,1.6937178386076292e-15,0.3171730337204111,1.1071428571428572,11.857142857142856,2.031545296285792,2.0357142857142856,0.17000355311116858,0.6785714285714285,0.39285713960137425,0,3.5714285714285707,7.6115675179599265,0,12.83572554578374,0.5676651853982857,0.3870921323602414,30.93111591414508,11.46297978,0.6071428571428571,0,1.4712244652654127,21.428571428571427,20,1.7142857142857142,0,4.551313881813966,0,1.4642857142857142,1.477494586499564,1,1.1785714285714284,0.5194462179391747,0,1.7043998756237713,0,1.357142857142857,0.5163206666327698,6.924273320168736,0.6785714285714285,0,2.107142857142857,0.21428571170008867,0.7687842532675503,0.29260151494749603,1.8197529830876673,0.7142857142857142,1.557979095244455,7.285714285714286,1.5909817100729664,3.6785714285714293,0.17857142845657872,1.9642857142857142,0,1.357142857142857,0.17504464305127346,0.6785714285707155,0.10288601254913093,2.573093342796071,7.141760788857581,3.530679791108285,6.244310082484047,3.415317469,0,0.3571428545650508,0,1.0137010247856062,0,0.8227049602238653,2.0372992134035743,0.2142857136726625,0.9999999999999998,0,0.6034707425215914,0.4285714261934126,1.4999999999999998,0.9285714285714284,0,1.7142857142857142,0.24637933182012278,0.35714285680269636,0.7499999999999999,0.23764031649644143,2.244938059684639,0,0.7499999999999999,1.7244609132796305,0.8616856586936247,20.62905606948881,0.8523047912306243,1.0885665952133357,1.9999999999999998,0.6428571428571428,0.9642857142857141,0.28571428419300005,0.4642857095378528,10.569969810394596,2.3122286109686043,1.3214285714285716,0.20994262155884838,10.844732419194054,0.49031997467583344,0,69.41863384458912,3.3298933085110036,0.5017111366665615,2.464716431334114,0.5357142857142857,1.593235744648102,0.3928571428242115,1.4285714285714288,0.5128885667977012,0.22405219561354917,0.16901261636879578,0.5714285687258444,0.3333333333333332,2.251118846127051,1.6830196104142363e-16,0,0,0.4963027712524821,0.4283357335167835,0.20805897255175887,0.535714286,0.4285714283169168,0,1,4.647435246,0.7142857128083058,0.31655519252339376,52.107142857142854,0.017834646717593643,0.5236453721839366,0.13367696303135715,3.7154094633718e-15,1.7269809567564787e-36,0.033657847,1.9847939104107836e-18,0,0,0,0.3214285714285714,5.9877996196022245,0,18.76700490772779,24.534795948942588,2.9510448366433044,0,2,0,0,4,0,0,7,0.5964292953644573,0.46428571428571425,0,2.699426214617359,0.7811324039725589,2.682458801937081,1.6439522013989412,5.740547278352488,0,0,2.0885128356866645,0,0,0,1.613952961209247e-28,0,1.644545077119568e-15,0,1.648164485776623e-18,0,0.8795497629687167,0,0,2.173248619769474,3.1024556152070004,4.399379681794041,1.2085772497408342,2.711951130827066,0,1.8355310564150242,11.91244157092194,0,5.678571428571428,35.64285714285714,8.464285714285714,8.141548790097263
TEST_00+3일,1.5169589075867056,34.020610167615686,4.955461557407281,0,0.3171730337204111,1.1071428571428572,11.857142857142856,2.031545296285792,2.0357142857142856,0.17000355311116858,0.6785714285714285,0.39285713960137425,0,3.5714285714285707,37.883768386018104,0,11.72912275317495,0.5676651853982857,0.6322470446765472,30.93111591414508,11.46297978,0.6071428571428571,0.49999883246555143,0,21.428571428571427,100,1.7142857142857142,23.687780352311826,4.551313881813966,1.6176546788979236,1.4642857142857142,1.477494586499564,4.930380657631324e-32,1.1785714285714284,0,0,16.085889278300627,0,1.357142857142857,5.623831750411165,6.924273320168736,0.6785714285714285,0,2.107142857142857,0.21428571170008867,0.7687842532675503,0.2436926751291199,1.6132779900870027,0.7142857142857142,1.557979095244455,7.285714285714286,0.8651752524521388,3.6785714285714293,0.17857142845657872,1.9642857142857142,0.027745308436956457,1.357142857142857,0.17504464305127346,0.6785714285707155,0.10288601254913093,1.965867002521664,0.24484230189036715,1.3266994777707093,6.244310082484047,4.856248761995554,1.3398955185408958,0.3571428545650508,0,1.8123621977291218,0,0.8227049602238653,2.2538767281278567,0.2142857136726625,0.9999999999999998,0.9745843060640156,0.7898525101232468,0.4285714261934126,1.4999999999999998,0.9285714285714284,1,1.7142857142857142,0.4246448788886244,0.35714285680269636,0.7499999999999999,0.2376403164964415,1.4996303232317192,1.232595164407831e-32,0.7499999999999999,1.7244609132796305,3.117797320473842,86.12308336640014,0.25462807131331866,0.469248692,0,0.6428571428571428,0.9642857142857141,0.28571428419300005,0.4642857095378528,6.707024889,10.31657083547093,1.3214285714285716,0.20994262155884838,4.739648222964406,0.14808774021101756,8.019846855459976e-14,70.59355324556905,0.7601028179381397,0.5222419986540762,0,0.5357142857142857,0.5521475348659263,0.3928571428242115,1.4285714285714288,3.542856076400579e-25,0.22405219561354917,0.16901261636879414,0.5714285687258444,0.3333333333333332,1.4999730791242074,0.568749517,0,54.00000000000001,0.4963027712524821,0.4283357335167835,0.1534144221484618,0.535714286,0.4285714283169168,1,1,3.000956212667122,0.7142857128083058,0.31655519252339376,52.107142857142854,0.017834647,0.5236453721839366,0.13367696303133195,1.2994647882251025e-14,1.8695294301717038e-18,0.033657846881309406,4.259563754173309e-18,0,0,0,0.3214285714285714,4.800590075343283,0,18.76700490772779,176.36561559207001,2.426567254964958,0,3,0,0,2,0,0,2.440539617936928,1.0292362923204446e-25,0.46428571428571425,0,1.2682576649773525,0.050306991072300314,0,1.6439522013989412,0,0,0,2.019756399450249,0,0,0,0,0,1.15256260377236e-15,0,4.1640070313446155e-17,0,0.43549826778591816,0,0,8.361077214,3.1024556152070004,7.987853299573863,3.1600606414958445,9.322904818796422,0,3.9213414093247705,31.016663089283973,0,5.678571428571428,35.64285714285714,8.464285714285714,10.167762440399986
TEST_00+4일,1.1034006340426952,34.020610167615686,1.782823703,0.5415038349895702,0.3171730337204111,1.1071428571428572,11.857142857142856,2.031545296285792,2.0357142857142856,0.17000355311116858,0.6785714285714285,0.39285713960137425,0,3.5714285714285707,7.6625078838212275,0,11.730180973103353,0.5676651853982857,0.43225334076883715,30.93111591414508,11.46297978,0.6071428571428571,0.49999883246555143,1.693230090982498,21.428571428571427,0,1.7142857142857142,66.62458895668316,4.551313881813966,2.4471773274645567,1.4642857142857142,1.477494586499564,3.0000000000000004,1.1785714285714284,0,0,0.2836108771696688,0,1.357142857142857,3.0594127245345204,6.924273320168736,0.6785714285714285,0,2.107142857142857,0.21428571170008867,1.2795533693528158,0.22903101638379478,1.2613216683323691,0.7142857142857142,1.153419147,7.285714285714286,1.3828827310282827,3.6785714285714293,0.17857142845657872,1.9642857142857142,0.3650087876049609,1.357142857142857,0.17504464305127346,0.6785714285707155,0.10288601254913093,3.9306146476926895,1.8521561959652129,2.469320208891716,6.244310082484047,4.279876244665708,1.660104481459104,0.3571428545650508,0,1.0137010247856062,0,0.8256280968601248,2.0956819597015572,0.2142857136726625,0.9999999999999998,0.47141322926878765,2.691119217219453,0.4285714261934126,1.4999999999999998,0.9285714285714284,5,1.7142857142857142,0.4246448788886169,0.35714285680269636,0.7499999999999999,0.23764031649644143,1.7993610842058922,1.232595164407831e-32,0.7499999999999999,1.7244609132796305,3.349421740486482,28.11408776056439,0.2546280713133186,0.8893725212694487,2,0.6428571428571428,0.9642857142857141,0.28571428419300005,0.4642857095378528,6.707024889,2.700664649395328,1.3214285714285716,0.20994262155884838,1.8210576658695428,0.1480877402110175,8.361937300271174,68.92892226082077,4.668103383814866,2.4549484577252847,2.565558786722967,0.5357142857142857,1.986183379742629,0.3928571428242115,1.4285714285714288,1.162095415298254,0.22405219561354917,0.7442274664479287,0.5714285687258444,0.3333333333333332,1.8114456948681772,1.4935327673661828e-27,0,0,0.4963027712524821,0.4283357335167835,0.15341442214846174,0.535714286,0.4285714283169168,2,0,3.833581539543152,0.7142857128083058,0.31655519252339376,52.107142857142854,0.017834647,0.5236453721839366,0.1336769630313481,0,2.802021860175361e-18,0.033657846881310606,0,0,0,0,0.3214285714285714,4.800590075343283,0,18.76700490772779,4.459741269496206,2.5244775816783473,0,1.0000000000000002,0,0,1.0000000000000002,0,0,5.440539617936927,1.1928585907289149,0.46428571428571425,0,1.2682576649773523,0.05012805,0,1.6439522013989412,0,0,0,2.3949462393448915,0,0,0,0,0,1.1890780234222917e-15,8.301657780260829e-17,1.821637119168416e-18,0,0.5985543339021149,0,0,10.241752493969571,7.560656843581157,7.987853299573863,1.900146434475526,6.370511640396522,0.48025310081373007,2.5308011740516063,27.195818785611564,0,5.678571428571428,35.64285714285714,8.464285714285714,10.167762440399986
TEST_00+5일,2.3222702947492335,34.020610167615686,0,0,0.3171730337204111,1.1071428571428572,11.857142857142856,2.031545296285792,2.0357142857142856,0.17000355311116858,0.6785714285714285,0.39285713960137425,1,3.5714285714285707,22.440170143824517,0,18.807105325844983,0.5676651853982857,0.6322470446765471,30.93111591414508,11.46297978,0.6071428571428571,0,1.9645060325386003,21.428571428571427,30,1.7142857142857142,53.042628748286276,4.551313881813966,2.6766893009628965,1.4642857142857142,1.477494586499564,1,1.1785714285714284,0.5194462179391747,0,3.8694980742646283,0,1.357142857142857,3.7154142289080117,6.924273320168736,0.6785714285714285,0,2.107142857142857,0.21428571170008867,0.7687842532675503,0.2246358142493209,2.540721894183454,0.7142857142857142,1.557979095244455,7.285714285714286,1.0136093103256982,3.6785714285714293,0.17857142845657872,1.9642857142857142,0.20056257540330602,1.357142857142857,0.17504464305127346,0.6785714285707155,0.10288601254913093,2.499337616190458,1.3186857115400936,5.346746660120752e-16,6.244310082484047,3.703503727335863,0.660104481,0.3571428545650508,0,2.611023370672638,1,2.5010668648015533,2.586253302223919,0.2142857136726625,0.9999999999999998,1.5694253800886333,2.230707207,0.4285714261934126,1.4999999999999998,0.9285714285714284,3,1.7142857142857142,1.634902049103445,0.35714285680269636,0.7499999999999999,6.763047463163724,1.6788222454414945,1.232595164407831e-32,0.7499999999999999,1.7244609132796305,2.3943420801581787,72.08864894563342,0.8523047912306243,1.292696247146488,6,0.6428571428571428,0.9642857142857141,0.28571428419300005,0.4642857095378528,11.857618117663993,0.20257865207278647,1.3214285714285716,0.20994262155884838,2.617208686564167,0.1480877402110175,0,73.99184073685949,3.517345512050982,1.5667720925583173,0.3770391911486448,0.5357142857142857,1.181262660858509,0.3928571428242115,1.4285714285714288,8.703323416929988e-26,0.22405219561354917,0.1690126163687795,0.5714285687258444,2.333333333333333,1.6822894183900547,8.531664420087093e-29,0,0,0.4963027712524821,0.4283357335167835,0.15042526797883396,0.535714286,0.4285714283169168,1,1,0,0.7142857128083058,0.31655519252339376,52.107142857142854,0.017834647,0.5236453721839366,0.13367696303136042,4.477549843240856e-15,2.064994388052923e-18,0.033657847,1.0134382919852622e-16,0,0,0,0.3214285714285714,4.800590075343283,0,18.76700490772779,70.37303691794267,3.6713430717484314,0,0,0,0,2,0,0,6.154064202693815,0.5964292953644573,0.46428571428571425,0,1.9838419397973555,0.050123364,0.9431801350054019,1.6439522013989412,2.3472787411283753,0,0,3.7947856247168357,0,0,0,3.156150256918231e-29,0,3.3692515095523805e-16,5.827521765043258e-19,0,0,0.5095066894489094,0,0,11.851431591763566,6.286885064045684,11.576326917353684,2.6243940912460144,7.204108126228389,0,3.2260712916881884,24.90331220340812,0,5.678571428571428,35.64285714285714,8.464285714285714,11.68742267812703
TEST_00+6일,1.7371069318041565,34.020610167615686,0.31896272649419366,0.6881426919439617,0.6614780417340433,1.1071428571428572,11.857142857142856,2.031545296285792,2.0357142857142856,1.4883351021684295,0.6785714285714285,0.39285713960137425,2,3.5714285714285707,37.48032562555554,0.1581440466989894,16.634407004359993,0.5676651853982857,0.6774082530851433,30.93111591414508,11.46297978,0.6071428571428571,0.49999883246555143,0,21.428571428571427,33,1.7142857142857142,167.4132949663177,4.551313881813966,1.2551529895973683,1.4642857142857142,1.477494586499564,9,1.1785714285714284,0.5194462179391747,0,30.67845267094465,0,1.357142857142857,31.27731938138848,6.924273320168736,0.6785714285714285,0,2.107142857142857,0.21428571170008867,1.2795533693528158,0.2233182415149914,2.548921991038101,0.7142857142857142,1.153419147,7.285714285714286,2.2770068173743274,3.6785714285714293,0.17857142845657872,1.9642857142857142,0.42519862292220784,1.357142857142857,0.17504464305127346,0.6785714285707155,0.10288601254913093,6.745479169247884,0.8499868194819751,1.4693202088917163,6.244310082484047,3.127131210006018,1.660104481459104,0.3571428545650508,1,1.0137010247856062,0,1.3768302990072956,2.6216891022683484,0.2142857136726625,0.9999999999999998,1.1170855003786826,1.131973914414487,0.4285714261934126,1.4999999999999998,0.9285714285714284,3,1.7142857142857142,1.1263608198542208,0.35714285680269636,0.7499999999999999,1.5162763787192826,1.727297789304413,5,0.7499999999999999,1.7244609132796305,6.719298243017937,48.69792491102224,0.2546280713133186,2.123997038045897,4,0.6428571428571428,0.9642857142857141,0.28571428419300005,0.4642857095378528,18.295859654010986,4.455578210875827,1.3214285714285716,0.20994262155884838,2.3549742735931005,0.1480877402110175,1.6581059673770773e-13,90.86824507407906,12.030380872657371,3.4125443588153264,2.622960808851355,0.5357142857142857,1.1595381686211654,0.3928571428242115,1.4285714285714288,0.6492068485005513,0.22405219561354917,1.2209689226029865,0.5714285687258444,0.3333333333333332,1.7358457919217982,1.706248552136325,0,0,0.4963027712524821,0.4283357335167835,0.017451956808865743,0.535714286,0.4285714283169168,1,2,6.861881533066899,0.7142857128083058,0.31655519252339376,52.107142857142854,2.785811221801652,0.5236453721839366,3.184740822,4.990700266,0.7018880530568398,3.7471089132339244,7,0,0,4,0.3214285714285714,4.800590075343283,0,30.941539490789104,0,4.475522418321653,0,4,0,0,6,0,0,6.643237707621554,3.2107121139066273,0.46428571428571425,0,4.130594764257365,0.2103562604507201,2.967981554946114,1.6439522013989412,0.7227170299800862,0,0,5.7939558156089985,0,0,0,3.2070835755351026,0,0,9.404222076507344e-17,0,0,0.6375849783758898,2.220446049250313e-16,0,10.776156772540777,5.013113285,14.447105811577542,3.8097687812458556,14.210816489999278,0,6.007151762234517,34.83750739295638,0,5.678571428571428,35.64285714285714,8.464285714285714,13.207082915854073
TEST_00+7일,19.400724666221752,34.020610167615686,14.393015403370251,12.350519243240088,0.3171730337204111,1.1071428571428572,11.857142857142856,2.031545296285792,2.0357142857142856,4.4883351021684295,0.6785714285714285,0.39285713960137425,2,3.5714285714285707,54.14879264895687,4.158144046698989,15.728607907318443,0.5676651853982857,4.187098428452531,30.93111591414508,11.46297978,0.6071428571428571,0.9999999999999999,0.7490655782117225,21.428571428571427,0,1.7142857142857142,55.57804543,4.551313881813966,11.232816432884734,1.4642857142857142,1.477494586499564,5,1.1785714285714284,0.5194462179391747,0,62.90228181045816,0,1.357142857142857,49.17884725356702,6.924273320168736,0.6785714285714285,0,2.107142857142857,0.21428571170008867,1.7903224854380813,0.22292326584444552,4.717239741950079,0.7142857142857142,3.5807788349854293,7.285714285714286,3.0891291017579885,3.6785714285714293,0.17857142845657872,1.9642857142857142,1.838537959248324,1.357142857142857,0.17504464305127346,0.6785714285707155,4.120643832213824,14.895049827491018,4.903493487275519,7.7147585377579855,6.244310082484047,8.314483865974626,6.9803134443773125,0.3571428545650508,1,1.413031611257364,0,1.902018600935127,4.238087314868756,0.2142857136726625,0.9999999999999998,2.1807692700718517,1.131973914414487,0.4285714261934126,1.4999999999999998,0.9285714285714284,6,1.7142857142857142,0.395710948,0.35714285680269636,0.7499999999999999,1.1686728382538205,1.7078030075652364,1,0.7499999999999999,1.7244609132796305,9.105513104943347,20.62905606948881,1.4499815111479302,3.712838199981921,10,0.6428571428571428,0.9642857142857141,0.28571428419300005,0.4642857095378528,13.145266424933393,13.345928251980009,1.3214285714285716,0.20994262155884838,0.2344242935491465,0.49031997467583344,135.51606902886772,35.097857117262095,30.147344467883748,3.607151697600971,12.62690579650167,0.5357142857142857,5.272278820698589,0.3928571428242115,1.4285714285714288,2,0.22405219561354917,1.6181071887603322,0.5714285687258444,5.333333333333333,1.7136379269686963,3,0,0,0.4963027712524821,0.4283357335167835,0.20747512123829545,0.535714286,0.4285714283169168,0,1,2.143451893077015,0.7142857128083058,0.31655519252339376,52.107142857142854,3.765730937293289,0.5236453721839366,4.664090460932229,0,1.4037761061136795,1.5985950487826648,10,2.9468729499103756,3,7,0.3214285714285714,4.800590075343283,0,109.39965124829533,47.68426234680928,16.23074660153818,0,12,0,0,22,0,0,25.38374318922474,13.329647597919466,0.46428571428571425,0,9.139684687997388,1.4981082159634904,6.981957352,1.6439522013989412,7.615615402824876,0,0,7.768973425,0,2,0,14.062667441712327,4,0,11,0,0,3.209325406416693,4.999999999999999,0,28.294733092830047,11.381972182187576,23.059442494249115,8.237446676254496,23.532330288158303,14.91962302933619,10.17877246805401,82.98014561922871,61.14892729068008,5.678571428571428,35.64285714285714,8.464285714285714,28.91023870570018
TEST_01+1일,4.678571428571428,2,13.629261762995892,1.6184147586807347,0.8501220402600809,1.9285714285714288,1.6071428571428572,3.6656650524942624,2.678571428571429,0,1.3243816612101154,1.2467977896618803,0.5262728418048981,1,25,0.8928571428571426,2.892857142857143,0.5714285713114162,1.392857142857143,4.178571428571429,1.6428571428571428,0.9999999999999998,0.6071428552696686,0,5.142857142857143,12.178571428571427,0,18.607142857142854,4.107142857142857,5.377230821032746,1.7811089556428006,6.836666771746504,2.9540437216702182,1.2190928447562648,0,0,50.89817958,0,1.4642857142857144,39.26869471,8.75,1.100747232755245,0,0,0,3.1660281624307034,0.2765913074234506,4.7142857142857135,0.8770053586621351,5.500890260725251,13.015141202039942,1.214285714285714,3.050401320772888,0.49999999751870494,4.368826923526424,1.0714285714285714,3.410765079,0.7142857130585984,1.0357142857142856,0.9999999999999998,13.387377403738336,7.178571428571428,8.928571428571427,9.964285714285714,7.107142857142855,1.8571428571428572,0,3.1412784499433037,3.4999999999999996,0.1785714258028273,1.6428571428571428,8.095e-320,0.4712767367785273,0.2499999992777852,2.181861874962024,0.7857142857142856,0.2142857138827575,0,0.10714285714268101,2.1071428571428568,1.7500000000000002,1.6939229468704964,3.296032067362325,2.0389633867565644,0.8571428571428571,1.892857142857143,0.9999999999999998,1.380952380952381,1.884313502474509,3.357142857142857,9.383921537736164,1.5,4.536300517003437,11.654735003103733,1.3297517887157362,1.3675957083269537,0.3214285703011732,0.6071428571408797,19.65057989766036,8.288334000514537,0.7940143700506554,1.3214285714285716,9.796342336782073,0.6428571428571427,204.41092955296037,0,32.51983022,3.25795573,4.977240678259068,1.142857142857143,3.785816718058729,0.39285714250418013,1.8571428571428577,0.3214285696248383,0.6071428566245157,0.964285714,2.025880034722541,2,3.1867281643710803,1.7142857142857146,0,0,0,2.3792700029577724e-06,0,0.21428571356460965,0.14285714273668945,0.134402732,0.044369085,1.4642857142857144,0,0,0,3.6815752258635563,4.035714285714285,3.2890292052804617,2.392857142857143,1.2695234023339983,2.3928571428571432,3.4549313304894125,1.2142857142857144,0.41301023792025393,8.262786444062149,3.1390176344378027,6.235118664889772,0,0.008094577,0,13.217745473974567,1.7974592988650622e-32,7.749999999999999,0,0,19.30255679175806,0,1.781074492019955e-31,21.04381417,5.7961761828977005,0,0,14.894294412831334,1.3571428571428572,7.287277081986769,2.5361360614250334,12.932599435647948,0,4.070179059396809e-49,16.751425697184857,0,1.2857142857142856,0,10.325542224539587,1.2313086015887975,0.071428571,5.214285714285714,0.8928571399287665,0,2.120908787185738,0,0.8571428571428569,12.919954277770424,5.214114659382777,11.059857785536568,4.1028878678631475,8.392857142857142,14.07000362726161,4.8716437679789255,27.734821273397216,25.310753471447928,1.8309264662386342,19.96428571428571,5.499999999999999,18.321428571428573
TEST_01+2일,4.678571428571428,2,8.740138556188871,1.559229192623428,0.6576458063355389,1.9285714285714288,1.6071428571428572,0.6731552839959167,2.678571428571429,0.2953785211501199,1.0759242262203075,0.3324800529083375,0.716365295,1,3.9999999999999982,0.8928571428571426,2.892857142857143,0.5714285713114162,1.392857142857143,4.178571428571429,1.6428571428571428,0.9999999999999998,0.6071428552696686,0,5.142857142857143,12.178571428571427,0,18.607142857142854,4.107142857142857,3.113845894836265,2.7485940912052294,2.5649853144562265,6.884967181959569,1.2917442476993743,1.2674623418147961,0,54.179635915606625,0,1.4642857142857144,39.26869471,8.75,1.0875413118783495,0,0,0,2.1595699260117853,0.2765913074234506,4.7142857142857135,2.3498465547324523,5.532452819423789,10.504583441868848,1.214285714285714,6.222902049453906,0.49999999751870494,3.088769391518354,1.0714285714285714,3.5500767511485685,0.7142857130585984,1.0357142857142856,0.9999999999999998,14.419046249600251,7.178571428571428,8.928571428571427,9.964285714285714,7.107142857142855,1.8571428571428572,0,1.467821303005731,3.4999999999999996,0.1785714258028273,1.6428571428571428,8.095e-320,0.6923169360708213,0.2499999992777852,1.2272071875569632,0.7857142857142856,0.2142857138827575,0,0.10714285714268101,2.1071428571428568,1.7500000000000002,1.3655434957957433,0,1.1716076710486356,0.8571428571428571,1.892857142857143,0.9999999999999998,3.3809523809523814,0.7101142359094115,3.357142857142857,13.038306805826009,1.5,2.8771575320144502,10.754948090752919,1.138180512696848,1.1031027053944986,0.3214285703011732,0.6071428571408797,27.10358519067595,8.695169631413266,1.9362796367602932,1.3214285714285716,8.177342443361063,0.6428571428571427,0,0,43.344831833412826,3.732490866088975,4.381582178177495,1.142857142857143,1.2951099653355804,0.39285714250418013,1.8571428571428577,0.3214285696248383,0.6071428566245157,0.964285714,0.8222796205924412,1,2.559033875808307,1.7142857142857146,0,0,0,0,0,0.21428571356460965,0.14285714273668945,0.18127995962969962,0.9065709133096322,1.4642857142857144,0,0,0,6.091661505203996,4.035714285714285,4.135942599107513,2.392857142857143,1.0373605722657995,2.3928571428571432,3.5496839340893196,1.2142857142857144,0.536505789,8.530475883220548,2.9790456953228115,6.598533201291712,0,0.003835781,0,7.259923838781852,4.0183705614871134e-32,7.749999999999999,0,0,19.184041285765552,0,0,18.848027646696714,6.440598846147041,0,0,12.968922115469393,1.3571428571428572,6.767228003967359,2.8051636154961446,10.364489304590592,0,0,14.024417519931735,0,1.2857142857142856,0,2.4405417172115462,0.6491196748317538,0.071428571,5.214285714285714,0.8928571399287665,0,1.6141848985869975,0.6491654641739333,0.8571428571428569,1.9039430949734174e-18,2.875107723037418,0,2.2454866999468424,8.392857142857142,0,6.898589380408681e-26,6.504298507694843e-16,6.326022157711009,1.439593813563004,19.96428571428571,5.499999999999999,18.321428571428573
TEST_01+3일,4.678571428571428,2,8.740138556188871,0,0.6576458063355389,1.9285714285714288,1.6071428571428572,0.673155284,2.678571428571429,0,0.9845544491472302,0.3324800529083375,0.7850276661407829,1,5,0.8928571428571426,2.892857142857143,0.5714285713114162,1.392857142857143,4.178571428571429,1.6428571428571428,0.9999999999999998,0.6071428552696686,0,5.142857142857143,12.178571428571427,0,18.607142857142854,4.107142857142857,0.6227691789672536,2.7485940912052294,5.616186355377853,6.157226039395931,1.3158355244157542,0.9798936035097519,0,55.82036408439338,0,1.4642857142857144,39.26869471,8.75,1.2044919553881226,0,0,0.9999999999999999,2.1595699260117853,1.9583161541797165,4.7142857142857135,1.479258178717108,7.839183431935039,12.27277529651451,1.214285714285714,6.625213342252479,0.49999999751870494,8.374347109,1.0714285714285714,1.945592996838962,0.7142857130585984,1.0357142857142856,0.9999999999999998,12.821812717403716,7.178571428571428,8.928571428571427,9.964285714285714,7.107142857142855,1.8571428571428572,0,0.9470798682965513,3.4999999999999996,0.1785714258028273,1.6428571428571428,8.095e-320,1.0947798202592347,0.2499999992777852,0.5909309374810122,0.7857142857142856,0.2142857138827575,0,0.10714285714268101,2.1071428571428568,1.7500000000000002,1.3655434957957433,3.6553053615458997,2.801715591531077,0.8571428571428571,1.892857142857143,0.9999999999999998,0.3809523809523808,0.7101142359094114,3.357142857142857,13.038306805826009,1.5,5.780657755745177,10.15312132093008,1.2346998656454666,0.9924827277609579,0.3214285703011732,0.6071428571408797,27.179005263100702,8.823641930136008,1.1906109433135674,1.3214285714285716,8.847133444679837,0.6428571428571427,7.735095399432062e-28,0,46.08765264239735,3.9145696380015806,4.206173742331526,1.142857142857143,3.937282024,0.39285714250418013,1.8571428571428577,0.3214285696248383,0.6071428566245157,0.964285714,3.4898919557614683,0,2.341747028821204,1.7142857142857146,0,0,0,0,0,0.21428571356460965,0.14285714273668945,0.19762988388054017,0.8739067222962469,1.4642857142857144,0,0,0,4.9312170073885095,4.035714285714285,4.449290412664908,2.392857142857143,1.0373605722657995,2.3928571428571432,5.450316066,1.2142857142857144,0.5734325998929765,8.798165322378948,2.9382574738410954,10.57448882780703,0,0.002016363,0,13.726838777332285,0,7.749999999999999,0,0,22.605701693404743,0,1.7730862148734235e-46,17.875207290698697,6.440598846147041,0,0,12.066017997104387,1.3571428571428572,6.393284749933429,3.538105583297195,9.277501627530285,0,8.225262543971818e-33,12.834294263262606,0,1.2857142857142856,0,3.4050816456749327,1.2313086015887975,0.071428571,5.214285714285714,0.8928571399287665,0,1.6141848985869975,1.0935526038784662,0.8571428571428569,5.502990541068842,4.434445680600991,18.92833595,3.359927400696625,8.392857142857142,10.884004352713932,5.910445290026343,32.25824229306344,23.772469150057066,1.643045158555181,19.96428571428571,5.499999999999999,18.321428571428573
TEST_01+4일,4.678571428571428,2,8.740138556188871,0,0.6576458063355389,1.9285714285714288,1.6071428571428572,1.1694101682450895,2.678571428571429,1.1917581856876516,0.9509533771457974,0.3324800529083375,0.8098288671125748,0,11,0.8928571428571426,2.892857142857143,0.5714285713114162,1.392857142857143,4.178571428571429,1.6428571428571428,0.9999999999999998,0.6071428552696686,0,5.142857142857143,12.178571428571427,0,18.607142857142854,4.107142857142857,1.2455383579345074,2.426099046017753,4.395705939009202,3.895695925891227,1.323824215484524,0.6182874889967238,0,49.66763345144303,0,1.4642857142857144,39.26869471,8.75,0.8342201354327589,0,0,0,2.1595699260117853,1.1728520184134352,4.7142857142857135,0.7691353933054772,6.883031242202886,14.417745077119378,1.214285714285714,5.328476667401392,0.49999999751870494,7.870480926273754,1.0714285714285714,5.666969652013346,0.7142857130585984,1.0357142857142856,0.9999999999999998,12.505380090633489,7.178571428571428,8.928571428571427,9.964285714285714,7.107142857142855,1.8571428571428572,0,2.5482503219990464,3.4999999999999996,0.1785714258028273,1.6428571428571428,8.095e-320,0.6385408388819909,0.2499999992777852,3.7727928124430368,0.7857142857142856,0.2142857138827575,2,0.10714285714268101,2.1071428571428568,1.7500000000000002,1.3655434957957433,0.13512317819499264,1.4560533949042425,0.8571428571428571,1.892857142857143,0.9999999999999998,2.380952380952381,1.2972138691919604,3.357142857142857,13.038306805826009,1.5,4.536300517003437,9.750586614,1.4885133250224547,0.9462176874159397,0.3214285703011732,0.6071428571408797,23.89031474598471,8.864211463101064,1.8507936863111856,1.3214285714285716,8.387522479797934,0.6428571428571427,1.3178140894079244,0,47.53630801953359,4.1484800161944175,4.154519783961561,1.142857142857143,4.916894412416689,0.39285714250418013,1.8571428571428577,0.3214285696248383,0.6071428566245157,0.964285714,3.369144436305185,0,2.266529563,1.7142857142857146,0,0,4.449657108893786e-117,0,0,0.21428571356460965,0.14285714273668945,0.20333244001795386,0.8739067222962469,1.4642857142857144,0,0,0,2.0758388206565512,4.035714285714285,4.565225351203914,2.392857142857143,1.0373605722657995,2.3928571428571432,4.549683934,1.2142857142857144,0.5844742072582965,9.065854761537347,3.221076279539781,10.361987006848898,0,0.005109749,0,12.34107129050005,0,7.749999999999999,0,0,24.527457770849253,0,0,17.444209361533538,6.440598846147041,0,0,11.642600745242248,1.3571428571428572,6.121936024318197,3.4819608172826277,8.817419251859546,0,0,12.31489964689169,0,1.2857142857142856,0,4.606428783610429,1.5224030649673195,0.071428571,5.214285714285714,0.8928571399287665,0,1.6141848985869975,0,0.8571428571428569,3.5828349098218597,3.654776701819204,9.597581968941487,2.9884471671133643,8.392857142857142,3.301994921833745,1.6537328259841946,17.752747431021145,21.08318891994808,1.572657921734119,19.96428571428571,5.499999999999999,18.321428571428573
TEST_01+5일,4.678571428571428,2,8.740138556188871,0,0.6576458063355389,1.9285714285714288,1.6071428571428572,3.154429705241781,2.678571428571429,0.2953785211501198,0.938596643,0.3324800529083375,0.8187871882950503,26,32,0.8928571428571426,2.892857142857143,0.5714285713114162,1.392857142857143,4.178571428571429,1.6428571428571428,0.9999999999999998,0.6071428552696686,0,5.142857142857143,12.178571428571427,0,18.607142857142854,4.107142857142857,6.772308210327464,2.103604000830277,6.226426563562179,7.899097396033005,1.3264732733050604,0.15924854284191226,0,50.48799753583641,0,1.4642857142857144,39.26869471,8.75,0.7294300640434336,0,0,0,2.1595699260117853,0.2765913074234506,4.7142857142857135,1.276380124984564,6.721414974271777,10.427323778075902,1.214285714285714,4.870565180560324,0.49999999751870494,4.067965004085495,1.0714285714285714,2.3411092425293565,0.7142857130585984,1.0357142857142856,0.9999999999999998,11.89682864123129,7.178571428571428,8.928571428571427,9.964285714285714,7.107142857142855,1.8571428571428572,0.9999999999999999,1.2631903383549785,3.4999999999999996,0.1785714258028273,1.6428571428571428,8.095e-320,0.6223898247912307,0.2499999992777852,1.409069062518988,0.7857142857142856,0.2142857138827575,3,0.10714285714268101,2.1071428571428568,1.7500000000000002,1.6939229468704964,2.880485954786466,3.245021862137035,0.8571428571428571,1.892857142857143,0.9999999999999998,0.3809523809523808,1.2972138691919604,3.357142857142857,13.038306805826009,1.5,2.8771575320144502,9.481349355,0.6126118519980518,0.9268680726002776,0.3214285703011732,0.6071428571408797,27.967929758684544,8.877022684,1.3960588839475014,1.3214285714285716,8.528674391770107,0.6428571428571427,0,0,44.86978851,4.262223348172796,4.13930882,1.142857142857143,3.516994369266318,0.39285714250418013,1.8571428571428577,0.3214285696248383,0.6071428566245157,0.964285714,0,0,2.2404917823106696,1.7142857142857146,0,0,3.933888872217712e-117,0,0,0.21428571356460965,0.14285714273668945,0.20532138785657655,0.044369084554795546,1.4642857142857144,0,0,0,2.420300299409674,4.035714285714285,4.608119890091708,2.392857142857143,1.0373605722657995,2.3928571428571432,15.231858359083489,1.2142857142857144,0.5877757946237223,9.333544200695746,1.5188495109146287,6.210509623502686,0,0.004394815,0,9.569536316835578,4.409323234309897e-33,7.749999999999999,0,0,14.687041738478289,0,0,17.25326021681289,6.440598846147041,0,0,11.444039053554393,1.3571428571428572,5.926150032179235,2.344199951559669,8.622683104550779,0,0,12.088225001216657,0,1.2857142857142856,0,8.992820359566268,0,0.071428571,5.214285714285714,0.8928571399287665,0,1.6141848985869975,1.591846517474177,0.8571428571428569,9.159688737506038,7.553121595728136,7.849378747,5.217328569,8.392857142857142,7.603989844,1.435821883989463,28.225273120809685,17.288923129245582,5.8951204957687615,19.96428571428571,5.499999999999999,18.321428571428573
TEST_01+6일,4.678571428571428,2,8.740138556188871,2.857000073107321,0.6576458063355389,1.9285714285714288,1.6071428571428572,0.6731552839959167,2.678571428571429,0.2953785211501198,0.9340524762007117,0.3324800529083375,0.8220229799206116,2,13,0.8928571428571426,2.892857142857143,0.5714285713114162,1.392857142857143,4.178571428571429,1.6428571428571428,0.9999999999999998,0.6071428552696686,0,5.142857142857143,12.178571428571427,0,18.607142857142854,4.107142857142857,1.2455383579345072,1.7811089556428006,3.7854657308248774,3.837581398574855,1.3273517034854412,0.43289471354862885,0,50.48799753583641,0,1.4642857142857144,39.26869471,8.75,0.5590057377987495,0,0,1,2.1595699260117853,1.0068478669055148,4.7142857142857135,2.8682779582763867,7.096987629312252,11.320626041898485,1.214285714285714,4.487939501073379,0.49999999751870494,4.990563578199019,1.0714285714285714,2.341109242529356,0.7142857130585984,1.0357142857142856,0.9999999999999998,11.56129902418205,7.178571428571428,8.928571428571427,9.964285714285714,7.107142857142855,1.8571428571428572,0,3.8045498764745176,3.4999999999999996,0.1785714258028273,1.6428571428571428,8.095e-320,0.6291419834756101,0.2499999992777852,4.681621563,0.7857142857142856,0.2142857138827575,5,0.10714285714268101,2.1071428571428568,1.7500000000000002,0.7087845936462374,0.4309812450468291,2.172053687996087,0.8571428571428571,1.892857142857143,0.9999999999999998,0.3809523809523804,1.884313502474509,3.357142857142857,13.038306805826009,1.5,4.951086263250684,9.301268729212957,1.5938189111272263,0.9187754049894343,0.3214285703011732,0.6071428571408797,25.87277027,8.881068266296943,1.7808754516629568,1.3214285714285716,8.385046432176862,0.6428571428571427,0.3410929552960378,0,40.689794199174024,4.381032572648688,4.134829522752147,1.142857142857143,4.137622833972005,0.39285714250418013,1.8571428571428577,0.3214285696248383,0.6071428566245157,0.964285714,1.578734084098068,1,2.231478370351722,1.7142857142857146,0,0,1.1479212024622308e-117,0,0,0.21428571356460965,0.14285714273668945,0.2060150966793285,0.044369085,1.4642857142857144,0,0,0,4.032813363871181,4.035714285714285,4.623990355799313,2.392857142857143,1.0373605722657995,2.3928571428571432,9.132490490904852,1.2142857142857144,0.5887630131301307,9.601233639854145,2.110313743215106,6.352550880337402,0,0.003219376,0,10.955303803667814,1.792687626708365e-49,7.749999999999999,0,0,15.78030012400532,0,1.0076855803983978e-47,17.168662186515686,6.440598846147041,0,0,11.350923467846563,1.3571428571428572,5.784383855377376,3.6260834922587906,8.540258371,0,0,11.989299457184433,0,1.2857142857142856,0,5.883657613177679,1.5224030649673195,0.071428571,5.214285714285714,0.8928571399287665,0,1.6141848985869975,0,0.8571428571428569,7.748504729465579,5.214114659382777,12.068990068971102,3.359927400696625,8.392857142857142,10.442002176356967,3.7820890580052686,29.053570849181277,27.555865611459502,2.491091078712478,19.96428571428571,5.499999999999999,18.321428571428573
TEST_01+7일,4.678571428571428,2,8.740138556188871,4.730952518493671,0.6576458063355389,1.9285714285714288,1.6071428571428572,5.658174820992608,2.678571428571429,1.1917581856876516,0.9323813669740622,0.3324800529083375,0.8231917644764205,6,22,0.8928571428571426,2.892857142857143,0.5714285713114162,1.392857142857143,4.178571428571429,1.6428571428571428,0.9999999999999998,0.6071428552696686,0,5.142857142857143,12.178571428571427,0,18.607142857142854,4.107142857142857,5.263384926196478,2.103604000830277,4.395705939009202,6.5014911951322585,1.3276429917977695,0.14532597524358465,0,47.616723240459585,0,1.4642857142857144,39.26869471,8.75,0.46185761796449987,0,0,1,2.1595699260117853,0.25521405722853246,4.7142857142857135,1.0071448635130296,7.541175725875588,10.859044941669648,1.214285714285714,6.234122559650501,0.49999999751870494,1.0209001035313072,1.0714285714285714,7.480420914942164,0.7142857130585984,1.0357142857142856,0.9999999999999998,11.244781709926107,7.178571428571428,8.928571428571427,9.964285714285714,7.107142857142855,1.8571428571428572,1.0000000000000009,2.9676979717069103,3.4999999999999996,0.1785714258028273,1.6428571428571428,8.095e-320,0.6263191485351638,0.2499999992777852,5,0.7857142857142856,0.2142857138827575,2,0.10714285714268101,2.1071428571428568,1.7500000000000002,0.7087845936462374,5.606461290902829,1.8385181602333431,0.8571428571428571,1.892857142857143,0.9999999999999998,4.3809523809523805,2.4714131357570577,3.357142857142857,13.038306805826009,1.5,3.7067290245089435,9.180820943468458,1.2910120603367545,0.9153907759059353,0.3214285703011732,0.6071428571408797,19.92325485628462,8.882345797592667,1.5060001250408335,1.3214285714285716,8.402238507533344,0.6428571428571427,111.89070447039624,0,44.96669167586242,4.448092675941019,4.133510467446551,1.142857142857143,3.741786186647059,0.39285714250418013,1.8571428571428577,0.3214285696248383,0.6071428566245157,0.964285714,2.2576489120527996,5,2.2283582274719134,1.7142857142857146,0,0,0,0,0,0.21428571356460965,0.14285714273668945,0.20625704969660674,0.044369084554795546,1.4642857142857144,0,0,0,4.745133823816385,4.035714285714285,4.6298622380553525,2.392857142857143,1.0373605722657995,2.3928571428571432,9.350948197732041,1.2142857142857144,0.5890582045854899,9.868923079012545,0.37224511152108675,8.445918263371167,0,0.004196407,0,6.798001343171107,0,7.749999999999999,0,0,13.753882574825472,0,0,17.131181910075398,6.440598846147041,0,0,11.307256876229573,1.3571428571428572,5.681958866805848,2.944228750625117,8.505370977612682,0,0,11.946126286083057,0,1.2857142857142856,0,14.611120481487033,1.2313086015887975,0.071428571,5.214285714285714,0.8928571399287665,0,1.6141848985869975,2.8162173932974466,0.8571428571428569,12.83433018035628,6.383618127555456,13.561612201593885,2.6169669335301036,8.392857142857142,10.442002176356965,5.346267174015805,30.182691995712997,31.589785956622983,2.7796769832888293,19.96428571428571,5.499999999999999,18.321428571428573
TEST_02+1일,8.245427101337526,45.64285714285714,11.000000000012243,3.441498537726104,1.549474759220678,0.3278230123161555,18.92857142857143,1.0357142857142856,3.441696168828603,0.5,0.9642857142857142,0.21428571425294024,2.486201472743821,3.872659259966989,28.62742655595992,1.0022707868098082,20.44389091583563,0.8216312020325045,2.312411495382081,0,18.607142857142854,2.0376122495006403,0.49999999438056036,8.650041728404856e-133,11.428571428571427,6.5,5.455671290827406,16.958323946362402,5.5338933431664685,5.351396081737304,3.142027945870997,5.271860800460875,3.788838302287628,1.8534425818445999,0.2499999952521929,3.853330638796289,24.360207909466354,16.061196290313113,1.3214285714285714,23.896057203907016,13.254552317532216,1.3793005268529301,0,1.5257753563873693,0.21428571249678158,1.2306926176653068,0.39285714283441286,3.046907570682994,0.7857142857142856,2.7716328415593594,17.093674195706413,0.9133520189026552,5.142857142857142,1.990215973045108,1.6860709341579776,1.6671479548284305,0.8214285714285712,2.619253645382405,0.392857142,0.6428571428571427,9.825145730859449,11.681030324978163,29,25.212108645833553,11.178571428571425,0.6666666666666663,0.4999999952619642,1.3514775592818256,2.0357142857142856,0.071428571,3,0,0.9999999999999998,0.21260377067731256,3.3076469832154203,3.6608903559278003,0.28645955965897785,2.7334852004369337,0.4285714265581696,4,1.9999999999999998,2,0.9642857142857141,0.7142857142857142,1.0357142857142856,2.5469660525024507,1.25,2.2981204542353737,2.4024558115039154,4,7.620379992219277,1.614241937327276,6.373548307949516,0,0.46428571271466507,0.47619047619047605,0.9061147499362913,0,4.470327125699031,11.999999999999998,0.3214285714285714,0,3.809767101013003,0.17857142849571092,262.21623993383076,0,53.079377096786146,7.410497962571872,4.892857142857142,1.8673942500653649,6.552298528416733,0.26173955953952943,4.439722422726549,0.5357142838847206,0.9400428633367828,2.2754859899496633,3.4554347626832396,0.6876520172018168,2.142857142857143,1.2499999999999998,0.28571428571428564,20.285714285714285,0.10881530774825854,0.6849876154855481,0.23036414034432418,0.20861504765817535,0.13121851950098531,0.13451007822982952,0.2560073672219337,0.761076465,0.10201739831376741,0.2857142857142857,22.150059199026558,2.4130012631900146,1.0714285714285714,1.9027242818006755,1.0525572028622021,0.39285714285714285,0.6065396762348712,1.0952380952380947,0.4285714285714285,0.2857142857138361,4.799468082,0.46428571428571425,9.232409232852135,0,40.949983817790525,61.53446952894908,6.0747607936630805,0,5.500960759025473,0,0,12.85115290023311,0,0.39285714285714285,12.291582845447511,3.0712390259945606,0,0,15.435844925374564,0.9157757456002399,1.797541863300371,1.5714285714285714,4.9933868351322035,0,0,10.631750620260112,2.877422534012308,1.5080355006964967,0,11.287641309311859,1.7080064902292922,0.6429756966801728,3.6808839925082744,0.7532357768147191,0.071428571,3.471046901095523,2.743540489184796,1.6919512240897916,39.380320327453234,20.940521430666976,36.18874981907403,25.84643691731184,15.660901937920826,40.533662070642244,33.76046597337419,74.22730808911311,72.30624702482787,4.678571428571428,29.348958309237446,38.01287073017008,59.02861184431049
TEST_02+2일,4.807929637890996,45.64285714285714,11.000000000009084,4.378733663886328,1.549474759220678,0.9230809901777766,18.92857142857143,1.0357142857142856,4.143269658282756,0.5,0.9642857142857142,0.21428571425294024,0.6237123275060185,2.7915010635605197,20.282786915342488,5.830787621729317,20.443890915835627,0.6464462336177524,1.0897886410012543,61.77187544840987,18.607142857142854,0.634917329,0.49999999438056036,0,11.428571428571427,6.5,5.455671290827406,23.09189812312775,7.258655620609401,12.388072364978152,3.2040409997196213,3.2079314403515617,3.788838302287628,1.462445918832294,0.2499999952521929,13.463936884572332,31.108021969827462,25.06245568242401,1.3214285714285714,26.41108109798311,13.897318174927802,3.3793005268529304,0,0.9552188054186412,0.21428571249678158,2.6859132686079725,0.39285714283441286,3.067343652799117,0.7857142857142856,3.1845810008456086,13.986052559996573,0.5805770771162886,5.142857142857142,1.944235043725738,0.289550727,2.9867746285068284,0.8214285714285712,1.9352861842662406,0.392857142,0.6428571428571427,8.827529684678876,14.298960731412365,28.999999999999996,22.01604439,11.178571428571425,6.666666666666666,0.4999999952619642,1.9167870205528155,2.0357142857142856,0.071428571,3.0000000000000004,0,0.9999999999999998,1.1011314916073627,3.3076469832154203,2.376198002547606,6.523788333730235e-26,2.7334852004369337,0.4285714265581696,4,1.9999999999999998,1,0.9642857142857141,0.7142857142857142,1.0357142857142856,1.6417492145041015,1.25,2.2981204542353737,2.6827266164031403,4,12.313917033497376,7,9.23421425,0,0.46428571271466507,0.47619047619047605,0.9061147499362913,0.34951193313583984,9.763831264900737,11.999999999999998,0.3214285714285714,0,3.015395926697931,0.17857142849571092,238.96277986327158,0,15.660536323403711,7.410497962571872,4.892857142857142,1.5331858218534244,5.414897020531296,0.8294644707771932,2.955809421,0.5357142838847206,0.9400428633367828,2.2209455375554263,3.4554347626832396,0.6876520172018168,2.142857142857143,1.2499999999999998,1.2857142857142856,20.285714285714285,0.204616437,0.512304351,0.3176808931810822,0.2771039076762269,0.1609273435613446,0.13451007822982952,0.4360769928856443,1.1034734056823463,0.64922437,0.2857142857142857,37.522053540692994,2.0106171261670087,1.0714285714285714,1.9027242818006755,1.0780889023477713,0.39285714285714285,0.9257425534838133,3.095238095238095,0.4285714285714285,0.2857142857138361,4.799468081536262,0.46428571428571425,7.299111265,0,26.05199963049279,70.22727400753774,5.486793756,0,4.485543841,0,0,18.002044295687966,0,0.39285714285714285,12.434286968355153,6.077957392710738,0,0,18.459359720800563,5.000000000000001,14,1.5714285714285714,8.500181950800645,0,0,12.750273095058049,3.123599170821484,1.3496939526435887,0,13.082335157110913,2.065827314496809,0.3634192645310067,5.446036476117037,1.0078288496544077,0.071428571,1.128246417687377,2.8175451277850936,0.9516612616560987,31.999576261096912,16.657519078064958,40.940831815515864,35.00000000000001,13.833325966498332,85.46648884356959,57.03308014780159,68.33773568,80.04703740110892,4.678571428571428,39.862905576738235,34.898999435763685,71.13698280011863
TEST_02+3일,4.807929637890996,45.64285714285714,13.000000000006738,4.994132437410949,1.549474759220678,0.9230809901777766,18.92857142857143,1.0357142857142856,3.888991552811768,0.5,0.9642857142857142,0.21428571425294024,1.3687079856011395,2.7915010635605197,20.282786915342488,4,20.44389091583563,0.6464462336177524,1.0897886410012543,8.460897008,18.607142857142854,2.9727421967886363,0.49999999438056036,2.1355487069500105e-67,11.428571428571427,6.5,5.455671290827407,25.31032090481735,5.921365224105818,11.900413073738752,3.231117493884547,4.239896120406218,3.788838302287628,1.3291090374289083,0.2499999952521929,5.900860124423487,19.264881522599453,16.395350457684614,1.3214285714285714,22.968539538048862,13.135970917984325,0.9799143536420982,0,0.9552188054186412,0.21428571249678158,3.539720928511865,0.39285714283441286,3.076246980048344,0.7857142857142856,3.4055749413229113,12.350973062060389,0.24780213532992185,5.142857142857142,0,0.875408321,2.6461822703768862,0.8214285714285712,1.3810175524870718,0.392857142,0.6428571428571427,7.6095170589050145,13.31723682899954,17,20.293311901172444,11.178571428571425,3.666666666666667,0.4999999952619642,1.6849435886215098,2.0357142857142856,0.071428571,7.000000000000001,0,0.9999999999999998,0.5758303980275437,3.3076469832154203,1.0915056491674113,1.432297798294889,2.7334852004369337,0.4285714265581696,4,1.9999999999999998,2,0.9642857142857141,0.7142857142857142,1.0357142857142856,1.6417492145041015,1.25,2.2981204542353737,6.527174337365817,4,10.169694001447692,5,6.308983178497489,0,0.46428571271466507,1.4761904761904758,0.9061147499362913,6.363830630724422e-26,9.763831264900737,11.999999999999998,0.3214285714285714,0,2.7272870397961952,0.17857142849571092,236.08196512911258,0,14.64390472,7.410497962571872,4.892857142857142,1.460362932107304,6.109595934170126,0.9750492637546038,2.964325672155538,0.5357142838847206,0.9400428633367828,0.5740623374118976,3.4554347626832396,0.8881224043018974,2.142857142857143,1.2499999999999998,4.285714285714286,20.285714285714285,0.13736797217124344,0.4176429612745013,0.2594292718184507,0.29958897766148607,0.1609273435613446,0.13451007822982952,0.4895945177472304,1.2575126783113135,1.1741713513340124,0.2857142857142857,37.522053540692994,3.027363797777701,1.0714285714285714,4.5156895902831495,1.0904919155052735,0.39285714285714285,1.6336752498317162,14.095238095238095,0.4285714285714285,0.2857142857138361,6.073695890826661,0.46428571428571425,7.770290010510358,0,4.897862119038166,70.22727400753774,5.486793756,0,4.485543841,0,0,19.473727551532207,0,0.39285714285714285,12.504128068449997,6.345012001,0.34023480193875555,0,18.188952811216005,6,18,1.5714285714285714,9.431064191,0,0,13.641280494240725,3.446994215,1.2987308325906437,0,22.024981517085124,2.1907939146551603,0.3634192645310067,5.446036476117037,1.0938810988081262,0.071428571,0.073927379,3.9056361092698406,2.356368445230528,24.016585994112695,28.50667548,35.449669370122656,31,13.063572924844227,55.59114637350441,29.60623414932367,57.82939572965559,78.40533363,4.678571428571428,42.810723140521034,35.41061110915053,57.86916379064333
TEST_02+4일,4.807929637890996,45.64285714285714,11.000000000004999,3.9491727248430335,1.549474759220678,0.9230809901777766,18.92857142857143,1.0357142857142856,6.349814138045385,0.5,0.9642857142857142,0.21428571425294024,0.996210157,2.7915010635605197,20.282786915342488,2,20.44389091583563,0.6464462336177524,0.5351119496559998,0,18.607142857142854,2.0376122495006403,0.49999999438056036,7.324092195350316e-117,11.428571428571427,6.5,5.455671290827406,26.112691512311137,5.921365224105818,12.849404567295018,3.242939787591495,2.5199549869817903,3.788838302287628,1.2836387671575198,0.2499999952521929,5.213503368482362,18.80962514018308,6.2469450305183525,1.3214285714285714,19.458919039427343,12.107274185853774,1.3793005268529304,0,0.9552188054186412,0.21428571249678158,2.7180070699702905,0.39285714283441286,3.0801258662094195,0.7857142857142856,3.5238423815074107,11.49067368267324,0.24780213532992185,5.142857142857142,1.903948754413612e-17,1.801880562963084,3.304767521976256,0.8214285714285712,1.1577705933719615,0.392857142,0.6428571428571427,6.829896839024076,14.626202032216643,45.00000000000001,13.579818455974697,11.178571428571425,3.6666666666666665,0.4999999952619642,2.346920087699777,2.0357142857142856,0.071428571,1,0,0.9999999999999998,0.022417416,3.3076469832154203,1.5197364336274761,7.921862482614565e-17,2.7334852004369337,0.4285714265581696,4,1.9999999999999998,1,0.9642857142857141,0.7142857142857142,1.0357142857142856,1.6417492145041015,1.25,2.2981204542353737,2.563225336507829,4,9.526380265701986,3,4.897131916186465,0,0.46428571271466507,5.476190476190476,0.9061147499362913,0,9.763831264900737,11.999999999999998,0.3214285714285714,0,2.6227934058431153,0.17857142849571092,256.4630107530346,1.9999999999999982,12.139942596948233,7.410497962571872,4.892857142857142,1.6632831403781536,5.967503137,0.48743346157348233,3.503827784337083,0.5357142838847206,0.9400428633367828,2.8439361401404275,3.4554347626832396,1.4895335656021396,2.142857142857143,1.2499999999999998,0.28571428571428564,20.285714285714285,0.13736797217124344,0.3657515482039768,0.2594292718184507,0.30697088432643493,0.13555452966177967,0.38671030318070543,0.4757930456365247,1.326812647688746,0.14878451308804116,0.2857142857142857,37.522053540692994,1.3743529309799327,1.0714285714285714,1.467230063720263,1.0965171601417352,0.39285714285714285,0.21780985713591042,5.095238095238095,0.4285714285714285,0.2857142857138361,4.162354176891062,0.46428571428571425,4.943217534463512,0,18.66023602937478,70.22727400753774,5.486793756,0,4.485543841,0,0,12.85115290023311,0,0.39285714285714285,12.538309135983798,4.889002469218348,0,0,6.709029394339954,2.4503869299102033e-16,3.0000000000000004,1.5714285714285714,4.227468476166419,0,0,9.186243498327343,2.715552697141982,1.2823280650449895,0,9.400069008886238,2.2039511566317183,0.3634192645310067,5.446036476117037,1.1229666882227152,0.071428571,1.3728469053250212,2.194987282419799,0.9516612616560987,19.243381130174008,26.432533126152073,23.264512813958905,13,12.73936219193852,19.45871699209735,23.355751530593515,50.64320250971717,63.23882147052782,4.678571428571428,41.82638278403233,18.033870058040513,39.22185805498967
TEST_02+5일,4.807929637890996,45.64285714285714,4.000000000003708,3.095434625751359,1.549474759220678,0.9230809901777766,18.92857142857143,1.0357142857142856,2.9324179812223963,0.5,0.9642857142857142,0.21428571425294024,0.6237123275060185,2.7915010635605197,20.282786915342488,1.0967835113413992e-17,20.44389091583563,0.6464462336177524,0.5843012272369422,0,18.607142857142854,0.634917329,0.49999999438056036,0,11.428571428571427,6.5,5.455671290827406,26.40289705702684,5.921365224105818,11.581368927488686,3.2481017050702503,3.5519196670364472,3.788838302287628,1.2681325886959272,0.2499999952521929,2.4372172594828845,15.993443060360889,8.213930492488009,1.3214285714285714,21.667805787940328,11.41689353,1.3793005268529304,0,0.9552188054186412,0.21428571249678158,1.845811202256276,0.39285714283441286,3.0818157690321972,0.7857142857142856,3.587134557652986,11.03802595324596,0.24780213532992185,5.142857142857142,0.4860587609314345,1.585237006,0.9888156861971445,0.8214285714285712,0.9997543869966432,0.392857142,0.6428571428571427,6.535343196512977,8.081376016131134,13,11.604208035037507,11.178571428571425,4.666666666666666,0.4999999952619642,1.7996293013783424,2.0357142857142856,0.071428571,0,0,0.9999999999999998,0.1337009715079035,3.3076469832154203,1.5197364336274761,3.884673754831197e-27,2.7334852004369337,0.4285714265581696,4,1.9999999999999998,0,0.9642857142857141,0.7142857142857142,1.0357142857142856,1.6417492145041015,1.25,2.2981204542353737,2.7453672151124846,4,11.58816820701814,0,9.916650723257291,0,0.46428571271466507,3.4761904761904754,0.9061147499362913,1,9.763831264900737,11.999999999999998,0.3214285714285714,0,2.5848948194644024,0.17857142849571092,1.0280673934280355,140,7.3425054766854405,7.410497962571872,4.892857142857142,1.5177232553554696,5.833582762273402,0.11615476656211893,3.036755147443264,0.5357142838847206,0.9400428633367828,1.0175974200719644,3.4554347626832396,0.6876520172018168,2.142857142857143,1.2499999999999998,1.2857142857142856,20.285714285714285,0.13736797217124344,0.3373057502952369,0.2594292718184507,0.30939438338806746,0.3100356785101862,0.15222426739055456,0.45079588183373964,1.3579896694556615,0.6642678911532991,0.2857142857142857,37.522053540692994,1.8220926174614618,1.0714285714285714,2.773712718,1.0994441563859705,0.39285714285714285,0.9257425534838132,2.095238095238095,0.4285714285714285,0.2857142857138361,6.710809795,0.46428571428571425,3.058502550432281,0,19.227762829586627,70.22727400753774,5.486793756,0,4.485543841,0,0,11.74739045834993,0,0.39285714285714285,12.55503775818711,2.977700535922467,0,0,3.0797561129275217,1.9999999999999998,0,1.5714285714285714,2.543898563874865,0,0,6.513221300779315,0,1.2770487418230743,0,3.613650775961746,2.1812644051196965,0.3634192645310067,5.446036476117037,1.1327975935147179,0.071428571,0,0,0.2493076698688842,17.638273780088337,24.499843770444244,7.584162208743074,5,12.602808526485791,7.452327659877424,3.2087628215283193,48.43361585410216,36.65294412860014,4.678571428571428,40.084996344763695,5.082985111562396,26.212109867324322
TEST_02+6일,4.807929637890996,45.64285714285714,6.000000000002751,3.6795344238950363,1.549474759220678,0.9230809901777766,18.92857142857143,1.0357142857142856,2.428500227649508,0.5,0.9642857142857142,0.21428571425294024,0.6237123275060185,2.7915010635605197,20.282786915342488,0,45.62563352239004,0.6464462336177524,0.34554588430300603,0,18.607142857142854,0.634917329,0.49999999438056036,0,11.428571428571427,6.5,5.455671290827406,26.507860097044965,5.921365224105818,11.144187119781297,3.250355531,2.5199549869817903,3.788838302287628,1.2628447034678938,0.2499999952521929,0.597297178,24.620908949104884,9.206586019026563,1.3214285714285714,15.920590909462806,11.175786562327014,0.6492816366119807,0,0.9552188054186412,0.21428571249678158,2.1955218878428484,0.39285714283441286,3.082552003980026,0.7857142857142856,3.6210060911451563,10.79986471325805,0.24780213532992185,5.142857142857142,0,0.9958453408819116,2.9888908403498418,0.8214285714285712,0.9596443806700365,0.392857142,0.6428571428571427,6.5367676871305225,8.408617316935409,4,11.371710209805485,11.178571428571425,1.6666666666666663,0.4999999952619642,1.1473368607531023,2.0357142857142856,0.071428571,0,0,0.9999999999999998,0.32765463551586554,3.3076469832154203,2.8044287870076707,0,2.7334852004369337,0.4285714265581696,4,1.9999999999999998,0,0.9642857142857141,0.7142857142857142,1.0357142857142856,1.6417492145041015,1.25,2.2981204542353737,2.0158815352330794,4,20.34498212338287,2,7.417661713465041,0,0.46428571271466507,0.47619047619047605,0.9061147499362913,0.6504880668641602,9.763831264900737,11.999999999999998,0.3214285714285714,0,2.5711494572335347,0.17857142849571092,0.7224297998067845,96,8.615572273949105,7.410497962571872,4.892857142857142,1.5591270642840154,5.988437549439037,0.9750492637546038,3.2395973818561847,0.5357142838847206,0.9400428633367828,1.7726294600759633,3.4554347626832396,1.4871816301017362,2.142857142857143,1.2499999999999998,0.28571428571428564,20.285714285714285,0.13736797217124344,0.3217123530299677,0.2594292718184507,0.31019002440173965,0.38124563149356394,0.26946728528562996,0.4371564287721203,1.3720157461622877,0.150228066,0.2857142857142857,37.522053540692994,2.312752828609419,1.0714285714285714,1.467230063720263,1.1008660583220218,0.39285714285714285,0.9257425534838133,7.095238095238095,0.4285714285714285,0.2857142857138361,4.470945750264322,0.46428571428571425,4.943217534463512,0,36.39243136538994,70.22727400753774,5.486793756,0,4.485543841,0,0,11.74739045834993,0,0.39285714285714285,12.563224945452234,3.3863099770559013,0,0,4.344021615998541,4.2384540870509044e-18,5,1.5714285714285714,2.393328454748679,0,0,6.067717601187977,0,1.275349561876527,0,4.139688797,2.1573341961547152,0.3634192645310067,5.446036476117037,1.1361204314150513,0.071428571,0,0.2596205135337467,0.24930766986888422,17.82924305770579,16.732583356287357,3.864223683865049,1.9999999999999998,12.545293763228404,0.8383383369699176,0.12250661460192358,49.40489525100882,22.13117647631384,4.678571428571428,38.991278753446764,0.7610299769727242,18.406260954725113
TEST_02+7일,4.807929637890996,45.64285714285714,17.00000000000204,12.163759258291268,1.549474759220678,0.9230809901777766,18.92857142857143,1.0357142857142856,3.410426125022857,0.5,0.9642857142857142,0.21428571425294024,0.996210157,2.7915010635605197,20.282786915342488,0,20.44389091583563,0.6464462336177524,1.8795644387562713,0,18.607142857142854,0.6349173285686462,0.49999999438056036,0,11.428571428571427,6.5,5.455671290827406,26.545823671382042,5.921365224105818,13.67350131343366,3.251339609359053,3.2079314403515617,3.788838302287628,1.2610414396750702,0.2499999952521929,1.711843396767104,46.402950694215946,10.204952154261402,1.3214285714285714,20.41807231793478,11.233705387292082,2.6436961451842373,0,0.9552188054186412,0.21428571249678158,5.2907400132313445,0.39285714283441286,3.0828727572748886,0.7857142857142856,3.6391328305145283,10.674555841601176,0.5805770771162886,5.142857142857142,0.5139412390685655,1.0397417482782907,4.646993585874135,0.8214285714285712,1.6829591719702193,0.392857142,0.6428571428571427,6.642023787639135,8.735858617739684,4.999999999999998,17.26500651586915,11.178571428571425,0.6666666666666664,0.4999999952619642,0.7784393702918015,2.0357142857142856,0.071428571,0,0,0.9999999999999998,1.1011314916073627,3.3076469832154203,3.2326595714677353,0,2.7334852004369337,0.4285714265581696,4,1.9999999999999998,1,0.9642857142857141,0.7142857142857142,1.0357142857142856,1.6417492145041015,1.25,2.2981204542353737,2.332158568913913,4,12.28861978943954,2,7.646815003953261,0,0.46428571271466507,1.4761904761904758,0.9061147499362913,1.3495119331358396,9.763831264900737,11.999999999999998,0.3214285714285714,0,2.5661641793930956,0.17857142849571092,118.50765622855577,0,20.597379018507546,7.410497962571872,4.892857142857142,1.5840815941900066,5.914570582086499,0.2741887766245201,3.237284522,0.5357142838847206,0.9400428633367828,2.131939525752617,3.4554347626832396,5.086240855901575,2.142857142857143,1.2499999999999998,0.28571428571428564,20.285714285714285,0.13736797217124344,0.3131643756080442,0.2594292718184507,0.31045123540555614,0.26320694458037264,0.13451007822982952,0.4347042448915489,1.378325868702245,0.15034107842392172,0.2857142857142857,37.522053540692994,0.5403694071302373,1.0714285714285714,2.338218499881088,1.1015568023295441,0.39285714285714285,1.6336752498317162,8.095238095238095,0.4285714285714285,0.2857142857138361,4.4417705474641505,0.46428571428571425,7.770290010510358,0,63.93047509768421,70.22727400753774,5.486793756,0,4.485543841,0,0,16.162440225882662,0,0.39285714285714285,12.567231852566255,3.3934331421771624,0,0,7.532398262762623,0,4,1.5714285714285714,10.046690151786814,0,0,9.186243498327343,0.028699466988698373,1.2748026712298692,0,6.7698789030114686,2.1421756182344383,0.3634192645310067,5.446036476117037,1.1372435478915037,0.071428571,2.8094283947301317,3.138993952016088,0.9516612616560987,18.566731628790453,27.94968714791611,8.645263795072426,1.0000000000000004,12.521069235958585,4.801929487469467,12.07188957550657,51.21847757,36.75589762680329,4.678571428571428,38.66432768566523,0.1992515409145832,26.64576814
TEST_03+1일,6.552102441609196,25.03211165,21.636497609239626,4.3759012283452225,0.9472165449841242,1.642857142857143,9.502174792,2.25,4.678571428571427,0.8654534245014955,1.3214285714285716,0.1771332303171671,0.5050611747908291,4.593802864068536,31.074598749405588,1.1923856538968765,2.837292294,0.6071428571428571,0.9285714285714283,19.68368193250931,1.0033031064609474,0.34695842726003867,0.3928571408326007,1.857142857142857,15.963940126209708,0,18.01812161599723,69.85436919779951,14.928248465995402,6.642857142857143,6.857142857142856,4.392857142857143,1.8571428571428574,1.5714285714285714,0,3.6785714285714284,30.35139452408248,8.499999999999998,1.7086915746857476,0,21,0.9432128025159975,0,1.2500000000000002,1.3391346825764974,1.75,0.3928571404380013,2.197988618077359,0.032937388,0.45513357497297346,13.14285714285714,0.857142857,6.021287952763197,0.7142857142857141,1.1340399850411518,2.840402586787728,0,0.6785714278583108,0.6785714246140179,0.42857142729467634,5.150068996737515,9.964285714285712,34.95603183091707,14.857142857142856,12.892857142857142,2.6071428571428577,0,1.7142857142857144,3.035714285714285,0,1.9669590097588805,0,2,0.43493351760847665,6.077273651714711,1.6897532134748756,0.6071428569124426,3,2.214798450842841,7.830587911932957,3.642504177146395,0.4138807007816388,1,0,2.357142857142857,1.3214285714285714,1.9642857142857146,3.3214285714285716,9.215668197995464,4.119497979861539,66.90483036586774,1.7577576767406105,4.095577703130184,4.214782770125669,0.8388665223110892,1.2236673520626649,0.6785714285714285,0.857142857,27.788008439227507,8,2.278589190151295,0.2446202964118449,6.928571428571428,0.142857143,173.04434827561306,1.0000000000000138,49.66237968559981,5.100747128711783,1.5835199316972488,1.0357142857142856,1.5071144147594355,0.32504851794681894,1.4285714285714286,0.5714285666692822,0.9999999999999998,0.6473828591024986,2,1.5714285714285714,3.8579469317124535,1.5714285714285714,0.35714285711274507,20.739414954067954,0.30740519911100705,0.211647003,0.17605941800051628,0.2857142838167016,0.2857142852578426,0.3928571421229198,0.4450084156970093,0,0,0.21213229307968923,70.76688753167002,0.3855924557441761,0.8609953646314005,9.258031613719853e-28,0.8928571428571427,0.6071428571428571,0,0,0.8214285714285714,5.105741284189338e-28,3.6039266309875697e-28,0,8.428571428571429,0,96.56451287164234,37.80952380952379,11.214285714285714,0,10.357142857142856,0,0,28.778520382362274,0.2142857138097253,0,36.214285714285715,8.392857142857142,0,0,13.321428571428571,4,6.571428571,3.7195115266007845,10.821428571428568,0.14285714246981635,0,14.857142857142858,9.249999999999998,8.071428571428571,0,17.592967995091314,2.722615696,8.321428571,20.178571428571427,11.714285714285715,3.5506415304531616,4.071428571428571,3.1222625795281838,4.035714285714286,174.02387099883632,68.27896200167072,129.96504825905026,40.96634881462876,78.52069655148172,129.26465190545193,66.85567327209371,680.6167703608993,119.1198148941063,95.15413277115965,75.55524077243014,18.368134189152425,133.74999999999997
TEST_03+2일,4.607871667472577,35.01372255032909,7.636497609239626,0.7868977659069107,0.13320949042164532,1.642857142857143,48.69880866792478,2.25,4.678571428571427,0.38016614506988267,1.3214285714285716,0.1771332303171671,0.5050611747908291,2.2507228435329893,11.684329502810172,0.8963495299579672,8.473059464015613,0.6071428571428571,0.9285714285714283,25.245606726069692,11.488900840288903,0.34695842726003867,0.3928571408326007,1.857142857142857,19.82288457,0,18.01812161599723,36.87525266378978,13.889377377855906,6.642857142857143,6.857142857142856,4.392857142857143,1.8571428571428574,1.5714285714285714,0,3.6785714285714284,52.59995864658175,8.499999999999998,1.7086915746857476,34.741658263323146,21,0.8755399099505398,0,1.2500000000000002,0.38510375158577465,1.75,0.3928571404380013,2.6536097838756376,0.5038621773375578,2.452098909440406,13.14285714285714,0.857142857,0.27670414003296884,0.7142857142857141,4.5434698085888625,1.2983855666634612,2.9999999999999996,0.6785714278583108,0.6785714246140179,0.42857142729467634,6.980493370863796,9.964285714285712,15.45506523097278,14.857142857142856,12.892857142857142,2.6071428571428577,0.2082977838331807,1.7142857142857144,3.035714285714285,0,1.4270351008737423,0,0,0.540163601,4.092295138,1.4885740359854693,0.6071428569124426,0,2.5719233166157096,2.3453935488130877e-26,2.2737897335116397,0.41388070078163874,0,0,2.357142857142857,1.3214285714285714,1.9642857142857146,3.3214285714285716,1.530529711240704,0,205.9884187,1.4714254334999217,4.126081835362355,4.203030378,0.7879558445120661,1.0121022637855237,0.6785714285714285,0.857142857,21.4853297,8,3.4191572136195187,1.2582951235588178,6.928571428571428,0.142857143,0.20324235018451975,111.87560176752835,1.8678017238863767,4.0486782417947556,1.5835199316972488,1.0357142857142856,2.040029406384884,0.42431778040553925,1.4285714285714286,0.5714285666692822,0.9999999999999998,0.9149798254579307,2,1.5714285714285714,3.3841399308561315,1.5714285714285714,0.35714285711274507,120.45944332308616,0.30740519911100705,0.2885034660397487,0.17605941800051628,0.2857142838167016,0.2857142852578426,0.3928571421229198,1.2046335781553381,1.6746502251837163,0,0.21213229307968923,70.76688753167002,0.3855924557441761,0.8609953646314005,2.4780393103748507e-29,0.8928571428571427,0.6071428571428571,0,0,0.8214285714285714,0,1.4453442971112107e-29,2.5565217837446346e-18,8.428571428571429,0,130.06539566192816,59.80952380952379,11.214285714285714,0,10.357142857142856,0,0,27.12839774300691,0.2142857138097253,0,36.214285714285715,8.392857142857142,0,0,13.321428571428571,8,6.571428571,3.9677030866983287,10.821428571428568,0.14285714246981635,0,14.857142857142858,9.249999999999998,8.071428571428571,0,9.165573483,2.205193906676313,8.321428571,20.178571428571427,11.714285714285715,4.466094407806596,4.071428571428571,2.753721402105957,4.035714285714286,90.98272322060001,59.22211773291152,136.45747387607386,13.602102714856352,79.72763418464419,89.14097926297217,56.81679608943929,642.9997357644338,57.094235680427325,95.15413277115965,0,23.903360376781436,133.74999999999997
TEST_03+3일,4.502276418276825,25.03211165,11.636497609239626,0.7868977659069107,0.13320949042164532,1.642857142857143,39.891000201016965,2.25,4.678571428571427,0.4480436449407137,1.3214285714285716,0.1771332303171671,0.5050611747908291,2.174032561475249,17.224406430408862,0.8963495299579672,1.3125559009435026,0.6071428571428571,0.9285714285714283,28.44015685946153,4.682665962510448,0.34695842726003867,0.3928571408326007,1.857142857142857,19.82288457,167,18.01812161599723,80.52511000965484,13.81846299757802,6.642857142857143,6.857142857142856,4.392857142857143,1.8571428571428574,1.5714285714285714,0,3.6785714285714284,39.36220339677469,8.499999999999998,2.522136151281214,22.74165826332315,21,0.8755399099505398,0,1.2500000000000002,0.38510375158577465,1.75,0.3928571404380013,2.6536097838756376,0.5038621773375578,1.3467404175880167,13.14285714285714,0.857142857,6.9782739743827324,0.7142857142857141,1.6712404719852163,1.2983855666634612,0,0.6785714278583108,0.6785714246140179,0.42857142729467634,4.640733589199514,9.964285714285712,23.715552723455538,14.857142857142856,12.892857142857142,2.6071428571428577,0.2082977838331807,1.7142857142857144,3.035714285714285,1.9999999999966265,4.666578554,0,2.116933290659948,0.540163601,7.655196633474446,1.4885740359854693,0.6071428569124426,7,2.0416626786095016,6.567637476158064,4.1639937876805195,2.7082297704129483,1,3,2.357142857142857,1.3214285714285714,1.9642857142857146,3.3214285714285716,6.007013616911257,11.793552449264705,224.63574185926282,1.4714254334999217,4.1358173913839344,4.203030378,1.390814905868384,0.4045604843880428,0.6785714285714285,0.857142857,23.629170094530593,8,1.1629300042322293,0,6.928571428571428,0.142857143,0,119.82534182518123,0,4.0486782417947556,1.5835199316972488,1.0357142857142856,0.7764424934881933,0.42431778040553925,1.4285714285714286,0.5714285666692822,0.9999999999999998,0.9149798254579307,2,1.5714285714285714,3.187570191,1.5714285714285714,0.35714285711274507,33.15859102596681,1.307405199111007,0.7847514512395604,0.062353196,0.2857142838167016,0.2857142852578426,0.3928571421229198,0.9452540170904582,3.8778426613069215,0,1.2121322930796892,70.76688753167002,0.3855924557441761,0.8609953646314005,0,0.8928571428571427,0.6071428571428571,2.465190328815662e-32,0,0.8214285714285714,4.882059968629588e-28,4.252082609500234,1.470470308092749e-20,8.428571428571429,0,194.63039053798585,311.8095238095238,11.214285714285714,0,10.357142857142856,0,0,27.12839774300691,0.2142857138097253,5,36.214285714285715,8.392857142857142,0,0,13.321428571428571,1,6.571428571,3.9677030866983287,10.821428571428568,0.14285714246981635,0,14.857142857142858,9.249999999999998,8.071428571428571,0,7.1590509799398845,1.9956052122466004,8.321428571,20.178571428571427,11.714285714285715,4.419906969087105,4.071428571428571,2.0166390472615032,4.035714285714286,163.92525289784925,45.63685132977271,95.71562596110283,20.820066840911075,80.93457181780664,61.44999391816221,37.795765638094075,508.9287663052363,80.96308172800914,95.15413277115965,109.93292626116623,19.475179426678224,133.74999999999997
TEST_03+4일,4.4888108121011925,30.501426047673863,10.636497609239626,1.5046984583945733,0.8535263190561885,1.642857142857143,32.452933924841346,2.25,4.678571428571427,0.38016614506988267,1.3214285714285716,0.1771332303171671,0.5050611747908291,2.9169449493577364,26.088529514566765,0.8963495299579672,29.559869790804385,0.6071428571428571,0.9285714285714283,30.274980402305793,15.931713869557047,0.34695842726003867,0.3928571408326007,1.857142857142857,19.82288457,0,18.01812161599723,45.203975314733725,13.193421610384622,6.642857142857143,6.857142857142856,4.392857142857143,1.8571428571428574,1.5714285714285714,0,3.6785714285714284,45.71365935884768,8.499999999999998,1.7086915746857476,21.74165826332315,21,0.8755399099505398,0,1.2500000000000002,0.38510375158577465,1.75,0.3928571404380013,2.6536097838756376,0.5038621773375578,2.452098909440406,13.14285714285714,0.857142857,4.744417362932811,0.7142857142857141,1.914563160859063,1.2983855666634612,0,0.6785714278583108,0.6785714246140179,0.42857142729467634,2.8318194524086913,9.964285714285712,42.85152304875316,14.857142857142856,12.892857142857142,2.6071428571428577,0.2082977838331807,1.7142857142857144,3.035714285714285,1.999999999998397,2.506882918644018,0,1,0.540163601,5.018924842081213,1.4885740359854693,0.6071428569124426,2,2.1592755286060648,6.680160223069247,3.056293055,1.7082297704129485,4.440892098500626e-16,0,2.357142857142857,1.3214285714285714,1.9642857142857146,3.3214285714285716,4.172827645139264,7.844850274934673,106.43473359553087,1.4714254334999217,4.138924545861496,4.203030378,1.101892415753297,0.4045604843880428,0.6785714285714285,0.857142857,30.383543204617247,8,3.162930004232229,0.3120713309465472,6.928571428571428,0.142857143,0,114.11842864552722,0,4.0486782417947556,1.5835199316972488,1.0357142857142856,4.8760183130207535,0.42431778040553925,1.4285714285714286,0.5714285666692822,0.9999999999999998,0.9149798254579307,2,1.5714285714285714,3.1060187107624575,1.5714285714285714,0.35714285711274507,68.57236962496748,1.307405199111007,0.7847514512395604,0.17605941800051628,0.2857142838167016,0.2857142852578426,0.3928571421229198,0.9452540170904582,3.8778426613069215,0,1.2121322930796892,70.76688753167002,0.3855924557441761,0.8609953646314005,0,0.8928571428571427,0.6071428571428571,1.232595164407831e-32,0,0.8214285714285714,0,2.8347217396668225,0,8.428571428571429,0,206.6383457874316,105.8095238095238,11.214285714285714,0,10.357142857142856,0,0,27.12839774300691,0.2142857138097253,0,36.214285714285715,8.392857142857142,6,0,13.321428571428571,0,6.571428571,3.9677030866983287,10.821428571428568,0.14285714246981635,0,14.857142857142858,9.249999999999998,8.071428571428571,0,8.362964481688126,1.9107084767293252,8.321428571,20.178571428571427,11.714285714285715,4.419906969087105,4.071428571428571,2.0166390472615032,4.035714285714286,156.57665719394288,59.22211773291152,105.45006725581675,26.967658033605797,87.57272880020018,85.75024636360769,51.00481456263937,630.9429939065923,109.2695657294691,95.15413277115965,162.16161441785624,19.475179426678224,133.74999999999997
TEST_03+5일,7.060442475931231,118.58171776143926,15.636497609239626,0.7868977659069109,0.13320949042164532,1.642857142857143,69.64024516611613,2.25,4.678571428571427,0.24098580841359019,1.3214285714285716,0.1771332303171671,0.5050611747908291,3.2979007735021018,16.670398737648995,1.4884217778357853,53.86903289024563,0.6071428571428571,0.9285714285714283,31.328830645000554,25.931832240829934,0.34695842726003867,0.3928571408326007,1.857142857142857,19.82288457,0,18.01812161599723,51.73286651768228,14.061670493828268,6.642857142857143,6.857142857142856,4.392857142857143,1.8571428571428574,1.5714285714285714,0,3.6785714285714284,45.030636013814465,8.499999999999998,1.7086915746857476,24.74165826332315,21,0.8755399099505398,0,1.2500000000000002,0.38510375158577465,1.75,0.3928571404380013,2.6536097838756376,0.5038621773375578,0.45513357497297346,13.14285714285714,0.857142857,5.191188685222796,0.7142857142857141,1.640382974042822,1.2983855666634612,2,0.6785714278583108,0.6785714246140179,0.42857142729467634,5.935043364748916,9.964285714285712,8.922497394528191,14.857142857142856,12.892857142857142,2.6071428571428577,0.2082977838331807,1.7142857142857144,3.035714285714285,0.9999999999992384,1.96695901,0,0,0.540163601,4.695245446845303,1.4885740359854693,0.6071428569124426,4,1.9524135348814609,2.8293319765324205,3.3178068575831303,0.7082297704129485,2,0,2.357142857142857,1.3214285714285714,1.9642857142857146,3.3214285714285716,5.692152103666017,3.4887607012494755,107.00653473891481,1.4714254334999217,4.139916210736725,4.203030378,0.7461622218109718,0.3414682321784058,0.6785714285714285,0.857142857,15.413643971924788,8,3.047270818313163,0.49629592832778746,6.928571428571428,0.142857143,0,85.55382246,0,4.0486782417947556,1.5835199316972488,1.0357142857142856,4.128106907,0.42431778040553925,1.4285714285714286,0.5714285666692822,0.9999999999999998,0.9149798254579307,2,1.5714285714285714,3.072185202025749,1.5714285714285714,0.35714285711274507,119.68373317770113,1.307405199111007,1.2885034660397492,0.22312349114192317,0.2857142838167016,0.2857142852578426,0.3928571421229198,1.2046335781553381,3.8778426613069215,0,2.2121322930796894,70.76688753167002,0.3855924557441764,0.8609953646314005,0,0.8928571428571427,0.6071428571428571,0,0,0.8214285714285714,0,1.9947468852684684e-16,1.9302641778283164e-16,8.428571428571429,0,277.86063440830947,192.8095238095238,11.214285714285714,0,10.357142857142856,0,0,27.12839774300691,0.2142857138097253,3,36.214285714285715,8.392857142857142,0,0,13.321428571428571,0,6.571428571,3.9677030866983287,10.821428571428568,0.14285714246981635,0,14.857142857142858,9.249999999999998,8.071428571428571,0,10.369486984601863,1.876319905718367,8.321428571,20.178571428571427,11.714285714285715,4.419906969087105,4.071428571428571,2.753721402105957,4.035714285714286,151.31253409891283,55.517045077510026,132.26890015691066,34.89716942634087,121.97045134533033,95.35732291180707,57.873520003402916,653.1273989250207,122.81909154571497,95.15413277115965,127.99164583689928,38.84847108337976,133.74999999999997
TEST_03+6일,5.933351930684009,42.38447589064924,16.636497609239626,1.5046984583945733,0.13320949042164532,1.642857142857143,57.45781421665873,2.25,4.678571428571427,0.4312856863273262,1.3214285714285716,0.1771332303171671,0.5050611747908291,3.630233748589125,24.98051412904703,1.1923856538968765,17.476671184435837,0.6071428571428571,0.9285714285714283,31.93412064052034,21.889282140844365,0.34695842726003867,0.3928571408326007,1.857142857142857,19.82288457,35,18.01812161599723,146.7732056194149,13.14743597287315,6.642857142857143,6.857142857142856,4.392857142857143,1.8571428571428574,1.5714285714285714,0,3.6785714285714284,45.06400109362731,8.499999999999998,1.7086915746857476,30.74165826332315,21,0.8755399099505398,0,1.2500000000000002,0.38510375158577465,1.75,0.3928571404380013,2.6536097838756376,0.5038621773375578,2.452098909440406,13.14285714285714,0.857142857,6.531502652092748,0.7142857142857141,2.5899848454543934,1.2983855666634612,4.440892098500626e-16,0.6785714278583108,0.6785714246140179,0.42857142729467634,6.053968496706729,9.964285714285712,17.959544873433366,14.857142857142856,12.892857142857142,2.6071428571428577,0.2082977838331807,1.7142857142857144,3.035714285714285,1.999999999999638,3.5867307364142933,0,0.8830667093400522,0.540163601,6.113794689567434,1.4885740359854693,0.6071428569124426,9,1.8120703036074186,3.8162783507480667,5.680865334752646,4.530833492,8,1,2.357142857142857,1.3214285714285714,1.9642857142857146,3.3214285714285716,5.168636009336571,1.5216075084953573,274.05844534623606,1.4714254334999217,4.140232705855286,4.203030378,0.5278951749653612,0.8694295158072359,0.6785714285714285,0.857142857,18.47464568394714,8,2.2785891901512954,0.12242116491345961,6.928571428571428,0.142857143,0,87.18659734870747,0,4.0486782417947556,1.5835199316972488,1.0357142857142856,4.241697892123196,0.42431778040553925,1.4285714285714286,0.5714285666692822,0.9999999999999998,0.9149798254579307,2,1.5714285714285714,3.0581485922147684,1.5714285714285714,0.35714285711274507,33.49424443331542,1.307405199111007,2.0315944283787646,0.5124793469686544,0.2857142838167016,0.2857142852578426,0.3928571421229198,1.3481599611897277,3.8778426613069215,0,0.704023715,70.76688753167002,4.2110174752160425,2.3735230614680596,6.004211521267585,0.8928571428571427,0.6071428571428571,5,11,0.8214285714285714,1.9666551667092338,4.1455082427842065,3,8.428571428571429,0,351.46084445074223,280.8095238095238,11.214285714285714,0,10.357142857142856,0,0,27.12839774300691,0.2142857138097253,0,36.214285714285715,8.392857142857142,0,0,13.321428571428571,0,6.571428571,3.9677030866983287,10.821428571428568,0.14285714246981635,0,14.857142857142858,9.249999999999998,8.071428571428571,0,11.573400486350105,1.8623903499001098,8.321428571,20.178571428571427,11.714285714285715,4.419906969087105,4.071428571428571,2.753721402105957,4.035714285714286,148.01964977766502,64.98556408575828,85.65606559601403,31.91839536806671,83.34844708413158,120.7878196570407,70.02584501398458,670.0068375259988,119.67801179845796,95.15413277115965,76.03143686286872,35.527335370802355,133.74999999999997
TEST_03+7일,5.571372655662116,54.063152120784196,26.636497609239626,6.529303306,0.8535263190561885,1.642857142857143,17.650005749750918,2.25,4.678571428571427,0.46564726897138253,1.3214285714285716,0.1771332303171671,0.5050611747908291,3.9382272533960725,29.966583363885853,1.4884217778357853,6.006130248193166,0.6071428571428571,0.9285714285714283,32.281775329804745,6.859945552303932,0.34695842726003867,0.3928571408326007,1.857142857142857,19.82288457,0,18.01812161599723,86.44005739295032,15.242072293825329,6.642857142857143,6.857142857142856,4.392857142857143,1.8571428571428574,1.5714285714285714,0,3.6785714285714284,52.83162792142421,8.499999999999998,1.3019692863880146,37.741658263323146,21,0.8755399099505398,0,1.2500000000000002,0.38510375158577465,1.75,0.3928571404380013,2.6536097838756376,0.5038621773375578,0,13.14285714285714,0.857142857,4.744417362932811,0.7142857142857141,3.844859131917919,1.2983855666634612,8,0.6785714278583108,0.6785714246140179,0.42857142729467634,7.886133577667687,9.964285714285712,20.978883067794182,14.857142857142856,12.892857142857142,2.6071428571428577,0.2082977838331807,1.7142857142857144,3.035714285714285,0,3.046806827529156,0,3.3246000640100783,0.540163601,4.167542179052803,1.4885740359854693,0.6071428569124426,3,2.2788457977996948,9.126832308096075,3.212865710688334,2.7082297704129488,4.440892098500626e-16,10,2.357142857142857,1.3214285714285714,1.9642857142857146,3.3214285714285716,6.3134918585511075,8.070128074,66.90483036586775,1.4714254334999217,4.1403337169554835,4.203030378,0.510199823,0.9561091709854932,0.6785714285714285,0.857142857,11.849014755229494,8,5.906702795,0.12220610332827822,6.928571428571428,0.142857143,139.4536780657119,1.2091492372165781e-15,7.867801723886377,4.0486782417947556,1.5835199316972488,1.0357142857142856,0.7574473290267258,0.42431778040553925,1.4285714285714286,0.5714285666692822,0.9999999999999998,0.9149798254579307,2,1.5714285714285714,3.0523251815682704,1.5714285714285714,0.35714285711274507,20.739414954067954,0.8127949160405593,0.28850346603974886,0.17605941800051628,0.2857142838167016,0.2857142852578426,0.3928571421229198,0.44500841569700933,3.8778426613069215,0,0.21213229307968923,70.76688753167002,6.721942969811543,1.9953911372588946,6.004211521267585,0.8928571428571427,0.6071428571428571,2,16,0.8214285714285714,2.5083362083226914,6.417360869833411,3,8.428571428571429,0,118.49217394713583,69.80952381,11.214285714285714,0,10.357142857142856,0,0,27.12839774300691,0.2142857138097253,0,36.214285714285715,8.392857142857142,0,0,13.321428571428571,1,6.571428571,3.9677030866983287,10.821428571428568,0.14285714246981635,0,14.857142857142858,9.249999999999998,8.071428571428571,0,16.790358993925818,1.856747994908618,8.321428571,20.178571428571427,11.714285714285715,4.419906969087105,4.071428571428571,5.333509644061545,4.035714285714286,184.0948167584031,85.56930106021103,141.4902071952705,54.88408692865325,86.96925998361895,150.7392936,76.89455045474813,673.8649949,156.80325139505482,95.15413277115965,165.91444526137315,36.63438060832816,133.74999999999997
TEST_04+1일,3.3928571428571432,20.751611350020358,7.1999330538332735,7,2,0.25656427234580365,10.825258355915114,0,0.737600443,0,1.2499999999999998,1.6247706047641208,0.10490316464332977,0,0,0,26.34203408728493,0.607142857,0.6428571428571428,0,5.950697865128964,0.2857142857142857,2,0.3214285714285714,11.428571428571427,11.250000000000002,28.987166328451416,0,1,2.602518440175272,0.7777884963265272,2.285714285714286,1.6071428571428574,1.3571428571428574,0,4.000000000000001,45.97728714807395,5,1.9642857142857144,33.496574018406946,2.9115112421707794,1.7857142857142856,0,0.9999999999999998,1.2433450155480452,2.80588312,0.7649910539021425,2.093797549159192,0.4477886089210137,0.4619200100880416,7,0.8214285714285713,6.102599657536873,0.42857142857142855,3.678571428571429,0.6785714285252948,1.785714285714286,0.7499999996471202,1.0714285714285712,0.9642857142857142,8.835165740721537,9.050741998,9.000000000000002,8.935292500192602,10.321428571428573,1.7088167412231288,1.1428571428571426,1.2857142857142858,5.508632968328685,0.6071428571428571,3.9972272879878386,0,1.4915606295506643,0,6.366004202468297,0.3898734468824394,0.8633749405462896,3.1071428571428568,1.8928571428571428,7.1009068365498305,1.2857142857142856,1.2857142857142858,1.401091755157517,1.6071428571428574,1.6428571428571435,2.2500000000000004,2.834474335295761,2.678571428571428,3.928571428571428,4.9750033620306064,15.20057654236642,0.5629610363679702,3.6071428571428577,2.996328596285531,0.16615371251949618,0,1.8169783154555146,0.49999999994532757,15.281300503806866,3.904761904761905,4.016269162499178,0.7142857094331507,5.932033415154505,0,223.1767989092047,13.389129522238942,36,5.593400326399988,4.55558121,0.9945854071168858,2.464285714285714,0.35714285454651484,2.402414734127146,0.7857142851326434,0,0.2741053037362416,1.4812867285991276,2.142857142857143,3.0357142857142856,0.9999999999999998,0.035135612,28.46428571428571,0.4285714264724133,0.17233811156259654,0.17160442615638968,0.912415691,0.4642857142847809,0.39285714285714274,0.452603977,0.863281786,0.49999999997917227,0.35851679042338513,36.92857142857142,0.33495056915539145,1.4542147481818493,2.436071138033709e-30,0,0.19255953699441508,0,0,0.3162181278831354,1.0615026447634381,0,0,4.714285714285714,0,66.78571428571428,136.89549069965628,3,0,6.874019434,0,0,13.273682453756717,0,0.2857142843609557,17.74694027833568,4.199296560998448,0,0,5,0.5860553033787953,5.142857142857144,2.6165786321403957,5.151595313841066,0,0,7,0.054371624,2.650198072721493,0,0.036519947,0,0.001942065,0,0.9703003882061342,0,0.6604671083366429,1.1785714285714284,0,42.858016840640474,0,10.028757144996419,0,0,0,1.5192908393215678e-64,67.85640967153725,0,2.567749304617477,1.5451513932757543,0,0
TEST_04+2일,3.3928571428571432,47.549869073068805,2.2053151148613352,0,0,0.7047038568400221,0,0,0.737600443,0.17181501341261413,1.2499999999999998,0.15690522567978302,0.31978679415883454,0,0,0,34.02773700227392,0.607142857,0.6428571428571428,14.999999999999998,9.595897802440422,0.2857142857142857,0,0.3214285714285714,11.428571428571427,11.250000000000002,9.586795327019653,0,1,0,0,2.285714285714286,1.6071428571428574,1.3571428571428574,0,4.000000000000001,17.02782159635987,5,1.9642857142857144,25.518513990845726,2.9115112421707794,1.7857142857142856,0,0.9999999999999998,0.4228652092907911,1.6592459987882726,0.926838017,2.8913304012055083,0.4477886089210137,0.7514500856316949,7,0.8214285714285713,8.261029528934078,0.42857142857142855,3.678571428571429,0.6785714285252948,1.785714285714286,0.7499999996471202,1.0714285714285712,0.9642857142857142,2.5955383517267414,7.544527339587988,9.000000000000002,8.935292500192602,10.321428571428573,2.084793482,1.1428571428571426,1.2857142857142858,2.564301224038537,0.6071428571428571,1.5613829534742973,0,0.5657551180271527,0,2.2630312740992475,0.9743289290260182,0.5410591060017832,3.1071428571428568,1.8928571428571428,2.576438522810531,1.2857142857142856,1.2857142857142858,0.5804093920934073,1.6071428571428574,1.6428571428571435,2.2500000000000004,3.1254829507650297,2.678571428571428,3.928571428571428,1.4746476161969955,50.29898519637356,1.2895262616697862,3.6071428571428577,0,0.16615371251949618,0,9.416405851462163e-18,0.49999999994532757,5.267296235231651,0,2.7217968605568195,0.7142857094331507,3.668709949808217,0.32199885162469066,0,76.57227669228588,12,1.9535882400455027,0.7111162420760297,0.35027503303433755,2.464285714285714,0.35714285454651484,0.3793351512858658,0.7857142851326434,0,0.06346463,1.9424675691848003,2.142857142857143,3.0357142857142856,0.9999999999999998,0.2886665349187216,28.46428571428571,0.4285714264724133,0.38088633751966955,0.4103769467386592,0.8278251393444362,0.4642857142847809,0.39285714285714274,0.7049628365339935,4.555055678237247,0.49999999997917227,0.3167690047076619,36.92857142857142,0.3349505691553911,2.5571108156231056e-15,4.102584769779219e-31,0.2020781311313483,0.19255953699441508,0,0,0.10671136489409014,0.34316119004093704,0,0,4.714285714285714,0,66.78571428571428,284.8171238769663,0,0,0.6780926351170882,0,0,0,0,0.2857142843609557,11.668165260119167,1.845005834572281,0,0,5,0.5860553033787953,5.142857142857144,3.382205735200429,5.151595313841066,0,0,7,0.054371624,3.9431799996092924,0,0.036519947,0,0.001942065,0,1.2889003669653611,0,0.6023123203760015,1.1785714285714284,0,5.202726973471769,0,0,0,0,0,1.5192908393215678e-64,0,0,0,1.5451513932757543,0,0
TEST_04+3일,3.3928571428571432,20.751611350020358,2.2053151148613357,0,0,0.7047038568400221,17.342611392576092,0,0.737600443,0.17181501341261415,1.2499999999999998,0.15690522567978302,0.31214557667870946,0,0,0,34.02773700227392,0.607142857,0.6428571428571428,104,18.751918791146508,0.2857142857142857,0,0.3214285714285714,11.428571428571427,11.250000000000002,9.586795327019653,5.891286932096003,1,0.4799667742663205,0.47702657060086195,2.285714285714286,1.6071428571428574,1.3571428571428574,0,4.000000000000001,14.558969041029407,5,1.9642857142857144,25.518513990845726,2.9115112421707794,1.7857142857142856,0,0.9999999999999998,1.3493852758382716,1.3123475834962754,1.1922047234500415,2.346699433045625,0.4477886089210137,0.5956597455039574,7,0.8214285714285713,6.217741268680945,0.42857142857142855,3.678571428571429,0.6785714285252948,1.785714285714286,0.7499999996471202,1.0714285714285712,0.9642857142857142,3.162777205271723,4.982378870290041,9.000000000000002,8.935292500192602,10.321428571428573,1.9753136630783321,1.1428571428571426,1.2857142857142858,3.3878686486889973,0.6071428571428571,2.6053162396943863,0,1.0286578737889085,0,3.1748030359590365,0.9743289290260182,0.5410591060017832,3.1071428571428568,1.8928571428571428,4.001954311,1.2857142857142856,1.2857142857142858,1.5206061198492447,1.6071428571428574,1.6428571428571435,2.2500000000000004,3.1254829507650297,2.678571428571428,3.928571428571428,2.779662199574871,50.29898519637356,1.2895262616697862,3.6071428571428577,0,0.16615371251949618,3.5381351582219043e-17,0,0.49999999994532757,7.492630517137254,0,2.7217968605568195,0.7142857094331507,2.3989999630333525,0.2332495692183803,0,21.79240219461437,2,1.2256258227746057,1.422232484152064,0.35027503303433755,2.464285714285714,0.35714285454651484,0.8974743483364584,0.7857142851326434,0,0.06346463,1.9875972728176197,2.142857142857143,3.0357142857142856,0.9999999999999998,0.2886665349187216,28.46428571428571,0.4285714264724133,0.38088633751966955,0.4103769467386592,0.13587876040164648,0.4642857142847809,0.39285714285714274,1.0290299251971922,1.7805714946195832,0.49999999997917227,0.3167690047076619,36.92857142857142,0.3349505691553916,1.7834025300282172e-15,1.2963271124516522e-32,0.076732654,0.19255953699441508,0,0,0.073787503,0.34316119004093704,0,0,4.714285714285714,0,66.78571428571428,231.7679061655121,0,0,5.729667805995101,0,0,0,0,0.2857142843609557,15.106493264656626,1.8698949898010064,0,0,5,0.5860553033787953,5.142857142857144,3.382205735200429,5.151595313841066,0,0,7,0.054371624,2.816200447077029,0,0.036519947,0,0.001942065,0,1.2529822329007547,0,0.6797807813174473,1.1785714285714284,0,0,0,0,0,0,0,1.5192908393215678e-64,0,0,0,1.5451513932757543,0,0
TEST_04+4일,3.3928571428571432,54.69607113254838,2.2053151148613357,1,0,0.7047038568400221,15.052718502377477,0,0.737600443,0.17181501341261413,1.2499999999999998,0.15690522567978302,0.3473315671656725,0,0,0,34.02773700227392,0.607142857,0.6428571428571428,18,10.300207109263969,0.2857142857142857,0,0.3214285714285714,11.428571428571427,11.250000000000002,9.586795327019653,67.74979972,1,0,0.3003777730151906,2.285714285714286,1.6071428571428574,1.3571428571428574,0,4.000000000000001,18.015362618492055,5,1.9642857142857144,25.518513990845726,2.9115112421707794,1.7857142857142856,0,0.9999999999999998,0.2178564195094017,1.3123475834962754,1.0596366912654247,0.8354630324254757,0.4477886089210137,0.67948741,7,0.8214285714285713,7.677232883147468,0.42857142857142855,3.678571428571429,0.6785714285252948,1.785714285714286,0.7499999996471202,1.0714285714285712,0.9642857142857142,3.162777205271723,4.982378870290041,9.000000000000002,8.935292500192602,10.321428571428573,2.007192844778477,1.1428571428571426,1.2857142857142858,3.3878686486889973,0.6071428571428571,1.5613829534742973,0,0.5657551180271527,0,2.7189171550291418,0.9743289290260182,0.5410591060017832,3.1071428571428568,1.8928571428571428,3.0516104523370036,1.2857142857142856,1.2857142857142858,0.7275389409073143,1.6071428571428574,1.6428571428571435,2.2500000000000004,3.1254829507650297,2.678571428571428,3.928571428571428,2.127154907885933,50.29898519637356,1.2895262616697862,3.6071428571428577,0,0.16615371251949618,1,2,0.49999999994532757,7.492630517137256,0,2.7217968605568195,0.7142857094331507,1.6427019972431338,0.3100386548177968,0,10.51419273921141,1.0000000000000009,1.9535882400455027,1.1555350316958726,0.35027503303433755,2.464285714285714,0.35714285454651484,1.1128414673242655,0.7857142851326434,0,0.9264206510325657,1.8778760149459615,2.142857142857143,3.0357142857142856,0.9999999999999998,0.2886665349187216,28.46428571428571,0.4285714264724133,0.38088633751966955,0.4103769467386592,0.33029283805465764,0.4642857142847809,0.39285714285714274,0.9079980108159713,2.706907226320923,0.49999999997917227,0.3167690047076619,36.92857142857142,0.3349505691553914,8.835056230823865e-16,0,0.1182880523234799,0.1925595369944151,0,1.6211983043160354e-16,0.068603023,0.34316119004093704,0,0,4.714285714285714,0,66.78571428571428,320.78601784310337,2,0,0,0,0,0,0,0.2857142843609557,13.161677174020145,1.8808762018770182,0,0,5,0.5860553033787953,5.142857142857144,3.382205735200429,5.151595313841066,0,0,7,0.054371624,4.4935732452298565,0,0.036519947,0,0.001942065,0,1.0435910544272533,0,0.7603251592207615,1.1785714285714284,0,0,0,0,0,0,0,1.5192908393215678e-64,0,0,0,1.5451513932757543,0,0
TEST_04+5일,3.3928571428571432,0,2.2053151148613357,0,0,0.7047038568400221,16.205666545729525,0,0.737600443,0.17181501341261418,1.2499999999999998,0.15690522567978302,0.31978679415883454,0,0,0,34.02773700227392,0.607142857,0.6428571428571428,21,9.595897802440422,0.2857142857142857,0,0.3214285714285714,11.428571428571427,11.250000000000002,9.586795327019653,24.750840586233622,1,0,0.2912367536810443,2.285714285714286,1.6071428571428574,1.3571428571428574,0,4.000000000000001,13.077657507831129,5,1.9642857142857144,25.518513990845726,2.9115112421707794,1.7857142857142856,0,0.9999999999999998,0.6984574529678055,1.3123475834962754,1.035987972621352,1.718694421964526,0.4477886089210137,0.6343814212021157,7,0.8214285714285713,4.758249654214422,0.42857142857142855,3.678571428571429,0.6785714285252948,1.785714285714286,0.7499999996471202,1.0714285714285712,0.9642857142857142,2.5955383517267414,7.117502594704997,9.000000000000002,8.935292500192602,10.321428571428573,1.9979100177537723,1.1428571428571426,1.2857142857142858,3.3878686486889973,0.6071428571428571,1.5613829534742973,0,0.5657551180271527,1,3.1748030359590365,0.9743289290260182,0.5410591060017832,3.1071428571428568,1.8928571428571428,3.0516104523370036,1.2857142857142856,1.2857142857142858,0.5186564398421913,1.6071428571428574,1.6428571428571435,2.2500000000000004,3.1254829507650297,2.678571428571428,3.928571428571428,2.779662199574871,50.29898519637356,1.2895262616697862,3.6071428571428577,0,0.16615371251949618,3.939250794234872e-18,3.686855139468122e-18,0.49999999994532757,5.267296235231651,0,2.7217968605568195,0.7142857094331507,2.521963862515799,0.24359796361086428,0,19.375643025599448,4,1.225625822774606,0,0.35027503303433755,2.464285714285714,0.35714285454651484,1.202359875128837,0.7857142851326434,0,0.3926509177135644,1.8231375994761492,2.142857142857143,3.0357142857142856,0.9999999999999998,0.7153116126937432,28.46428571428571,0.4285714264724133,0.38088633751966955,0.4103769467386592,0.8278251393444362,0.4642857142847809,0.39285714285714274,1.2813887844974516,6.328120371841933,0.49999999997917227,0.3167690047076619,36.92857142857142,0.3349505691553911,1.0397555336557199e-15,0,0.10451131949682052,0.19255953699441508,0,5.3934638605830874e-17,0.067719719,0.34316119004093704,0,0,4.714285714285714,0,66.78571428571428,538.3069040238796,18,0,0.7111935644368259,0,0,3.453758034283199,0,0.2857142843609557,14.261720457094698,2.3678616714361924,0,0,5,0.5860553033787953,5.142857142857144,3.382205735200429,5.151595313841066,0,0,7,0.054371624,3.3778192903937914,0,0.036519947,0,0.001942065,0,1.2767552186810995,0,0.8005973481724186,1.1785714285714284,0,0,0,0,0,0,0,1.5192908393215678e-64,0,0,0,1.5451513932757543,0,0
TEST_04+6일,3.3928571428571432,36.29479776319998,5.951278569090288,5,2,1.424709454916608,15.69280431346542,0,0.737600443,0,1.2499999999999998,0.6247706047641209,0.6226226096318463,0,0,0,34.02773700227392,0.607142857,0.6428571428571428,11.000000000000007,8.539433842205106,0.2857142857142857,0,0.3214285714285714,11.428571428571427,11.250000000000002,9.586795327019653,71.82510409362912,1,0,0.36909559216131294,2.285714285714286,1.6071428571428574,1.3571428571428574,0,4.000000000000001,19.496674151690335,5,1.9642857142857144,25.518513990845726,2.9115112421707794,1.7857142857142856,0,0.9999999999999998,0.21785641950940154,1.3123475834962754,1.0784712065508153,2.991158403763161,0.44778860892101374,0.6586520512792319,7,0.8214285714285713,6.801537914467554,0.42857142857142855,3.678571428571429,0.6785714285252948,1.785714285714286,0.7499999996471202,1.0714285714285712,0.9642857142857142,4.864493765906667,4.5553541254070495,9.000000000000002,8.935292500192602,10.321428571428573,2.000613063220281,1.1428571428571426,1.2857142857142858,3.3878686486889973,0.6071428571428571,1.9093607155476604,0,0.5657551180271527,10,2.7189171550291418,0.9743289290260182,0.5410591060017832,3.1071428571428568,1.8928571428571428,2.576438522810531,1.2857142857142856,1.2857142857142858,0.5422800841536665,1.6071428571428574,1.6428571428571435,2.2500000000000004,3.1254829507650297,2.678571428571428,3.928571428571428,4.084676782952746,50.29898519637356,1.2895262616697862,3.6071428571428577,4.367991967890163,0.16615371251949618,2.5122415644695788e-17,0,0.49999999994532757,17.50663478571247,2.904761904761905,2.7217968605568195,0.7142857094331507,2.6086134321881413,0.30108485010777164,0,41.12647554673373,6,4.1374754918581935,8.088745221871108,1.6388957811994342,2.464285714285714,0.35714285454651484,1.239568643921065,0.7857142851326434,0,0.4841061804772247,1.832278688,2.142857142857143,3.0357142857142856,0.9999999999999998,0.7153116126937432,28.46428571428571,0.4285714264724133,0.38088633751966955,0.4103769467386592,0.6334110616914252,0.4642857142847809,0.39285714285714274,1.4844239587794292,2.706907226320923,0.49999999997917227,0.3167690047076619,36.92857142857142,6.190955744187992,1.1355824297654256,2.760639143825018,1.1090786771384336,2.458454383660361,0,2.8090646860797297,0.46881738995200206,0.34316119004093704,4.252212626598122,1,4.714285714285714,0,66.78571428571428,387.7674352688314,8,0,0,0,0,0.069061898,0,0.2857142843609557,13.63950469568488,2.369999291535465,0,0,5,0.5860553033787953,5.142857142857144,3.382205735200429,5.151595313841066,0,0,7,0.054371624,4.866738519,0,0.036519947,0,0.001942065,0,1.618922010327207,0,0.8191479394260848,1.1785714285714284,0,0,0,0,0,0,0,1.5192908393215678e-64,0,0,0,1.5451513932757543,0,0
TEST_04+7일,3.3928571428571432,20.751611350020358,10.321569265690734,6,2,1.064706655878315,0,0,1.1201971845495309,0,1.2499999999999998,0.6890398465954451,0.2978360006955557,0,0,0,34.02773700227392,0.607142857,0.6428571428571428,0,7.130815228558016,0.2857142857142857,1,0.3214285714285714,11.428571428571427,11.250000000000002,9.586795327019653,41.641833297536266,1,0,0.29462028953572195,2.285714285714286,1.6071428571428574,1.3571428571428574,0,4.000000000000001,30.853395906210473,5,1.9642857142857144,25.518513990845726,2.9115112421707794,1.7857142857142856,0,0.9999999999999998,0.9565152498875744,2.3530428293722667,1.0701131150464502,2.705427803027978,0.4477886089210138,0.6455925108921804,7,0.8214285714285713,9.428622820507295,0.42857142857142855,3.678571428571429,0.6785714285252948,1.785714285714286,0.7499999996471202,1.0714285714285712,0.9642857142857142,4.864493765906667,4.5553541254070495,9.000000000000002,8.935292500192602,10.321428571428573,1.9998259695068499,1.1428571428571426,1.2857142857142858,3.3878686486889973,0.6071428571428571,2.6053162396943863,0,1.4915606295506643,2,4.542460679,0.9743289290260182,0.5410591060017832,3.1071428571428568,1.8928571428571428,5.4274700999693675,1.2857142857142856,1.2857142857142858,0.2549662835963916,1.6071428571428574,1.6428571428571435,2.2500000000000004,3.1254829507650297,2.678571428571428,3.928571428571428,3.4321694912638083,50.29898519637356,1.2895262616697862,3.6071428571428577,11.394684995053105,0.16615371251949618,2,3,0.49999999994532757,11.943299080948464,9.904761904761905,2.7217968605568195,0.7142857094331507,4.015868115293378,0.25134511894188805,154.93437351615364,0,12.000000000000002,7.777287578212678,6.977813694532223,0.35027503303433755,2.464285714285714,0.35714285454651484,1.255034652633552,0.7857142851326434,5,0.40245715983795005,1.8508907225671583,2.142857142857143,3.0357142857142856,0.9999999999999998,0.035135612,28.46428571428571,0.4285714264724133,0.38088633751966955,0.4103769467386592,0.6334110616914252,0.4642857142847809,0.39285714285714274,0.452603977,0.863281786,0.49999999997917227,0.3167690047076619,36.92857142857142,4.892806930194904,2.2347997501069354,4.261877844899564,10.143135243614818,1.7031561014383787,0,5.809064686,1.6934830366059026,0.34316119004093704,10.149047452190036,4,4.714285714285714,0,66.78571428571428,90.68408255128439,6,0,6.874019434,0,0,10.004184210669436,0,0.2857142843609557,13.99144762348017,4.781644955870464,0,0,5,0.5860553033787953,5.142857142857144,3.382205735200429,5.151595313841066,0,0,7,0.054371624,3.9656122930824225,0,0.036519947,0,0.001942065,0,1.7522131282441582,0,0.6147111228759686,1.1785714285714284,0,0,0,0,0,0,0,1.5192908393215678e-64,0,0,0,1.5451513932757543,0,0
TEST_05+1일,3.8571428571428568,0,5.8025862147855385,2.345566363722174,0.30211621613821626,2.1071428571428577,3.5875254514658375,0,1,0.019682688,0,0.17857142827072647,0,0,0,0,6.979885396913332,0.5357142831771424,0.2857142844668105,8.25,3.489199747872786,3.2772982367326984,0.2142857128473311,0.8571428571428571,6.571428571428571,6.357142857142856,4.4642857142857135,28.222421816625758,5,6.1186349021601805,1.8450187430221998,3.6451189358888394,1.642857142857143,1.5000000000000004,0,5.8304078132299555,34,5.506944825398248,1.7142857142857142,15.73558754691702,20.80307460871351,1.7500000000000004,0,0.5448121086013924,0.6428571428571428,2.5749345322287125,0.3757390654601912,2.5709636941017555,0.9285714285714284,4.163711533974914,22.11357993,1.1248963551575095,9.470806172643453,2.5238095238095237,2.428571428571429,0.607142855,1.4642857142857146,1.7184203623687255,0.7857142857142855,0.9999999999999999,28.425083164014843,9.229976372982682,2.482363471930582,16.252898154639887,4.607142857142857,1.392857142857143,0.22653471279419557,1.4922751051046956,4.754164514310318,2.4642857142857144,2.171288146640144,1.1914566860666134,0.571428571,1.7857142857142863,4.748386243127439,0.8928571428571427,0.896870393,1.2539014305242226,0.9999999999999998,3.1071428571428563,1.636931412320847,0.7078680080144141,1.5714285714285718,1.3214285714285716,2.396466607032425,3.6226855012721533,2.226157073039227,2.007269213238072,3.416764985357757,3.6785714285714275,4.150147832590665e-32,1.3214285714285716,5.7708908360205795,6.785714285714286,0.3166176236320771,1.25,0.7857142857142856,0.35714285476298113,3.278401182,7.119754701,2.8692506853766067,1.0714285713883107,0.9285714285714285,0,107,14.619047619047613,45.79809131528237,2,2.3414595775051246,1.0714285714285714,4.526175074766984,0.3928571428570106,2.768182515969311,0.2857142852579971,3,1.0714285714285712,0.41386658054171077,1.5357142857142858,3.5560679362361247,0.9028874093820897,0.9642857125780372,10.821428571428571,0.17857142854972363,0,0.1428571418165931,0.20479602642847755,0.026661246996033824,0.19999712916417778,0,0,0.10714285701267387,0.1428571427366695,29.784197970672878,8.064346065445887,4.6354067959710665,4.005206994274699,1.4020142336043375,0.9642857142857141,1.7576793330241534,10.185257831469968,1.2183325984695608,0.8928571428571428,4.605814172030798,2.0529440887264565,52.951514359785286,80.86248222609598,12.428571428571427,15.464285714285714,69,67.66666666666666,57.783443909371286,0,4.966911223069073,207.1734313365502,97.14683201441515,139.8095238095238,59.187018666997275,31.843256189548356,2.428571428571429,66.50586441514407,71.79596718471721,5.999999999996276,32.98039400585286,25.49231554875523,94.96605240451808,102.20655144150204,24.311113697433136,0,580.7691893847981,371.0580227,113.11382940310776,379.72607814431507,63.33833435,96.60357798425083,107.02962027415992,210.61885169558636,60.800007958932966,10.999999999999998,122.15999810405654,91.75651852602897,0,0,0,0,0,0,0,0,0,0,0,0,0
TEST_05+2일,3.8571428571428568,0,5.383809136663839,2.345566363722174,0.5408895232597892,2.1071428571428577,2.8604688054592167,0,3,0.35266645612172953,0,0.17857142827072647,0,0,0,0,5.794086961645679,0.5357142831771424,0.2857142844668105,8.25,2.8020691928861314,2.729972094852429,0.2142857128473311,0.8571428571428571,6.571428571428571,6.357142857142856,4.4642857142857135,20.471150481071714,5,3.9142773329524903,2.7701634070999104,3.482100564350377,1.642857142857143,1.5000000000000004,0,5.859619448936889,34,6.617172347713968,1.7142857142857142,32.226415851795124,18.24126845227707,1.7500000000000004,0,0.6459150124049136,0.6428571428571428,2.3774985550202645,0.3242742921501462,2.5709636941017555,0.9285714285714284,4.469871266994154,22.11357993,1.0289103313965415,6.899566637121472,1.5238095238095237,2.428571428571429,0.607142855,1.4642857142857146,1.7026886590463972,0.7857142857142855,0.9999999999999999,26.45145061650215,12.058724975560839,7.6751091112304195,16.252898154639887,4.607142857142857,1.392857142857143,0.035565081,1.4922751051046956,2.8625111890395667,2.4642857142857144,2.171288146640144,2.449676874488694,0.571428571,1.7857142857142863,2.5249382938920464,0.8928571428571427,0,1.2360594587539888,0,3.1071428571428563,1.3107631293694189,1.9600577222009106,1.5714285714285718,1.3214285714285716,3.2454121640565017,6.418358087242921,2.8928008388889532,0,2.7569388101340198,3.6785714285714275,1.060944458967421e-32,1.3214285714285716,4.6098741735016935,6.785714285714286,0.4333501606434483,1.25,0.7857142857142856,0.35714285476298113,7.357992352141473,7.119754701,3.480710705713969,1.0714285713883107,0.9285714285714285,0,0,152.61904761904762,42.04213217987406,4,2.3139548678450974,1.0714285714285714,4.990883531726503,0.3928571428570106,3.057018027,0.2857142852579971,0,1.0714285714285712,2.630746421033275,1.5357142857142858,3.3578624730968407,0.670307463,0.9642857125780372,10.821428571428571,0.17857142854972363,0,0.1428571418165931,0.27828472576111957,0.026661246996033824,0.28153008023358816,0,1.6684998919821257,0.10714285701267387,0.1428571427366695,29.719317016082858,5.266782211439638,0,3.416778566394466,2.2090845445534604,0.9642857142857141,1.7576793330241534,9.986053130866942,1.304807115617052,0.8928571428571428,4.299659468550419,2.0529440887264565,49.262268338634975,71.86394561456034,12.428571428571427,15.464285714285714,69,61.666666666666664,65.74958674373167,0,5.153404271385698,212.0461767735081,95.04589054919822,144.8095238095238,60.86842407940806,33.05358227207422,2.428571428571429,68.75931963156924,85.30818241284129,11.999999999997609,38.89301964514498,26.400090661438718,101.32900130178162,89.37691615817485,28.52705079,0,543.7144280477228,348.42743003879315,100.84208222284188,422.6817882,84.67837134025515,81.34599271855382,122.6588854887818,251.26992772227948,62.945431383702626,20,129.5511155933031,91.58408419486466,0,0,0,0,0,0,0,0,0,0,0,0,0
TEST_05+3일,3.8571428571428568,0,6.556922181292098,2.345566363722174,0.5408895232597892,2.1071428571428577,2.8604688054592167,0,9,1.3526664561217294,0,0.17857142827072647,0,0,0,0,6.090536570462592,0.5357142831771424,0.2857142844668105,8.25,2.8020691928861314,0.7002315421437832,0.2142857128473311,0.8571428571428571,6.571428571428571,6.357142857142856,4.4642857142857135,20.471150481071714,5,6.7154854812977876,2.7701634070999104,4.582764597522023,1.642857142857143,1.5000000000000004,0,2.436250140371342,34,5.494149287729571,1.7142857142857142,33.283425651684524,16.50973928920632,1.7500000000000004,0,0.2690713099078317,0.6428571428571428,2.285792764,0.46688728834518717,2.5709636941017555,0.9285714285714284,4.581363070838967,22.11357993,1.0289103313965415,6.899566637121472,0.5238095238095236,2.428571428571429,0.607142855,1.4642857142857146,3.314144250152048,0.7857142857142855,0.9999999999999999,25.638877329456434,6.162241873545862,3.336227034424034,16.252898154639887,4.607142857142857,1.392857142857143,0.43468531661742116,1.4922751051046956,4.843078911609897,2.4642857142857144,2.171288146640144,2.449676874488694,0.571428571,1.7857142857142863,7.1164163044705155,0.8928571428571427,0,1.2360594587539888,2,3.1071428571428563,1.963099695272275,1.9173588958093273,1.5714285714285718,1.3214285714285716,3.2357033124508012,4.953614715700358,2.8928008388889532,2.3118224916737384,3.086851897745888,3.6785714285714275,0,1.3214285714285716,4.446525268186452,6.785714285714286,0.4333501606434483,1.25,0.7857142857142856,0.35714285476298113,7.357992352141473,7.119754701,2.7769967938816618,1.0714285713883107,0.9285714285714285,0,1.9999999999999982,163.61904761904762,46.41367766404149,8,1.2162362226609138,1.0714285714285714,4.990883531726503,0.3928571428570106,2.750895504929415,0.2857142852579971,0.9999999999999998,1.0714285714285712,1.8845489309159056,1.5357142857142858,2.7611946957854547,0.092558314,0.9642857125780372,10.821428571428571,0.17857142854972363,0,0.1428571418165931,0.20479602642847755,0.026661246996033824,0.28153008023358816,6.980359385778955e-66,1.8241136049923048,0.10714285701267387,0.1428571427366695,29.69981053469509,11.254601481470885,2.2096128050693418,3.068718203339184,1.6010941581965867,0.9642857142857141,1.7576793330241534,12.332757665181113,1.1099954322050913,0.8928571428571428,3.756083205281846,2.0529440887264565,59.29892329267128,54.482005961804106,12.428571428571427,15.464285714285714,69,67.66666666666666,53.940572113880414,0,5.339897319702323,170.57214017552616,84.84960146797077,117.8095238095238,53.30209972354952,32.747281842233704,2.428571428571429,71.01277484799441,63.88772968331837,6.999999999998464,37.907582038596296,27.307865774122206,93.32897678013094,85.76617823873192,31.140473203850927,0,529.8409952,364.2079607391336,89.76838798976365,367.85316663366143,54.67837134025516,92.42354856877756,102.2911696236703,247.0213135977978,65.09085480847229,14.999999999999998,120.26247576123623,82.78525052,0,0,0,0,0,0,0,0,0,0,0,0,0
TEST_05+4일,3.8571428571428568,0,6.567206171097494,2.345566363722174,1.5408895232597892,2.1071428571428577,3.304781200241041,0,1.0000000000000002,0.35266645612172953,0,0.17857142827072647,0,0,0,0,7.394914849,0.5357142831771424,0.2857142844668105,8.25,3.5296191922837656,0,0.2142857128473311,0.8571428571428571,6.571428571428571,6.357142857142856,4.4642857142857135,20.471150481071714,5,3.2438422927918866,2.7701634070999104,5.097443639877018,1.642857142857143,1.5000000000000004,0,3.4362501403713424,34,5.328067920027052,1.7142857142857142,36.78963491705854,16.50776251157318,1.7500000000000004,0,0.7043294813845438,0.6428571428571428,2.2431969192608445,0.46688728834518717,2.5709636941017555,0.9285714285714284,4.711633409,22.11357993,1.0289103313965415,6.899566637121472,5.523809523809524,2.428571428571429,0.607142855,1.4642857142857146,2.161280352375635,0.7857142857142855,0.9999999999999999,33.17794816,11.128872775227066,12.670898394511596,16.252898154639887,4.607142857142857,1.392857142857143,0.05887364,1.4922751051046956,5.935369284,2.4642857142857144,3.0975111384031364,2.449676874488694,0.571428571,1.7857142857142863,6.638759009458939,0.8928571428571427,0.08306491,1.2360594587539888,5,3.1071428571428563,1.963099695272275,1.0810487018954573,1.5714285714285718,1.3214285714285716,2.8957637287121694,4.087428872814717,2.8928008388889532,2.9293983671283748,4.736417336,3.6785714285714275,2.021715577867283e-32,1.3214285714285716,5.3564619242800084,6.785714285714286,0.4333501606434483,1.25,0.7857142857142856,0.35714285476298113,7.357992352141473,7.119754701,3.073872468478675,1.0714285713883107,0.9285714285714285,0,139,14.619047619047613,39.85805623,1,1.9118704206820076,1.0714285714285714,4.990883531726503,0.3928571428570106,1.8934381888472922,0.2857142852579971,0,1.0714285714285712,2.1357175707705567,1.5357142857142858,2.7611946957854547,0,0.9642857125780372,10.821428571428571,0.17857142854972363,0,0.1428571418165931,0.3281869113613221,0.026661246996033824,0.28153008023358816,2.280795028721561e-49,1.0966651630151074,0.10714285701267387,0.1428571427366695,29.69394590433421,8.659473773458387,1.7216524794946155,2.8628375718295995,1.7442673042341377,0.9642857142857141,1.7576793330241534,11.093606976563635,1.0866184556560339,0.8928571428571428,4.343024714096124,2.0529440887264565,63.78802427902065,53.02010533724983,12.428571428571427,15.464285714285714,69,56.666666666666664,60.00193165765967,0,5.526390368018948,214.8722267075784,85.22321039198448,124.80952380952381,60.027721373204095,34.00177208035438,2.428571428571429,73.26623006441957,85.98958493,6.999999999999014,41.35661366,28.215640886805694,92.60170182361725,98.53753422,29.657337775687576,0,560.4061292834481,361.17564278106636,108.42684050175333,384.9008789510008,42.67837134025516,91.73381031616687,97.03498488428669,255.7917749933576,67.23627823324195,10.999999999999998,121.53147961133291,79.01594116670147,0,0,0,0,0,0,0,0,0,0,0,0,0
TEST_05+5일,3.8571428571428568,0,7.089261401994378,2.345566363722174,0.5408895232597892,2.1071428571428577,2.574221156899191,0,16,0.35266645612172953,0,0.17857142827072647,0,0,0,0,4.784760000115333,0.5357142831771424,0.2857142844668105,8.25,2.6152253546552506,2.5008991247152714,0.2142857128473311,0.8571428571428571,6.571428571428571,6.357142857142856,4.4642857142857135,20.471150481071714,5,8.322992471,2.7701634070999104,3.4124310976591286,1.642857142857143,1.5000000000000004,0,5.859619449,34,5.548313758730786,1.7142857142857142,31.73306174881418,23.011987869745425,1.7500000000000004,0,0,0.6428571428571428,2.223411844244807,0.46688728834518717,2.5709636941017555,0.9285714285714284,4.865909185838892,22.11357993,1.0289103313965415,6.899566637121472,3.5238095238095237,2.428571428571429,0.607142855,1.4642857142857146,2.7184203623687253,0.7857142857142855,0.9999999999999999,36.10779452422179,11.99513667084742,5.2392049420228135,16.252898154639887,4.607142857142857,1.392857142857143,1.0622591493539004,1.4922751051046956,7.992848875622901,2.4642857142857144,2.480029143894475,2.449676874488694,0.571428571,1.7857142857142863,2.9386350997674695,0.8928571428571427,1.3790641103198924,1.2360594587539888,2.465190328815662e-32,3.1071428571428563,1.636931412320847,1.1572136708652587,1.5714285714285718,1.3214285714285716,3.166500373055138,6.559384601072669,2.8928008388889532,0,3.086851897745888,3.6785714285714275,13.037256207386896,1.3214285714285716,6.3773303543866176,6.785714285714286,0.4333501606434483,1.25,0.7857142857142856,0.35714285476298113,7.357992352141473,7.119754701,2.1212515346066385,1.0714285713883107,0.9285714285714285,0,0,149.61904761904762,42.04552575714217,2.999999999999999,2.001987595273741,1.0714285714285714,4.990883531726503,0.3928571428570106,3.104313553620338,0.2857142852579971,0,1.0714285714285712,2.051174689721047,1.5357142857142858,2.7611946957854547,1.6178382501769804,0.9642857125780372,10.821428571428571,0.17857142854972363,0,0.1428571418165931,0.15489384082827504,0.026661246996033824,0.28153008023358816,9.034807131349873e-98,0.9985718069459946,0.10714285701267387,0.1428571427366695,29.69218270119234,6.457037627464636,1.4166206358059081,2.741057447087119,1.5145170326450041,0.9642857142857141,1.7576793330241534,10.886352847547858,1.0271695320060643,0.8928571428571428,4.1389777618037265,2.0529440887264565,34.22479330912224,68.90179671856583,12.428571428571427,15.464285714285714,69,74.66666666666666,52.261696294997705,0,5.712883416335573,186.70065357957395,120.09408278957513,120.8095238095238,57.085261901480216,34.008378482342486,2.428571428571429,75.51968528084474,72.19419539482013,0.9999999999993668,32.98039400585285,29.123415999489183,84.60167730196657,93.59711412691404,32.17268175209669,0,555.9911516,328.55318092927473,80.58999914163626,306.39454947071596,44.678371340255154,77.17878419373397,84.55154613,235.33885254000586,69.38170165801161,8.999999999999998,105.67921266477774,84.01851509290795,0,0,0,0,0,0,0,0,0,0,0,0,0
TEST_05+6일,3.8571428571428568,0,7.181061093281821,2.345566363722174,0.5408895232597892,2.1071428571428577,3.7362000338273234,0,0,0.35266645612172953,0,0.17857142827072647,0,0,0,0,8.813935288168478,0.5357142831771424,0.2857142844668105,8.25,3.6534211046358185,1.592873830208264,0.2142857128473311,0.8571428571428571,6.571428571428571,6.357142857142856,4.4642857142857135,20.471150481071714,5,2.8434757307059892,2.7701634070999104,3.7413126759225435,1.642857142857143,1.5000000000000004,0,4.253777121795503,34,5.889210781628322,1.7142857142857142,29.94575086455201,12.745119881415487,1.7500000000000004,0,0.5157328680938359,0.6428571428571428,2.214221999582959,0.46688728834518717,2.5709636941017555,0.9285714285714284,5.012683200854871,22.11357993,1.0289103313965415,6.899566637121472,0.5238095238095236,2.428571428571429,0.607142855,1.4642857142857146,1.7026886590463972,0.7857142857142855,0.9999999999999999,32.40870119476908,7.010149981,6.518349820763298,16.252898154639887,4.607142857142857,1.392857142857143,1.1007610259939238,1.4922751051046956,5.881727640551973,2.4642857142857144,3.0975111384031364,2.449676874488694,0.571428571,1.7857142857142863,4.9428787281282744,0.8928571428571427,1.0559635604076734,1.2360594587539888,1,3.1071428571428563,1.963099695272275,0,1.5714285714285718,1.3214285714285716,3.0932156878721795,2.8198005585859978,2.8928008388889532,1.3105601546715833,2.427025722522151,3.6785714285714275,0,1.3214285714285716,5.249166914046082,6.785714285714286,0.4333501606434483,1.25,0.7857142857142856,0.35714285476298113,7.357992352141473,7.119754701,4.139818099,1.0714285713883107,0.9285714285714285,0,0,140.61904761904762,47.693717095340844,1.0000000000000002,1.614747841701015,1.0714285714285714,4.990883531726503,0.3928571428570106,1.9234467047697739,0.2857142852579971,0,1.0714285714285712,2.0796316608631757,1.5357142857142858,2.7611946957854547,0.9731780121418437,0.9642857125780372,10.821428571428571,0.17857142854972363,0,0.1428571418165931,0.7360154013007514,0.026661246996033824,0.28153008023358816,2.811296923407616e-81,2.2486177300170125,0.10714285701267387,0.1428571427366695,29.69165259355926,9.647293043489633,1.4580486149703948,2.669023479279886,2.0011476549060045,0.9642857142857141,1.7576793330241534,11.47884668115534,1.0062976338768057,0.8928571428571428,4.014278368380067,2.0529440887264565,29.20654980620771,65.58322833558371,12.428571428571427,15.464285714285714,69,47.666666666666664,56.98412034,0,5.899376464652198,192.2412032038718,79.72203644242013,105.8095238095238,50.35964025182564,37.86645701667703,2.428571428571429,77.7731405,61.65609325481185,2.999999999999593,37.90758203859629,30.03119111217267,87.51077712802136,105.23270130294684,32.848384939963424,0,639.3424769731738,380.7005102127719,81.45387705517633,372.96806213960105,48.67837134025516,97.34042591991032,100.9771234388244,267.14377634442883,71.52712508278127,10.999999999999998,120.26247576123623,112.17360855357303,0,0,0,0,0,0,0,0,0,0,0,0,0
TEST_05+7일,3.8571428571428568,0,7.427959989349155,2.345566363722174,1.5408895232597892,2.1071428571428577,2.8604688054592167,0,0,1.3526664561217294,0,0.17857142827072647,0,0,0,0,5.794086961645679,0.5357142831771424,0.2857142844668105,8.25,2.8020691928861314,0.4030937453148784,0.2142857128473311,0.8571428571428571,6.571428571428571,6.357142857142856,4.4642857142857135,20.471150481071714,5,8.753669141197532,2.7701634070999104,3.8126587302082116,1.642857142857143,1.5000000000000004,0,3.0420924675127283,34,5.896169870558863,1.7142857142857142,49.720848190023666,13.394804639634291,1.7500000000000004,0,0.4573183991142058,0.6428571428571428,2.2099534666185683,0.46688728834518717,2.5709636941017555,0.9285714285714284,5.157538769850779,22.11357993,1.0289103313965415,6.899566637121472,4.523809523809524,2.428571428571429,0.607142855,1.4642857142857146,1.8712842601451383,0.7857142857142855,0.9999999999999999,30.736583578445142,11.259941287687612,3.5261094577040324,16.252898154639887,4.607142857142857,1.392857142857143,0.7144978861616849,1.4922751051046956,8.425477392424114,2.4642857142857144,2.7887701411488055,2.449676874488694,0.571428571,1.7857142857142863,5.819940207504791,0.8928571428571427,1.3820480630840777,1.2360594587539888,4.930380657631324e-32,3.1071428571428563,2.615436261175131,1.5708223069036156,1.5714285714285718,1.3214285714285716,3.0398849815366273,8.552172244,2.8928008388889532,0,2.427025722522151,3.6785714285714275,0,1.3214285714285716,8.645452929082925,6.785714285714286,0.4333501606434483,1.25,0.7857142857142856,0.35714285476298113,7.357992352141473,7.119754701,2.746170910257562,1.0714285713883107,0.9285714285714285,0,109.99999999999999,14.619047619047613,33.36148225,6,1.812618685712056,1.0714285714285714,4.990883531726503,0.3928571428570106,2.671173519332224,0.2857142852579971,1,1.0714285714285712,2.070053099114024,1.5357142857142858,2.7611946957854547,0.5637107138018658,0.9642857125780372,10.821428571428571,0.17857142854972363,0,0.1428571418165931,0.20479602642847755,0.026661246996033824,0.28153008023358816,0,0.9051332674359497,0.10714285701267387,0.1428571427366695,29.691493216516434,13.06434606544589,5.411898230967049,2.626414781604251,1.1111860172298242,0.9642857142857141,1.7576793330241534,11.22631753563646,0.9848241417609354,0.8928571428571428,4.214706293058911,2.0529440887264565,58.589976927260615,92.49593000327955,12.428571428571427,15.464285714285714,69,75.66666666666667,67.68758426327827,0,6.085869512968823,272.2903237747111,149.3311806,186.8095238095238,50.779991604929045,35.93382329384697,2.428571428571429,80.02659571369507,87.52191695,10.999999999999739,46.283801694260134,30.93896622485616,110.7835757364597,131.3759012532543,33.60011234414159,0,934.6623731803586,492.3478730140737,122.30119451230969,524.4364147,76.67837134025515,141.54567154768844,129.22911641301135,337.50869846001274,73.67254850755093,14.999999999999998,180.13437868976163,145.22464891893475,0,0,0,0,0,0,0,0,0,0,0,0,0
TEST_06+1일,1.6021725709865904,0,10.35861485061097,2.400163985,0.841006045,0,2.4285714285714284,0,0,0.27623774792426403,0,0,0.071428571,0,0,0,3.321428571428571,0.2857142852576933,0.2857142852620415,3.8252238873168407,3.2857142857142856,0.4642857142857142,0.6006172585473442,1.1071428571428572,9.285714285714285,0,4,22.857142857142858,10.464285714285714,4.178571428571428,3.8214285714285707,5.372565809363184,3.352021535527975,1.5210887886420876,0,2.000405554691141,40.25129395,5.821428571428571,2.5,33.981680751023596,15.535714285714288,1.012878337569656,0,2.8214285714285716,0.7174147138724903,2.25,0.43179103146727693,5.621039569884697,0,3.9549917550561835,23.571428571428577,0.6785714285714284,8.342117601,0.714285714,0.9133525071716453,0.7142857142857142,1.4945377594264202,1.4285714285714288,1.2568090569284542,0.39285714157504453,15.474276314686396,8.678571428571429,2.701551498451192,14.984723896607015,2,1.1785714285714286,0,0.8396366395113122,3.3571428571428568,0.7009897733163002,2.2142857142857144,2.892857142857143,1.3348018425273558,0.5714285714285713,3.142857142857143,1.196335078605666,1.702578313,1.8242216112043834,0.8928571428571427,3.428571428571429,2.618557621352638,0.45405639748634585,2.2499999999999996,0.41526938592192497,2.2142857142857144,2.464285714285714,3.071428571428571,2.617905493115342,3.3571428571428577,4.605244345750082,33.32142857142858,0.9023585110232585,4.365426479001538,10.41016425848597,0.6428571428571427,1,0.5357142809775207,0.48843392325077695,1.7763568394002505e-15,7.028068291825926,1.6071428571428572,1.1405156644709402,1.285714285714286,0,42.99412118532067,47.035714285714285,27.321428571428562,5.188482413759289,2.3571428571428568,1.2499999999999998,4.321428571428571,0.5243316602522412,1.9285714285714288,0.3560419932661379,0.42857142853873714,1.1457361262522752,2.714285714285715,1.2857142857142858,3.008221675717186,1.8214285714285714,1.1776612823157093,17.229537350597845,0.20861504763909244,0.11064630095670039,0.32142857039527284,0.17857142857142855,0.14285714267402247,0,0.39809573934466397,0,0.285714285,0.14285714273659086,1.1101851466069312,3.6785714285714284,3.714285714285714,5.5,2.7500000000000004,5.144478545967383,1.857142857142857,10.987119472997925,0.7852049726521795,1.8148315492265008,3.25,3.1428571428571432,71.55383336974373,52.33415458899053,15.928571428571427,37.11338136769503,68.89313760297209,45.04648635,43.92857142857143,53.48911382743883,4.433741653407063,231.05547597869136,216.81346993239063,154.42025279671597,53.50406004362831,29.588572949161225,3,62.96502354602169,64.32238236,6,63.305504723239856,20.160722559231804,117.40961754506372,101.38766105418887,32.625627994715394,0,528.1571990307126,310.3048221,70.40040733,218.15102695960599,24.160235193821926,151.94794395739592,4.586963616318862,206.0482500485764,39.06859923328889,9.204210434880725,70.98582050507896,88.13930263040886,0,0,0,0,0,0,0,0,0,0,0,0,0
TEST_06+2일,2.4893469212084383,0,5.867193816854191,2.267509282933987,0.2714481461989568,0.7896796261876954,2.4285714285714284,0,0,0.3680867369294146,0,0,0.071428571,0,0,0,3.321428571428571,0.2857142852576933,0.2857142852620415,6.227850437968838,3.2857142857142856,0.4642857142857142,0.3712891841575987,1.1071428571428572,9.285714285714285,0,4,22.857142857142858,10.464285714285714,4.178571428571428,3.8214285714285707,2.1182953657970707,2.997853316175712,1.776185288,0,2.4667740563397427,48.88809458154189,5.821428571428571,2.5,33.70378709120323,15.535714285714288,1.3574683036494142,0,2.8214285714285716,0.5031132491490891,2.25,0.43179103146727693,3.2252745513453016,3,3.939413120775826,23.571428571428577,0.6785714285714284,8.716183874962635,0.714285714,3.5403141877243707,0.7142857142857142,1.948004091856275,1.4285714285714288,1.471076369948153,0.39285714157504453,16.244524185876415,8.678571428571429,4.501346687317573,15.620057101688413,0,1.1785714285714286,0,1.126553381049871,3.3571428571428568,1.2311871657955002,2.2142857142857144,2.892857142857143,1.0184742584457265,0.5714285714285713,3.142857142857143,1.0580607568434428,1.0932747747731737,1.9122215265306546,0.8928571428571427,3.428571428571429,2.347135681935073,1.8604313524905352,2.2499999999999996,1.110278619110685,2.2142857142857144,2.464285714285714,3.071428571428571,3.1859732633319853,3.3571428571428577,4.183158808,33.32142857142858,1.478234231648103,4.503169253219034,10.107311585914353,0.6428571428571427,1.0000000000000004,0.5357142809775207,0.6989075090199142,1.7763568394002505e-15,6.5707141442828005,1.6071428571428572,1.1981297831068896,1.285714285714286,0,40.794722497161096,47.035714285714285,27.321428571428562,5.090197109992907,2.3571428571428568,1.2499999999999998,4.321428571428571,0.5333511183356044,1.9285714285714288,0.5289058836842927,0.42857142853873714,1.0739912117215231,2.714285714285715,1.2857142857142858,2.6725467747026617,1.8214285714285714,0.8891157094771888,24.567046536098267,0.27710390765772747,0.31094447458422353,0.32142857039527284,0.17857142857142855,0.14285714267402247,0,0.4181243231972873,0,0.285714285,0.14285714273659086,0,3.6785714285714284,3.714285714285714,5.5,2.7500000000000004,2.1097077472853676,1.857142857142857,9.366014724772246,3.051018824716806,1.4433195832887893,3.25,3.1428571428571432,75.57673736505528,50.93712228065198,15.928571428571427,44.225280703391505,63.00491782545748,34.56963948,43.92857142857143,37.988011403424984,3.508436198,175.5006171497678,152.3954414161057,100.05810288822497,74.05101972684133,37.007988962654274,1,77.64309943536716,60.40733446665489,6,50.631818569844896,19.68330956118126,108.3452230304679,70.73132525725657,23.892545831108986,0,397.08683328574205,225.38704873621106,0,107.69744392193098,0,96.13757091698366,0,122.53289669866403,36.79325046215722,8.966824788538645,50.33194562851766,55.38794815328887,0,0,0,0,0,0,0,0,0,0,0,0,0
TEST_06+3일,0.7149982207647427,0,8.398647595,2.267509282933987,0,0.18650814815179417,2.4285714285714284,0,2,0.39862650509890185,0,0,0.071428571,0,0,0,3.321428571428571,0.2857142852576933,0.2857142852620415,3.8252238873168407,3.2857142857142856,0.4642857142857142,0.3712891841575987,1.1071428571428572,9.285714285714285,0,4,22.857142857142858,10.464285714285714,4.178571428571428,3.8214285714285707,3.763976361705229,3.352021535527975,1.430062178,0,2.684185463453642,46.56828898152039,5.821428571428571,2.5,38.44720660001341,15.535714285714288,1.3574683036494142,0,2.8214285714285716,0.5031132491490891,2.25,0.43179103146727693,6.2199808245195465,0,3.934020912162846,23.571428571428577,0.6785714285714284,8.716183874962635,0.714285714,3.267147535172375,0.7142857142857142,0.7180086950300562,1.4285714285714288,0.683161492,0.39285714157504453,21.77707181336842,8.678571428571429,5.7003846193072665,16.029967212400486,0,1.1785714285714286,0,1.2245972403828995,3.3571428571428568,1.1779486445450005,2.2142857142857144,2.892857142857143,0.8680481946828614,0.5714285714285713,3.142857142857143,1.0450452534499943,1.0932747747731737,1.9122215265306546,0.8928571428571427,3.428571428571429,2.347135681935073,0,2.2499999999999996,1.110278619110685,2.2142857142857144,2.464285714285714,3.071428571428571,1.8112726931055336,3.3571428571428577,4.055425896127754,33.32142857142858,1.478234231648103,4.503169253219034,9.951811105308789,0.6428571428571427,35,0.5357142809775207,0.6989075090199142,1.7763568394002505e-15,6.3555006529276685,1.6071428571428572,1.2217526772425376,1.285714285714286,0,39.58715861086682,47.035714285714285,27.321428571428562,5.090197109992907,2.3571428571428568,1.2499999999999998,4.321428571428571,0.18561232699507532,1.9285714285714288,0.4825023537987646,0.42857142853873714,1.1093107504892457,2.714285714285715,1.2857142857142858,2.558935056829526,1.8214285714285714,0.679607753,53.432876751045676,0.2995889776454266,0.31094447458422353,0.32142857039527284,0.17857142857142855,0.14285714267402247,0,0.4181243231972873,0,0.285714285,0.14285714273659086,0,3.6785714285714284,3.714285714285714,5.5,2.7500000000000004,2.1097077472853676,1.857142857142857,8.928956214642472,2.0707520258982957,1.3268626013763667,3.25,3.1428571428571432,76.70941868,50.20500958481388,15.928571428571427,44.225280703391505,63.00491782545748,25.95324329736767,43.92857142857143,32.66533272020969,5.359047109003786,175.5006171497678,133.84258573313215,82.49353834041594,74.43372715027749,35.15189713998189,1,75.94713338487603,60.40733446665489,6,41.507525468017015,19.68330956118126,96.24381885857343,70.44444101,22.74941029853441,0,315.27314207965753,175.53447020838183,0,112.74895687158916,0,76.86159107485486,0,74.16377944028315,36.79325046215722,8.966824788538645,52.21133726065575,44.27455861051319,0,0,0,0,0,0,0,0,0,0,0,0,0
TEST_06+4일,0,0,8.375531442727224,2.267509282933987,0.27144814619895674,0.5421240025286653,2.4285714285714284,0,5,0.40878097114091483,0,0,0.071428571,0,0,0,3.321428571428571,0.2857142852576933,0.2857142852620415,5.642350478449559,3.2857142857142856,0.4642857142857142,0.3712891841575987,1.1071428571428572,9.285714285714285,118,4,22.857142857142858,10.464285714285714,4.178571428571428,3.8214285714285707,3.522489593033509,2.997853316175712,1.4847151198746469,0,2.7855381915563235,45.92784300375505,5.821428571428571,2.5,33.36477246920481,15.535714285714288,1.3574683036494142,0,2.8214285714285716,0.5031132491490891,2.25,0.10885456702943291,6.2199808245195465,1.0947644252537633e-47,3.932154515327114,23.571428571428577,0.6785714285714284,8.716183874962635,0.714285714,2.440442520829084,0.7142857142857142,0.7717616181355208,1.4285714285714288,1.4931323318043723,0.39285714157504453,19.26071851,8.678571428571429,6.499193267782243,16.294436781313472,3.000000000000001,1.1785714285714286,4,1.258100333654377,3.3571428571428568,0.8629969084031661,2.2142857142857144,2.892857142857143,0.7965147534090511,0.5714285714285713,3.142857142857143,0.8022721351882304,1.0932747747731737,1.9122215265306546,0.8928571428571427,3.428571428571429,2.347135681935073,0,2.2499999999999996,1.110278619110685,2.2142857142857144,2.464285714285714,3.071428571428571,1.4079562931006295,3.3571428571428577,4.016770942734174,33.32142857142858,1.478234231648103,4.503169253219034,9.871968985,0.6428571428571427,1,0.5357142809775207,0.5598515344944753,1.7763568394002505e-15,6.254229357783466,1.6071428571428572,1.231438517112278,1.285714285714286,0,38.92415442370768,47.035714285714285,27.321428571428562,5.090197109992907,2.3571428571428568,1.2499999999999998,4.321428571428571,0.11695753692672367,1.9285714285714288,0.4949589031719641,0.42857142853873714,1.0919231791620827,2.714285714285715,1.2857142857142858,2.5204823086524244,1.8214285714285714,1.9098074315353641,17.229537350597845,0.3069708843119146,0.31094447458422353,0.32142857039527284,0.17857142857142855,0.14285714267402247,0,0.4181243231972873,0,0.285714285,0.14285714273659086,0,3.6785714285714284,3.714285714285714,5.5,2.7500000000000004,2.1097077472853676,1.857142857142857,8.811122902830926,2.345420297,1.2903571052426992,3.25,3.1428571428571432,75.87912812,49.82134701938276,15.928571428571427,44.225280703391505,63.00491782545748,42.48439234986498,43.92857142857143,30.837662172025638,4.433741653407063,175.5006171497678,133.84258573313215,78.60795533257011,61.87580764050202,29.736130225940535,2,67.85004845888938,60.40733446665489,6,36.56475675095452,19.68330956118126,84.73961896027836,96.14879656549058,20.27430633541906,0,286.3796607075957,151.23320213838804,0,116.49875145006511,0,63.36802229492095,0,82.06030885564806,36.79325046215722,8.966824788538645,51.273134151817914,37.85373365079967,0,0,0,0,0,0,0,0,0,0,0,0,0
TEST_06+5일,0.7149982207647427,0,8.944841373475214,2.267509282933987,0.27144814619895674,2.002540969591811,2.4285714285714284,0,1,0.4121573288141671,0,0,0.071428571,0,0,0,3.321428571428571,0.2857142852576933,0.2857142852620415,3.8252238873168407,3.2857142857142856,0.4642857142857142,0.3712891841575987,1.1071428571428572,9.285714285714285,17,4,22.857142857142858,10.464285714285714,4.178571428571428,3.8214285714285707,5.819478621096105,3.352021535527975,1.7943905947117376,0,2.8327867496251944,44.19368684940468,5.821428571428571,2.5,34.19103177109215,15.535714285714288,1.3574683036494142,0,2.8214285714285716,0.5031132491490891,2.25,0.43179103146727693,6.2199808245195465,0,3.9315085022741236,23.571428571428577,0.6785714285714284,8.716183874962635,0.714285714,0.8134808402763611,0.7142857142857142,0.5567458606170389,1.4285714285714288,2.133005539246818,0.39285714157504453,25.133685771901845,8.678571428571429,7.0313659704585945,16.465069686072802,0,1.1785714285714286,0,1.2695488554322136,3.3571428571428568,1.2248215029967695,2.2142857142857144,2.892857142857143,0.7624978211536124,0.5714285714285713,3.142857142857143,0.8022721351882304,1.0932747747731737,1.9122215265306546,0.8928571428571427,3.428571428571429,2.347135681935073,1.2031502635568214,2.2499999999999996,1.110278619110685,2.2142857142857144,2.464285714285714,3.071428571428571,1.2886737782040476,3.3571428571428577,4.005073053761136,33.32142857142858,1.478234231648103,4.503169253219034,9.830973844034698,0.6428571428571427,1,0.5357142809775207,0.7026867569818722,1.7763568394002505e-15,6.206574932609624,1.6071428571428572,1.2354098973099599,1.285714285714286,0,38.56013678689385,47.035714285714285,27.321428571428562,5.090197109992907,2.3571428571428568,1.2499999999999998,4.321428571428571,0.43333669640655653,1.9285714285714288,0.4916150708671862,0.42857142853873714,1.100482963553533,2.714285714285715,1.2857142857142858,2.5074676841924486,1.8214285714285714,1.1665323699623225,49.32760114785079,0.30939438337429476,0.31094447458422353,0.32142857039527284,0.17857142857142855,0.14285714267402247,0,0.4181243231972873,0,0.285714285,0.14285714273659086,0,3.6785714285714284,3.714285714285714,5.5,2.7500000000000004,2.1097077472853676,1.857142857142857,8.779354411769273,1.5749465918777257,1.2789138132555569,3.25,3.1428571428571432,74.01389424511922,49.620289224660766,15.928571428571427,44.225280703391505,63.00491782545748,39.37785147758494,43.92857142857143,30.210087255051402,3.508436198,175.5006171497678,133.84258573313215,91.62948240715359,60.24003137904893,25.870513455986654,0,63.29499889422899,60.40733446665489,6,35.19227551657346,19.68330956118126,76.13825150292493,89.34564216752277,24.21270312968969,0,356.2364426991708,213.90010792785225,0,161.0239084067715,0,83.03230580674281,0,105.98361986584574,36.79325046215722,8.966824788538645,64.61037625628691,52.45747180712164,0,0,0,0,0,0,0,0,0,0,0,0,0
TEST_06+6일,2.4893469212084383,0,6.995809844560014,2.267509282933987,0.27144814619895674,3.428512674847855,2.4285714285714284,0,4,0.4132799669805231,0,0,0.071428571,0,0,0,3.321428571428571,0.2857142852576933,0.2857142852620415,3.589646719940521,3.2857142857142856,0.4642857142857142,0.3712891841575987,1.1071428571428572,9.285714285714285,0,4,22.857142857142858,10.464285714285714,4.178571428571428,3.8214285714285707,4.731879077965884,3.352021535527975,1.521199775435831,0,2.854813055984958,41.92256627295521,5.821428571428571,2.5,31.62923715511876,15.535714285714288,1.3574683036494142,0,2.8214285714285716,0.5031132491490891,2.25,0.43179103146727693,6.2199808245195465,1,3.931284898774244,23.571428571428577,0.6785714285714284,8.716183874962635,0.714285714,0,0.7142857142857142,0.7537544665769536,1.4285714285714288,1.9012735474307614,0.39285714157504453,17.23120935136065,8.678571428571429,7.385903676096273,16.57516019027061,76,1.1785714285714286,0,1.2734609912411534,3.3571428571428568,0.8322146253538151,2.2142857142857144,2.892857142857143,0.7463214474259479,0.5714285714285713,3.142857142857143,0.9431819494092852,1.0932747747731737,1.9122215265306546,0.8928571428571427,3.428571428571429,2.347135681935073,1.8145249639221541,2.2499999999999996,1.110278619110685,2.2142857142857144,2.464285714285714,3.071428571428571,2.0953065782138554,3.3571428571428577,4.001533000173897,33.32142857142858,1.478234231648103,4.503169253219034,9.809924784,0.6428571428571427,2,0.5357142809775207,0.8041443019044827,1.7763568394002505e-15,6.184150570055402,1.6071428571428572,1.237038239393522,1.285714285714286,0,38.360275545475005,47.035714285714285,27.321428571428562,5.090197109992907,2.3571428571428568,1.2499999999999998,4.321428571428571,0.47063185461421186,1.9285714285714288,0.4925126881886037,0.42857142853873714,1.0962690392825998,2.714285714285715,1.2857142857142858,2.503062785768698,1.8214285714285714,1.7002994746752123,17.229537350597845,0.31019002438829196,0.31094447458422353,0.32142857039527284,0.17857142857142855,0.14285714267402247,0,0.4181243231972873,0,0.285714285,0.14285714273659086,0,3.6785714285714284,3.714285714285714,5.5,2.7500000000000004,2.1097077472853676,1.857142857142857,8.770789456674498,3.1464412004032765,1.2753267114387916,3.25,3.1428571428571432,71.86917478062348,49.51492518745518,15.928571428571427,44.225280703391505,63.00491782545748,37.79427832,43.92857142857143,29.994594218406178,4.433741653407063,175.5006171497678,133.84258573313215,111.98553395304852,67.33687926466321,24.253111191890454,2,57.93391532021607,60.40733446665489,6,36.203175773466285,19.68330956118126,71.35340331,90.24178476270886,23.524440133501276,0,462.1342231,271.9104073628873,0,155.50027532934854,0,76.79691246426944,0,148.4811628108335,36.79325046215722,8.966824788538645,64.77838190084968,62.16343781545069,0,0,0,0,0,0,0,0,0,0,0,0,0
TEST_06+7일,2.0457597460975143,0,9.360526640393498,2.267509282933987,0,0.6156788550587691,2.4285714285714284,0,0,0.4136532439181365,0,0,0.071428571,0,0,0,3.321428571428571,0.2857142852576933,0.2857142852620415,11.845516863150923,3.2857142857142856,0.4642857142857142,0.3712891841575987,1.1071428571428572,9.285714285714285,36,4,22.857142857142858,10.464285714285714,4.178571428571428,3.8214285714285707,1.2636263833157309,0.5186757807098719,0.9021815609083434,0,2.8650812671576036,31.69956814455692,5.821428571428571,2.5,23.696592907977468,15.535714285714288,1.3574683036494142,0,2.8214285714285716,0.5031132491490891,2.25,0.10885456702943291,0,0,3.9312075032403193,23.571428571428577,0.6785714285714284,8.716183874962635,0.714285714,6.820685896963672,0.7142857142857142,1.149944383176847,1.4285714285714288,1.949019762640945,0.39285714157504453,26.100692211700622,8.678571428571429,7.622099528,16.646189392590184,0,1.1785714285714286,0,1.274797828160765,3.3571428571428568,1.441134837803725,2.2142857142857144,2.892857142857143,0.7386289528467156,0.5714285714285713,3.142857142857143,0.6193055489760456,1.0932747747731737,1.9122215265306546,0.8928571428571427,3.428571428571429,2.347135681935073,0,2.2499999999999996,1.110278619110685,2.2142857142857144,2.464285714285714,3.071428571428571,2.0953065782138554,3.3571428571428577,4.0004616975286575,33.32142857142858,1.478234231648103,4.503169253219034,9.799117089889979,0.6428571428571427,4,0.5357142809775207,0.6790454179603713,1.7763568394002505e-15,6.173598516722919,1.6071428571428572,1.2377058908922747,1.285714285714286,0,38.25054318148542,47.035714285714285,27.321428571428562,5.090197109992907,2.3571428571428568,1.2499999999999998,4.321428571428571,0.4243172383231933,1.9285714285714288,0.49227173206931585,0.42857142853873714,1.0983435258524832,2.714285714285715,1.2857142857142858,2.501571914465939,1.8214285714285714,1.2555072898446824,17.229537350597845,0.3104512353922413,0.31094447458422353,0.32142857039527284,0.17857142857142855,0.14285714267402247,0,0.4181243231972873,0,0.285714285,0.14285714273659086,0,3.6785714285714284,3.714285714285714,5.5,2.7500000000000004,2.1097077472853676,1.857142857142857,8.768480299,0,1.2742022710716054,3.25,3.1428571428571432,69.95496762345674,49.45970932103424,15.928571428571427,44.225280703391505,63.00491782545748,87.85385493610966,43.92857142857143,29.920599468796887,7.209658020197232,175.5006171497678,133.84258573313215,196.38064917814424,73.63159959147956,24.394440801188246,1,55.58609422961363,60.40733446665489,6,38.355103697189705,19.68330956118126,70.16716132488136,65.06258120487041,43.277723478704715,0,645.0071992188174,386.79336508801475,0,241.895263,24.160235193821922,86.18642501,0,319.5473097010473,36.79325046215722,8.966824788538645,84.48545594191407,114.04732454816258,0,0,0,0,0,0,0,0,0,0,0,0,0
TEST_07+1일,2.953076422229869,0,11.043376018005294,9.546761926896881,0.17857142828062156,0.8845618438195606,1.4285714285714286,0,1.2142857142857142,0,0,0.4728043274453149,0.14285714276910996,0,0,0,3.571428571428571,0,1.006091712046806,5.2142857142857135,1.6785714285714284,0,0,0,16.39542231935815,4.535714285714286,0,13.820721688665454,0.1146293934962136,0.1279435513221997,0,1.9903083029987747,0.24243020540315507,0.5468457890358865,0,2.1784901014318274,31.754437438956174,1.8614441845036145,0.15700379208391757,16.450296522325026,0,0.9084839631698164,0,0,0.1428571418164006,1.269245370062082,0.14285714269093708,6.252610393581477,0.3890616818140696,8.395226607931189,10,0.4285714285714285,7,0.1264033733287172,1,0,0.5714285714285713,0.4285714246934047,0.036618723,0.35714285476296265,11.71448086391382,6.142857142857143,2.2879054397936516,2.6827123699629127,3.360279060673507,8.425288048433492e-18,0.041102886052706775,0.3711212992003914,1.0236233535540646,0.042580723,0,0,0.38563152299851916,0.17857142833078962,0.066767465,7.245393423226189e-22,0.003519185,0.6071428571350248,0.2857142823408196,0,0.4999999999999999,0.012908292762230647,0.077178412,6.367271140695569e-131,0.5484142984418928,6.44634716270371e-80,5.113696616568668e-17,0.026856870539635022,0,1.5929268328784484e-140,10.178571428571427,0.9285714285714285,7,5.285714285714285,0,1.0749185424806127,0.8434542404481513,0.14285714248101836,1.0194103300392592,6.762943878415035,1.201720162639763,1.1634832684863021,0.966355208,0,44.56232594484891,3.9112717444181286,8.513528541574773,2.75,1.464285714285714,0.011177003703642645,3.714285714285714,0.4242200669565469,3.761779254873559,0.6071428571428572,0.14285714269093708,0.6835602226911557,1.0357142857142856,0.9036135146411892,0.769075057,2.435591874,0.9285714285714285,5.785714285714286,0.071428571,0.071428571,0.001819145,0,0.12715663634267232,0,0,0.6071428571428571,0.11913606050190786,0,5.577598370203495,6.621224899964836,0.030295127752492768,3,2.2157555586008573,0.9285714285714284,1.4597352503529923,4.667990257757045,1.819531955524082,1.142857142857143,2.246369976844252,2.3376636931209283,1,0,3.772030434120793e-32,0,2,0,2,1.402757983365378e-191,4.413771747845291e-119,3,0,1.8604754588164403e-25,8,3,0,0,3.0000000000000004,5.7290098591837144e-98,2,0,1.0000000000000004,0,1.569120986844213e-23,0,16.239263863273877,3.1144465537336436e-28,2.244813847760905e-127,0,0,0,0,0,0,0,0,0,0,0,0,0,0,0,0,0,0,0,0,0,0
TEST_07+2일,1.9206034883329104,0,8.147773701952811,2.4362226543297005,0.17857142828062156,1.1043644116408626,1.4285714285714286,0,1.2142857142857142,0,0,0.22354393205101658,0.14285714276910996,0,0,0,3.571428571428571,0,0.5888141351593141,5.2142857142857135,1.6785714285714284,0,0,0,16.395422319358147,4.535714285714286,0,15.275865097402484,0.1146293934962136,2.4362822870162577,0,1.8514286715473953,0.242430205,0.4392831135949824,0,1.8516840200072373,0,1.8614441845036145,0.9396873288045721,14.938555410378601,0,0.8777122924307541,0,0,0.1428571418164006,1.3555867688479846,0.14285714269093708,1.961342780562386,0.15136899225599235,1.2855074051507633,10,0.4285714285714285,7,0.1264033733287172,1,0,0.5714285714285713,0.4285714246934047,0.036618723,0.35714285476296265,3.5706967603231714,6.142857142857143,0.1839525106978619,3.398640671666632,2.7926094432074793,1.7258350831239071e-18,0.041102886052706775,0.4739256310049518,1.4650635229427504,0.042580723,0,0,0.5730524071487485,0.17857142833078962,0.066767465,0,0.003519185,0.6071428571350248,0.2857142823408196,0,0.4999999999999999,0.012908292762230647,0.018637565,2.5716773112546276e-131,0.8686951275539794,1.946695936869585e-79,7.841236437696566e-17,0.1554264175500339,0,1.0137264103174377e-140,10.178571428571427,0.9285714285714285,7,5.285714285714285,0.8407942806237569,0.7358566252632446,0.3692783918855922,0.14285714248101836,1.0194103300392592,3.342620437337126,2.668354498979809e-16,0.6198068892964363,1.1569639370451323,0,31.92426796376397,3.911271744418128,15.110479869835642,2.75,1.464285714285714,0.004922368,3.714285714285714,0.4242200669565469,0.8873256291287328,0.6071428571428572,0.14285714269093708,0.615465906,1.0357142857142856,0.8742873028762844,0.769075057,0.8527343922514898,0.9285714285714285,5.785714285714286,0.071428571,0.071428571,0.001819145,0,0.14283514294567393,0,0,0.6071428571428571,0.11913606050190786,0,7.4280347465316865,4.843053079662756,1.1217319116620945,3,1.5687204326864177,0.9285714285714284,1.2933378159330977,4.667990257757045,1.7335948481299719,1.142857142857143,2.361897819569006,2.216867967850222,1,0,0,0,2,0,2,1.402757983365378e-191,4.8363184832999775e-120,3,0,2.8571587403252474e-25,8,3,0,0,3.0000000000000004,2.7118192245097617e-98,2,0,1,0,0,0,0,2.818154189538941e-16,2.244813847760905e-127,0,0,0,0,0,0,0,0,0,0,0,0,0,0,0,0,0,0,0,0,0,0
TEST_07+3일,1.3998217792321395,0,6.456196369642382,0,0.17857142828062156,0.8404198838568474,1.4285714285714286,0,1.2142857142857142,0,0,0.10569253844786207,0.14285714276910996,0,0,0,3.571428571428571,0,0.41362636553957166,5.2142857142857135,1.6785714285714284,0,0,0,16.39542231935815,4.535714285714286,0,17.199314175587247,0.1146293934962136,2.9412049157080453,0,1.8514286715473953,0.24243020540315502,0.4392831135949824,0,1.7216768039746082,0,1.8614441845036145,0.9612222812080282,14.294737918601541,0,0.867365519,0,0,0.1428571418164006,1.383274662395002,0.14285714269093708,1.961342780562386,0.058891875,1.1339910711918006,10,0.4285714285714285,7,0.1264033733287172,1,0,0.5714285714285713,0.4285714246934047,0.036618723,0.35714285476296265,1.4275956804303833,6.142857142857143,2.5223633756857673,3.398640671666632,2.596082835011338,0,0.041102886052706775,0.502403465,1.4650635229427504,0.042580723,0,0,0.5730524071487485,0.17857142833078962,0.066767465,0,0.003519185,0.6071428571350248,0.2857142823408196,0,0.4999999999999999,0.012908292762230647,0.075401671,4.834268647441444e-131,1.055743149,2.558265412906977e-80,2.7919679521836586e-17,0.48806743758152854,0,1.2243281294740212e-140,10.178571428571427,0.9285714285714285,7,5.285714285714285,0.8407942806237572,0.6115832623364905,0.5743405528076354,0.14285714248101836,1.0194103300392592,3.342620437337126,0,0.6198068892964363,0.8710508433882946,0,23.173004116491594,3.9112717444181277,11.321695212601199,2.75,1.464285714285714,0.004922368,3.714285714285714,0.4242200669565469,0.8873256291287328,0.6071428571428572,0.14285714269093708,0.615465906,1.0357142857142856,0.8653646132141551,0.769075057,0.8527343922514898,0.9285714285714285,5.785714285714286,0.071428571,0.071428571,0.001819145,0,0.14283514294567393,0,0,0.6071428571428571,0.2035931353651239,0,8.041939613029575,3.907242044923122,1.9881008279060253,3,1.3340808034667686,0.9285714285714284,1.2420886715097132,4.667990257757045,1.6926724430099211,1.142857142857143,1.9332539774263946,1.5147503812905843,1,0,0,0,2,0,2,1.402757983365378e-191,3.983133179431611e-119,3,0,2.8571587403252474e-25,8,3,0,0,3.0000000000000004,4.4807172481569295e-98,2,0,1.0000000000000002,0,0,0,7.438527743848219,1.4090770947395778e-15,2.244813847760905e-127,0,0,0,0,5.701590331676587,0,0,0,0,0,0,0,0,0,0,0,0,0,0,0,0,0
TEST_07+4일,1.1371382941452681,0,5.4679964862110815,0,0.17857142828062156,1.231467147354278,1.4285714285714286,0,1.2142857142857142,0,0,0.04997189,0.14285714276910996,0,0,0,3.571428571428571,0,0.34007639227413805,5.2142857142857135,1.6785714285714284,0,0,0.015246238279302701,16.39542231935815,4.535714285714286,0,17.734512554796005,0.1146293934962136,2.8304121775337134,0,1.8514286715473953,0.24243020540315502,0.4392831135949824,0,1.6699584389219226,0,1.8614441845036145,1.477132712161059,14.020550123189654,0,0.8638864835734051,0,0,0.1428571418164006,1.3921535948636772,0.14285714269093708,1.961342780562386,0.022912571816594673,1.2894657813149377,10,0.4285714285714285,7,0.1264033733287172,1,0,0.5714285714285713,0.4285714246934047,0.036618723,0.35714285476296265,1.4275956804308956,6.142857142857143,2.361415410413679,3.398640671666632,2.5280455356020717,2.818668037162241e-18,0.041102886052706775,0.5102921109959848,1.4650635229427504,0.042580723,0,0,0.5730524071487485,0.17857142833078962,0.066767465,0,0.003519185,0.6071428571350248,0.2857142823408196,0,0.4999999999999999,0.012908292762230647,0.020360380930019892,3.4855153865210896e-131,1.1649815398056451,9.353023011796613e-80,1.1007066271498497e-17,0.46090824536566477,0,1.1477517279658946e-140,10.178571428571427,0.9285714285714285,7,5.285714285714285,0.8407942806237574,0.5660344467694982,0.3692783918855922,0.14285714248101836,1.0194103300392592,3.342620437337126,6.417676790819489e-27,0.6198068892964363,0.929968581,0,21.471159860638643,3.9112717444181277,13.497683553973339,2.75,1.464285714285714,0.004922368,3.714285714285714,0.4242200669565469,0.8873256291287328,0.6071428571428572,0.14285714269093708,0.615465906,1.0357142857142856,0.862649827,0.769075057,0.8527343922514898,0.9285714285714285,5.785714285714286,0.071428571,0.071428571,0.001819145,0,0.14283514294567393,0,0,0.6071428571428571,0.11913606050190786,5.469645975963283e-19,8.24561005,3.4147461664361436,2.3910437818532055,3,1.2489915194460202,0.9285714285714284,1.2263043247540946,4.667990257757045,1.673185596272928,1.142857142857143,2.0941517998560997,1.4002016089219222,1,0,0,0,2,0,2,1.402757983365378e-191,8.670839090500825e-120,3,0,4.651188649884692e-26,8,3,0,0,3.0000000000000004,3.443659734420815e-98,2,0,1.0000000000000002,0,0,0,2.884909459651273,2.818154189271158e-16,2.244813847760905e-127,0,0,0,0,7.895390271102852,0,0,0,0,0,0,0,0,0,0,0,0,0,0,0,0,0
TEST_07+5일,1.0046401435160328,0,4.890701560959371,1.4245731654868208,0.17857142828062156,1.1169567702529595,1.4285714285714286,0,1.2142857142857142,0,0,0.023626925633088332,0.14285714276910996,0,0,0,3.571428571428571,0,0.3091975325278903,5.2142857142857135,1.6785714285714284,0,0,0,62.39542231935816,4.535714285714286,0,17.34465993455993,0.1146293934962136,3.2314549948307434,0,1.8514286715473953,0.24243020540315502,0.4392831135949824,0,1.6493842787687543,0,1.8614441845036145,1.5009434381519677,13.903779535075742,0,0.8627166806727917,0,0,0.1428571418164006,1.3950008841184347,0.14285714269093708,1.961342780562386,0.008914404,1.137949447355989,10,0.4285714285714285,7,0.1264033733287172,1.441326735156707,0,0.5714285714285713,0.4285714246934047,0.036618723,0.35714285476296265,1.4275956804308956,6.142857142857143,2.343608028052859,3.398640671666632,2.5044910960613143,6.18252528405702e-18,0.041102886052706775,0.5124773453478647,1.4650635229427504,0.042580723,0,0,0.5730524071487485,0.17857142833078962,0.066767465,2.306635952401924e-22,0.003519185,0.6071428571350248,0.2857142823408196,0,0.4999999999999999,0.012908292762230647,0.073731143,4.289520656827264e-131,1.2287781301824348,1.489900545634309e-79,1.0368204936665873e-17,0.3826147707317803,0,1.1755954952979834e-140,10.178571428571427,0.9285714285714285,7,5.285714285714285,0.840794281,0.5493398426267045,0.3692783918855922,0.14285714248101836,1.6254496948403878,3.342620437337126,0,0.6198068892964363,0.929968581,0,23.139295708887587,3.9112717444181277,12.247962155121481,2.75,1.464285714285714,0.004922368,3.714285714285714,0.4242200669565469,0.8873256291287328,0.6071428571428572,0.14285714269093708,0.615465906,1.0357142857142856,0.8618238359352625,0.769075057,0.8527343922514898,0.9285714285714285,5.785714285714286,0.071428571,0.071428571,0.001819145,0,0.14283514294567393,0,0,0.6071428571428571,0.17224248822056645,0.031229960892619923,8.313180205,3.155556884281392,2.482739263234738,3,1.2181348978291067,0.9285714285714284,1.2214428659862497,4.667990257757045,1.6639061515619669,1.142857142857143,1.828301536414735,1.331292707312513,1,0,0,0,2,0,2,1.402757983365378e-191,3.6416972429986386e-119,3,0,4.6511866747195273e-26,8,3,0,0,3.0000000000000004,4.051658766823517e-98,2,0,1.0000000000000002,0,0,0,3.3428760849378945,2.818154189271158e-16,2.244813847760905e-127,0,0,0,0,9.044720647,0,0,0,0,0,0,0,0,0,0,0,0,0,0,0,0,0
TEST_07+6일,0.9378077733182576,0,4.553452552626994,2.054228639086316,0.17857142828062156,0.7513190711439492,1.4285714285714286,0,1.2142857142857142,0,0,0.011170913,0.14285714276910996,0,0,0,3.571428571428571,1,0.29623350362488365,5.2142857142857135,1.6785714285714284,0,0,0,61.39542231935816,4.535714285714286,0,16.941659469558356,0.1146293934962136,3.345391341549449,0,1.8514286715473953,0.24243020540315502,0.4392831135949824,0,1.6411996413468828,1.090660118764818,1.8614441845036145,1.8619880339206585,13.854049494291157,0,0.8623233420740708,0,0,0.1428571418164006,1.3959139506530502,0.14285714269093708,1.961342780562386,0.003468253,2.383827860469407,10,0.4285714285714285,7,0.1264033733287172,1.441326735156707,0,0.5714285714285713,0.4285714246934047,0.036618723,0.35714285476296265,2.2548990334722077,6.142857142857143,2.7769178665157312,3.398640671666632,2.4963365745430246,3.50872602845959e-18,0.041102886052706775,0.5130826772376414,1.4650635229427504,0.042580723,0,0,0.5730524071487485,0.17857142833078962,0.066767465,2.2142773081245087e-23,0.003519185,0.6071428571350248,0.2857142823408196,0,0.4999999999999999,0.012908292762230647,0.021980207,3.810245096641407e-131,1.2660361391702644,4.826914020635293e-80,1.0778715179261125e-17,0.5553912720445362,0,1.1654712877879032e-140,10.178571428571427,0.9285714285714285,7,5.285714285714285,0.8407942806237569,0.5432209171614604,0.3692783918855922,0.14285714248101836,2.8375284244426453,3.342620437337126,0,0.6198068892964363,0.8710508433882946,0,24.76947400766697,9.769176532480461,12.965706614066237,2.75,1.464285714285714,0.004922368,3.714285714285714,0.4242200669565469,0.8873256291287328,0.6071428571428572,0.14285714269093708,0.615465906,1.0357142857142856,0.8615725227620896,0.769075057,0.8527343922514898,0.9285714285714285,5.785714285714286,0.071428571,0.071428571,0.001819145,0,0.14283514294567393,0,0,0.6071428571428571,0.17224248822056645,0.045833602392415795,8.335597428689027,3.019151511326232,2.4487034223491335,3.9038706290132597,1.206945109260934,0.9285714285714284,1.2199455736549696,4.667990257757045,1.6594873712787352,1.142857142857143,1.9756839654697873,2.2555380417232063,1,0,13.02311561821487,0,2,0,2,1.402757983365378e-191,1.171107568406452e-119,3,0,4.6511866747195273e-26,8,3,0,0,3.460600140641536,3.695205225427466e-98,2,0,2.9898898825716147,0,0,0,6.328216313046302,2.818154189271158e-16,2.244813847760905e-127,0,0,0,0,9.663539107761657,0,0,0,0,0,0,0,0,0,0,0,0,0,0,0,0,0
TEST_07+7일,0.9040973729463226,0,4.356435588426969,1.8059896568731877,0.17857142828062156,0.7736504861132304,1.4285714285714286,0,1.2142857142857142,0,0,0.005281656,0.14285714276910996,0,0,0,3.571428571428571,3.0000000000000004,0.29079074936585014,5.2142857142857135,1.6785714285714284,0,0,0,16.39542231935816,4.535714285714286,0,16.859672020521636,0.1146293934962136,4.255876916746033,0,1.8514286715473953,1.0890305709088122,0.4392831135949824,0,1.6379436984928955,1.6938843509766397,1.8614441845036145,1.262679817339992,13.832870557057202,0,0.862191085,0,0,0.1428571418164006,1.3962067521291355,0.14285714269093708,1.961342780562386,0.6881110806959837,4.359889420828665,10,0.4285714285714285,7,0.1264033733287172,1.441326735156707,0,0.5714285714285713,0.4285714246934047,0.036618723,0.35714285476296265,4.185273523901936,6.142857142857143,3.751290536306007,3.398640671666632,2.4935134880044045,5.634025033294861e-18,0.041102886052706775,0.5132503602582134,1.4650635229427504,0.042580723,0,0,0.5730524071487485,0.17857142833078962,0.066767465,2.0110285644638127e-22,0.003519185,0.6071428571350248,0.2857142823408196,0,0.4999999999999999,0.012908292762230647,0.072160479,4.0959460380096057e-131,1.2877952837505402,1.0440931626833841e-79,1.0514935466688972e-17,0.31899707117684567,0,1.1691525273444857e-140,10.178571428571427,0.9285714285714285,7,5.285714285714285,3.840794280623757,0.5409782015792897,1.0976712095658223,0.14285714248101836,1.0194103300392592,3.342620437337126,3.592259268121067,0.6198068892964363,2.2821206594401993,0,25.304416298520202,3.9112717444181273,21.641413000647233,2.75,1.464285714285714,0.004922368,3.714285714285714,0,0.8873256291287328,0.6071428571428572,0.14285714269093708,0.615465906,1.0357142857142856,0.8614960591032235,0.769075057,0.8527343922514898,0.9285714285714285,5.785714285714286,0.071428571,0.071428571,0.001819145,0,0.14283514294567393,0,0,0.6071428571428571,0.11913606050190786,1.528085549172553e-05,8.343034616541033,2.947364492911145,2.3969706071094588,4.355805943519889,1.2028872648943372,0.9285714285714284,1.2194844190031726,4.667990257757045,1.6573831915783686,1.142857142857143,1.7997761912532202,3.0150947606681466,1,0,0,0,2,0,2,1.402757983365378e-191,3.370986472439246e-119,3,0,4.6511866747195273e-26,8,4.541537569695582,0,0,4.3818004219246065,3.9041843855943365e-98,2,0,1.497472470642904,0,0,0,0,2.8181541892711584e-16,2.244813847760905e-127,0,0,0,0,0,0,0,0,0,0,0,0,0,0,0,0,0,0,0,0,0,0
TEST_08+1일,0,14.714285714285714,5.610463301653024,5.159312169488802,0.6531125803057259,0.5765605440066076,9.821428571428571,0,1.857142857142857,0.39285714285364315,1.5,0.42857142647158547,0,0,0,0,29.96428571428571,0.6071428568181578,0.35714285607865265,28.32142857142857,10.214285714285715,0,0,2.6742325315464115e-28,14.122414844522934,12.857142857142854,3.1071428571428568,38.25,25.21526862496669,1.696116246599726,3.204418707070632,2.699000029,0.6597496936343635,1.424100380597095,1.0332546062795493e-05,2.285714285714286,40.869536845721925,0,2.4426963812289046,22,24.88237228794642,0.7499999999999999,2.607142857142857,0,0.28571428367887186,1.8153583814475938,0.9939132315875141,2.321428571428571,0.17857142846774757,2.0655737144960824,2.435702549311678,0,2.5979860355207887,1,4.597701393,0,0.9285714285714285,1.1452590925831494,0.6428571428571428,0,7.211834692241718,10.310145876276431,20.872269912845603,10,34.129115624958544,1.0357142857142854,0.5357142857078178,1.3928571428571428,3.107142857142857,0.3909674439615446,3.5614766280391406,1.8453776924904508,0.6181242194713139,0.6071428567486039,2.807923998796266,0,0,1.5357142857142858,0.7857142857142856,0,0.6428571417057695,0.9642857142857142,0.9642857142857141,1.8214285714285714,1.646650793301371,1.5357142857142856,2.3214285714285707,1.142857142857143,3.25,2.9999999999999996,6.321428571428571,2.5057344331831475,1.6020490189179708,1.3655944094135781,0.17963779226014082,0,0,0.3214285685089753,18.20407394083915,2.125774926320722,5.813114420224355,0,4.114901316,0,187,23.195267170854855,32.41128736662638,0,0.42909156012674343,1.0456992159315321,3.800269777859825,0.4285714285714285,0.33650512467405147,1.490134836733157,0.15480311049750434,0.6785714274255018,0.5971022037516713,0,1.245611921956403,1.7427180924637304,0,16.32142857142857,0.010119780295056353,0.3582267374679191,0,0,0,0,3.8163815052785047e-25,0,0,0.13864549095592152,7.506671063062211,0.5831548184181614,0,0.010881006,0.30398264141353704,0,0.9053004623358561,0,0.2497259280570889,0.2857138608929711,1.0591200299832002,0,2.714285714285715,0,0,36.06844432,3.216543165260865,0,1.4032592552393208,0,0,12.333866868844101,0,0,12.834758639903919,4.174649311385892,47.61904762,0,8.842867675893629,0.32142857122645846,8.859022705091778,2.020879743,6.061957431080639,0,0,7.0132020372531105,0,0.8928571428571428,0,0.9285714285714285,0,0.9285714285714284,2.607142857142857,3.214285714285714,0.3928571428571428,0.3571428571428571,0.1428571428571232,0.75,24.61904761904762,35.94102495291385,39.42190920226396,11.339098907488054,22.333333333333336,42.494158965548586,33.74542907359598,73.73251859691726,64.57439094108693,79.19047619047619,99.10401736597731,10.999999999999998,62.26649991395452
TEST_08+2일,0,14.714285714285714,1.198449325862682,6.959212502668292e-28,0.4336744349450309,1.1458879049026407e-27,9.821428571428571,0,1.857142857142857,0.39285714285364315,1.5,0.42857142647158547,0,0,0,0,29.96428571428571,0.6071428568181578,0.35714285607865265,28.32142857142857,10.214285714285715,1.652267427824249,0.4415249389542228,6.784598645239605e-17,16.39982084186065,12.857142857142854,3.1071428571428568,38.25,9.887100249112715,1.7874603798376625,1.5930010838821484,2.3258777670562294,1.0590098969974537,0.32340348102461314,0,2.285714285714286,12.252513180621246,0,1.8149146807608745,9,8.545224380793073,0.7499999999999999,2.607142857142857,0,0.28571428367887186,0.1449556490331641,0.2381694443460824,2.321428571428571,0.17857142846774757,1.9168255246721109,3.3770178562387825,0.1266555248143522,5.204600866,0,4.597701393,1,0.9285714285714285,0.4154256358506408,0.6428571428571428,0.26307992241072287,3.3036909335156954,3.9146681961822596,4.1616138146210675,10,7.006937632,1.0357142857142854,0.5357142857078178,1.3928571428571428,3.107142857142857,0.15673178864995574,3.850602347423624,0.7806768294449944,0.9110025894690719,0.6071428567486039,1.6495282774344873,0,0,1.5357142857142858,0.7857142857142856,0,0.6428571417057695,0.9642857142857142,0.9642857142857141,1.8214285714285714,0.5607652558493942,1.5357142857142856,2.3214285714285707,1.142857142857143,3.25,2.9999999999999996,6.321428571428571,1.1851678911064023,1.3952698642242036,1.3655944094135781,0.2774014134503982,0,0,0.3214285685089753,18.725251115436752,4.028981090061044,5.231863590116285,0,3.2068581743016145,0,0,76.0663349,18.039822326333237,0,0.42909156012674343,0,0,0.4285714285714285,0.9123254589687968,0.4061536618744935,0.21031889232836917,0.6785714274255018,1.0381679673804705,0,1.1308361524446386,0.7427180924637304,0,16.32142857142857,0.8057815855706969,0.389551844,0.6180371525857427,0,0,0,0.9999999999999998,0.11570220386857794,1,0.2803108877520071,7.506671063,0.5831548184181613,0,0,0.30398264141353704,0,0.4097844635435579,0,0.24972592805708893,0.2857138608929711,0.797080732,0,2.714285714285715,0,0,64.12453114376544,1.5585424273874298,0,2.6561999098612703,0,0,6.809524890518434,0,0,14.680784827827106,1.3168643936450684,47.61904762,0,3.790755915259579,0.32142857122645846,3.4198439132936884,1.4965449988184427,2.1856041129958417,0,0,7.339402684951446,0.669666185,0.8928571428571428,0,0.9285714285714285,0,0.9285714285714284,2.607142857142857,3.214285714285714,0.3928571428571428,0.3571428571428571,0.1428571428571232,0.75,16.619047619047613,17.31195484599438,27.7122158,5.8018471520864665,17.33333333333333,24.42040622497872,12.048921202144586,0,32.66494006811903,23.190476190476183,90.69868163342113,8.999999999999998,62.26649991395452
TEST_08+3일,2,14.714285714285714,4.139791976389577,1.2257906184937604,0.4336744093003703,2,9.821428571428571,0,1.857142857142857,0.39285714285364315,1.5,0.42857142647158547,0,0,0,0,29.96428571428571,0.6071428568181578,0.35714285607865265,28.32142857142857,10.214285714285715,1.292319005170536,0.4415249389542228,0,16.39982084186065,12.857142857142854,3.1071428571428568,38.25,13.542831116803875,2.0267716674727283,2.1597089321995147,1.7110747503712715,1.0590098969974537,0.32340348102461314,0,2.285714285714286,13.742858310316747,0,1.2070982394297505,9,18.528003606705354,0.7499999999999999,2.607142857142857,0,0.28571428367887186,0.30265206592108973,0.2381694443460824,2.321428571428571,0.17857142846774757,1.9168255246721109,0,0,0.4917836303088263,0,4.597701393,2,0.9285714285714285,0.4154256358506408,0.6428571428571428,0.2630799211555566,2.974582692389603,2.2926949074356906,7.099561875404563,10,10.302512748262115,1.0357142857142854,0.5357142857078178,1.3928571428571428,3.107142857142857,0.2078064086761307,3.313665799194513,1.2850065742673071,0.9110025894690719,0.6071428567486039,2.807923998796266,0,0,1.5357142857142858,0.7857142857142856,1,0.6428571417057695,0.9642857142857142,0.9642857142857141,1.8214285714285714,1.646650793301371,1.5357142857142856,2.3214285714285707,1.142857142857143,3.25,2.9999999999999996,6.321428571428571,1.505734433183148,1.1999004565040303,1.3655944094135781,0.2774014134503982,0,0,0.3214285685089753,20.441138142295433,2.125774926320722,7.556866910548564,2,3.206858174301615,0,0,57.71472304566156,5.351165928529939,1.808563954480542,0.15139268952319831,0,1.6099540496251827,0.4285714285714285,0.33650512467405147,0.49843779781311426,0.21031889232836917,0.6785714274255018,1.038167967380469,0,0.19992867670162764,1.7427180924637304,0,16.32142857142857,0.8057815825784715,0.389551844,8.210303986815552e-26,0,1,0,1,0,2,0.7832548943985985,7.506671063,0.5831548184181613,6.39574435935151e-17,0,0.303982641,0,0.18548903214785273,0,0.2497259280570889,0.2857138608929711,0.797080732,0,2.714285714285715,0,150,64.12453114376544,5.117084854774859,0,0.13965313014913838,0,0,13.82899847317897,0,0,11.278192566526943,0.914098017,272.6190476190476,0,2.760763858,0.32142857122645846,4.677487531339429,0.6489329877342815,4.994720818,0,0,4.1820105415502695,0.669666185,0.8928571428571428,0,0.9285714285714285,0,0.9285714285714284,2.607142857142857,3.214285714285714,0.3928571428571428,0.3571428571428571,0.1428571428571232,0.75,66.61904761904762,33.94136824947462,45.02219735323938,13.436911424116733,32.33333333333333,39.19617340643018,26.042115690635875,174.88562682031045,74.60604236843014,195.19047619047618,122.74402411379154,28,62.26649991395452
TEST_08+4일,0,14.714285714285714,1.9337849884944056,1.7028111760902729,0.43367444761933915,0.5765605440066077,9.821428571428571,0,1.857142857142857,0.39285714285364315,1.5,0.42857142647158547,0,0,0,0,29.96428571428571,0.6071428568181578,0.35714285607865265,28.32142857142857,10.214285714285715,0.7428348489659901,0.4415249389542228,0.5000009921306086,16.39982084186065,12.857142857142854,3.1071428571428568,38.25,14.263944935700287,2.0267716674727283,2.1968264473702295,1.7110747503712718,0.6597496936343635,0.8737519308108541,0,2.285714285714286,10.582224862315277,0,0.9936940528959372,5,11.876650427216397,0.7499999999999999,2.607142857142857,0,0.28571428367887186,1.0496470897373253,0.2381694443460824,2.321428571428571,0.17857142846774757,1.9168255246721109,5.157511936330548,0.016041621965427477,1.931866535738255,0,4.597701393,0,0.9285714285714285,0.4154256358506408,0.6428571428571428,0,0.6005565419264585,2.9764142232106936,40.497765135586135,10,16.944721360161424,1.0357142857142854,0.5357142857078178,1.3928571428571428,3.107142857142857,0.15673178864995574,2.565564511929209,1.2850065742673071,0.9110025894690719,0.6071428567486039,2.035660185,1,0.9999999999999999,1.5357142857142858,0.7857142857142856,3,0.6428571417057695,0.9642857142857142,0.9642857142857141,1.8214285714285714,2.189593562027359,1.5357142857142856,2.3214285714285707,1.142857142857143,3.25,2.9999999999999996,6.321428571428571,0.8263009752598932,0.28329480323666667,2.253838522105174,0.2774014134503982,0,0,0.3214285685089753,22.148773706088427,2.125774926320722,5.231863590116285,1,3.146343644797138,0,0,54.22399915163771,4.085415896361889,0,0.7458599758678524,0.5228496079657661,0.7153273514927341,0.4285714285714285,0.33650512467405147,0.8065039507939429,0.21031889232836917,0.6785714274255018,0.597102204,0,0.5322098281129743,0.7427180924637304,0,16.32142857142857,0.6196549136037318,0.389551844,0,1,0,0,0.8418410710825917,0,0,0.1386454909559215,72.08664187879576,0.5831548184181612,9.768222730767856e-18,0,0.3039826414135371,0,0.083961653,0,0.24972592805708893,0.2857138608929711,0.7970807320687938,0,2.714285714285715,0,225,64.12453114376544,4.558542427,0,0.1396531301491386,0,0,8.314393286183568,0,0,14.210608288945963,0.092885282,272.6190476190476,0,3.230434695,0.32142857122645846,2.591796852069512,0.6489329877342815,3.6237807720382404,0,0,4.901665527244905,0.669666185,0.8928571428571428,0,0.9285714285714285,0,0.9285714285714284,2.607142857142857,3.214285714285714,0.3928571428571428,0.3571428571428571,0.1428571428571232,0.75,46.61904761904761,26.316243164609702,46.549548667141764,14.56885481825776,37.33333333333333,37.91477909179111,22.773745067172406,128.96218093200704,74.36160536386215,92.19047619047618,214.67738368862467,57,62.26649991395452
TEST_08+5일,5.000000000000001,14.714285714285714,2.6691206511261294,3.4515812369875203,1.2315340130727175,1.2703183679801768,9.821428571428571,0,1.857142857142857,0.39285714285364315,1.5,0.42857142647158547,0,0,0,0,29.96428571428571,0.6071428568181578,0.35714285607865265,28.32142857142857,10.214285714285715,0.5352534515176778,0.4415249389542228,0.49999900786939155,16.39982084186065,12.857142857142854,3.1071428571428568,38.25,13.536402898932728,2.0267716674727283,1.254492513281757,2.3258777670562294,1.857530303723634,0.32340348102461314,0,2.285714285714286,13.531596277913788,0,1.5998953336431576,13,14.90035124,0.7499999999999999,2.607142857142857,0,0.28571428367887186,0.14495564903316396,0.2381694443460824,2.321428571428571,0.17857142846774757,1.9168255246721109,2.140416979809382,0,9.737797910679394,0,4.597701393,1,0.9285714285714285,0.4154256358506408,0.6428571428571428,0.2630799157289157,2.981682104370642,2.185398742791081,2.411251379784283,10,5.006937632,1.0357142857142854,0.5357142857078178,1.3928571428571428,3.107142857142857,0.15673178864995574,3.579541141297022,1.7893363190896197,0.9110025894690719,0.6071428567486039,3.966319720158044,1,0,1.5357142857142858,0.7857142857142856,3,0.6428571417057695,0.9642857142857142,0.9642857142857141,1.8214285714285714,0.5607652558493942,1.5357142857142856,2.3214285714285707,1.142857142857143,3.25,2.9999999999999996,6.321428571428571,0.5057344331831478,0.9680412320546321,3.1420826347967705,0.2774014134503982,10,0,0.3214285685089753,11.90997903627741,3.3945790354809366,5.231863590138429,0,2.6318075443078683,0,0,111.25410857114724,5.571322390669335,0,0.42909156012674343,0,0.13286003569931168,0.4285714285714285,0.33650512467405147,0.4901742559848508,0.21031889232836917,0.6785714274255018,0,0,0.698350404,0.7427180924637304,0,16.32142857142857,0.9999999718379575,0.389551844,1,2,1,0,1,0,1,0.7832548943985985,86.35601467634248,0.5831548184181613,2.4898062852262336e-17,0,0.3039826414135371,0,0.038005262,0,0.24972592805708893,0.2857138608929711,0.797080732,0,2.714285714285715,0,5.684341886080802e-14,64.12453114376544,3.039028284924953,0,1.4419485363315019,0,0,6.848472055839502,0,0,9.114013608,0.40028839400293725,322.6190476190476,0,7.265453324113426,0.32142857122645846,2.5146110345015296,0.9356625313738423,5.994720818,0,0,5.1466717898486545,0.669666185,0.8928571428571428,0,0.9285714285714285,0,0.9285714285714284,2.607142857142857,3.214285714285714,0.3928571428571428,0.3571428571428571,0.1428571428571232,0.75,40.61904761904762,37.94102495291385,43.49484603933699,20.66177857996305,45.33333333333333,48.420014780356595,29.133584621532975,68.03873504370364,85.41392870055574,66.19047619047618,241.9947248194322,62,62.26649991395452
TEST_08+6일,2,14.714285714285714,5.610463301653024,5.229794424034877,1.9780625105884642,5.081273471920707,9.821428571428571,0,1.857142857142857,0.39285714285364315,1.5,0.42857142647158547,0,0,0,0,29.96428571428571,0.6071428568181578,0.35714285607865265,28.32142857142857,10.214285714285715,1.7256685196144232,0.4415249389542228,1,16.39982084186065,12.857142857142854,3.1071428571428568,38.25,24.048492915574723,2.0267716674727283,3.093545926966854,4.170286817111102,1.0590098969974537,0.32340348102461314,0,2.285714285714286,40.515639118365826,0,2.2069836371800373,32,16.821803279490258,0.7499999999999999,2.607142857142857,0,0.28571428367887186,3.290632161186032,0.2381694443460824,2.321428571428571,0.17857142846774757,1.9168255246721109,6.9238166632762255,0.00203176,7.0986797009668345,4,4.597701393,0,0.9285714285714285,1.415425635850641,0.6428571428571428,0.9436850011127076,4.910011498,5.7512338142180495,9.708938064228374,10,7.179176863787429,1.0357142857142854,0.5357142857078178,1.3928571428571428,3.107142857142857,0.13999236078526178,2.820457066690282,2.2936660639119326,0.9110025894690719,0.6071428567486039,3.1940559059168585,2,3,1.5357142857142858,0.7857142857142856,4,0.6428571417057695,0.9642857142857142,0.9642857142857141,1.8214285714285714,1.646650793301371,1.5357142857142856,2.3214285714285707,1.142857142857143,3.25,2.9999999999999996,6.321428571428571,4.185167891106403,4.468644138493867,8.471547310946347,0.2774014134503982,3,0,0.3214285685089753,28.327002841883363,6.566589308381472,10.463121061088914,1,2.7528366033168217,0,2,78.59134183139784,3.2491983357310685,1.8085639544805416,1.3012577170749426,2.4314511761027013,8.937992676224487,0.4285714285714285,1.4881457932635422,2.27055733,0.21031889232836917,0.6785714274255018,2.2020242799179917,5,1.7149596313423006,3.212407253253688,0,16.32142857142857,1.163139353377559,0.389551844,0.38196284741425723,1,0,0,1,0,0,0.6415894976025129,14.106833436786946,2.626535072172714,0.5777238113053543,2.326951432982958,2.579440620404109,1,0.9692686214991841,5,0,1.2857138608929715,1.399428967,0.9388255296210837,2.714285714285715,0,340,64.12453114376544,8.402429287687617,0,2.5737515988765924,0,0,17.33386687,0,0,13.795205322935573,5.528904117183999,322.6190476190476,0,7.799302480995531,0.32142857122645846,3.746076001998853,0.8684917540119813,7.309250794911045,0,0,13.783311154528299,0.5523079944210862,0.8928571428571428,0,0.9285714285714285,0,0.9285714285714284,2.607142857142857,3.214285714285714,0.3928571428571428,0.3571428571428571,0.1428571428571232,0.75,61.61904761904761,50.45581708897703,50.622485504214794,31.625150282554433,60.33333333333333,68.85057392,31.679886082712223,105.11528915540019,116.58417561980835,128.19047619047618,251.97606100184265,68,62.26649991395452
TEST_08+7일,11,14.714285714285714,4.875127639021301,11.631412970674306,2.5337836105143046,1.4234394559933923,9.821428571428571,0,1.857142857142857,0.39285714285364315,1.5,0.42857142647158547,0,0,0,0,29.96428571428571,0.6071428568181578,0.35714285607865265,28.32142857142857,10.214285714285715,2.5553828763212376,0.4415249389542228,0,16.39982084186065,12.857142857142854,3.1071428571428568,38.25,24.111485962544364,2.0267716674727283,3.0688843650974853,2.940680783741187,1.0590098969974537,0.8737519308108541,0,2.285714285714286,80.51060972748222,0,4.223795161406066,52,18.473969824868124,0.7499999999999999,2.607142857142857,0,0.28571428367887186,3.016726388033574,0.2381694443460824,2.321428571428571,0.17857142846774757,1.9168255246721109,1.5482056295631526,3.9992769231027285,5.711652036669749,0,4.597701393,4,0.9285714285714285,3.0364248954555895,0.6428571428571428,0.2749060529277726,15.862950561309065,5.564052993758753,25.78634694333906,10,14.880288824431853,1.0357142857142854,0.5357142857078178,1.3928571428571428,3.107142857142857,0.19106698081143675,2.204354993197335,1.7893363190896197,0.9110025894690719,0.6071428567486039,4.352451627278636,0,0,1.5357142857142858,0.7857142857142856,2,0.6428571417057695,0.9642857142857142,0.9642857142857141,1.8214285714285714,1.646650793301371,1.5357142857142856,2.3214285714285707,1.142857142857143,3.25,2.9999999999999996,6.321428571428571,4.5440348069529115,6.174556867704952,10.248035536329539,0.2774014134503982,4.440892098500626e-16,0,0.3214285685089753,12.369967843198072,11.64180574502233,9.881870230980844,0,6.596972624162051,0,162,23.195267170854855,28.62773014505909,1.8085639544805427,2.7288216152302325,1.522849607965766,2.028939539129004,0.4285714285714285,0.9123254589687968,4.340146412300764,0.21031889232836917,0.6785714274255018,4.0546028021485325,0,4.188646292304226,3.624531588937705,0,16.32142857142857,0,0.389551844,0,0,0,0,2.547431865415382e-31,0,0,0.280310888,7.506671063062211,10.784769167150548,3.140339473,8.789910678457018,1.7171696098993952,1.9999999999999998,3.6424973368859463,13,0.9519758674107748,6.2857138608929715,3.0947072645774742,3.122348940757833,2.714285714285715,0,0,64.12453114376544,9.363401002762664,0,5.744243942513865,0,0,18.372814034165174,0,0,12.600478125573412,5.363715994,47.61904762,0,7.316058506405733,0.32142857122645846,13.368475425220781,1.2584849433976366,11.747427453953444,0,0,6.92780199,1.3491349065473384,0.8928571428571428,0,0.9285714285714285,0,0.9285714285714284,2.607142857142857,3.214285714285714,0.3928571428571428,0.3571428571428571,0.1428571428571232,0.75,75.61904761904762,40.43477923354128,46.040431562507635,19.645077207700425,38.33333333333333,54.389821763548895,25.138756073786205,57.19184326709685,64.34996928768464,95.19047619047618,143.23202996189718,26,62.26649991395452
TEST_09+1일,4.321428571428571,22.357142857142858,7.766505535158062,5.170825016408337,1.3688156597649672,3.142079590055716,0,0,4.374669496,0.49999999998347483,0,1,0.3214285671855307,2.961882275272909,20.66381003,3.749720849891861,18.327861143357673,1.4622872226680481,1.8883092007898679,21.14285714285714,0,0.35685047654933477,0,0.42857142756803057,6.607142857142858,0,6.464285714285714,0,4.303942184655641,4.519125816197549,2.964285714285714,2.7142857142857144,5.484070843,0.9999999999999999,0,2.4496008065364903,75.49659180538266,0,5.251214699615288,22,5.712427419371483,1.214285714285714,5.210611351529098,2.465190328815662e-32,0.6428571400044591,0,0,3.6785714285714284,0.24999999999165856,2.285714285714286,14.313777196115696,0.46428571418098225,8.152532743148411,2,4.6182108637993835,0.6071428571428571,2.0714285714285716,0.5357142840426404,0.42473709487781586,0.24999999999581476,8.930740871603035,6.813437758225231,11.303336652074293,13.321428571428571,6.857142857142857,0.6869570914918491,0.6428571428571427,1.2673199853070787,4.393547072794662,0.24999999997576836,1.1599033965503471,2.757267673445475,0.8928571428571427,0.31185539253982963,1.7142857142857144,0.75,0.42857142715588387,0,0.22665793918630264,1.7142857142857144,0.7857142851185519,0.8557530054603205,0.9609348660812563,1.3928571428571426,2.2857142857142856,1.9285714285714288,1.7500000000000004,1.440618800123368,1.6785714285714288,2.535714285714286,0,0.762058354,3.9153968732422157,7.483332373,0.6071428571428571,0.8626471271908938,1.2771050029042865,0.17857142828633768,19.642014600925865,1.3503423377398853,4.213481357920335,0.8928571428571427,3.1071428571428563,0.33439855760549264,181.10297424513044,22.231074748736482,41.720287357286935,6.164119164835952,1,0.39537029016461117,2.581672332830002,0.4370862240004696,0.8797048254649359,0.6071428571420687,0.7499999999999999,0.8939704434305977,1.7890773490835818,2.789274624861225,2.4247940227236597,0.770065504,0,15.071428571428571,0.3571428568861501,0.5369451682098486,0.025608770354284643,0.32646979891094435,0.22271211587251746,0.30407611589573685,0.32142857126901647,0,0.079319827,0.34586915000864416,18.03893056,1.5714285714285714,1.449017324061035,0.6089666398059803,1,0.6428571428571428,0,3.723011238739593,0,0.6232059539415543,1.5019591866486035,0.6719614266520749,7.866028548206684,0,36.20794762098795,0,8.451167318404039,0,6.717356200989628,0,0,24.048027523580668,0,0,24.243305288156346,5.308133939395079,4.950456872655159,0,8.163523218864327,0.3750354356999229,6.378258297094204,2.7857142857142856,5.457202952736386,0,0,12.568763604218962,2.764619476660011,2.1334624496025407,0,4.285714285714286,3.3178644461269866,11.293634465305434,31.37416765549604,31.690340875151247,2.251946513916308,2.5173405748937165,1.2142857142857142,1.396304047008344,41,14.615927979821002,45.813635253536056,7.499999999999999,17.28577474459183,40.77803657202205,10.41347636706524,226.6191221575313,63.74436941928537,83.26270603853922,123.96365411286472,30.586554586369044,85.74976442206946
TEST_09+2일,4.321428571428571,22.357142857142858,7.222735507402414,9.283044763584353,0.9368281552203092,0.834996219,8.591697624001947,0,3.216566156458511,0.49999999998347483,0,1,0.3214285671855307,7.48597025,31.04704104974903,1.890241188,23.612883928161246,1.1806866363537898,1.4027593014986235,21.14285714285714,2.0000000000000018,0.059466029,0.3007778673210368,0.42857142756803057,6.607142857142858,13.000000000000004,6.464285714285714,0,6.510943298337592,2.2905998787295343,2.964285714285714,2.7142857142857144,0.5159291569894098,0.9999999999999999,0,2.963941079,11.605774303306545,0,1.249595100128237,1.9999999999999982,18.45272841,1.214285714285714,4.444922060079687,0.9999999999999999,0.6428571400044591,0,0.6764875483756317,3.6785714285714284,0.24999999999165856,2.285714285714286,13.440536624517174,0.46428571418098225,0,0,1.4428820761562657,0.6071428571428571,2.0714285714285716,0.5357142840426404,1.064813257909787,0.24999999999581476,7.789535540841785,7.612103003,18.573382903183152,13.321428571428571,6.857142857142857,0.9969516764814215,0.6428571428571427,1.0615685251804314,3.437103366892533,0.24999999997576836,1.1599033965503471,0.5438763894388796,0.8928571428571427,0.31185539253982963,1.7142857142857144,0.75,0.42857142715588387,1.0858187711129128,0.22665793918630264,1.7142857142857144,0.7857142851185519,1.0114975691093717,0.6401564998446729,1.3928571428571426,2.2857142857142856,1.9285714285714288,1.7500000000000004,1.557214187311877,1.6785714285714288,2.535714285714286,0,0.12742504853103265,6.91091533,6.301797639724422,0.6071428571428571,0.8225948136843426,0,0.17857142828633768,18.703497653431572,1.2088277197497839,1.9908752296381682,0.8928571428571427,3.1071428571428563,0,0,37.78303034653925,41.887326283378336,3.565936221051511,0,0.6789545140223732,2.155645254740034,0.375559969,1.1394773844941184,0.6071428571420687,0.7499999999999999,0.8609138979622002,1.450195445507073,1.0671678943030485,2.239261845104237,0.6736661097965404,0,15.071428571428571,0.3571428568861501,0.5369451682098486,0,0.4436413137911017,0.24460846612214435,0.7960715934953891,0.32142857126901647,0,0.3105463694062853,0.7003282707509779,13.663380971604774,1.5714285714285714,1.2362953609175533,0.9134745134254586,1,0.6428571428571428,0,2.225351135528863,0,0.45856584124360705,1.2825108680312163,0.6035856522944583,7.287126326984762,0,51.42989887875979,0,8.709669320467377,0,2.885761507435566,0,0,15.390278118076788,0,0,18.56513748,4.952046733017342,0,0,6.396997480218618,0.5507248160142206,6.184266549977072,2.7857142857142856,6.294872682919294,0,0,7.927793145264603,5.235031478041999,4.033836438275606,0,4.285714285714286,1.2454219154098671,17.968445831569568,4.709210773188826,14.522729730258018,2.3581206720411396,0.6561891483373898,1.2142857142857142,1.9577462076955625,0,7.478506448933917,11.023283773212427,7.499999999999999,0,11.142685038056937,3.9633898818251323,77.88705744714953,16.04772765198437,90.33330139,21.265170135830108,5.837734934273554,13.273415866337531
TEST_09+3일,4.321428571428571,22.357142857142858,7.389842201709945,0,0.6411725246949499,0.834996219,8.591697624001947,0,2.705695871,0.49999999998347483,0,1,0.3214285671855307,0.8808962528304917,8.867470237,1.2994089017469415,23.612883928161246,1.0332121972935857,1.1906871094203526,21.14285714285714,0,0.059466029184808936,0.29904732864847683,0.42857142756803057,6.607142857142858,42,6.464285714285714,38,6.510943298337592,3.0334418578855393,2.964285714285714,2.7142857142857144,0,0.9999999999999999,0,2.963941079,16.954270534119278,0,2.834419492453375,12,3.1061849067323104,1.214285714285714,6.019281945961138,21.999999999999996,0.6428571400044591,0,0.36888742153631265,3.6785714285714284,0.24999999999165856,2.285714285714286,13.440536624517174,0.46428571418098225,4.649387639262686,0,3.427462568433214,0.6071428571428571,2.0714285714285716,0.5357142840426404,1.064813257909787,0.24999999999581476,7.365215028,7.612103003,9.687770818494547,13.321428571428571,6.857142857142857,1.1317008504102821,0.6428571428571427,1.0856419991042483,3.086134219124099,0.24999999997576836,1.1599033965503471,0.5766144688437687,0.8928571428571427,0.31185539253982963,1.7142857142857144,0.75,0.42857142715588387,1.4437624686707138,0.22665793918630264,1.7142857142857144,0.7857142851185519,0.9725614281971089,0.6466536384960622,1.3928571428571426,2.2857142857142856,1.9285714285714288,1.7500000000000004,1.205342261442306,1.6785714285714288,2.535714285714286,0,0.081444054,1.7016253549308633,6.301797639724422,0.6071428571428571,0.8109154961395499,0.7706751378343064,0.17857142828633768,18.703497653431572,0.22038724706564272,0,0.8928571428571427,3.1071428571428563,6.203260106478336e-26,1.0328748438699389e-14,37.78303034653925,38.55552821442399,3.550264485273667,0,0.7629463634925937,1.7296181766500662,0.37555996857807694,1.2161869585139098,0.6071428571420687,0.7499999999999999,0.8506079490017423,1.355357889627903,0.6364854778620308,1.9412035415315247,0.4007126222822995,0,15.071428571428571,0.3571428568861501,0.5369451682098486,0,0.39212414982863086,0.24460846612214435,0.7960715934953891,0.32142857126901647,0,0.3105463694062853,0.9612956196543985,13.663380971604774,1.5714285714285714,1.1541682168535368,1.0316974508359995,1,0.6428571428571428,0,2.189663942338796,0,0.38662636398077305,1.2825108680312163,0.6035856522944583,6.991591742577291,0,51.42989887875979,64,8.857781300978587,0,3.767047133237005,0,0,15.390278118076788,0,0,18.56513748,4.768777013969356,0,0,6.396997480218618,0.6330283943350686,6.184266549977072,2.7857142857142856,6.539372284518745,0,0,7.927793145264603,5.235031478041999,4.9886953306364346,0,4.285714285714286,0.9614851989349313,17.023717526612778,6.395215039921231,6.546855752573052,2.402864105,0.6561891483373898,1.2142857142857142,1.9577462076955625,15.062744708349674,13.776231329128404,13.358306655100426,7.499999999999999,7.676927199989203,19.387062610023737,6.386120656097395,121.06806247592776,31.549357462950262,62.951630373587946,100.17039410549975,24.456742292605828,33.07334329
TEST_09+4일,4.321428571428571,22.357142857142858,7.389842201709945,0,0.4388234962120874,0.834996219,8.591697624001947,0,2.4803373560589823,0.49999999998347483,0,1,0.3214285671855307,0,2.620428693974417,0.8932529374852988,23.612883928161246,0.9559797225293076,1.0980609659106282,21.14285714285714,20.999999999990933,0.059466029184808936,0.29904732864847683,0.42857142756803057,6.607142857142858,1.8466283623481333e-16,6.464285714285714,0,6.510943298337592,3.4048628474635416,2.964285714285714,2.7142857142857144,0,0.9999999999999999,0,2.963941079,20.69083599864273,0,0.37520244993588125,22,0,1.214285714285714,3.3183628638432756,0,0.6428571400044591,0,0.4856810343990829,3.6785714285714284,0.24999999999165856,2.285714285714286,13.440536624517174,0.46428571418098225,7.213561769145269,0,1.4428820761562653,0.6071428571428571,2.0714285714285716,0.5357142840426404,1.064813257909787,0.24999999999581476,7.207445087328697,7.612103003,14.13057686083885,13.321428571428571,6.857142857142857,1.5359483721968643,0.6428571428571427,1.0361854613010184,2.9573453087834563,0.24999999997576836,1.1599033965503471,0.2248606395461922,0.8928571428571427,0.31185539253982963,1.7142857142857144,0.75,0.42857142715588387,1.4437624686707138,0.22665793918630264,1.7142857142857144,0.7857142851185519,0.7562616944497719,2.1491978567806784,1.3928571428571426,2.2857142857142856,1.9285714285714288,1.7500000000000004,1.205342261442306,1.6785714285714288,2.535714285714286,0,0.052055181,0,6.301797639724422,0.6071428571428571,0.8075097887940856,0.7706751378343064,0.17857142828633768,18.703497653431572,0.5978047764089971,0,0.8928571428571427,3.1071428571428563,0.8328007211972539,0,37.78303034653925,10.569627956522805,0.7741850420496981,1,0.7375405091364501,2.155645254740034,0.37555996857807705,1.238838922864143,0.6071428571420687,0.7499999999999999,0.8473948914220535,1.328817192381424,0.3796157715125336,1.9663509623119453,0.4007126222822995,0,15.071428571428571,0.3571428568861501,0.5369451682098486,0,0.3400514971108269,0.24460846612214435,0.3040761158957368,0.32142857126901647,0,0.3105463694062853,0.6068364989120647,13.663380971604774,1.5714285714285714,1.1224607819820265,1.0775966348664339,1,0.6428571428571428,0,2.211448611191848,0,0.35519241812126967,1.2825108680312163,0.6035856522944583,6.840718784452269,0,51.42989887875979,78,8.942643927170465,0,4.073897244640292,0,0,15.390278118076788,0,0,18.56513748,4.674452395397417,0,0,6.396997480218618,0.6715843901061158,6.184266549977072,2.7857142857142856,6.499967292540141,0,0,7.927793145264603,5.235031478041999,5.181957460990994,0,4.285714285714286,0.34772696174026363,15.368129711589239,1.1264517063826525,3.102728353118637,2.4217196791790174,0.6561891483373898,1.2142857142857142,1.9577462076955625,17.90039153335948,8.318203099626515,0,7.499999999999999,0.9796042093603052,16.719043416388725,8.109197140219226,96.44961191335811,28.900132184499967,75.99716877653266,120.81618428309838,20.124731993862962,32.53569202568888
TEST_09+5일,4.321428571428571,22.357142857142858,7.389842201709945,0,0.3003342367476162,1.9885379045618485,8.591697624001947,0,2.380925701722326,0.49999999998347483,0,1,0.3214285671855307,0.25354710295042926,3.8346952054876624,1.6140490566544583,23.612883928161246,0.4799558413076952,1.0576049194228476,21.14285714285714,60.00000000000001,0.002888094,0.29904732864847683,0.42857142756803057,6.607142857142858,1.4163499986391788e-16,6.464285714285714,0,6.510943298337592,2.6620208683075366,2.964285714285714,2.7142857142857144,0.4840708430105902,0.9999999999999999,0,2.963941079,10.287815155663228,0,0.37520244993588137,10,0,1.214285714285714,3.9645842454151397,1.3684555315672042e-48,0.6428571400044591,9.999999999999998,0.4413353179466831,3.6785714285714284,0.24999999999165856,2.285714285714286,13.440536624517174,0.46428571418098225,11.617774237140734,0,1.4428820761562653,0.6071428571428571,2.0714285714285716,0.5357142840426404,0.7447751763938015,0.24999999999581476,7.148783407111255,7.612103003,10.495553735284421,13.321428571428571,6.857142857142857,1.2582992836256746,0.6428571428571427,1.0312306114123038,2.9100859313362006,0.24999999997576836,1.1599033965503471,0.14458394135222855,0.8928571428571427,1.1683484145302931,1.7142857142857144,0.75,0.42857142715588387,0.9258705297523393,0.22665793918630264,1.7142857142857144,0.7857142851185519,0.7681410830440394,0.6466536384960622,1.3928571428571426,2.2857142857142856,1.9285714285714288,1.7500000000000004,1.557214187311877,1.6785714285714288,2.535714285714286,0,0.5959639559519165,0,6.301797639724422,0.6071428571428571,0.8065166791814335,0.23033709091735907,0.17857142828633768,18.703497653431572,0.5508553121468058,0,0.8928571428571427,3.1071428571428563,0,3.216448792640705e-15,37.78303034653925,0,1.367675932308357,1,0.6939500537935424,2.155645254740034,0.3755599685780771,1.2455279378336674,0.6071428571420687,0.7499999999999999,0.8463931652297343,1.321389664290899,1.2264122890362221,2.219672199,0.4007126222822995,0,15.071428571428571,0.3571428568861501,0.5369451682098486,0.2185866818327751,0.3361278824255708,0.24460846612214435,1.3040761158957368,0.32142857126901647,0,0.3105463694062853,1.1665663242236755,13.663380971604774,1.5714285714285714,1.1102192577260825,1.0954166547441657,1,0.6428571428571428,1.259429434128951e-16,2.198150513,0,0.34145735929274706,1.2825108680312163,0.6035856522944583,6.7636968361106495,0,51.42989887875979,501,8.991267039,0,1.8713782221599953,0,0,15.390278118076788,0,0,18.56513748,4.62590573,0,0,6.396997480218618,0.6896463606817068,6.184266549977072,2.7857142857142856,6.404369547131673,0,0,7.927793145264603,5.235031478041999,5.023851662378898,0,4.285714285714286,0.10967504951000255,12.14577591400541,1.1264517063826145,3.641793530771197,2.4296657099690857,0.6561891483373898,1.2142857142857142,1.9577462076955625,20.612548941669935,11.257141377050608,0,7.499999999999999,7.588451753962932,10.823593050597093,5.3967143008835095,93.94492125258525,16.613020810491623,56.34431471,53.07149838,19.203830538144757,18.334389633682974
TEST_09+6일,4.321428571428571,22.357142857142858,7.389842201709945,4.5737425894529045,0.2055511032143511,0.834996219,8.591697624001947,0,2.337072568,0.49999999998347483,0,1,0.3214285671855307,9.960736468035705,7.230386786404466,1.4221158735169968,23.612883928161246,0.4587738713541304,1.0399350517655632,21.14285714285714,80,0.083156932,0.29904732864847683,0.42857142756803057,6.607142857142858,60,6.464285714285714,90,6.510943298337592,2.6620208683075366,2.964285714285714,2.7142857142857144,2.5796457849470484,0.9999999999999999,0,2.963941079,20.418133503739302,0,1.3331951536450752,13,0,1.214285714285714,4.507510511425879,0,0.6428571400044591,0,0.45817307576129307,3.6785714285714284,0.24999999999165856,2.285714285714286,13.440536624517174,0.46428571418098225,9.306638057578034,0,1.4428820761562653,0.6071428571428571,2.0714285714285716,0.5357142840426404,1.064813257909787,0.24999999999581476,7.126971947284947,7.612103003,8.879987901704673,13.321428571428571,6.857142857142857,1.208964769118067,0.6428571428571427,1.016868931325194,2.8927439975408547,0.24999999997576836,1.1599033965503471,1.3236673873316844,0.8928571428571427,0.7401019035350613,1.7142857142857144,0.75,0.42857142715588387,1.4437624686707138,0.22665793918630264,1.7142857142857144,0.7857142851185519,0.8178867385493138,0.6466536384960622,1.3928571428571426,2.2857142857142856,1.9285714285714288,1.7500000000000004,1.205342261442306,1.6785714285714288,2.535714285714286,0,0.5839581287791986,4.401656620938661,6.301797639724422,0.6071428571428571,0.8062270868581074,1.124419309478746,0.17857142828633768,18.703497653431572,3.1897753486073936,2.246964930090169,0.8928571428571427,3.1071428571428563,0.10688736262847298,0,37.78303034653925,0.5599699488925789,3.468204903,14,0.6703575111095865,4.285780645189873,0.1513695566903821,1.2475031714412579,0.6071428571420687,0.7499999999999999,0.8460808597887357,1.3193110386608637,0.13503792116532046,2.0761229880443746,0.9466195973107812,0,15.071428571428571,0.3571428568861501,0.5369451682098486,1.7597522109048474e-17,0.34964438973462186,0.24460846612214435,0.3126085575928407,0.32142857126901647,0,0.3105463694062853,0.34586915000864416,13.663380971604774,1.5714285714285714,1.1054930817766206,2.8426207496149747,1,0.6428571428571428,1.1343931860485157,2.206268121599738,0.5353244687302215,0.335455827,1.2825108680312163,0.6035856522944583,6.724376466,0,51.42989887875979,180,9.019126263102239,0,4.646192954706381,0,0,15.390278118076788,0,0,18.56513748,4.600919902387954,0,0,6.396997480218618,0.6981076849076653,6.184266549977072,2.7857142857142856,6.342377503805572,0,0,7.927793145264603,5.235031478041999,4.8161766679434095,0,4.285714285714286,0.39361176598511494,10.66096668436743,3.832458961562252,5.258989063728151,2.4330142902548593,0.6561891483373898,1.2142857142857142,1.9577462076955625,15.062744708349673,9.577748075665411,0,7.499999999999999,5.499976307936663,12.566414517170966,5.953985809110851,99.94216942729767,22.727010251182627,70.16794486109782,50.07838318958544,16.00940003035531,25.02952622015176
TEST_09+7일,4.321428571428571,22.357142857142858,7.389842201709945,9.469902129036543,5.140680784482598,3.142079590055716,8.591697624001947,0,2.317727781001669,0.49999999998347483,0,1,0.3214285671855307,3.235948947451583,32.75007868913022,7.290175204642135,23.612883928161246,0.012103681700392055,1.0322174359792493,21.14285714285714,0,0.059466025,0.29904732864847683,0.42857142756803057,6.607142857142858,0,6.464285714285714,0,6.510943298337592,3.4048628474635416,2.964285714285714,2.7142857142857144,4.484070843,0.9999999999999999,0,2.963941079,78.87904944131944,0,4.540368418417732,87,13.367425587946249,1.214285714285714,3.179669577888332,1.1102230246251565e-16,0.6428571400044591,2,0.451779897,3.6785714285714284,0.24999999999165856,2.285714285714286,13.440536624517174,0.46428571418098225,7.456927322739839,0,2.6336303715224347,0.6071428571428571,2.0714285714285716,0.5357142840426404,0.7447751763938015,0.24999999999581476,7.118862057183074,7.612103003,12.91890248565404,13.321428571428571,6.857142857142857,0.3769625065022768,0.6428571428571427,1.0122368506942139,2.8863803363162055,0.24999999997576836,1.1599033965503471,1.971194104253785,0.8928571428571427,0.31185539253982963,1.7142857142857144,0.75,0.42857142715588387,1.4437624686707138,0.22665793918630264,1.7142857142857144,0.7857142851185519,0.318796123,1.6483497840191397,1.3928571428571426,2.2857142857142856,1.9285714285714288,1.7500000000000004,1.557214187311877,1.6785714285714288,2.535714285714286,0,1.138977323,9.444675324574435,6.301797639724422,0.6071428571428571,0.8061426412816464,0.7802242437081081,0.17857142828633768,18.703497653431572,0.9410904527090218,9.939142117,0.8928571428571427,3.1071428571428563,0.060311916,112.29395700820157,37.78303034653925,15.89778675415582,8.678348125028148,3.000000000000001,0.6666009557692747,2.155645254740034,0.21289581211277575,1.248086448324675,0.6071428571420687,0.7499999999999999,0.8459834931737614,1.318729326352653,5.080539975,2.3347581884198227,1.9582788489838672,0,15.071428571428571,0.3571428568861501,0.5369451682098486,0.005290617,0.355620086,0.24460846612214435,0.3040761158957368,0.32142857126901647,0,0.3105463694062853,0.34586915000864416,13.663380971604774,1.5714285714285714,1.1036684120183242,1.9751640011397615,1,0.6428571428571428,1.7015897790727736,2.2013128589949784,1.916422620837982,0.3328334581994823,1.2825108680312163,0.6035856522944583,6.704303078,0,51.42989887875979,0,9.035088556979503,0,6.519254267010635,0,0,15.390278118076788,0,0,18.56513748,4.588060283777724,0,0,6.396997480218618,0.7020714831741481,6.184266549977072,2.7857142857142856,6.320994287774443,0,0,7.927793145264603,5.235031478041999,4.685874354908019,0,4.285714285714286,0.6552450021142898,6.0706324824212246,7.354975347101199,13.442749758731575,2.4344254337838125,0.6561891483373896,1.2142857142857142,1.9577462076955625,43.67529365001961,13.356383003782103,8.635941760555017,7.499999999999999,20.63268947697607,20.152357355672176,9.244810312,173.67533787734112,26.228188667373438,54.58181378597904,104.91445584759165,29.410677739257437,34.30127901536869