test_file,store_menu,day+1,day+2,day+3,day+4,day+5,day+6,day+7
TEST_00.csv,느티나무 셀프BBQ_1인 수저세트,5.011717319488525,1.316542148590088,1.0062952041625977,2.949693202972412,3.1541008949279785,6.429125785827637,10.600302696228027
TEST_00.csv,느티나무 셀프BBQ_BBQ55(단체),-3.9715194702148438,-2.4826583862304688,-2.4454078674316406,0.7759437561035156,10.51434326171875,2.7978153228759766,-2.1952133178710938
TEST_00.csv,"느티나무 셀프BBQ_대여료 30,000원",4.808197498321533,0.1520693302154541,1.0990338325500488,1.249053955078125,1.7274794578552246,4.990856170654297,11.112711906433105
TEST_00.csv,"느티나무 셀프BBQ_대여료 60,000원",2.4198660850524902,0.664889931678772,0.9005579948425293,0.9189777374267578,0.8949322700500488,1.7363576889038086,4.891574859619141
TEST_00.csv,"느티나무 셀프BBQ_대여료 90,000원",0.5500989556312561,0.13696619868278503,-0.050959765911102295,0.07592573761940002,0.07320603728294373,0.22138458490371704,1.4073173999786377
TEST_00.csv,"느티나무 셀프BBQ_본삼겹 (단품,실내)",0.632491409778595,0.21216511726379395,0.41796350479125977,0.6920140385627747,0.9783222675323486,1.7745075225830078,0.4080415368080139
TEST_00.csv,느티나무 셀프BBQ_스프라이트 (단체),0.24884033203125,1.1231250762939453,1.735020637512207,2.2797250747680664,4.584610939025879,2.723280906677246,1.6714000701904297
TEST_00.csv,느티나무 셀프BBQ_신라면,0.554099440574646,0.6245788335800171,0.8251163959503174,2.73997163772583,4.3649091720581055,3.923320770263672,1.7642076015472412
TEST_00.csv,느티나무 셀프BBQ_쌈야채세트,1.164589524269104,-0.1813983917236328,0.4405115842819214,0.5517838001251221,1.2955269813537598,3.4835314750671387,3.3445730209350586
TEST_00.csv,느티나무 셀프BBQ_쌈장,0.13935697078704834,0.11905647814273834,0.30009645223617554,-0.01844966411590576,-0.06345680356025696,0.04251125454902649,0.5071489214897156
TEST_00.csv,느티나무 셀프BBQ_육개장 사발면,0.1736242175102234,0.026530861854553223,0.2178555428981781,0.3119996190071106,0.18008577823638916,0.0998992919921875,0.23769500851631165
TEST_00.csv,느티나무 셀프BBQ_일회용 소주컵,0.10477837920188904,0.02516123652458191,0.030117899179458618,0.055192142724990845,-0.018361151218414307,0.003730982542037964,0.1209050714969635
TEST_00.csv,느티나무 셀프BBQ_일회용 종이컵,0.2530840039253235,-0.038564443588256836,0.02670156955718994,0.0672864317893982,0.19734659790992737,0.5579472184181213,1.7581452131271362
TEST_00.csv,느티나무 셀프BBQ_잔디그늘집 대여료 (12인석),0.38709139823913574,0.3406105041503906,1.0739257335662842,1.210378646850586,2.24898624420166,6.878649711608887,4.124111175537109
TEST_00.csv,느티나무 셀프BBQ_잔디그늘집 대여료 (6인석),6.752589702606201,-1.3572216033935547,0.2900686264038086,3.3094491958618164,7.673099517822266,32.04786682128906,32.743614196777344
TEST_00.csv,느티나무 셀프BBQ_잔디그늘집 의자 추가,-0.11939984560012817,-0.13905423879623413,0.017680823802947998,-0.02472388744354248,0.11277157068252563,1.988224983215332,3.4339005947113037
TEST_00.csv,느티나무 셀프BBQ_참이슬 (단체),-2.905597686767578,-1.7250442504882812,-1.5814342498779297,-0.5922737121582031,18.56099510192871,10.995262145996094,-4.273506164550781
TEST_00.csv,느티나무 셀프BBQ_친환경 접시 14cm,0.47553545236587524,0.13678622245788574,0.12101554870605469,0.2105686366558075,0.2225523293018341,0.9801520705223083,1.3885172605514526
TEST_00.csv,느티나무 셀프BBQ_친환경 접시 23cm,1.2792344093322754,0.17588388919830322,0.14203381538391113,0.17415910959243774,0.3472471237182617,1.3465948104858398,2.884493589401245
TEST_00.csv,느티나무 셀프BBQ_카스 병(단체),-1.303955078125,-0.5084743499755859,0.3448295593261719,1.8926753997802734,17.06147003173828,9.461267471313477,0.5978374481201172
TEST_00.csv,느티나무 셀프BBQ_콜라 (단체),-1.920762062072754,-1.8219833374023438,-1.1476259231567383,0.24787044525146484,6.600229740142822,1.7992448806762695,-2.0754871368408203
TEST_00.csv,느티나무 셀프BBQ_햇반,0.11007943749427795,0.17231690883636475,0.10610580444335938,0.11890223622322083,0.19752654433250427,0.5812787413597107,0.3880206048488617
TEST_00.csv,느티나무 셀프BBQ_허브솔트,0.22595250606536865,0.009652197360992432,0.038614869117736816,-0.026338398456573486,-0.04739639163017273,0.007947981357574463,0.5967869162559509
TEST_00.csv,담하_(단체) 공깃밥,-0.23304295539855957,0.04714059829711914,-0.08399593830108643,0.059392452239990234,1.7274062633514404,4.206197261810303,0.38416028022766113
TEST_00.csv,담하_(단체) 생목살 김치전골 2.0,0.7397785186767578,1.7448883056640625,4.943470001220703,5.364997863769531,12.685236930847168,24.23194122314453,5.280038833618164
TEST_00.csv,담하_(단체) 은이버섯 갈비탕,3.880329132080078,7.543308258056641,12.110042572021484,7.846013069152832,11.495404243469238,9.515414237976074,-2.6585445404052734
TEST_00.csv,담하_(단체) 한우 우거지 국밥,0.08891212940216064,-0.08891761302947998,0.7214826345443726,0.21917200088500977,0.37996363639831543,0.16096949577331543,0.2162541151046753
TEST_00.csv,담하_(단체) 황태해장국 3/27까지,8.034320831298828,-1.0507125854492188,5.883384704589844,15.88759994506836,29.18283462524414,57.96638870239258,17.58798599243164
TEST_00.csv,담하_(정식) 된장찌개,9.134652137756348,1.8695783615112305,0.7289268970489502,1.2865877151489258,2.1616358757019043,4.072380542755127,9.043708801269531
TEST_00.csv,담하_(정식) 물냉면 ,3.6631171703338623,0.7737187147140503,0.44049906730651855,0.7274394035339355,0.7659436464309692,0.917512059211731,4.490711212158203
TEST_00.csv,담하_(정식) 비빔냉면,1.2195725440979004,0.779202401638031,0.5441965460777283,0.6307646632194519,0.36292338371276855,0.47284752130508423,0.7146376371383667
TEST_00.csv,담하_(후식) 된장찌개,1.3883111476898193,0.7468125820159912,0.3944370746612549,0.5921988487243652,0.7694347500801086,2.1643054485321045,3.375978946685791
TEST_00.csv,담하_(후식) 물냉면,0.4542790651321411,0.13129496574401855,0.4555565118789673,0.18860971927642822,1.2801522016525269,4.689250946044922,2.064908266067505
TEST_00.csv,담하_(후식) 비빔냉면,0.4960060119628906,0.25607454776763916,0.22700613737106323,0.4120694398880005,1.6928973197937012,1.981778860092163,0.37172943353652954
TEST_00.csv,담하_갑오징어 비빔밥,0.02392253279685974,0.015076637268066406,0.48123085498809814,0.19833049178123474,0.13374122977256775,0.1931375116109848,0.14339114725589752
TEST_00.csv,담하_갱시기,-7.606082363054156e-06,-7.373231255769497e-06,-7.582940270367544e-06,-7.579332304885611e-06,-7.6131186688144226e-06,-8.088164577202406e-06,-8.118452569760848e-06
TEST_00.csv,담하_공깃밥,25.310375213623047,4.454709053039551,6.088701248168945,8.44906997680664,12.059045791625977,28.090309143066406,39.58118438720703
TEST_00.csv,담하_꼬막 비빔밥,-7.606082363054156e-06,-7.373231255769497e-06,-7.582940270367544e-06,-7.579332304885611e-06,-7.6131186688144226e-06,-8.088164577202406e-06,-8.118452569760848e-06
TEST_00.csv,담하_느린마을 막걸리,0.8384934663772583,0.5820382237434387,0.8140237331390381,0.6301733255386353,0.6417456269264221,0.8522672653198242,1.3354802131652832
TEST_00.csv,담하_담하 한우 불고기,20.649999618530273,2.7963638305664062,4.334578514099121,5.246086120605469,9.013216018676758,24.451889038085938,35.8267936706543
TEST_00.csv,담하_담하 한우 불고기 정식,14.713865280151367,2.9966862201690674,1.4520392417907715,2.31001615524292,3.493439197540283,3.058988571166992,12.931328773498535
TEST_00.csv,담하_더덕 한우 지짐,0.0565720796585083,0.07808429002761841,0.2933858335018158,0.18886512517929077,0.048473894596099854,0.5168581008911133,0.9032472968101501
TEST_00.csv,담하_들깨 양지탕,-7.606082363054156e-06,-7.373231255769497e-06,-7.582940270367544e-06,-7.579332304885611e-06,-7.6131186688144226e-06,-8.088164577202406e-06,-8.118452569760848e-06
TEST_00.csv,담하_라면사리,-0.11996889114379883,0.4900529384613037,0.6053320169448853,1.6672286987304688,1.1500436067581177,0.6478800773620605,0.14300334453582764
TEST_00.csv,담하_룸 이용료,0.012380361557006836,0.039544478058815,0.03290903568267822,0.012896135449409485,0.06488972902297974,0.0738518089056015,0.03301247954368591
TEST_00.csv,담하_메밀면 사리,1.8867833614349365,0.573049783706665,0.17340290546417236,0.2829244136810303,0.572040855884552,1.4348856210708618,2.028228521347046
TEST_00.csv,담하_명인안동소주,-0.011213898658752441,-0.003606647253036499,0.0036209076642990112,0.0017742365598678589,0.0648774653673172,0.37735477089881897,0.34668049216270447
TEST_00.csv,담하_명태회 비빔냉면,5.370609283447266,1.8509528636932373,1.3713388442993164,1.9941740036010742,3.2078635692596436,3.440744638442993,4.667401313781738
TEST_00.csv,담하_문막 복분자 칵테일,0.8189712762832642,0.053786396980285645,0.13709652423858643,0.2664346694946289,0.05277770757675171,0.27003443241119385,1.5388388633728027
TEST_00.csv,담하_봉평메밀 물냉면,2.58854341506958,0.2465890645980835,0.9172862768173218,0.5601452589035034,1.351304054260254,1.5262893438339233,1.2829434871673584
TEST_00.csv,담하_생목살 김치찌개,8.17221736907959,2.8031206130981445,2.9939451217651367,3.771717071533203,4.107595443725586,4.410225868225098,6.880661487579346
TEST_00.csv,담하_스프라이트,0.03422141075134277,-0.06278988718986511,0.00948941707611084,-0.05773651599884033,0.0814807116985321,0.3897436857223511,0.22700829803943634
TEST_00.csv,담하_은이버섯 갈비탕,6.301734924316406,2.0017809867858887,1.5417616367340088,1.9970580339431763,2.4958863258361816,2.7494869232177734,4.225410461425781
TEST_00.csv,담하_제로콜라,0.18830427527427673,-0.09690472483634949,-0.007049769163131714,0.007446989417076111,-0.014127582311630249,0.052996546030044556,0.4432316720485687
TEST_00.csv,담하_참이슬,0.24899888038635254,0.09153628349304199,0.2579258680343628,0.43889451026916504,0.8893271684646606,3.5562326908111572,2.241499900817871
TEST_00.csv,담하_처음처럼,0.12117430567741394,0.07409042119979858,0.024019181728363037,0.045436590909957886,0.08419016003608704,0.4581807255744934,1.1773574352264404
TEST_00.csv,담하_카스,0.8602020740509033,-0.16776883602142334,-0.21648752689361572,0.05106043815612793,0.22771501541137695,1.3765984773635864,1.7175822257995605
TEST_00.csv,담하_콜라,-0.0060690343379974365,-0.027771443128585815,-0.03937616944313049,-0.022080793976783752,-0.04837019741535187,0.03309014439582825,0.27996760606765747
TEST_00.csv,담하_테라,0.20044481754302979,0.08500504493713379,0.08567368984222412,0.32409948110580444,0.5475977063179016,0.804655134677887,0.6164438128471375
TEST_00.csv,담하_하동 매실 칵테일,0.9571370482444763,-0.21348154544830322,-0.03385603427886963,-0.05895513296127319,-0.09672963619232178,-0.14634883403778076,0.6257126927375793
TEST_00.csv,담하_한우 떡갈비 정식,5.841038227081299,0.07675838470458984,1.1594295501708984,1.4247727394104004,2.8532819747924805,4.848056793212891,7.314605712890625
TEST_00.csv,담하_한우 미역국 정식,9.332618713378906,3.915996551513672,-0.13212847709655762,0.6975324153900146,0.9103198051452637,1.147951364517212,4.330558776855469
TEST_00.csv,담하_한우 우거지 국밥,18.07646369934082,4.948119163513184,1.9188871383666992,2.5355753898620605,2.4043097496032715,3.1197357177734375,12.641863822937012
TEST_00.csv,담하_한우 차돌박이 된장찌개,7.314667701721191,3.01638126373291,2.5346953868865967,3.0367748737335205,3.5273618698120117,6.132108211517334,8.818686485290527
TEST_00.csv,담하_황태해장국,7.085053443908691,2.6297554969787598,2.3331680297851562,1.0615108013153076,1.3382623195648193,2.36667537689209,5.747282981872559
TEST_00.csv,라그로타_AUS (200g),1.5536545515060425,0.32866573333740234,0.5700814127922058,0.7235980033874512,0.9707276225090027,2.2266759872436523,3.3132333755493164
TEST_00.csv,라그로타_G-Charge(3),0.25657224655151367,0.04697093367576599,0.27129241824150085,0.30547910928726196,0.20570935308933258,0.11491340398788452,0.4568646550178528
TEST_00.csv,라그로타_Gls.Sileni,-0.09131366014480591,-0.06228601932525635,0.0038331449031829834,-0.0035481154918670654,0.04903537034988403,1.1317505836486816,0.8361406326293945
TEST_00.csv,라그로타_Gls.미션 서드,3.5127573013305664,-0.3176649808883667,0.71928870677948,0.7985496520996094,0.7535515427589417,1.2571055889129639,3.113659381866455
TEST_00.csv,라그로타_Open Food,2.9023289680480957,1.7035235166549683,-0.1370868682861328,0.3300020694732666,-0.18713998794555664,0.3245735168457031,0.11003756523132324
TEST_00.csv,라그로타_그릴드 비프 샐러드,1.7532936334609985,0.21239864826202393,0.020318984985351562,2.1312713623046875,2.4886515140533447,1.2644225358963013,1.252225637435913
TEST_00.csv,라그로타_까르보나라,1.7578762769699097,0.48940134048461914,0.8305079936981201,1.193966269493103,3.2154457569122314,3.6707651615142822,1.1546045541763306
TEST_00.csv,라그로타_모둠 해산물 플래터,0.18372806906700134,-0.0018949955701828003,0.019238576292991638,0.04645805060863495,0.0021163970232009888,0.02213166654109955,0.2256549745798111
TEST_00.csv,라그로타_미션 서드 카베르네 쉬라,0.43698763847351074,0.4061098098754883,0.372744619846344,0.29122376441955566,0.6034652590751648,0.511928915977478,0.3115389347076416
TEST_00.csv,라그로타_버섯 크림 리조또,3.8048508167266846,0.6464908123016357,0.7333647012710571,1.1566565036773682,3.343595504760742,4.45862340927124,3.392165184020996
TEST_00.csv,라그로타_빵 추가 (1인),0.8545981049537659,0.07882881164550781,0.20406877994537354,0.7405974268913269,0.5723832845687866,0.18251025676727295,0.6410561203956604
TEST_00.csv,라그로타_스프라이트,0.30047839879989624,0.08410674333572388,0.050466179847717285,0.03544923663139343,0.1404176652431488,0.20109936594963074,0.3504082262516022
TEST_00.csv,라그로타_시저 샐러드 ,0.9477747678756714,0.48391711711883545,1.246699333190918,1.0262489318847656,0.9826671481132507,0.7041682600975037,0.9963382482528687
TEST_00.csv,라그로타_아메리카노,0.3845129609107971,0.24954915046691895,0.3272708058357239,0.39073455333709717,0.35117971897125244,0.4909997284412384,0.3169931173324585
TEST_00.csv,라그로타_알리오 에 올리오 ,1.602163314819336,0.31539487838745117,0.700415849685669,1.363008975982666,2.9579131603240967,5.287458419799805,3.894531726837158
TEST_00.csv,라그로타_양갈비 (4ps),1.9051721096038818,0.30061888694763184,0.5267722606658936,0.7056758403778076,1.291076898574829,1.6567295789718628,1.6703739166259766
TEST_00.csv,라그로타_자몽리치에이드,0.8524377942085266,0.31193554401397705,0.20319902896881104,0.3948425054550171,1.452596664428711,1.1350414752960205,-0.014510512351989746
TEST_00.csv,라그로타_제로콜라,0.11183120310306549,0.0471634566783905,0.03788551688194275,0.07713279128074646,0.08003485202789307,0.26239272952079773,0.1537768691778183
TEST_00.csv,라그로타_카스,0.9921896457672119,0.24498873949050903,0.09828990697860718,0.3303165137767792,0.6616775989532471,0.7882876396179199,0.9005204439163208
TEST_00.csv,라그로타_콜라,0.5522347688674927,0.39586442708969116,0.14796948432922363,0.3241446614265442,2.2074716091156006,0.5441460013389587,0.3741267919540405
TEST_00.csv,라그로타_하이네켄(생),0.8737046718597412,0.26654648780822754,2.3161540031433105,3.8145852088928223,1.29994797706604,-0.3240615129470825,0.4174402952194214
TEST_00.csv,라그로타_한우 (200g),0.5548783540725708,0.08580946922302246,0.1090472936630249,0.27856945991516113,0.6126009225845337,0.7900465130805969,2.3201961517333984
TEST_00.csv,라그로타_해산물 토마토 리조또,0.15229153633117676,0.11800247430801392,0.4537733793258667,0.3852711021900177,0.33558163046836853,0.2408733367919922,0.22359532117843628
TEST_00.csv,라그로타_해산물 토마토 스튜 파스타,0.8488110303878784,0.22481000423431396,0.513170599937439,1.5360698699951172,3.216662645339966,2.50422739982605,0.7609022259712219
TEST_00.csv,라그로타_해산물 토마토 스파게티,2.791015863418579,0.7038891315460205,1.3986639976501465,1.5522496700286865,2.1436102390289307,4.322056770324707,4.153706073760986
TEST_00.csv,"미라시아_(단체)브런치주중 36,000",1.3672370910644531,-1.1388053894042969,2.9452896118164062,5.094472885131836,28.105316162109375,60.03824996948242,21.331298828125
TEST_00.csv,미라시아_(오븐) 하와이안 쉬림프 피자,0.2277771234512329,0.2267037034034729,0.09455281496047974,0.01159965991973877,0.16676443815231323,0.8900257349014282,1.0345509052276611
TEST_00.csv,미라시아_(화덕) 불고기 페퍼로니 반반피자,1.5400246381759644,0.7693907618522644,0.4655721187591553,0.8721600770950317,1.5676066875457764,2.97825288772583,3.121701717376709
TEST_00.csv,미라시아_BBQ Platter,3.7322254180908203,2.952259063720703,2.668975353240967,3.151369571685791,3.1363301277160645,4.2705559730529785,7.222095489501953
TEST_00.csv,미라시아_BBQ 고기추가,0.004118025302886963,-0.020680248737335205,-0.06550019979476929,-0.0692368745803833,-0.12386751174926758,0.05324387550354004,0.3464694023132324
TEST_00.csv,미라시아_공깃밥,-0.008681297302246094,0.11195188760757446,-0.0060558319091796875,0.018706560134887695,0.21547889709472656,0.5778717398643494,0.7482222318649292
TEST_00.csv,미라시아_글라스와인 (레드),0.03229910135269165,0.010006070137023926,-0.019571512937545776,-0.0040129125118255615,-0.02135854959487915,0.008142411708831787,0.06042496860027313
TEST_00.csv,미라시아_레인보우칵테일(알코올),0.1162271499633789,-0.01261979341506958,0.04191967844963074,0.0178813636302948,0.0033745765686035156,-0.02577480673789978,0.1130257248878479
TEST_00.csv,미라시아_미라시아 브런치 (패키지),12.16085433959961,7.024547576904297,6.946110725402832,6.591634273529053,8.95246696472168,22.31097412109375,12.79054069519043
TEST_00.csv,미라시아_버드와이저(무제한),0.16026830673217773,0.8086733818054199,1.15232253074646,1.3459267616271973,2.0177628993988037,6.085704803466797,5.015033721923828
TEST_00.csv,미라시아_보일링 랍스타 플래터,0.1743628978729248,0.6049989461898804,0.6453850865364075,0.2238863706588745,0.46436190605163574,1.2778234481811523,0.6988278031349182
TEST_00.csv,미라시아_보일링 랍스타 플래터(덜매운맛),-0.033147022128105164,-0.01889432966709137,-0.028689146041870117,-0.03083023428916931,0.03431396186351776,0.2611675262451172,0.08590781688690186
TEST_00.csv,미라시아_브런치 2인 패키지 ,4.600943565368652,3.4677116870880127,1.3851152658462524,1.702305793762207,1.96714186668396,3.6406631469726562,8.315888404846191
TEST_00.csv,미라시아_브런치 4인 패키지 ,0.4610704779624939,0.12429560720920563,0.042061030864715576,0.11846835911273956,0.2375018298625946,0.26310908794403076,0.6112237572669983
TEST_00.csv,미라시아_브런치(대인) 주말,195.02603149414062,2.498443603515625,8.314872741699219,4.46923828125,2.0675277709960938,2.626251220703125,129.56851196289062
TEST_00.csv,미라시아_브런치(대인) 주중,-0.0359649658203125,62.34210968017578,44.852020263671875,31.85321807861328,34.50669860839844,31.72439193725586,4.969760894775391
TEST_00.csv,미라시아_브런치(어린이),48.297035217285156,14.43148136138916,1.582320213317871,3.9032669067382812,6.7337751388549805,6.4568023681640625,26.307273864746094
TEST_00.csv,미라시아_쉬림프 투움바 파스타,1.1977001428604126,1.144542932510376,0.9954155683517456,1.1265337467193604,1.5195083618164062,3.323435068130493,3.0514698028564453
TEST_00.csv,미라시아_스텔라(무제한),3.32690167427063,1.6118758916854858,1.1136772632598877,1.180073857307434,1.2148890495300293,2.6266608238220215,5.8365583419799805
TEST_00.csv,미라시아_스프라이트,0.3909800052642822,0.08540776371955872,0.11868035793304443,0.15080323815345764,0.2326216995716095,0.1534760296344757,0.22713375091552734
TEST_00.csv,미라시아_애플망고 에이드,1.2575396299362183,1.0494322776794434,1.0580687522888184,1.553471326828003,0.9217559099197388,1.6532589197158813,2.593705177307129
TEST_00.csv,미라시아_얼그레이 하이볼,0.21572792530059814,0.013774603605270386,-0.022544950246810913,0.06949669122695923,0.06490275263786316,0.16242492198944092,0.3586396872997284
TEST_00.csv,미라시아_오븐구이 윙과 킬바사소세지,1.3987784385681152,0.39303088188171387,0.34873461723327637,0.4597759246826172,0.8495721817016602,1.4850740432739258,1.8279881477355957
TEST_00.csv,미라시아_유자 하이볼,0.24321243166923523,0.008630484342575073,-0.013737738132476807,0.09707695245742798,0.10463058948516846,0.5331425070762634,1.2781660556793213
TEST_00.csv,미라시아_잭 애플 토닉,0.04050371050834656,0.0019796788692474365,0.05917409062385559,0.05041392147541046,-0.0498233437538147,0.04488612711429596,0.496854692697525
TEST_00.csv,미라시아_칠리 치즈 프라이,0.0583156943321228,0.05001115798950195,0.11980488896369934,0.2803819179534912,0.6373512148857117,1.538184642791748,1.0424095392227173
TEST_00.csv,미라시아_코카콜라,0.30637723207473755,0.15536120533943176,0.16768160462379456,0.08747723698616028,0.1284993588924408,0.09432002902030945,0.20411601662635803
TEST_00.csv,미라시아_코카콜라(제로),0.8629351258277893,-0.012362182140350342,0.058444976806640625,0.11478844285011292,0.14049410820007324,0.21242022514343262,1.112508773803711
TEST_00.csv,미라시아_콥 샐러드,1.6367669105529785,0.6758936643600464,0.34339475631713867,0.44199347496032715,0.5622563362121582,1.2205945253372192,1.2876211404800415
TEST_00.csv,미라시아_파스타면 추가(150g),0.2246982753276825,0.09626495838165283,-0.11599844694137573,-0.020945966243743896,0.012119054794311523,1.0829159021377563,1.2210403680801392
TEST_00.csv,미라시아_핑크레몬에이드,-7.606082363054156e-06,-7.373231255769497e-06,-7.582940270367544e-06,-7.579332304885611e-06,-7.6131186688144226e-06,-8.088164577202406e-06,-8.118452569760848e-06
TEST_00.csv,연회장_Cass Beer,-11.910369873046875,-12.91995620727539,-14.33441162109375,-13.370723724365234,15.017253875732422,-1.7823715209960938,-18.756118774414062
TEST_00.csv,연회장_Conference L1,0.09738489985466003,0.09736624360084534,0.18777814507484436,0.48284462094306946,0.9609474539756775,0.6833620667457581,-0.1153256893157959
TEST_00.csv,연회장_Conference L2,0.17973296344280243,0.47742289304733276,1.4555233716964722,1.1442360877990723,0.5312311053276062,0.37829965353012085,0.14232808351516724
TEST_00.csv,연회장_Conference L3,-0.19352704286575317,-0.18631130456924438,-0.1362205445766449,-0.11359766125679016,0.31777986884117126,0.1817786544561386,-0.34172141551971436
TEST_00.csv,연회장_Conference M1,0.02644115686416626,0.08546262979507446,0.12426018714904785,0.07710105180740356,0.10046038031578064,0.04332101345062256,-0.02363961935043335
TEST_00.csv,연회장_Conference M8,0.34702834486961365,0.8327241539955139,0.7291332483291626,0.20326097309589386,0.8021934032440186,0.38727623224258423,0.12765535712242126
TEST_00.csv,연회장_Conference M9,0.016696572303771973,0.3422752916812897,0.569445013999939,1.0823851823806763,1.2056399583816528,0.6839548945426941,-0.16378146409988403
TEST_00.csv,연회장_Convention Hall,0.014152884483337402,0.5272549390792847,0.6510710120201111,0.5272008180618286,0.8777269124984741,1.10844087600708,0.12954461574554443
TEST_00.csv,연회장_Cookie Platter,0.3287029266357422,0.7603416442871094,1.8554069995880127,2.7977375984191895,9.058401107788086,2.3083810806274414,0.033547401428222656
TEST_00.csv,연회장_Grand Ballroom,0.15488272905349731,0.4206492006778717,0.5144339203834534,0.5265882611274719,0.5140787363052368,1.1381791830062866,0.41994544863700867
TEST_00.csv,연회장_OPUS 2,-0.04686552286148071,-0.027755141258239746,0.017149239778518677,0.09367431700229645,0.28623339533805847,0.15084423124790192,-0.0894882082939148
TEST_00.csv,연회장_Regular Coffee,-1.0720024108886719,8.284671783447266,30.893630981445312,84.13550567626953,47.49642562866211,2.5975303649902344,-7.658611297607422
TEST_00.csv,연회장_골뱅이무침,0.006597578525543213,0.0925784707069397,-0.008357703685760498,0.05430924892425537,0.0657452940940857,2.8830058574676514,3.5264952182769775
TEST_00.csv,연회장_공깃밥,0.14529037475585938,0.04640677571296692,0.03182992339134216,0.0028153061866760254,0.24267959594726562,0.8473902940750122,0.8032599091529846
TEST_00.csv,연회장_돈목살 김치찌개 (밥포함),-0.15937018394470215,0.09839320182800293,0.0685204267501831,0.2138904333114624,0.46656423807144165,2.450542688369751,1.7884563207626343
TEST_00.csv,연회장_로제 치즈떡볶이,-0.019524872303009033,-0.05293160676956177,-0.018962740898132324,-0.01402425765991211,0.26297348737716675,2.2313308715820312,1.8278876543045044
TEST_00.csv,연회장_마라샹궈,-0.16369521617889404,-0.08159586787223816,-0.07281899452209473,0.0005951523780822754,0.05810970067977905,0.564827561378479,0.7677209377288818
TEST_00.csv,연회장_매콤 무뼈닭발&계란찜,0.12975668907165527,-0.008160531520843506,0.0366019606590271,0.16237133741378784,0.4964110553264618,1.904820203781128,1.6269824504852295
TEST_00.csv,연회장_모둠 돈육구이(3인),-0.04602932929992676,0.20972013473510742,0.09717917442321777,0.25356435775756836,0.7127077579498291,7.016801834106445,6.125235557556152
TEST_00.csv,연회장_삼겹살추가 (200g),0.014168739318847656,0.17965441942214966,0.09256482124328613,0.23783838748931885,0.41598081588745117,1.3889250755310059,1.5208101272583008
TEST_00.csv,연회장_야채추가,0.04699745774269104,-0.00691106915473938,-0.031402647495269775,0.03465735912322998,-0.021874696016311646,0.06458333134651184,0.22047409415245056
TEST_00.csv,연회장_왕갈비치킨,0.0673750638961792,0.11096560955047607,0.07639813423156738,0.1427288055419922,0.2933037281036377,4.0759782791137695,4.073188781738281
TEST_00.csv,연회장_주먹밥 (2ea),-0.14130833745002747,-0.04735589027404785,-0.11372172832489014,-0.0056171715259552,-0.08012598752975464,0.06674125790596008,0.06950178742408752
TEST_00.csv,카페테리아_공깃밥(추가),3.3960814476013184,1.3341200351715088,1.1142947673797607,0.9586858749389648,2.2257018089294434,3.9402527809143066,5.138753890991211
TEST_00.csv,카페테리아_구슬아이스크림,-7.606082363054156e-06,-7.373231255769497e-06,-7.582940270367544e-06,-7.579332304885611e-06,-7.6131186688144226e-06,-8.088164577202406e-06,-8.118452569760848e-06
TEST_00.csv,카페테리아_단체식 13000(신),0.2860221862792969,-4.258785247802734,-5.879306793212891,-5.943332672119141,22.12383270263672,85.97361755371094,14.392658233642578
TEST_00.csv,카페테리아_단체식 18000(신),-21.676589965820312,-6.0411224365234375,3.6747589111328125,7.005424499511719,85.34294128417969,77.81130981445312,-18.420677185058594
TEST_00.csv,카페테리아_돼지고기 김치찌개,9.271265983581543,3.1867854595184326,2.18270206451416,2.928715467453003,2.58864164352417,4.607118129730225,9.843560218811035
TEST_00.csv,카페테리아_복숭아 아이스티,-7.606082363054156e-06,-7.373231255769497e-06,-7.582940270367544e-06,-7.579332304885611e-06,-7.6131186688144226e-06,-8.088164577202406e-06,-8.118452569760848e-06
TEST_00.csv,카페테리아_새우 볶음밥,7.048581123352051,1.3417258262634277,0.9942655563354492,1.301884651184082,1.492908000946045,2.6765408515930176,8.369440078735352
TEST_00.csv,카페테리아_새우튀김 우동,-7.606082363054156e-06,-7.373231255769497e-06,-7.582940270367544e-06,-7.579332304885611e-06,-7.6131186688144226e-06,-8.088164577202406e-06,-8.118452569760848e-06
TEST_00.csv,카페테리아_샷 추가,-7.606082363054156e-06,-7.373231255769497e-06,-7.582940270367544e-06,-7.579332304885611e-06,-7.6131186688144226e-06,-8.088164577202406e-06,-8.118452569760848e-06
TEST_00.csv,카페테리아_수제 등심 돈까스,13.659265518188477,3.403440475463867,3.00244140625,3.773791790008545,4.082273483276367,5.201910972595215,13.290787696838379
TEST_00.csv,카페테리아_아메리카노(HOT),-7.606082363054156e-06,-7.373231255769497e-06,-7.582940270367544e-06,-7.579332304885611e-06,-7.6131186688144226e-06,-8.088164577202406e-06,-8.118452569760848e-06
TEST_00.csv,카페테리아_아메리카노(ICE),-7.606082363054156e-06,-7.373231255769497e-06,-7.582940270367544e-06,-7.579332304885611e-06,-7.6131186688144226e-06,-8.088164577202406e-06,-8.118452569760848e-06
TEST_00.csv,카페테리아_약 고추장 돌솥비빔밥,14.413837432861328,5.90655517578125,4.4733476638793945,5.1142425537109375,6.035512924194336,6.542499542236328,12.066732406616211
TEST_00.csv,카페테리아_어린이 돈까스,4.67618989944458,1.1261112689971924,0.7357519865036011,1.0283530950546265,0.9833240509033203,2.516045331954956,6.084881782531738
TEST_00.csv,카페테리아_오픈푸드,0.05424192547798157,-0.016339153051376343,0.13112792372703552,0.2604581415653229,-0.10761409997940063,-0.05212599039077759,-0.08709603548049927
TEST_00.csv,카페테리아_진사골 설렁탕,-7.606082363054156e-06,-7.373231255769497e-06,-7.582940270367544e-06,-7.579332304885611e-06,-7.6131186688144226e-06,-8.088164577202406e-06,-8.118452569760848e-06
TEST_00.csv,카페테리아_짜장면,10.016213417053223,0.7276291847229004,1.5399315357208252,1.4413707256317139,1.4556188583374023,2.0037269592285156,7.129897594451904
TEST_00.csv,카페테리아_짜장밥,0.865359902381897,0.0654183030128479,0.04696497321128845,0.11010438203811646,0.0012153387069702148,0.21192526817321777,1.087672472000122
TEST_00.csv,카페테리아_짬뽕,6.820484638214111,1.8649466037750244,0.6782553195953369,1.2437840700149536,1.3811054229736328,1.8166117668151855,4.123817443847656
TEST_00.csv,카페테리아_짬뽕밥,1.4910273551940918,-0.0010895729064941406,0.3161100149154663,0.9930068850517273,0.5005266666412354,0.9846605062484741,1.8352620601654053
TEST_00.csv,카페테리아_치즈돈까스,8.206757545471191,1.2895972728729248,0.531346321105957,0.6198999881744385,0.48146581649780273,1.083158016204834,5.962345600128174
TEST_00.csv,카페테리아_카페라떼(HOT),-7.606082363054156e-06,-7.373231255769497e-06,-7.582940270367544e-06,-7.579332304885611e-06,-7.6131186688144226e-06,-8.088164577202406e-06,-8.118452569760848e-06
TEST_00.csv,카페테리아_카페라떼(ICE),-7.606082363054156e-06,-7.373231255769497e-06,-7.582940270367544e-06,-7.579332304885611e-06,-7.6131186688144226e-06,-8.088164577202406e-06,-8.118452569760848e-06
TEST_00.csv,카페테리아_한상 삼겹구이 정식(2인) 소요시간 약 15~20분,3.8181731700897217,0.4693000316619873,0.6794905662536621,1.1662898063659668,2.8196516036987305,4.369776725769043,5.82786226272583
TEST_00.csv,포레스트릿_꼬치어묵,-7.606082363054156e-06,-7.373231255769497e-06,-7.582940270367544e-06,-7.579332304885611e-06,-7.6131186688144226e-06,-8.088164577202406e-06,-8.118452569760848e-06
TEST_00.csv,포레스트릿_떡볶이,1.1668000221252441,0.0043909549713134766,-0.23560726642608643,-0.10442209243774414,-0.2401728630065918,0.3218156695365906,3.092578411102295
TEST_00.csv,포레스트릿_복숭아 아이스티,-7.606082363054156e-06,-7.373231255769497e-06,-7.582940270367544e-06,-7.579332304885611e-06,-7.6131186688144226e-06,-8.088164577202406e-06,-8.118452569760848e-06
TEST_00.csv,포레스트릿_생수,4.408694267272949,-0.1403334140777588,0.08237314224243164,-0.3131868839263916,0.25205492973327637,3.4451098442077637,7.5493645668029785
TEST_00.csv,포레스트릿_스프라이트,0.23809325695037842,-0.029700756072998047,-0.0503237247467041,-0.05193287134170532,0.011133819818496704,0.5120669007301331,1.0295571088790894
TEST_00.csv,포레스트릿_아메리카노(HOT),0.27312415838241577,-0.010965019464492798,-0.017281025648117065,0.004112079739570618,0.06326590478420258,0.0038812458515167236,-0.04281395673751831
TEST_00.csv,포레스트릿_아메리카노(ICE),3.866197347640991,-0.07397699356079102,-0.0023860931396484375,-0.2201213836669922,-0.47490930557250977,1.620013952255249,6.092345237731934
TEST_00.csv,포레스트릿_치즈 핫도그,0.8751319646835327,-0.200079083442688,-0.138663649559021,-0.21243739128112793,-0.37267184257507324,0.057161152362823486,1.6836926937103271
TEST_00.csv,포레스트릿_카페라떼(HOT),0.14544567465782166,-0.04352062940597534,-0.03772677481174469,-0.03622010350227356,-0.05701625347137451,-0.014180958271026611,0.11335567384958267
TEST_00.csv,포레스트릿_카페라떼(ICE),0.5208536386489868,-0.029717683792114258,0.10182350873947144,-0.04664456844329834,-0.11621308326721191,0.16507422924041748,0.6744310855865479
TEST_00.csv,포레스트릿_코카콜라,0.20847290754318237,-0.189954936504364,-0.1335466504096985,-0.12387406826019287,0.09005320072174072,1.3632605075836182,1.7562711238861084
TEST_00.csv,포레스트릿_페스츄리 소시지,0.1606532633304596,-0.06888872385025024,-0.026168495416641235,0.04916796088218689,0.06381937861442566,0.03535330295562744,0.4538334906101227
TEST_00.csv,화담숲주막_느린마을 막걸리,21.47418975830078,-0.2442455291748047,3.9824581146240234,5.372109413146973,7.351246356964111,6.490166187286377,21.123180389404297
TEST_00.csv,화담숲주막_단호박 식혜 ,5.623513221740723,0.6978921890258789,1.887899398803711,2.689546585083008,3.0562233924865723,6.172652244567871,9.76836109161377
TEST_00.csv,화담숲주막_병천순대,22.01214027404785,-1.0608673095703125,6.198838233947754,5.616738319396973,6.295896530151367,4.959162712097168,20.235368728637695
TEST_00.csv,화담숲주막_스프라이트,5.935178279876709,0.6052279472351074,1.33937406539917,1.5117604732513428,2.1811389923095703,2.8982009887695312,6.788512229919434
TEST_00.csv,화담숲주막_참살이 막걸리,20.46194839477539,1.0507564544677734,6.849835395812988,8.018081665039062,9.421801567077637,8.835789680480957,19.769664764404297
TEST_00.csv,화담숲주막_찹쌀식혜,11.620864868164062,0.7613849639892578,2.971245765686035,4.827052116394043,6.556670188903809,8.457033157348633,17.701595306396484
TEST_00.csv,화담숲주막_콜라,6.12735652923584,0.3589792251586914,1.3618712425231934,2.5080130100250244,2.202422857284546,3.104308605194092,7.055237770080566
TEST_00.csv,화담숲주막_해물파전,62.653038024902344,-1.8735084533691406,15.201221466064453,16.36969566345215,24.076326370239258,21.20294952392578,58.76979446411133
TEST_00.csv,화담숲카페_메밀미숫가루,27.635234832763672,1.3772048950195312,11.610147476196289,15.221565246582031,16.330883026123047,25.369237899780273,36.581356048583984
TEST_00.csv,화담숲카페_아메리카노 HOT,4.927506446838379,0.0448460578918457,1.6480789184570312,1.6939973831176758,2.1363697052001953,1.8009793758392334,3.4680027961730957
TEST_00.csv,화담숲카페_아메리카노 ICE,17.715917587280273,4.524293899536133,11.202638626098633,14.6097412109375,16.815025329589844,27.99100112915039,25.97248649597168
TEST_00.csv,화담숲카페_카페라떼 ICE,5.995230197906494,1.0745611190795898,4.009381294250488,4.690652847290039,4.538534164428711,6.529881477355957,9.444450378417969
TEST_00.csv,화담숲카페_현미뻥스크림,18.429832458496094,1.6171932220458984,4.662004470825195,6.468166351318359,6.297476768493652,8.785686492919922,19.507699966430664
TEST_01.csv,느티나무 셀프BBQ_1인 수저세트,2.761054039001465,2.067671060562134,1.4307386875152588,1.6127734184265137,2.0099539756774902,4.781998157501221,3.7288060188293457
TEST_01.csv,느티나무 셀프BBQ_BBQ55(단체),-0.11442303657531738,-0.04563760757446289,-0.33080029487609863,-0.02406001091003418,-0.7182438373565674,-0.778512716293335,-0.458768367767334
TEST_01.csv,"느티나무 셀프BBQ_대여료 30,000원",12.082186698913574,6.197291374206543,4.879432201385498,5.903212547302246,7.742291450500488,12.688545227050781,13.445226669311523
TEST_01.csv,"느티나무 셀프BBQ_대여료 60,000원",2.0904428958892822,1.6365439891815186,1.0443885326385498,0.47680211067199707,1.1252925395965576,2.1807546615600586,1.8275947570800781
TEST_01.csv,"느티나무 셀프BBQ_대여료 90,000원",0.3230920433998108,0.3929637670516968,0.317008376121521,0.2427769899368286,0.3150542378425598,0.5944844484329224,0.2890149652957916
TEST_01.csv,"느티나무 셀프BBQ_본삼겹 (단품,실내)",1.4744899272918701,1.7225273847579956,0.6255146265029907,0.7683167457580566,1.36851167678833,1.850391149520874,0.9623488187789917
TEST_01.csv,느티나무 셀프BBQ_스프라이트 (단체),0.1354198455810547,0.39116156101226807,0.6654195189476013,1.908548355102539,1.100475788116455,0.8754055500030518,0.3088642358779907
TEST_01.csv,느티나무 셀프BBQ_신라면,4.5146684646606445,0.34922319650650024,0.617991030216217,0.4316200017929077,0.5457813739776611,0.505473256111145,3.979367256164551
TEST_01.csv,느티나무 셀프BBQ_쌈야채세트,2.1433935165405273,2.6030640602111816,1.6232860088348389,1.549416184425354,1.6200660467147827,2.0098819732666016,2.53766131401062
TEST_01.csv,느티나무 셀프BBQ_쌈장,0.3417775630950928,0.1662619709968567,0.15630194544792175,0.18524044752120972,0.16119179129600525,0.07498577237129211,0.14284715056419373
TEST_01.csv,느티나무 셀프BBQ_육개장 사발면,0.4759021997451782,0.5632822513580322,0.5522236824035645,0.5184015035629272,0.39858120679855347,0.4460698664188385,0.5492967963218689
TEST_01.csv,느티나무 셀프BBQ_일회용 소주컵,0.0949021726846695,-0.05588686466217041,-0.011960864067077637,-0.05174008011817932,0.058797091245651245,0.49327439069747925,0.24945616722106934
TEST_01.csv,느티나무 셀프BBQ_일회용 종이컵,0.3523241877555847,0.7465859055519104,0.7834766507148743,0.15735840797424316,0.23759454488754272,0.20593565702438354,0.17849725484848022
TEST_01.csv,느티나무 셀프BBQ_잔디그늘집 대여료 (12인석),1.3990446329116821,1.230148196220398,1.4694244861602783,1.2824199199676514,1.2845865488052368,2.6500020027160645,3.952798843383789
TEST_01.csv,느티나무 셀프BBQ_잔디그늘집 대여료 (6인석),21.57676887512207,6.831806659698486,5.171962738037109,5.667998313903809,11.51540756225586,20.385150909423828,23.696752548217773
TEST_01.csv,느티나무 셀프BBQ_잔디그늘집 의자 추가,0.8310630321502686,0.284712016582489,0.005875587463378906,0.27683377265930176,1.1894278526306152,1.0456348657608032,1.4910215139389038
TEST_01.csv,느티나무 셀프BBQ_참이슬 (단체),0.38988184928894043,0.4880359172821045,1.4700958728790283,2.8754382133483887,0.55446457862854,2.074917793273926,0.14705967903137207
TEST_01.csv,느티나무 셀프BBQ_친환경 접시 14cm,0.5142372846603394,0.11309215426445007,-0.04646545648574829,-0.048010051250457764,-0.034058570861816406,0.24440965056419373,0.37077879905700684
TEST_01.csv,느티나무 셀프BBQ_친환경 접시 23cm,0.516242265701294,0.703620970249176,0.620552122592926,0.4086077809333801,0.6613301634788513,1.8001878261566162,1.4888968467712402
TEST_01.csv,느티나무 셀프BBQ_카스 병(단체),1.0362553596496582,1.4169502258300781,1.824089765548706,2.588475465774536,1.2169110774993896,2.467109203338623,1.274916410446167
TEST_01.csv,느티나무 셀프BBQ_콜라 (단체),0.153159499168396,0.5237226486206055,0.8943659663200378,2.655592918395996,1.9261889457702637,0.9026790857315063,0.17294037342071533
TEST_01.csv,느티나무 셀프BBQ_햇반,0.2720062732696533,0.594626247882843,0.8584038019180298,0.28673380613327026,0.23575592041015625,0.7601674795150757,0.33692532777786255
TEST_01.csv,느티나무 셀프BBQ_허브솔트,0.07834941148757935,0.14537137746810913,0.14973986148834229,0.0853758454322815,0.3127758204936981,0.14647403359413147,0.10367673635482788
TEST_01.csv,담하_(단체) 공깃밥,0.0018129423260688782,0.033279258757829666,0.005975507199764252,0.02099492773413658,6.288290023803711e-05,-0.012077055871486664,0.010934796184301376
TEST_01.csv,담하_(단체) 생목살 김치전골 2.0,-0.6992735862731934,0.30704307556152344,-0.5070967674255371,-0.2832489013671875,0.028919219970703125,-0.6684679985046387,0.02796649932861328
TEST_01.csv,담하_(단체) 은이버섯 갈비탕,-4.3765869140625,-3.1289138793945312,0.3569221496582031,-4.164251327514648,-1.018524169921875,-0.8578577041625977,-2.872995376586914
TEST_01.csv,담하_(단체) 한우 우거지 국밥,0.3513510227203369,0.461545467376709,0.23294496536254883,0.30921244621276855,0.446260929107666,0.9811105728149414,0.7478475570678711
TEST_01.csv,담하_(단체) 황태해장국 3/27까지,2.065286636352539,4.2460126876831055,10.550382614135742,1.5182056427001953,6.018584251403809,3.6811819076538086,5.228250503540039
TEST_01.csv,담하_(정식) 된장찌개,3.5860443115234375,3.5432748794555664,2.4413394927978516,1.6185317039489746,2.0052571296691895,2.7932639122009277,2.7695517539978027
TEST_01.csv,담하_(정식) 물냉면 ,3.462545156478882,2.4554214477539062,0.9324126243591309,2.0691165924072266,1.9667670726776123,2.357910633087158,2.8769357204437256
TEST_01.csv,담하_(정식) 비빔냉면,2.370274782180786,1.651090145111084,0.7655906677246094,0.8351420164108276,0.9164649248123169,1.3462213277816772,2.085585832595825
TEST_01.csv,담하_(후식) 된장찌개,8.515040397644043,7.7070231437683105,5.236199378967285,5.893609523773193,6.0838823318481445,4.644533157348633,6.602349281311035
TEST_01.csv,담하_(후식) 물냉면,3.1363866329193115,2.400095224380493,1.9986399412155151,2.7085824012756348,2.5324292182922363,2.7880568504333496,4.160704612731934
TEST_01.csv,담하_(후식) 비빔냉면,1.1203322410583496,0.7901760935783386,0.9647164344787598,0.785137414932251,1.0770761966705322,2.1076176166534424,1.6253482103347778
TEST_01.csv,담하_갑오징어 비빔밥,0.9921604990959167,0.15508022904396057,0.21930047869682312,0.1937858760356903,0.09142827987670898,0.32782015204429626,1.0012454986572266
TEST_01.csv,담하_갱시기,-7.606082363054156e-06,-7.373231255769497e-06,-7.582940270367544e-06,-7.579332304885611e-06,-7.6131186688144226e-06,-8.088164577202406e-06,-8.118452569760848e-06
TEST_01.csv,담하_공깃밥,62.2283935546875,38.808135986328125,35.53178405761719,43.13460922241211,40.98796081542969,47.194217681884766,52.41515350341797
TEST_01.csv,담하_꼬막 비빔밥,-7.606082363054156e-06,-7.373231255769497e-06,-7.582940270367544e-06,-7.579332304885611e-06,-7.6131186688144226e-06,-8.088164577202406e-06,-8.118452569760848e-06
TEST_01.csv,담하_느린마을 막걸리,3.1712827682495117,1.089030146598816,0.6348316669464111,0.7265896201133728,0.8957540392875671,1.2773473262786865,2.230729103088379
TEST_01.csv,담하_담하 한우 불고기,42.06591033935547,38.55207824707031,35.69520950317383,37.776458740234375,31.703035354614258,34.17957305908203,36.531646728515625
TEST_01.csv,담하_담하 한우 불고기 정식,8.199552536010742,6.5144195556640625,5.507000923156738,4.921833038330078,5.196764945983887,6.368044853210449,8.073661804199219
TEST_01.csv,담하_더덕 한우 지짐,0.29420363903045654,0.268562376499176,0.28343427181243896,0.5867998600006104,0.5006506443023682,0.507527232170105,0.21449923515319824
TEST_01.csv,담하_들깨 양지탕,-7.606082363054156e-06,-7.373231255769497e-06,-7.582940270367544e-06,-7.579332304885611e-06,-7.6131186688144226e-06,-8.088164577202406e-06,-8.118452569760848e-06
TEST_01.csv,담하_라면사리,-0.03958255052566528,0.0008142739534378052,-0.04433542490005493,-0.005429267883300781,-0.014733433723449707,-0.056358158588409424,-0.018838346004486084
TEST_01.csv,담하_룸 이용료,0.12410905957221985,0.1589372456073761,0.06608003377914429,0.02333122491836548,0.01392054557800293,0.03332963585853577,0.08000001311302185
TEST_01.csv,담하_메밀면 사리,3.220837116241455,4.743658065795898,2.452544689178467,1.7773215770721436,1.8363466262817383,2.3232991695404053,2.9454684257507324
TEST_01.csv,담하_명인안동소주,0.019414037466049194,-0.1239546537399292,0.39095187187194824,0.11093202233314514,-0.1727001667022705,-0.05167320370674133,0.3312852382659912
TEST_01.csv,담하_명태회 비빔냉면,2.108085870742798,2.418067455291748,2.492947816848755,3.438152313232422,4.061555862426758,4.627468109130859,3.626753330230713
TEST_01.csv,담하_문막 복분자 칵테일,1.4532804489135742,0.9635741710662842,1.6258515119552612,1.6541205644607544,0.5725210905075073,1.3170617818832397,0.8541088104248047
TEST_01.csv,담하_봉평메밀 물냉면,6.339904308319092,4.809925556182861,4.627619743347168,4.558332920074463,3.7171688079833984,4.602589130401611,5.9153947830200195
TEST_01.csv,담하_생목살 김치찌개,8.545766830444336,10.291402816772461,8.56203842163086,9.607358932495117,8.685993194580078,9.630495071411133,9.268453598022461
TEST_01.csv,담하_스프라이트,0.44813627004623413,0.500571608543396,0.45575571060180664,0.8006188869476318,0.9276415109634399,1.5271488428115845,1.0804277658462524
TEST_01.csv,담하_은이버섯 갈비탕,3.308530330657959,3.594120979309082,3.090073823928833,3.9327101707458496,4.113959312438965,3.9103446006774902,3.6290950775146484
TEST_01.csv,담하_제로콜라,0.060693949460983276,0.06759271025657654,0.14365753531455994,0.2524726390838623,0.29209619760513306,0.3060803711414337,0.24866938591003418
TEST_01.csv,담하_참이슬,2.3465497493743896,2.9169464111328125,3.4996044635772705,1.7393347024917603,3.010989189147949,2.009154796600342,2.1441805362701416
TEST_01.csv,담하_처음처럼,0.4467005133628845,0.5557684302330017,0.5364528894424438,0.49355006217956543,1.1928188800811768,0.7878310084342957,0.6187554001808167
TEST_01.csv,담하_카스,1.6463741064071655,0.49101972579956055,0.6824306845664978,1.4743127822875977,2.202454090118408,2.392941474914551,4.032825469970703
TEST_01.csv,담하_콜라,0.34060049057006836,0.017031967639923096,0.6886236667633057,1.4559190273284912,1.2366132736206055,0.46103453636169434,0.49352532625198364
TEST_01.csv,담하_테라,0.9256337285041809,0.39226168394088745,0.773842453956604,0.3891035318374634,0.1425102949142456,0.23599159717559814,0.4637432098388672
TEST_01.csv,담하_하동 매실 칵테일,0.7158180475234985,0.3772121071815491,0.32918304204940796,0.24439489841461182,0.35671162605285645,0.7935847640037537,0.7285692095756531
TEST_01.csv,담하_한우 떡갈비 정식,11.144131660461426,14.040071487426758,9.101533889770508,8.456830024719238,8.564251899719238,10.890050888061523,12.93057632446289
TEST_01.csv,담하_한우 미역국 정식,8.81574821472168,5.848526477813721,3.494034767150879,4.775934219360352,5.255777359008789,8.276102066040039,8.93521499633789
TEST_01.csv,담하_한우 우거지 국밥,14.875055313110352,7.264816761016846,6.100101470947266,7.077256202697754,7.359172344207764,10.125898361206055,10.179107666015625
TEST_01.csv,담하_한우 차돌박이 된장찌개,7.412903785705566,7.996872901916504,8.534248352050781,9.61186408996582,8.14949893951416,7.820380210876465,6.757699012756348
TEST_01.csv,담하_황태해장국,8.371488571166992,6.101738452911377,4.027544021606445,4.716923713684082,3.375518560409546,4.028139591217041,4.789449691772461
TEST_01.csv,라그로타_AUS (200g),1.0418908596038818,0.9947461485862732,1.0362231731414795,0.9217215776443481,1.2469696998596191,1.6836869716644287,1.1020013093948364
TEST_01.csv,라그로타_G-Charge(3),0.03640669584274292,-0.01575961709022522,-0.012406587600708008,-0.004384070634841919,-0.03790274262428284,-0.055084675550460815,0.6308904886245728
TEST_01.csv,라그로타_Gls.Sileni,0.8511895537376404,0.801837146282196,0.8716601133346558,0.7399484515190125,0.883442759513855,1.5759313106536865,2.1979620456695557
TEST_01.csv,라그로타_Gls.미션 서드,4.235954284667969,1.7467772960662842,2.747934341430664,1.9504704475402832,2.501136302947998,2.336209774017334,1.9365630149841309
TEST_01.csv,라그로타_Open Food,0.03136222064495087,0.0018113106489181519,0.0140761137008667,-0.009605303406715393,0.014491051435470581,0.02557133138179779,-0.01225319504737854
TEST_01.csv,라그로타_그릴드 비프 샐러드,1.3262343406677246,0.8203498125076294,0.9260790348052979,0.9621497988700867,0.9284836649894714,1.0027296543121338,1.5359899997711182
TEST_01.csv,라그로타_까르보나라,0.026552259922027588,0.010121524333953857,0.006226897239685059,0.005044817924499512,-0.017111361026763916,-0.0161895751953125,0.023376643657684326
TEST_01.csv,라그로타_모둠 해산물 플래터,0.41857439279556274,0.4541832208633423,0.3790746033191681,0.4397328495979309,0.3695644736289978,0.31874915957450867,0.3441011905670166
TEST_01.csv,라그로타_미션 서드 카베르네 쉬라,0.4774976372718811,0.42746502161026,-0.03266865015029907,0.011396437883377075,0.04418748617172241,0.11140422523021698,0.24480117857456207
TEST_01.csv,라그로타_버섯 크림 리조또,3.4986448287963867,0.6975178718566895,1.5569543838500977,1.4043548107147217,1.7259705066680908,2.6955149173736572,5.207268238067627
TEST_01.csv,라그로타_빵 추가 (1인),2.348653554916382,-0.027513742446899414,0.2340031862258911,0.30397936701774597,0.328409343957901,0.31338220834732056,2.0666379928588867
TEST_01.csv,라그로타_스프라이트,0.10058394074440002,0.047468870878219604,0.12796436250209808,0.09884681552648544,0.06576773524284363,-0.023452922701835632,-0.04889196157455444
TEST_01.csv,라그로타_시저 샐러드 ,0.6034064292907715,0.2840477228164673,0.6703201532363892,1.842278242111206,2.571382999420166,2.0762972831726074,0.5640831589698792
TEST_01.csv,라그로타_아메리카노,0.0035329610109329224,0.03590074181556702,0.16379046440124512,0.09160642325878143,-0.028927341103553772,-0.02154393494129181,-0.015046343207359314
TEST_01.csv,라그로타_알리오 에 올리오 ,2.979097366333008,1.170649528503418,1.0753015279769897,1.1167256832122803,1.3082391023635864,2.3294477462768555,2.5998692512512207
TEST_01.csv,라그로타_양갈비 (4ps),2.990612506866455,0.7317523956298828,1.3064018487930298,1.1223430633544922,1.3958871364593506,1.5168609619140625,3.087783098220825
TEST_01.csv,라그로타_자몽리치에이드,0.869884192943573,0.7093625664710999,0.8644070625305176,0.8862899541854858,1.2899086475372314,1.8729275465011597,1.4904636144638062
TEST_01.csv,라그로타_제로콜라,1.728406548500061,0.2528136968612671,0.3718920350074768,0.33800649642944336,0.23968839645385742,0.28161346912384033,1.981736421585083
TEST_01.csv,라그로타_카스,1.6582460403442383,1.4263598918914795,0.7591720819473267,0.9600489735603333,0.813974142074585,0.8127397298812866,0.3868377208709717
TEST_01.csv,라그로타_콜라,0.13176745176315308,0.040387749671936035,0.35845091938972473,-0.007364988327026367,0.06402522325515747,0.03241562843322754,0.2559016942977905
TEST_01.csv,라그로타_하이네켄(생),0.6919630765914917,0.6747616529464722,2.4242806434631348,0.957298755645752,0.6735507249832153,1.619325876235962,1.335303783416748
TEST_01.csv,라그로타_한우 (200g),1.228877067565918,0.2213159203529358,0.37604963779449463,0.5529726147651672,0.7190825939178467,0.5555256605148315,0.9035135507583618
TEST_01.csv,라그로타_해산물 토마토 리조또,0.33048468828201294,0.30774110555648804,0.37070590257644653,0.23035180568695068,0.3094707727432251,1.1851927042007446,1.5182844400405884
TEST_01.csv,라그로타_해산물 토마토 스튜 파스타,1.173673391342163,0.5443698167800903,0.39370906352996826,0.4078938961029053,0.5063425302505493,1.291939616203308,1.1776766777038574
TEST_01.csv,라그로타_해산물 토마토 스파게티,4.917858123779297,0.8061907291412354,2.3926074504852295,3.1850266456604004,2.7978293895721436,2.411919593811035,4.586844444274902
TEST_01.csv,"미라시아_(단체)브런치주중 36,000",-2.8142051696777344,-0.8521232604980469,0.7135858535766602,0.3922700881958008,1.6670961380004883,4.564057350158691,0.7925558090209961
TEST_01.csv,미라시아_(오븐) 하와이안 쉬림프 피자,1.213541865348816,1.5126897096633911,0.8444867730140686,0.9594135284423828,0.9335854649543762,1.309994101524353,1.2812271118164062
TEST_01.csv,미라시아_(화덕) 불고기 페퍼로니 반반피자,3.383338451385498,2.858412742614746,2.0284628868103027,2.2574541568756104,3.6003730297088623,4.670069694519043,3.8641231060028076
TEST_01.csv,미라시아_BBQ Platter,10.638267517089844,8.192742347717285,5.078112602233887,5.740408897399902,8.025752067565918,10.243860244750977,9.779062271118164
TEST_01.csv,미라시아_BBQ 고기추가,0.4361940026283264,0.3661072254180908,0.33548909425735474,0.3163635730743408,0.4559880495071411,0.47745490074157715,0.29051655530929565
TEST_01.csv,미라시아_공깃밥,1.4937493801116943,0.06532394886016846,0.3736969828605652,0.3009988069534302,0.2601432204246521,0.21641743183135986,0.9498187303543091
TEST_01.csv,미라시아_글라스와인 (레드),0.23094192147254944,0.540715217590332,0.07153622806072235,0.05116155743598938,0.043218642473220825,0.02561330795288086,0.07452021539211273
TEST_01.csv,미라시아_레인보우칵테일(알코올),-0.34341078996658325,-0.18423199653625488,-0.20421582460403442,-0.08337140083312988,0.10081177949905396,0.2059900164604187,-0.07609862089157104
TEST_01.csv,미라시아_미라시아 브런치 (패키지),21.324472427368164,26.244218826293945,27.088899612426758,24.359764099121094,23.17531394958496,25.23191261291504,12.814414978027344
TEST_01.csv,미라시아_버드와이저(무제한),7.692620277404785,4.593157768249512,2.836864948272705,3.365551471710205,4.6058173179626465,6.236442565917969,6.238422393798828
TEST_01.csv,미라시아_보일링 랍스타 플래터,1.2569445371627808,1.6675972938537598,0.6867293119430542,1.0858601331710815,1.0389881134033203,0.9565351009368896,0.943464457988739
TEST_01.csv,미라시아_보일링 랍스타 플래터(덜매운맛),0.7259504199028015,0.6154604554176331,0.6743710041046143,0.451812207698822,0.6598098874092102,1.817185640335083,1.5815788507461548
TEST_01.csv,미라시아_브런치 2인 패키지 ,7.050238609313965,8.09119987487793,7.557976722717285,6.567244052886963,6.449475288391113,8.632092475891113,8.075846672058105
TEST_01.csv,미라시아_브런치 4인 패키지 ,-0.20415246486663818,0.16433677077293396,-0.0985758900642395,-0.1453176736831665,0.4357706606388092,0.4976169466972351,-0.3090406656265259
TEST_01.csv,미라시아_브런치(대인) 주말,193.8650360107422,7.0604095458984375,4.889209747314453,2.3877525329589844,3.3513755798339844,3.855670928955078,114.04692077636719
TEST_01.csv,미라시아_브런치(대인) 주중,-7.606082363054156e-06,-7.373231255769497e-06,-7.582940270367544e-06,-7.579332304885611e-06,-7.6131186688144226e-06,-8.088164577202406e-06,-8.118452569760848e-06
TEST_01.csv,미라시아_브런치(어린이),67.29362487792969,33.698387145996094,31.244935989379883,34.636253356933594,29.11996078491211,33.15961456298828,57.64678192138672
TEST_01.csv,미라시아_쉬림프 투움바 파스타,1.7780258655548096,1.838313341140747,1.7650370597839355,0.417269229888916,0.8334980010986328,0.7955760955810547,1.056769847869873
TEST_01.csv,미라시아_스텔라(무제한),2.8555617332458496,3.709031343460083,3.6488513946533203,3.0014538764953613,3.7199394702911377,4.584559440612793,3.5248515605926514
TEST_01.csv,미라시아_스프라이트,0.9017713069915771,1.3413516283035278,0.22066468000411987,0.1808786392211914,0.15394353866577148,0.9734156131744385,1.0568510293960571
TEST_01.csv,미라시아_애플망고 에이드,2.89506459236145,3.4230973720550537,2.6914119720458984,2.1924920082092285,2.1622824668884277,2.5347728729248047,2.0346555709838867
TEST_01.csv,미라시아_얼그레이 하이볼,-0.0676925778388977,-0.02432793378829956,0.0568329393863678,0.19724301993846893,0.25191888213157654,0.03846123814582825,0.3947192132472992
TEST_01.csv,미라시아_오븐구이 윙과 킬바사소세지,2.822084665298462,1.8445357084274292,0.8135151863098145,0.7948058843612671,0.7039022445678711,1.2691373825073242,1.5975592136383057
TEST_01.csv,미라시아_유자 하이볼,0.3075294494628906,0.3427945077419281,0.09049932658672333,0.009815454483032227,-0.0849505066871643,-0.11460641026496887,0.09771335124969482
TEST_01.csv,미라시아_잭 애플 토닉,0.2541426420211792,0.29309016466140747,0.2108343243598938,0.103179931640625,0.1636066734790802,0.21580258011817932,0.23053419589996338
TEST_01.csv,미라시아_칠리 치즈 프라이,1.2072980403900146,0.6059999465942383,0.36438339948654175,0.31622767448425293,0.4782685339450836,0.7182682156562805,1.0666416883468628
TEST_01.csv,미라시아_코카콜라,3.2924318313598633,2.6062779426574707,2.168958902359009,1.9506369829177856,1.9663327932357788,2.0995492935180664,2.705618143081665
TEST_01.csv,미라시아_코카콜라(제로),1.5536739826202393,1.2900382280349731,0.643539309501648,0.3880382776260376,0.8620964288711548,2.6079602241516113,1.4955185651779175
TEST_01.csv,미라시아_콥 샐러드,3.6396536827087402,2.488433361053467,1.7127952575683594,1.1257704496383667,0.9489837884902954,1.3694062232971191,1.5136466026306152
TEST_01.csv,미라시아_파스타면 추가(150g),1.2189345359802246,1.0760266780853271,0.9181168675422668,0.7499067783355713,1.1178476810455322,2.015815258026123,1.5531483888626099
TEST_01.csv,미라시아_핑크레몬에이드,-7.606082363054156e-06,-7.373231255769497e-06,-7.582940270367544e-06,-7.579332304885611e-06,-7.6131186688144226e-06,-8.088164577202406e-06,-8.118452569760848e-06
TEST_01.csv,연회장_Cass Beer,-0.8849449157714844,0.34168243408203125,-1.8357362747192383,-1.2743158340454102,-0.9551162719726562,-3.0247135162353516,-1.5553483963012695
TEST_01.csv,연회장_Conference L1,-0.02402392029762268,0.01558862254023552,0.013475682586431503,0.02179129421710968,0.0007315352559089661,0.010904558002948761,0.03723841533064842
TEST_01.csv,연회장_Conference L2,-0.012666285037994385,0.026289649307727814,0.01772800087928772,0.02871529757976532,-0.02308960258960724,-0.03792034089565277,-0.023542746901512146
TEST_01.csv,연회장_Conference L3,-7.606082363054156e-06,-7.373231255769497e-06,-7.582940270367544e-06,-7.579332304885611e-06,-7.6131186688144226e-06,-8.088164577202406e-06,-8.118452569760848e-06
TEST_01.csv,연회장_Conference M1,0.027402296662330627,-0.01900137960910797,0.18919584155082703,0.22713008522987366,-0.046922147274017334,0.01903057098388672,0.02276107668876648
TEST_01.csv,연회장_Conference M8,-0.0074882060289382935,0.014833316206932068,-0.0038326680660247803,0.007679641246795654,0.01358768343925476,-0.02172684669494629,0.014133855700492859
TEST_01.csv,연회장_Conference M9,0.016810715198516846,0.049450308084487915,0.056445494294166565,0.07551321387290955,0.04862163960933685,0.08288457989692688,0.06399516761302948
TEST_01.csv,연회장_Convention Hall,0.020504027605056763,0.5853451490402222,0.2661689519882202,0.015305757522583008,-0.12145829200744629,-0.09488198161125183,-0.08534148335456848
TEST_01.csv,연회장_Cookie Platter,0.2011052370071411,0.30116546154022217,0.44921159744262695,1.2491450309753418,0.8927981853485107,0.14379310607910156,0.16596388816833496
TEST_01.csv,연회장_Grand Ballroom,0.0022729188203811646,0.015348747372627258,0.056378915905952454,0.1595769226551056,0.23143737018108368,0.17276695370674133,0.011584997177124023
TEST_01.csv,연회장_OPUS 2,-0.00799860805273056,-0.006434984505176544,-0.009113352745771408,-0.004774931818246841,-0.0027430392801761627,0.0021661706268787384,-0.005762942135334015
TEST_01.csv,연회장_Regular Coffee,4.628292083740234,6.106006622314453,8.978723526000977,13.601005554199219,8.416467666625977,5.38507080078125,4.620588302612305
TEST_01.csv,연회장_골뱅이무침,4.299198150634766,3.2983269691467285,3.14724063873291,3.6132493019104004,3.145320177078247,3.798278570175171,5.459941864013672
TEST_01.csv,연회장_공깃밥,1.569711446762085,1.5091090202331543,1.726248025894165,1.7572765350341797,2.859961748123169,3.5379748344421387,1.7880401611328125
TEST_01.csv,연회장_돈목살 김치찌개 (밥포함),3.6091256141662598,3.225620985031128,2.8653762340545654,3.6137423515319824,5.159363269805908,6.829621315002441,4.870860576629639
TEST_01.csv,연회장_로제 치즈떡볶이,2.2531721591949463,3.0870730876922607,1.9432889223098755,2.1395983695983887,2.2835516929626465,1.9502216577529907,2.7931721210479736
TEST_01.csv,연회장_마라샹궈,0.5488742589950562,0.22682124376296997,0.2881242632865906,0.8652892112731934,1.4268826246261597,0.701859712600708,0.5346804857254028
TEST_01.csv,연회장_매콤 무뼈닭발&계란찜,1.9677202701568604,2.1911308765411377,1.6516103744506836,0.7788735628128052,3.19602108001709,2.677030563354492,1.5500586032867432
TEST_01.csv,연회장_모둠 돈육구이(3인),9.738126754760742,3.9672598838806152,4.130718231201172,5.4886064529418945,7.723532676696777,11.91130256652832,14.02266788482666
TEST_01.csv,연회장_삼겹살추가 (200g),-0.0612177848815918,0.3106619715690613,0.274316668510437,0.35565614700317383,0.709754467010498,1.3981764316558838,1.6922638416290283
TEST_01.csv,연회장_야채추가,0.14281120896339417,-0.04693979024887085,-0.05388987064361572,-0.08960723876953125,0.016246020793914795,0.7057865858078003,1.2889988422393799
TEST_01.csv,연회장_왕갈비치킨,6.387983322143555,7.253260612487793,3.8406121730804443,5.382148265838623,5.731593132019043,4.408041954040527,6.274138927459717
TEST_01.csv,연회장_주먹밥 (2ea),1.366034746170044,1.2107793092727661,0.9906400442123413,1.3205616474151611,1.9437779188156128,1.8691203594207764,1.4574365615844727
TEST_01.csv,카페테리아_공깃밥(추가),6.403761863708496,4.4646077156066895,4.331545829772949,4.895249366760254,4.644135475158691,5.43829345703125,6.452771186828613
TEST_01.csv,카페테리아_구슬아이스크림,-7.606082363054156e-06,-7.373231255769497e-06,-7.582940270367544e-06,-7.579332304885611e-06,-7.6131186688144226e-06,-8.088164577202406e-06,-8.118452569760848e-06
TEST_01.csv,카페테리아_단체식 13000(신),0.4545145034790039,0.20636749267578125,-0.6764259338378906,-3.633913040161133,-1.7089672088623047,-5.377588272094727,-2.810903549194336
TEST_01.csv,카페테리아_단체식 18000(신),0.9938564300537109,8.65939998626709,-3.510833740234375,-4.764350891113281,4.256919860839844,-2.948549270629883,-0.3392620086669922
TEST_01.csv,카페테리아_돼지고기 김치찌개,14.11910343170166,10.802858352661133,6.757601737976074,7.660483360290527,8.0075044631958,8.489701271057129,8.656618118286133
TEST_01.csv,카페테리아_복숭아 아이스티,-0.0055626630783081055,-0.005422748625278473,-0.00801229476928711,-0.03707154095172882,0.02489382028579712,0.006697535514831543,-0.0018448978662490845
TEST_01.csv,카페테리아_새우 볶음밥,10.607069969177246,10.236793518066406,3.6830615997314453,5.427380561828613,6.428735733032227,6.666604518890381,5.068511009216309
TEST_01.csv,카페테리아_새우튀김 우동,-7.606082363054156e-06,-7.373231255769497e-06,-7.582940270367544e-06,-7.579332304885611e-06,-7.6131186688144226e-06,-8.088164577202406e-06,-8.118452569760848e-06
TEST_01.csv,카페테리아_샷 추가,-7.606082363054156e-06,-7.373231255769497e-06,-7.582940270367544e-06,-7.579332304885611e-06,-7.6131186688144226e-06,-8.088164577202406e-06,-8.118452569760848e-06
TEST_01.csv,카페테리아_수제 등심 돈까스,21.171274185180664,15.781940460205078,11.612297058105469,13.593721389770508,15.003063201904297,15.970454216003418,19.109500885009766
TEST_01.csv,카페테리아_아메리카노(HOT),-0.00264117494225502,0.018812308087944984,-0.002205636352300644,0.0021040476858615875,0.002660095691680908,-0.005968514829874039,-0.0032999441027641296
TEST_01.csv,카페테리아_아메리카노(ICE),-0.009499073028564453,-0.038106322288513184,-0.052750229835510254,-0.2525627017021179,0.1702137589454651,0.04564923048019409,-0.011956930160522461
TEST_01.csv,카페테리아_약 고추장 돌솥비빔밥,18.181007385253906,22.86676597595215,18.526409149169922,16.617202758789062,12.555902481079102,15.55434799194336,17.152557373046875
TEST_01.csv,카페테리아_어린이 돈까스,7.943220138549805,4.337599754333496,3.031996250152588,4.455296516418457,5.778865337371826,7.663933753967285,7.465364456176758
TEST_01.csv,카페테리아_오픈푸드,-7.606082363054156e-06,-7.373231255769497e-06,-7.582940270367544e-06,-7.579332304885611e-06,-7.6131186688144226e-06,-8.088164577202406e-06,-8.118452569760848e-06
TEST_01.csv,카페테리아_진사골 설렁탕,-7.606082363054156e-06,-7.373231255769497e-06,-7.582940270367544e-06,-7.579332304885611e-06,-7.6131186688144226e-06,-8.088164577202406e-06,-8.118452569760848e-06
TEST_01.csv,카페테리아_짜장면,13.06505298614502,12.10024642944336,5.245155334472656,8.63300895690918,9.433016777038574,12.502531051635742,12.554094314575195
TEST_01.csv,카페테리아_짜장밥,0.5266306400299072,0.7211960554122925,0.5709093809127808,0.8353168964385986,1.0573203563690186,0.7374989986419678,0.8262383341789246
TEST_01.csv,카페테리아_짬뽕,6.706758499145508,5.530311107635498,4.800260066986084,4.458934783935547,4.431381702423096,5.205477237701416,5.539689540863037
TEST_01.csv,카페테리아_짬뽕밥,3.027165174484253,2.492011547088623,1.7078003883361816,1.5151602029800415,1.8455015420913696,2.1763088703155518,2.09421443939209
TEST_01.csv,카페테리아_치즈돈까스,6.325079917907715,5.718274116516113,5.369350433349609,7.152002811431885,8.643388748168945,8.710314750671387,6.90456485748291
TEST_01.csv,카페테리아_카페라떼(HOT),-0.00264117494225502,0.018812308087944984,-0.002205636352300644,0.0021040476858615875,0.002660095691680908,-0.005968514829874039,-0.0032999441027641296
TEST_01.csv,카페테리아_카페라떼(ICE),0.008408576250076294,-0.0030170977115631104,-0.005861341953277588,-0.043264880776405334,0.03461705893278122,0.012363463640213013,0.0009862184524536133
TEST_01.csv,카페테리아_한상 삼겹구이 정식(2인) 소요시간 약 15~20분,15.016926765441895,7.277410507202148,8.212769508361816,7.889266490936279,10.064659118652344,13.814908981323242,17.081762313842773
TEST_01.csv,포레스트릿_꼬치어묵,-7.606082363054156e-06,-7.373231255769497e-06,-7.582940270367544e-06,-7.579332304885611e-06,-7.6131186688144226e-06,-8.088164577202406e-06,-8.118452569760848e-06
TEST_01.csv,포레스트릿_떡볶이,0.4060012102127075,0.5127245783805847,0.3650025725364685,0.42976200580596924,0.7317619919776917,1.000161051750183,0.5391342639923096
TEST_01.csv,포레스트릿_복숭아 아이스티,-7.606082363054156e-06,-7.373231255769497e-06,-7.582940270367544e-06,-7.579332304885611e-06,-7.6131186688144226e-06,-8.088164577202406e-06,-8.118452569760848e-06
TEST_01.csv,포레스트릿_생수,6.567135334014893,0.4846611022949219,1.6695475578308105,1.9914641380310059,2.6492748260498047,5.251150131225586,14.101350784301758
TEST_01.csv,포레스트릿_스프라이트,1.345083475112915,2.3300414085388184,0.6084617972373962,0.17011898756027222,0.21905630826950073,0.26005202531814575,1.0946260690689087
TEST_01.csv,포레스트릿_아메리카노(HOT),0.004269510507583618,0.011126425117254257,0.014945048838853836,0.0056804269552230835,0.009735338389873505,0.005010843276977539,-0.0026963427662849426
TEST_01.csv,포레스트릿_아메리카노(ICE),8.217432022094727,4.313470363616943,2.732133626937866,2.6951162815093994,2.9004499912261963,3.987832546234131,6.731237888336182
TEST_01.csv,포레스트릿_치즈 핫도그,0.7777996063232422,0.6828014850616455,0.39338621497154236,0.4566202759742737,0.47754305601119995,0.5004606246948242,0.6833418011665344
TEST_01.csv,포레스트릿_카페라떼(HOT),-7.606082363054156e-06,-7.373231255769497e-06,-7.582940270367544e-06,-7.579332304885611e-06,-7.6131186688144226e-06,-8.088164577202406e-06,-8.118452569760848e-06
TEST_01.csv,포레스트릿_카페라떼(ICE),0.6989449858665466,0.6099036335945129,1.1230601072311401,0.5848184823989868,0.9110392928123474,0.8337299823760986,0.9637045860290527
TEST_01.csv,포레스트릿_코카콜라,1.0029659271240234,1.0289180278778076,0.8357583284378052,0.4455239772796631,1.0710326433181763,1.491692066192627,2.0266647338867188
TEST_01.csv,포레스트릿_페스츄리 소시지,0.6719066500663757,0.6499408483505249,0.53081214427948,0.31343454122543335,0.40853363275527954,0.3793608546257019,0.7156692147254944
TEST_01.csv,화담숲주막_느린마을 막걸리,7.822291851043701,1.6280851364135742,3.6940102577209473,3.8545501232147217,5.112932205200195,8.503323554992676,9.256312370300293
TEST_01.csv,화담숲주막_단호박 식혜 ,9.247064590454102,-0.5584878921508789,3.4761807918548584,3.351982831954956,3.071795701980591,3.124297618865967,7.205639839172363
TEST_01.csv,화담숲주막_병천순대,12.102365493774414,-0.23397064208984375,5.582067966461182,5.435854911804199,5.06423282623291,7.966284275054932,12.474583625793457
TEST_01.csv,화담숲주막_스프라이트,5.135339736938477,0.46019792556762695,2.2202064990997314,2.4832310676574707,2.040895462036133,2.2836596965789795,5.966039657592773
TEST_01.csv,화담숲주막_참살이 막걸리,10.947471618652344,0.9524779319763184,4.998080253601074,5.344247817993164,6.033946990966797,5.2571001052856445,9.821635246276855
TEST_01.csv,화담숲주막_찹쌀식혜,12.499155044555664,-0.4714975357055664,4.15648078918457,4.884742736816406,4.749876499176025,6.186342239379883,11.287954330444336
TEST_01.csv,화담숲주막_콜라,5.528193473815918,0.6645863056182861,1.9360765218734741,1.9434252977371216,1.811142921447754,1.5265552997589111,3.8295910358428955
TEST_01.csv,화담숲주막_해물파전,41.47440719604492,0.16220474243164062,17.518869400024414,20.241302490234375,16.51584815979004,18.6008358001709,33.97195816040039
TEST_01.csv,화담숲카페_메밀미숫가루,40.06629180908203,0.44934654235839844,21.98482894897461,22.195112228393555,18.808223724365234,15.535399436950684,28.44932746887207
TEST_01.csv,화담숲카페_아메리카노 HOT,0.948768675327301,0.23522114753723145,0.7886970043182373,0.7230014801025391,0.877008318901062,0.7017017602920532,0.402554988861084
TEST_01.csv,화담숲카페_아메리카노 ICE,28.508089065551758,1.1167011260986328,12.542160034179688,14.48929214477539,12.909241676330566,14.130732536315918,26.880474090576172
TEST_01.csv,화담숲카페_카페라떼 ICE,3.9147958755493164,0.606351375579834,5.628225326538086,4.124288558959961,3.5331454277038574,2.429488182067871,2.5212574005126953
TEST_01.csv,화담숲카페_현미뻥스크림,29.35625457763672,-0.4697399139404297,17.011581420898438,15.825422286987305,12.680495262145996,12.243194580078125,18.425588607788086
TEST_02.csv,느티나무 셀프BBQ_1인 수저세트,7.870992183685303,2.0410268306732178,3.4118285179138184,2.3539819717407227,2.709928035736084,8.87469482421875,9.653997421264648
TEST_02.csv,느티나무 셀프BBQ_BBQ55(단체),8.834922790527344,17.4669132232666,10.24673843383789,15.032495498657227,25.423067092895508,17.833261489868164,1.2474937438964844
TEST_02.csv,"느티나무 셀프BBQ_대여료 30,000원",10.240316390991211,2.977334499359131,4.3338847160339355,3.5105085372924805,5.243286609649658,8.629226684570312,15.509805679321289
TEST_02.csv,"느티나무 셀프BBQ_대여료 60,000원",4.065488338470459,3.2789463996887207,3.2022857666015625,1.4694061279296875,1.3350653648376465,1.2865290641784668,4.914315223693848
TEST_02.csv,"느티나무 셀프BBQ_대여료 90,000원",1.5097975730895996,0.7525507807731628,0.6057640314102173,0.3003199100494385,0.5435680747032166,0.40556734800338745,0.6117196083068848
TEST_02.csv,"느티나무 셀프BBQ_본삼겹 (단품,실내)",0.917293906211853,0.5834617018699646,0.5591385364532471,-0.03895515203475952,0.06494170427322388,0.19735771417617798,0.6170855760574341
TEST_02.csv,느티나무 셀프BBQ_스프라이트 (단체),4.327117919921875,6.1906843185424805,5.021297454833984,5.609126091003418,11.599698066711426,6.852483749389648,3.7094831466674805
TEST_02.csv,느티나무 셀프BBQ_신라면,0.08794689178466797,-0.001219630241394043,-0.0764312744140625,-0.03136610984802246,0.04403430223464966,-0.06587684154510498,-0.07586431503295898
TEST_02.csv,느티나무 셀프BBQ_쌈야채세트,1.767987608909607,1.6356406211853027,2.2932510375976562,1.5998996496200562,2.094327211380005,5.116189956665039,4.214114665985107
TEST_02.csv,느티나무 셀프BBQ_쌈장,0.0917007327079773,-0.16968989372253418,0.042591989040374756,0.16616573929786682,0.11310160160064697,0.5030585527420044,0.6081706285476685
TEST_02.csv,느티나무 셀프BBQ_육개장 사발면,0.7630640268325806,0.404380202293396,0.6724183559417725,0.0962401032447815,0.2980511784553528,0.3502039909362793,0.9109070301055908
TEST_02.csv,느티나무 셀프BBQ_일회용 소주컵,0.19917671382427216,-0.06396603584289551,-0.02095012366771698,0.005505949258804321,0.027963265776634216,0.10764986276626587,0.2765231132507324
TEST_02.csv,느티나무 셀프BBQ_일회용 종이컵,0.899543285369873,-0.2511289119720459,0.05369973182678223,0.15485316514968872,0.24327433109283447,0.6078449487686157,1.6717876195907593
TEST_02.csv,느티나무 셀프BBQ_잔디그늘집 대여료 (12인석),2.6445250511169434,-1.50657057762146,1.0932936668395996,1.882607340812683,2.9873805046081543,3.6168901920318604,4.048417091369629
TEST_02.csv,느티나무 셀프BBQ_잔디그늘집 대여료 (6인석),42.440189361572266,13.11782455444336,19.524194717407227,21.735389709472656,24.745332717895508,35.45082092285156,51.30104064941406
TEST_02.csv,느티나무 셀프BBQ_잔디그늘집 의자 추가,0.10847675800323486,-0.018555521965026855,0.25308895111083984,0.15507841110229492,0.4707877039909363,1.1772414445877075,1.7275009155273438
TEST_02.csv,느티나무 셀프BBQ_참이슬 (단체),4.170505523681641,16.854427337646484,4.856512069702148,9.751138687133789,38.331695556640625,24.454858779907227,-3.705059051513672
TEST_02.csv,느티나무 셀프BBQ_친환경 접시 14cm,1.3780341148376465,-0.09607654809951782,0.279263973236084,0.24319866299629211,0.13093620538711548,0.2965986728668213,2.447615385055542
TEST_02.csv,느티나무 셀프BBQ_친환경 접시 23cm,0.2976204752922058,0.20996272563934326,0.15680378675460815,0.09274208545684814,0.24794459342956543,1.022362470626831,0.8494104743003845
TEST_02.csv,느티나무 셀프BBQ_카스 병(단체),3.8613815307617188,19.72665786743164,6.939754486083984,14.239395141601562,30.341960906982422,18.957365036010742,-4.256370544433594
TEST_02.csv,느티나무 셀프BBQ_콜라 (단체),3.0548887252807617,4.777471542358398,4.1614179611206055,5.856010437011719,12.555328369140625,7.902166366577148,2.380525588989258
TEST_02.csv,느티나무 셀프BBQ_햇반,1.7913808822631836,-0.8008540868759155,0.3753420114517212,0.02279841899871826,0.4642549753189087,0.6598931550979614,2.351008653640747
TEST_02.csv,느티나무 셀프BBQ_허브솔트,0.12757697701454163,0.42100703716278076,0.25284725427627563,0.05837711691856384,0.04178953170776367,0.19074344635009766,0.13560590147972107
TEST_02.csv,담하_(단체) 공깃밥,-0.009043917059898376,0.15845878422260284,-0.0016169100999832153,-0.025133304297924042,-0.007718689739704132,0.005727171897888184,-0.006841212511062622
TEST_02.csv,담하_(단체) 생목살 김치전골 2.0,-0.5725059509277344,-0.8941707611083984,1.8068723678588867,-1.392420768737793,-0.07419776916503906,-0.547144889831543,-3.0290441513061523
TEST_02.csv,담하_(단체) 은이버섯 갈비탕,-0.5231995582580566,-0.7032947540283203,-0.777371883392334,0.1055908203125,0.7159414291381836,1.230790138244629,-0.1821303367614746
TEST_02.csv,담하_(단체) 한우 우거지 국밥,-2.1833343505859375,-2.135223388671875,-2.711319923400879,-3.062437057495117,-1.7835464477539062,0.1487436294555664,-1.4875383377075195
TEST_02.csv,담하_(단체) 황태해장국 3/27까지,-0.5269260406494141,-0.3953113555908203,-0.36316490173339844,3.1162891387939453,2.2693824768066406,5.908487319946289,0.3562030792236328
TEST_02.csv,담하_(정식) 된장찌개,7.526744842529297,6.892863750457764,7.022894859313965,4.740449905395508,4.1020612716674805,2.6971218585968018,4.470973491668701
TEST_02.csv,담하_(정식) 물냉면 ,7.346286296844482,10.349607467651367,9.721212387084961,5.515557765960693,5.655323028564453,6.447803497314453,9.072737693786621
TEST_02.csv,담하_(정식) 비빔냉면,2.03421688079834,3.2851743698120117,7.123862266540527,2.8758716583251953,1.3869065046310425,1.3909298181533813,2.520026683807373
TEST_02.csv,담하_(후식) 된장찌개,1.5584772825241089,0.2251291275024414,0.8411664962768555,1.094435691833496,1.4105232954025269,1.9857370853424072,3.5252535343170166
TEST_02.csv,담하_(후식) 물냉면,4.379010200500488,2.3666112422943115,3.5464024543762207,3.061145782470703,2.696603536605835,3.753817558288574,5.665489196777344
TEST_02.csv,담하_(후식) 비빔냉면,4.435622692108154,2.0567374229431152,1.036252498626709,1.4123119115829468,1.529952883720398,3.2434725761413574,4.651717185974121
TEST_02.csv,담하_갑오징어 비빔밥,-0.05792984366416931,-0.031430214643478394,-0.08752188086509705,-0.10653072595596313,-0.029902875423431396,-0.07870534062385559,0.08328880369663239
TEST_02.csv,담하_갱시기,7.1070780754089355,10.461189270019531,6.459324836730957,4.191104888916016,5.008052825927734,7.658113956451416,9.465690612792969
TEST_02.csv,담하_공깃밥,60.24687576293945,28.878755569458008,26.440113067626953,32.114845275878906,35.25265884399414,50.643211364746094,71.62910461425781
TEST_02.csv,담하_꼬막 비빔밥,11.939512252807617,17.539297103881836,12.222484588623047,6.207854270935059,7.81386661529541,13.653282165527344,14.152305603027344
TEST_02.csv,담하_느린마을 막걸리,1.054236650466919,0.23163151741027832,0.6878454089164734,0.969836413860321,0.7386351823806763,0.9951755404472351,1.6025216579437256
TEST_02.csv,담하_담하 한우 불고기,33.21077346801758,10.888476371765137,13.630342483520508,16.986820220947266,19.38762855529785,30.128700256347656,45.390960693359375
TEST_02.csv,담하_담하 한우 불고기 정식,18.832050323486328,18.736820220947266,18.802717208862305,10.06330680847168,7.49261474609375,7.029184341430664,12.088884353637695
TEST_02.csv,담하_더덕 한우 지짐,1.7178157567977905,2.4194021224975586,0.10393530130386353,0.37096279859542847,0.5205443501472473,0.38077086210250854,0.176985502243042
TEST_02.csv,담하_들깨 양지탕,-7.606082363054156e-06,-7.373231255769497e-06,-7.582940270367544e-06,-7.579332304885611e-06,-7.6131186688144226e-06,-8.088164577202406e-06,-8.118452569760848e-06
TEST_02.csv,담하_라면사리,0.2683546543121338,0.3471754193305969,0.9924050569534302,0.767012357711792,0.21918869018554688,0.2070038914680481,0.32395172119140625
TEST_02.csv,담하_룸 이용료,0.034548863768577576,0.11617178469896317,0.04871508479118347,0.048699259757995605,0.042490050196647644,0.05437535047531128,0.025538966059684753
TEST_02.csv,담하_메밀면 사리,0.12828075885772705,1.242697834968567,1.6381744146347046,0.48060429096221924,0.3036458492279053,1.3906725645065308,1.987718105316162
TEST_02.csv,담하_명인안동소주,0.06329345703125,0.0027483105659484863,0.08570897579193115,0.1377367079257965,0.0328669548034668,0.3405526578426361,0.21985313296318054
TEST_02.csv,담하_명태회 비빔냉면,3.8059768676757812,2.6147260665893555,2.8134536743164062,1.2753287553787231,1.192265510559082,0.9085009098052979,2.949843406677246
TEST_02.csv,담하_문막 복분자 칵테일,0.2702460289001465,0.34734877943992615,0.36571845412254333,0.31727755069732666,0.1607363224029541,0.3376423120498657,0.38522881269454956
TEST_02.csv,담하_봉평메밀 물냉면,4.950300693511963,2.7871930599212646,1.8713146448135376,1.2158613204956055,2.0030689239501953,2.818077564239502,4.650310516357422
TEST_02.csv,담하_생목살 김치찌개,17.946441650390625,19.183303833007812,15.148528099060059,9.653349876403809,12.939096450805664,15.526185035705566,14.524068832397461
TEST_02.csv,담하_스프라이트,0.39852195978164673,-0.026673734188079834,-0.06810560822486877,0.06098642945289612,-0.015513986349105835,0.008407890796661377,0.5057118535041809
TEST_02.csv,담하_은이버섯 갈비탕,4.644303321838379,7.59664249420166,6.5111541748046875,2.311279773712158,3.621934652328491,3.4072763919830322,4.250396728515625
TEST_02.csv,담하_제로콜라,0.6208518743515015,1.18685781955719,0.10643604397773743,0.14148563146591187,0.29249894618988037,0.3158268928527832,0.17339634895324707
TEST_02.csv,담하_참이슬,0.6787438988685608,0.4726839065551758,0.523808479309082,0.48037564754486084,0.4874897003173828,0.7470721006393433,1.0307481288909912
TEST_02.csv,담하_처음처럼,1.128222942352295,1.3199288845062256,0.8675339221954346,1.1519020795822144,0.7957020401954651,1.2903122901916504,1.4526480436325073
TEST_02.csv,담하_카스,1.6402838230133057,0.4891201853752136,0.4926850199699402,0.45599669218063354,0.6287022829055786,0.35585010051727295,1.27362060546875
TEST_02.csv,담하_콜라,1.0184906721115112,0.37967410683631897,0.4141310751438141,0.23675286769866943,0.0832166075706482,0.2542918920516968,0.5180179476737976
TEST_02.csv,담하_테라,-0.06268984079360962,0.22357282042503357,0.12468025088310242,0.10666763782501221,0.024028003215789795,-0.0741034746170044,-0.016905248165130615
TEST_02.csv,담하_하동 매실 칵테일,0.463968425989151,0.6080339550971985,0.3184134364128113,0.0876128077507019,0.0004081130027770996,0.4660111665725708,0.6548970937728882
TEST_02.csv,담하_한우 떡갈비 정식,16.829952239990234,9.22312068939209,9.719524383544922,5.42894983291626,5.489935874938965,9.134687423706055,13.275091171264648
TEST_02.csv,담하_한우 미역국 정식,26.455501556396484,10.845929145812988,7.103079319000244,5.123960971832275,6.9301958084106445,3.559819221496582,5.89256477355957
TEST_02.csv,담하_한우 우거지 국밥,34.35099792480469,21.873538970947266,12.094651222229004,5.634781837463379,6.589605331420898,3.3432693481445312,17.020217895507812
TEST_02.csv,담하_한우 차돌박이 된장찌개,13.392583847045898,9.118703842163086,7.493047714233398,5.570707321166992,7.038790702819824,13.661598205566406,19.905738830566406
TEST_02.csv,담하_황태해장국,12.486662864685059,3.625713348388672,2.6359519958496094,3.6118521690368652,4.063073635101318,3.233704090118408,11.257954597473145
TEST_02.csv,라그로타_AUS (200g),0.919340968132019,1.0565637350082397,1.0030392408370972,2.562234878540039,1.5591233968734741,0.6282597184181213,0.947473406791687
TEST_02.csv,라그로타_G-Charge(3),0.11215543746948242,0.20143014192581177,0.576406717300415,0.4617156982421875,0.126872718334198,-0.013382017612457275,0.16001874208450317
TEST_02.csv,라그로타_Gls.Sileni,2.1929385662078857,1.3157492876052856,1.1316642761230469,0.865342378616333,1.4344106912612915,1.9440090656280518,1.8771756887435913
TEST_02.csv,라그로타_Gls.미션 서드,2.1392271518707275,1.1361801624298096,0.7765326499938965,1.9406815767288208,2.443126678466797,1.9623324871063232,1.1160311698913574
TEST_02.csv,라그로타_Open Food,-0.0385456308722496,-0.009374752640724182,0.012454256415367126,-0.013306058943271637,0.029078073799610138,0.10130330175161362,-0.01888219267129898
TEST_02.csv,라그로타_그릴드 비프 샐러드,0.5184131860733032,0.6935883164405823,0.8193082809448242,0.4999139606952667,0.5288801789283752,0.6311630010604858,0.6641330718994141
TEST_02.csv,라그로타_까르보나라,-7.606082363054156e-06,-7.373231255769497e-06,-7.582940270367544e-06,-7.579332304885611e-06,-7.6131186688144226e-06,-8.088164577202406e-06,-8.118452569760848e-06
TEST_02.csv,라그로타_모둠 해산물 플래터,0.7906680703163147,0.6476333141326904,0.6989476680755615,0.5578162670135498,0.41107839345932007,0.6551127433776855,1.2984061241149902
TEST_02.csv,라그로타_미션 서드 카베르네 쉬라,0.16876661777496338,0.16428619623184204,0.19632717967033386,0.19544124603271484,0.2596196234226227,0.08882719278335571,0.05340743064880371
TEST_02.csv,라그로타_버섯 크림 리조또,2.1285643577575684,0.5582520961761475,1.9912867546081543,1.4067707061767578,1.1891505718231201,2.558156967163086,2.7660598754882812
TEST_02.csv,라그로타_빵 추가 (1인),2.987797737121582,0.12567269802093506,0.08672046661376953,1.180889368057251,0.8634722232818604,1.740777611732483,3.310649871826172
TEST_02.csv,라그로타_스프라이트,-0.05970779061317444,0.02350524067878723,0.5477237701416016,0.07348445057868958,-0.03772616386413574,-0.045510947704315186,0.2004333734512329
TEST_02.csv,라그로타_시저 샐러드 ,2.3439245223999023,1.274665355682373,1.0765469074249268,1.3236939907073975,1.7090967893600464,1.3624937534332275,2.1176259517669678
TEST_02.csv,라그로타_아메리카노,0.9973822236061096,0.6152127385139465,0.5022059679031372,0.7575732469558716,0.7612012624740601,1.1713933944702148,1.3186405897140503
TEST_02.csv,라그로타_알리오 에 올리오 ,5.763774394989014,2.834186315536499,2.279165744781494,2.2681548595428467,2.18650484085083,3.0600051879882812,4.276422500610352
TEST_02.csv,라그로타_양갈비 (4ps),3.4530560970306396,1.8298763036727905,1.8361247777938843,1.162558674812317,1.333377480506897,1.4471971988677979,3.265845775604248
TEST_02.csv,라그로타_자몽리치에이드,1.0684728622436523,0.11481821537017822,0.15489870309829712,0.22774666547775269,0.20000571012496948,0.2129669189453125,1.0361814498901367
TEST_02.csv,라그로타_제로콜라,1.5538947582244873,0.04860210418701172,0.27816253900527954,0.5938310623168945,0.18271911144256592,0.09753203392028809,1.184789776802063
TEST_02.csv,라그로타_카스,0.26551932096481323,0.5110525488853455,0.6907414197921753,0.46214741468429565,0.3497423529624939,0.3030809462070465,0.2607154846191406
TEST_02.csv,라그로타_콜라,0.5771898031234741,0.22647464275360107,0.46196019649505615,0.015610218048095703,0.16598910093307495,0.21993929147720337,1.4585483074188232
TEST_02.csv,라그로타_하이네켄(생),0.25770020484924316,0.38695359230041504,1.3865966796875,0.5783288478851318,0.39600861072540283,1.7499784231185913,1.5005760192871094
TEST_02.csv,라그로타_한우 (200g),0.21708083152770996,0.4974258542060852,1.077725887298584,1.2300347089767456,0.8133877515792847,0.7046350240707397,0.8972543478012085
TEST_02.csv,라그로타_해산물 토마토 리조또,4.016984462738037,2.9423646926879883,1.8574367761611938,0.4445153474807739,0.5417928695678711,1.139650583267212,2.1822094917297363
TEST_02.csv,라그로타_해산물 토마토 스튜 파스타,1.9532722234725952,1.0939815044403076,2.1011319160461426,1.5040550231933594,1.504913330078125,2.7589049339294434,2.969491481781006
TEST_02.csv,라그로타_해산물 토마토 스파게티,3.2159969806671143,3.8343582153320312,4.303855895996094,1.9237765073776245,1.9355576038360596,2.8418736457824707,3.4438230991363525
TEST_02.csv,"미라시아_(단체)브런치주중 36,000",-3.078643798828125,-3.272195816040039,-2.4310474395751953,-0.13134002685546875,10.642394065856934,7.193794250488281,-5.000585556030273
TEST_02.csv,미라시아_(오븐) 하와이안 쉬림프 피자,1.4172850847244263,1.6130495071411133,0.290094256401062,0.453602135181427,0.5032229423522949,1.180091142654419,1.446435570716858
TEST_02.csv,미라시아_(화덕) 불고기 페퍼로니 반반피자,5.030462741851807,3.563693046569824,3.1104464530944824,3.908207893371582,3.1694936752319336,4.234226703643799,8.664624214172363
TEST_02.csv,미라시아_BBQ Platter,0.02503204345703125,0.026537775993347168,0.03879737854003906,0.03340351581573486,-0.013356447219848633,-0.01392674446105957,0.03350412845611572
TEST_02.csv,미라시아_BBQ 고기추가,0.3025141954421997,0.5338891744613647,0.3004615604877472,0.11202871799468994,0.231525719165802,0.3916170299053192,0.36185866594314575
TEST_02.csv,미라시아_공깃밥,0.15565812587738037,0.06404924392700195,-0.016981661319732666,0.42568275332450867,1.8064028024673462,0.7430419921875,0.007394254207611084
TEST_02.csv,미라시아_글라스와인 (레드),0.44561970233917236,0.04904147982597351,0.1613892912864685,0.7505034804344177,1.1074364185333252,0.37493982911109924,0.3090834617614746
TEST_02.csv,미라시아_레인보우칵테일(알코올),0.09647908806800842,0.19728973507881165,0.1368248164653778,0.1705303192138672,0.31162625551223755,1.118603229522705,1.3715369701385498
TEST_02.csv,미라시아_미라시아 브런치 (패키지),6.244935035705566,4.407401084899902,4.292685031890869,4.007306098937988,12.8202543258667,19.212045669555664,10.306745529174805
TEST_02.csv,미라시아_버드와이저(무제한),12.275287628173828,9.176767349243164,7.677465915679932,9.233476638793945,8.876593589782715,10.079087257385254,14.9773530960083
TEST_02.csv,미라시아_보일링 랍스타 플래터,-0.008187264204025269,0.03895065188407898,-0.012575268745422363,0.01067689061164856,-0.020939737558364868,-0.05341976881027222,-0.04753243923187256
TEST_02.csv,미라시아_보일링 랍스타 플래터(덜매운맛),-0.008395381271839142,-0.004036575555801392,-0.006390225142240524,-0.003212466835975647,-0.004539448767900467,-0.006986323744058609,-0.006854057312011719
TEST_02.csv,미라시아_브런치 2인 패키지 ,3.748401165008545,1.3840434551239014,1.4456958770751953,1.5315361022949219,2.250181198120117,3.4327263832092285,4.711846351623535
TEST_02.csv,미라시아_브런치 4인 패키지 ,0.016798734664916992,-0.06185083091259003,-0.008585378527641296,-0.006605997681617737,-0.02281254529953003,0.07853983342647552,0.3140142560005188
TEST_02.csv,미라시아_브런치(대인) 주말,279.7381896972656,116.14605712890625,67.12578582763672,35.176456451416016,34.993797302246094,53.88996124267578,143.72833251953125
TEST_02.csv,미라시아_브런치(대인) 주중,4.218225479125977,13.380550384521484,16.266733169555664,29.22854232788086,40.0576171875,36.602081298828125,2.713632583618164
TEST_02.csv,미라시아_브런치(어린이),63.682029724121094,52.48284149169922,36.32585906982422,21.223737716674805,22.389446258544922,19.32524871826172,43.32026290893555
TEST_02.csv,미라시아_쉬림프 투움바 파스타,7.457871913909912,4.844470977783203,4.548409461975098,3.9975404739379883,4.529144763946533,7.168041229248047,8.891881942749023
TEST_02.csv,미라시아_스텔라(무제한),6.456984519958496,4.990087032318115,3.5852408409118652,3.9483749866485596,3.366000175476074,6.255672931671143,11.733037948608398
TEST_02.csv,미라시아_스프라이트,2.6402902603149414,0.9991950392723083,2.3526203632354736,1.2948776483535767,1.3292319774627686,2.296945571899414,2.25722074508667
TEST_02.csv,미라시아_애플망고 에이드,2.25584077835083,4.482707977294922,4.33642053604126,3.958296775817871,3.690886974334717,5.01020622253418,5.499368667602539
TEST_02.csv,미라시아_얼그레이 하이볼,0.24190710484981537,0.2079077661037445,0.21037448942661285,0.25885438919067383,0.18153461813926697,0.14935579895973206,0.3035001754760742
TEST_02.csv,미라시아_오븐구이 윙과 킬바사소세지,2.8069229125976562,1.0750850439071655,2.2609305381774902,1.6390864849090576,1.1030614376068115,1.2553154230117798,3.32719087600708
TEST_02.csv,미라시아_유자 하이볼,0.501439094543457,0.26069220900535583,0.3061448931694031,0.2268148958683014,0.2359611690044403,0.23464807868003845,0.40201157331466675
TEST_02.csv,미라시아_잭 애플 토닉,0.3476566672325134,0.9100993871688843,1.1958670616149902,0.3506045341491699,0.3311871290206909,0.40795207023620605,0.4435371160507202
TEST_02.csv,미라시아_칠리 치즈 프라이,0.4471806287765503,0.25386929512023926,0.7147325277328491,0.3276914954185486,0.3786182701587677,0.7133017778396606,0.450802743434906
TEST_02.csv,미라시아_코카콜라,4.312756538391113,5.3179168701171875,3.40527606010437,2.9569051265716553,3.27009916305542,3.977714776992798,5.249468803405762
TEST_02.csv,미라시아_코카콜라(제로),1.4786655902862549,0.7407695055007935,0.714451789855957,1.066135048866272,1.254334568977356,1.6382505893707275,3.459599018096924
TEST_02.csv,미라시아_콥 샐러드,2.388326644897461,2.5819125175476074,2.107225179672241,2.499021053314209,2.169288158416748,2.8794398307800293,4.591982364654541
TEST_02.csv,미라시아_파스타면 추가(150g),0.26500916481018066,0.27865058183670044,0.7950605154037476,0.5447664856910706,0.8566340208053589,1.2943402528762817,1.574388027191162
TEST_02.csv,미라시아_핑크레몬에이드,0.05870594084262848,0.13168898224830627,0.2098371684551239,0.08604632318019867,0.039331093430519104,0.033964887261390686,0.0992724597454071
TEST_02.csv,연회장_Cass Beer,-3.368640899658203,-1.675008773803711,3.866792678833008,3.732952117919922,4.434652328491211,0.9105014801025391,1.4460601806640625
TEST_02.csv,연회장_Conference L1,-0.004642665386199951,0.020275302231311798,0.00946982204914093,0.015747666358947754,0.08584979921579361,-0.01970703899860382,-0.03016166388988495
TEST_02.csv,연회장_Conference L2,0.013390064239501953,0.01580214500427246,0.035845011472702026,0.04819495975971222,0.1516120284795761,0.2624013423919678,0.05658780038356781
TEST_02.csv,연회장_Conference L3,0.0027469098567962646,-0.038996756076812744,-0.008524000644683838,0.01973937451839447,0.16209647059440613,0.07286593317985535,-0.03573155403137207
TEST_02.csv,연회장_Conference M1,0.0015999376773834229,0.0179903507232666,0.011027246713638306,0.33386242389678955,0.6748794317245483,0.10811056196689606,-0.11898040771484375
TEST_02.csv,연회장_Conference M8,-0.10973894596099854,-0.11441266536712646,-0.09858149290084839,-0.05890995264053345,-0.025694042444229126,-0.045028239488601685,-0.28879761695861816
TEST_02.csv,연회장_Conference M9,-0.07737749814987183,-0.08003193140029907,-0.040462881326675415,-0.05686837434768677,-0.046621620655059814,-0.0005768537521362305,-0.031914547085762024
TEST_02.csv,연회장_Convention Hall,0.02266591787338257,-0.027475804090499878,0.007683694362640381,0.12379682064056396,0.030010491609573364,-0.10602307319641113,-0.14552873373031616
TEST_02.csv,연회장_Cookie Platter,-0.01891946792602539,0.09312129020690918,0.23280715942382812,0.777103841304779,0.9801188707351685,0.2081207036972046,-0.010339498519897461
TEST_02.csv,연회장_Grand Ballroom,-0.06303727626800537,0.11326903104782104,0.18233060836791992,-0.05498683452606201,0.08983016014099121,0.033403486013412476,-0.010204046964645386
TEST_02.csv,연회장_OPUS 2,-0.13303545117378235,-0.08062398433685303,-0.05553239583969116,0.09558461606502533,0.29437020421028137,0.07223851978778839,-0.1344543993473053
TEST_02.csv,연회장_Regular Coffee,-6.180362701416016,-4.305549621582031,2.209869384765625,64.67276000976562,70.23348236083984,-13.9195556640625,-14.491485595703125
TEST_02.csv,연회장_골뱅이무침,1.203561782836914,0.3481407165527344,0.6774090528488159,0.5422821044921875,0.8509876728057861,1.9256067276000977,3.219757080078125
TEST_02.csv,연회장_공깃밥,0.15518295764923096,-0.05200350284576416,-0.06879818439483643,0.16467440128326416,0.3146827816963196,1.1850905418395996,0.930252730846405
TEST_02.csv,연회장_돈목살 김치찌개 (밥포함),0.2958899736404419,-0.09926462173461914,0.4365426301956177,0.46273863315582275,0.8577743768692017,2.840853691101074,3.384427070617676
TEST_02.csv,연회장_로제 치즈떡볶이,2.367401123046875,0.8469614386558533,1.1103298664093018,1.006532073020935,0.9891223311424255,1.9011237621307373,2.640773296356201
TEST_02.csv,연회장_마라샹궈,0.12522462010383606,0.19028712809085846,0.12122982740402222,0.19163526594638824,0.12144911289215088,0.07417687773704529,0.131142258644104
TEST_02.csv,연회장_매콤 무뼈닭발&계란찜,0.03208822011947632,0.12250283360481262,0.10157915949821472,0.1826237142086029,0.3101714849472046,0.9891939163208008,1.2488303184509277
TEST_02.csv,연회장_모둠 돈육구이(3인),-0.17388415336608887,-0.44652605056762695,0.2319333553314209,0.1885995864868164,0.7925248146057129,4.920137882232666,4.490268707275391
TEST_02.csv,연회장_삼겹살추가 (200g),0.09292593598365784,0.15871667861938477,0.14560642838478088,0.16099274158477783,0.2422296106815338,0.4085173010826111,0.16525140404701233
TEST_02.csv,연회장_야채추가,0.11890815198421478,0.11217518150806427,0.08540283143520355,0.10053353011608124,0.11604098975658417,0.15048623085021973,0.20772972702980042
TEST_02.csv,연회장_왕갈비치킨,2.486541271209717,1.181823968887329,1.6459698677062988,1.5373960733413696,2.207991123199463,3.4359028339385986,4.824578285217285
TEST_02.csv,연회장_주먹밥 (2ea),-0.2398565411567688,-0.016544252634048462,0.2040998339653015,0.06773325800895691,-0.16222143173217773,-0.12988048791885376,0.2007761001586914
TEST_02.csv,카페테리아_공깃밥(추가),5.222567558288574,0.2469320297241211,2.462042808532715,2.3170650005340576,3.4312522411346436,4.553014278411865,7.171747207641602
TEST_02.csv,카페테리아_구슬아이스크림,-7.606082363054156e-06,-7.373231255769497e-06,-7.582940270367544e-06,-7.579332304885611e-06,-7.6131186688144226e-06,-8.088164577202406e-06,-8.118452569760848e-06
TEST_02.csv,카페테리아_단체식 13000(신),-3.1692543029785156,-5.912815093994141,-2.7139511108398438,-3.8256912231445312,19.273921966552734,48.664756774902344,0.9812850952148438
TEST_02.csv,카페테리아_단체식 18000(신),-5.3507232666015625,-0.6657943725585938,5.589630126953125,7.986515045166016,58.48599624633789,69.63524627685547,-29.996307373046875
TEST_02.csv,카페테리아_돼지고기 김치찌개,5.421527862548828,2.573944568634033,4.116428375244141,2.664271354675293,3.6711626052856445,5.009080410003662,7.328670501708984
TEST_02.csv,카페테리아_복숭아 아이스티,-7.606082363054156e-06,-7.373231255769497e-06,-7.582940270367544e-06,-7.579332304885611e-06,-7.6131186688144226e-06,-8.088164577202406e-06,-8.118452569760848e-06
TEST_02.csv,카페테리아_새우 볶음밥,9.210205078125,2.894690990447998,4.735762596130371,2.1495301723480225,2.5358004570007324,4.274600028991699,7.11884069442749
TEST_02.csv,카페테리아_새우튀김 우동,-7.606082363054156e-06,-7.373231255769497e-06,-7.582940270367544e-06,-7.579332304885611e-06,-7.6131186688144226e-06,-8.088164577202406e-06,-8.118452569760848e-06
TEST_02.csv,카페테리아_샷 추가,-7.606082363054156e-06,-7.373231255769497e-06,-7.582940270367544e-06,-7.579332304885611e-06,-7.6131186688144226e-06,-8.088164577202406e-06,-8.118452569760848e-06
TEST_02.csv,카페테리아_수제 등심 돈까스,22.857139587402344,10.096532821655273,8.247930526733398,5.185413360595703,7.281647682189941,12.056958198547363,27.871849060058594
TEST_02.csv,카페테리아_아메리카노(HOT),-0.006440714001655579,-0.01074465736746788,-0.012386716902256012,-0.001992173492908478,-0.014172911643981934,-0.006668839603662491,-0.004683725535869598
TEST_02.csv,카페테리아_아메리카노(ICE),0.010959416627883911,-0.04687073826789856,0.13072744011878967,0.021616846323013306,0.014813631772994995,0.0023369193077087402,-0.03793630003929138
TEST_02.csv,카페테리아_약 고추장 돌솥비빔밥,20.807527542114258,6.207398414611816,8.221134185791016,4.795598030090332,5.841658592224121,11.60977554321289,20.615036010742188
TEST_02.csv,카페테리아_어린이 돈까스,6.013463973999023,-1.0893795490264893,0.9326231479644775,0.8352742195129395,1.9978258609771729,2.4578285217285156,4.729597091674805
TEST_02.csv,카페테리아_오픈푸드,0.05615612864494324,0.04549211263656616,0.2651078402996063,0.10264909267425537,0.07135513424873352,-0.016621887683868408,0.0168607234954834
TEST_02.csv,카페테리아_진사골 설렁탕,-7.606082363054156e-06,-7.373231255769497e-06,-7.582940270367544e-06,-7.579332304885611e-06,-7.6131186688144226e-06,-8.088164577202406e-06,-8.118452569760848e-06
TEST_02.csv,카페테리아_짜장면,17.43404197692871,5.691378593444824,5.002117156982422,1.3124780654907227,2.6175122261047363,5.976547718048096,10.506348609924316
TEST_02.csv,카페테리아_짜장밥,0.6349786520004272,0.3171994388103485,0.5822638869285583,0.020079731941223145,0.21759033203125,0.4261726438999176,0.9740263223648071
TEST_02.csv,카페테리아_짬뽕,5.826728820800781,4.9946184158325195,5.116086959838867,1.5292112827301025,1.9324440956115723,3.5618464946746826,5.671154022216797
TEST_02.csv,카페테리아_짬뽕밥,2.421165704727173,0.9876432418823242,0.6207388043403625,0.5750080943107605,0.6918302774429321,0.8249870538711548,2.3797988891601562
TEST_02.csv,카페테리아_치즈돈까스,8.092994689941406,4.940611839294434,7.959454536437988,3.9844818115234375,3.4826362133026123,4.533583164215088,10.13780403137207
TEST_02.csv,카페테리아_카페라떼(HOT),-7.606082363054156e-06,-7.373231255769497e-06,-7.582940270367544e-06,-7.579332304885611e-06,-7.6131186688144226e-06,-8.088164577202406e-06,-8.118452569760848e-06
TEST_02.csv,카페테리아_카페라떼(ICE),-0.004007391631603241,-0.023025915026664734,-0.012606412172317505,0.0008116364479064941,-0.0007496550679206848,0.002940252423286438,-0.0007016956806182861
TEST_02.csv,카페테리아_한상 삼겹구이 정식(2인) 소요시간 약 15~20분,12.63690185546875,4.05916690826416,4.2802534103393555,3.5450940132141113,5.5280046463012695,9.209003448486328,16.12425422668457
TEST_02.csv,포레스트릿_꼬치어묵,1.7500896453857422,2.769120454788208,2.708682060241699,1.499316692352295,1.4468684196472168,1.754767656326294,2.161820888519287
TEST_02.csv,포레스트릿_떡볶이,3.174093246459961,1.4780687093734741,0.955500602722168,0.15877747535705566,0.2422424554824829,0.6421681046485901,2.115302801132202
TEST_02.csv,포레스트릿_복숭아 아이스티,-7.606082363054156e-06,-7.373231255769497e-06,-7.582940270367544e-06,-7.579332304885611e-06,-7.6131186688144226e-06,-8.088164577202406e-06,-8.118452569760848e-06
TEST_02.csv,포레스트릿_생수,11.997313499450684,-1.9277257919311523,-0.11139202117919922,-0.6351027488708496,0.19706058502197266,2.03181791305542,9.951491355895996
TEST_02.csv,포레스트릿_스프라이트,4.219475269317627,2.095974922180176,4.024864673614502,2.0448734760284424,2.2805705070495605,3.6125595569610596,5.972654342651367
TEST_02.csv,포레스트릿_아메리카노(HOT),0.9556456804275513,0.2818174362182617,0.1910693496465683,0.22646264731884003,0.1389443725347519,0.23732396960258484,0.6958739757537842
TEST_02.csv,포레스트릿_아메리카노(ICE),13.583946228027344,3.3336102962493896,0.41973018646240234,-0.5547089576721191,0.32407426834106445,1.3274354934692383,9.633121490478516
TEST_02.csv,포레스트릿_치즈 핫도그,2.377474784851074,0.10099613666534424,-0.3615037202835083,-0.1907278299331665,-0.09743893146514893,0.09274828433990479,1.9136654138565063
TEST_02.csv,포레스트릿_카페라떼(HOT),0.04783538356423378,0.046265408396720886,-0.010596401989459991,-0.03333660960197449,-0.03962661325931549,-0.0481424480676651,-0.05719875544309616
TEST_02.csv,포레스트릿_카페라떼(ICE),6.873891830444336,2.484449863433838,0.7621749639511108,0.8661492466926575,0.7294484376907349,0.6963680386543274,3.466468334197998
TEST_02.csv,포레스트릿_코카콜라,6.618757247924805,7.714576721191406,8.219917297363281,4.279645919799805,4.356565475463867,4.670762062072754,7.2049455642700195
TEST_02.csv,포레스트릿_페스츄리 소시지,1.1711101531982422,-0.4465143084526062,-0.09534871578216553,-0.011123239994049072,0.021627485752105713,0.1087411642074585,1.0444865226745605
TEST_02.csv,화담숲주막_느린마을 막걸리,38.21703338623047,21.13834571838379,16.880353927612305,14.093314170837402,16.025251388549805,17.183914184570312,31.249114990234375
TEST_02.csv,화담숲주막_단호박 식혜 ,40.16304016113281,27.318344116210938,18.843067169189453,9.963106155395508,10.686318397521973,13.739259719848633,23.018600463867188
TEST_02.csv,화담숲주막_병천순대,63.642356872558594,34.22863006591797,22.409706115722656,12.611701011657715,12.696297645568848,22.4760799407959,34.746620178222656
TEST_02.csv,화담숲주막_스프라이트,15.398015022277832,4.580991744995117,0.6312131881713867,1.0956997871398926,0.6934933662414551,5.609575271606445,9.141141891479492
TEST_02.csv,화담숲주막_참살이 막걸리,14.55645751953125,0.37704944610595703,3.97747802734375,6.35271692276001,8.428035736083984,11.033370971679688,16.592382431030273
TEST_02.csv,화담숲주막_찹쌀식혜,41.46549987792969,25.891681671142578,18.412315368652344,7.662209510803223,9.115114212036133,13.051797866821289,24.688011169433594
TEST_02.csv,화담숲주막_콜라,12.833314895629883,2.0976247787475586,2.429941177368164,3.7326645851135254,4.986525535583496,7.52910041809082,13.772050857543945
TEST_02.csv,화담숲주막_해물파전,107.48202514648438,30.189491271972656,20.45368194580078,21.11151695251465,20.095741271972656,41.177249908447266,72.88822174072266
TEST_02.csv,화담숲카페_메밀미숫가루,70.12909698486328,18.1710262298584,16.973642349243164,15.67254638671875,17.908483505249023,22.817466735839844,58.72752380371094
TEST_02.csv,화담숲카페_아메리카노 HOT,6.025880813598633,4.149140357971191,3.7475733757019043,3.4439101219177246,3.8642663955688477,3.466974973678589,5.355029106140137
TEST_02.csv,화담숲카페_아메리카노 ICE,60.0533332824707,3.7674903869628906,1.8425178527832031,8.327386856079102,10.999418258666992,21.768451690673828,61.490875244140625
TEST_02.csv,화담숲카페_카페라떼 ICE,13.547195434570312,-0.7228021621704102,0.4791679382324219,2.738358497619629,3.237119197845459,3.0529165267944336,15.035252571105957
TEST_02.csv,화담숲카페_현미뻥스크림,72.70336151123047,23.858455657958984,7.896635055541992,8.255338668823242,12.92878532409668,18.108413696289062,49.48887634277344
TEST_03.csv,느티나무 셀프BBQ_1인 수저세트,2.710637331008911,0.616274356842041,1.2240815162658691,1.171271800994873,2.607109785079956,5.1024980545043945,6.088659286499023
TEST_03.csv,느티나무 셀프BBQ_BBQ55(단체),9.816417694091797,19.79257583618164,-0.06478309631347656,16.847850799560547,52.58287811279297,27.922809600830078,8.679952621459961
TEST_03.csv,"느티나무 셀프BBQ_대여료 30,000원",6.697333335876465,1.9370532035827637,2.717101573944092,3.0662801265716553,4.028165340423584,5.451079368591309,10.063587188720703
TEST_03.csv,"느티나무 셀프BBQ_대여료 60,000원",2.2445058822631836,0.03462839126586914,0.08588457107543945,0.16222143173217773,0.7127736806869507,2.142747163772583,4.669625759124756
TEST_03.csv,"느티나무 셀프BBQ_대여료 90,000원",0.5325438976287842,0.089175283908844,0.03860253095626831,0.11432445049285889,0.15150800347328186,0.42077693343162537,0.9594849348068237
TEST_03.csv,"느티나무 셀프BBQ_본삼겹 (단품,실내)",0.678954541683197,-0.04752039909362793,0.7140006422996521,1.073815107345581,0.490763783454895,1.409967064857483,0.93177330493927
TEST_03.csv,느티나무 셀프BBQ_스프라이트 (단체),12.977412223815918,14.559661865234375,19.037641525268555,25.04444122314453,46.38116455078125,36.61260223388672,23.625011444091797
TEST_03.csv,느티나무 셀프BBQ_신라면,1.345566987991333,0.33740389347076416,0.6487700939178467,0.3921661376953125,0.8676999807357788,0.9168518781661987,0.23384976387023926
TEST_03.csv,느티나무 셀프BBQ_쌈야채세트,2.90144681930542,0.9837746620178223,3.195218563079834,2.8304102420806885,2.9722228050231934,2.6605823040008545,3.153797149658203
TEST_03.csv,느티나무 셀프BBQ_쌈장,-0.04539555311203003,-0.06065016984939575,-0.1234632134437561,-0.18989837169647217,-0.19450557231903076,-0.14038223028182983,-0.022349178791046143
TEST_03.csv,느티나무 셀프BBQ_육개장 사발면,0.2844356298446655,0.2513464689254761,0.7697041630744934,2.2009758949279785,0.6365565657615662,0.3914010524749756,0.5217947959899902
TEST_03.csv,느티나무 셀프BBQ_일회용 소주컵,0.043933331966400146,-0.033546119928359985,0.0905626118183136,0.07095405459403992,0.025358259677886963,0.16370686888694763,0.1805526614189148
TEST_03.csv,느티나무 셀프BBQ_일회용 종이컵,0.6511094570159912,0.22246116399765015,0.1964743733406067,0.26304763555526733,0.23092907667160034,0.3464423418045044,0.7390936613082886
TEST_03.csv,느티나무 셀프BBQ_잔디그늘집 대여료 (12인석),1.9118201732635498,1.5962677001953125,1.8326573371887207,2.150453567504883,2.395348310470581,5.092857360839844,2.5473666191101074
TEST_03.csv,느티나무 셀프BBQ_잔디그늘집 대여료 (6인석),15.461525917053223,4.824344635009766,9.157777786254883,9.370041847229004,13.931921005249023,22.501602172851562,26.75469207763672
TEST_03.csv,느티나무 셀프BBQ_잔디그늘집 의자 추가,0.43926477432250977,0.18099939823150635,0.46721982955932617,0.4593782424926758,0.8558427095413208,2.0459535121917725,1.4511842727661133
TEST_03.csv,느티나무 셀프BBQ_참이슬 (단체),30.233455657958984,34.38026809692383,53.42233657836914,54.27437973022461,105.9040756225586,83.66059875488281,41.18696594238281
TEST_03.csv,느티나무 셀프BBQ_친환경 접시 14cm,0.5435241460800171,0.40233635902404785,0.22697558999061584,0.23846310377120972,0.3077693283557892,0.3564625382423401,0.1648457646369934
TEST_03.csv,느티나무 셀프BBQ_친환경 접시 23cm,0.7095487117767334,0.11152923107147217,0.22874224185943604,0.4167795181274414,0.2846142649650574,0.13851267099380493,0.8362272381782532
TEST_03.csv,느티나무 셀프BBQ_카스 병(단체),16.559070587158203,23.350852966308594,15.705682754516602,45.41972351074219,69.96267700195312,62.84352111816406,31.7370662689209
TEST_03.csv,느티나무 셀프BBQ_콜라 (단체),11.921587944030762,14.59496021270752,17.614912033081055,27.15414047241211,41.32358169555664,32.38474655151367,22.14350128173828
TEST_03.csv,느티나무 셀프BBQ_햇반,0.6022480726242065,0.4184960126876831,0.43901944160461426,0.21123802661895752,0.21514511108398438,0.20043861865997314,0.2602041959762573
TEST_03.csv,느티나무 셀프BBQ_허브솔트,0.5485626459121704,0.21807104349136353,0.019922256469726562,0.06821078062057495,0.40013962984085083,0.09789475798606873,-0.06541916728019714
TEST_03.csv,담하_(단체) 공깃밥,0.7888051271438599,1.1495025157928467,0.7652838230133057,1.2629776000976562,0.7834537029266357,0.36597299575805664,0.4867823123931885
TEST_03.csv,담하_(단체) 생목살 김치전골 2.0,0.19577789306640625,4.717365264892578,15.351373672485352,10.779223442077637,26.633777618408203,15.65423583984375,2.7219085693359375
TEST_03.csv,담하_(단체) 은이버섯 갈비탕,0.9053444862365723,6.533390045166016,3.5253190994262695,0.35381507873535156,0.7799692153930664,-1.6258716583251953,-1.4416885375976562
TEST_03.csv,담하_(단체) 한우 우거지 국밥,0.8641748428344727,3.1298012733459473,9.162538528442383,20.656036376953125,16.905391693115234,11.980402946472168,9.178323745727539
TEST_03.csv,담하_(단체) 황태해장국 3/27까지,17.584630966186523,12.966930389404297,20.456256866455078,23.155710220336914,18.23558807373047,45.12261962890625,27.32176399230957
TEST_03.csv,담하_(정식) 된장찌개,9.529288291931152,9.500079154968262,13.854948997497559,16.013072967529297,13.5669527053833,12.369085311889648,11.692754745483398
TEST_03.csv,담하_(정식) 물냉면 ,5.5059919357299805,3.5735878944396973,3.409414052963257,3.3372886180877686,4.5971903800964355,3.3053743839263916,4.917021751403809
TEST_03.csv,담하_(정식) 비빔냉면,5.523825645446777,3.762434959411621,4.750343322753906,5.244609832763672,4.769498348236084,4.130207061767578,4.90913724899292
TEST_03.csv,담하_(후식) 된장찌개,2.4066100120544434,2.4693822860717773,3.4239182472229004,2.854214668273926,2.836805582046509,4.805241584777832,4.716602802276611
TEST_03.csv,담하_(후식) 물냉면,0.6060585975646973,0.720703125,0.511120080947876,0.5951074361801147,0.6582554578781128,0.7751303911209106,0.712135910987854
TEST_03.csv,담하_(후식) 비빔냉면,0.5622047185897827,0.5023548603057861,0.8396046757698059,0.7554828524589539,0.8069488406181335,1.2076869010925293,1.2063708305358887
TEST_03.csv,담하_갑오징어 비빔밥,-7.606082363054156e-06,-7.373231255769497e-06,-7.582940270367544e-06,-7.579332304885611e-06,-7.6131186688144226e-06,-8.088164577202406e-06,-8.118452569760848e-06
TEST_03.csv,담하_갱시기,5.346393585205078,2.8513619899749756,1.6992417573928833,2.2226338386535645,2.4098682403564453,2.4930973052978516,3.7041237354278564
TEST_03.csv,담하_공깃밥,34.290748596191406,31.360532760620117,36.74674987792969,32.08808135986328,34.010101318359375,50.28532409667969,52.58885955810547
TEST_03.csv,담하_꼬막 비빔밥,5.759516716003418,5.005049228668213,5.793972969055176,7.148002624511719,8.99254322052002,9.284749031066895,9.386346817016602
TEST_03.csv,담하_느린마을 막걸리,0.4047129154205322,0.2686145305633545,1.3058269023895264,0.7957625389099121,0.9135215282440186,1.1126576662063599,0.5667948722839355
TEST_03.csv,담하_담하 한우 불고기,22.133739471435547,18.26409149169922,28.568084716796875,23.73379135131836,21.23979949951172,31.621572494506836,34.10757064819336
TEST_03.csv,담하_담하 한우 불고기 정식,15.112800598144531,13.604520797729492,20.411176681518555,28.400657653808594,18.2513427734375,13.19291877746582,15.71430778503418
TEST_03.csv,담하_더덕 한우 지짐,0.1819310188293457,0.09513324499130249,0.46157294511795044,0.3726755976676941,0.4364335238933563,0.2812991738319397,0.21399229764938354
TEST_03.csv,담하_들깨 양지탕,-7.606082363054156e-06,-7.373231255769497e-06,-7.582940270367544e-06,-7.579332304885611e-06,-7.6131186688144226e-06,-8.088164577202406e-06,-8.118452569760848e-06
TEST_03.csv,담하_라면사리,0.20812666416168213,0.28217756748199463,-0.08794379234313965,0.17657887935638428,0.333432674407959,0.43634533882141113,0.05164611339569092
TEST_03.csv,담하_룸 이용료,0.49556678533554077,-0.004426836967468262,0.10442468523979187,0.17847536504268646,0.3009210228919983,0.6780819892883301,0.8796977400779724
TEST_03.csv,담하_메밀면 사리,0.7577438354492188,0.4311702251434326,1.3494116067886353,1.8122848272323608,0.518548846244812,0.5068038702011108,1.150573492050171
TEST_03.csv,담하_명인안동소주,-0.03977981209754944,0.07952961325645447,0.20340393483638763,0.17197687923908234,0.1310138702392578,0.4145273268222809,0.19599002599716187
TEST_03.csv,담하_명태회 비빔냉면,1.514096736907959,2.4041781425476074,2.7765963077545166,1.1463569402694702,1.240612268447876,1.0468158721923828,1.2225533723831177
TEST_03.csv,담하_문막 복분자 칵테일,0.4293749928474426,0.18049916625022888,0.22537049651145935,0.2055930495262146,0.38200050592422485,0.6093531847000122,0.22272193431854248
TEST_03.csv,담하_봉평메밀 물냉면,1.1884338855743408,0.7550050020217896,1.2358627319335938,1.085640788078308,1.18599271774292,2.451672077178955,3.12028169631958
TEST_03.csv,담하_생목살 김치찌개,11.094910621643066,8.499603271484375,8.312665939331055,8.375772476196289,9.322900772094727,11.290811538696289,14.91854190826416
TEST_03.csv,담하_스프라이트,1.145029902458191,0.6751060485839844,0.2548295855522156,0.17164373397827148,0.16458261013031006,0.234064519405365,0.4349917471408844
TEST_03.csv,담하_은이버섯 갈비탕,1.7325987815856934,3.1995620727539062,4.934731483459473,2.683124303817749,1.898425579071045,3.7080109119415283,4.336719512939453
TEST_03.csv,담하_제로콜라,0.2946201264858246,0.056126296520233154,0.18002986907958984,0.2722710967063904,0.18633770942687988,0.09039771556854248,0.044649481773376465
TEST_03.csv,담하_참이슬,4.556575298309326,2.465892791748047,2.193743944168091,2.406503438949585,2.797269582748413,4.429410934448242,7.672768592834473
TEST_03.csv,담하_처음처럼,0.9955587387084961,0.29907381534576416,0.3857336640357971,0.606135368347168,0.8231985569000244,1.1962417364120483,1.7220923900604248
TEST_03.csv,담하_카스,0.2945777177810669,0.9102421998977661,0.682970404624939,1.6530057191848755,2.2627694606781006,2.2103400230407715,2.361586093902588
TEST_03.csv,담하_콜라,0.22252994775772095,0.0956885814666748,0.4650232791900635,0.4277319312095642,0.5004470944404602,0.7375837564468384,0.4649766683578491
TEST_03.csv,담하_테라,0.05916565656661987,-0.03044790029525757,-0.060894012451171875,0.017947494983673096,0.7792617082595825,0.5670754313468933,-0.40518712997436523
TEST_03.csv,담하_하동 매실 칵테일,-0.0459362268447876,-0.039638012647628784,-0.019419729709625244,0.02954915165901184,0.09495243430137634,0.31538480520248413,0.17224198579788208
TEST_03.csv,담하_한우 떡갈비 정식,5.2416534423828125,3.6524500846862793,3.409421920776367,3.4266037940979004,3.8484272956848145,5.112372398376465,7.717525482177734
TEST_03.csv,담하_한우 미역국 정식,13.624584197998047,4.866021633148193,4.234982013702393,9.200225830078125,7.858876705169678,6.766518592834473,10.856616973876953
TEST_03.csv,담하_한우 우거지 국밥,30.336023330688477,10.523697853088379,10.391881942749023,12.858721733093262,12.139912605285645,11.79392147064209,22.204893112182617
TEST_03.csv,담하_한우 차돌박이 된장찌개,15.693239212036133,13.164684295654297,15.686304092407227,11.634284973144531,12.15891170501709,10.86933708190918,12.0948486328125
TEST_03.csv,담하_황태해장국,13.670926094055176,8.361379623413086,7.311691761016846,8.805909156799316,9.82456111907959,9.634976387023926,16.718889236450195
TEST_03.csv,라그로타_AUS (200g),1.340362548828125,0.3819289207458496,0.978131890296936,1.1253948211669922,1.1892675161361694,1.6786091327667236,2.499204397201538
TEST_03.csv,라그로타_G-Charge(3),0.19499805569648743,0.03767314553260803,0.2133253514766693,0.03147342801094055,0.11115425825119019,-0.03378213942050934,-0.011581942439079285
TEST_03.csv,라그로타_Gls.Sileni,0.6091477870941162,0.35282325744628906,0.5217307806015015,0.8632824420928955,1.8932156562805176,1.9978619813919067,0.6593313217163086
TEST_03.csv,라그로타_Gls.미션 서드,1.3498542308807373,1.3734430074691772,1.6887688636779785,2.4644112586975098,2.1474106311798096,1.5094292163848877,2.3812546730041504
TEST_03.csv,라그로타_Open Food,0.028494983911514282,-0.04986262321472168,0.40530282258987427,0.4316985607147217,0.4296291470527649,0.9443709850311279,0.4412751793861389
TEST_03.csv,라그로타_그릴드 비프 샐러드,1.576200008392334,0.5313096046447754,1.7363824844360352,1.8373737335205078,1.6909936666488647,0.8379426002502441,2.282085418701172
TEST_03.csv,라그로타_까르보나라,-7.606082363054156e-06,-7.373231255769497e-06,-7.582940270367544e-06,-7.579332304885611e-06,-7.6131186688144226e-06,-8.088164577202406e-06,-8.118452569760848e-06
TEST_03.csv,라그로타_모둠 해산물 플래터,1.3495064973831177,-0.17598700523376465,0.5735993981361389,0.7562034726142883,0.6810450553894043,1.4875423908233643,2.60711407661438
TEST_03.csv,라그로타_미션 서드 카베르네 쉬라,0.07196637988090515,0.02980208396911621,0.13031530380249023,0.13522645831108093,0.23621928691864014,0.4734511077404022,0.25886261463165283
TEST_03.csv,라그로타_버섯 크림 리조또,4.0798726081848145,0.4211616516113281,2.6981189250946045,3.3102357387542725,3.9684534072875977,5.8531012535095215,8.390727996826172
TEST_03.csv,라그로타_빵 추가 (1인),1.5961568355560303,0.7045546770095825,1.097823977470398,0.7612047791481018,0.6790160536766052,0.6488368511199951,1.0172544717788696
TEST_03.csv,라그로타_스프라이트,0.5055065155029297,0.024589180946350098,0.21165180206298828,0.32008469104766846,0.2506852149963379,0.2420366108417511,0.4373835623264313
TEST_03.csv,라그로타_시저 샐러드 ,1.9489506483078003,0.9293622970581055,3.806788682937622,3.1240577697753906,1.7806110382080078,1.5243910551071167,2.680591344833374
TEST_03.csv,라그로타_아메리카노,0.5744739770889282,0.44738709926605225,0.8577039241790771,1.051957130432129,0.9708313345909119,0.8243187665939331,0.8700283765792847
TEST_03.csv,라그로타_알리오 에 올리오 ,6.608165264129639,0.3748798370361328,2.7928144931793213,2.8272950649261475,3.872180938720703,5.367100715637207,7.985664367675781
TEST_03.csv,라그로타_양갈비 (4ps),1.9568129777908325,0.9683661460876465,1.9408842325210571,1.943964958190918,2.1441221237182617,4.042530059814453,4.6632890701293945
TEST_03.csv,라그로타_자몽리치에이드,0.09751081466674805,-0.28516364097595215,0.9982943534851074,0.8094813823699951,-0.04177677631378174,1.5587334632873535,0.8035423755645752
TEST_03.csv,라그로타_제로콜라,0.588772177696228,0.47959792613983154,0.9990036487579346,1.2753536701202393,1.640918254852295,2.1866042613983154,0.9084998369216919
TEST_03.csv,라그로타_카스,0.6876025795936584,0.014566540718078613,0.7751603126525879,0.34748852252960205,0.6376146078109741,1.7988477945327759,2.1934103965759277
TEST_03.csv,라그로타_콜라,0.23143243789672852,0.32850003242492676,0.3149886131286621,0.8619164228439331,1.4016015529632568,2.9329423904418945,4.538067817687988
TEST_03.csv,라그로타_하이네켄(생),0.1543635129928589,0.16769862174987793,0.6141106486320496,0.5289512872695923,0.3471018075942993,1.0681579113006592,0.5915690064430237
TEST_03.csv,라그로타_한우 (200g),2.029397487640381,0.17122423648834229,0.88025963306427,0.794196367263794,1.203385591506958,1.5233855247497559,2.715146541595459
TEST_03.csv,라그로타_해산물 토마토 리조또,2.9253456592559814,0.27929139137268066,1.5094465017318726,1.4644856452941895,1.2480552196502686,1.1795406341552734,3.357542037963867
TEST_03.csv,라그로타_해산물 토마토 스튜 파스타,4.3524675369262695,0.21297264099121094,4.185125827789307,3.9005563259124756,4.020012855529785,4.903972625732422,7.644134998321533
TEST_03.csv,라그로타_해산물 토마토 스파게티,4.36232328414917,1.3886404037475586,3.7002081871032715,3.3191022872924805,3.3811750411987305,4.048633098602295,5.61703634262085
TEST_03.csv,"미라시아_(단체)브런치주중 36,000",25.422779083251953,76.93934631347656,83.94181060791016,58.4794921875,90.00003051757812,142.82220458984375,28.334468841552734
TEST_03.csv,미라시아_(오븐) 하와이안 쉬림프 피자,0.44312584400177,0.5020371675491333,0.4932481646537781,0.4348444938659668,0.6015287637710571,0.7485242486000061,1.3613953590393066
TEST_03.csv,미라시아_(화덕) 불고기 페퍼로니 반반피자,2.8661301136016846,3.845040798187256,4.097355365753174,3.3952832221984863,3.7464075088500977,5.715507507324219,5.137951374053955
TEST_03.csv,미라시아_BBQ Platter,9.493959426879883,3.677626132965088,4.507800579071045,5.348039627075195,5.7510833740234375,8.397994995117188,11.92218017578125
TEST_03.csv,미라시아_BBQ 고기추가,0.3154303729534149,0.3559802770614624,0.20381788909435272,0.044777363538742065,0.22141996026039124,0.22253960371017456,0.1964627355337143
TEST_03.csv,미라시아_공깃밥,0.5662835836410522,0.07497614622116089,0.07527601718902588,0.13912731409072876,0.21238592267036438,0.566693127155304,1.3770484924316406
TEST_03.csv,미라시아_글라스와인 (레드),-0.481626033782959,0.006843268871307373,0.128379225730896,0.21697065234184265,0.11234664916992188,0.23283284902572632,0.12092781066894531
TEST_03.csv,미라시아_레인보우칵테일(알코올),0.564362645149231,0.4215441942214966,0.43148043751716614,0.4203975796699524,0.35094374418258667,0.541607141494751,0.650508463382721
TEST_03.csv,미라시아_미라시아 브런치 (패키지),14.305337905883789,19.94681167602539,21.077835083007812,14.887447357177734,8.881614685058594,11.07938289642334,7.456624984741211
TEST_03.csv,미라시아_버드와이저(무제한),3.1119384765625,2.7102227210998535,2.3904967308044434,2.1093087196350098,2.1248397827148438,2.3000168800354004,2.6264376640319824
TEST_03.csv,미라시아_보일링 랍스타 플래터,1.171128749847412,0.7069686055183411,0.606077253818512,0.7000388503074646,1.7382547855377197,1.4273520708084106,2.3579087257385254
TEST_03.csv,미라시아_보일링 랍스타 플래터(덜매운맛),1.1841740608215332,1.7402942180633545,1.7047984600067139,0.76297926902771,0.38060152530670166,0.44356775283813477,0.9229555130004883
TEST_03.csv,미라시아_브런치 2인 패키지 ,3.4607596397399902,3.718719959259033,4.041191101074219,4.910244941711426,4.949704170227051,4.72885799407959,4.494835376739502
TEST_03.csv,미라시아_브런치 4인 패키지 ,0.05991445481777191,0.12080307304859161,0.13193708658218384,0.0407118946313858,-0.051466479897499084,-0.01605232059955597,-0.06088973581790924
TEST_03.csv,미라시아_브런치(대인) 주말,133.31297302246094,6.496006011962891,2.637451171875,-0.10233688354492188,2.2425689697265625,1.1677131652832031,99.39695739746094
TEST_03.csv,미라시아_브런치(대인) 주중,5.999134063720703,69.0411148071289,48.53020477294922,43.00523376464844,71.17416381835938,49.83157730102539,-11.136367797851562
TEST_03.csv,미라시아_브런치(어린이),14.735808372497559,10.329882621765137,7.628538131713867,7.595331192016602,7.810127258300781,9.110898971557617,15.00096607208252
TEST_03.csv,미라시아_쉬림프 투움바 파스타,2.9392333030700684,2.856349229812622,2.9105708599090576,3.0074961185455322,3.269118547439575,3.6176514625549316,4.368612766265869
TEST_03.csv,미라시아_스텔라(무제한),0.7085473537445068,0.8982040882110596,0.9267058372497559,0.9971675872802734,1.3961834907531738,2.297049045562744,1.2823083400726318
TEST_03.csv,미라시아_스프라이트,0.21679723262786865,0.3008207082748413,0.22842997312545776,0.32271289825439453,0.798810601234436,0.7924767136573792,0.1492995023727417
TEST_03.csv,미라시아_애플망고 에이드,2.915936231613159,2.360142946243286,2.440239667892456,1.73826003074646,2.031714916229248,2.085789680480957,2.8951783180236816
TEST_03.csv,미라시아_얼그레이 하이볼,-0.25269997119903564,-0.09152638912200928,-0.04270362854003906,-0.03706234693527222,0.11851900815963745,0.38402992486953735,0.4955519139766693
TEST_03.csv,미라시아_오븐구이 윙과 킬바사소세지,1.168832778930664,0.7876703143119812,0.547219455242157,0.5214956402778625,0.593143880367279,0.49443185329437256,0.4103657007217407
TEST_03.csv,미라시아_유자 하이볼,0.3695055842399597,0.5250309109687805,0.6804381012916565,0.14188683032989502,0.534564197063446,0.30995702743530273,0.24719899892807007
TEST_03.csv,미라시아_잭 애플 토닉,1.091506838798523,0.5339195728302002,0.44303423166275024,0.5138992667198181,1.099319577217102,1.1688016653060913,1.2917174100875854
TEST_03.csv,미라시아_칠리 치즈 프라이,-0.08030319213867188,-0.16570472717285156,-0.20775175094604492,-0.2749086618423462,-0.20394420623779297,0.10015630722045898,0.8759487271308899
TEST_03.csv,미라시아_코카콜라,0.2883872985839844,0.6094359159469604,0.8884499073028564,1.1049535274505615,3.10512638092041,3.0085368156433105,0.10468685626983643
TEST_03.csv,미라시아_코카콜라(제로),0.9813110828399658,0.4329845905303955,1.0101985931396484,1.6139717102050781,0.8492464423179626,0.4628859758377075,1.2328816652297974
TEST_03.csv,미라시아_콥 샐러드,2.7442352771759033,0.9615988731384277,2.7407994270324707,2.4603614807128906,3.145925521850586,3.8253018856048584,4.786574363708496
TEST_03.csv,미라시아_파스타면 추가(150g),0.5715009570121765,0.6729750633239746,0.7844298481941223,0.8400729298591614,1.053816318511963,1.2559175491333008,1.135792851448059
TEST_03.csv,미라시아_핑크레몬에이드,0.04063248634338379,0.22869673371315002,0.14562086760997772,0.13398146629333496,-0.02457195520401001,-0.0009445250034332275,0.14229804277420044
TEST_03.csv,연회장_Cass Beer,6.292601585388184,34.045799255371094,29.313777923583984,3.834609031677246,38.12181091308594,14.887210845947266,2.6794776916503906
TEST_03.csv,연회장_Conference L1,0.06445088982582092,0.08575776219367981,0.5395466089248657,0.5458065271377563,0.7946555614471436,0.7911473512649536,0.326027512550354
TEST_03.csv,연회장_Conference L2,0.06310498714447021,0.14196719229221344,0.13419917225837708,0.27459007501602173,0.9799295663833618,0.9494040608406067,-0.018007278442382812
TEST_03.csv,연회장_Conference L3,-0.03793621063232422,-0.030798256397247314,0.1182241141796112,0.06052441895008087,0.3043670058250427,0.5067917108535767,0.11678168177604675
TEST_03.csv,연회장_Conference M1,0.0260927677154541,0.008310824632644653,0.02893906831741333,0.11927609145641327,0.22018033266067505,0.3228435814380646,0.0903981626033783
TEST_03.csv,연회장_Conference M8,-0.0869387686252594,0.05033184587955475,-0.014261901378631592,0.10670368373394012,0.17718148231506348,0.360038697719574,0.16442878544330597
TEST_03.csv,연회장_Conference M9,0.08967563509941101,0.2805684208869934,0.4591904878616333,0.4818035960197449,0.6357294321060181,0.576036810874939,-0.050377219915390015
TEST_03.csv,연회장_Convention Hall,-0.04883989691734314,0.3206295073032379,0.08908449113368988,0.029010921716690063,0.2520717978477478,0.2388923168182373,0.0771474838256836
TEST_03.csv,연회장_Cookie Platter,2.429067373275757,7.8568220138549805,8.59705638885498,11.055940628051758,9.22496223449707,8.231937408447266,5.766376495361328
TEST_03.csv,연회장_Grand Ballroom,1.2646411657333374,1.6372709274291992,1.6862125396728516,1.6680850982666016,1.1880017518997192,1.1351579427719116,0.8836884498596191
TEST_03.csv,연회장_OPUS 2,0.02082812786102295,0.132715106010437,0.5271651744842529,0.4678601324558258,0.5354856252670288,0.31908541917800903,-0.012245416641235352
TEST_03.csv,연회장_Regular Coffee,45.096824645996094,44.25923538208008,21.320789337158203,36.9635009765625,33.64045715332031,45.22977828979492,4.789970397949219
TEST_03.csv,연회장_골뱅이무침,-0.3478696346282959,0.10331761837005615,0.1457376480102539,0.5827397108078003,0.9306592345237732,3.936950206756592,2.9088196754455566
TEST_03.csv,연회장_공깃밥,0.028150200843811035,0.01679670810699463,0.13697147369384766,0.47397780418395996,0.6398177146911621,1.7227095365524292,1.9539282321929932
TEST_03.csv,연회장_돈목살 김치찌개 (밥포함),0.05748558044433594,0.36676740646362305,0.6256736516952515,0.9282623529434204,1.5529332160949707,3.9728164672851562,2.3239452838897705
TEST_03.csv,연회장_로제 치즈떡볶이,-0.12526845932006836,0.06611090898513794,0.2081494927406311,0.3496159315109253,0.6037408113479614,1.5910621881484985,0.884076714515686
TEST_03.csv,연회장_마라샹궈,0.15717363357543945,0.10546928644180298,0.09268701076507568,0.0713270902633667,0.15398263931274414,0.4768714904785156,0.8644903898239136
TEST_03.csv,연회장_매콤 무뼈닭발&계란찜,0.20932960510253906,-0.0601925253868103,0.03430122137069702,0.2619706392288208,0.42843925952911377,1.3837792873382568,1.3247249126434326
TEST_03.csv,연회장_모둠 돈육구이(3인),0.08784914016723633,0.25630855560302734,0.5285136699676514,1.3082618713378906,2.8611481189727783,7.66124153137207,6.081928253173828
TEST_03.csv,연회장_삼겹살추가 (200g),-0.009624898433685303,-0.005495727062225342,0.0217893123626709,0.11240476369857788,0.4026126265525818,1.7306694984436035,1.0244472026824951
TEST_03.csv,연회장_야채추가,0.14726737141609192,-0.00917196273803711,0.013865798711776733,0.018772244453430176,0.1318233609199524,0.9304133653640747,1.5123308897018433
TEST_03.csv,연회장_왕갈비치킨,0.09300875663757324,0.12025749683380127,0.32771265506744385,0.722252368927002,1.697730302810669,5.373642444610596,4.012531280517578
TEST_03.csv,연회장_주먹밥 (2ea),-0.03083193302154541,-0.046388328075408936,0.04891800880432129,0.15006881952285767,0.4368748962879181,1.4250870943069458,1.5236058235168457
TEST_03.csv,카페테리아_공깃밥(추가),5.9851226806640625,3.4362359046936035,4.148070335388184,5.582553863525391,5.085443496704102,5.038354396820068,8.772040367126465
TEST_03.csv,카페테리아_구슬아이스크림,-7.606082363054156e-06,-7.373231255769497e-06,-7.582940270367544e-06,-7.579332304885611e-06,-7.6131186688144226e-06,-8.088164577202406e-06,-8.118452569760848e-06
TEST_03.csv,카페테리아_단체식 13000(신),47.20347595214844,61.019981384277344,126.413330078125,174.13673400878906,47.42169952392578,102.4122314453125,36.09444808959961
TEST_03.csv,카페테리아_단체식 18000(신),24.810932159423828,53.79556655883789,123.09196472167969,138.07452392578125,90.58439636230469,106.24699401855469,32.27561569213867
TEST_03.csv,카페테리아_돼지고기 김치찌개,9.305047035217285,4.85845947265625,4.313239574432373,5.535403251647949,6.919635772705078,8.228281021118164,12.125638961791992
TEST_03.csv,카페테리아_복숭아 아이스티,-7.606082363054156e-06,-7.373231255769497e-06,-7.582940270367544e-06,-7.579332304885611e-06,-7.6131186688144226e-06,-8.088164577202406e-06,-8.118452569760848e-06
TEST_03.csv,카페테리아_새우 볶음밥,8.364381790161133,4.146801948547363,3.9823784828186035,3.979968547821045,4.789511203765869,6.471398830413818,11.99770450592041
TEST_03.csv,카페테리아_새우튀김 우동,-7.606082363054156e-06,-7.373231255769497e-06,-7.582940270367544e-06,-7.579332304885611e-06,-7.6131186688144226e-06,-8.088164577202406e-06,-8.118452569760848e-06
TEST_03.csv,카페테리아_샷 추가,-7.606082363054156e-06,-7.373231255769497e-06,-7.582940270367544e-06,-7.579332304885611e-06,-7.6131186688144226e-06,-8.088164577202406e-06,-8.118452569760848e-06
TEST_03.csv,카페테리아_수제 등심 돈까스,23.775285720825195,15.325223922729492,16.75572967529297,19.41986846923828,19.2685489654541,21.05691909790039,32.63665771484375
TEST_03.csv,카페테리아_아메리카노(HOT),0.019815370440483093,0.008047372102737427,0.22189584374427795,0.5835458040237427,0.06268613040447235,0.019455984234809875,0.03443802893161774
TEST_03.csv,카페테리아_아메리카노(ICE),-0.04428073763847351,0.019435405731201172,0.03563007712364197,0.10203756392002106,0.13677161931991577,0.05968305468559265,0.040758728981018066
TEST_03.csv,카페테리아_약 고추장 돌솥비빔밥,28.636573791503906,27.3528995513916,28.900144577026367,31.792165756225586,33.54182434082031,36.532779693603516,39.5999870300293
TEST_03.csv,카페테리아_어린이 돈까스,5.403862476348877,3.5947585105895996,3.0082240104675293,2.6381983757019043,3.5858802795410156,6.101644992828369,10.141310691833496
TEST_03.csv,카페테리아_오픈푸드,0.0250093936920166,0.018753528594970703,0.011349737644195557,-7.744133472442627e-05,0.031587839126586914,0.02245745062828064,0.0014001727104187012
TEST_03.csv,카페테리아_진사골 설렁탕,-7.606082363054156e-06,-7.373231255769497e-06,-7.582940270367544e-06,-7.579332304885611e-06,-7.6131186688144226e-06,-8.088164577202406e-06,-8.118452569760848e-06
TEST_03.csv,카페테리아_짜장면,13.713452339172363,6.299460411071777,6.715131759643555,7.978278636932373,7.85386323928833,7.926229000091553,13.362876892089844
TEST_03.csv,카페테리아_짜장밥,1.3651113510131836,0.4765815734863281,0.5669904947280884,0.4888399839401245,0.49229514598846436,0.4435126781463623,1.2388241291046143
TEST_03.csv,카페테리아_짬뽕,5.878465175628662,3.4398391246795654,3.2576682567596436,3.928844928741455,3.6460845470428467,3.280881881713867,8.054826736450195
TEST_03.csv,카페테리아_짬뽕밥,3.474857807159424,2.7170262336730957,2.4446053504943848,2.9844329357147217,2.8649768829345703,2.8440659046173096,3.3125271797180176
TEST_03.csv,카페테리아_치즈돈까스,12.596566200256348,3.4504294395446777,4.3324666023254395,4.576448440551758,5.46879243850708,6.311265468597412,14.991236686706543
TEST_03.csv,카페테리아_카페라떼(HOT),0.002787545323371887,0.04068896174430847,0.07777442038059235,0.04552707076072693,0.04474445432424545,0.02209557592868805,-0.008430197834968567
TEST_03.csv,카페테리아_카페라떼(ICE),0.004168227314949036,0.0031255893409252167,0.0018916241824626923,-1.290440559387207e-05,0.005264636129140854,0.003742896020412445,0.00023335963487625122
TEST_03.csv,카페테리아_한상 삼겹구이 정식(2인) 소요시간 약 15~20분,8.668088912963867,8.16358470916748,8.900771141052246,11.186450004577637,12.441484451293945,12.578078269958496,16.34557342529297
TEST_03.csv,포레스트릿_꼬치어묵,17.7069091796875,2.038268566131592,1.2772016525268555,1.3594765663146973,2.189993381500244,2.9927587509155273,16.271827697753906
TEST_03.csv,포레스트릿_떡볶이,9.287175178527832,0.8877520561218262,1.7006340026855469,1.8727283477783203,3.073601722717285,4.668036460876465,12.979488372802734
TEST_03.csv,포레스트릿_복숭아 아이스티,-7.606082363054156e-06,-7.373231255769497e-06,-7.582940270367544e-06,-7.579332304885611e-06,-7.6131186688144226e-06,-8.088164577202406e-06,-8.118452569760848e-06
TEST_03.csv,포레스트릿_생수,11.613980293273926,-0.3452014923095703,0.4790468215942383,1.1630010604858398,2.377317428588867,5.371207237243652,17.56217384338379
TEST_03.csv,포레스트릿_스프라이트,0.7656552791595459,0.33717334270477295,0.34123003482818604,0.10224795341491699,0.5226914882659912,1.8254135847091675,3.302396059036255
TEST_03.csv,포레스트릿_아메리카노(HOT),12.745576858520508,1.6605796813964844,1.1163649559020996,3.7337913513183594,3.4935078620910645,2.5369133949279785,7.735211372375488
TEST_03.csv,포레스트릿_아메리카노(ICE),24.132347106933594,0.25664329528808594,3.8049659729003906,4.170721054077148,6.3559112548828125,14.023744583129883,34.519378662109375
TEST_03.csv,포레스트릿_치즈 핫도그,15.601702690124512,1.3936443328857422,0.7841739654541016,1.285008430480957,3.715712070465088,7.894248008728027,19.824878692626953
TEST_03.csv,포레스트릿_카페라떼(HOT),7.162755966186523,0.8542037010192871,0.3649139404296875,1.6409852504730225,1.291032314300537,1.0899877548217773,5.711370944976807
TEST_03.csv,포레스트릿_카페라떼(ICE),3.957821846008301,-0.060760498046875,0.24149107933044434,0.021781444549560547,0.3040885925292969,0.9603962898254395,4.667993068695068
TEST_03.csv,포레스트릿_코카콜라,3.0264856815338135,0.6307022571563721,0.6218078136444092,0.1112828254699707,0.7964975833892822,1.9840645790100098,5.249271869659424
TEST_03.csv,포레스트릿_페스츄리 소시지,4.777935028076172,0.34022045135498047,0.6344192028045654,0.9177713394165039,1.1391937732696533,1.979149580001831,8.304126739501953
TEST_03.csv,화담숲주막_느린마을 막걸리,189.76861572265625,50.02015686035156,111.10061645507812,106.37384033203125,105.04361724853516,88.40912628173828,164.8070526123047
TEST_03.csv,화담숲주막_단호박 식혜 ,96.83879089355469,20.539966583251953,36.32516098022461,39.043846130371094,49.00574493408203,37.8741569519043,70.31201171875
TEST_03.csv,화담숲주막_병천순대,139.5172576904297,27.185821533203125,75.9967041015625,87.23774719238281,85.4865951538086,65.78775787353516,128.8266143798828
TEST_03.csv,화담숲주막_스프라이트,61.06231689453125,8.601879119873047,15.810310363769531,24.552860260009766,29.087318420410156,19.283954620361328,49.35477828979492
TEST_03.csv,화담숲주막_참살이 막걸리,98.22384643554688,27.389820098876953,74.01905059814453,75.19159698486328,68.62720489501953,44.250335693359375,83.017578125
TEST_03.csv,화담숲주막_찹쌀식혜,170.6608123779297,32.57362365722656,50.12251663208008,75.41432189941406,86.01740264892578,63.858055114746094,144.4202117919922
TEST_03.csv,화담숲주막_콜라,88.46043395996094,18.977771759033203,28.3162841796875,39.25457763671875,49.35969924926758,42.165950775146484,84.0068130493164
TEST_03.csv,화담숲주막_해물파전,742.5745849609375,230.08023071289062,366.4050598144531,406.26904296875,445.38177490234375,353.85174560546875,628.5316772460938
TEST_03.csv,화담숲카페_메밀미숫가루,155.318359375,27.845985412597656,66.53605651855469,96.31321716308594,115.4761734008789,80.58401489257812,151.39939880371094
TEST_03.csv,화담숲카페_아메리카노 HOT,117.2260513305664,66.09783172607422,117.24021911621094,99.23319244384766,92.36626434326172,65.73804473876953,93.68244171142578
TEST_03.csv,화담숲카페_아메리카노 ICE,133.87179565429688,24.629554748535156,62.16423797607422,91.8619613647461,97.92112731933594,72.34579467773438,145.739990234375
TEST_03.csv,화담숲카페_카페라떼 ICE,27.443132400512695,7.634223937988281,19.75738525390625,29.93557357788086,30.828006744384766,22.7518253326416,25.882064819335938
TEST_03.csv,화담숲카페_현미뻥스크림,135.82174682617188,30.108680725097656,64.86428833007812,119.98612213134766,127.1541748046875,102.21222686767578,182.93606567382812
TEST_04.csv,느티나무 셀프BBQ_1인 수저세트,1.733967900276184,-0.23227643966674805,0.04361224174499512,0.7667555809020996,0.1074678897857666,1.0227985382080078,4.629376411437988
TEST_04.csv,느티나무 셀프BBQ_BBQ55(단체),0.28336334228515625,4.957151412963867,7.4154510498046875,15.54620361328125,34.49951171875,11.443273544311523,-4.311281204223633
TEST_04.csv,"느티나무 셀프BBQ_대여료 30,000원",7.073248863220215,0.3064098358154297,1.665947437286377,2.0000221729278564,2.165287494659424,3.05655837059021,8.44003963470459
TEST_04.csv,"느티나무 셀프BBQ_대여료 60,000원",7.297062873840332,0.42421817779541016,1.0638684034347534,0.9316421747207642,1.2019404172897339,1.3858187198638916,6.135249137878418
TEST_04.csv,"느티나무 셀프BBQ_대여료 90,000원",0.863116443157196,0.07936537265777588,0.11835849285125732,0.25788331031799316,0.14636242389678955,0.3403056859970093,1.2473927736282349
TEST_04.csv,"느티나무 셀프BBQ_본삼겹 (단품,실내)",0.32444465160369873,-0.059388160705566406,-0.08529078960418701,0.18094515800476074,0.09668779373168945,0.4634450078010559,1.95304274559021
TEST_04.csv,느티나무 셀프BBQ_스프라이트 (단체),-1.722686767578125,0.14367389678955078,3.9992246627807617,5.856159687042236,10.794088363647461,9.313644409179688,-2.210972785949707
TEST_04.csv,느티나무 셀프BBQ_신라면,-7.606082363054156e-06,-7.373231255769497e-06,-7.582940270367544e-06,-7.579332304885611e-06,-7.6131186688144226e-06,-8.088164577202406e-06,-8.118452569760848e-06
TEST_04.csv,느티나무 셀프BBQ_쌈야채세트,0.9799521565437317,0.08835196495056152,-0.031148672103881836,0.389396607875824,0.16916871070861816,1.2009599208831787,4.29641580581665
TEST_04.csv,느티나무 셀프BBQ_쌈장,0.0782935619354248,-0.09538772702217102,-0.09568372368812561,-0.021819233894348145,-0.0836181640625,0.42622217535972595,1.0070983171463013
TEST_04.csv,느티나무 셀프BBQ_육개장 사발면,0.12185204029083252,-0.0879518985748291,0.10685241222381592,0.016219735145568848,0.48867708444595337,1.6554806232452393,1.9440350532531738
TEST_04.csv,느티나무 셀프BBQ_일회용 소주컵,1.290871262550354,0.06933921575546265,0.0003969818353652954,-0.041510969400405884,0.07027605175971985,-0.05415025353431702,0.34591418504714966
TEST_04.csv,느티나무 셀프BBQ_일회용 종이컵,0.18189063668251038,0.06206542253494263,0.07546404004096985,0.13510671257972717,0.12725234031677246,0.0807456374168396,0.106045663356781
TEST_04.csv,느티나무 셀프BBQ_잔디그늘집 대여료 (12인석),-0.0034226179122924805,0.0016958266496658325,0.0031846128404140472,0.0009003207087516785,0.004013564437627792,-0.001043614000082016,0.004319969564676285
TEST_04.csv,느티나무 셀프BBQ_잔디그늘집 대여료 (6인석),-0.11636900901794434,0.05765807628631592,0.10827672481536865,0.03061091899871826,0.13646113872528076,-0.03548288345336914,0.14687883853912354
TEST_04.csv,느티나무 셀프BBQ_잔디그늘집 의자 추가,-7.606082363054156e-06,-7.373231255769497e-06,-7.582940270367544e-06,-7.579332304885611e-06,-7.6131186688144226e-06,-8.088164577202406e-06,-8.118452569760848e-06
TEST_04.csv,느티나무 셀프BBQ_참이슬 (단체),-4.4008026123046875,1.7609825134277344,12.35931396484375,20.07678985595703,42.891788482666016,32.6766242980957,-15.55752944946289
TEST_04.csv,느티나무 셀프BBQ_친환경 접시 14cm,0.3961074948310852,0.021625638008117676,0.04064607620239258,0.22157949209213257,0.11645430326461792,0.3668251037597656,0.7353809475898743
TEST_04.csv,느티나무 셀프BBQ_친환경 접시 23cm,0.9230616092681885,0.08129280805587769,0.26949819922447205,0.22168156504631042,0.17052599787712097,0.2981347441673279,0.7780462503433228
TEST_04.csv,느티나무 셀프BBQ_카스 병(단체),-3.1668262481689453,0.5188865661621094,-1.0520095825195312,2.846649169921875,14.438897132873535,16.531429290771484,-6.3748626708984375
TEST_04.csv,느티나무 셀프BBQ_콜라 (단체),-0.7731285095214844,1.122659683227539,4.542399883270264,5.995142459869385,6.265340805053711,9.198266983032227,0.6098546981811523
TEST_04.csv,느티나무 셀프BBQ_햇반,0.05508884787559509,0.018894612789154053,0.031962811946868896,0.040954411029815674,0.021972358226776123,0.041439786553382874,0.1764049232006073
TEST_04.csv,느티나무 셀프BBQ_허브솔트,0.7353154420852661,-0.00923776626586914,-0.0077637434005737305,0.043167829513549805,0.06856992840766907,0.14615680277347565,0.5583311915397644
TEST_04.csv,담하_(단체) 공깃밥,0.12321440875530243,0.1147332638502121,0.09893982112407684,0.15520617365837097,0.16735932230949402,0.07458297908306122,0.08229656517505646
TEST_04.csv,담하_(단체) 생목살 김치전골 2.0,1.8382959365844727,4.156118869781494,3.3154783248901367,4.2320780754089355,3.426105499267578,6.14348840713501,1.560053825378418
TEST_04.csv,담하_(단체) 은이버섯 갈비탕,-2.269193649291992,0.5775909423828125,6.437963962554932,13.908251762390137,6.88123083114624,-0.6076412200927734,-3.204010009765625
TEST_04.csv,담하_(단체) 한우 우거지 국밥,0.11427688598632812,-1.5639104843139648,1.9737672805786133,8.134658813476562,5.34804630279541,5.0386152267456055,1.9382619857788086
TEST_04.csv,담하_(단체) 황태해장국 3/27까지,-4.630241394042969,8.34243392944336,11.974601745605469,24.409692764282227,57.62181091308594,98.89913940429688,41.0560417175293
TEST_04.csv,담하_(정식) 된장찌개,1.445770263671875,1.8323917388916016,1.0860443115234375,1.493967056274414,1.3894786834716797,1.2058067321777344,0.6816749572753906
TEST_04.csv,담하_(정식) 물냉면 ,0.8686895370483398,0.773465633392334,0.13945627212524414,0.2382197380065918,0.630286693572998,0.8208475112915039,0.8097672462463379
TEST_04.csv,담하_(정식) 비빔냉면,1.2019720077514648,1.1495099067687988,0.8631730079650879,1.2050065994262695,1.5003595352172852,1.5478177070617676,1.4646368026733398
TEST_04.csv,담하_(후식) 된장찌개,1.2110731601715088,0.9847513437271118,0.700536847114563,0.7504364252090454,0.7499096393585205,1.120039463043213,1.1449474096298218
TEST_04.csv,담하_(후식) 물냉면,0.5898729562759399,0.486478328704834,0.5618112087249756,0.604986310005188,0.7833496928215027,1.045806646347046,1.1144112348556519
TEST_04.csv,담하_(후식) 비빔냉면,0.9626578092575073,0.3938940167427063,0.4214894771575928,0.7672761082649231,0.8905158042907715,1.2347807884216309,1.3243961334228516
TEST_04.csv,담하_갑오징어 비빔밥,-7.606082363054156e-06,-7.373231255769497e-06,-7.582940270367544e-06,-7.579332304885611e-06,-7.6131186688144226e-06,-8.088164577202406e-06,-8.118452569760848e-06
TEST_04.csv,담하_갱시기,4.042037010192871,1.5764727592468262,1.905167818069458,1.6999304294586182,2.1692862510681152,1.1730515956878662,2.5915870666503906
TEST_04.csv,담하_공깃밥,30.70892333984375,16.466922760009766,11.102222442626953,12.644983291625977,13.86107063293457,20.8096923828125,24.74361228942871
TEST_04.csv,담하_꼬막 비빔밥,5.647933483123779,2.910046100616455,2.4541287422180176,2.7487473487854004,2.9853310585021973,3.5721724033355713,5.833858966827393
TEST_04.csv,담하_느린마을 막걸리,2.222109079360962,0.6631065607070923,0.9268722534179688,0.9505196809768677,1.4220848083496094,1.7476986646652222,1.639162540435791
TEST_04.csv,담하_담하 한우 불고기,25.690256118774414,12.434014320373535,10.24034309387207,11.946133613586426,14.582748413085938,25.515972137451172,30.098678588867188
TEST_04.csv,담하_담하 한우 불고기 정식,2.2598419189453125,3.4053497314453125,2.1858768463134766,2.631803512573242,3.6483707427978516,3.618345260620117,2.9842071533203125
TEST_04.csv,담하_더덕 한우 지짐,0.7184557914733887,0.7839927673339844,0.38635265827178955,0.47589433193206787,0.6108613014221191,0.6121482849121094,0.5989254713058472
TEST_04.csv,담하_들깨 양지탕,-7.606082363054156e-06,-7.373231255769497e-06,-7.582940270367544e-06,-7.579332304885611e-06,-7.6131186688144226e-06,-8.088164577202406e-06,-8.118452569760848e-06
TEST_04.csv,담하_라면사리,0.6051458716392517,0.7583228945732117,0.3764720559120178,0.09847444295883179,0.22436076402664185,0.5434013605117798,0.44409608840942383
TEST_04.csv,담하_룸 이용료,0.23481374979019165,0.18820679187774658,0.1992436945438385,0.44517016410827637,0.39735841751098633,0.40772461891174316,0.375540167093277
TEST_04.csv,담하_메밀면 사리,0.0872265100479126,0.20277845859527588,0.24746274948120117,0.5111879110336304,0.6044621467590332,1.0993374586105347,1.7037240266799927
TEST_04.csv,담하_명인안동소주,0.4565401077270508,0.2542293071746826,0.3409440517425537,0.22329175472259521,1.2736949920654297,1.009718894958496,0.08467888832092285
TEST_04.csv,담하_명태회 비빔냉면,1.0885963439941406,0.855591893196106,1.5149928331375122,1.229897379875183,0.674484372138977,0.772790789604187,1.1998876333236694
TEST_04.csv,담하_문막 복분자 칵테일,-0.2718152403831482,0.15782952308654785,0.10256302356719971,0.16846293210983276,0.2944374084472656,1.1963905096054077,0.38142722845077515
TEST_04.csv,담하_봉평메밀 물냉면,0.5040349960327148,0.41114139556884766,0.45325350761413574,0.6647939682006836,0.7026469707489014,1.0727437734603882,1.201428771018982
TEST_04.csv,담하_생목살 김치찌개,7.269796371459961,6.774622440338135,6.8224287033081055,7.538645267486572,8.038125991821289,8.87867546081543,8.225990295410156
TEST_04.csv,담하_스프라이트,0.3701365292072296,0.12118202447891235,0.02921319007873535,0.11155545711517334,0.07002449035644531,0.1725643277168274,0.3917428255081177
TEST_04.csv,담하_은이버섯 갈비탕,5.841419219970703,6.135962963104248,10.329501152038574,7.779702663421631,6.545180320739746,5.572485446929932,4.744974136352539
TEST_04.csv,담하_제로콜라,0.12062191963195801,0.043191224336624146,-0.003630012273788452,0.01815056800842285,0.0436212420463562,0.03855511546134949,0.022682160139083862
TEST_04.csv,담하_참이슬,3.6071979999542236,2.571101665496826,2.7084808349609375,2.7450051307678223,2.1123204231262207,2.8186886310577393,4.064414024353027
TEST_04.csv,담하_처음처럼,0.09974628686904907,0.09625047445297241,0.39529192447662354,0.2520778179168701,0.2861882746219635,0.4295586943626404,0.3076857328414917
TEST_04.csv,담하_카스,0.6748063564300537,0.6550917625427246,0.7397446632385254,1.1840003728866577,0.6936187744140625,1.3793747425079346,2.0487418174743652
TEST_04.csv,담하_콜라,0.46482786536216736,-0.004025280475616455,0.32022884488105774,0.41220393776893616,0.3146001696586609,0.8863475322723389,0.4987836182117462
TEST_04.csv,담하_테라,0.5359530448913574,0.4168087840080261,0.5353593826293945,0.634864091873169,0.5193686485290527,0.5919264554977417,0.6823949813842773
TEST_04.csv,담하_하동 매실 칵테일,0.6875483989715576,0.3914937376976013,0.011736690998077393,0.09817427396774292,0.11414885520935059,0.8092788457870483,1.2283062934875488
TEST_04.csv,담하_한우 떡갈비 정식,8.066547393798828,1.7916216850280762,1.3064603805541992,1.2181525230407715,1.0078840255737305,1.1149382591247559,3.2106053829193115
TEST_04.csv,담하_한우 미역국 정식,9.622845649719238,1.9544296264648438,1.70212984085083,1.7768707275390625,1.919504165649414,1.2637977600097656,5.794197082519531
TEST_04.csv,담하_한우 우거지 국밥,15.1946439743042,8.765543937683105,5.7296366691589355,5.747560977935791,6.150186538696289,7.0727362632751465,9.085193634033203
TEST_04.csv,담하_한우 차돌박이 된장찌개,8.01487922668457,7.534369468688965,7.872885704040527,7.728505611419678,7.422956943511963,7.466053485870361,7.6024627685546875
TEST_04.csv,담하_황태해장국,10.531015396118164,7.199624061584473,6.301162242889404,5.0038161277771,6.510476112365723,4.2176103591918945,6.046424865722656
TEST_04.csv,라그로타_AUS (200g),0.9978612661361694,0.645165205001831,0.9286543130874634,1.2263237237930298,0.6571142673492432,0.8113632202148438,0.8900821208953857
TEST_04.csv,라그로타_G-Charge(3),0.44594240188598633,0.2225494384765625,0.22650551795959473,0.35509926080703735,0.7772600054740906,1.5193545818328857,0.8693063259124756
TEST_04.csv,라그로타_Gls.Sileni,0.46769577264785767,0.18567383289337158,0.1981126070022583,0.10505294799804688,0.4409002661705017,0.7422760128974915,-0.08203244209289551
TEST_04.csv,라그로타_Gls.미션 서드,2.195065975189209,0.42782139778137207,1.8567379713058472,2.518467903137207,2.1638622283935547,1.6585583686828613,1.5769672393798828
TEST_04.csv,라그로타_Open Food,0.12109038233757019,0.059258878231048584,0.23997119069099426,0.3237825930118561,0.3580667972564697,0.1413048803806305,0.1269627809524536
TEST_04.csv,라그로타_그릴드 비프 샐러드,1.846239686012268,0.29708337783813477,1.161057710647583,1.2948558330535889,1.1833152770996094,1.4100030660629272,2.960620880126953
TEST_04.csv,라그로타_까르보나라,-7.606082363054156e-06,-7.373231255769497e-06,-7.582940270367544e-06,-7.579332304885611e-06,-7.6131186688144226e-06,-8.088164577202406e-06,-8.118452569760848e-06
TEST_04.csv,라그로타_모둠 해산물 플래터,0.6914681196212769,-0.1494215726852417,0.09325623512268066,0.30191224813461304,0.2626744508743286,0.6950619220733643,1.752746343612671
TEST_04.csv,라그로타_미션 서드 카베르네 쉬라,0.11599445343017578,0.0028171539306640625,0.5765171051025391,0.36561405658721924,0.5424566268920898,2.618154525756836,1.2815206050872803
TEST_04.csv,라그로타_버섯 크림 리조또,3.066925525665283,0.49278950691223145,1.4845352172851562,1.6062867641448975,1.2663218975067139,1.2133088111877441,2.9140403270721436
TEST_04.csv,라그로타_빵 추가 (1인),0.17251676321029663,0.0017684698104858398,0.05088162422180176,0.38971298933029175,0.5130155086517334,0.2289050817489624,-0.054254770278930664
TEST_04.csv,라그로타_스프라이트,-0.03526902198791504,0.04630342125892639,0.017408013343811035,0.058715254068374634,0.12155225872993469,0.31878727674484253,0.2818744480609894
TEST_04.csv,라그로타_시저 샐러드 ,1.1171780824661255,0.09000730514526367,0.6571066379547119,0.2219679355621338,0.5227370262145996,1.6503841876983643,1.6943804025650024
TEST_04.csv,라그로타_아메리카노,0.651592493057251,0.641513466835022,1.1865944862365723,1.1909328699111938,0.7322314977645874,0.49228453636169434,0.4672400951385498
TEST_04.csv,라그로타_알리오 에 올리오 ,2.1976101398468018,0.2902359962463379,1.070007085800171,1.6774799823760986,2.463353395462036,4.506331920623779,4.878337860107422
TEST_04.csv,라그로타_양갈비 (4ps),0.6830679178237915,0.42342257499694824,0.889670729637146,0.8514073491096497,0.7483331561088562,1.1311484575271606,0.844514012336731
TEST_04.csv,라그로타_자몽리치에이드,0.15601766109466553,0.18806707859039307,0.08746659755706787,0.44265109300613403,0.7168177366256714,0.9539937376976013,1.2904001474380493
TEST_04.csv,라그로타_제로콜라,0.6987754702568054,-0.005617797374725342,0.48918381333351135,0.1925365924835205,0.3220387101173401,0.23068153858184814,0.16351085901260376
TEST_04.csv,라그로타_카스,1.0019068717956543,0.36641037464141846,0.8373855948448181,1.1458914279937744,0.9178735017776489,0.5452327728271484,1.2131168842315674
TEST_04.csv,라그로타_콜라,-0.011258721351623535,0.03450608253479004,0.4776790142059326,0.30958545207977295,0.6753296852111816,1.5749510526657104,1.1168174743652344
TEST_04.csv,라그로타_하이네켄(생),0.8993250131607056,0.30637025833129883,0.3097221851348877,0.4610459804534912,0.7122644186019897,0.7046749591827393,0.7563105821609497
TEST_04.csv,라그로타_한우 (200g),2.615108013153076,1.1143114566802979,1.3384567499160767,1.5277371406555176,1.8157784938812256,2.3381669521331787,2.0601589679718018
TEST_04.csv,라그로타_해산물 토마토 리조또,1.8544600009918213,0.8150583505630493,0.977501392364502,1.129434585571289,0.9726451635360718,1.2222373485565186,2.2352826595306396
TEST_04.csv,라그로타_해산물 토마토 스튜 파스타,3.1225743293762207,1.2136375904083252,1.9103925228118896,1.853621006011963,2.482973098754883,4.314226150512695,5.106029987335205
TEST_04.csv,라그로타_해산물 토마토 스파게티,1.9873852729797363,0.6767957210540771,1.2962093353271484,1.4290664196014404,1.3070526123046875,2.22183895111084,2.5820064544677734
TEST_04.csv,"미라시아_(단체)브런치주중 36,000",-5.6586761474609375,24.565174102783203,30.02410888671875,31.428869247436523,64.2297134399414,59.5960693359375,-2.4866905212402344
TEST_04.csv,미라시아_(오븐) 하와이안 쉬림프 피자,1.6159255504608154,-0.23933541774749756,-0.22555148601531982,-0.1554187536239624,0.6000874638557434,1.1544219255447388,2.313930034637451
TEST_04.csv,미라시아_(화덕) 불고기 페퍼로니 반반피자,1.5189578533172607,0.8941869735717773,1.0218899250030518,1.2005255222320557,1.5352487564086914,2.552882194519043,2.3704147338867188
TEST_04.csv,미라시아_BBQ Platter,3.6823818683624268,0.5468711853027344,0.03400468826293945,0.058567047119140625,0.8921384811401367,3.6407668590545654,6.236149787902832
TEST_04.csv,미라시아_BBQ 고기추가,-0.1173778772354126,-0.12382659316062927,-0.11820796132087708,-0.14291518926620483,-0.06877774000167847,0.11177791655063629,0.21280193328857422
TEST_04.csv,미라시아_공깃밥,0.7285279035568237,-0.0013442039489746094,0.01073300838470459,-0.007722139358520508,0.010159909725189209,0.18710872530937195,1.0403306484222412
TEST_04.csv,미라시아_글라스와인 (레드),-0.02816903591156006,0.02829986810684204,0.1621013581752777,0.17901533842086792,0.5133819580078125,0.9762879610061646,0.38403481245040894
TEST_04.csv,미라시아_레인보우칵테일(알코올),0.08251243829727173,0.0929880142211914,0.07175850868225098,-0.09852898120880127,-0.033827126026153564,0.8613319396972656,0.14245912432670593
TEST_04.csv,미라시아_미라시아 브런치 (패키지),12.957201957702637,11.24901008605957,10.669979095458984,12.587358474731445,12.373452186584473,12.608607292175293,11.625448226928711
TEST_04.csv,미라시아_버드와이저(무제한),1.891876459121704,0.1202239990234375,0.03935527801513672,0.74542236328125,1.6448934078216553,6.982919692993164,7.542274475097656
TEST_04.csv,미라시아_보일링 랍스타 플래터,-0.0339655876159668,-0.37845635414123535,-0.462568998336792,-0.5461485385894775,-0.26146531105041504,0.18193697929382324,-0.013651371002197266
TEST_04.csv,미라시아_보일링 랍스타 플래터(덜매운맛),0.2977263629436493,0.26499176025390625,0.3057165741920471,0.3727656602859497,0.4566061198711395,0.6960931420326233,0.585919976234436
TEST_04.csv,미라시아_브런치 2인 패키지 ,3.7273995876312256,0.9853506088256836,0.7335524559020996,0.6464853286743164,0.6555747985839844,1.8332042694091797,3.9232194423675537
TEST_04.csv,미라시아_브런치 4인 패키지 ,0.3120967745780945,0.033316731452941895,-0.0026374459266662598,0.018714234232902527,0.020237997174263,0.10464432835578918,0.45922887325286865
TEST_04.csv,미라시아_브런치(대인) 주말,199.3126678466797,8.21426010131836,7.733737945556641,5.164356231689453,5.203521728515625,3.527729034423828,117.60659790039062
TEST_04.csv,미라시아_브런치(대인) 주중,4.830833435058594,55.54864501953125,29.83962631225586,38.71694564819336,70.4931640625,58.658294677734375,-8.455955505371094
TEST_04.csv,미라시아_브런치(어린이),24.764812469482422,11.020807266235352,3.2625064849853516,3.0487747192382812,3.4728755950927734,2.0928525924682617,10.21438980102539
TEST_04.csv,미라시아_쉬림프 투움바 파스타,2.314734697341919,0.6546037197113037,0.443523645401001,0.9570627212524414,1.8069229125976562,3.0648200511932373,2.6319737434387207
TEST_04.csv,미라시아_스텔라(무제한),1.7229617834091187,0.2262279987335205,0.4472312927246094,0.5278334617614746,1.2408311367034912,4.459090232849121,4.653439044952393
TEST_04.csv,미라시아_스프라이트,-0.29507267475128174,-0.2526218891143799,-0.3180370330810547,-0.1771334409713745,0.3188634514808655,1.9448773860931396,0.3318594694137573
TEST_04.csv,미라시아_애플망고 에이드,1.397533655166626,0.3380165100097656,0.735517144203186,0.6223760843276978,1.539793848991394,2.953897714614868,1.87456476688385
TEST_04.csv,미라시아_얼그레이 하이볼,0.20461952686309814,0.1934831291437149,0.14695771038532257,0.04297226667404175,0.035683244466781616,-0.0019972622394561768,0.18215471506118774
TEST_04.csv,미라시아_오븐구이 윙과 킬바사소세지,1.8556255102157593,0.6135108470916748,0.580220103263855,0.7182603478431702,0.6556408405303955,1.1135929822921753,2.4970521926879883
TEST_04.csv,미라시아_유자 하이볼,0.5689941644668579,0.5334213972091675,0.6953893303871155,0.4523533284664154,0.2892165184020996,0.2961878180503845,0.45348498225212097
TEST_04.csv,미라시아_잭 애플 토닉,0.5706685781478882,0.037037014961242676,-0.08473384380340576,0.03375840187072754,0.40957653522491455,1.9449291229248047,1.760737657546997
TEST_04.csv,미라시아_칠리 치즈 프라이,-0.23009639978408813,-0.05862414836883545,-0.07369804382324219,-0.08305025100708008,0.11329671740531921,0.7184880375862122,0.2468874752521515
TEST_04.csv,미라시아_코카콜라,0.6550359725952148,0.5120947360992432,0.6641201972961426,1.0149054527282715,0.7048410177230835,1.6321945190429688,1.8554115295410156
TEST_04.csv,미라시아_코카콜라(제로),2.1977431774139404,1.3239331245422363,2.7674858570098877,1.385717749595642,1.7835888862609863,2.236504077911377,3.35326886177063
TEST_04.csv,미라시아_콥 샐러드,1.4880013465881348,1.241919994354248,1.2047010660171509,1.2670778036117554,2.0781822204589844,3.7400736808776855,2.353571653366089
TEST_04.csv,미라시아_파스타면 추가(150g),0.28617095947265625,0.28027182817459106,0.2551311254501343,0.40941840410232544,0.5070322155952454,0.47252070903778076,0.7139942646026611
TEST_04.csv,미라시아_핑크레몬에이드,0.15003657341003418,0.04341745376586914,0.10539188981056213,0.13633014261722565,0.44456231594085693,0.28518426418304443,-0.048635512590408325
TEST_04.csv,연회장_Cass Beer,8.470392227172852,12.14288330078125,26.683685302734375,34.011756896972656,33.7911376953125,7.108951568603516,2.1104583740234375
TEST_04.csv,연회장_Conference L1,0.31170615553855896,0.1456698179244995,0.11467066407203674,0.24896419048309326,0.8099460601806641,0.8126465082168579,0.08074676990509033
TEST_04.csv,연회장_Conference L2,0.007944941520690918,0.06509828567504883,0.2007579654455185,0.3700628876686096,0.6616603136062622,0.18271756172180176,-0.04260966181755066
TEST_04.csv,연회장_Conference L3,-0.0037507712841033936,0.11457455158233643,0.23005613684654236,0.5600895881652832,0.8195934891700745,0.2122320532798767,-0.15386170148849487
TEST_04.csv,연회장_Conference M1,0.1426602303981781,0.19129452109336853,0.22048574686050415,0.12738129496574402,0.2772483825683594,0.33525407314300537,0.22249209880828857
TEST_04.csv,연회장_Conference M8,0.00640830397605896,0.3710564970970154,0.3507693111896515,0.09854301810264587,0.4583747684955597,0.3104691505432129,-0.025230854749679565
TEST_04.csv,연회장_Conference M9,0.25760701298713684,0.4846261143684387,0.6013445854187012,0.45016491413116455,0.17766766250133514,0.06115040183067322,0.0866207480430603
TEST_04.csv,연회장_Convention Hall,0.05564969778060913,0.36426568031311035,0.4121551513671875,0.31911686062812805,0.9302123188972473,0.651671826839447,0.09012395143508911
TEST_04.csv,연회장_Cookie Platter,0.8160488605499268,2.003213405609131,4.910240650177002,2.948249578475952,4.437954902648926,2.551424026489258,0.9635505676269531
TEST_04.csv,연회장_Grand Ballroom,0.24197494983673096,0.3040023446083069,0.39931365847587585,0.28782060742378235,0.2904509902000427,0.2740533947944641,0.18947762250900269
TEST_04.csv,연회장_OPUS 2,-0.06368985772132874,-0.004221975803375244,0.4734826982021332,0.7408455014228821,0.2944059669971466,-0.17751720547676086,-0.16967806220054626
TEST_04.csv,연회장_Regular Coffee,5.578046798706055,32.99467849731445,46.022865295410156,15.707073211669922,21.42790412902832,11.676158905029297,2.8254165649414062
TEST_04.csv,연회장_골뱅이무침,-0.05155742168426514,0.00731968879699707,0.010532259941101074,0.08506393432617188,0.4003034234046936,4.244831085205078,4.942397117614746
TEST_04.csv,연회장_공깃밥,0.5188888311386108,0.15010225772857666,0.014445722103118896,0.020708441734313965,0.13391125202178955,1.6337352991104126,2.375136375427246
TEST_04.csv,연회장_돈목살 김치찌개 (밥포함),-0.10124325752258301,0.09145081043243408,0.001012563705444336,0.2047351598739624,0.2230292558670044,4.719115257263184,5.9175310134887695
TEST_04.csv,연회장_로제 치즈떡볶이,-0.06069517135620117,-0.1884690523147583,-0.14383196830749512,-0.11892050504684448,0.20483827590942383,2.276440143585205,2.801255464553833
TEST_04.csv,연회장_마라샹궈,-0.017728567123413086,-0.053339600563049316,0.0036066174507141113,-0.005246996879577637,0.1878024935722351,1.525402545928955,2.343925952911377
TEST_04.csv,연회장_매콤 무뼈닭발&계란찜,-0.11172071099281311,-0.07823130488395691,-0.10316038131713867,-0.07269269227981567,-0.00542721152305603,0.47546160221099854,0.3181309700012207
TEST_04.csv,연회장_모둠 돈육구이(3인),0.09164941310882568,0.11285650730133057,0.04735112190246582,-0.1592879295349121,0.4258049726486206,5.137787818908691,6.722148895263672
TEST_04.csv,연회장_삼겹살추가 (200g),0.008963406085968018,-0.020951569080352783,-0.005444854497909546,0.0005284547805786133,0.11263731122016907,0.4262663722038269,0.5222251415252686
TEST_04.csv,연회장_야채추가,-0.03641960024833679,0.039434343576431274,0.054412513971328735,0.014630317687988281,0.07997535169124603,0.3407576382160187,0.2397216558456421
TEST_04.csv,연회장_왕갈비치킨,0.10446572303771973,0.322894811630249,0.028978466987609863,0.07739901542663574,0.2587137222290039,3.235274314880371,4.386037349700928
TEST_04.csv,연회장_주먹밥 (2ea),-0.02236318588256836,-0.006982922554016113,-0.0967896580696106,-0.04194754362106323,0.08315998315811157,1.2485709190368652,1.1296982765197754
TEST_04.csv,카페테리아_공깃밥(추가),3.198996067047119,1.4604158401489258,0.7837176322937012,0.5339336395263672,0.6377630233764648,0.9806396961212158,0.9966583251953125
TEST_04.csv,카페테리아_구슬아이스크림,-7.606082363054156e-06,-7.373231255769497e-06,-7.582940270367544e-06,-7.579332304885611e-06,-7.6131186688144226e-06,-8.088164577202406e-06,-8.118452569760848e-06
TEST_04.csv,카페테리아_단체식 13000(신),-0.7698745727539062,6.423004150390625,15.82876968383789,26.23922348022461,68.54576873779297,113.37284088134766,34.75839614868164
TEST_04.csv,카페테리아_단체식 18000(신),13.491531372070312,133.14816284179688,158.57766723632812,161.4434356689453,219.4141845703125,148.08480834960938,35.041656494140625
TEST_04.csv,카페테리아_돼지고기 김치찌개,4.597222328186035,1.8845195770263672,1.712235927581787,1.6409645080566406,2.4661478996276855,5.429783821105957,5.951245307922363
TEST_04.csv,카페테리아_복숭아 아이스티,-7.606082363054156e-06,-7.373231255769497e-06,-7.582940270367544e-06,-7.579332304885611e-06,-7.6131186688144226e-06,-8.088164577202406e-06,-8.118452569760848e-06
TEST_04.csv,카페테리아_새우 볶음밥,4.272136211395264,2.05452823638916,2.6700475215911865,2.411141872406006,1.8019394874572754,1.8627324104309082,3.6854898929595947
TEST_04.csv,카페테리아_새우튀김 우동,-7.606082363054156e-06,-7.373231255769497e-06,-7.582940270367544e-06,-7.579332304885611e-06,-7.6131186688144226e-06,-8.088164577202406e-06,-8.118452569760848e-06
TEST_04.csv,카페테리아_샷 추가,-7.606082363054156e-06,-7.373231255769497e-06,-7.582940270367544e-06,-7.579332304885611e-06,-7.6131186688144226e-06,-8.088164577202406e-06,-8.118452569760848e-06
TEST_04.csv,카페테리아_수제 등심 돈까스,13.876853942871094,6.223796844482422,6.022128105163574,6.185402870178223,6.610743522644043,7.2404327392578125,12.519110679626465
TEST_04.csv,카페테리아_아메리카노(HOT),-5.170702934265137e-05,-0.0006427280604839325,-0.010208260267972946,-0.004290666431188583,-0.007703084498643875,-0.0042394474148750305,-0.0017465800046920776
TEST_04.csv,카페테리아_아메리카노(ICE),-0.00989559292793274,0.016905874013900757,-0.008025705814361572,0.00469169020652771,0.027160346508026123,0.008459597826004028,-0.00851699709892273
TEST_04.csv,카페테리아_약 고추장 돌솥비빔밥,11.424018859863281,9.505188941955566,9.758172988891602,9.556480407714844,10.481422424316406,14.061457633972168,12.920223236083984
TEST_04.csv,카페테리아_어린이 돈까스,4.591349124908447,0.14888715744018555,-0.19809865951538086,-0.11403751373291016,-0.20548295974731445,0.40837550163269043,3.8503403663635254
TEST_04.csv,카페테리아_오픈푸드,-0.0069230906665325165,-0.0065735504031181335,0.0007071942090988159,-0.004603583365678787,-0.004272032529115677,-0.013887029141187668,-0.004322480410337448
TEST_04.csv,카페테리아_진사골 설렁탕,-7.606082363054156e-06,-7.373231255769497e-06,-7.582940270367544e-06,-7.579332304885611e-06,-7.6131186688144226e-06,-8.088164577202406e-06,-8.118452569760848e-06
TEST_04.csv,카페테리아_짜장면,2.415344715118408,1.777822494506836,2.348421573638916,2.1563916206359863,1.5935778617858887,1.5815362930297852,2.899646282196045
TEST_04.csv,카페테리아_짜장밥,0.37479454278945923,0.25909173488616943,0.32372432947158813,0.3562626242637634,1.0390410423278809,0.6520206928253174,0.07312333583831787
TEST_04.csv,카페테리아_짬뽕,3.399362087249756,1.9107930660247803,1.5946524143218994,2.2715070247650146,1.9814414978027344,2.241154909133911,3.623101234436035
TEST_04.csv,카페테리아_짬뽕밥,2.247593879699707,1.4153283834457397,1.4398226737976074,2.1833243370056152,1.956841230392456,1.4659022092819214,2.7451813220977783
TEST_04.csv,카페테리아_치즈돈까스,4.372570514678955,1.5461187362670898,2.205557346343994,2.3463778495788574,2.8111681938171387,4.793584823608398,4.8942718505859375
TEST_04.csv,카페테리아_카페라떼(HOT),-7.606082363054156e-06,-7.373231255769497e-06,-7.582940270367544e-06,-7.579332304885611e-06,-7.6131186688144226e-06,-8.088164577202406e-06,-8.118452569760848e-06
TEST_04.csv,카페테리아_카페라떼(ICE),0.004168227314949036,0.0031255893409252167,0.0018916241824626923,-1.290440559387207e-05,0.005264636129140854,0.003742896020412445,0.00023335963487625122
TEST_04.csv,카페테리아_한상 삼겹구이 정식(2인) 소요시간 약 15~20분,4.1717095375061035,1.7505316734313965,1.7903599739074707,1.727525234222412,1.7286763191223145,2.0575828552246094,3.051975727081299
TEST_04.csv,포레스트릿_꼬치어묵,0.4288630485534668,0.37087249755859375,0.2561044692993164,0.17217636108398438,0.11269855499267578,0.0035066604614257812,0.17400884628295898
TEST_04.csv,포레스트릿_떡볶이,-0.08415937423706055,-0.08890438079833984,-0.08426713943481445,-0.3518223762512207,-0.3200039863586426,-0.32712268829345703,-0.29324865341186523
TEST_04.csv,포레스트릿_복숭아 아이스티,-7.606082363054156e-06,-7.373231255769497e-06,-7.582940270367544e-06,-7.579332304885611e-06,-7.6131186688144226e-06,-8.088164577202406e-06,-8.118452569760848e-06
TEST_04.csv,포레스트릿_생수,0.5837981700897217,0.20643305778503418,0.14310884475708008,-0.28081750869750977,0.00040268898010253906,0.22017312049865723,0.38126564025878906
TEST_04.csv,포레스트릿_스프라이트,-0.04102334380149841,-0.002376377582550049,-0.044602423906326294,-0.1008988618850708,-0.07710498571395874,-0.06279164552688599,-0.050980836153030396
TEST_04.csv,포레스트릿_아메리카노(HOT),0.07674789428710938,-0.009378433227539062,-0.10579919815063477,-0.058264732360839844,0.1036214828491211,-0.17269611358642578,-0.27985668182373047
TEST_04.csv,포레스트릿_아메리카노(ICE),0.4831113815307617,-0.32717037200927734,0.09381294250488281,0.23662757873535156,0.10648345947265625,0.06274127960205078,0.06667232513427734
TEST_04.csv,포레스트릿_치즈 핫도그,-0.11133861541748047,-0.09508657455444336,0.008234500885009766,-0.6627941131591797,-0.6731219291687012,-0.9360957145690918,-0.6924862861633301
TEST_04.csv,포레스트릿_카페라떼(HOT),0.012350797653198242,-0.0355381965637207,-0.0707089900970459,-0.03467893600463867,-0.018246173858642578,-0.12218642234802246,-0.06298470497131348
TEST_04.csv,포레스트릿_카페라떼(ICE),0.0009469985961914062,0.038956642150878906,-0.03147315979003906,-0.13257455825805664,-0.0025823116302490234,-0.021857261657714844,-0.13904142379760742
TEST_04.csv,포레스트릿_코카콜라,0.17987048625946045,0.1292499303817749,0.09950768947601318,-0.0021009445190429688,0.08347809314727783,0.07098424434661865,0.20834559202194214
TEST_04.csv,포레스트릿_페스츄리 소시지,-0.223527193069458,-0.23524713516235352,-0.4615049362182617,-0.5323624610900879,-0.41022467613220215,-0.42463159561157227,-0.31377434730529785
TEST_04.csv,화담숲주막_느린마을 막걸리,15.723220825195312,6.138336181640625,-1.0797500610351562,1.0854873657226562,0.9204940795898438,2.3491287231445312,8.044700622558594
TEST_04.csv,화담숲주막_단호박 식혜 ,-1.6336555480957031,-4.618389129638672,-9.06722640991211,-8.152244567871094,-6.741840362548828,-5.643058776855469,-7.050548553466797
TEST_04.csv,화담숲주막_병천순대,11.045833587646484,-1.2510757446289062,-5.501792907714844,-3.5051956176757812,-5.689918518066406,-5.335273742675781,-0.1897125244140625
TEST_04.csv,화담숲주막_스프라이트,7.18739128112793,-1.513833999633789,-1.6871318817138672,-1.8316974639892578,-2.541749954223633,-1.0684261322021484,2.2583999633789062
TEST_04.csv,화담숲주막_참살이 막걸리,0.6899185180664062,-2.22198486328125,-3.1750564575195312,0.3889617919921875,-0.81048583984375,-1.7664260864257812,-4.9493560791015625
TEST_04.csv,화담숲주막_찹쌀식혜,8.021263122558594,-4.956489562988281,-7.941963195800781,-6.702674865722656,-6.1403045654296875,-4.1842498779296875,6.641654968261719
TEST_04.csv,화담숲주막_콜라,8.314346313476562,-3.5631942749023438,-6.129753112792969,-5.74517822265625,-6.811275482177734,-5.065254211425781,1.2374992370605469
TEST_04.csv,화담숲주막_해물파전,25.499969482421875,-31.43768310546875,-38.291748046875,-24.03369140625,-46.010284423828125,-58.25152587890625,-34.06903076171875
TEST_04.csv,화담숲카페_메밀미숫가루,3.192230224609375,-5.510223388671875,-8.806129455566406,-7.5494232177734375,-7.461883544921875,-8.66552734375,-5.775978088378906
TEST_04.csv,화담숲카페_아메리카노 HOT,2.626220703125,-5.7511749267578125,-5.11181640625,-3.9233245849609375,-6.132164001464844,-9.213951110839844,-10.898109436035156
TEST_04.csv,화담숲카페_아메리카노 ICE,7.045463562011719,-4.1599884033203125,-8.210525512695312,-5.719535827636719,-3.2029876708984375,-0.24114227294921875,3.8501434326171875
TEST_04.csv,화담숲카페_카페라떼 ICE,3.3842344284057617,-0.20341110229492188,-2.29193115234375,-1.3191967010498047,-0.24362754821777344,1.4883232116699219,1.7018404006958008
TEST_04.csv,화담숲카페_현미뻥스크림,5.34661865234375,-6.7830657958984375,-11.847511291503906,-13.769088745117188,-11.712760925292969,-12.424491882324219,-7.304298400878906
TEST_05.csv,느티나무 셀프BBQ_1인 수저세트,2.0227108001708984,2.32843279838562,5.8734564781188965,5.804706573486328,1.241292953491211,1.7822742462158203,2.3074791431427
TEST_05.csv,느티나무 셀프BBQ_BBQ55(단체),-7.606082363054156e-06,-7.373231255769497e-06,-7.582940270367544e-06,-7.579332304885611e-06,-7.6131186688144226e-06,-8.088164577202406e-06,-8.118452569760848e-06
TEST_05.csv,"느티나무 셀프BBQ_대여료 30,000원",4.94723653793335,3.7815346717834473,4.607755184173584,3.004061222076416,3.203950881958008,2.5022125244140625,1.694922924041748
TEST_05.csv,"느티나무 셀프BBQ_대여료 60,000원",0.75899338722229,0.3962257206439972,0.24668169021606445,0.058720409870147705,1.355970859527588,1.8687689304351807,1.0163930654525757
TEST_05.csv,"느티나무 셀프BBQ_대여료 90,000원",0.11572563648223877,0.09418061375617981,0.096226766705513,0.09972837567329407,0.1318967640399933,0.1854953020811081,0.1678258180618286
TEST_05.csv,"느티나무 셀프BBQ_본삼겹 (단품,실내)",1.1481249332427979,2.233978509902954,5.05466365814209,1.5431373119354248,0.4324859380722046,0.46984219551086426,0.7140785455703735
TEST_05.csv,느티나무 셀프BBQ_스프라이트 (단체),-1.3045141696929932,-1.2879173755645752,-1.0209410190582275,-1.2491176128387451,-0.48019957542419434,1.4187145233154297,-0.29554104804992676
TEST_05.csv,느티나무 셀프BBQ_신라면,-7.606082363054156e-06,-7.373231255769497e-06,-7.582940270367544e-06,-7.579332304885611e-06,-7.6131186688144226e-06,-8.088164577202406e-06,-8.118452569760848e-06
TEST_05.csv,느티나무 셀프BBQ_쌈야채세트,0.7303879261016846,1.6542091369628906,4.601312637329102,1.4701459407806396,0.7946547269821167,1.771531105041504,1.6194109916687012
TEST_05.csv,느티나무 셀프BBQ_쌈장,0.0010027587413787842,0.01799718290567398,0.00968240201473236,0.01866256818175316,0.010211557149887085,-0.005904093384742737,0.02074792981147766
TEST_05.csv,느티나무 셀프BBQ_육개장 사발면,-0.03990103304386139,-0.014384746551513672,0.05279579758644104,-0.039208680391311646,0.04348248243331909,0.10054098069667816,0.005522370338439941
TEST_05.csv,느티나무 셀프BBQ_일회용 소주컵,-0.0388316810131073,-0.07333728671073914,-0.015538856387138367,0.4222232699394226,0.15553830564022064,-0.1059420108795166,-0.07029931247234344
TEST_05.csv,느티나무 셀프BBQ_일회용 종이컵,-7.606082363054156e-06,-7.373231255769497e-06,-7.582940270367544e-06,-7.579332304885611e-06,-7.6131186688144226e-06,-8.088164577202406e-06,-8.118452569760848e-06
TEST_05.csv,느티나무 셀프BBQ_잔디그늘집 대여료 (12인석),-7.606082363054156e-06,-7.373231255769497e-06,-7.582940270367544e-06,-7.579332304885611e-06,-7.6131186688144226e-06,-8.088164577202406e-06,-8.118452569760848e-06
TEST_05.csv,느티나무 셀프BBQ_잔디그늘집 대여료 (6인석),-7.606082363054156e-06,-7.373231255769497e-06,-7.582940270367544e-06,-7.579332304885611e-06,-7.6131186688144226e-06,-8.088164577202406e-06,-8.118452569760848e-06
TEST_05.csv,느티나무 셀프BBQ_잔디그늘집 의자 추가,-7.606082363054156e-06,-7.373231255769497e-06,-7.582940270367544e-06,-7.579332304885611e-06,-7.6131186688144226e-06,-8.088164577202406e-06,-8.118452569760848e-06
TEST_05.csv,느티나무 셀프BBQ_참이슬 (단체),-3.3677473068237305,-3.2164220809936523,-2.0374250411987305,-2.674363136291504,-0.7468900680541992,3.8666529655456543,-0.9087495803833008
TEST_05.csv,느티나무 셀프BBQ_친환경 접시 14cm,0.510416567325592,0.6571548581123352,0.42433595657348633,0.6453271508216858,0.09525582194328308,0.17667120695114136,0.12454316020011902
TEST_05.csv,느티나무 셀프BBQ_친환경 접시 23cm,0.13195635378360748,0.2158195674419403,0.07294604182243347,0.04206269979476929,-0.024675339460372925,0.0019235014915466309,-0.02696174383163452
TEST_05.csv,느티나무 셀프BBQ_카스 병(단체),-0.5908308029174805,-1.0199298858642578,-0.5979032516479492,-0.8648738861083984,0.1568288803100586,3.77963924407959,0.8053698539733887
TEST_05.csv,느티나무 셀프BBQ_콜라 (단체),-0.9252889156341553,-1.2447950839996338,-1.1463534832000732,-1.2437293529510498,-0.6451246738433838,2.023946762084961,0.02733898162841797
TEST_05.csv,느티나무 셀프BBQ_햇반,1.0052261352539062,0.25938546657562256,0.42354851961135864,0.1549321413040161,0.20076870918273926,0.3835420608520508,0.34644317626953125
TEST_05.csv,느티나무 셀프BBQ_허브솔트,0.01718708872795105,0.03908491134643555,0.011648431420326233,0.05012112855911255,0.005873098969459534,0.046511754393577576,0.009067997336387634
TEST_05.csv,담하_(단체) 공깃밥,-0.27934300899505615,-0.14749431610107422,-0.1663200855255127,-0.10779345035552979,0.1390971541404724,0.23062628507614136,0.22541695833206177
TEST_05.csv,담하_(단체) 생목살 김치전골 2.0,-0.45507049560546875,0.3503141403198242,-0.2767353057861328,-0.07380533218383789,-0.15688562393188477,-0.9190349578857422,-0.9978976249694824
TEST_05.csv,담하_(단체) 은이버섯 갈비탕,0.40802001953125,0.12858819961547852,0.8753681182861328,0.9552712440490723,1.5118961334228516,0.20055770874023438,-0.39150476455688477
TEST_05.csv,담하_(단체) 한우 우거지 국밥,0.025278091430664062,0.8224866390228271,1.0912609100341797,1.354243516921997,0.7442836761474609,1.7358148097991943,1.217667579650879
TEST_05.csv,담하_(단체) 황태해장국 3/27까지,4.639052391052246,1.1844501495361328,0.8046131134033203,4.230945587158203,12.792353630065918,31.818767547607422,18.949697494506836
TEST_05.csv,담하_(정식) 된장찌개,8.672365188598633,12.843432426452637,11.608369827270508,11.823004722595215,11.346731185913086,10.976287841796875,12.347892761230469
TEST_05.csv,담하_(정식) 물냉면 ,2.429351806640625,1.9881263971328735,2.4012670516967773,2.799713134765625,2.9094786643981934,1.4146934747695923,2.352403163909912
TEST_05.csv,담하_(정식) 비빔냉면,3.482436180114746,1.7911630868911743,1.8814764022827148,2.297384738922119,2.0319583415985107,3.0711729526519775,5.269639015197754
TEST_05.csv,담하_(후식) 된장찌개,2.3782784938812256,2.7481906414031982,3.7045657634735107,2.559756278991699,3.1931471824645996,1.9598743915557861,3.183849334716797
TEST_05.csv,담하_(후식) 물냉면,1.1273438930511475,1.5380181074142456,2.924799919128418,3.8558273315429688,3.036095142364502,1.554269552230835,1.9614741802215576
TEST_05.csv,담하_(후식) 비빔냉면,1.708007574081421,1.138188123703003,0.8720964789390564,1.5401254892349243,1.7043976783752441,0.826301097869873,1.481724739074707
TEST_05.csv,담하_갑오징어 비빔밥,-7.606082363054156e-06,-7.373231255769497e-06,-7.582940270367544e-06,-7.579332304885611e-06,-7.6131186688144226e-06,-8.088164577202406e-06,-8.118452569760848e-06
TEST_05.csv,담하_갱시기,1.4539403915405273,1.9213626384735107,1.3783977031707764,2.644692897796631,2.573798179626465,1.4530621767044067,2.4809210300445557
TEST_05.csv,담하_공깃밥,38.82343292236328,40.13835144042969,48.17797088623047,30.17512321472168,42.56249237060547,25.61174201965332,42.31209182739258
TEST_05.csv,담하_꼬막 비빔밥,5.984933376312256,4.453398704528809,7.918356895446777,3.34904146194458,4.997142791748047,4.996102333068848,5.145467758178711
TEST_05.csv,담하_느린마을 막걸리,1.348406434059143,1.8973920345306396,1.8324166536331177,0.9746403098106384,1.0399627685546875,1.09002685546875,0.8510022163391113
TEST_05.csv,담하_담하 한우 불고기,19.632648468017578,22.45824432373047,30.799251556396484,18.28694725036621,23.980398178100586,19.153705596923828,26.176759719848633
TEST_05.csv,담하_담하 한우 불고기 정식,13.27183723449707,17.096477508544922,15.81428337097168,16.180673599243164,16.31806755065918,16.962331771850586,21.170764923095703
TEST_05.csv,담하_더덕 한우 지짐,0.714375376701355,0.9329772591590881,0.9441971778869629,0.949852705001831,0.9792226552963257,0.8485120534896851,0.6596553325653076
TEST_05.csv,담하_들깨 양지탕,-7.606082363054156e-06,-7.373231255769497e-06,-7.582940270367544e-06,-7.579332304885611e-06,-7.6131186688144226e-06,-8.088164577202406e-06,-8.118452569760848e-06
TEST_05.csv,담하_라면사리,0.2782732844352722,0.02707141637802124,0.03951963782310486,0.10597464442253113,0.15071728825569153,0.12623679637908936,0.26037198305130005
TEST_05.csv,담하_룸 이용료,0.08369356393814087,0.14670982956886292,0.27410250902175903,0.24174964427947998,0.2866746485233307,0.25520625710487366,0.08254927396774292
TEST_05.csv,담하_메밀면 사리,1.943023443222046,2.733637571334839,1.399850845336914,2.52097225189209,1.2084195613861084,1.4131550788879395,1.5315160751342773
TEST_05.csv,담하_명인안동소주,0.18553391098976135,0.03777691721916199,0.12063640356063843,-0.090087890625,-0.10424214601516724,-0.11558479070663452,0.08981043100357056
TEST_05.csv,담하_명태회 비빔냉면,2.0644164085388184,2.3126721382141113,0.9938854575157166,1.492814540863037,1.7806414365768433,2.8044791221618652,2.948049306869507
TEST_05.csv,담하_문막 복분자 칵테일,0.26454800367355347,0.22469055652618408,0.5212814807891846,0.30344855785369873,0.5055161714553833,0.9876225590705872,0.7743009924888611
TEST_05.csv,담하_봉평메밀 물냉면,4.657430648803711,2.9893925189971924,2.4748220443725586,2.967991590499878,2.9119210243225098,5.263264179229736,3.6856720447540283
TEST_05.csv,담하_생목살 김치찌개,22.540143966674805,24.366561889648438,19.625829696655273,16.923643112182617,19.133377075195312,16.744789123535156,16.087949752807617
TEST_05.csv,담하_스프라이트,1.4162335395812988,2.093209981918335,2.1747565269470215,1.4536778926849365,0.8848481178283691,0.7912165522575378,0.6711540818214417
TEST_05.csv,담하_은이버섯 갈비탕,9.199003219604492,5.996874809265137,8.180395126342773,6.651601314544678,5.837321758270264,6.992637634277344,6.233356475830078
TEST_05.csv,담하_제로콜라,1.8762669563293457,0.7424366474151611,0.42076772451400757,1.1020987033843994,1.144507884979248,0.6563416719436646,1.329012393951416
TEST_05.csv,담하_참이슬,0.8555711507797241,0.8959406614303589,0.7799243927001953,1.0649324655532837,1.0640218257904053,1.9954702854156494,2.477365732192993
TEST_05.csv,담하_처음처럼,0.15952345728874207,0.22834739089012146,0.19303911924362183,0.16607573628425598,0.08340245485305786,0.22081303596496582,0.4443167448043823
TEST_05.csv,담하_카스,0.6180533766746521,0.6913942098617554,0.511072039604187,0.46830642223358154,0.49205899238586426,0.4479842185974121,0.7788437604904175
TEST_05.csv,담하_콜라,1.3683128356933594,1.6529946327209473,2.7400736808776855,2.295863151550293,1.304077386856079,0.943266749382019,0.981621265411377
TEST_05.csv,담하_테라,0.18347591161727905,0.35390257835388184,0.5867431163787842,0.6491533517837524,0.5027526617050171,0.47547850012779236,0.4413820803165436
TEST_05.csv,담하_하동 매실 칵테일,1.0298994779586792,0.8753372430801392,0.4741665720939636,1.1462433338165283,1.4716157913208008,-0.15632593631744385,0.4643430709838867
TEST_05.csv,담하_한우 떡갈비 정식,25.07925796508789,20.15386962890625,18.38284683227539,23.606334686279297,21.797500610351562,30.73583221435547,23.61827850341797
TEST_05.csv,담하_한우 미역국 정식,11.630910873413086,5.108811378479004,5.392370223999023,8.367023468017578,8.39937973022461,5.0408759117126465,11.425262451171875
TEST_05.csv,담하_한우 우거지 국밥,5.681188583374023,3.2185661792755127,2.8169589042663574,4.811943054199219,5.0041046142578125,2.4023313522338867,6.624713897705078
TEST_05.csv,담하_한우 차돌박이 된장찌개,14.52631664276123,13.138093948364258,13.850944519042969,17.23310089111328,13.261964797973633,14.027542114257812,10.79454517364502
TEST_05.csv,담하_황태해장국,5.693489074707031,2.9363694190979004,3.0499470233917236,3.5198874473571777,3.0350122451782227,2.1080892086029053,4.048598289489746
TEST_05.csv,라그로타_AUS (200g),0.713732123374939,0.7331085801124573,1.137885570526123,0.8549565672874451,1.0510070323944092,1.5029664039611816,0.6227374076843262
TEST_05.csv,라그로타_G-Charge(3),0.17683973908424377,0.2294982373714447,0.24699237942695618,0.21228066086769104,0.45415037870407104,0.9708765745162964,0.33733096718788147
TEST_05.csv,라그로타_Gls.Sileni,1.383779525756836,0.6126077771186829,1.1660946607589722,1.8067634105682373,1.1961524486541748,0.5989185571670532,0.1443009376525879
TEST_05.csv,라그로타_Gls.미션 서드,4.863195419311523,1.3258082866668701,3.3352396488189697,4.431731224060059,4.320758819580078,2.0049517154693604,7.1048784255981445
TEST_05.csv,라그로타_Open Food,0.5609130859375,0.8319554328918457,0.6525833606719971,1.396505355834961,1.0014543533325195,1.2161142826080322,0.8010640144348145
TEST_05.csv,라그로타_그릴드 비프 샐러드,1.4390487670898438,1.249398112297058,3.3838272094726562,3.6392388343811035,0.9983434677124023,1.4152166843414307,1.4685336351394653
TEST_05.csv,라그로타_까르보나라,2.695570707321167,0.6769422292709351,1.38127863407135,1.6665019989013672,1.4955275058746338,1.2195940017700195,1.8410100936889648
TEST_05.csv,라그로타_모둠 해산물 플래터,0.6357257962226868,0.034124672412872314,0.007189810276031494,0.07851144671440125,0.18684369325637817,0.4026949107646942,0.7315824627876282
TEST_05.csv,라그로타_미션 서드 카베르네 쉬라,0.31877899169921875,0.19479501247406006,1.2871263027191162,1.8113504648208618,1.1506237983703613,0.3297896385192871,0.20037221908569336
TEST_05.csv,라그로타_버섯 크림 리조또,1.868532657623291,1.7358498573303223,4.342042446136475,4.46584939956665,1.1770086288452148,2.0245676040649414,2.097186326980591
TEST_05.csv,라그로타_빵 추가 (1인),2.2427284717559814,1.1192398071289062,0.32476115226745605,0.20464980602264404,0.4917142987251282,0.6346452236175537,0.974829375743866
TEST_05.csv,라그로타_스프라이트,0.6579696536064148,0.5975642204284668,0.5807842016220093,0.5166699290275574,0.39596062898635864,0.6600201725959778,0.9746657609939575
TEST_05.csv,라그로타_시저 샐러드 ,1.8515357971191406,0.475619912147522,0.7372309565544128,0.7401314377784729,0.642208993434906,0.817573606967926,1.789311408996582
TEST_05.csv,라그로타_아메리카노,0.5946705341339111,0.11862516403198242,0.6434536576271057,0.7524462938308716,0.26796603202819824,0.11598098278045654,0.922457218170166
TEST_05.csv,라그로타_알리오 에 올리오 ,1.9888346195220947,1.9122754335403442,2.4528493881225586,2.4453418254852295,2.1087677478790283,2.362522602081299,2.1472249031066895
TEST_05.csv,라그로타_양갈비 (4ps),2.461212635040283,0.07802581787109375,1.5685133934020996,1.525672197341919,1.0146174430847168,1.4667539596557617,2.3341870307922363
TEST_05.csv,라그로타_자몽리치에이드,0.6862738132476807,0.8097957372665405,2.1369457244873047,1.4374356269836426,1.032050371170044,0.9638679623603821,0.8326452374458313
TEST_05.csv,라그로타_제로콜라,0.6895230412483215,0.5085493326187134,0.6035822033882141,0.6196337938308716,0.7968544363975525,0.8552182912826538,0.7332923412322998
TEST_05.csv,라그로타_카스,0.33023446798324585,0.2367953062057495,0.45426785945892334,0.5661751627922058,0.12990784645080566,0.21206307411193848,1.0777788162231445
TEST_05.csv,라그로타_콜라,1.7448976039886475,1.491978645324707,1.9337979555130005,1.3888425827026367,1.9101500511169434,1.5322784185409546,1.4375412464141846
TEST_05.csv,라그로타_하이네켄(생),3.983598470687866,1.1128398180007935,2.474830150604248,2.2265400886535645,2.014545440673828,2.8971071243286133,7.085948944091797
TEST_05.csv,라그로타_한우 (200g),2.423011541366577,1.1692960262298584,1.116713047027588,1.0293831825256348,1.4951878786087036,1.2568049430847168,3.5305192470550537
TEST_05.csv,라그로타_해산물 토마토 리조또,1.1616909503936768,0.6004732847213745,1.778420329093933,1.3364465236663818,0.5792014598846436,0.7584783434867859,1.3193602561950684
TEST_05.csv,라그로타_해산물 토마토 스튜 파스타,2.670006275177002,1.8320165872573853,2.347181797027588,2.292492628097534,2.2640116214752197,2.3297629356384277,3.763119697570801
TEST_05.csv,라그로타_해산물 토마토 스파게티,2.893343925476074,2.9464643001556396,3.3305044174194336,3.1832194328308105,2.6606321334838867,2.8357675075531006,2.899278163909912
TEST_05.csv,"미라시아_(단체)브런치주중 36,000",-2.5139598846435547,-1.6685676574707031,-0.27083778381347656,1.1149711608886719,6.924217224121094,5.645237922668457,-1.9097023010253906
TEST_05.csv,미라시아_(오븐) 하와이안 쉬림프 피자,1.5269922018051147,0.415954053401947,0.8639450669288635,0.8440002202987671,0.526134192943573,0.9332350492477417,2.495663642883301
TEST_05.csv,미라시아_(화덕) 불고기 페퍼로니 반반피자,3.275974988937378,2.360269069671631,2.878706216812134,2.6429948806762695,2.809774160385132,2.413435697555542,3.544990301132202
TEST_05.csv,미라시아_BBQ Platter,6.365181922912598,5.814441204071045,4.932125091552734,5.163575649261475,4.255308628082275,4.706000328063965,5.55133581161499
TEST_05.csv,미라시아_BBQ 고기추가,0.3329823315143585,0.026184558868408203,-0.016284197568893433,0.027831554412841797,-0.0458109974861145,0.2431861311197281,0.969727635383606
TEST_05.csv,미라시아_공깃밥,0.058678269386291504,0.44320327043533325,0.31642699241638184,0.20052659511566162,0.05702686309814453,0.13096868991851807,-0.08847272396087646
TEST_05.csv,미라시아_글라스와인 (레드),0.20075476169586182,0.23446959257125854,0.7580555081367493,0.788803219795227,-0.06870788335800171,0.18543773889541626,-0.00032073259353637695
TEST_05.csv,미라시아_레인보우칵테일(알코올),0.5616390705108643,0.23494404554367065,0.07721173763275146,-0.00247231125831604,0.027435481548309326,0.06884053349494934,0.1411387175321579
TEST_05.csv,미라시아_미라시아 브런치 (패키지),6.682284355163574,4.954050064086914,2.6739468574523926,4.337386131286621,4.347564697265625,3.021235942840576,1.8187999725341797
TEST_05.csv,미라시아_버드와이저(무제한),8.498620986938477,3.6703991889953613,4.668431282043457,4.399866104125977,4.8557963371276855,5.681485176086426,4.370433807373047
TEST_05.csv,미라시아_보일링 랍스타 플래터,2.624046564102173,2.2360968589782715,2.879026412963867,2.849580764770508,2.526930809020996,3.6869618892669678,3.944206714630127
TEST_05.csv,미라시아_보일링 랍스타 플래터(덜매운맛),0.592880368232727,0.46467769145965576,1.2323722839355469,2.3681750297546387,1.1025505065917969,0.27853983640670776,0.1865357756614685
TEST_05.csv,미라시아_브런치 2인 패키지 ,0.4168795943260193,0.34470468759536743,0.40249043703079224,0.31400972604751587,0.3311479091644287,0.1969231367111206,0.31710630655288696
TEST_05.csv,미라시아_브런치 4인 패키지 ,-7.606082363054156e-06,-7.373231255769497e-06,-7.582940270367544e-06,-7.579332304885611e-06,-7.6131186688144226e-06,-8.088164577202406e-06,-8.118452569760848e-06
TEST_05.csv,미라시아_브런치(대인) 주말,114.14522552490234,-4.363742828369141,1.4355659484863281,4.969440460205078,8.869670867919922,1.1058082580566406,134.2217559814453
TEST_05.csv,미라시아_브런치(대인) 주중,-6.590305328369141,90.75604248046875,65.94436645507812,14.781291961669922,69.06757354736328,41.81879425048828,-9.38010025024414
TEST_05.csv,미라시아_브런치(어린이),51.0477294921875,38.96074295043945,28.693811416625977,33.252960205078125,43.63806915283203,42.47685623168945,52.063377380371094
TEST_05.csv,미라시아_쉬림프 투움바 파스타,3.9307026863098145,2.2362093925476074,3.242238998413086,2.5871245861053467,2.943359375,2.756105899810791,3.9265365600585938
TEST_05.csv,미라시아_스텔라(무제한),4.819849967956543,4.039617538452148,4.11461877822876,2.131230115890503,2.748941421508789,2.5523178577423096,4.513216018676758
TEST_05.csv,미라시아_스프라이트,1.5277044773101807,0.8362005949020386,0.3495635390281677,0.4606853127479553,0.6991608142852783,1.0393344163894653,1.4039232730865479
TEST_05.csv,미라시아_애플망고 에이드,5.2410478591918945,5.3942084312438965,6.867737770080566,4.141304969787598,2.6587491035461426,2.8447775840759277,3.66621732711792
TEST_05.csv,미라시아_얼그레이 하이볼,0.09341320395469666,-0.08378666639328003,-0.031733930110931396,-0.0579606294631958,0.0069946348667144775,0.020655691623687744,0.1717531532049179
TEST_05.csv,미라시아_오븐구이 윙과 킬바사소세지,1.2386826276779175,1.2717535495758057,1.7184243202209473,1.6290345191955566,1.651080846786499,1.469533085823059,1.6644232273101807
TEST_05.csv,미라시아_유자 하이볼,0.24033784866333008,0.05108262598514557,0.011494815349578857,-0.002979367971420288,0.06708559393882751,0.001684337854385376,0.032319605350494385
TEST_05.csv,미라시아_잭 애플 토닉,0.8472703695297241,0.5571006536483765,0.30615413188934326,0.24805216491222382,0.045543551445007324,0.11846992373466492,-0.034084320068359375
TEST_05.csv,미라시아_칠리 치즈 프라이,0.45690327882766724,0.9543065428733826,0.4700990319252014,0.3841139078140259,0.42505723237991333,0.5631878972053528,0.19339215755462646
TEST_05.csv,미라시아_코카콜라,1.9866154193878174,1.7398905754089355,1.267514944076538,1.5746946334838867,1.501405954360962,1.5023255348205566,1.0027180910110474
TEST_05.csv,미라시아_코카콜라(제로),0.5353137254714966,0.9821990132331848,0.7649517059326172,0.8450106382369995,0.7943219542503357,0.6919950842857361,0.6674683690071106
TEST_05.csv,미라시아_콥 샐러드,2.1027307510375977,2.3666553497314453,3.0568578243255615,3.667189121246338,4.126285076141357,3.179117202758789,2.83062744140625
TEST_05.csv,미라시아_파스타면 추가(150g),1.1735223531723022,0.9161004424095154,1.1523473262786865,0.7985635995864868,0.9724101424217224,0.7537947297096252,0.9172793626785278
TEST_05.csv,미라시아_핑크레몬에이드,0.25788217782974243,0.5546492338180542,1.233048677444458,0.4406278133392334,0.4561578035354614,0.6135647296905518,0.6469568014144897
TEST_05.csv,연회장_Cass Beer,-0.7529087066650391,-1.1683902740478516,-0.9991588592529297,0.3270845413208008,6.978493690490723,3.3789916038513184,-0.7285375595092773
TEST_05.csv,연회장_Conference L1,-0.0656796395778656,-0.032486692070961,-0.042522698640823364,-0.03212256729602814,0.05239832401275635,0.13096824288368225,0.003522157669067383
TEST_05.csv,연회장_Conference L2,-0.016047857701778412,0.002479240298271179,-0.009922042489051819,0.0006366372108459473,0.0321342796087265,0.01791609823703766,-0.010341480374336243
TEST_05.csv,연회장_Conference L3,-0.003313720226287842,0.006630569696426392,-0.01182672381401062,0.0017178207635879517,0.004742100834846497,0.0008019059896469116,-0.003911182284355164
TEST_05.csv,연회장_Conference M1,-0.05326208472251892,0.031618326902389526,-0.010028213262557983,0.0737091451883316,0.19882771372795105,0.21491499245166779,-0.04063713550567627
TEST_05.csv,연회장_Conference M8,-0.03194016218185425,-0.010460883378982544,0.020878881216049194,0.03747338056564331,0.021262332797050476,-0.009570062160491943,-0.02391675114631653
TEST_05.csv,연회장_Conference M9,-0.055556535720825195,-0.03156089782714844,0.042401134967803955,0.070440873503685,0.020369797945022583,0.10797935724258423,0.02862781286239624
TEST_05.csv,연회장_Convention Hall,-0.016169913113117218,-0.005911514163017273,-0.013161040842533112,-0.021293960511684418,0.016155436635017395,-0.010103322565555573,-0.011448018252849579
TEST_05.csv,연회장_Cookie Platter,-0.20014631748199463,0.0839087963104248,0.08563196659088135,1.015113115310669,2.9715774059295654,0.9867981672286987,-0.3223104476928711
TEST_05.csv,연회장_Grand Ballroom,0.03183445334434509,0.10800755023956299,0.06291908025741577,-0.004303336143493652,-0.015259258449077606,-0.018944427371025085,-0.02183721959590912
TEST_05.csv,연회장_OPUS 2,-0.023021936416625977,-0.013861462473869324,0.018627330660820007,0.015579521656036377,0.052217885851860046,0.01470203697681427,-0.003653600811958313
TEST_05.csv,연회장_Regular Coffee,0.6455764770507812,2.4304676055908203,4.69464111328125,13.533777236938477,23.164255142211914,9.165420532226562,-0.7322883605957031
TEST_05.csv,연회장_골뱅이무침,5.022276401519775,4.317716121673584,3.2763688564300537,3.321566343307495,2.2813336849212646,4.491311550140381,5.414870262145996
TEST_05.csv,연회장_공깃밥,1.5459409952163696,0.5345616340637207,0.44416069984436035,0.7970167398452759,0.7488589286804199,1.207362174987793,2.444559097290039
TEST_05.csv,연회장_돈목살 김치찌개 (밥포함),1.962570071220398,1.4295654296875,1.7642669677734375,2.5406551361083984,2.5933079719543457,3.536468982696533,3.017505645751953
TEST_05.csv,연회장_로제 치즈떡볶이,1.8983060121536255,1.600911021232605,0.7485024333000183,1.9036672115325928,1.83438241481781,2.7187790870666504,2.2849392890930176
TEST_05.csv,연회장_마라샹궈,1.3571405410766602,0.6861799359321594,0.5914220809936523,0.8410921096801758,0.3891226649284363,0.9071565866470337,1.2299742698669434
TEST_05.csv,연회장_매콤 무뼈닭발&계란찜,1.3045052289962769,0.7635310888290405,0.6510518789291382,0.5454907417297363,0.8329513072967529,1.910465121269226,3.5770621299743652
TEST_05.csv,연회장_모둠 돈육구이(3인),8.469499588012695,5.455818176269531,6.528299808502197,4.862834930419922,5.89488410949707,6.230405330657959,7.498054504394531
TEST_05.csv,연회장_삼겹살추가 (200g),1.1090458631515503,0.5205117464065552,0.7534524202346802,0.8848481178283691,0.4672517776489258,0.8966085314750671,0.6345521211624146
TEST_05.csv,연회장_야채추가,0.7209081053733826,0.3038235306739807,0.3580315113067627,0.2999655604362488,0.24266785383224487,0.14114993810653687,0.5966845750808716
TEST_05.csv,연회장_왕갈비치킨,1.437583088874817,1.5355377197265625,1.3004399538040161,2.407489776611328,1.4414677619934082,2.241946220397949,3.4337010383605957
TEST_05.csv,연회장_주먹밥 (2ea),0.31155925989151,1.4476354122161865,2.1135101318359375,0.5064193606376648,0.6896795630455017,2.432112216949463,2.866672992706299
TEST_05.csv,카페테리아_공깃밥(추가),46.93320846557617,53.34918212890625,48.242164611816406,41.552669525146484,43.77634048461914,47.1364860534668,44.4889030456543
TEST_05.csv,카페테리아_구슬아이스크림,26.409603118896484,39.818050384521484,33.5855712890625,29.545656204223633,37.93846893310547,35.98090362548828,38.11510467529297
TEST_05.csv,카페테리아_단체식 13000(신),-3.9731855392456055,0.9439611434936523,-0.7656679153442383,-0.7779560089111328,2.135025978088379,9.557025909423828,1.0364913940429688
TEST_05.csv,카페테리아_단체식 18000(신),1.4236440658569336,0.3893013000488281,4.72598934173584,2.9904346466064453,3.0597639083862305,1.1238679885864258,0.48735618591308594
TEST_05.csv,카페테리아_돼지고기 김치찌개,58.411476135253906,57.488460540771484,57.55717849731445,34.65039825439453,46.46250915527344,37.44887924194336,37.899288177490234
TEST_05.csv,카페테리아_복숭아 아이스티,51.9372444152832,49.76554870605469,42.855430603027344,28.831748962402344,36.09204864501953,25.799650192260742,43.47370147705078
TEST_05.csv,카페테리아_새우 볶음밥,41.640872955322266,48.87102127075195,39.54557418823242,32.24826431274414,40.85231018066406,35.64961624145508,47.23889923095703
TEST_05.csv,카페테리아_새우튀김 우동,-7.606082363054156e-06,-7.373231255769497e-06,-7.582940270367544e-06,-7.579332304885611e-06,-7.6131186688144226e-06,-8.088164577202406e-06,-8.118452569760848e-06
TEST_05.csv,카페테리아_샷 추가,5.052335739135742,1.9740283489227295,3.9759254455566406,4.1106767654418945,4.110877513885498,3.8598217964172363,3.3836798667907715
TEST_05.csv,카페테리아_수제 등심 돈까스,151.71482849121094,202.03677368164062,150.8582000732422,147.5457305908203,168.41856384277344,160.53753662109375,221.90972900390625
TEST_05.csv,카페테리아_아메리카노(HOT),91.63067626953125,88.7337875366211,97.87553405761719,68.2137222290039,97.80680084228516,96.1209716796875,139.95071411132812
TEST_05.csv,카페테리아_아메리카노(ICE),90.48365783691406,104.66883850097656,82.69502258300781,74.34388732910156,78.54190826416016,79.95551300048828,123.50346374511719
TEST_05.csv,카페테리아_약 고추장 돌솥비빔밥,61.22806930541992,74.2686767578125,52.3689079284668,52.12203598022461,55.08164596557617,45.71393966674805,61.3146858215332
TEST_05.csv,카페테리아_어린이 돈까스,25.13089942932129,25.03293800354004,20.169477462768555,18.420080184936523,25.377042770385742,19.334728240966797,28.31727409362793
TEST_05.csv,카페테리아_오픈푸드,1.895249366760254,1.8979358673095703,1.7796165943145752,1.7400290966033936,1.5956056118011475,1.696944236755371,1.7421436309814453
TEST_05.csv,카페테리아_진사골 설렁탕,54.33879470825195,60.92964172363281,65.13001251220703,51.57016372680664,47.297969818115234,47.78125762939453,52.938682556152344
TEST_05.csv,카페테리아_짜장면,48.828468322753906,61.85613250732422,41.778926849365234,39.247745513916016,46.61635208129883,38.327571868896484,54.85143280029297
TEST_05.csv,카페테리아_짜장밥,4.053131103515625,7.082579612731934,4.922069549560547,5.471594333648682,4.015177249908447,5.193167209625244,4.653300762176514
TEST_05.csv,카페테리아_짬뽕,34.24477767944336,43.80461883544922,41.81920623779297,34.598201751708984,41.286495208740234,43.044349670410156,50.1541633605957
TEST_05.csv,카페테리아_짬뽕밥,14.501927375793457,20.14400291442871,16.679885864257812,17.848403930664062,22.146554946899414,23.511402130126953,22.733131408691406
TEST_05.csv,카페테리아_치즈돈까스,88.73005676269531,101.48678588867188,74.47038269042969,55.170677185058594,70.48265838623047,61.667633056640625,93.80844116210938
TEST_05.csv,카페테리아_카페라떼(HOT),63.317928314208984,60.505550384521484,63.11564636230469,48.16965103149414,61.374725341796875,79.71347045898438,105.80633544921875
TEST_05.csv,카페테리아_카페라떼(ICE),22.871103286743164,21.62282943725586,18.449275970458984,15.977001190185547,15.782405853271484,16.047876358032227,23.26198959350586
TEST_05.csv,카페테리아_한상 삼겹구이 정식(2인) 소요시간 약 15~20분,-7.606082363054156e-06,-7.373231255769497e-06,-7.582940270367544e-06,-7.579332304885611e-06,-7.6131186688144226e-06,-8.088164577202406e-06,-8.118452569760848e-06
TEST_05.csv,포레스트릿_꼬치어묵,360.0367736816406,433.572509765625,420.71942138671875,325.912353515625,424.60089111328125,449.135009765625,502.09710693359375
TEST_05.csv,포레스트릿_떡볶이,225.0742645263672,270.78778076171875,246.06240844726562,197.89141845703125,218.710205078125,207.70913696289062,252.7229461669922
TEST_05.csv,포레스트릿_복숭아 아이스티,71.34478759765625,74.33384704589844,58.313026428222656,51.19287872314453,53.3446159362793,42.08195495605469,75.48994445800781
TEST_05.csv,포레스트릿_생수,256.39068603515625,309.49847412109375,238.90737915039062,205.78646850585938,223.34695434570312,197.3450927734375,295.817626953125
TEST_05.csv,포레스트릿_스프라이트,38.42359161376953,34.66831970214844,31.805801391601562,27.134559631347656,27.54374122619629,26.295085906982422,37.541072845458984
TEST_05.csv,포레스트릿_아메리카노(HOT),72.38785552978516,75.7039566040039,75.36187744140625,65.36705017089844,74.081787109375,84.77767181396484,75.72676086425781
TEST_05.csv,포레스트릿_아메리카노(ICE),70.6812744140625,73.71186065673828,71.04145050048828,64.95336151123047,64.61598205566406,60.4027099609375,83.98014831542969
TEST_05.csv,포레스트릿_치즈 핫도그,147.186767578125,195.20547485351562,163.91799926757812,128.91671752929688,139.93075561523438,137.03221130371094,193.20962524414062
TEST_05.csv,포레스트릿_카페라떼(HOT),53.82452392578125,60.43084716796875,56.12086486816406,41.463417053222656,48.748050689697266,46.98828887939453,47.88653564453125
TEST_05.csv,포레스트릿_카페라떼(ICE),10.014228820800781,14.908979415893555,9.86050033569336,9.162376403808594,7.1417436599731445,6.6318464279174805,7.840141296386719
TEST_05.csv,포레스트릿_코카콜라,99.03341674804688,117.3309326171875,88.78753662109375,77.68695831298828,71.77851104736328,73.9315185546875,111.14012908935547
TEST_05.csv,포레스트릿_페스츄리 소시지,66.35738372802734,74.26483917236328,75.40434265136719,58.3424072265625,71.12409973144531,64.02044677734375,79.49040222167969
TEST_05.csv,화담숲주막_느린마을 막걸리,-7.606082363054156e-06,-7.373231255769497e-06,-7.582940270367544e-06,-7.579332304885611e-06,-7.6131186688144226e-06,-8.088164577202406e-06,-8.118452569760848e-06
TEST_05.csv,화담숲주막_단호박 식혜 ,-7.606082363054156e-06,-7.373231255769497e-06,-7.582940270367544e-06,-7.579332304885611e-06,-7.6131186688144226e-06,-8.088164577202406e-06,-8.118452569760848e-06
TEST_05.csv,화담숲주막_병천순대,-7.606082363054156e-06,-7.373231255769497e-06,-7.582940270367544e-06,-7.579332304885611e-06,-7.6131186688144226e-06,-8.088164577202406e-06,-8.118452569760848e-06
TEST_05.csv,화담숲주막_스프라이트,-7.606082363054156e-06,-7.373231255769497e-06,-7.582940270367544e-06,-7.579332304885611e-06,-7.6131186688144226e-06,-8.088164577202406e-06,-8.118452569760848e-06
TEST_05.csv,화담숲주막_참살이 막걸리,-7.606082363054156e-06,-7.373231255769497e-06,-7.582940270367544e-06,-7.579332304885611e-06,-7.6131186688144226e-06,-8.088164577202406e-06,-8.118452569760848e-06
TEST_05.csv,화담숲주막_찹쌀식혜,-7.606082363054156e-06,-7.373231255769497e-06,-7.582940270367544e-06,-7.579332304885611e-06,-7.6131186688144226e-06,-8.088164577202406e-06,-8.118452569760848e-06
TEST_05.csv,화담숲주막_콜라,-7.606082363054156e-06,-7.373231255769497e-06,-7.582940270367544e-06,-7.579332304885611e-06,-7.6131186688144226e-06,-8.088164577202406e-06,-8.118452569760848e-06
TEST_05.csv,화담숲주막_해물파전,-7.606082363054156e-06,-7.373231255769497e-06,-7.582940270367544e-06,-7.579332304885611e-06,-7.6131186688144226e-06,-8.088164577202406e-06,-8.118452569760848e-06
TEST_05.csv,화담숲카페_메밀미숫가루,-7.606082363054156e-06,-7.373231255769497e-06,-7.582940270367544e-06,-7.579332304885611e-06,-7.6131186688144226e-06,-8.088164577202406e-06,-8.118452569760848e-06
TEST_05.csv,화담숲카페_아메리카노 HOT,-7.606082363054156e-06,-7.373231255769497e-06,-7.582940270367544e-06,-7.579332304885611e-06,-7.6131186688144226e-06,-8.088164577202406e-06,-8.118452569760848e-06
TEST_05.csv,화담숲카페_아메리카노 ICE,-7.606082363054156e-06,-7.373231255769497e-06,-7.582940270367544e-06,-7.579332304885611e-06,-7.6131186688144226e-06,-8.088164577202406e-06,-8.118452569760848e-06
TEST_05.csv,화담숲카페_카페라떼 ICE,-7.606082363054156e-06,-7.373231255769497e-06,-7.582940270367544e-06,-7.579332304885611e-06,-7.6131186688144226e-06,-8.088164577202406e-06,-8.118452569760848e-06
TEST_05.csv,화담숲카페_현미뻥스크림,-7.606082363054156e-06,-7.373231255769497e-06,-7.582940270367544e-06,-7.579332304885611e-06,-7.6131186688144226e-06,-8.088164577202406e-06,-8.118452569760848e-06
TEST_06.csv,느티나무 셀프BBQ_1인 수저세트,1.3914140462875366,1.444181203842163,0.7976020574569702,0.23779118061065674,1.426729679107666,1.35555100440979,0.8500055074691772
TEST_06.csv,느티나무 셀프BBQ_BBQ55(단체),-7.606082363054156e-06,-7.373231255769497e-06,-7.582940270367544e-06,-7.579332304885611e-06,-7.6131186688144226e-06,-8.088164577202406e-06,-8.118452569760848e-06
TEST_06.csv,"느티나무 셀프BBQ_대여료 30,000원",7.888437747955322,3.1430537700653076,3.6922311782836914,4.4995927810668945,4.2891011238098145,2.689157247543335,5.446138858795166
TEST_06.csv,"느티나무 셀프BBQ_대여료 60,000원",0.8478400707244873,0.8579829931259155,0.7412551641464233,0.8549157381057739,1.1403462886810303,1.2545151710510254,0.9752628803253174
TEST_06.csv,"느티나무 셀프BBQ_대여료 90,000원",0.17990387976169586,0.06861340999603271,0.01629135012626648,-0.06384244561195374,-0.09536322951316833,-0.07451024651527405,-0.04880055785179138
TEST_06.csv,"느티나무 셀프BBQ_본삼겹 (단품,실내)",-0.10173749923706055,0.06216847896575928,0.5598615407943726,0.888369083404541,0.048329710960388184,-0.2086493968963623,-0.3914860486984253
TEST_06.csv,느티나무 셀프BBQ_스프라이트 (단체),0.1340959072113037,0.2652549743652344,0.22555208206176758,0.8000912666320801,0.7769546508789062,0.7648210525512695,-0.06301665306091309
TEST_06.csv,느티나무 셀프BBQ_신라면,-7.606082363054156e-06,-7.373231255769497e-06,-7.582940270367544e-06,-7.579332304885611e-06,-7.6131186688144226e-06,-8.088164577202406e-06,-8.118452569760848e-06
TEST_06.csv,느티나무 셀프BBQ_쌈야채세트,0.49979114532470703,0.8416538834571838,2.358551502227783,2.4232723712921143,0.6084513068199158,0.8329615592956543,0.46167755126953125
TEST_06.csv,느티나무 셀프BBQ_쌈장,0.009314268827438354,0.07022172212600708,0.10949498414993286,0.41018229722976685,0.42771798372268677,-0.020778149366378784,0.047995418310165405
TEST_06.csv,느티나무 셀프BBQ_육개장 사발면,-7.606082363054156e-06,-7.373231255769497e-06,-7.582940270367544e-06,-7.579332304885611e-06,-7.6131186688144226e-06,-8.088164577202406e-06,-8.118452569760848e-06
TEST_06.csv,느티나무 셀프BBQ_일회용 소주컵,-0.008395381271839142,-0.004036575555801392,-0.006390225142240524,-0.003212466835975647,-0.004539448767900467,-0.006986323744058609,-0.006854057312011719
TEST_06.csv,느티나무 셀프BBQ_일회용 종이컵,0.0038730576634407043,-0.0059446170926094055,0.0050958916544914246,0.013488657772541046,0.016421858221292496,0.03911653906106949,0.009759809821844101
TEST_06.csv,느티나무 셀프BBQ_잔디그늘집 대여료 (12인석),-7.606082363054156e-06,-7.373231255769497e-06,-7.582940270367544e-06,-7.579332304885611e-06,-7.6131186688144226e-06,-8.088164577202406e-06,-8.118452569760848e-06
TEST_06.csv,느티나무 셀프BBQ_잔디그늘집 대여료 (6인석),-7.606082363054156e-06,-7.373231255769497e-06,-7.582940270367544e-06,-7.579332304885611e-06,-7.6131186688144226e-06,-8.088164577202406e-06,-8.118452569760848e-06
TEST_06.csv,느티나무 셀프BBQ_잔디그늘집 의자 추가,-7.606082363054156e-06,-7.373231255769497e-06,-7.582940270367544e-06,-7.579332304885611e-06,-7.6131186688144226e-06,-8.088164577202406e-06,-8.118452569760848e-06
TEST_06.csv,느티나무 셀프BBQ_참이슬 (단체),0.448772668838501,0.6954042911529541,0.5604684352874756,2.7288365364074707,1.121272325515747,0.5238099098205566,0.08751606941223145
TEST_06.csv,느티나무 셀프BBQ_친환경 접시 14cm,0.20980334281921387,0.09296469390392303,0.01969820261001587,-0.01999559998512268,0.24718721210956573,0.05317090451717377,0.022746533155441284
TEST_06.csv,느티나무 셀프BBQ_친환경 접시 23cm,0.12428677082061768,0.14287935197353363,0.04918371140956879,0.06831744313240051,0.17889393866062164,0.1299494057893753,0.04690457880496979
TEST_06.csv,느티나무 셀프BBQ_카스 병(단체),0.1549816131591797,0.38584375381469727,0.0900263786315918,3.9028728008270264,0.9585146903991699,0.2532939910888672,-0.5789651870727539
TEST_06.csv,느티나무 셀프BBQ_콜라 (단체),0.5244781970977783,0.23147034645080566,0.4605898857116699,0.8409924507141113,0.8523168563842773,1.2085881233215332,0.1425464153289795
TEST_06.csv,느티나무 셀프BBQ_햇반,0.13381576538085938,0.37296563386917114,0.48643121123313904,0.19302532076835632,0.22517138719558716,0.22483006119728088,0.1212216317653656
TEST_06.csv,느티나무 셀프BBQ_허브솔트,-0.028778254985809326,-0.10205695033073425,-0.026709824800491333,0.0016796588897705078,0.030132710933685303,-0.035325706005096436,0.02727559208869934
TEST_06.csv,담하_(단체) 공깃밥,0.3408885598182678,1.1945942640304565,1.0625627040863037,-0.11729180812835693,0.2972944974899292,-0.025797367095947266,0.12939095497131348
TEST_06.csv,담하_(단체) 생목살 김치전골 2.0,-1.8857040405273438,1.535804271697998,6.987340927124023,6.109104156494141,6.659940719604492,6.697612285614014,0.8883132934570312
TEST_06.csv,담하_(단체) 은이버섯 갈비탕,1.1538639068603516,3.540025234222412,3.3868913650512695,8.885839462280273,15.83333969116211,4.017009258270264,-0.5268058776855469
TEST_06.csv,담하_(단체) 한우 우거지 국밥,0.36491847038269043,0.820347785949707,1.6385443210601807,2.2716116905212402,3.8462018966674805,2.987656593322754,0.21629881858825684
TEST_06.csv,담하_(단체) 황태해장국 3/27까지,1.7893562316894531,1.7636680603027344,36.48397445678711,15.244351387023926,4.76930046081543,4.094585418701172,10.63204574584961
TEST_06.csv,담하_(정식) 된장찌개,8.295312881469727,6.578973770141602,8.276816368103027,8.14684009552002,6.010726451873779,6.474704742431641,8.858353614807129
TEST_06.csv,담하_(정식) 물냉면 ,2.8291735649108887,2.2515406608581543,2.44291353225708,2.5546045303344727,2.4479804039001465,2.3855667114257812,3.1480374336242676
TEST_06.csv,담하_(정식) 비빔냉면,2.19510555267334,2.037247657775879,3.3368828296661377,3.2846932411193848,1.019280195236206,1.304636001586914,2.043578624725342
TEST_06.csv,담하_(후식) 된장찌개,1.6471357345581055,1.4173357486724854,1.294181227684021,1.6934689283370972,2.096900463104248,2.3124847412109375,1.4576325416564941
TEST_06.csv,담하_(후식) 물냉면,1.2413380146026611,0.9888532161712646,0.8247158527374268,1.3008062839508057,1.4374902248382568,2.238119602203369,1.6490654945373535
TEST_06.csv,담하_(후식) 비빔냉면,0.4004794955253601,0.47235924005508423,0.5469998121261597,0.5828222632408142,0.6714120507240295,0.8012803196907043,0.721137285232544
TEST_06.csv,담하_갑오징어 비빔밥,-7.606082363054156e-06,-7.373231255769497e-06,-7.582940270367544e-06,-7.579332304885611e-06,-7.6131186688144226e-06,-8.088164577202406e-06,-8.118452569760848e-06
TEST_06.csv,담하_갱시기,0.7080013751983643,0.7055003643035889,0.5912582874298096,1.1706955432891846,0.518280029296875,0.7162232398986816,0.3218214511871338
TEST_06.csv,담하_공깃밥,24.666717529296875,19.314556121826172,14.2412109375,21.70250129699707,22.64056396484375,28.405399322509766,23.45807456970215
TEST_06.csv,담하_꼬막 비빔밥,4.482893943786621,4.185062408447266,3.645836353302002,3.977057933807373,4.560555934906006,4.340185165405273,5.120841026306152
TEST_06.csv,담하_느린마을 막걸리,1.4357662200927734,1.5571955442428589,1.4473577737808228,2.6629624366760254,1.5349812507629395,1.6486601829528809,2.015462875366211
TEST_06.csv,담하_담하 한우 불고기,18.1907901763916,13.219353675842285,9.565420150756836,14.861807823181152,17.94546890258789,20.785165786743164,16.708703994750977
TEST_06.csv,담하_담하 한우 불고기 정식,11.227453231811523,10.434430122375488,14.406636238098145,13.104325294494629,8.364018440246582,9.191486358642578,12.239555358886719
TEST_06.csv,담하_더덕 한우 지짐,0.44422876834869385,0.4867996573448181,0.41603243350982666,0.4718219041824341,0.5666353702545166,0.5536595582962036,0.6069962382316589
TEST_06.csv,담하_들깨 양지탕,-7.606082363054156e-06,-7.373231255769497e-06,-7.582940270367544e-06,-7.579332304885611e-06,-7.6131186688144226e-06,-8.088164577202406e-06,-8.118452569760848e-06
TEST_06.csv,담하_라면사리,0.3346731662750244,0.4416043758392334,0.15194940567016602,0.3560199737548828,0.40228819847106934,0.3635859489440918,0.3623466491699219
TEST_06.csv,담하_룸 이용료,0.11486050486564636,0.1813524067401886,0.279250830411911,0.48959746956825256,0.2897036373615265,0.1503804624080658,0.12001878023147583
TEST_06.csv,담하_메밀면 사리,1.1024580001831055,1.615889549255371,2.9024925231933594,2.6853795051574707,0.4952336549758911,0.7647603750228882,1.134732961654663
TEST_06.csv,담하_명인안동소주,0.005704164505004883,0.16396884620189667,0.12434040009975433,0.026368647813796997,0.5111935138702393,0.07701969146728516,-0.0502856969833374
TEST_06.csv,담하_명태회 비빔냉면,2.3608078956604004,2.1900482177734375,2.192101001739502,2.4300739765167236,2.0519332885742188,2.0882909297943115,1.8971589803695679
TEST_06.csv,담하_문막 복분자 칵테일,0.18273049592971802,0.591913104057312,0.3556477427482605,0.11741411685943604,0.02108663320541382,-0.009326547384262085,0.018999159336090088
TEST_06.csv,담하_봉평메밀 물냉면,2.872799873352051,1.8709440231323242,1.1121001243591309,1.5204744338989258,1.663001298904419,2.3422279357910156,4.1956048011779785
TEST_06.csv,담하_생목살 김치찌개,18.75798797607422,16.8884220123291,14.881471633911133,15.557413101196289,16.74071502685547,16.11029624938965,17.839794158935547
TEST_06.csv,담하_스프라이트,0.6212027668952942,0.49843522906303406,0.4707494378089905,0.19542911648750305,0.3148086667060852,0.3232559859752655,0.3890467882156372
TEST_06.csv,담하_은이버섯 갈비탕,7.119809150695801,6.092074394226074,8.46246337890625,6.245878219604492,6.973811626434326,6.02386999130249,6.312407493591309
TEST_06.csv,담하_제로콜라,0.29026782512664795,0.2750917673110962,0.3304053246974945,0.6055814027786255,0.540012538433075,0.09053283929824829,0.3864549994468689
TEST_06.csv,담하_참이슬,1.5365793704986572,2.3733649253845215,1.6407225131988525,1.1592237949371338,1.0045592784881592,1.100064992904663,1.1494767665863037
TEST_06.csv,담하_처음처럼,0.039963603019714355,0.2304762303829193,0.21876934170722961,0.10734885931015015,0.08628726005554199,0.16255885362625122,0.1633462905883789
TEST_06.csv,담하_카스,0.9296217560768127,0.906071662902832,0.22276180982589722,0.46085435152053833,0.35231441259384155,0.5618587732315063,0.8595250844955444
TEST_06.csv,담하_콜라,1.0771374702453613,0.6686659455299377,0.7092881202697754,0.500823974609375,0.4146038293838501,0.35792696475982666,0.9261051416397095
TEST_06.csv,담하_테라,0.2815951704978943,0.4459117650985718,0.40563249588012695,0.39800167083740234,0.14406907558441162,0.06316423416137695,-0.013479232788085938
TEST_06.csv,담하_하동 매실 칵테일,0.2955843210220337,0.6120363473892212,-0.12400493025779724,0.008093953132629395,-0.08194959163665771,-0.11494436860084534,-0.027959614992141724
TEST_06.csv,담하_한우 떡갈비 정식,15.613105773925781,9.225719451904297,7.865300178527832,8.427469253540039,8.392252922058105,9.098724365234375,16.83219337463379
TEST_06.csv,담하_한우 미역국 정식,1.7303614616394043,2.768540859222412,2.6224093437194824,1.984266757965088,2.595311164855957,2.4136061668395996,1.7654743194580078
TEST_06.csv,담하_한우 우거지 국밥,2.9423413276672363,4.544875144958496,2.52272367477417,2.5517654418945312,2.3909740447998047,2.9407730102539062,1.1340880393981934
TEST_06.csv,담하_한우 차돌박이 된장찌개,13.134967803955078,14.838478088378906,10.070383071899414,11.645708084106445,15.41429328918457,14.466832160949707,15.821106910705566
TEST_06.csv,담하_황태해장국,2.5529379844665527,1.4848527908325195,2.526914596557617,2.145355701446533,3.7433643341064453,5.549106597900391,2.782130718231201
TEST_06.csv,라그로타_AUS (200g),0.06477010250091553,0.31776416301727295,0.12730002403259277,0.359897255897522,0.3439719080924988,0.5221405029296875,0.16529428958892822
TEST_06.csv,라그로타_G-Charge(3),0.5730611085891724,0.1648852825164795,-0.0007537007331848145,0.022962450981140137,0.15368735790252686,0.6662093997001648,1.3979427814483643
TEST_06.csv,라그로타_Gls.Sileni,0.5769122838973999,0.21680712699890137,0.32283341884613037,0.4172402620315552,0.9517840147018433,1.2435821294784546,0.5049708485603333
TEST_06.csv,라그로타_Gls.미션 서드,2.5201427936553955,2.3275980949401855,2.47194242477417,1.9801832437515259,1.5287914276123047,1.5312236547470093,2.222054958343506
TEST_06.csv,라그로타_Open Food,1.3337711095809937,0.9531877636909485,0.812308669090271,0.6893022060394287,0.2938920855522156,0.412537157535553,0.8671925067901611
TEST_06.csv,라그로타_그릴드 비프 샐러드,2.111057996749878,0.9232211112976074,0.6400474309921265,1.0077391862869263,1.1372392177581787,1.223214030265808,2.4157981872558594
TEST_06.csv,라그로타_까르보나라,1.434411644935608,1.602170705795288,1.6633020639419556,1.791825294494629,1.0621888637542725,1.06978178024292,1.3743069171905518
TEST_06.csv,라그로타_모둠 해산물 플래터,0.34760168194770813,0.48256829380989075,0.6702151298522949,0.28878188133239746,0.6175058484077454,0.8033173084259033,0.696111261844635
TEST_06.csv,라그로타_미션 서드 카베르네 쉬라,0.1014818549156189,0.08553031086921692,0.13798806071281433,0.03280609846115112,0.11871060729026794,0.10647019743919373,0.21750402450561523
TEST_06.csv,라그로타_버섯 크림 리조또,1.9671764373779297,2.266955852508545,1.8474782705307007,1.8808305263519287,1.7754048109054565,1.675897479057312,1.7753158807754517
TEST_06.csv,라그로타_빵 추가 (1인),0.15240821242332458,0.09979450702667236,0.12232404947280884,0.241373211145401,0.32604315876960754,0.297745019197464,0.09358370304107666
TEST_06.csv,라그로타_스프라이트,0.4559330940246582,0.358927845954895,0.44032084941864014,0.47396451234817505,0.4099935293197632,0.4446699023246765,0.6993238925933838
TEST_06.csv,라그로타_시저 샐러드 ,1.236027717590332,1.8010728359222412,1.8796494007110596,0.9973731637001038,1.2565398216247559,1.096439242362976,1.0633776187896729
TEST_06.csv,라그로타_아메리카노,0.29831135272979736,0.37844139337539673,0.5953496098518372,0.8889305591583252,0.46888455748558044,0.32092010974884033,0.2298579216003418
TEST_06.csv,라그로타_알리오 에 올리오 ,3.765957832336426,1.7548331022262573,1.980625033378601,1.6386816501617432,1.9094597101211548,1.8255512714385986,3.2050914764404297
TEST_06.csv,라그로타_양갈비 (4ps),3.481203556060791,1.0035687685012817,1.4317395687103271,1.1444854736328125,1.7313346862792969,2.2121071815490723,4.939203262329102
TEST_06.csv,라그로타_자몽리치에이드,0.8458993434906006,0.3573894500732422,1.31134831905365,0.7890008687973022,0.41518712043762207,0.6110342741012573,1.2341843843460083
TEST_06.csv,라그로타_제로콜라,0.6869094371795654,0.8018519878387451,0.8732635974884033,0.7698252201080322,0.7458624839782715,0.6938594579696655,0.6475383043289185
TEST_06.csv,라그로타_카스,0.4075387716293335,0.3474975824356079,0.3992447853088379,0.5379988551139832,1.1578165292739868,2.3071932792663574,1.3345199823379517
TEST_06.csv,라그로타_콜라,1.1676181554794312,1.4813710451126099,1.655083417892456,1.892535924911499,1.4699914455413818,1.1165207624435425,1.5862774848937988
TEST_06.csv,라그로타_하이네켄(생),1.1190317869186401,1.7502830028533936,2.7992138862609863,3.0898778438568115,1.1466866731643677,0.9241222143173218,0.6966301202774048
TEST_06.csv,라그로타_한우 (200g),3.688748598098755,1.38418447971344,1.5496746301651,1.4659761190414429,1.4945449829101562,1.9310647249221802,3.5786798000335693
TEST_06.csv,라그로타_해산물 토마토 리조또,1.510728120803833,0.7445918321609497,1.2462153434753418,1.2691230773925781,0.9899370670318604,1.258439302444458,2.069028615951538
TEST_06.csv,라그로타_해산물 토마토 스튜 파스타,2.1700401306152344,1.8739603757858276,2.0811767578125,2.5302011966705322,2.551715612411499,2.2575650215148926,1.571601390838623
TEST_06.csv,라그로타_해산물 토마토 스파게티,2.2981486320495605,2.4781975746154785,3.0773322582244873,3.0379698276519775,2.2244768142700195,2.3683810234069824,2.075924873352051
TEST_06.csv,"미라시아_(단체)브런치주중 36,000",0.9818229675292969,5.05645751953125,12.918142318725586,9.040300369262695,20.407657623291016,32.94866180419922,5.76312255859375
TEST_06.csv,미라시아_(오븐) 하와이안 쉬림프 피자,1.1306101083755493,0.4125239849090576,0.4775528311729431,0.38527584075927734,0.23249518871307373,0.5513196587562561,1.0960915088653564
TEST_06.csv,미라시아_(화덕) 불고기 페퍼로니 반반피자,2.527454376220703,2.6800804138183594,2.426872491836548,3.0538954734802246,3.089096784591675,4.071615219116211,4.263956546783447
TEST_06.csv,미라시아_BBQ Platter,6.502469062805176,5.3535542488098145,4.933564186096191,5.810510635375977,7.03636360168457,8.928121566772461,9.616900444030762
TEST_06.csv,미라시아_BBQ 고기추가,0.4850001335144043,0.6887339949607849,0.30773553252220154,0.09530586004257202,0.170524001121521,0.24916884303092957,0.17034965753555298
TEST_06.csv,미라시아_공깃밥,0.8301572799682617,1.2872095108032227,1.2942723035812378,0.9316351413726807,1.048990249633789,0.5250062942504883,0.6056151390075684
TEST_06.csv,미라시아_글라스와인 (레드),0.3277141749858856,0.25484132766723633,0.040645450353622437,0.1393730342388153,0.05606779456138611,0.06245127320289612,0.11660149693489075
TEST_06.csv,미라시아_레인보우칵테일(알코올),0.1196017861366272,0.11250510811805725,0.052388519048690796,0.1823761761188507,0.1502189040184021,0.04932600259780884,-0.003839254379272461
TEST_06.csv,미라시아_미라시아 브런치 (패키지),7.845364570617676,6.135636329650879,4.138597011566162,5.123534202575684,6.830011367797852,4.082485198974609,1.6186580657958984
TEST_06.csv,미라시아_버드와이저(무제한),4.056256294250488,2.911299228668213,3.1894633769989014,3.250133514404297,3.048962354660034,3.2307605743408203,5.140491008758545
TEST_06.csv,미라시아_보일링 랍스타 플래터,0.6618887782096863,1.1322216987609863,0.9245980978012085,0.7360111474990845,0.5856598615646362,1.3023786544799805,0.9533088207244873
TEST_06.csv,미라시아_보일링 랍스타 플래터(덜매운맛),0.13257014751434326,0.21747124195098877,0.22887039184570312,0.6534163951873779,1.1099554300308228,0.690431535243988,0.7311708331108093
TEST_06.csv,미라시아_브런치 2인 패키지 ,0.3386271595954895,0.36148810386657715,0.28448379039764404,0.5442308783531189,1.4820753335952759,1.769076943397522,1.0559664964675903
TEST_06.csv,미라시아_브런치 4인 패키지 ,-0.008871428668498993,-0.004067875444889069,-0.00863947719335556,-0.012196660041809082,-0.0020285025238990784,-0.01515006273984909,0.015613075345754623
TEST_06.csv,미라시아_브런치(대인) 주말,25.126996994018555,3.739086151123047,0.7970733642578125,8.173805236816406,10.060297012329102,9.768316268920898,30.947696685791016
TEST_06.csv,미라시아_브런치(대인) 주중,-2.3239784240722656,52.29570007324219,33.68048095703125,28.779809951782227,51.11354446411133,40.735809326171875,-6.871669769287109
TEST_06.csv,미라시아_브런치(어린이),25.31639862060547,28.266050338745117,22.388717651367188,23.147640228271484,22.308101654052734,22.731801986694336,22.978139877319336
TEST_06.csv,미라시아_쉬림프 투움바 파스타,4.066085338592529,2.794668197631836,2.7523193359375,3.0932583808898926,2.5151145458221436,2.976419448852539,3.2028212547302246
TEST_06.csv,미라시아_스텔라(무제한),0.8331378698348999,0.809576153755188,1.1273891925811768,0.6493716239929199,0.6079310178756714,1.1305760145187378,1.2616591453552246
TEST_06.csv,미라시아_스프라이트,1.7143138647079468,2.406594753265381,0.021907448768615723,0.5429768562316895,0.3507002592086792,0.2838062644004822,0.47540485858917236
TEST_06.csv,미라시아_애플망고 에이드,2.76888370513916,2.695434808731079,2.7323193550109863,2.61726713180542,3.2906570434570312,2.8904318809509277,2.7102272510528564
TEST_06.csv,미라시아_얼그레이 하이볼,0.12342900037765503,0.08104458451271057,0.3274345397949219,0.24466735124588013,0.1269044429063797,0.11312980949878693,0.10838666558265686
TEST_06.csv,미라시아_오븐구이 윙과 킬바사소세지,1.176239013671875,0.7487673759460449,0.732892632484436,0.6491059064865112,0.6789398193359375,0.7239596843719482,0.6598237752914429
TEST_06.csv,미라시아_유자 하이볼,0.07150620222091675,0.1694071888923645,0.11715012788772583,0.17023611068725586,0.28508076071739197,0.24442780017852783,0.20710483193397522
TEST_06.csv,미라시아_잭 애플 토닉,0.20313352346420288,0.1405404806137085,0.09591296315193176,0.056182682514190674,-0.0651092529296875,0.023215949535369873,0.2779305577278137
TEST_06.csv,미라시아_칠리 치즈 프라이,0.5891839861869812,0.5234927535057068,0.46458613872528076,0.4360432028770447,0.4544345736503601,0.41576242446899414,0.6789965033531189
TEST_06.csv,미라시아_코카콜라,1.114306092262268,1.482521891593933,1.7092465162277222,1.303086757659912,2.2059149742126465,1.7693825960159302,1.8067667484283447
TEST_06.csv,미라시아_코카콜라(제로),0.08441781997680664,0.2607609033584595,0.3068443536758423,0.6934370994567871,0.44874781370162964,0.7278234958648682,1.1501988172531128
TEST_06.csv,미라시아_콥 샐러드,1.1695146560668945,1.1236379146575928,0.8080844879150391,0.7101399898529053,1.0818042755126953,0.9426165819168091,0.8215841054916382
TEST_06.csv,미라시아_파스타면 추가(150g),0.5342233180999756,1.5425958633422852,0.9467110633850098,0.6824401617050171,1.0417492389678955,1.4896299839019775,1.0641026496887207
TEST_06.csv,미라시아_핑크레몬에이드,0.25925934314727783,0.23507779836654663,0.4465065598487854,0.24562150239944458,0.30828195810317993,0.37949931621551514,0.36456120014190674
TEST_06.csv,연회장_Cass Beer,2.6886539459228516,20.40104866027832,9.09794807434082,-0.1991748809814453,1.9980182647705078,1.5911617279052734,0.35050010681152344
TEST_06.csv,연회장_Conference L1,0.008841663599014282,0.2808830142021179,0.8979533910751343,0.8480238318443298,0.18568037450313568,0.1613999754190445,0.08931176364421844
TEST_06.csv,연회장_Conference L2,-0.09350889921188354,-0.018011540174484253,0.28108179569244385,0.28240662813186646,0.18163087964057922,0.11664584279060364,-0.11396518349647522
TEST_06.csv,연회장_Conference L3,-0.04646575450897217,0.11392182111740112,0.2755870819091797,0.40508216619491577,0.1640312522649765,-0.058767080307006836,-0.08658012747764587
TEST_06.csv,연회장_Conference M1,0.020215049386024475,-0.024104759097099304,0.004696175456047058,0.014613017439842224,0.0906175896525383,0.3477516174316406,0.11814478039741516
TEST_06.csv,연회장_Conference M8,-0.007936134934425354,0.00695626437664032,-0.005765900015830994,0.044169217348098755,0.19119080901145935,0.010042250156402588,-0.03623487055301666
TEST_06.csv,연회장_Conference M9,-7.606082363054156e-06,-7.373231255769497e-06,-7.582940270367544e-06,-7.579332304885611e-06,-7.6131186688144226e-06,-8.088164577202406e-06,-8.118452569760848e-06
TEST_06.csv,연회장_Convention Hall,0.1218201220035553,0.3116374611854553,0.3101130723953247,0.058176249265670776,0.06089290976524353,0.0677555501461029,-0.02006283402442932
TEST_06.csv,연회장_Cookie Platter,0.09029829502105713,0.22155976295471191,0.11561918258666992,0.19527029991149902,0.3400542736053467,0.29471325874328613,0.0038254261016845703
TEST_06.csv,연회장_Grand Ballroom,0.05522774159908295,0.7017986178398132,0.6795029640197754,0.0021079182624816895,0.1244911402463913,0.18187783658504486,-0.008220821619033813
TEST_06.csv,연회장_OPUS 2,-0.02538895606994629,-0.011014342308044434,-0.015596270561218262,0.07621767371892929,0.07257413119077682,0.006848260760307312,-0.0216122567653656
TEST_06.csv,연회장_Regular Coffee,12.732646942138672,49.0714111328125,65.91525268554688,15.413932800292969,16.048206329345703,12.85733413696289,1.9834709167480469
TEST_06.csv,연회장_골뱅이무침,3.2677197456359863,2.8561601638793945,1.838813304901123,1.8160059452056885,1.7307780981063843,1.889845848083496,2.642883062362671
TEST_06.csv,연회장_공깃밥,1.919554352760315,1.8021273612976074,1.8193682432174683,1.8495240211486816,2.3546719551086426,3.30256986618042,1.426326036453247
TEST_06.csv,연회장_돈목살 김치찌개 (밥포함),4.330201625823975,3.756356716156006,2.8232059478759766,3.0355582237243652,3.100141763687134,6.0171122550964355,5.725858688354492
TEST_06.csv,연회장_로제 치즈떡볶이,2.7702112197875977,2.7723779678344727,2.2242119312286377,1.8448108434677124,1.7026957273483276,1.6816177368164062,2.6458282470703125
TEST_06.csv,연회장_마라샹궈,0.8965438604354858,1.2936630249023438,1.0940935611724854,1.6518479585647583,1.8771271705627441,3.8399085998535156,2.4914000034332275
TEST_06.csv,연회장_매콤 무뼈닭발&계란찜,1.942199945449829,0.698359489440918,0.9344877004623413,1.0495314598083496,1.0608713626861572,1.2896068096160889,1.5493793487548828
TEST_06.csv,연회장_모둠 돈육구이(3인),5.894774436950684,5.420193195343018,3.995792865753174,5.087303161621094,5.863877296447754,10.111296653747559,9.435685157775879
TEST_06.csv,연회장_삼겹살추가 (200g),0.682263970375061,0.7029279470443726,0.6831611394882202,0.9391648769378662,1.028929352760315,1.5308094024658203,1.3675044775009155
TEST_06.csv,연회장_야채추가,0.5799481272697449,0.43396592140197754,0.18048131465911865,0.4503171443939209,0.7184232473373413,1.6568573713302612,1.2523761987686157
TEST_06.csv,연회장_왕갈비치킨,3.219998359680176,1.346644401550293,1.3166813850402832,1.4289313554763794,1.5780072212219238,2.1911144256591797,2.296051263809204
TEST_06.csv,연회장_주먹밥 (2ea),1.5171715021133423,1.4130207300186157,1.4412124156951904,1.47041916847229,1.6818482875823975,1.929121971130371,2.154294967651367
TEST_06.csv,카페테리아_공깃밥(추가),78.06721496582031,53.60332489013672,51.16030502319336,52.394012451171875,48.66336441040039,55.3242301940918,77.38346099853516
TEST_06.csv,카페테리아_구슬아이스크림,38.370323181152344,10.828407287597656,11.271228790283203,15.735017776489258,17.543659210205078,27.349029541015625,34.306400299072266
TEST_06.csv,카페테리아_단체식 13000(신),1.505178451538086,3.863697052001953,13.227947235107422,5.0895891189575195,3.9093494415283203,4.531247138977051,2.151740074157715
TEST_06.csv,카페테리아_단체식 18000(신),22.055063247680664,79.52311706542969,93.12825012207031,4.581474304199219,4.571773529052734,11.258453369140625,4.763080596923828
TEST_06.csv,카페테리아_돼지고기 김치찌개,54.69788360595703,53.55429458618164,56.08873748779297,59.553504943847656,53.31238555908203,56.19529724121094,58.53322219848633
TEST_06.csv,카페테리아_복숭아 아이스티,69.85342407226562,45.940006256103516,43.23186492919922,44.43214416503906,45.98398208618164,58.85765838623047,81.31739807128906
TEST_06.csv,카페테리아_새우 볶음밥,40.867549896240234,38.38228225708008,32.38606643676758,35.804927825927734,33.672977447509766,33.26378631591797,38.962120056152344
TEST_06.csv,카페테리아_새우튀김 우동,27.00278663635254,24.667325973510742,25.3126163482666,27.94216537475586,24.527305603027344,31.958126068115234,35.63565444946289
TEST_06.csv,카페테리아_샷 추가,5.17844820022583,3.132204294204712,3.35565185546875,3.383577585220337,3.3699350357055664,4.280147075653076,5.038447380065918
TEST_06.csv,카페테리아_수제 등심 돈까스,178.5399169921875,112.40542602539062,110.22810363769531,114.19366455078125,110.16610717773438,131.248291015625,175.5240936279297
TEST_06.csv,카페테리아_아메리카노(HOT),157.74766540527344,129.90151977539062,167.89443969726562,180.8118896484375,163.3146514892578,163.09764099121094,228.09942626953125
TEST_06.csv,카페테리아_아메리카노(ICE),126.58834838867188,78.6789779663086,65.50322723388672,63.53907012939453,64.36557006835938,72.06452941894531,102.7012710571289
TEST_06.csv,카페테리아_약 고추장 돌솥비빔밥,51.00213623046875,51.02824401855469,49.865360260009766,51.171600341796875,49.3613166809082,50.273704528808594,51.007293701171875
TEST_06.csv,카페테리아_어린이 돈까스,19.816926956176758,22.667644500732422,16.74301528930664,17.150428771972656,16.05614471435547,14.499237060546875,18.799755096435547
TEST_06.csv,카페테리아_오픈푸드,1.076256513595581,1.4769339561462402,1.455403208732605,1.2486495971679688,1.1546623706817627,1.0416436195373535,1.002190113067627
TEST_06.csv,카페테리아_진사골 설렁탕,57.200782775878906,44.43062973022461,42.74687194824219,45.23182678222656,45.18248748779297,51.52793502807617,60.229408264160156
TEST_06.csv,카페테리아_짜장면,55.66819381713867,39.40997314453125,35.23386001586914,35.05513000488281,32.45270538330078,32.702091217041016,45.057838439941406
TEST_06.csv,카페테리아_짜장밥,3.702247142791748,4.102915287017822,4.140380382537842,4.489168643951416,4.432670593261719,5.452393054962158,4.793506145477295
TEST_06.csv,카페테리아_짬뽕,36.143699645996094,27.958328247070312,29.760311126708984,31.880817413330078,34.26091766357422,40.10502624511719,48.072628021240234
TEST_06.csv,카페테리아_짬뽕밥,20.166194915771484,16.162342071533203,14.352042198181152,14.80571174621582,14.667259216308594,15.039855003356934,19.574995040893555
TEST_06.csv,카페테리아_치즈돈까스,75.41558074951172,64.04438018798828,50.59690856933594,58.820457458496094,55.246612548828125,58.347721099853516,71.30008697509766
TEST_06.csv,카페테리아_카페라떼(HOT),99.02813720703125,100.41156005859375,123.2158203125,129.84310913085938,112.15934753417969,111.84034729003906,143.22509765625
TEST_06.csv,카페테리아_카페라떼(ICE),28.61482048034668,14.651042938232422,16.574188232421875,15.91552448272705,16.466320037841797,20.120861053466797,31.559297561645508
TEST_06.csv,카페테리아_한상 삼겹구이 정식(2인) 소요시간 약 15~20분,-7.606082363054156e-06,-7.373231255769497e-06,-7.582940270367544e-06,-7.579332304885611e-06,-7.6131186688144226e-06,-8.088164577202406e-06,-8.118452569760848e-06
TEST_06.csv,포레스트릿_꼬치어묵,360.4081115722656,277.41766357421875,233.53477478027344,219.37843322753906,219.5334014892578,222.2739715576172,243.14227294921875
TEST_06.csv,포레스트릿_떡볶이,208.0523223876953,145.86746215820312,121.30320739746094,106.440673828125,108.9884033203125,108.44259643554688,105.70787048339844
TEST_06.csv,포레스트릿_복숭아 아이스티,70.3750991821289,22.073440551757812,11.981277465820312,5.758270263671875,13.49444580078125,16.831836700439453,33.43123245239258
TEST_06.csv,포레스트릿_생수,103.28237915039062,31.805374145507812,11.892730712890625,-7.607391357421875,31.49444580078125,30.61273193359375,11.116012573242188
TEST_06.csv,포레스트릿_스프라이트,31.935382843017578,12.149490356445312,9.350513458251953,4.550693511962891,6.97557258605957,6.007509231567383,8.239364624023438
TEST_06.csv,포레스트릿_아메리카노(HOT),58.30043411254883,48.50569152832031,46.48469543457031,42.72723388671875,44.66789245605469,42.42320251464844,52.35691833496094
TEST_06.csv,포레스트릿_아메리카노(ICE),40.49056625366211,-1.1223831176757812,-11.758979797363281,-16.69756317138672,-8.674278259277344,-11.056556701660156,-9.595977783203125
TEST_06.csv,포레스트릿_치즈 핫도그,154.5793914794922,102.16694641113281,81.38529968261719,69.19569396972656,67.85921478271484,62.260459899902344,83.42927551269531
TEST_06.csv,포레스트릿_카페라떼(HOT),29.296810150146484,24.43535804748535,25.667308807373047,23.902416229248047,24.369503021240234,23.75914764404297,30.635860443115234
TEST_06.csv,포레스트릿_카페라떼(ICE),8.1547269821167,3.1397652626037598,1.7314448356628418,1.1827692985534668,3.2786483764648438,4.1450982093811035,6.45047664642334
TEST_06.csv,포레스트릿_코카콜라,50.08455276489258,27.488040924072266,22.56536865234375,13.080345153808594,19.05670928955078,16.137603759765625,16.45032501220703
TEST_06.csv,포레스트릿_페스츄리 소시지,49.3040885925293,35.75480651855469,30.775848388671875,23.540996551513672,23.784626007080078,18.515884399414062,20.867813110351562
TEST_06.csv,화담숲주막_느린마을 막걸리,-7.606082363054156e-06,-7.373231255769497e-06,-7.582940270367544e-06,-7.579332304885611e-06,-7.6131186688144226e-06,-8.088164577202406e-06,-8.118452569760848e-06
TEST_06.csv,화담숲주막_단호박 식혜 ,-7.606082363054156e-06,-7.373231255769497e-06,-7.582940270367544e-06,-7.579332304885611e-06,-7.6131186688144226e-06,-8.088164577202406e-06,-8.118452569760848e-06
TEST_06.csv,화담숲주막_병천순대,-7.606082363054156e-06,-7.373231255769497e-06,-7.582940270367544e-06,-7.579332304885611e-06,-7.6131186688144226e-06,-8.088164577202406e-06,-8.118452569760848e-06
TEST_06.csv,화담숲주막_스프라이트,-7.606082363054156e-06,-7.373231255769497e-06,-7.582940270367544e-06,-7.579332304885611e-06,-7.6131186688144226e-06,-8.088164577202406e-06,-8.118452569760848e-06
TEST_06.csv,화담숲주막_참살이 막걸리,-7.606082363054156e-06,-7.373231255769497e-06,-7.582940270367544e-06,-7.579332304885611e-06,-7.6131186688144226e-06,-8.088164577202406e-06,-8.118452569760848e-06
TEST_06.csv,화담숲주막_찹쌀식혜,-7.606082363054156e-06,-7.373231255769497e-06,-7.582940270367544e-06,-7.579332304885611e-06,-7.6131186688144226e-06,-8.088164577202406e-06,-8.118452569760848e-06
TEST_06.csv,화담숲주막_콜라,-7.606082363054156e-06,-7.373231255769497e-06,-7.582940270367544e-06,-7.579332304885611e-06,-7.6131186688144226e-06,-8.088164577202406e-06,-8.118452569760848e-06
TEST_06.csv,화담숲주막_해물파전,-7.606082363054156e-06,-7.373231255769497e-06,-7.582940270367544e-06,-7.579332304885611e-06,-7.6131186688144226e-06,-8.088164577202406e-06,-8.118452569760848e-06
TEST_06.csv,화담숲카페_메밀미숫가루,-7.606082363054156e-06,-7.373231255769497e-06,-7.582940270367544e-06,-7.579332304885611e-06,-7.6131186688144226e-06,-8.088164577202406e-06,-8.118452569760848e-06
TEST_06.csv,화담숲카페_아메리카노 HOT,-7.606082363054156e-06,-7.373231255769497e-06,-7.582940270367544e-06,-7.579332304885611e-06,-7.6131186688144226e-06,-8.088164577202406e-06,-8.118452569760848e-06
TEST_06.csv,화담숲카페_아메리카노 ICE,-7.606082363054156e-06,-7.373231255769497e-06,-7.582940270367544e-06,-7.579332304885611e-06,-7.6131186688144226e-06,-8.088164577202406e-06,-8.118452569760848e-06
TEST_06.csv,화담숲카페_카페라떼 ICE,-7.606082363054156e-06,-7.373231255769497e-06,-7.582940270367544e-06,-7.579332304885611e-06,-7.6131186688144226e-06,-8.088164577202406e-06,-8.118452569760848e-06
TEST_06.csv,화담숲카페_현미뻥스크림,-7.606082363054156e-06,-7.373231255769497e-06,-7.582940270367544e-06,-7.579332304885611e-06,-7.6131186688144226e-06,-8.088164577202406e-06,-8.118452569760848e-06
TEST_07.csv,느티나무 셀프BBQ_1인 수저세트,0.08760648965835571,0.24007129669189453,0.7636206746101379,0.8294150829315186,0.22477853298187256,0.22099366784095764,-0.0340999960899353
TEST_07.csv,느티나무 셀프BBQ_BBQ55(단체),0.27093505859375,0.20316338539123535,0.122955322265625,-0.0008389949798583984,0.34220147132873535,0.24328899383544922,0.01516866683959961
TEST_07.csv,"느티나무 셀프BBQ_대여료 30,000원",1.7937180995941162,1.061384916305542,1.1492388248443604,1.2190487384796143,2.034205675125122,3.461350440979004,1.6555194854736328
TEST_07.csv,"느티나무 셀프BBQ_대여료 60,000원",0.4560389518737793,0.3851367235183716,0.5122685432434082,0.416767954826355,0.7308403253555298,1.0412862300872803,0.41027188301086426
TEST_07.csv,"느티나무 셀프BBQ_대여료 90,000원",0.084586963057518,-0.0263567715883255,-0.006274893879890442,-0.005929708480834961,0.05211302638053894,0.15132734179496765,0.13874776661396027
TEST_07.csv,"느티나무 셀프BBQ_본삼겹 (단품,실내)",0.15895402431488037,0.18998169898986816,0.15836483240127563,0.11973690986633301,0.20802897214889526,0.2052510380744934,0.084445059299469
TEST_07.csv,느티나무 셀프BBQ_스프라이트 (단체),0.17211854457855225,0.30975842475891113,0.32396912574768066,0.19754648208618164,0.8696207404136658,0.3384876251220703,0.09246540069580078
TEST_07.csv,느티나무 셀프BBQ_신라면,-7.606082363054156e-06,-7.373231255769497e-06,-7.582940270367544e-06,-7.579332304885611e-06,-7.6131186688144226e-06,-8.088164577202406e-06,-8.118452569760848e-06
TEST_07.csv,느티나무 셀프BBQ_쌈야채세트,1.136188268661499,1.0631285905838013,0.3951071500778198,0.18787825107574463,0.4245411157608032,0.5610490441322327,0.564099907875061
TEST_07.csv,느티나무 셀프BBQ_쌈장,0.016238264739513397,0.018139861524105072,0.01851048320531845,0.011836618185043335,0.025288663804531097,0.024801388382911682,0.0324321910738945
TEST_07.csv,느티나무 셀프BBQ_육개장 사발면,-7.606082363054156e-06,-7.373231255769497e-06,-7.582940270367544e-06,-7.579332304885611e-06,-7.6131186688144226e-06,-8.088164577202406e-06,-8.118452569760848e-06
TEST_07.csv,느티나무 셀프BBQ_일회용 소주컵,0.024706147611141205,-0.0019059106707572937,0.04474613070487976,0.06711652874946594,0.08086219429969788,0.052011918276548386,-0.021208837628364563
TEST_07.csv,느티나무 셀프BBQ_일회용 종이컵,-0.005070090293884277,-0.019613340497016907,-0.015098020434379578,-0.031568288803100586,-0.037039726972579956,-0.03943951427936554,-0.03150096535682678
TEST_07.csv,느티나무 셀프BBQ_잔디그늘집 대여료 (12인석),-7.606082363054156e-06,-7.373231255769497e-06,-7.582940270367544e-06,-7.579332304885611e-06,-7.6131186688144226e-06,-8.088164577202406e-06,-8.118452569760848e-06
TEST_07.csv,느티나무 셀프BBQ_잔디그늘집 대여료 (6인석),-7.606082363054156e-06,-7.373231255769497e-06,-7.582940270367544e-06,-7.579332304885611e-06,-7.6131186688144226e-06,-8.088164577202406e-06,-8.118452569760848e-06
TEST_07.csv,느티나무 셀프BBQ_잔디그늘집 의자 추가,-7.606082363054156e-06,-7.373231255769497e-06,-7.582940270367544e-06,-7.579332304885611e-06,-7.6131186688144226e-06,-8.088164577202406e-06,-8.118452569760848e-06
TEST_07.csv,느티나무 셀프BBQ_참이슬 (단체),0.40502429008483887,1.2478399276733398,1.1472549438476562,1.6690125465393066,3.9961771965026855,2.043316602706909,0.7330195903778076
TEST_07.csv,느티나무 셀프BBQ_친환경 접시 14cm,0.25614890456199646,0.0029392093420028687,-0.02473852038383484,-0.004902958869934082,0.12347161769866943,0.040346235036849976,0.060958489775657654
TEST_07.csv,느티나무 셀프BBQ_친환경 접시 23cm,0.13749346137046814,0.002604752779006958,0.07248702645301819,0.14548996090888977,0.0785859227180481,0.2250266671180725,0.1050889641046524
TEST_07.csv,느티나무 셀프BBQ_카스 병(단체),0.6639623641967773,1.192483901977539,1.4180634021759033,1.4343810081481934,4.295902252197266,2.9221692085266113,1.0431442260742188
TEST_07.csv,느티나무 셀프BBQ_콜라 (단체),0.0326690673828125,0.484249472618103,0.35918211936950684,0.031169772148132324,1.1817466020584106,0.8784266710281372,0.29021918773651123
TEST_07.csv,느티나무 셀프BBQ_햇반,-0.03131327033042908,-0.01939423382282257,-0.006546959280967712,0.01905229687690735,-0.02033020555973053,-0.01938629150390625,-0.03343917429447174
TEST_07.csv,느티나무 셀프BBQ_허브솔트,0.006592519581317902,0.0048943981528282166,0.006430685520172119,0.00395675003528595,0.007057890295982361,0.008959360420703888,0.009622998535633087
TEST_07.csv,담하_(단체) 공깃밥,-0.05674189329147339,-0.043338924646377563,-0.06385520100593567,-0.037893325090408325,-0.0340353399515152,-0.03645789623260498,-0.07224589586257935
TEST_07.csv,담하_(단체) 생목살 김치전골 2.0,0.4268655776977539,0.7569565773010254,2.260821580886841,3.1705801486968994,2.2640957832336426,2.9573540687561035,0.6997370719909668
TEST_07.csv,담하_(단체) 은이버섯 갈비탕,-0.01775360107421875,0.052500247955322266,0.5040655136108398,0.9672832489013672,5.01153564453125,4.627473831176758,0.23973512649536133
TEST_07.csv,담하_(단체) 한우 우거지 국밥,0.15234994888305664,0.19777131080627441,-0.2843923568725586,0.10543346405029297,0.04820680618286133,-0.25696635246276855,-0.15214061737060547
TEST_07.csv,담하_(단체) 황태해장국 3/27까지,-3.4286556243896484,-0.7475795745849609,7.499906539916992,11.284614562988281,5.162832260131836,10.053937911987305,1.8883991241455078
TEST_07.csv,담하_(정식) 된장찌개,-0.055988311767578125,-0.540891170501709,-0.35785770416259766,-0.5231895446777344,-0.8379831314086914,-1.0620193481445312,-0.44675540924072266
TEST_07.csv,담하_(정식) 물냉면 ,0.317726731300354,0.030461549758911133,0.22922277450561523,0.19391846656799316,-0.005294322967529297,-0.15891003608703613,0.49616873264312744
TEST_07.csv,담하_(정식) 비빔냉면,0.434104323387146,0.04422342777252197,0.3070439100265503,0.18045556545257568,0.05963540077209473,-0.030528545379638672,0.1804717779159546
TEST_07.csv,담하_(후식) 된장찌개,0.39373278617858887,0.290569543838501,0.278658390045166,0.0652245283126831,0.0649261474609375,-0.006534576416015625,0.18550395965576172
TEST_07.csv,담하_(후식) 물냉면,0.27196305990219116,0.016863584518432617,0.12344181537628174,0.22133225202560425,0.18829858303070068,0.08532702922821045,0.23599785566329956
TEST_07.csv,담하_(후식) 비빔냉면,0.22502544522285461,0.16822141408920288,0.11064356565475464,0.16490325331687927,0.3076756000518799,0.4260239601135254,0.1688564121723175
TEST_07.csv,담하_갑오징어 비빔밥,-7.606082363054156e-06,-7.373231255769497e-06,-7.582940270367544e-06,-7.579332304885611e-06,-7.6131186688144226e-06,-8.088164577202406e-06,-8.118452569760848e-06
TEST_07.csv,담하_갱시기,1.0034401416778564,1.0833210945129395,0.5751107931137085,0.26127171516418457,0.5130062103271484,0.6770012974739075,0.6433207392692566
TEST_07.csv,담하_공깃밥,8.723237991333008,5.933576583862305,4.547910690307617,3.705789566040039,4.422989845275879,4.151045799255371,5.258756637573242
TEST_07.csv,담하_꼬막 비빔밥,0.8963812589645386,0.6686084270477295,0.6453583240509033,0.6237196922302246,0.9540659189224243,0.6857781410217285,0.7170045375823975
TEST_07.csv,담하_느린마을 막걸리,0.12971949577331543,0.08880770206451416,0.021985173225402832,0.21158671379089355,0.2326594591140747,0.17547178268432617,0.0776972770690918
TEST_07.csv,담하_담하 한우 불고기,8.544816970825195,4.223336219787598,4.1425933837890625,4.235856056213379,5.508327484130859,8.297739028930664,9.15803337097168
TEST_07.csv,담하_담하 한우 불고기 정식,-0.12059259414672852,-0.39746713638305664,-0.15030336380004883,-0.519803524017334,-0.8062262535095215,-1.3303351402282715,-0.46921396255493164
TEST_07.csv,담하_더덕 한우 지짐,0.516014814376831,0.06693512201309204,0.11771786212921143,0.06790858507156372,-0.02909940481185913,0.10585856437683105,0.4364863336086273
TEST_07.csv,담하_들깨 양지탕,-7.606082363054156e-06,-7.373231255769497e-06,-7.582940270367544e-06,-7.579332304885611e-06,-7.6131186688144226e-06,-8.088164577202406e-06,-8.118452569760848e-06
TEST_07.csv,담하_라면사리,0.04520273953676224,0.039624810218811035,0.027835004031658173,0.060478534549474716,0.025050349533557892,0.006952278316020966,0.019514329731464386
TEST_07.csv,담하_룸 이용료,0.03135409951210022,0.009858682751655579,0.014921262860298157,0.054759517312049866,0.025308847427368164,-0.003687247633934021,0.06619192659854889
TEST_07.csv,담하_메밀면 사리,0.5093368887901306,-0.06321203708648682,0.013839483261108398,0.5276981592178345,0.8189470171928406,1.3159046173095703,0.4890415072441101
TEST_07.csv,담하_명인안동소주,0.07694490998983383,0.031265802681446075,0.02584821730852127,0.024983681738376617,0.03612682968378067,0.09423860907554626,0.12519344687461853
TEST_07.csv,담하_명태회 비빔냉면,1.120535135269165,0.5063334703445435,0.326707124710083,0.4488513469696045,0.5800704956054688,0.5916906595230103,0.49738216400146484
TEST_07.csv,담하_문막 복분자 칵테일,0.12996280193328857,-0.012406498193740845,-0.025519371032714844,-0.051925450563430786,-0.025480538606643677,-0.03829336166381836,0.11505714058876038
TEST_07.csv,담하_봉평메밀 물냉면,1.4427992105484009,0.06664371490478516,0.1583493947982788,0.19602537155151367,0.4783344268798828,0.7838377952575684,1.377755045890808
TEST_07.csv,담하_생목살 김치찌개,3.5251660346984863,2.354715347290039,1.636063575744629,1.3560857772827148,2.330195426940918,1.9389762878417969,1.746206283569336
TEST_07.csv,담하_스프라이트,0.18468551337718964,0.08787927031517029,0.03307977318763733,0.133408784866333,0.09483778476715088,0.06819820404052734,0.08847236633300781
TEST_07.csv,담하_은이버섯 갈비탕,1.276392936706543,0.7081317901611328,0.5024971961975098,0.7141075134277344,0.8958277702331543,0.927903413772583,1.438068151473999
TEST_07.csv,담하_제로콜라,-0.04344445466995239,-0.0430225133895874,-0.037402451038360596,-0.08792561292648315,-0.09687769412994385,-0.09939718246459961,-0.07410639524459839
TEST_07.csv,담하_참이슬,0.9088309407234192,0.18168604373931885,0.1623295545578003,0.33374178409576416,0.445461630821228,0.3237982392311096,0.5413897633552551
TEST_07.csv,담하_처음처럼,-0.05057185888290405,-0.06433287262916565,-0.05746579170227051,0.2739560902118683,0.14002341032028198,0.016534864902496338,-0.05615651607513428
TEST_07.csv,담하_카스,0.5676382780075073,-0.09391403198242188,0.05909019708633423,0.22862336039543152,0.06767749786376953,0.08360764384269714,0.46752631664276123
TEST_07.csv,담하_콜라,0.5457016825675964,0.07208335399627686,0.07167378067970276,0.12539884448051453,0.0750063955783844,0.1443864107131958,0.30122441053390503
TEST_07.csv,담하_테라,0.03451979160308838,0.0179293155670166,0.05599868297576904,0.06278115510940552,0.0416029691696167,-0.03288745880126953,-0.030573904514312744
TEST_07.csv,담하_하동 매실 칵테일,0.19865845143795013,0.19393068552017212,0.14338736236095428,0.03540322184562683,0.08843311667442322,0.12276363372802734,0.1856767237186432
TEST_07.csv,담하_한우 떡갈비 정식,2.6902527809143066,1.7938799858093262,1.0923089981079102,0.6952018737792969,1.273139476776123,0.7933998107910156,1.222388744354248
TEST_07.csv,담하_한우 미역국 정식,1.8240199089050293,1.6605644226074219,1.0499234199523926,1.337531566619873,2.3114428520202637,2.039938449859619,2.1873834133148193
TEST_07.csv,담하_한우 우거지 국밥,1.9387705326080322,2.296114444732666,0.8087372779846191,-0.13714265823364258,0.378129243850708,0.6947526931762695,0.8019692897796631
TEST_07.csv,담하_한우 차돌박이 된장찌개,2.514592170715332,1.8784284591674805,1.2397475242614746,1.1735243797302246,1.7703866958618164,1.434708595275879,1.4862642288208008
TEST_07.csv,담하_황태해장국,1.876441240310669,1.9327174425125122,1.2432363033294678,0.6303359270095825,0.7002103328704834,1.164534568786621,1.8281532526016235
TEST_07.csv,라그로타_AUS (200g),0.11377251148223877,0.06052041053771973,0.11254328489303589,0.0055915117263793945,0.002319812774658203,0.016736507415771484,0.05935877561569214
TEST_07.csv,라그로타_G-Charge(3),0.1446945071220398,0.007884740829467773,-0.040631651878356934,-0.004018902778625488,-0.006118714809417725,0.03820788860321045,0.02691739797592163
TEST_07.csv,라그로타_Gls.Sileni,0.038408488035202026,0.011118024587631226,-0.04094940423965454,-0.040705859661102295,-0.0766039490699768,-0.0817529559135437,0.04581648111343384
TEST_07.csv,라그로타_Gls.미션 서드,0.07553708553314209,-0.01761317253112793,-0.05781352519989014,-0.11468768119812012,-0.15459787845611572,-0.23584389686584473,-0.08215188980102539
TEST_07.csv,라그로타_Open Food,-0.020371079444885254,-0.05135822296142578,-0.024558544158935547,-0.05762016773223877,-0.09611618518829346,-0.09771990776062012,-0.1807091236114502
TEST_07.csv,라그로타_그릴드 비프 샐러드,0.023836612701416016,0.038861989974975586,-0.07912576198577881,-0.0824812650680542,-0.028539538383483887,-0.09534645080566406,0.015223383903503418
TEST_07.csv,라그로타_까르보나라,-0.18103444576263428,-0.2166808843612671,-0.20671045780181885,-0.21227657794952393,-0.25572478771209717,-0.37179720401763916,-0.3431278467178345
TEST_07.csv,라그로타_모둠 해산물 플래터,0.09111267328262329,-0.012208282947540283,-0.06791412830352783,0.08181118965148926,0.01512831449508667,-0.05210763216018677,0.13460680842399597
TEST_07.csv,라그로타_미션 서드 카베르네 쉬라,-0.023427054286003113,-0.05224694311618805,0.01630982756614685,-0.01728120446205139,-0.05204501748085022,0.0032306909561157227,-0.09130218625068665
TEST_07.csv,라그로타_버섯 크림 리조또,0.23646605014801025,0.15444064140319824,0.00576937198638916,0.15974748134613037,0.12626922130584717,0.07085967063903809,0.16439580917358398
TEST_07.csv,라그로타_빵 추가 (1인),0.060725003480911255,0.06961938738822937,0.0252687931060791,0.04907125234603882,0.046830326318740845,0.009472370147705078,0.06363990902900696
TEST_07.csv,라그로타_스프라이트,0.01910984516143799,-0.025141417980194092,-0.027818679809570312,-0.06370881199836731,-0.028290212154388428,-0.008137375116348267,-0.043042004108428955
TEST_07.csv,라그로타_시저 샐러드 ,0.005898952484130859,-0.0758969783782959,0.17403018474578857,0.05084228515625,-0.006020486354827881,0.05277907848358154,0.03596621751785278
TEST_07.csv,라그로타_아메리카노,0.029032856225967407,0.12255457043647766,0.19111764430999756,0.06958682835102081,0.04411977529525757,-0.003831833600997925,-0.031005144119262695
TEST_07.csv,라그로타_알리오 에 올리오 ,-0.09735357761383057,-0.14723896980285645,-0.15399205684661865,-0.1845545768737793,-0.193747878074646,-0.3482379913330078,-0.02278757095336914
TEST_07.csv,라그로타_양갈비 (4ps),-0.0498427152633667,-0.0451391339302063,-0.019769787788391113,-0.024419009685516357,-0.030486643314361572,-0.014439404010772705,0.12803149223327637
TEST_07.csv,라그로타_자몽리치에이드,0.0018693208694458008,-0.10141110420227051,-0.1062086820602417,0.03520005941390991,0.027419865131378174,-0.014087498188018799,0.03939706087112427
TEST_07.csv,라그로타_제로콜라,-0.02928924560546875,0.008121967315673828,-0.007892906665802002,-0.025253385305404663,-0.014334559440612793,-0.02370777726173401,-0.007765024900436401
TEST_07.csv,라그로타_카스,0.11607831716537476,-0.01972895860671997,0.1089898943901062,0.01064687967300415,-0.01739591360092163,0.029392242431640625,0.020457983016967773
TEST_07.csv,라그로타_콜라,0.0011849403381347656,-0.08481740951538086,-0.13576364517211914,-0.19539260864257812,-0.06947767734527588,0.06130623817443848,-0.02976071834564209
TEST_07.csv,라그로타_하이네켄(생),0.28163909912109375,0.24721503257751465,0.3222537040710449,0.17547857761383057,0.5695745348930359,1.1980314254760742,0.377424955368042
TEST_07.csv,라그로타_한우 (200g),-0.027634859085083008,-0.07570004463195801,-0.05473673343658447,-0.030052661895751953,-0.10357272624969482,-0.1547931432723999,-0.10565078258514404
TEST_07.csv,라그로타_해산물 토마토 리조또,-0.021421968936920166,-0.064980149269104,-0.006873369216918945,0.027951836585998535,-0.036504387855529785,-0.10253584384918213,-0.09202027320861816
TEST_07.csv,라그로타_해산물 토마토 스튜 파스타,-0.022782444953918457,-0.0006080865859985352,-0.10456740856170654,-0.0913090705871582,-0.046860456466674805,-0.11504578590393066,-0.07365620136260986
TEST_07.csv,라그로타_해산물 토마토 스파게티,0.01190173625946045,0.009832262992858887,-0.06389307975769043,0.029271364212036133,-0.03493928909301758,-0.08547043800354004,-0.15621495246887207
TEST_07.csv,"미라시아_(단체)브런치주중 36,000",0.3340883255004883,0.7825288772583008,0.38349342346191406,1.1415843963623047,2.6335248947143555,2.0355119705200195,0.04889965057373047
TEST_07.csv,미라시아_(오븐) 하와이안 쉬림프 피자,0.44269105792045593,-0.03761094808578491,0.06562626361846924,0.3002917766571045,0.2581266164779663,0.3626583218574524,0.23447930812835693
TEST_07.csv,미라시아_(화덕) 불고기 페퍼로니 반반피자,0.6153414249420166,0.3468739986419678,0.3611476421356201,0.6061012744903564,0.4413994550704956,0.5729589462280273,0.16134262084960938
TEST_07.csv,미라시아_BBQ Platter,1.7359671592712402,0.4206686019897461,0.679469108581543,1.0131912231445312,1.4397180080413818,2.5336391925811768,1.1882209777832031
TEST_07.csv,미라시아_BBQ 고기추가,0.11136436462402344,0.18700915575027466,0.14805740118026733,0.14168596267700195,0.22762387990951538,0.4640171527862549,0.20160812139511108
TEST_07.csv,미라시아_공깃밥,0.011927366256713867,-0.022495567798614502,0.013028085231781006,0.06560489535331726,0.20307236909866333,0.15530171990394592,-0.011819601058959961
TEST_07.csv,미라시아_글라스와인 (레드),0.18337145447731018,0.025552570819854736,0.11643606424331665,0.009273350238800049,-0.07456105947494507,-0.007401943206787109,0.12206253409385681
TEST_07.csv,미라시아_레인보우칵테일(알코올),0.14285072684288025,0.020924262702465057,0.015911608934402466,0.004218101501464844,-0.005437448620796204,0.04771268367767334,0.22548174858093262
TEST_07.csv,미라시아_미라시아 브런치 (패키지),-0.29249095916748047,-0.5716829299926758,-0.2732200622558594,-0.4232053756713867,0.6038122177124023,0.6616621017456055,-0.5756340026855469
TEST_07.csv,미라시아_버드와이저(무제한),1.1620099544525146,0.44441819190979004,0.49565911293029785,0.47257280349731445,0.7525110244750977,1.211025357246399,0.33658647537231445
TEST_07.csv,미라시아_보일링 랍스타 플래터,0.2830759882926941,0.09110546112060547,0.10415732860565186,0.1255921721458435,0.5697314143180847,1.2897710800170898,0.4179508090019226
TEST_07.csv,미라시아_보일링 랍스타 플래터(덜매운맛),0.403903067111969,0.2064586579799652,0.29302147030830383,0.2554137408733368,0.31632962822914124,0.6158634424209595,0.44264402985572815
TEST_07.csv,미라시아_브런치 2인 패키지 ,-0.12940764427185059,-0.025524020195007324,-0.005841255187988281,-0.11248219013214111,-0.07969927787780762,-0.20748209953308105,0.04397475719451904
TEST_07.csv,미라시아_브런치 4인 패키지 ,0.00044196099042892456,0.008816329762339592,-0.002353854477405548,0.008221009746193886,0.003612242639064789,-0.006910771131515503,-0.013014685362577438
TEST_07.csv,미라시아_브런치(대인) 주말,30.080196380615234,2.6508407592773438,-6.171268463134766,-3.1996326446533203,-3.9959068298339844,0.3617820739746094,28.951078414916992
TEST_07.csv,미라시아_브런치(대인) 주중,-2.0643177032470703,3.753835678100586,5.986928939819336,9.747684478759766,25.27683448791504,15.56669807434082,-6.195302963256836
TEST_07.csv,미라시아_브런치(어린이),4.903032302856445,4.282013893127441,2.2080116271972656,-0.9027175903320312,1.2682514190673828,1.546213150024414,1.5042228698730469
TEST_07.csv,미라시아_쉬림프 투움바 파스타,1.0681113004684448,0.32097959518432617,0.4927408695220947,0.6073060035705566,0.4567086696624756,1.0478167533874512,1.245394229888916
TEST_07.csv,미라시아_스텔라(무제한),0.2972288131713867,0.23789608478546143,0.12647771835327148,0.14052188396453857,0.21624743938446045,0.2219618558883667,0.27529406547546387
TEST_07.csv,미라시아_스프라이트,0.005578458309173584,0.03725898265838623,-0.01999795436859131,0.04025089740753174,0.009826064109802246,-0.020613551139831543,0.0009999871253967285
TEST_07.csv,미라시아_애플망고 에이드,1.4720649719238281,0.40465736389160156,0.6745495796203613,0.9265360832214355,1.1611967086791992,2.7943644523620605,2.724936008453369
TEST_07.csv,미라시아_얼그레이 하이볼,0.021571725606918335,0.09870323538780212,0.014196395874023438,0.08075074851512909,-0.02469119429588318,0.006981849670410156,0.11694028973579407
TEST_07.csv,미라시아_오븐구이 윙과 킬바사소세지,0.29033464193344116,0.0762479305267334,0.06980198621749878,0.09617674350738525,0.15305989980697632,0.46381625533103943,0.41887998580932617
TEST_07.csv,미라시아_유자 하이볼,0.1697092056274414,-0.004163622856140137,-0.0335007905960083,-0.010465681552886963,-0.07686847448348999,-0.026991724967956543,0.44972893595695496
TEST_07.csv,미라시아_잭 애플 토닉,0.022875994443893433,-0.016006410121917725,-0.003828004002571106,-0.008699655532836914,0.04835085570812225,0.07455144077539444,0.006478101015090942
TEST_07.csv,미라시아_칠리 치즈 프라이,0.23255634307861328,-0.04528075456619263,0.024671316146850586,0.15377363562583923,0.2143995761871338,0.5245653390884399,0.4497324824333191
TEST_07.csv,미라시아_코카콜라,0.24148869514465332,0.17184096574783325,0.22877097129821777,0.5331812500953674,0.5020806193351746,0.048354506492614746,0.35343384742736816
TEST_07.csv,미라시아_코카콜라(제로),0.22458845376968384,0.11504381895065308,0.11248642206192017,0.14361107349395752,0.16140198707580566,0.17040205001831055,0.12309622764587402
TEST_07.csv,미라시아_콥 샐러드,0.3500610589981079,0.124289870262146,0.26901090145111084,0.31869983673095703,0.43765974044799805,0.7620772123336792,0.13433921337127686
TEST_07.csv,미라시아_파스타면 추가(150g),0.37196075916290283,0.019970357418060303,0.053921282291412354,0.0314403772354126,0.3810461759567261,0.8393053412437439,0.7179166674613953
TEST_07.csv,미라시아_핑크레몬에이드,0.22878676652908325,0.011474609375,0.09981650114059448,0.201285719871521,0.22179549932479858,0.4295942783355713,0.40982532501220703
TEST_07.csv,연회장_Cass Beer,1.0927276611328125,3.2671220302581787,1.5618481636047363,0.7098345756530762,1.0873403549194336,-0.8975887298583984,-0.7264814376831055
TEST_07.csv,연회장_Conference L1,-0.00826580822467804,0.0070023313164711,0.03607919067144394,-0.0033349990844726562,-0.007199712097644806,-0.008867286145687103,-0.015737198293209076
TEST_07.csv,연회장_Conference L2,7.756799459457397e-05,-0.002564936876296997,-0.0063511282205581665,-0.0016317516565322876,-0.0014313608407974243,-0.006768673658370972,-0.011272385716438293
TEST_07.csv,연회장_Conference L3,-0.03413690626621246,-0.011008590459823608,-0.029218554496765137,-0.018552839756011963,-0.015722379088401794,-0.02691732347011566,-0.04744356870651245
TEST_07.csv,연회장_Conference M1,-0.035368576645851135,-0.018843844532966614,-0.008661553263664246,0.04085284471511841,0.008378148078918457,-0.011272788047790527,-0.009806722402572632
TEST_07.csv,연회장_Conference M8,-0.03335632383823395,-0.02409452199935913,0.018493182957172394,0.1194896548986435,0.042218245565891266,-0.0318802148103714,-0.041768550872802734
TEST_07.csv,연회장_Conference M9,0.11572563648223877,0.09418061375617981,0.096226766705513,0.09972837567329407,0.1318967640399933,0.1854953020811081,0.1678258180618286
TEST_07.csv,연회장_Convention Hall,-0.056202828884124756,-0.0683431625366211,-0.04917782545089722,0.024768918752670288,0.09822510927915573,0.018460631370544434,-0.07148441672325134
TEST_07.csv,연회장_Cookie Platter,-0.15337270498275757,-0.02669084072113037,0.030883967876434326,0.2676590085029602,0.3672795295715332,-0.07726657390594482,-0.16377288103103638
TEST_07.csv,연회장_Grand Ballroom,-0.055532559752464294,-0.044135332107543945,-0.04000844061374664,-0.04177120327949524,0.16316188871860504,0.21043013036251068,-0.05709533393383026
TEST_07.csv,연회장_OPUS 2,-0.035823896527290344,-0.03500017523765564,-0.03039965033531189,-0.033944860100746155,0.02256113290786743,-0.019070252776145935,-0.04220494627952576
TEST_07.csv,연회장_Regular Coffee,1.88677978515625,2.4840235710144043,2.5907883644104004,3.0959396362304688,3.620856285095215,2.8323802947998047,1.798065185546875
TEST_07.csv,연회장_골뱅이무침,0.9546184539794922,0.415665864944458,0.13540959358215332,0.22171640396118164,0.6397154331207275,0.8859622478485107,1.200920581817627
TEST_07.csv,연회장_공깃밥,0.2600884437561035,-0.2083113193511963,-0.24485015869140625,-0.1141355037689209,0.23146295547485352,0.7007286548614502,1.116269588470459
TEST_07.csv,연회장_돈목살 김치찌개 (밥포함),0.6742874383926392,0.3724489212036133,0.3124840259552002,0.500159502029419,0.6710600852966309,0.40010762214660645,0.4996218681335449
TEST_07.csv,연회장_로제 치즈떡볶이,0.13912558555603027,-0.0004482269287109375,-0.09412574768066406,-0.17815399169921875,0.012760758399963379,0.2764979600906372,0.30723869800567627
TEST_07.csv,연회장_마라샹궈,0.4765010476112366,0.13273733854293823,0.2566490173339844,0.26388096809387207,0.3245265483856201,0.5678940415382385,0.46504729986190796
TEST_07.csv,연회장_매콤 무뼈닭발&계란찜,0.3015170097351074,0.15706908702850342,0.1493440866470337,0.20051872730255127,0.39000648260116577,0.5130010843276978,0.1699143648147583
TEST_07.csv,연회장_모둠 돈육구이(3인),1.128431797027588,0.9052028656005859,0.6731557846069336,1.0635080337524414,1.2591991424560547,1.2879867553710938,1.1749577522277832
TEST_07.csv,연회장_삼겹살추가 (200g),0.2737959623336792,0.07318496704101562,0.045719027519226074,-0.04999864101409912,0.16509318351745605,0.1782243251800537,0.011890649795532227
TEST_07.csv,연회장_야채추가,0.2566218376159668,0.261242151260376,0.10671186447143555,0.2773708701133728,0.39692503213882446,0.6360586881637573,0.672164797782898
TEST_07.csv,연회장_왕갈비치킨,0.44995367527008057,0.28073668479919434,0.16142797470092773,0.26760685443878174,0.552342414855957,0.6578830480575562,0.41843295097351074
TEST_07.csv,연회장_주먹밥 (2ea),0.15324902534484863,0.09024560451507568,0.08856809139251709,0.2679630517959595,0.7126734852790833,1.108914852142334,0.6048685908317566
TEST_07.csv,카페테리아_공깃밥(추가),-0.5932884216308594,-0.6273136138916016,-1.4555721282958984,-1.3344230651855469,-0.9184246063232422,-1.4133625030517578,-1.251495361328125
TEST_07.csv,카페테리아_구슬아이스크림,1.0031318664550781,0.9020862579345703,1.1681880950927734,0.8617134094238281,0.9869060516357422,0.8861427307128906,0.7075233459472656
TEST_07.csv,카페테리아_단체식 13000(신),-2.8340654373168945,2.220505714416504,2.3391056060791016,-4.129776954650879,-3.891493797302246,15.45980453491211,-0.4897899627685547
TEST_07.csv,카페테리아_단체식 18000(신),-8.387596130371094,-10.157516479492188,-7.6190643310546875,-7.387603759765625,34.91499328613281,24.84745979309082,-12.109264373779297
TEST_07.csv,카페테리아_돼지고기 김치찌개,-0.0288238525390625,-0.24921226501464844,-0.8966808319091797,-0.9118156433105469,-0.4782142639160156,-1.2296695709228516,-0.7808494567871094
TEST_07.csv,카페테리아_복숭아 아이스티,-0.2617607116699219,-0.3631858825683594,-0.07802009582519531,-0.35988807678222656,-0.10958290100097656,-0.8723850250244141,-0.5350303649902344
TEST_07.csv,카페테리아_새우 볶음밥,0.19380569458007812,0.0957489013671875,-0.17978191375732422,-0.4534587860107422,-0.0580902099609375,-0.48389625549316406,-0.5909738540649414
TEST_07.csv,카페테리아_새우튀김 우동,0.11969470977783203,0.21263504028320312,-0.056082725524902344,-0.17605876922607422,0.12722015380859375,-0.22330760955810547,-0.20012474060058594
TEST_07.csv,카페테리아_샷 추가,0.006917357444763184,0.03263258934020996,0.018787741661071777,0.010585784912109375,0.055023789405822754,0.020612120628356934,0.01896059513092041
TEST_07.csv,카페테리아_수제 등심 돈까스,1.4357528686523438,0.4973297119140625,0.10150909423828125,-0.5306549072265625,0.03559112548828125,-1.6768302917480469,-0.3752174377441406
TEST_07.csv,카페테리아_아메리카노(HOT),0.3853340148925781,-0.14501953125,-0.94580078125,-0.6518516540527344,0.009349822998046875,-1.2873153686523438,-0.13513946533203125
TEST_07.csv,카페테리아_아메리카노(ICE),0.45635986328125,-0.5070877075195312,-1.2109260559082031,-1.7024650573730469,-1.641326904296875,-2.469676971435547,-1.1866798400878906
TEST_07.csv,카페테리아_약 고추장 돌솥비빔밥,1.8196792602539062,1.2620887756347656,1.006887435913086,1.0200424194335938,1.5512943267822266,0.6437397003173828,0.6443614959716797
TEST_07.csv,카페테리아_어린이 돈까스,0.3030986785888672,-0.14170169830322266,-0.11742973327636719,0.053877830505371094,0.08826541900634766,-0.3164634704589844,-0.1092376708984375
TEST_07.csv,카페테리아_오픈푸드,-0.02460932731628418,-0.004218041896820068,-0.029825210571289062,0.0010462403297424316,0.03125065565109253,-0.015327811241149902,-0.04203009605407715
TEST_07.csv,카페테리아_진사골 설렁탕,-0.2160205841064453,-0.3561687469482422,-0.45851898193359375,-0.8546810150146484,-0.4771289825439453,-0.9135322570800781,-1.1456069946289062
TEST_07.csv,카페테리아_짜장면,0.9630413055419922,0.7249202728271484,0.5987682342529297,0.22821426391601562,0.4305763244628906,-0.2658843994140625,-0.044795989990234375
TEST_07.csv,카페테리아_짜장밥,0.0769190788269043,0.11403656005859375,0.03121352195739746,0.053807735443115234,0.12108182907104492,0.01957225799560547,-0.04302167892456055
TEST_07.csv,카페테리아_짬뽕,-0.07190704345703125,-0.1652660369873047,-0.3333454132080078,-0.5493936538696289,-0.33414649963378906,-0.6828441619873047,-0.6106529235839844
TEST_07.csv,카페테리아_짬뽕밥,-0.4547286033630371,-0.5274415016174316,-0.508509635925293,-0.5589213371276855,-0.5258522033691406,-0.5267748832702637,-0.5824189186096191
TEST_07.csv,카페테리아_치즈돈까스,1.156667709350586,0.7527828216552734,0.3868694305419922,-0.1022491455078125,0.17020034790039062,-0.6208648681640625,-0.016721725463867188
TEST_07.csv,카페테리아_카페라떼(HOT),0.07748985290527344,-0.21954345703125,-0.7344169616699219,-0.9184303283691406,-0.7703266143798828,-1.3031005859375,-0.6671638488769531
TEST_07.csv,카페테리아_카페라떼(ICE),0.030661582946777344,-0.135467529296875,-0.35222434997558594,-0.2724571228027344,-0.21918106079101562,-0.6450281143188477,-0.2991456985473633
TEST_07.csv,카페테리아_한상 삼겹구이 정식(2인) 소요시간 약 15~20분,-7.606082363054156e-06,-7.373231255769497e-06,-7.582940270367544e-06,-7.579332304885611e-06,-7.6131186688144226e-06,-8.088164577202406e-06,-8.118452569760848e-06
TEST_07.csv,포레스트릿_꼬치어묵,1.0501861572265625,-1.6409072875976562,-1.0830230712890625,-3.3294754028320312,-3.2236480712890625,-5.135734558105469,-2.038177490234375
TEST_07.csv,포레스트릿_떡볶이,0.5487136840820312,-1.7034759521484375,-1.4829559326171875,-2.5162124633789062,-2.6452484130859375,-3.6653823852539062,-2.102691650390625
TEST_07.csv,포레스트릿_복숭아 아이스티,0.6746063232421875,0.8172664642333984,0.5123157501220703,-0.698272705078125,-0.45771217346191406,-0.9778785705566406,-0.6247348785400391
TEST_07.csv,포레스트릿_생수,2.621734619140625,1.1216583251953125,0.5840682983398438,-0.91278076171875,-0.6011505126953125,-1.658172607421875,-1.0004119873046875
TEST_07.csv,포레스트릿_스프라이트,0.5321693420410156,0.6514081954956055,0.49311161041259766,-0.07945442199707031,0.15020465850830078,0.015916824340820312,0.02246570587158203
TEST_07.csv,포레스트릿_아메리카노(HOT),-0.8202190399169922,-1.0568008422851562,-1.1767330169677734,-1.1713733673095703,-0.8811664581298828,-1.4665546417236328,-1.1094818115234375
TEST_07.csv,포레스트릿_아메리카노(ICE),0.5990734100341797,0.6003894805908203,-0.38465309143066406,-1.0652999877929688,-0.437591552734375,-0.8188495635986328,-0.4190826416015625
TEST_07.csv,포레스트릿_치즈 핫도그,0.4274139404296875,-0.7467803955078125,-0.6694259643554688,-1.0326004028320312,-1.1914749145507812,-2.0305557250976562,-0.8582687377929688
TEST_07.csv,포레스트릿_카페라떼(HOT),0.029595375061035156,-0.15795326232910156,-0.10876083374023438,-0.20044994354248047,-0.1276416778564453,-0.3551025390625,-0.28052616119384766
TEST_07.csv,포레스트릿_카페라떼(ICE),0.14944815635681152,0.08489036560058594,-0.10721039772033691,-0.31122350692749023,-0.06316637992858887,0.08863258361816406,0.04205012321472168
TEST_07.csv,포레스트릿_코카콜라,1.14422607421875,0.9889984130859375,0.5459804534912109,-0.2634868621826172,-0.09679985046386719,-0.15661048889160156,-0.09296798706054688
TEST_07.csv,포레스트릿_페스츄리 소시지,0.264068603515625,0.00963592529296875,-0.16156959533691406,-0.5638446807861328,-0.6194038391113281,-0.8615341186523438,-0.6970996856689453
TEST_07.csv,화담숲주막_느린마을 막걸리,-7.606082363054156e-06,-7.373231255769497e-06,-7.582940270367544e-06,-7.579332304885611e-06,-7.6131186688144226e-06,-8.088164577202406e-06,-8.118452569760848e-06
TEST_07.csv,화담숲주막_단호박 식혜 ,-7.606082363054156e-06,-7.373231255769497e-06,-7.582940270367544e-06,-7.579332304885611e-06,-7.6131186688144226e-06,-8.088164577202406e-06,-8.118452569760848e-06
TEST_07.csv,화담숲주막_병천순대,-7.606082363054156e-06,-7.373231255769497e-06,-7.582940270367544e-06,-7.579332304885611e-06,-7.6131186688144226e-06,-8.088164577202406e-06,-8.118452569760848e-06
TEST_07.csv,화담숲주막_스프라이트,-7.606082363054156e-06,-7.373231255769497e-06,-7.582940270367544e-06,-7.579332304885611e-06,-7.6131186688144226e-06,-8.088164577202406e-06,-8.118452569760848e-06
TEST_07.csv,화담숲주막_참살이 막걸리,-7.606082363054156e-06,-7.373231255769497e-06,-7.582940270367544e-06,-7.579332304885611e-06,-7.6131186688144226e-06,-8.088164577202406e-06,-8.118452569760848e-06
TEST_07.csv,화담숲주막_찹쌀식혜,-7.606082363054156e-06,-7.373231255769497e-06,-7.582940270367544e-06,-7.579332304885611e-06,-7.6131186688144226e-06,-8.088164577202406e-06,-8.118452569760848e-06
TEST_07.csv,화담숲주막_콜라,-7.606082363054156e-06,-7.373231255769497e-06,-7.582940270367544e-06,-7.579332304885611e-06,-7.6131186688144226e-06,-8.088164577202406e-06,-8.118452569760848e-06
TEST_07.csv,화담숲주막_해물파전,-7.606082363054156e-06,-7.373231255769497e-06,-7.582940270367544e-06,-7.579332304885611e-06,-7.6131186688144226e-06,-8.088164577202406e-06,-8.118452569760848e-06
TEST_07.csv,화담숲카페_메밀미숫가루,-7.606082363054156e-06,-7.373231255769497e-06,-7.582940270367544e-06,-7.579332304885611e-06,-7.6131186688144226e-06,-8.088164577202406e-06,-8.118452569760848e-06
TEST_07.csv,화담숲카페_아메리카노 HOT,-7.606082363054156e-06,-7.373231255769497e-06,-7.582940270367544e-06,-7.579332304885611e-06,-7.6131186688144226e-06,-8.088164577202406e-06,-8.118452569760848e-06
TEST_07.csv,화담숲카페_아메리카노 ICE,-7.606082363054156e-06,-7.373231255769497e-06,-7.582940270367544e-06,-7.579332304885611e-06,-7.6131186688144226e-06,-8.088164577202406e-06,-8.118452569760848e-06
TEST_07.csv,화담숲카페_카페라떼 ICE,-7.606082363054156e-06,-7.373231255769497e-06,-7.582940270367544e-06,-7.579332304885611e-06,-7.6131186688144226e-06,-8.088164577202406e-06,-8.118452569760848e-06
TEST_07.csv,화담숲카페_현미뻥스크림,-7.606082363054156e-06,-7.373231255769497e-06,-7.582940270367544e-06,-7.579332304885611e-06,-7.6131186688144226e-06,-8.088164577202406e-06,-8.118452569760848e-06
TEST_08.csv,느티나무 셀프BBQ_1인 수저세트,-0.18285870552062988,0.2771165370941162,0.37447524070739746,0.23884916305541992,1.048431158065796,6.726229667663574,6.5551018714904785
TEST_08.csv,느티나무 셀프BBQ_BBQ55(단체),-3.487184524536133,0.5431108474731445,7.826592445373535,27.239871978759766,36.80211639404297,14.011221885681152,-1.5426883697509766
TEST_08.csv,"느티나무 셀프BBQ_대여료 30,000원",6.3330535888671875,0.0014691352844238281,1.0649783611297607,1.287219762802124,1.6012840270996094,4.236265182495117,7.229928970336914
TEST_08.csv,"느티나무 셀프BBQ_대여료 60,000원",3.9404544830322266,-0.11037707328796387,0.0826108455657959,0.293198823928833,1.8191877603530884,3.655160665512085,5.1346588134765625
TEST_08.csv,"느티나무 셀프BBQ_대여료 90,000원",0.9452555179595947,-0.024022936820983887,-0.07009488344192505,0.08821099996566772,0.2681206166744232,1.4672436714172363,2.6035308837890625
TEST_08.csv,"느티나무 셀프BBQ_본삼겹 (단품,실내)",0.40527594089508057,0.5185269713401794,1.0009193420410156,0.9805665612220764,1.1015169620513916,2.2640652656555176,1.7591724395751953
TEST_08.csv,느티나무 셀프BBQ_스프라이트 (단체),0.013339996337890625,1.5056304931640625,4.2715559005737305,7.768410682678223,11.124635696411133,6.582741737365723,0.786229133605957
TEST_08.csv,느티나무 셀프BBQ_신라면,-7.606082363054156e-06,-7.373231255769497e-06,-7.582940270367544e-06,-7.579332304885611e-06,-7.6131186688144226e-06,-8.088164577202406e-06,-8.118452569760848e-06
TEST_08.csv,느티나무 셀프BBQ_쌈야채세트,1.3236470222473145,0.9698531627655029,2.8820390701293945,2.2729644775390625,2.2856764793395996,3.550741672515869,2.76535701751709
TEST_08.csv,느티나무 셀프BBQ_쌈장,0.07489669322967529,-0.01809978485107422,-0.03809434175491333,-0.07041966915130615,0.005372375249862671,0.27650558948516846,0.343902051448822
TEST_08.csv,느티나무 셀프BBQ_육개장 사발면,0.4915229082107544,0.2990483045578003,1.2439539432525635,0.9023000001907349,1.169695258140564,0.9245904088020325,0.12577366828918457
TEST_08.csv,느티나무 셀프BBQ_일회용 소주컵,0.2081046998500824,0.037982553243637085,0.03028547763824463,-0.006233245134353638,0.2708842158317566,0.6859704256057739,0.12985289096832275
TEST_08.csv,느티나무 셀프BBQ_일회용 종이컵,-0.00799860805273056,-0.006434984505176544,-0.009113352745771408,-0.004774931818246841,-0.0027430392801761627,0.0021661706268787384,-0.005762942135334015
TEST_08.csv,느티나무 셀프BBQ_잔디그늘집 대여료 (12인석),-7.606082363054156e-06,-7.373231255769497e-06,-7.582940270367544e-06,-7.579332304885611e-06,-7.6131186688144226e-06,-8.088164577202406e-06,-8.118452569760848e-06
TEST_08.csv,느티나무 셀프BBQ_잔디그늘집 대여료 (6인석),-7.606082363054156e-06,-7.373231255769497e-06,-7.582940270367544e-06,-7.579332304885611e-06,-7.6131186688144226e-06,-8.088164577202406e-06,-8.118452569760848e-06
TEST_08.csv,느티나무 셀프BBQ_잔디그늘집 의자 추가,-7.606082363054156e-06,-7.373231255769497e-06,-7.582940270367544e-06,-7.579332304885611e-06,-7.6131186688144226e-06,-8.088164577202406e-06,-8.118452569760848e-06
TEST_08.csv,느티나무 셀프BBQ_참이슬 (단체),-3.859180450439453,4.495332717895508,11.72018814086914,42.500911712646484,78.98312377929688,29.287378311157227,-2.9047317504882812
TEST_08.csv,느티나무 셀프BBQ_친환경 접시 14cm,0.16293570399284363,0.07637190818786621,0.21090853214263916,0.06831163167953491,0.2970048785209656,0.8839873671531677,0.30877578258514404
TEST_08.csv,느티나무 셀프BBQ_친환경 접시 23cm,-0.06229293346405029,-0.07437103986740112,-0.015034079551696777,-0.01540037989616394,0.1746053248643875,0.5493777394294739,0.08962574601173401
TEST_08.csv,느티나무 셀프BBQ_카스 병(단체),0.2627124786376953,4.644786834716797,13.191070556640625,49.25004196166992,87.90863037109375,24.04425048828125,-6.009067535400391
TEST_08.csv,느티나무 셀프BBQ_콜라 (단체),0.06189155578613281,1.9157772064208984,4.948272705078125,11.674589157104492,16.320837020874023,7.222806930541992,0.872258186340332
TEST_08.csv,느티나무 셀프BBQ_햇반,0.0585482120513916,-0.03596055507659912,0.06672048568725586,-0.005425095558166504,0.16710680723190308,0.5012603998184204,0.2280300259590149
TEST_08.csv,느티나무 셀프BBQ_허브솔트,0.09760555624961853,0.05699607729911804,0.02655768394470215,0.06293803453445435,0.10932272672653198,0.06686282157897949,0.02890235185623169
TEST_08.csv,담하_(단체) 공깃밥,0.007085531949996948,0.14998410642147064,0.10729427635669708,0.143260195851326,0.35576140880584717,0.3506634533405304,0.0733552873134613
TEST_08.csv,담하_(단체) 생목살 김치전골 2.0,4.870731353759766,2.98734188079834,4.896371841430664,5.145796775817871,5.4566144943237305,4.803250312805176,2.950956344604492
TEST_08.csv,담하_(단체) 은이버섯 갈비탕,2.475041389465332,4.926896572113037,5.58882474899292,2.6325225830078125,4.75631046295166,2.342423439025879,1.4979419708251953
TEST_08.csv,담하_(단체) 한우 우거지 국밥,1.0312399864196777,0.09090948104858398,0.4098470211029053,0.8640241622924805,2.893521547317505,2.360637664794922,1.209174394607544
TEST_08.csv,담하_(단체) 황태해장국 3/27까지,5.21026611328125,7.9768218994140625,45.74630355834961,37.82862854003906,40.00608825683594,55.410400390625,35.695770263671875
TEST_08.csv,담하_(정식) 된장찌개,21.97400665283203,5.394060134887695,8.360152244567871,8.180535316467285,9.24643325805664,10.003217697143555,18.80305290222168
TEST_08.csv,담하_(정식) 물냉면 ,0.33063042163848877,-0.01586747169494629,1.0077325105667114,0.483461856842041,1.1994212865829468,2.731785535812378,3.943484306335449
TEST_08.csv,담하_(정식) 비빔냉면,2.7398529052734375,0.30832934379577637,1.5251688957214355,1.3325655460357666,1.7937297821044922,1.8478528261184692,1.858481764793396
TEST_08.csv,담하_(후식) 된장찌개,3.4347846508026123,0.8939411640167236,0.9878733158111572,1.0475053787231445,1.565983533859253,4.010791301727295,6.099789619445801
TEST_08.csv,담하_(후식) 물냉면,0.7255659103393555,0.6389486789703369,0.4206552505493164,0.2756612300872803,0.3940351605415344,1.4863394498825073,2.3066699504852295
TEST_08.csv,담하_(후식) 비빔냉면,0.014322400093078613,-0.1569153070449829,-0.19216519594192505,-0.12747889757156372,-0.12514889240264893,0.4442788362503052,0.9554233551025391
TEST_08.csv,담하_갑오징어 비빔밥,0.03316204249858856,0.03719747066497803,0.02253773808479309,0.01953873038291931,0.03300254046916962,0.010585576295852661,0.012249693274497986
TEST_08.csv,담하_갱시기,2.9432387351989746,1.484086513519287,1.9587602615356445,0.7651188373565674,1.2647098302841187,1.3911147117614746,2.0941925048828125
TEST_08.csv,담하_공깃밥,36.06013870239258,8.696571350097656,12.904380798339844,14.965204238891602,18.527753829956055,33.953224182128906,48.279701232910156
TEST_08.csv,담하_꼬막 비빔밥,0.014578774571418762,0.050172582268714905,0.02069394290447235,0.04128098487854004,0.04063156247138977,0.04118967056274414,0.040605515241622925
TEST_08.csv,담하_느린마을 막걸리,1.8536949157714844,1.388087511062622,1.1082361936569214,1.1895318031311035,1.0992536544799805,1.4233167171478271,2.1358954906463623
TEST_08.csv,담하_담하 한우 불고기,21.49005126953125,7.00056266784668,9.8692045211792,11.854820251464844,16.467788696289062,30.078876495361328,35.09307861328125
TEST_08.csv,담하_담하 한우 불고기 정식,17.106666564941406,4.525559902191162,6.6937971115112305,6.310034275054932,7.9425153732299805,10.776897430419922,23.032207489013672
TEST_08.csv,담하_더덕 한우 지짐,0.10984581708908081,0.15745329856872559,0.22083580493927002,0.32004478573799133,0.4589887857437134,0.3692607283592224,0.36836567521095276
TEST_08.csv,담하_들깨 양지탕,2.639256238937378,0.7176691293716431,3.0194976329803467,2.3908848762512207,2.065636157989502,1.3291488885879517,0.9924201965332031
TEST_08.csv,담하_라면사리,0.06019413471221924,0.11054468154907227,0.19779133796691895,0.07207530736923218,0.20549362897872925,0.15748929977416992,0.19277071952819824
TEST_08.csv,담하_룸 이용료,0.10378432273864746,0.2320166826248169,0.022240877151489258,-0.029477328062057495,-0.05650484561920166,-0.020341962575912476,-0.024683207273483276
TEST_08.csv,담하_메밀면 사리,1.80503511428833,-0.14768719673156738,0.1511012315750122,0.3053635358810425,0.3474292755126953,0.9408665895462036,2.388461112976074
TEST_08.csv,담하_명인안동소주,0.6044556498527527,0.0556652694940567,0.017847314476966858,0.19051921367645264,0.40566474199295044,0.5246099233627319,0.6523163318634033
TEST_08.csv,담하_명태회 비빔냉면,1.0726546049118042,1.4598751068115234,2.6298725605010986,2.8973093032836914,1.3900611400604248,1.5019278526306152,1.6492774486541748
TEST_08.csv,담하_문막 복분자 칵테일,-0.06396484375,-0.034810975193977356,0.013724654912948608,0.07398256659507751,0.12313617020845413,0.2081037312746048,0.0733664333820343
TEST_08.csv,담하_봉평메밀 물냉면,1.2422738075256348,0.5691608190536499,0.8202203512191772,0.8625202178955078,1.3257049322128296,2.925062894821167,3.408046007156372
TEST_08.csv,담하_생목살 김치찌개,7.899965286254883,2.460820198059082,2.872509241104126,3.9987740516662598,5.394197463989258,9.703390121459961,9.930133819580078
TEST_08.csv,담하_스프라이트,0.4934154152870178,-0.02669990062713623,0.03890657424926758,-0.06894463300704956,-0.00043383240699768066,-0.08442500233650208,0.14961053431034088
TEST_08.csv,담하_은이버섯 갈비탕,2.917774200439453,2.7816085815429688,1.9623242616653442,2.205749034881592,2.6555588245391846,3.1855649948120117,4.572999000549316
TEST_08.csv,담하_제로콜라,0.27284184098243713,0.19897028803825378,0.23283293843269348,0.4127758741378784,0.1793774962425232,0.2424069046974182,0.2759108245372772
TEST_08.csv,담하_참이슬,3.2561161518096924,1.3632071018218994,1.6351088285446167,2.0641274452209473,1.7556737661361694,1.925062894821167,4.124833583831787
TEST_08.csv,담하_처음처럼,0.39602288603782654,0.1811995506286621,0.30214962363243103,0.3063940703868866,0.2928262948989868,1.0371907949447632,1.0552756786346436
TEST_08.csv,담하_카스,0.3412317633628845,1.023916244506836,1.8016386032104492,2.017446994781494,1.1460909843444824,2.1086020469665527,2.7732319831848145
TEST_08.csv,담하_콜라,0.7650694847106934,0.13798445463180542,0.040527522563934326,-0.0739777684211731,0.15483006834983826,0.5909037590026855,1.3994073867797852
TEST_08.csv,담하_테라,0.1682230532169342,-0.031981706619262695,0.050835609436035156,0.1681768298149109,0.06611979007720947,0.5989161133766174,1.0685067176818848
TEST_08.csv,담하_하동 매실 칵테일,0.003385975956916809,0.02258463203907013,0.028775319457054138,0.06256566941738129,0.12845295667648315,0.24053753912448883,0.11722338199615479
TEST_08.csv,담하_한우 떡갈비 정식,7.841889381408691,1.3681957721710205,0.7884972095489502,1.4253544807434082,1.8059957027435303,4.4290080070495605,9.491355895996094
TEST_08.csv,담하_한우 미역국 정식,11.664758682250977,1.9105932712554932,3.0882339477539062,2.4323666095733643,3.547098159790039,3.351442813873291,5.195718288421631
TEST_08.csv,담하_한우 우거지 국밥,13.766874313354492,7.286554336547852,2.6450624465942383,2.8467559814453125,5.860972881317139,7.507737159729004,12.44155502319336
TEST_08.csv,담하_한우 차돌박이 된장찌개,4.79970645904541,3.9303789138793945,4.078219413757324,4.7998785972595215,4.684060096740723,5.62705659866333,5.827640056610107
TEST_08.csv,담하_황태해장국,24.61840057373047,5.435646057128906,3.1189677715301514,2.2612295150756836,3.5596063137054443,2.308615207672119,5.3841753005981445
TEST_08.csv,라그로타_AUS (200g),0.6545141935348511,-0.09941434860229492,0.07268506288528442,0.15329402685165405,0.6476787328720093,1.0381313562393188,1.4208950996398926
TEST_08.csv,라그로타_G-Charge(3),0.07974594831466675,-0.01135706901550293,0.06507349014282227,0.007288455963134766,0.19299516081809998,0.13387081027030945,-0.13747596740722656
TEST_08.csv,라그로타_Gls.Sileni,0.6512792706489563,0.4458819627761841,0.6651516556739807,0.7849777340888977,0.7762971520423889,1.119848608970642,0.7043218016624451
TEST_08.csv,라그로타_Gls.미션 서드,2.8269147872924805,0.6380274295806885,2.178224563598633,2.4749767780303955,2.790255308151245,3.353210210800171,2.536160469055176
TEST_08.csv,라그로타_Open Food,0.19360493123531342,-0.08342579007148743,-0.08803841471672058,-0.11262226104736328,-0.12314438819885254,-0.0034669041633605957,0.175040602684021
TEST_08.csv,라그로타_그릴드 비프 샐러드,0.7488217353820801,0.5641918182373047,0.6449030637741089,0.732365608215332,0.8010917901992798,1.1157922744750977,0.7381846904754639
TEST_08.csv,라그로타_까르보나라,2.9429986476898193,0.11154043674468994,0.49727797508239746,0.7743180394172668,0.8958979845046997,1.499850869178772,2.5921812057495117
TEST_08.csv,라그로타_모둠 해산물 플래터,0.6587811708450317,0.44351673126220703,0.928364634513855,0.7136788964271545,0.1836119294166565,0.46820351481437683,0.24911218881607056
TEST_08.csv,라그로타_미션 서드 카베르네 쉬라,0.31797727942466736,0.1222493052482605,0.2368519902229309,0.2723189890384674,0.464450478553772,0.3195485472679138,0.25330328941345215
TEST_08.csv,라그로타_버섯 크림 리조또,4.39268159866333,0.22461867332458496,1.521244764328003,1.3358135223388672,2.7194268703460693,2.6646595001220703,2.128704071044922
TEST_08.csv,라그로타_빵 추가 (1인),0.047732457518577576,0.07122451066970825,0.13659979403018951,0.2817364037036896,0.49162256717681885,0.33937376737594604,0.07147395610809326
TEST_08.csv,라그로타_스프라이트,-0.0042972564697265625,-0.05868688225746155,-0.02529275417327881,0.06565919518470764,0.0006782114505767822,0.4703215956687927,1.091639757156372
TEST_08.csv,라그로타_시저 샐러드 ,1.9972288608551025,0.41563546657562256,0.6771213412284851,0.8849751949310303,0.8258150815963745,0.7345638275146484,2.4230895042419434
TEST_08.csv,라그로타_아메리카노,0.0476069450378418,0.168523371219635,0.9004173874855042,0.1254662275314331,0.08188700675964355,-0.04766678810119629,0.1337575912475586
TEST_08.csv,라그로타_알리오 에 올리오 ,2.1446855068206787,0.23532116413116455,0.9530912637710571,1.1011013984680176,0.9900584816932678,2.4359614849090576,3.4219398498535156
TEST_08.csv,라그로타_양갈비 (4ps),0.23454374074935913,-0.05003547668457031,-0.035714805126190186,-0.009727776050567627,-0.015207171440124512,0.056507885456085205,0.11154532432556152
TEST_08.csv,라그로타_자몽리치에이드,0.33588945865631104,0.03580272197723389,0.43603551387786865,0.30600935220718384,0.46639299392700195,0.5513712167739868,0.5749658346176147
TEST_08.csv,라그로타_제로콜라,0.2585388422012329,0.17842447757720947,0.23844587802886963,0.25815045833587646,0.01832723617553711,0.19665521383285522,0.7738009691238403
TEST_08.csv,라그로타_카스,1.2539100646972656,0.7396374940872192,0.8484286665916443,1.2870877981185913,2.123730421066284,2.6268134117126465,2.117757797241211
TEST_08.csv,라그로타_콜라,1.2318280935287476,0.06552374362945557,0.45628809928894043,0.6334699392318726,0.49364030361175537,1.2079352140426636,1.7626619338989258
TEST_08.csv,라그로타_하이네켄(생),0.26397109031677246,0.3821682929992676,0.5379993319511414,0.6327577233314514,0.8073359131813049,1.2055256366729736,0.582796037197113
TEST_08.csv,라그로타_한우 (200g),1.3793034553527832,0.31282806396484375,1.6947613954544067,1.408341884613037,1.5605659484863281,0.7961493730545044,1.8164799213409424
TEST_08.csv,라그로타_해산물 토마토 리조또,1.100081205368042,-0.04563093185424805,0.25282859802246094,0.34612780809402466,0.20592057704925537,0.5145919919013977,1.2099528312683105
TEST_08.csv,라그로타_해산물 토마토 스튜 파스타,3.1176977157592773,0.8754630088806152,1.4425715208053589,1.417190670967102,2.1754822731018066,1.7342872619628906,1.5646252632141113
TEST_08.csv,라그로타_해산물 토마토 스파게티,2.8671202659606934,0.7456843852996826,3.012967586517334,2.5771312713623047,2.040377140045166,2.4039087295532227,2.9258005619049072
TEST_08.csv,"미라시아_(단체)브런치주중 36,000",-0.8749499320983887,-0.13974618911743164,1.2373452186584473,3.666855573654175,7.059398651123047,2.3449299335479736,-0.7238302230834961
TEST_08.csv,미라시아_(오븐) 하와이안 쉬림프 피자,2.0596041679382324,0.2791922092437744,0.8085252642631531,0.688212513923645,0.8118469715118408,1.8852275609970093,2.7068674564361572
TEST_08.csv,미라시아_(화덕) 불고기 페퍼로니 반반피자,0.7011079788208008,1.4073748588562012,1.153165340423584,0.7830276489257812,1.3659837245941162,4.936099052429199,4.3628387451171875
TEST_08.csv,미라시아_BBQ Platter,1.0015435218811035,1.488867998123169,0.9094429016113281,1.9498929977416992,2.0436699390411377,6.173827648162842,9.589492797851562
TEST_08.csv,미라시아_BBQ 고기추가,-0.12581029534339905,-0.04649379849433899,-0.0513225793838501,-0.06442752480506897,0.005939841270446777,0.32421204447746277,0.48853522539138794
TEST_08.csv,미라시아_공깃밥,0.496650755405426,0.1308985948562622,-0.035146355628967285,-0.2052987813949585,0.155470073223114,0.7709479331970215,1.1321957111358643
TEST_08.csv,미라시아_글라스와인 (레드),0.008336454629898071,0.006251178681850433,0.0037832483649253845,-2.580881118774414e-05,0.010529272258281708,0.00748579204082489,0.00046671926975250244
TEST_08.csv,미라시아_레인보우칵테일(알코올),0.17364776134490967,0.17850376665592194,0.13692815601825714,0.0019264519214630127,0.015184730291366577,0.051707327365875244,0.147767573595047
TEST_08.csv,미라시아_미라시아 브런치 (패키지),11.570405960083008,14.013921737670898,7.317327976226807,9.08463191986084,4.844143390655518,7.91623067855835,6.466436862945557
TEST_08.csv,미라시아_버드와이저(무제한),1.371459722518921,2.410954475402832,1.142991304397583,2.193504571914673,2.611677646636963,3.4614944458007812,4.563178539276123
TEST_08.csv,미라시아_보일링 랍스타 플래터,1.877687931060791,0.7433590888977051,1.7408500909805298,1.441779613494873,1.1261851787567139,2.294684410095215,3.1580591201782227
TEST_08.csv,미라시아_보일링 랍스타 플래터(덜매운맛),0.11662983894348145,0.09318220615386963,0.18288224935531616,0.1595572829246521,0.04118388891220093,0.08561396598815918,0.6954887509346008
TEST_08.csv,미라시아_브런치 2인 패키지 ,2.7627625465393066,1.0557235479354858,1.2966070175170898,0.7203884720802307,0.8572137951850891,0.602611780166626,2.8960816860198975
TEST_08.csv,미라시아_브런치 4인 패키지 ,0.04170699417591095,0.02311314269900322,-0.004463747143745422,0.0007528401911258698,-0.005096942186355591,0.0018535591661930084,-0.002427484840154648
TEST_08.csv,미라시아_브런치(대인) 주말,211.45587158203125,14.755556106567383,7.777896881103516,8.245491027832031,3.870807647705078,5.326038360595703,128.77749633789062
TEST_08.csv,미라시아_브런치(대인) 주중,-2.0059280395507812,30.638479232788086,22.699504852294922,24.795543670654297,71.02252197265625,52.119239807128906,-0.9113006591796875
TEST_08.csv,미라시아_브런치(어린이),25.158729553222656,13.668070793151855,6.445728778839111,5.066098213195801,4.472847938537598,2.3909521102905273,23.13266372680664
TEST_08.csv,미라시아_쉬림프 투움바 파스타,2.3965063095092773,0.44647109508514404,1.1364452838897705,0.7498089075088501,1.0055546760559082,2.8370895385742188,3.8129568099975586
TEST_08.csv,미라시아_스텔라(무제한),0.8855147361755371,0.4793253540992737,0.4557676911354065,0.5158401131629944,0.7124212980270386,1.5498721599578857,2.7566773891448975
TEST_08.csv,미라시아_스프라이트,0.8328913450241089,-0.11290568113327026,-0.10550105571746826,0.06310379505157471,0.1391662061214447,0.7052562832832336,1.7036387920379639
TEST_08.csv,미라시아_애플망고 에이드,1.9520823955535889,0.28125953674316406,0.4234985113143921,0.30607151985168457,0.5814946889877319,0.9360525608062744,2.484490394592285
TEST_08.csv,미라시아_얼그레이 하이볼,0.17120692133903503,0.1838872730731964,0.11012086272239685,0.18847796320915222,0.22295840084552765,0.309481680393219,0.33504626154899597
TEST_08.csv,미라시아_오븐구이 윙과 킬바사소세지,0.15491008758544922,0.2897971570491791,0.24184978008270264,0.26688122749328613,0.28107935190200806,0.8329368233680725,1.190814733505249
TEST_08.csv,미라시아_유자 하이볼,0.9806832075119019,-0.15900695323944092,-0.1566685438156128,-0.19641542434692383,0.44980189204216003,2.0287389755249023,3.0032389163970947
TEST_08.csv,미라시아_잭 애플 토닉,0.08565433323383331,0.0009046494960784912,0.0074672698974609375,-0.0879465639591217,-0.10529184341430664,-0.09071722626686096,0.1810775101184845
TEST_08.csv,미라시아_칠리 치즈 프라이,0.7287565469741821,0.5159226655960083,0.3743683993816376,0.25567740201950073,0.19159957766532898,0.4485875964164734,0.3767206072807312
TEST_08.csv,미라시아_코카콜라,-0.20517146587371826,-0.05969810485839844,0.05031931400299072,-0.02715355157852173,0.039113402366638184,1.7343566417694092,2.058276653289795
TEST_08.csv,미라시아_코카콜라(제로),0.5289207696914673,-0.08594465255737305,0.05039846897125244,0.057211101055145264,0.29365742206573486,0.9552778005599976,1.0000994205474854
TEST_08.csv,미라시아_콥 샐러드,0.8206570744514465,1.0905157327651978,0.9293977618217468,0.7741524577140808,1.066528081893921,3.2211053371429443,2.8633663654327393
TEST_08.csv,미라시아_파스타면 추가(150g),1.6661128997802734,0.3809528350830078,0.4834589660167694,0.48203587532043457,0.7197203040122986,1.7287946939468384,2.927586555480957
TEST_08.csv,미라시아_핑크레몬에이드,-0.001327071338891983,0.0005989968776702881,-0.005887880921363831,-0.00490526482462883,-0.0016044974327087402,-0.008113235235214233,-0.0039396733045578
TEST_08.csv,연회장_Cass Beer,8.96066665649414,10.331987380981445,5.492137908935547,2.36398983001709,9.295581817626953,3.754092216491699,2.8822593688964844
TEST_08.csv,연회장_Conference L1,-0.0694875717163086,0.6587129831314087,0.6145654320716858,0.5745831727981567,0.7297463417053223,0.6160888075828552,-0.21732354164123535
TEST_08.csv,연회장_Conference L2,-0.044533878564834595,0.02850818634033203,0.08083224296569824,0.1430310308933258,0.2439431995153427,0.23631709814071655,-0.0185357928276062
TEST_08.csv,연회장_Conference L3,-0.04001837968826294,-0.008468419313430786,-0.03226277232170105,0.009585052728652954,0.6301649808883667,0.4045849144458771,-0.09075099229812622
TEST_08.csv,연회장_Conference M1,0.0165865421295166,0.08072704076766968,0.11227753758430481,0.4038745164871216,0.8131684064865112,0.4839878976345062,0.0018646419048309326
TEST_08.csv,연회장_Conference M8,-0.08656874299049377,-0.06829935312271118,0.049248307943344116,0.13363468647003174,0.21271908283233643,0.03767269849777222,-0.13725975155830383
TEST_08.csv,연회장_Conference M9,0.025189802050590515,0.02232871949672699,0.03430136293172836,0.030806750059127808,0.14107376337051392,0.08022242039442062,0.021732576191425323
TEST_08.csv,연회장_Convention Hall,-0.025510430335998535,0.6389324069023132,0.6081207990646362,0.28765395283699036,0.8103873133659363,0.6699390411376953,-0.053733646869659424
TEST_08.csv,연회장_Cookie Platter,-0.003361642360687256,0.0649721622467041,0.025887727737426758,0.16064465045928955,0.5697219967842102,0.9721298217773438,0.18236541748046875
TEST_08.csv,연회장_Grand Ballroom,-0.03516307473182678,0.15669578313827515,0.26313602924346924,0.0635232925415039,0.2749934792518616,0.04468095302581787,-0.055066049098968506
TEST_08.csv,연회장_OPUS 2,0.08664408326148987,0.5855690240859985,0.8886450529098511,0.06782454252243042,0.40476927161216736,0.14623808860778809,0.038404375314712524
TEST_08.csv,연회장_Regular Coffee,0.11387252807617188,-1.6940574645996094,1.4392147064208984,29.94608497619629,26.647808074951172,-6.47052001953125,-7.700653076171875
TEST_08.csv,연회장_골뱅이무침,0.3141111135482788,0.34462106227874756,0.2359846830368042,0.28177154064178467,0.5984655618667603,2.380826711654663,3.2697560787200928
TEST_08.csv,연회장_공깃밥,0.01579737663269043,0.027548551559448242,0.24580615758895874,0.047576904296875,0.3778872489929199,2.6065709590911865,4.074725151062012
TEST_08.csv,연회장_돈목살 김치찌개 (밥포함),-0.19754600524902344,0.14396119117736816,0.0922776460647583,0.22757446765899658,0.44284605979919434,4.678643226623535,5.85294246673584
TEST_08.csv,연회장_로제 치즈떡볶이,0.030434012413024902,-0.04793858528137207,0.01419830322265625,0.09047836065292358,0.6340383291244507,2.3015971183776855,1.7664895057678223
TEST_08.csv,연회장_마라샹궈,0.039610326290130615,0.030466973781585693,0.036051273345947266,0.042368531227111816,0.15364933013916016,1.1095644235610962,1.0239934921264648
TEST_08.csv,연회장_매콤 무뼈닭발&계란찜,-0.014202237129211426,-0.018746674060821533,-0.00029402971267700195,0.05379432439804077,0.15706610679626465,2.284804344177246,3.5013010501861572
TEST_08.csv,연회장_모둠 돈육구이(3인),-0.030971050262451172,-0.0633535385131836,0.05729508399963379,0.48044586181640625,0.537665605545044,8.506908416748047,11.569465637207031
TEST_08.csv,연회장_삼겹살추가 (200g),-0.11289384961128235,-0.13884815573692322,-0.08643203973770142,-0.10654786229133606,0.0933675467967987,1.035440444946289,0.4794623851776123
TEST_08.csv,연회장_야채추가,-0.015483379364013672,-0.00808805227279663,-0.013211250305175781,0.018719017505645752,0.17913159728050232,1.8006880283355713,2.6649575233459473
TEST_08.csv,연회장_왕갈비치킨,-0.23174798488616943,0.14580309391021729,-0.12754619121551514,-0.07452154159545898,0.1624518632888794,3.656637191772461,4.828237533569336
TEST_08.csv,연회장_주먹밥 (2ea),0.24186423420906067,0.04860711097717285,0.05840575695037842,0.1240721344947815,0.04946833848953247,0.2721693217754364,1.2624435424804688
TEST_08.csv,카페테리아_공깃밥(추가),1.8391008377075195,0.6156823635101318,0.4734160900115967,0.9123036861419678,5.003225326538086,5.649592399597168,0.9476096630096436
TEST_08.csv,카페테리아_구슬아이스크림,-7.606082363054156e-06,-7.373231255769497e-06,-7.582940270367544e-06,-7.579332304885611e-06,-7.6131186688144226e-06,-8.088164577202406e-06,-8.118452569760848e-06
TEST_08.csv,카페테리아_단체식 13000(신),10.621818542480469,3.6924057006835938,1.8523025512695312,20.70099639892578,103.31945037841797,252.1146240234375,77.5166244506836
TEST_08.csv,카페테리아_단체식 18000(신),-12.650611877441406,30.348323822021484,197.06605529785156,296.1287536621094,131.294189453125,14.146812438964844,-6.852516174316406
TEST_08.csv,카페테리아_돼지고기 김치찌개,5.567258834838867,3.0504376888275146,2.8466997146606445,2.7043817043304443,2.8582968711853027,6.1235456466674805,8.71310043334961
TEST_08.csv,카페테리아_복숭아 아이스티,-7.606082363054156e-06,-7.373231255769497e-06,-7.582940270367544e-06,-7.579332304885611e-06,-7.6131186688144226e-06,-8.088164577202406e-06,-8.118452569760848e-06
TEST_08.csv,카페테리아_새우 볶음밥,1.7457298040390015,0.3072164058685303,0.8884890079498291,1.0030287504196167,2.072301149368286,4.920170307159424,4.824110984802246
TEST_08.csv,카페테리아_새우튀김 우동,-7.606082363054156e-06,-7.373231255769497e-06,-7.582940270367544e-06,-7.579332304885611e-06,-7.6131186688144226e-06,-8.088164577202406e-06,-8.118452569760848e-06
TEST_08.csv,카페테리아_샷 추가,-7.606082363054156e-06,-7.373231255769497e-06,-7.582940270367544e-06,-7.579332304885611e-06,-7.6131186688144226e-06,-8.088164577202406e-06,-8.118452569760848e-06
TEST_08.csv,카페테리아_수제 등심 돈까스,8.662490844726562,3.731084108352661,4.958737850189209,4.697834014892578,5.141925811767578,7.765532493591309,10.012653350830078
TEST_08.csv,카페테리아_아메리카노(HOT),-7.606082363054156e-06,-7.373231255769497e-06,-7.582940270367544e-06,-7.579332304885611e-06,-7.6131186688144226e-06,-8.088164577202406e-06,-8.118452569760848e-06
TEST_08.csv,카페테리아_아메리카노(ICE),-7.606082363054156e-06,-7.373231255769497e-06,-7.582940270367544e-06,-7.579332304885611e-06,-7.6131186688144226e-06,-8.088164577202406e-06,-8.118452569760848e-06
TEST_08.csv,카페테리아_약 고추장 돌솥비빔밥,11.215542793273926,7.952436447143555,9.335901260375977,9.335415840148926,10.628728866577148,11.41246223449707,10.56752872467041
TEST_08.csv,카페테리아_어린이 돈까스,2.3860158920288086,0.6441859006881714,0.30402612686157227,0.4443027973175049,0.7869412302970886,2.413973808288574,2.895017623901367
TEST_08.csv,카페테리아_오픈푸드,16.395103454589844,19.084989547729492,15.081968307495117,22.99181365966797,76.59234619140625,51.77144241333008,28.534515380859375
TEST_08.csv,카페테리아_진사골 설렁탕,-7.606082363054156e-06,-7.373231255769497e-06,-7.582940270367544e-06,-7.579332304885611e-06,-7.6131186688144226e-06,-8.088164577202406e-06,-8.118452569760848e-06
TEST_08.csv,카페테리아_짜장면,6.399564743041992,1.5577478408813477,1.1919138431549072,1.402267575263977,1.7776968479156494,3.981110095977783,6.9780354499816895
TEST_08.csv,카페테리아_짜장밥,-0.05421224236488342,-0.03288868069648743,-0.07236960530281067,-0.02036052942276001,0.021675288677215576,0.1558828055858612,0.0485764741897583
TEST_08.csv,카페테리아_짬뽕,6.3033881187438965,1.4755388498306274,1.4874039888381958,2.1911845207214355,2.0621535778045654,1.6864759922027588,4.364649772644043
TEST_08.csv,카페테리아_짬뽕밥,3.2029922008514404,0.6174513101577759,0.3416312336921692,0.4847280979156494,0.5260369181632996,0.3996414542198181,2.0793097019195557
TEST_08.csv,카페테리아_치즈돈까스,3.2822952270507812,1.1140649318695068,1.0285111665725708,1.2588870525360107,1.9031285047531128,3.21835994720459,2.673226833343506
TEST_08.csv,카페테리아_카페라떼(HOT),-7.606082363054156e-06,-7.373231255769497e-06,-7.582940270367544e-06,-7.579332304885611e-06,-7.6131186688144226e-06,-8.088164577202406e-06,-8.118452569760848e-06
TEST_08.csv,카페테리아_카페라떼(ICE),-7.606082363054156e-06,-7.373231255769497e-06,-7.582940270367544e-06,-7.579332304885611e-06,-7.6131186688144226e-06,-8.088164577202406e-06,-8.118452569760848e-06
TEST_08.csv,카페테리아_한상 삼겹구이 정식(2인) 소요시간 약 15~20분,2.603860378265381,1.7537606954574585,1.9069334268569946,1.5601078271865845,2.2268271446228027,5.514629364013672,4.48890495300293
TEST_08.csv,포레스트릿_꼬치어묵,1.7900214195251465,0.04972165822982788,0.1259440779685974,0.004590630531311035,0.3307197690010071,0.5736798048019409,0.872633695602417
TEST_08.csv,포레스트릿_떡볶이,0.5959096550941467,-0.14467322826385498,0.10246318578720093,0.059049904346466064,0.4646129906177521,1.224355697631836,1.0396476984024048
TEST_08.csv,포레스트릿_복숭아 아이스티,-7.606082363054156e-06,-7.373231255769497e-06,-7.582940270367544e-06,-7.579332304885611e-06,-7.6131186688144226e-06,-8.088164577202406e-06,-8.118452569760848e-06
TEST_08.csv,포레스트릿_생수,0.4960073232650757,-0.188196063041687,-0.12694120407104492,-0.2783094644546509,0.2924002408981323,0.9527003765106201,0.8024032115936279
TEST_08.csv,포레스트릿_스프라이트,0.012133076786994934,0.01680852472782135,-0.08886602520942688,-0.055125892162323,-0.0737580955028534,-0.05135408043861389,-0.07782936096191406
TEST_08.csv,포레스트릿_아메리카노(HOT),0.5015673637390137,0.02147001028060913,0.040783047676086426,0.02824777364730835,0.1743258833885193,0.21970921754837036,0.21317625045776367
TEST_08.csv,포레스트릿_아메리카노(ICE),0.9577816724777222,-0.07849359512329102,0.41085338592529297,0.45595335960388184,1.6201527118682861,3.1882033348083496,1.3619855642318726
TEST_08.csv,포레스트릿_치즈 핫도그,2.904541492462158,-0.5042319297790527,0.41725826263427734,-0.05801081657409668,1.4633221626281738,3.346477508544922,2.2798197269439697
TEST_08.csv,포레스트릿_카페라떼(HOT),0.17236022651195526,-0.03193965554237366,0.06704142689704895,0.07972756028175354,0.2933167517185211,0.504239559173584,0.32929670810699463
TEST_08.csv,포레스트릿_카페라떼(ICE),0.14788447320461273,0.06371855735778809,0.047693848609924316,0.07318449020385742,0.18262721598148346,0.29583364725112915,-0.0009400546550750732
TEST_08.csv,포레스트릿_코카콜라,0.05564682185649872,-0.00428597629070282,-0.014420837163925171,-0.052903980016708374,0.043973177671432495,0.16190911829471588,-0.005940079689025879
TEST_08.csv,포레스트릿_페스츄리 소시지,0.6595558524131775,0.06477433443069458,0.04828721284866333,0.057963669300079346,0.4355242848396301,0.7286239266395569,0.49713754653930664
TEST_08.csv,화담숲주막_느린마을 막걸리,32.06135559082031,8.315717697143555,31.42915916442871,27.381057739257812,28.705812454223633,30.242918014526367,24.887344360351562
TEST_08.csv,화담숲주막_단호박 식혜 ,16.90595817565918,4.685794830322266,13.512510299682617,11.96925163269043,12.860946655273438,23.825611114501953,18.951021194458008
TEST_08.csv,화담숲주막_병천순대,51.610504150390625,7.133182525634766,30.973979949951172,27.911951065063477,33.333045959472656,41.91252136230469,46.84541320800781
TEST_08.csv,화담숲주막_스프라이트,4.342093467712402,1.3809814453125,3.6499295234680176,5.930499076843262,10.420726776123047,18.738380432128906,15.908426284790039
TEST_08.csv,화담숲주막_참살이 막걸리,20.882816314697266,11.273216247558594,18.603416442871094,23.22759246826172,22.97886848449707,25.375627517700195,16.207799911499023
TEST_08.csv,화담숲주막_찹쌀식혜,21.253576278686523,7.899774551391602,18.812896728515625,19.69481086730957,20.83280372619629,43.623329162597656,32.33258819580078
TEST_08.csv,화담숲주막_콜라,7.5038299560546875,0.8360862731933594,11.512796401977539,6.590423107147217,11.098308563232422,20.445743560791016,21.75672721862793
TEST_08.csv,화담숲주막_해물파전,274.23333740234375,69.51045227050781,218.0322723388672,195.05462646484375,209.16725158691406,227.7088623046875,243.82862854003906
TEST_08.csv,화담숲카페_메밀미숫가루,35.56993103027344,8.155155181884766,31.293169021606445,29.898754119873047,42.134681701660156,76.33229064941406,56.87810516357422
TEST_08.csv,화담숲카페_아메리카노 HOT,87.43672943115234,1.4081878662109375,86.8056411743164,59.38336944580078,58.087928771972656,39.48408508300781,64.33473205566406
TEST_08.csv,화담숲카페_아메리카노 ICE,52.431087493896484,27.951034545898438,57.36518478393555,90.54705810546875,119.91029357910156,240.98704528808594,122.70661926269531
TEST_08.csv,화담숲카페_카페라떼 ICE,10.6069917678833,4.555920600891113,11.88471508026123,15.306025505065918,27.631206512451172,49.458290100097656,22.119361877441406
TEST_08.csv,화담숲카페_현미뻥스크림,46.059120178222656,8.155841827392578,29.681657791137695,28.163654327392578,40.61857604980469,62.30664825439453,56.366668701171875
TEST_09.csv,느티나무 셀프BBQ_1인 수저세트,2.996232032775879,0.4548604488372803,0.024030208587646484,0.08239889144897461,0.7111902236938477,1.8886501789093018,2.873445749282837
TEST_09.csv,느티나무 셀프BBQ_BBQ55(단체),9.077933311462402,22.973487854003906,35.018409729003906,46.32197189331055,34.960296630859375,18.639062881469727,5.149980545043945
TEST_09.csv,"느티나무 셀프BBQ_대여료 30,000원",-0.2964777946472168,-0.9945054054260254,-0.5093398094177246,-0.6848626136779785,-0.22792816162109375,4.287282943725586,2.721982002258301
TEST_09.csv,"느티나무 셀프BBQ_대여료 60,000원",1.091825008392334,-0.19438743591308594,-0.326707124710083,-0.5938873291015625,-0.14454174041748047,2.3927478790283203,3.538782835006714
TEST_09.csv,"느티나무 셀프BBQ_대여료 90,000원",0.2734619975090027,0.013788282871246338,-0.009762227535247803,0.02572488784790039,-0.1269773244857788,1.401055097579956,1.9191257953643799
TEST_09.csv,"느티나무 셀프BBQ_본삼겹 (단품,실내)",0.5131049156188965,0.08037805557250977,-0.031790852546691895,-0.12127113342285156,0.34307169914245605,1.7661889791488647,1.629640817642212
TEST_09.csv,느티나무 셀프BBQ_스프라이트 (단체),2.6395888328552246,4.0807085037231445,8.727617263793945,16.450172424316406,19.74485969543457,6.279755592346191,3.279287815093994
TEST_09.csv,느티나무 셀프BBQ_신라면,0.0250093936920166,0.018753528594970703,0.011349737644195557,-7.744133472442627e-05,0.031587839126586914,0.02245745062828064,0.0014001727104187012
TEST_09.csv,느티나무 셀프BBQ_쌈야채세트,1.0563678741455078,0.7062548398971558,0.6278336048126221,0.6929953098297119,1.4673787355422974,2.254477024078369,1.7140307426452637
TEST_09.csv,느티나무 셀프BBQ_쌈장,0.5510354042053223,0.03508490324020386,-0.007547855377197266,0.04395684599876404,0.46444186568260193,0.643252432346344,0.6443575024604797
TEST_09.csv,느티나무 셀프BBQ_육개장 사발면,0.03377830237150192,0.016661912202835083,0.006722837686538696,0.01013876497745514,0.008181184530258179,0.0051918476819992065,0.013856068253517151
TEST_09.csv,느티나무 셀프BBQ_일회용 소주컵,-0.10865455865859985,-0.09158432483673096,-0.07727605104446411,-0.09040409326553345,-0.0706033706665039,-0.0918956995010376,-0.10360985994338989
TEST_09.csv,느티나무 셀프BBQ_일회용 종이컵,0.2660820186138153,0.01206660270690918,0.03265732526779175,0.09256197512149811,0.2211933434009552,0.2909700274467468,0.350857138633728
TEST_09.csv,느티나무 셀프BBQ_잔디그늘집 대여료 (12인석),0.759945273399353,0.5760183334350586,0.5841894149780273,0.8188344240188599,2.1288034915924072,3.776139736175537,2.082702159881592
TEST_09.csv,느티나무 셀프BBQ_잔디그늘집 대여료 (6인석),13.888886451721191,0.2045612335205078,0.8862648010253906,0.5052204132080078,4.025243759155273,21.49893569946289,32.690128326416016
TEST_09.csv,느티나무 셀프BBQ_잔디그늘집 의자 추가,0.9496960639953613,-0.11726737022399902,0.010037779808044434,0.057164549827575684,0.08517110347747803,0.9767398834228516,2.2179718017578125
TEST_09.csv,느티나무 셀프BBQ_참이슬 (단체),3.1384830474853516,5.85456657409668,31.26175308227539,56.43282699584961,26.140647888183594,3.5890636444091797,2.895059585571289
TEST_09.csv,느티나무 셀프BBQ_친환경 접시 14cm,0.07427895069122314,0.08592289686203003,0.11906075477600098,0.24255222082138062,0.4390224516391754,0.6514647006988525,0.3511998951435089
TEST_09.csv,느티나무 셀프BBQ_친환경 접시 23cm,0.5870387554168701,-0.01906287670135498,-0.024569272994995117,-0.10164153575897217,0.19158899784088135,0.8079127073287964,1.005638837814331
TEST_09.csv,느티나무 셀프BBQ_카스 병(단체),1.5392913818359375,2.4780101776123047,16.264131546020508,27.615880966186523,16.361141204833984,3.5540428161621094,-2.0259552001953125
TEST_09.csv,느티나무 셀프BBQ_콜라 (단체),2.913449764251709,5.631813049316406,10.44696044921875,21.321720123291016,22.47905158996582,7.089223861694336,5.149389743804932
TEST_09.csv,느티나무 셀프BBQ_햇반,0.030147194862365723,-0.03504619002342224,0.0056521594524383545,-0.0038656890392303467,0.027839869260787964,0.0482562780380249,0.018016010522842407
TEST_09.csv,느티나무 셀프BBQ_허브솔트,0.3913354277610779,0.03324368596076965,0.029500365257263184,0.10365785658359528,0.0703440010547638,0.44071802496910095,0.9089213013648987
TEST_09.csv,담하_(단체) 공깃밥,-0.05380374193191528,0.033844172954559326,0.22567862272262573,0.4700600802898407,0.08066654205322266,-0.05292600393295288,-0.11895418167114258
TEST_09.csv,담하_(단체) 생목살 김치전골 2.0,-0.22993183135986328,2.0511889457702637,15.480819702148438,16.868694305419922,1.577418327331543,0.20388174057006836,-2.437927722930908
TEST_09.csv,담하_(단체) 은이버섯 갈비탕,2.826030731201172,12.764699935913086,28.03016471862793,27.494998931884766,16.15194320678711,14.010087966918945,-0.4651145935058594
TEST_09.csv,담하_(단체) 한우 우거지 국밥,2.6920173168182373,0.7800650596618652,0.6992077827453613,0.32001495361328125,2.1184401512145996,2.4835922718048096,-0.27147483825683594
TEST_09.csv,담하_(단체) 황태해장국 3/27까지,2.70424747467041,1.0478458404541016,14.946442604064941,20.382530212402344,-2.3879833221435547,-1.0031423568725586,-1.4228286743164062
TEST_09.csv,담하_(정식) 된장찌개,6.803455829620361,0.22616958618164062,2.0508337020874023,2.356843948364258,1.176076889038086,1.416428565979004,5.8076629638671875
TEST_09.csv,담하_(정식) 물냉면 ,3.76395320892334,1.140704870223999,1.1325488090515137,1.2293808460235596,1.2955307960510254,0.903590202331543,1.7598817348480225
TEST_09.csv,담하_(정식) 비빔냉면,1.431031346321106,1.1952488422393799,1.230973482131958,1.161765217781067,1.1151748895645142,1.0283920764923096,1.1004904508590698
TEST_09.csv,담하_(후식) 된장찌개,5.092922210693359,3.122946262359619,1.1751928329467773,1.2930305004119873,2.0025925636291504,2.1615123748779297,4.828174591064453
TEST_09.csv,담하_(후식) 물냉면,4.612893581390381,1.5896971225738525,0.25376343727111816,0.21623265743255615,0.9724191427230835,0.8967797160148621,1.6627414226531982
TEST_09.csv,담하_(후식) 비빔냉면,1.0218117237091064,0.6744547486305237,0.47164857387542725,0.09090006351470947,0.20128798484802246,0.2659451961517334,0.3757059574127197
TEST_09.csv,담하_갑오징어 비빔밥,-7.606082363054156e-06,-7.373231255769497e-06,-7.582940270367544e-06,-7.579332304885611e-06,-7.6131186688144226e-06,-8.088164577202406e-06,-8.118452569760848e-06
TEST_09.csv,담하_갱시기,1.2583330869674683,2.3602042198181152,1.865655541419983,0.9201850891113281,0.6637799739837646,-0.03860354423522949,0.7655341625213623
TEST_09.csv,담하_공깃밥,32.56417465209961,11.626319885253906,7.452537536621094,7.646738052368164,11.90934944152832,26.78692626953125,40.54528045654297
TEST_09.csv,담하_꼬막 비빔밥,-7.606082363054156e-06,-7.373231255769497e-06,-7.582940270367544e-06,-7.579332304885611e-06,-7.6131186688144226e-06,-8.088164577202406e-06,-8.118452569760848e-06
TEST_09.csv,담하_느린마을 막걸리,4.209695339202881,1.0656086206436157,1.2477293014526367,1.0094190835952759,1.3429867029190063,1.7373342514038086,4.627525329589844
TEST_09.csv,담하_담하 한우 불고기,27.500673294067383,10.287299156188965,6.423378944396973,6.685459136962891,9.512357711791992,30.56104278564453,44.57945251464844
TEST_09.csv,담하_담하 한우 불고기 정식,13.272050857543945,1.1920080184936523,2.212198257446289,2.465447425842285,1.0572490692138672,1.9235057830810547,11.142400741577148
TEST_09.csv,담하_더덕 한우 지짐,1.935265302658081,1.1248080730438232,0.29639846086502075,0.42917901277542114,0.6902410387992859,0.6192001700401306,1.1901731491088867
TEST_09.csv,담하_들깨 양지탕,2.190214157104492,1.8845152854919434,1.607574701309204,2.0586485862731934,1.9586143493652344,2.223752021789551,2.2444510459899902
TEST_09.csv,담하_라면사리,0.1392459273338318,0.3748708963394165,0.17548489570617676,0.3551051616668701,0.07349491119384766,-0.00643235445022583,0.25883948802948
TEST_09.csv,담하_룸 이용료,0.5691259503364563,0.4269101023674011,0.24309417605400085,0.13283324241638184,0.31613054871559143,0.3348870277404785,0.3290993571281433
TEST_09.csv,담하_메밀면 사리,-0.28656673431396484,-0.2719053030014038,-0.21767699718475342,-0.14057421684265137,1.0874290466308594,4.006544589996338,1.9304747581481934
TEST_09.csv,담하_명인안동소주,0.2037258744239807,0.30894553661346436,0.10588780045509338,0.24681487679481506,0.2542053461074829,0.4611090421676636,0.41176819801330566
TEST_09.csv,담하_명태회 비빔냉면,2.2374424934387207,2.085519313812256,2.6870675086975098,2.311239242553711,2.9089629650115967,2.4457595348358154,1.9705630540847778
TEST_09.csv,담하_문막 복분자 칵테일,0.47402679920196533,-0.07447648048400879,-0.06584632396697998,-0.06416374444961548,-0.03073635697364807,0.02946135401725769,0.1677679717540741
TEST_09.csv,담하_봉평메밀 물냉면,1.8634575605392456,1.92539644241333,1.9472442865371704,2.1407289505004883,2.3883767127990723,2.1662814617156982,1.9399218559265137
TEST_09.csv,담하_생목살 김치찌개,11.828019142150879,9.156827926635742,8.25288200378418,11.423369407653809,11.81074333190918,9.42786979675293,12.047222137451172
TEST_09.csv,담하_스프라이트,0.31862127780914307,0.14534211158752441,0.0694526731967926,0.183771550655365,0.34951555728912354,0.4402601420879364,0.17518267035484314
TEST_09.csv,담하_은이버섯 갈비탕,5.989819049835205,8.282792091369629,7.746367931365967,4.4690141677856445,3.5448005199432373,3.970616579055786,4.715435981750488
TEST_09.csv,담하_제로콜라,0.5706815719604492,0.2180595099925995,0.04349088668823242,-0.07307511568069458,-0.12961748242378235,-0.080262690782547,-0.01138371229171753
TEST_09.csv,담하_참이슬,4.360039710998535,1.1873828172683716,1.7648361921310425,1.0199178457260132,0.8955506086349487,1.3712832927703857,4.2846150398254395
TEST_09.csv,담하_처음처럼,0.2836665213108063,0.19875919818878174,0.001938164234161377,-0.059935569763183594,-0.05457538366317749,0.2062908113002777,-0.06701499223709106
TEST_09.csv,담하_카스,2.0716848373413086,1.0255244970321655,1.9107500314712524,0.9236248731613159,0.3667994737625122,1.087601661682129,2.6022753715515137
TEST_09.csv,담하_콜라,0.01569586992263794,-0.047476768493652344,-0.0209694504737854,0.021675467491149902,0.1271173655986786,0.408297061920166,0.17570039629936218
TEST_09.csv,담하_테라,0.4693481922149658,0.26226913928985596,0.23392564058303833,0.16397565603256226,0.32411545515060425,0.29880112409591675,0.4083288609981537
TEST_09.csv,담하_하동 매실 칵테일,0.07095326483249664,0.0004261434078216553,0.03288128972053528,-0.00703999400138855,0.004363521933555603,0.15574786067008972,0.12271763384342194
TEST_09.csv,담하_한우 떡갈비 정식,2.3319497108459473,0.9815144538879395,0.5938739776611328,0.7137541770935059,1.070044994354248,1.489753246307373,4.113080978393555
TEST_09.csv,담하_한우 미역국 정식,8.539567947387695,3.318343162536621,0.37828731536865234,-0.0647730827331543,-0.06729888916015625,-0.3231973648071289,2.0651497840881348
TEST_09.csv,담하_한우 우거지 국밥,16.562219619750977,7.4238104820251465,4.035548210144043,4.440506935119629,3.826046943664551,3.662713050842285,6.887246131896973
TEST_09.csv,담하_한우 차돌박이 된장찌개,8.724664688110352,8.074347496032715,7.685050010681152,11.496891021728516,9.599847793579102,7.894214630126953,8.760538101196289
TEST_09.csv,담하_황태해장국,4.628607749938965,1.62894868850708,2.2747855186462402,1.406299114227295,2.1742520332336426,1.6787176132202148,2.7854371070861816
TEST_09.csv,라그로타_AUS (200g),0.24779492616653442,0.06327134370803833,-0.024260282516479492,0.11941105127334595,0.6253935694694519,0.627231776714325,0.11995333433151245
TEST_09.csv,라그로타_G-Charge(3),0.38388967514038086,-0.03833448886871338,0.04226177930831909,-0.04397469758987427,-0.04558008909225464,0.14541327953338623,1.01551353931427
TEST_09.csv,라그로타_Gls.Sileni,0.2938123345375061,-0.06950461864471436,0.025067448616027832,0.06317436695098877,0.5412752628326416,1.5494552850723267,1.2136427164077759
TEST_09.csv,라그로타_Gls.미션 서드,0.768789529800415,0.9337158203125,1.6799088716506958,1.762374758720398,2.486790657043457,4.238579273223877,2.950263261795044
TEST_09.csv,라그로타_Open Food,0.523418128490448,-0.06609931588172913,0.07957550883293152,0.03324440121650696,0.09060859680175781,0.07804426550865173,0.08416886627674103
TEST_09.csv,라그로타_그릴드 비프 샐러드,0.6862059831619263,0.6383979320526123,0.9642742872238159,1.1103256940841675,0.732580304145813,0.671942949295044,0.6710094809532166
TEST_09.csv,라그로타_까르보나라,1.313925862312317,-0.13947594165802002,-0.020816683769226074,0.0285794734954834,0.13887429237365723,0.30937719345092773,1.0367987155914307
TEST_09.csv,라그로타_모둠 해산물 플래터,0.38599109649658203,-0.2983574867248535,-0.38634753227233887,-0.33575642108917236,-0.4061983823776245,-0.13831114768981934,0.5979686975479126
TEST_09.csv,라그로타_미션 서드 카베르네 쉬라,0.04923665523529053,0.02995246648788452,0.07709893584251404,0.5812707543373108,0.4339338541030884,0.033810436725616455,0.26676419377326965
TEST_09.csv,라그로타_버섯 크림 리조또,1.383658528327942,0.5190755128860474,0.9854229092597961,0.9247537851333618,0.6330893039703369,0.35089170932769775,1.5297716856002808
TEST_09.csv,라그로타_빵 추가 (1인),0.1634257435798645,-0.038014769554138184,-0.013162374496459961,0.06358236074447632,0.34700167179107666,0.7417696118354797,0.42809319496154785
TEST_09.csv,라그로타_스프라이트,0.35904327034950256,0.16705000400543213,0.12385788559913635,0.1858789175748825,0.20486755669116974,0.263741672039032,0.3496522605419159
TEST_09.csv,라그로타_시저 샐러드 ,0.24754077196121216,-0.030491530895233154,-0.05361640453338623,-0.01988893747329712,0.060430705547332764,0.07673472166061401,0.061900794506073
TEST_09.csv,라그로타_아메리카노,0.16959458589553833,0.07836282253265381,-0.002797842025756836,0.0336267352104187,-0.06384807825088501,0.09912252426147461,0.17369580268859863
TEST_09.csv,라그로타_알리오 에 올리오 ,0.833686888217926,0.7115685939788818,0.656182050704956,0.7787514328956604,0.9109763503074646,0.9719849228858948,0.6891902685165405
TEST_09.csv,라그로타_양갈비 (4ps),0.5185890197753906,0.21900731325149536,0.2961970567703247,0.41036292910575867,0.2870931625366211,0.5225509405136108,0.3767753839492798
TEST_09.csv,라그로타_자몽리치에이드,-0.009604573249816895,0.1391996145248413,0.3368375599384308,0.8354557156562805,0.7008761167526245,0.16641443967819214,-0.07354116439819336
TEST_09.csv,라그로타_제로콜라,0.9786491990089417,0.09044885635375977,0.04666018486022949,0.13533973693847656,0.15524256229400635,0.2617471218109131,1.2127094268798828
TEST_09.csv,라그로타_카스,1.1164783239364624,0.04330432415008545,0.03169536590576172,0.34216320514678955,0.2957267761230469,1.4729180335998535,0.9286396503448486
TEST_09.csv,라그로타_콜라,1.0211929082870483,0.5862463712692261,1.0997130870819092,0.7324867248535156,0.8020167350769043,0.7689657211303711,0.7197486162185669
TEST_09.csv,라그로타_하이네켄(생),0.9577365517616272,0.523840069770813,0.7069026231765747,0.3223062753677368,0.3514137268066406,0.4890230894088745,0.8988231420516968
TEST_09.csv,라그로타_한우 (200g),0.8338662385940552,0.5997298955917358,0.9557653069496155,1.225694179534912,0.6809819936752319,0.8981589078903198,1.0903193950653076
TEST_09.csv,라그로타_해산물 토마토 리조또,0.22989976406097412,0.17985820770263672,0.23125779628753662,0.23291409015655518,0.5201994180679321,1.3572618961334229,0.9744197726249695
TEST_09.csv,라그로타_해산물 토마토 스튜 파스타,-0.021019816398620605,-0.052941203117370605,-0.02246856689453125,-0.14345216751098633,-0.23254907131195068,-0.29310524463653564,0.03852534294128418
TEST_09.csv,라그로타_해산물 토마토 스파게티,1.0631184577941895,0.2173295021057129,0.38898444175720215,0.5326073169708252,1.3786394596099854,3.0599560737609863,1.9225773811340332
TEST_09.csv,"미라시아_(단체)브런치주중 36,000",0.2200026512145996,0.22054815292358398,0.6388473510742188,-0.18312835693359375,1.096203327178955,0.26581382751464844,-0.7055115699768066
TEST_09.csv,미라시아_(오븐) 하와이안 쉬림프 피자,0.5767272114753723,-0.15991473197937012,-0.27479398250579834,-0.3536907434463501,-0.44456374645233154,-0.26565098762512207,0.6009796857833862
TEST_09.csv,미라시아_(화덕) 불고기 페퍼로니 반반피자,2.9814846515655518,1.2538771629333496,0.6615135669708252,0.37839770317077637,1.228590965270996,2.9324142932891846,3.0264928340911865
TEST_09.csv,미라시아_BBQ Platter,2.4997878074645996,0.7249927520751953,0.31702184677124023,-0.2701892852783203,0.9520406723022461,4.910524845123291,4.346377372741699
TEST_09.csv,미라시아_BBQ 고기추가,-0.07189720869064331,-0.06767266988754272,0.01219165325164795,0.15997228026390076,0.490543007850647,0.8752851486206055,0.22495734691619873
TEST_09.csv,미라시아_공깃밥,0.019886255264282227,0.029491543769836426,-0.004817068576812744,-0.037657856941223145,0.029794752597808838,-0.02819746732711792,-0.06895208358764648
TEST_09.csv,미라시아_글라스와인 (레드),0.021649301052093506,0.09425783157348633,0.13266462087631226,0.12327942252159119,0.02333855628967285,0.059109121561050415,0.056900471448898315
TEST_09.csv,미라시아_레인보우칵테일(알코올),0.08099328726530075,0.057051561772823334,0.07074955850839615,0.1834070384502411,0.08171559125185013,0.03913910686969757,0.1287352740764618
TEST_09.csv,미라시아_미라시아 브런치 (패키지),11.902063369750977,11.46426773071289,12.196893692016602,12.961397171020508,14.768743515014648,19.542909622192383,12.289541244506836
TEST_09.csv,미라시아_버드와이저(무제한),0.8712368011474609,0.2228565216064453,0.3368990421295166,0.33255600929260254,0.5317144393920898,1.1500072479248047,1.3003493547439575
TEST_09.csv,미라시아_보일링 랍스타 플래터,1.2264655828475952,0.8893254399299622,0.6866570711135864,0.5236631631851196,0.4866478443145752,0.722724199295044,1.6892457008361816
TEST_09.csv,미라시아_보일링 랍스타 플래터(덜매운맛),0.8191691637039185,0.23328256607055664,0.13186317682266235,-0.0600200891494751,-0.007825851440429688,0.053756535053253174,0.4595648944377899
TEST_09.csv,미라시아_브런치 2인 패키지 ,2.9132955074310303,1.7025123834609985,1.204101800918579,0.870445966720581,0.7067563533782959,1.5362342596054077,3.8660385608673096
TEST_09.csv,미라시아_브런치 4인 패키지 ,0.49597954750061035,-0.04860323667526245,0.012101024389266968,0.07788215577602386,0.10440056025981903,0.0692439079284668,0.08069123327732086
TEST_09.csv,미라시아_브런치(대인) 주말,120.56615447998047,15.640068054199219,10.76324462890625,-9.232292175292969,-6.214164733886719,-12.750656127929688,79.90979766845703
TEST_09.csv,미라시아_브런치(대인) 주중,7.569860458374023,23.028491973876953,20.3546142578125,25.844989776611328,42.47208786010742,25.944805145263672,4.087898254394531
TEST_09.csv,미라시아_브런치(어린이),33.73524856567383,6.880627632141113,-0.6833343505859375,-1.7898387908935547,-1.622354507446289,-1.5976409912109375,15.350227355957031
TEST_09.csv,미라시아_쉬림프 투움바 파스타,2.0388834476470947,0.043814897537231445,0.08030819892883301,0.6405351161956787,0.5744738578796387,3.0586888790130615,5.0052032470703125
TEST_09.csv,미라시아_스텔라(무제한),2.3589720726013184,1.5057307481765747,0.5837738513946533,0.33588361740112305,0.957974910736084,4.599455833435059,7.095364570617676
TEST_09.csv,미라시아_스프라이트,0.11260151863098145,0.03906691074371338,-0.044256508350372314,-0.07774698734283447,-0.0886760950088501,0.20018136501312256,0.2711017429828644
TEST_09.csv,미라시아_애플망고 에이드,1.539140224456787,1.1123127937316895,0.8221542835235596,0.5011489391326904,1.136611819267273,2.0427842140197754,1.9725483655929565
TEST_09.csv,미라시아_얼그레이 하이볼,0.9657461643218994,0.016510576009750366,-0.021375060081481934,-0.06153598427772522,-0.007376581430435181,0.0600186288356781,0.8170710206031799
TEST_09.csv,미라시아_오븐구이 윙과 킬바사소세지,0.5188347101211548,0.3134270906448364,0.3255036473274231,0.3504573106765747,0.28081321716308594,0.4183156490325928,0.7495266795158386
TEST_09.csv,미라시아_유자 하이볼,0.498177170753479,0.1766943633556366,0.14205491542816162,0.1395382583141327,0.5383051037788391,0.8345300555229187,0.5588213205337524
TEST_09.csv,미라시아_잭 애플 토닉,-0.02953249216079712,0.012602627277374268,0.4348137080669403,0.18270516395568848,0.21120131015777588,0.08553951978683472,0.12793439626693726
TEST_09.csv,미라시아_칠리 치즈 프라이,0.8570224642753601,0.6268622875213623,0.30859512090682983,0.1224551796913147,0.23332196474075317,0.47851407527923584,0.5070585012435913
TEST_09.csv,미라시아_코카콜라,2.063464641571045,1.607610821723938,1.4287097454071045,1.0043178796768188,0.5909589529037476,0.28471076488494873,1.4065674543380737
TEST_09.csv,미라시아_코카콜라(제로),0.3458988070487976,-0.07424211502075195,-0.10316884517669678,-0.09795486927032471,0.0565035343170166,1.0081206560134888,1.1525994539260864
TEST_09.csv,미라시아_콥 샐러드,0.11369442939758301,0.12703466415405273,0.08052253723144531,0.08195686340332031,0.1878359317779541,0.7369811534881592,0.5026168823242188
TEST_09.csv,미라시아_파스타면 추가(150g),0.7354665994644165,0.6254335641860962,0.5229840874671936,0.37847214937210083,0.467712938785553,0.4352206587791443,0.8982665538787842
TEST_09.csv,미라시아_핑크레몬에이드,-7.606082363054156e-06,-7.373231255769497e-06,-7.582940270367544e-06,-7.579332304885611e-06,-7.6131186688144226e-06,-8.088164577202406e-06,-8.118452569760848e-06
TEST_09.csv,연회장_Cass Beer,2.1485166549682617,0.11043643951416016,13.4307861328125,20.06673812866211,-6.073288917541504,0.24775314331054688,-2.012814521789551
TEST_09.csv,연회장_Conference L1,-0.023404359817504883,0.2527505159378052,0.12329091131687164,0.13388827443122864,0.39286819100379944,0.8337172269821167,0.4554646909236908
TEST_09.csv,연회장_Conference L2,0.30192476511001587,0.4195302128791809,0.6850493550300598,1.0667343139648438,1.454815149307251,0.6544618606567383,0.47631239891052246
TEST_09.csv,연회장_Conference L3,-0.05271546542644501,-0.014815017580986023,0.09635090082883835,0.33814913034439087,0.32733091711997986,0.03327696770429611,0.013193145394325256
TEST_09.csv,연회장_Conference M1,0.06046801805496216,0.07586231827735901,0.13997353613376617,0.40512871742248535,0.48093095421791077,0.14810532331466675,-0.0019889473915100098
TEST_09.csv,연회장_Conference M8,0.002914413809776306,0.06033030152320862,0.3061228096485138,0.748272716999054,0.21652060747146606,-0.05938136577606201,-0.09009712934494019
TEST_09.csv,연회장_Conference M9,0.07284653186798096,0.1434580683708191,0.1289609968662262,0.07780781388282776,0.5116645097732544,0.18574391305446625,0.07212620973587036
TEST_09.csv,연회장_Convention Hall,0.1159418523311615,0.4550108313560486,1.1860637664794922,0.7966151237487793,0.22344616055488586,0.03126123547554016,0.06457412242889404
TEST_09.csv,연회장_Cookie Platter,-7.606082363054156e-06,-7.373231255769497e-06,-7.582940270367544e-06,-7.579332304885611e-06,-7.6131186688144226e-06,-8.088164577202406e-06,-8.118452569760848e-06
TEST_09.csv,연회장_Grand Ballroom,0.03107631206512451,0.04805105924606323,0.42427921295166016,0.7333442568778992,0.12756752967834473,0.006363421678543091,-0.00808805227279663
TEST_09.csv,연회장_OPUS 2,0.106978639960289,0.21277287602424622,0.4595068693161011,0.16228926181793213,0.2888583540916443,0.09381601214408875,-0.008621901273727417
TEST_09.csv,연회장_Regular Coffee,2.268726348876953,7.474891662597656,35.201690673828125,46.393310546875,21.716646194458008,9.913963317871094,11.664764404296875
TEST_09.csv,연회장_골뱅이무침,0.11683952808380127,-0.26591455936431885,-0.35105013847351074,-0.3869212865829468,-0.09880971908569336,1.9947810173034668,2.4638752937316895
TEST_09.csv,연회장_공깃밥,0.05983591079711914,0.04895496368408203,0.046657562255859375,0.035369038581848145,0.46608829498291016,2.127729654312134,1.9491040706634521
TEST_09.csv,연회장_돈목살 김치찌개 (밥포함),0.1687624454498291,0.22698259353637695,0.2584275007247925,0.10097861289978027,0.44763195514678955,2.4741058349609375,3.1473870277404785
TEST_09.csv,연회장_로제 치즈떡볶이,-0.15428030490875244,-0.3779125213623047,-0.5470578670501709,-0.41258037090301514,-0.25694799423217773,1.235636830329895,1.4404619932174683
TEST_09.csv,연회장_마라샹궈,0.07282495498657227,0.05274921655654907,0.07955527305603027,0.043174684047698975,0.17794892191886902,0.830392062664032,1.1082756519317627
TEST_09.csv,연회장_매콤 무뼈닭발&계란찜,-0.2391487956047058,-0.0846564769744873,-0.03685629367828369,-0.09235972166061401,0.06231498718261719,1.2310513257980347,1.6792829036712646
TEST_09.csv,연회장_모둠 돈육구이(3인),-0.35860466957092285,0.23280155658721924,0.17979168891906738,0.31995201110839844,1.136908769607544,4.434628486633301,2.9973111152648926
TEST_09.csv,연회장_삼겹살추가 (200g),0.15363457798957825,-0.11049729585647583,-0.19206637144088745,-0.21641016006469727,-0.18889671564102173,0.5587234497070312,1.1068739891052246
TEST_09.csv,연회장_야채추가,0.2891022264957428,0.09819333255290985,-0.0023807287216186523,-0.0810742974281311,-0.05540746450424194,0.3737586736679077,0.5342057943344116
TEST_09.csv,연회장_왕갈비치킨,0.12879514694213867,0.05249655246734619,0.06339812278747559,-0.04659390449523926,0.2992548942565918,2.061774730682373,2.6485514640808105
TEST_09.csv,연회장_주먹밥 (2ea),0.15746718645095825,-0.004106581211090088,-0.19215810298919678,-0.06502801179885864,0.0060163140296936035,0.7404400110244751,0.9724911451339722
TEST_09.csv,카페테리아_공깃밥(추가),1.9236688613891602,-0.5504040718078613,0.025067806243896484,-0.605712890625,-0.5553121566772461,-0.9375662803649902,0.5639314651489258
TEST_09.csv,카페테리아_구슬아이스크림,-7.606082363054156e-06,-7.373231255769497e-06,-7.582940270367544e-06,-7.579332304885611e-06,-7.6131186688144226e-06,-8.088164577202406e-06,-8.118452569760848e-06
TEST_09.csv,카페테리아_단체식 13000(신),-0.3261528015136719,11.459686279296875,30.29165267944336,86.60710144042969,99.42858123779297,15.953479766845703,-2.992389678955078
TEST_09.csv,카페테리아_단체식 18000(신),8.858234405517578,16.766727447509766,79.11461639404297,180.5322723388672,97.61345672607422,25.6480655670166,-5.7628326416015625
TEST_09.csv,카페테리아_돼지고기 김치찌개,3.960946559906006,1.4120588302612305,2.3760547637939453,0.3242626190185547,0.50091552734375,0.041197776794433594,1.940323829650879
TEST_09.csv,카페테리아_복숭아 아이스티,-7.606082363054156e-06,-7.373231255769497e-06,-7.582940270367544e-06,-7.579332304885611e-06,-7.6131186688144226e-06,-8.088164577202406e-06,-8.118452569760848e-06
TEST_09.csv,카페테리아_새우 볶음밥,6.28317928314209,2.259366989135742,1.7922677993774414,0.4210667610168457,-0.3176259994506836,-0.32555055618286133,2.772728681564331
TEST_09.csv,카페테리아_새우튀김 우동,-7.606082363054156e-06,-7.373231255769497e-06,-7.582940270367544e-06,-7.579332304885611e-06,-7.6131186688144226e-06,-8.088164577202406e-06,-8.118452569760848e-06
TEST_09.csv,카페테리아_샷 추가,-7.606082363054156e-06,-7.373231255769497e-06,-7.582940270367544e-06,-7.579332304885611e-06,-7.6131186688144226e-06,-8.088164577202406e-06,-8.118452569760848e-06
TEST_09.csv,카페테리아_수제 등심 돈까스,14.668142318725586,2.1813745498657227,3.7945213317871094,1.4149951934814453,1.4153938293457031,1.697957992553711,10.277215957641602
TEST_09.csv,카페테리아_아메리카노(HOT),-7.606082363054156e-06,-7.373231255769497e-06,-7.582940270367544e-06,-7.579332304885611e-06,-7.6131186688144226e-06,-8.088164577202406e-06,-8.118452569760848e-06
TEST_09.csv,카페테리아_아메리카노(ICE),-7.606082363054156e-06,-7.373231255769497e-06,-7.582940270367544e-06,-7.579332304885611e-06,-7.6131186688144226e-06,-8.088164577202406e-06,-8.118452569760848e-06
TEST_09.csv,카페테리아_약 고추장 돌솥비빔밥,7.980818748474121,7.744479179382324,9.091153144836426,2.9734086990356445,3.322615623474121,1.3136310577392578,10.548439025878906
TEST_09.csv,카페테리아_어린이 돈까스,7.181624412536621,-0.29409074783325195,0.16192960739135742,-0.42650413513183594,-0.3506040573120117,-0.3283205032348633,3.8028135299682617
TEST_09.csv,카페테리아_오픈푸드,-0.2954387664794922,2.400545120239258,-0.37827110290527344,2.026325225830078,2.3751087188720703,-0.050140380859375,1.5568828582763672
TEST_09.csv,카페테리아_진사골 설렁탕,-7.606082363054156e-06,-7.373231255769497e-06,-7.582940270367544e-06,-7.579332304885611e-06,-7.6131186688144226e-06,-8.088164577202406e-06,-8.118452569760848e-06
TEST_09.csv,카페테리아_짜장면,8.232062339782715,1.5522966384887695,2.2311148643493652,1.924689769744873,1.9392094612121582,1.3769874572753906,4.228066444396973
TEST_09.csv,카페테리아_짜장밥,0.32045289874076843,0.18820565938949585,0.21122926473617554,0.11117422580718994,-0.09844100475311279,-0.0841326117515564,0.3605329692363739
TEST_09.csv,카페테리아_짬뽕,4.134721755981445,0.6205663681030273,0.1461653709411621,-0.6090431213378906,-0.6731414794921875,-0.2222151756286621,2.0273475646972656
TEST_09.csv,카페테리아_짬뽕밥,6.501156806945801,1.208078145980835,0.767632007598877,0.7866241931915283,0.5572495460510254,0.6556966304779053,3.2582898139953613
TEST_09.csv,카페테리아_치즈돈까스,5.339022159576416,3.3515167236328125,2.8879611492156982,1.6645326614379883,1.1419305801391602,1.123521327972412,2.8890349864959717
TEST_09.csv,카페테리아_카페라떼(HOT),-7.606082363054156e-06,-7.373231255769497e-06,-7.582940270367544e-06,-7.579332304885611e-06,-7.6131186688144226e-06,-8.088164577202406e-06,-8.118452569760848e-06
TEST_09.csv,카페테리아_카페라떼(ICE),-7.606082363054156e-06,-7.373231255769497e-06,-7.582940270367544e-06,-7.579332304885611e-06,-7.6131186688144226e-06,-8.088164577202406e-06,-8.118452569760848e-06
TEST_09.csv,카페테리아_한상 삼겹구이 정식(2인) 소요시간 약 15~20분,4.111301898956299,2.0351762771606445,1.4272007942199707,0.5036869049072266,0.5831642150878906,0.6656179428100586,3.5971734523773193
TEST_09.csv,포레스트릿_꼬치어묵,0.9935879707336426,1.097914695739746,0.2197709083557129,-0.12712574005126953,0.1708836555480957,-0.23008203506469727,-0.3320627212524414
TEST_09.csv,포레스트릿_떡볶이,0.696082592010498,0.20863032341003418,0.32451629638671875,-0.10308456420898438,0.23851585388183594,0.23706483840942383,-0.3698081970214844
TEST_09.csv,포레스트릿_복숭아 아이스티,-7.606082363054156e-06,-7.373231255769497e-06,-7.582940270367544e-06,-7.579332304885611e-06,-7.6131186688144226e-06,-8.088164577202406e-06,-8.118452569760848e-06
TEST_09.csv,포레스트릿_생수,7.034743309020996,1.3418943881988525,1.2264206409454346,-0.29793357849121094,-0.04822826385498047,-0.5844378471374512,0.557652473449707
TEST_09.csv,포레스트릿_스프라이트,1.3772971630096436,0.13255423307418823,0.10183793306350708,0.04388105869293213,-0.014224648475646973,-0.17523908615112305,0.3487344980239868
TEST_09.csv,포레스트릿_아메리카노(HOT),5.632030963897705,1.1033587455749512,0.9846878051757812,0.19205617904663086,0.517460823059082,-0.19670724868774414,3.4661436080932617
TEST_09.csv,포레스트릿_아메리카노(ICE),22.690128326416016,1.0654182434082031,-0.20659637451171875,-1.6886587142944336,-0.897705078125,-3.2695493698120117,5.290828227996826
TEST_09.csv,포레스트릿_치즈 핫도그,21.8042049407959,-1.0343313217163086,-1.3213233947753906,-2.2010679244995117,-1.6970291137695312,-2.899700164794922,6.080935478210449
TEST_09.csv,포레스트릿_카페라떼(HOT),1.765108346939087,0.5673340559005737,0.461287260055542,0.5182943344116211,0.6488908529281616,0.21222376823425293,0.6858416795730591
TEST_09.csv,포레스트릿_카페라떼(ICE),3.0260510444641113,-0.21825838088989258,-0.03653371334075928,-0.29276907444000244,0.03650224208831787,-0.5435347557067871,0.3589945435523987
TEST_09.csv,포레스트릿_코카콜라,2.4329819679260254,-0.08415770530700684,0.33536726236343384,-0.031627774238586426,0.06415975093841553,-0.302126407623291,0.5629528760910034
TEST_09.csv,포레스트릿_페스츄리 소시지,6.753313064575195,0.7119386196136475,-0.37377333641052246,-0.5983209609985352,-0.5310595035552979,-0.5296916961669922,1.117849349975586
TEST_09.csv,화담숲주막_느린마을 막걸리,32.58744430541992,5.257345199584961,11.187402725219727,11.049450874328613,11.922086715698242,11.66746997833252,32.02391815185547
TEST_09.csv,화담숲주막_단호박 식혜 ,15.02699089050293,1.8793668746948242,5.470118522644043,5.636791229248047,5.080210208892822,3.890200614929199,12.778716087341309
TEST_09.csv,화담숲주막_병천순대,25.87591552734375,0.23012161254882812,6.79850959777832,6.504556655883789,7.771968841552734,5.76909065246582,19.39995002746582
TEST_09.csv,화담숲주막_스프라이트,5.403470993041992,0.964134693145752,2.342784881591797,2.4037222862243652,1.4614324569702148,0.8934369087219238,3.767159938812256
TEST_09.csv,화담숲주막_참살이 막걸리,14.680079460144043,3.403042793273926,6.642508506774902,6.852339744567871,7.855014801025391,8.420065879821777,16.95659065246582
TEST_09.csv,화담숲주막_찹쌀식혜,17.300281524658203,2.5234107971191406,7.196094512939453,7.057379722595215,6.17409610748291,4.0420684814453125,11.992135047912598
TEST_09.csv,화담숲주막_콜라,8.967851638793945,2.034578323364258,4.633196830749512,3.7371344566345215,4.293166637420654,2.0735654830932617,4.716992378234863
TEST_09.csv,화담숲주막_해물파전,141.96090698242188,20.448402404785156,47.686065673828125,46.36793518066406,47.467987060546875,42.732948303222656,126.55110931396484
TEST_09.csv,화담숲카페_메밀미숫가루,42.6851921081543,6.306188583374023,17.387767791748047,13.652240753173828,9.693367004394531,5.388334274291992,21.297988891601562
TEST_09.csv,화담숲카페_아메리카노 HOT,37.99690246582031,24.027877807617188,25.086673736572266,28.555429458618164,29.082185745239258,31.122455596923828,39.13695526123047
TEST_09.csv,화담숲카페_아메리카노 ICE,87.51980590820312,12.491886138916016,93.0372543334961,71.56062316894531,23.61172866821289,19.054214477539062,50.34507751464844
TEST_09.csv,화담숲카페_카페라떼 ICE,26.88977813720703,2.4709854125976562,21.95571517944336,14.082731246948242,11.533732414245605,5.679200172424316,8.667889595031738
TEST_09.csv,화담숲카페_현미뻥스크림,69.90803527832031,6.261970520019531,16.784399032592773,13.221384048461914,12.140007019042969,4.329875946044922,30.623252868652344
