영업일자,느티나무 셀프BBQ_1인 수저세트,느티나무 셀프BBQ_BBQ55(단체),"느티나무 셀프BBQ_대여료 30,000원","느티나무 셀프BBQ_대여료 60,000원","느티나무 셀프BBQ_대여료 90,000원","느티나무 셀프BBQ_본삼겹 (단품,실내)",느티나무 셀프BBQ_스프라이트 (단체),느티나무 셀프BBQ_신라면,느티나무 셀프BBQ_쌈야채세트,느티나무 셀프BBQ_쌈장,느티나무 셀프BBQ_육개장 사발면,느티나무 셀프BBQ_일회용 소주컵,느티나무 셀프BBQ_일회용 종이컵,느티나무 셀프BBQ_잔디그늘집 대여료 (12인석),느티나무 셀프BBQ_잔디그늘집 대여료 (6인석),느티나무 셀프BBQ_잔디그늘집 의자 추가,느티나무 셀프BBQ_참이슬 (단체),느티나무 셀프BBQ_친환경 접시 14cm,느티나무 셀프BBQ_친환경 접시 23cm,느티나무 셀프BBQ_카스 병(단체),느티나무 셀프BBQ_콜라 (단체),느티나무 셀프BBQ_햇반,느티나무 셀프BBQ_허브솔트,담하_(단체) 공깃밥,담하_(단체) 생목살 김치전골 2.0,담하_(단체) 은이버섯 갈비탕,담하_(단체) 한우 우거지 국밥,담하_(단체) 황태해장국 3/27까지,담하_(정식) 된장찌개,담하_(정식) 물냉면 ,담하_(정식) 비빔냉면,담하_(후식) 된장찌개,담하_(후식) 물냉면,담하_(후식) 비빔냉면,담하_갑오징어 비빔밥,담하_갱시기,담하_공깃밥,담하_꼬막 비빔밥,담하_느린마을 막걸리,담하_담하 한우 불고기,담하_담하 한우 불고기 정식,담하_더덕 한우 지짐,담하_들깨 양지탕,담하_라면사리,담하_룸 이용료,담하_메밀면 사리,담하_명인안동소주,담하_명태회 비빔냉면,담하_문막 복분자 칵테일,담하_봉평메밀 물냉면,담하_생목살 김치찌개,담하_스프라이트,담하_은이버섯 갈비탕,담하_제로콜라,담하_참이슬,담하_처음처럼,담하_카스,담하_콜라,담하_테라,담하_하동 매실 칵테일,담하_한우 떡갈비 정식,담하_한우 미역국 정식,담하_한우 우거지 국밥,담하_한우 차돌박이 된장찌개,담하_황태해장국,라그로타_AUS (200g),라그로타_G-Charge(3),라그로타_Gls.Sileni,라그로타_Gls.미션 서드,라그로타_Open Food,라그로타_그릴드 비프 샐러드,라그로타_까르보나라,라그로타_모둠 해산물 플래터,라그로타_미션 서드 카베르네 쉬라,라그로타_버섯 크림 리조또,라그로타_빵 추가 (1인),라그로타_스프라이트,라그로타_시저 샐러드 ,라그로타_아메리카노,라그로타_알리오 에 올리오 ,라그로타_양갈비 (4ps),라그로타_자몽리치에이드,라그로타_제로콜라,라그로타_카스,라그로타_콜라,라그로타_하이네켄(생),라그로타_한우 (200g),라그로타_해산물 토마토 리조또,라그로타_해산물 토마토 스튜 파스타,라그로타_해산물 토마토 스파게티,"미라시아_(단체)브런치주중 36,000",미라시아_(오븐) 하와이안 쉬림프 피자,미라시아_(화덕) 불고기 페퍼로니 반반피자,미라시아_BBQ Platter,미라시아_BBQ 고기추가,미라시아_공깃밥,미라시아_글라스와인 (레드),미라시아_레인보우칵테일(알코올),미라시아_미라시아 브런치 (패키지),미라시아_버드와이저(무제한),미라시아_보일링 랍스타 플래터,미라시아_보일링 랍스타 플래터(덜매운맛),미라시아_브런치 2인 패키지 ,미라시아_브런치 4인 패키지 ,미라시아_브런치(대인) 주말,미라시아_브런치(대인) 주중,미라시아_브런치(어린이),미라시아_쉬림프 투움바 파스타,미라시아_스텔라(무제한),미라시아_스프라이트,미라시아_애플망고 에이드,미라시아_얼그레이 하이볼,미라시아_오븐구이 윙과 킬바사소세지,미라시아_유자 하이볼,미라시아_잭 애플 토닉,미라시아_칠리 치즈 프라이,미라시아_코카콜라,미라시아_코카콜라(제로),미라시아_콥 샐러드,미라시아_파스타면 추가(150g),미라시아_핑크레몬에이드,연회장_Cass Beer,연회장_Conference L1,연회장_Conference L2,연회장_Conference L3,연회장_Conference M1,연회장_Conference M8,연회장_Conference M9,연회장_Convention Hall,연회장_Cookie Platter,연회장_Grand Ballroom,연회장_OPUS 2,연회장_Regular Coffee,연회장_골뱅이무침,연회장_공깃밥,연회장_돈목살 김치찌개 (밥포함),연회장_로제 치즈떡볶이,연회장_마라샹궈,연회장_매콤 무뼈닭발&계란찜,연회장_모둠 돈육구이(3인),연회장_삼겹살추가 (200g),연회장_야채추가,연회장_왕갈비치킨,연회장_주먹밥 (2ea),카페테리아_공깃밥(추가),카페테리아_구슬아이스크림,카페테리아_단체식 13000(신),카페테리아_단체식 18000(신),카페테리아_돼지고기 김치찌개,카페테리아_복숭아 아이스티,카페테리아_새우 볶음밥,카페테리아_새우튀김 우동,카페테리아_샷 추가,카페테리아_수제 등심 돈까스,카페테리아_아메리카노(HOT),카페테리아_아메리카노(ICE),카페테리아_약 고추장 돌솥비빔밥,카페테리아_어린이 돈까스,카페테리아_오픈푸드,카페테리아_진사골 설렁탕,카페테리아_짜장면,카페테리아_짜장밥,카페테리아_짬뽕,카페테리아_짬뽕밥,카페테리아_치즈돈까스,카페테리아_카페라떼(HOT),카페테리아_카페라떼(ICE),카페테리아_한상 삼겹구이 정식(2인) 소요시간 약 15~20분,포레스트릿_꼬치어묵,포레스트릿_떡볶이,포레스트릿_복숭아 아이스티,포레스트릿_생수,포레스트릿_스프라이트,포레스트릿_아메리카노(HOT),포레스트릿_아메리카노(ICE),포레스트릿_치즈 핫도그,포레스트릿_카페라떼(HOT),포레스트릿_카페라떼(ICE),포레스트릿_코카콜라,포레스트릿_페스츄리 소시지,화담숲주막_느린마을 막걸리,화담숲주막_단호박 식혜 ,화담숲주막_병천순대,화담숲주막_스프라이트,화담숲주막_참살이 막걸리,화담숲주막_찹쌀식혜,화담숲주막_콜라,화담숲주막_해물파전,화담숲카페_메밀미숫가루,화담숲카페_아메리카노 HOT,화담숲카페_아메리카노 ICE,화담숲카페_카페라떼 ICE,화담숲카페_현미뻥스크림
TEST_00+1일,5.958629849111938,1.0,4.176915296168517,2.6384351691596986,1.0,1.0,1.0,1.0,1.5628679618225099,1.0,1.0,1.0,1.0,1.9767733188789367,11.498240242904664,1.0,1.0,1.0,1.1176976060157777,1.8387628876586914,1.0,1.0,1.0,1.0,3.1211743383483888,1.0,1.0,10.195300748901367,7.0901565790039065,2.8932617012329103,1.6976094798866272,1.5823813148223875,1.3025725046722412,1.0878409758117675,1.0,1.0,19.704918915771486,1.0,1.3365159116744993,14.624901974975586,11.119588087036133,1.0,1.0,1.0,1.0,2.22102345756073,1.0,3.7927929322891236,1.0,3.0667563811782834,10.214268237976075,1.0,6.091949681304932,1.0,1.1917354008728027,1.0,1.343158940309143,1.0,1.0,1.1107580210731505,6.555209159317016,11.382371419311525,16.428684116088867,8.722438423095703,10.305595867944335,1.6761393121429444,1.0,1.0,2.29464886461792,11.618555483062744,1.2309728783424378,2.95200728894043,1.0,1.4347660737682342,3.0529920035217284,1.0,1.0,1.6175968816177368,1.0,2.150871285169983,2.2916602887916566,1.0,1.0,1.0,1.0,2.1580444949287414,1.0376222475814818,1.0,1.1276992136070252,3.0802334298095704,1.0,1.0,1.7002336258186341,4.803448937252808,1.0,1.0,1.0,1.0,12.819026478027343,3.210496073219299,1.3191096412635803,1.0,3.945357541847229,1.0,142.9462274609375,8.978504784729004,38.709483170654295,1.9826833400093076,3.3038808998413085,1.0,2.44212507328949,1.0,1.3707036432689665,1.0,1.0,1.0,1.0,1.3161805697929383,1.7638517733657837,1.0,1.0,1.0,1.0,1.0,1.0,1.0,1.0,1.0,1.0,1.0,1.0,1.0,6.4873045,1.0,1.0,1.0,1.0,1.0,1.0,1.333764,1.0,1.0,1.0,1.0,4.613949521911621,1.0,15.2075445,17.26784017126465,8.727982729858399,1.0,5.828023889501953,1.0,1.0,13.681133328857422,1.0,1.0,17.412011493286133,4.542681684100342,1.0,1.0,8.3329389208313,1.0,4.393292072479248,1.4747130477355959,4.754549091918945,1.0,1.0,4.670138499186707,1.0,1.0,1.0,4.264673287109375,1.0,1.0,6.154991030151367,1.0,1.0,1.7325478188079835,1.0,1.0,18.1347427164917,8.217090319274902,20.76911633166504,5.397622350146484,17.983086803344726,14.610676620727538,5.932935705688477,55.802972583618164,34.505435074035645,5.024133279876709,29.802466280212403,8.60918110546875,21.19753381500244
TEST_00+2일,1.0,1.727577406628418,1.0,1.0,1.0,1.0,1.3251778584320069,1.0,1.0,1.0,1.0,1.0,1.0,1.0,1.0094980207946778,1.0,1.432750160461426,1.0,1.0,2.844711114355469,1.038432741192627,1.0,1.0,1.0,1.0,11.127525317565919,1.0,9.104376568261719,1.9947402548431397,1.0,1.0,1.0,1.0,1.0,1.0,1.0,5.874149123657227,1.0,1.0,3.9078501237426755,3.4070915969909668,1.0,1.0,1.0,1.0,1.0,1.0,1.223412689831543,1.0,1.0,4.920544277557373,1.0,2.8965963286712646,1.0,1.0,1.0,1.0,1.0,1.0,1.0,2.051626664880371,2.3948788470932008,2.950533626132202,4.184019113595581,1.583921738067627,1.0,1.0,1.0,1.0,1.0,1.0,1.0,1.0,1.0,1.0,1.0,1.0,1.0,1.0,1.0,1.0,1.0,1.0,1.0,1.0,1.1380802604652405,1.0,1.0,1.0,1.8400367434799194,27.145597599365235,1.0,1.0,1.3105215124279785,1.0,1.0,1.0,1.0,8.193888938323974,1.0,1.0,1.0,1.631220197467041,1.0,4.4528525,31.333723873901363,6.784527557617187,1.0,1.0,1.0,1.0,1.0,1.0,1.0,1.0,1.0,1.0,1.0,1.0,1.0,1.0,8.149877779937745,1.0,1.0,1.0,1.0,1.0,1.0,1.0,4.123016487799072,1.0,1.0,38.97882367041016,1.0,1.0,1.0,1.0,1.0,1.0,1.0,1.0,1.0,1.0,1.0,2.264040714050293,1.0,1.0,34.94439836608886,2.582903945678711,1.0,1.0,1.0,1.0,2.8488705136474612,1.0,1.0,5.027774594458007,1.0,1.0,1.0,1.0,1.0,1.005211323215332,1.0,1.1724376644042969,1.0,1.0,1.5664581724258424,1.0,1.0,1.0,1.0,1.0,1.0,1.0,1.0,1.0,1.0,1.0,1.0,3.5753054785766603,1.8607775099853516,3.889285302392578,1.0,4.107427824499512,2.4395372684936523,1.0,10.182122696289063,5.494787919091797,1.8599639969726562,9.595992854248047,2.084573959121704,1.34953975
TEST_00+3일,2.6581295823272706,12.023345,1.6894049651672365,1.0,1.0,1.0,2.6418307,1.3358955261302947,1.0,1.0,1.0,1.0,1.0,1.6778471494796754,5.5886106882171624,1.0,2.9842175,1.0,1.0,9.198394,3.00564885,1.0,1.0,1.0,15.85548518392334,23.374358051635745,1.0,48.81061157617188,2.7978067635757444,1.30429875595932,1.0,1.0,1.020257099734497,1.0,1.0,1.0,7.591814934753418,1.0,1.0,5.540744506408691,4.210833537597656,1.0,1.0,1.0,1.0,1.0,1.0,1.6285868154685974,1.0,1.0,5.282222824066162,1.0,3.0183029227691653,1.0,1.0,1.0,1.0,1.0,1.0,1.0,2.2471936856750485,1.7554216995147707,2.8757733170684814,4.273589853988648,2.373470794119263,1.0,1.0,1.0,1.005650680075073,1.0,1.0,1.383686065045929,1.0,1.0,1.4542014071449278,1.0,1.0,1.1032090268302919,1.0,1.8443386142089844,1.0,1.0,1.0,1.0,1.0,1.509388940512848,1.0,1.0,1.3921975487762452,2.5108112160995484,74.248659046875,1.0,1.0,2.078803563711548,1.0,1.0,1.0,1.0,9.234971797332765,1.8800263542358397,1.0,1.0,1.8434625939178466,1.0,2.2459195,20.122071466430665,5.272998685424804,1.3534449748672486,1.1832631998466492,1.0,1.2310274677375794,1.0,1.0,1.0,1.0,1.0,1.0,1.0,1.0,1.0,1.0,6.359457745941162,1.0,1.0,1.0,1.0,1.0,1.0,1.226283249763031,3.4525990508422852,1.1437072455918884,1.0,38.804895287109375,1.0,1.0,1.0,1.0,1.0,1.0,1.0,1.0,1.0,1.0,1.0,3.0493914256896972,1.0,53.40768067333984,56.36507981994629,3.8214841869262695,1.0,2.053961937353516,1.0,1.0,4.829900756518555,1.0,1.0,6.532691442382813,1.261092325024414,1.0,1.0,1.8909806232299804,1.0,1.6458038567871094,1.2886275896697998,2.060674004296875,1.0,1.0,2.3873122941833493,1.0,1.0,1.0,1.7498393045898437,1.0,1.0,1.0,1.0,1.0,1.0,1.0,1.0,6.784246448852539,3.899677636260986,7.437767596496582,1.836704542755127,7.881797145751953,5.089838272009278,2.7317145838623045,22.750394068359377,16.753797517944335,3.185204123522949,19.774411244934083,4.285630024353027,6.359543803192139
TEST_00+4일,2.8738602347366333,22.18999970159912,1.7523537824768067,1.0,1.0,1.0,4.467116398162842,1.4182615838302612,1.0,1.0,1.0,1.0,1.0,1.232190831893921,7.184231308074951,1.0,6.9199271632080075,1.0,1.0,18.728849467041016,4.024325,1.0,1.0,1.0,12.04476213430176,21.513302947509764,1.0,37.113920050048826,2.598236373626709,1.0700374958068848,1.0,1.0,1.0087052335552216,1.0,1.0,1.0,7.755142678588867,1.0,1.0,6.315001379089356,3.7866119097595217,1.0,1.0,1.0,1.0,1.0,1.0,1.5085179277442933,1.0,1.0,4.9799435306640625,1.0,2.9083090597076415,1.0,1.0,1.0,1.0,1.0,1.0,1.0,2.2110542268707274,2.002985469467163,2.64921725970459,4.225855360733032,2.1538133257904053,1.0,1.0,1.0,1.0,1.0,1.0,1.2271953783164977,1.0,1.0,1.2898575888969421,1.0,1.0,1.0,1.0,2.0443500116516113,1.0,1.0,1.0,1.0,1.0,1.358947735231018,1.0,1.0,1.538567231864929,2.572840197621155,42.55792060864258,1.0,1.0,2.1633560476257325,1.0,1.0,1.0,1.0,9.60369412689209,1.8109686589370728,1.0,1.0,1.6509449606933593,1.0,2.739927,35.98179441894531,5.722134366162109,1.3038791417076112,1.15587633605423,1.0,1.191129914189148,1.0,1.0,1.0,1.0,1.0,1.0,1.0,1.0,1.0,1.0,13.559835046966551,1.0,1.0,1.0,1.0,1.0,1.0,1.0,4.6872072068573,1.0,1.0,43.25756997436524,1.0,1.0,1.0,1.0,1.0,1.0,1.0,1.0,1.0,1.0,1.0,2.7504288088378903,1.0,33.524718631591796,48.75909237548828,3.5515250209106446,1.0,1.8990354456359864,1.0,1.0,4.31588422109375,1.0,1.0,6.462169149621582,1.2609655469604493,1.0,1.0,1.5746252875976563,1.0,1.421575910522461,1.1145061912719725,1.891670602734375,1.0,1.0,2.404168110461426,1.0,1.0,1.0,1.1258326552246094,1.0,1.0,1.0,1.0,1.0,1.0,1.0,1.0,7.5144656275024415,3.8652513262817383,7.881223232055664,1.7811745339904785,7.151656024597168,5.943118047790527,2.4055651481567386,22.15801043725586,15.78626745654297,3.0002659721069334,20.581268821716307,4.282415076660157,5.808007275512695
TEST_00+5일,2.84582389884491,39.22822331420898,1.6701715089004514,1.0,1.0,1.0,10.197155890136719,2.6357099845443726,1.3589900306419374,1.0,1.0,1.0,1.0,2.624047642267227,8.123224039382935,1.0,17.862372253173827,1.0,1.0,35.11013705194092,9.989494625854492,1.0,1.0,1.6540009435020446,16.659395580322265,25.522194060119624,1.7449287168655396,68.02005785583496,2.887909745257568,1.3663364676391603,1.0,1.0822541838302613,1.2448371780326843,1.0,1.0,1.0,10.340593663269043,1.0,1.0,7.8487874949951175,4.059831000537109,1.0,1.0,1.5287929859016418,1.0,1.0,1.0,1.6672375559532167,1.0,1.0,5.538524873999023,1.0,3.1342357163085937,1.0,1.2116548488555907,1.0,1.0,1.0,1.0,1.0,2.5249826976898193,1.9133378901794433,2.9466334738952638,4.787642720117187,2.066666015548706,1.0,1.0,1.0,1.068728279911804,1.6071557,1.170056930125427,1.4435125937156676,1.0,1.0,1.7768291430740357,1.0,1.0,1.1521243246292114,1.0,2.2855037344253537,1.248568189831543,1.0,1.0,1.0,1.8773696659439087,1.5115404680755615,1.0,1.0,2.337434987197876,2.8562001969223023,97.98990463134766,1.0,1.0,2.6636208356109616,1.0,1.0,1.0,1.0,11.924657678649902,1.823276156578064,1.0,1.0,1.5149345550567628,1.0,3.9737045,61.29157269067383,5.379752163909912,1.3996724129966736,1.4655565802436827,1.0,1.3699496197753906,1.0,1.0,1.0,1.0,1.0,1.0,1.0,1.0,1.0,1.0,28.16028704449463,1.0,1.0,1.0,1.0,1.0,1.0488950214042663,1.5810622597923278,8.881141608428955,1.3616809261314393,1.0,59.275486853027346,1.0,1.0,1.0,1.0,1.0,1.0,1.1054486878219605,1.0,1.0,1.0,1.0,2.841048098522949,1.0,71.04075890625,95.28836595092773,3.548377273474121,1.0,2.0732658338256837,1.0,1.0,4.688446051538087,1.0,1.0,6.582656703430176,1.5093242288146973,1.0,1.0,1.9620603152709961,1.0,1.4933184772216797,1.3637756047729492,1.9380219926391602,1.0,1.0,2.685348483200073,1.0,1.0,1.0,1.0,1.0,1.0,1.0,1.0,1.0,1.0,1.0,1.0,7.504969704162598,3.6215143899841307,7.562052580932617,1.6826198084472657,7.551088160217285,5.778195191223144,2.3959957187622067,21.369166332519534,16.655109999389648,3.1253945763183593,23.8051752154541,4.414271340625,6.9954410581054685
TEST_00+6일,8.251572914581299,28.180843027801515,6.308676712496949,3.5682121584579467,1.0,1.2715483479713439,6.928734446517944,3.122810409072876,2.6661760259407044,1.0,1.0,1.0,1.1826496180427553,5.712775101364136,22.63622171801758,1.4154829590698244,15.287672833435057,1.0,1.318014280558014,26.081583784484863,7.84707647996521,1.3915465647956848,1.0,2.005791826263428,22.283368767028808,29.24550633935547,1.0931188554458617,101.16313943359376,4.010659208245849,1.8730626076431274,1.0922126620178223,2.1517020328125,2.4293614269256594,1.3951501340576171,1.0,1.0,29.837917090209963,1.0,1.1233506129642485,27.34220689367676,6.20013719859314,1.0,1.0,1.7082321476341247,1.0,1.2412852347640992,1.0,2.4582740909217833,1.0,1.2760948213539125,7.037494431518555,1.0,3.9660413622436526,1.0,3.550147038220215,1.0,1.941093529045105,1.0,1.0,1.0,5.445267848114014,2.617211822015381,4.321083778677368,6.270540460675049,3.103175751547241,1.5555955033699036,1.0,1.1634283227729798,1.4164005576164245,2.8186895,1.2783340018440246,3.349346770251465,1.0,1.0,3.215807104182434,1.0,1.0,1.1806517191490173,1.0629695676010131,3.6153836188049313,1.9248045016532898,1.0,1.0,1.0,1.4438822730331422,1.5276562729431151,1.6323353727844239,1.018526354882431,2.230563986354828,5.054370777359009,85.61079115478516,1.0,2.2372938452285767,6.356409264709473,1.0,1.0,1.0,1.0,16.377630286987305,3.841235411694336,1.0011296203590394,1.0,2.6510160173889163,1.0,12.2396755,46.24178116601563,7.318843732055664,2.3598961933776854,2.30121349654541,1.0,2.0538435084472657,1.0,1.2790118899818421,1.0,1.0,1.1658474244812012,1.0,1.0,1.1464734624923705,1.0,1.0,18.450345853271486,1.0,1.0,1.0,1.0,1.0,1.0,1.3748746556365967,5.384792473052979,1.2853015477096559,1.0,46.99647326025391,2.573583261022949,1.0,2.9407117821502684,1.816622650817871,1.0,1.715626225683594,6.5009025074310305,1.2983407458587646,1.0,2.7061660184509275,1.0,4.245875364221192,1.0,136.26708868896486,115.00732203369141,5.787235908813477,1.0,3.967617335357666,1.0,1.0,8.497239416381836,1.0,1.0,10.25964121520996,2.795394174536133,1.0,1.0,4.459145031555176,1.0,2.6518826396484374,1.5858446919067384,3.074439257019043,1.0,1.0,4.398901214663696,1.0,1.0,1.0,3.165282024658203,1.0,1.0,3.1705496226806638,1.0,1.0,1.0,1.0,1.0,12.308351729064942,5.86048791885376,11.168217294128418,3.395817041503906,11.80915356994629,8.969789824157715,4.694334969567871,38.125364153564455,27.59354952178955,4.063441143493652,33.77897553277588,6.855137661544799,11.940301055786133
TEST_00+7일,14.133636790344237,1.0,10.353396366516115,6.323887992156982,1.4788390521560668,1.3367669123779296,1.365529181817627,2.2665721731391906,3.4172582528762816,1.4243008212585448,1.0,1.0,1.646290730921173,5.937011963998414,34.970014537597656,2.5342235474868775,3.068834518383789,1.304169775805664,2.255713946121216,3.161419860595703,1.3972268006530761,2.278307102958679,1.0,1.0,11.697034915161133,1.061962,1.0,40.672901174072265,7.272583266836548,3.2983104016632083,1.6064823777267456,3.0567010931243903,2.3543740163520814,1.6893371893745421,1.0,1.0,39.153053349853515,1.0,1.6345748764785766,33.55680771105957,11.2235081875,1.2826103678077698,1.0,1.0,1.0,2.5035222975494387,1.0,4.284719960910034,1.5392764647750854,3.114091342056274,12.06712383013916,1.0,6.238011535003662,1.0,3.753778115625,1.0,3.1039156720520023,1.0,1.082387334465027,1.3188057551422119,10.115591228973388,8.743214980041504,14.068292020935058,10.171521315887452,9.436791742919922,3.0597694130844113,1.0,1.0823748126495363,2.333744959525299,6.885048240219116,1.444193005304718,5.704784671173096,1.0,1.1490598030933379,5.010060058795165,1.0,1.0,1.5738083807914733,1.0,4.204701333747864,3.161906718838501,1.0,1.0,1.0,1.0,2.0060946905426027,2.306496992866516,1.0349986099189759,1.5923242887039184,5.61444137701416,3.642370961303711,1.196218415447998,3.0000305280166626,9.255267927490234,1.0,1.2506946880142213,1.0,1.0,16.092189836059568,5.97162362260437,1.7700742077278138,1.0,4.202328675646973,1.0,104.80674751660156,6.29021916217041,31.15331950744629,3.2359401561431884,4.497548033157348,1.0,3.3228495264877322,1.0,1.9237297072517394,1.053419836933899,1.0,1.4127426794204712,1.0,1.567977981412506,2.081397070298767,1.4615008625862123,1.0,1.0,1.0,1.0,1.0,1.0,1.0,1.0,1.0,1.0,1.0,1.0,6.601915749023438,2.803815102598572,1.3641829810333252,3.33710742515564,1.9143478806732177,1.0,2.0970352796936034,6.948287962249756,2.391188735299682,1.0746590911201477,3.5970610506774903,1.0,6.251449297393799,1.0,78.25598849609375,28.54412249194336,11.14714715548706,1.0,8.026111626049804,1.0,1.0,16.916404838867187,1.0,1.0,21.131033320007326,6.229051607986451,1.0,1.0,10.81871330456543,1.0,5.4642582979736325,1.9050071117614746,6.249009805053711,1.0,1.0,6.596081647979736,1.0,2.115604021630859,1.0,7.7884593212890625,1.0,1.0,9.438802631347656,1.9280929803222655,1.0,2.360950986427307,1.1921866582763672,1.0,21.971282012817383,10.918223259643554,22.06429760412598,6.928905171600341,21.998380838256836,17.684745125213624,8.633608311096191,71.45111406921386,50.1417696451416,6.375799318237305,45.11546565124512,11.062546968933106,25.380114683410646
TEST_01+1일,4.253960962104797,1.3763224191894532,9.695362326446533,3.8371825614471438,1.0,1.6986954713027953,1.0,2.9190221830108642,3.154096345074463,1.0,1.0,1.0,1.0,2.0358655681701663,15.050687778869628,1.0,1.0,1.0,1.0906780518753052,1.5586722650512694,1.0,1.0,1.0,1.0,1.0,1.0,1.0,4.858181196826171,4.951962692382812,4.868106584979248,2.5244632821655273,5.159016206420898,3.321403027070618,1.2996099369937897,1.0,1.0,44.13810036682129,1.0,2.027331305177307,29.604848933959957,13.660670649902343,1.0,1.0,1.0,1.0,3.275253985626221,1.0,3.239202102118683,1.0,5.403069758972168,10.69864226965332,1.7319922010742186,4.782508608117675,1.0,1.5841628423522949,1.001767410408783,2.3002933219299324,1.0,1.2936161710319518,1.1831569853847503,12.416554816986084,7.733573141952514,11.104655347991944,8.591347059753417,8.633992764099121,1.0605830651344301,1.0,2.0226315365631105,3.5767738273925778,1.0,1.5812565148559572,1.0,1.0,1.0,2.80514777527771,2.0061142053192142,1.0,1.0,1.0,2.4933198792633062,1.7774301968902588,1.2634497522850037,1.5008454851463318,1.268900994657898,1.0,1.7082460681137084,1.2034946124038697,1.2762775256820678,1.4192672015544892,3.966752035534668,1.0,1.4473485721801758,3.8139730928634643,8.363701395996094,1.0,1.0531766261734008,1.0,1.0,17.292066528137205,7.964074615783691,1.6960660686386109,1.390016615397644,5.60078025743103,1.0,129.65409831347657,1.0,45.3803692956543,4.543699497479248,3.588456515673828,1.3030004619758606,3.463366628450012,1.0,2.7092150382141114,1.0,1.0,1.294373790170288,2.7454999698669433,1.505345526688385,2.3851969469833376,1.8216109675582883,1.0,1.0,1.0,1.0,1.0,1.0,1.0,1.0,1.0,1.0,1.0,1.0,3.4104302,3.676535129968262,4.123734175430298,3.7479712977905275,2.6893342366638184,1.0,1.2314508975639344,6.485676515377808,1.0,1.0,4.97473035067749,2.0078625160896304,7.298932310760498,1.0,2.420665,3.673359608642578,11.971724914611816,1.0,8.457626576184083,1.0,1.0,19.194463373107908,1.0,1.0,18.929957544921876,6.994315112930298,1.0,1.0,13.176780813720704,1.0360847879058839,6.769635453784179,3.0043247971435547,9.286287296539307,1.0,1.0,13.2081192885437,1.0,1.051960430810547,1.0,9.254743221435547,1.5049937357055665,1.0,6.697772754663086,1.3461835853759765,1.0,1.4247828398895264,1.8446841171386719,1.026085907836914,8.024174683227539,5.973213890228271,9.52955694378662,3.7048049195739745,10.045238710388183,8.514807364196777,3.815312214355469,26.63570690625,25.798208331970216,1.3848905758666992,23.425675585083006,4.9812181661987305,21.20954519000244
TEST_01+2일,2.079683189852905,1.0,3.9060630710220337,1.581734429334259,1.0,1.0,1.0,1.0,1.1299760925502778,1.0,1.0,1.0,1.0,1.0237050100479126,4.712471710205078,1.0,1.093195915222168,1.0,1.0,1.3281288146972656,1.0,1.0,1.0,1.0,1.0,1.0,1.0,5.878332138061524,2.2831619866485595,1.5518388479652405,1.0,3.553657184416198,1.2743338573043823,1.0,1.0,1.0,26.909078473083497,1.0,1.0,21.582688257751464,4.801294086535645,1.0,1.0,1.0,1.0,1.8254271590942384,1.0,2.232469672991943,1.0,3.134630309692383,8.731149682641602,1.0,3.7702267350097656,1.0,1.656341143610382,1.0,1.0,1.0,1.0,1.0,7.163205442520142,4.180925374243165,5.755132190606689,8.017196371948241,4.78042556161499,1.0,1.0,1.0,1.939646464164734,1.0,1.0,1.0,1.0,1.0,1.0,1.0,1.0,1.0,1.0,1.0,1.0,1.0,1.0,1.0,1.0,1.0,1.0,1.0,1.0,2.1081333678497316,1.402458566345215,1.0,2.519494307469177,4.936885651672363,1.0,1.0,1.0,1.0,19.186850591796876,2.8752021772842404,1.0,1.0,5.058997690567017,1.0,2.085731,1.0,25.288844238830567,2.0289770853523255,1.5611594091026306,1.0,2.2723199601600648,1.0,1.1565567482055665,1.0,1.0,1.0,1.37560750491333,1.0,1.0,1.0,1.0,1.0,1.0,1.0,1.0,1.0,1.0,1.0,1.0,1.0,1.0,1.0,3.8156075,2.1461461411361693,1.3525548221298218,2.342286008621216,1.0004142670719147,1.0,1.0,3.442249125465393,1.0,1.0,2.2274688580505373,1.0,6.0033056937683105,1.0,1.0,3.7275364868164065,8.828289678527831,1.0,6.986203933569335,1.0,1.0,14.30730765588379,1.0,1.0,15.647908895935059,5.25436069715271,1.0,1.0,8.751497531915284,1.0,4.774332538946533,2.0407573543670656,6.471745480847169,1.0,1.0,5.214668908477783,1.0,1.036473528671875,1.0,3.2794828635742186,1.0219550565429687,1.0,3.6650743627929687,1.0,1.0,1.1211286200408934,1.0,1.0,5.330847167700195,2.9124253952636723,6.904688831201172,1.9931795984436036,6.286712050262452,6.092902058776856,2.2751012999023437,20.457088682373048,11.8841551914978,1.0,11.880439646911622,4.0282976574645994,8.106710612335206
TEST_01+3일,2.9093892756759643,1.0,4.6500677059707645,1.779502547278595,1.0,1.0,1.0,1.0,1.2138883289360045,1.0,1.0,1.0,1.0,1.1947472743259429,5.752910099777222,1.0,1.4662635909057622,1.0,1.0236232375789642,1.893093476599121,1.1092777104797364,1.0,1.0,1.0,1.0,1.0,1.0,6.1069051298217785,2.9527295617416383,1.5236476663604737,1.1348450363632203,3.8916708227035524,1.7478542235351562,1.0,1.0,1.0,27.503811653137205,1.0,1.01443149788208,25.07353019281006,6.329896448028565,1.0,1.0,1.0,1.0,1.7367956226676942,1.0,2.772932624986267,1.0,3.285092349478149,9.430870705200196,1.0,4.25437570402832,1.0,1.926425232762146,1.0,1.4104505440330506,1.0,1.0,1.0,7.169522423721314,4.509497738682556,6.696023680566406,9.36293463546753,5.237299938781739,1.0,1.0,1.0,2.3204413881118775,1.0,1.0,1.0,1.0,1.0,1.0611074408828736,1.0,1.0,1.0,1.0,1.0946712716220857,1.0,1.0,1.0,1.0,1.0,1.5728558678894045,1.0,1.0,1.0,3.238855706109619,2.9731619719848634,1.0,2.5176382018692016,5.188788374328613,1.0,1.0,1.0,1.0,19.493982128234865,3.5819456447662352,1.0,1.0,5.400529491897583,1.0,1.2704883805419922,1.0,25.66841016921997,1.958184999912262,2.234090270211029,1.0,2.298389636748505,1.0,1.0,1.0,1.0,1.0,1.233637525216675,1.0,1.0,1.0,1.0,1.0,1.0,1.0,1.0,1.0,1.0,1.0,1.0,1.0430562379333497,1.0,1.0,5.9766965,2.6527904385437013,1.6892289135837555,2.5932938099853517,1.1273141796779633,1.0,1.0089090818702697,4.185533740591431,1.0,1.0,2.210218301663208,1.0,6.287338881164551,1.0,3.860771891113281,2.2503222416992186,8.906122908728028,1.0,6.913154755401612,1.0,1.0,14.955996426635743,1.0,1.0,16.97029235595703,5.981626725039673,1.0,1.0,10.583135375915528,1.0972998869628907,5.032156694525146,2.191329704281616,7.639057872387696,1.0,1.0,6.4190524712905885,1.0,1.0,1.0,4.829480006835937,1.0,1.0,3.940524100341797,1.0,1.0,1.2468690069274904,1.0,1.0,6.35204004654541,3.9096372210388184,7.978592994750977,2.4460262525024414,7.699397810211181,7.019565337573242,2.667166014428711,23.840696549804687,18.64371377001953,1.0645761961669922,18.476877783935546,5.283373096252442,14.212737682373046
TEST_01+4일,2.675766640098572,1.0,4.252004331596375,1.6309116620796205,1.0,1.0,1.0,1.0,1.0,1.0,1.0,1.0,1.0,1.2740665027519227,5.550934260513306,1.0,1.352407601916504,1.0,1.0,2.0390296151367187,1.0048117259399414,1.0,1.0,1.0,1.0,1.0,1.0,6.59597967944336,2.3922383721099854,1.2271213440864563,1.0,3.3671470741241456,1.5550688688404084,1.0,1.0,1.0,24.651393968994142,1.0,1.0,21.443310480651853,5.464373120010376,1.0,1.0,1.0,1.0,1.3209846074241638,1.0,2.919752020829773,1.0,3.1579304309425353,8.806896425012207,1.0,3.9739945773620606,1.0,2.1335340616683958,1.0,1.4804386032493593,1.0,1.0,1.0,6.323990623306274,4.200355767953491,5.58665848890686,8.773895277734375,4.503587948880005,1.0,1.0,1.0,1.6953950281021117,1.0,1.0,1.0,1.0,1.0,1.0,1.0,1.0,1.1716598726230623,1.0,1.0,1.0,1.0,1.0,1.0,1.0,1.1485326084114074,1.0,1.0,1.0,2.993306146751404,3.141692422619629,1.0,2.29250406582489,4.693664575344848,1.0,1.0,1.0,1.0,22.717531383789062,3.069936502241516,1.0,1.0,5.128380883285523,1.0,1.30872915,1.0,23.541527543273926,1.8155515635604857,1.8068127601608277,1.0,1.990491505140686,1.0,1.0,1.0,1.0,1.0,1.1106499368576048,1.0,1.0,1.0,1.0,1.0,1.0,1.0,1.0,1.0,1.0,1.0,1.0,1.0,1.0,1.0,10.062674618347167,2.597219782928467,1.3532662598709106,2.4343774409866334,1.0,1.0,1.204044540777588,4.086375457336426,1.0,1.0,1.9562871588485717,1.0,5.931404119610596,1.0,3.3709347,2.351828210424805,8.359487282128907,1.0,6.7370889287109375,1.0,1.0,14.258816126586915,1.0,1.0,15.974427953491212,5.593765127502442,1.0,1.0,9.615485088989258,1.1297529450073243,4.709895947998047,2.067382802130127,7.132391759338379,1.0,1.0,6.045156960510254,1.0,1.0,1.0,3.9027067513671874,1.0,1.0,3.683225055395508,1.0,1.0,1.1356093078491212,1.0,1.0,6.261573327697754,3.39689910569458,7.592936261755371,2.1432504140625,7.0954093914794925,6.789955010620117,2.457829819042969,22.36172407373047,15.105607526519776,1.0,16.375576827941895,4.477856376019287,10.812338271636964
TEST_01+5일,3.256345009777832,1.5081640463867187,4.69358577935791,1.9008727588356018,1.0,1.0,1.6914374801116945,1.0,1.1192176230987547,1.0,1.0,1.0,1.0,2.978705243297577,7.198471997909546,1.0,3.0173543643066405,1.0,1.1061096142406464,4.189239957897949,2.5122228720123294,1.0,1.0,1.0,1.9936676496383667,2.1057395,2.3058614773559567,15.210187560180664,2.455154754464722,1.7338412307655335,1.053243441457367,3.569368489424133,1.631693623826599,1.0,1.0,1.0,25.821552081298826,1.0,1.0067925931838988,22.81300743280029,5.281734400924682,1.0,1.0,1.0,1.0,1.456091407395935,1.0,2.9012152506828306,1.0,3.3992550495666505,9.617755815460205,1.0,4.264993922433472,1.0,2.356492950757599,1.0,1.7357694487915039,1.0,1.0,1.0,6.726225327316284,4.552204287391662,6.255841866561889,10.383731154571533,4.7794468508300785,1.3776887822982788,1.0,1.0,2.2369835493850707,1.0,1.0,1.0,1.0,1.0,1.4986380796131133,1.0,1.0,1.5019862981113434,1.0,1.1085106120910644,1.0,1.0,1.0,1.2228597923973084,1.0,1.5190146204498292,1.0,1.0,1.0,3.6990506517486574,12.828827290649414,1.0,2.705848583197022,5.591756413146973,1.0,1.0,1.0,1.0,25.303924723205565,3.928036811477661,1.0,1.0,5.624971903305053,1.0,4.06132125,1.0,23.401268519073486,2.3062144881210327,2.2140623856681825,1.0,2.411845102093506,1.0,1.0,1.0,1.0,1.0,1.47469129085083,1.0,1.0,1.0,1.0,10.848399572418213,1.0,1.0,1.0,1.0,1.0,1.0,1.0,2.067820547583008,1.0,1.0,21.118973249206544,2.7579433979400636,1.7090358945404052,2.730248472595215,1.2117629904403686,1.0530066656719208,1.519847174093628,5.2087663438949585,1.0,1.0,2.098061285082245,1.0134326387615202,6.398186693963623,1.0,19.224880403442384,11.634442904541014,8.886784563964845,1.0,7.522468567132568,1.0,1.0,15.689814631469726,1.0,1.0,16.698410364990234,6.564483765365601,1.0,1.0,10.370292977844239,1.344120550263977,4.957998271728515,2.1983164259338377,7.947653288232422,1.0,1.0,6.381652107170105,1.0,1.0,1.0,4.801529897216797,1.0,1.0,3.8625249971191407,1.0,1.0,1.3401727057525634,1.0,1.0,7.286044314208985,3.6165995695373536,8.271212061950685,2.543205977209473,8.252618308044433,7.547362521972656,2.698532809362793,25.171335995117186,17.754921494415285,1.3780917961669923,18.03500618096924,4.875531450714112,13.222349644866945
TEST_01+6일,4.771392694091797,2.921603755859375,6.850567775924683,3.9496657813446046,1.0,1.2129303141384125,1.4740297207550048,1.016431170856476,1.964809625946045,1.0,1.0,1.0,1.0,3.2581433364810946,12.156335228271484,1.1079611066612243,3.0126066415771486,1.0,1.5472575856132509,4.1031932867431635,2.135430075259399,1.0,1.0,1.0,2.311275601512146,1.8036995,4.408785843273925,11.963345110839843,2.899853091369629,2.6712786722488406,1.3480883925109866,4.292829807357788,2.3340839694999698,1.369299395228195,1.0,1.0,30.984426884155273,1.0,1.2241284846885683,27.282470587280272,7.236069687268067,1.0,1.0,1.0,1.0,2.123631959182739,1.0,5.083494989608765,1.0,3.8901104022598267,10.820197031860353,1.0,4.624180802819824,1.0,2.5773688750183106,1.1060027013275147,1.9807376695289611,1.1968966913017272,1.0,1.0,9.415191549743653,6.131612764624023,8.787776924713135,11.524116751525879,5.442310511016846,1.8021434342041016,1.0,1.7868586611602784,3.235473519190979,1.0,1.2971771576152802,1.0,1.0,1.0,2.627086954364777,1.0427924276351928,1.0,1.6734241615089416,1.0,1.8691979296798706,1.4431906941024781,1.2284278257347108,1.47875656281662,1.0960244131095886,1.0,2.297508578212738,1.0,1.598074134124756,1.6825032574653624,5.012373924990845,11.14504993371582,1.0923748775672912,3.089856066177368,7.971575527526856,1.0,1.0,1.0,1.0,23.651312611328123,5.359750493826294,1.0262778493759155,1.0,7.096726905258179,1.0,13.416519,1.0,26.92915738372803,2.8203200125305177,3.906774065270996,1.0,2.829215541105652,1.0,1.241251493717575,1.0,1.0,1.0,1.9360418724552155,1.4801972460098265,1.0782508780677795,1.1470422850280761,1.0,2.436605,1.0,1.0,1.0,1.0,1.0,1.0,1.0,1.5579624801727294,1.0,1.0,15.457909339538574,3.351762735219574,2.542141618942261,3.66500938183136,1.7152466751556397,1.0,1.5255724199829102,6.4258270647354125,1.1880252457241058,1.0,3.0199215501937866,1.6913713635322571,6.790132537280273,1.0,19.48755067883301,9.031153010375977,9.610895010620117,1.0,7.7854035306091305,1.0,1.0,17.337139765625,1.0,1.0,19.556817254333495,7.951771239428711,1.0,1.0,12.64014087097168,1.313695351298523,5.573136321105958,2.3579683320800777,9.11719401977539,1.0,1.0,8.891919720863342,1.0,1.0,1.0,6.6268438117675785,1.0,1.0,4.761054333740234,1.128950336694336,1.0,1.5318963052398682,1.0878381930664063,1.0,8.810232629882812,4.604072313787842,9.431126599060057,3.02717424732666,10.320255816833496,8.192132891052246,3.1704743986206054,29.565531984863277,23.103906427246095,1.5873602201904298,23.553050023925778,5.878732254776001,17.63869764819336
TEST_01+7일,6.232424262521363,4.772053516174316,11.136920457519532,5.577728105163574,1.0,2.0680726567245484,1.0,3.555872909857178,3.685064570614624,1.0,1.3160535863574983,1.029079628878784,1.0,2.5815931017017366,19.95826994824219,1.6038616848449707,2.353382706176758,1.0,1.7809733611961365,2.5699383045532227,1.0557580199279784,1.0,1.0,1.0,1.0,1.0,2.7012993581024167,6.465867035827637,5.8961458077392574,4.902560704598999,2.959948310406494,5.237586283746338,3.967402464025879,1.7290356192001344,1.2749929825149535,1.0,45.30564678466797,1.0,2.4267700311203004,37.023172181640625,15.600596912719727,1.0,1.0,1.0,1.0,3.675518360198975,1.0,4.488499795005799,1.0008200927490234,5.2826640935058595,13.440901875213623,2.162680036224365,5.293458643859863,1.0,1.6834315447898864,1.3266032486648558,3.3822120754241944,1.582099223563385,1.4160160292526245,1.728675982901001,14.386745039611817,9.697287737854005,13.503463997741699,9.174064289031982,9.912158426574706,1.7868248694335938,1.4408798746994018,2.4508566849624636,3.909871654838562,1.0,2.1284254564941403,1.0381370149726867,1.0,1.0,3.9812093007873535,3.42810403999939,1.0,1.0,1.0,3.257297373449707,1.881030568473816,1.655694583956146,2.5978682250518803,1.2759211808486939,1.053823203976593,3.111863644104004,1.3663541860710144,2.5455478929748536,2.23978702173996,6.782734393347168,2.7110125,1.6140232492218018,3.9223950461120607,10.263423392730713,1.0,1.294396466694641,1.0,1.034967833149338,15.322122903411865,8.829651468948363,1.577243156313324,1.4223051541152953,5.721973399896241,1.0,94.53321430664062,1.7443344382177735,39.47858169677734,4.726784921685791,5.381235837561035,1.2531952922821046,3.4134751483688355,1.0,2.2552070755874634,1.0,1.0,1.3163141583007811,2.4713798263923645,2.343099374031067,2.3524027082138064,1.9711147472381592,1.0,1.0,1.0,1.0,1.0,1.0,1.0,1.0,1.0,1.0,1.0,1.0,2.58305285,3.767027452270508,4.439838385394287,4.220424070863342,2.9961656488754276,1.0,1.157396337702179,7.1420398943328856,1.4380355343055724,1.0,4.698996298217773,2.5535523563079834,8.032774219812012,1.0,6.078252372192383,3.04911685,13.081420414520263,1.0,8.764145780303956,1.0,1.0,22.030634936706544,1.0,1.0,23.336227350219726,9.585010051513672,1.0568779541052244,1.0,17.99823276135254,1.1533406267150879,7.636176098376465,3.283893212918091,12.799787060028077,1.0,1.0,13.599918061004637,3.5446669256347656,4.2800029975585945,1.0,14.901159778808594,1.909617221142578,1.265826612902832,8.039147215698243,3.109248919458008,1.0,1.6478048039627076,3.4486361588623047,1.9308334552856445,11.622302503479004,8.120216973022462,12.541405040649414,4.991810578027344,14.100165853271484,10.559820064208985,5.1906746505432135,36.2664986862793,36.58032415637207,2.1795240477539064,36.304919844970705,6.191010728912353,29.661617542114257
TEST_02+1일,7.931393140161132,1.1729106903076172,12.347953317321778,5.962090712420654,2.334127978842163,1.546385268925476,1.0,1.471167219795227,3.129075307852173,1.0438457083473207,2.5629987837509156,1.0,1.8061537726478574,4.947509273330688,40.67718907995605,1.773303052900696,1.0,1.63526753853302,1.152352727753067,6.117986404174805,1.0,2.5209588427734375,1.0,1.0,1.0,1.0,1.0,2.1225565408325195,10.471907629394531,7.759841779479981,3.977097111793518,5.247032881253052,3.0386688759796145,2.0135656673034665,1.0,4.133799418701171,55.52774049682617,7.355572439642334,2.233140883377075,34.54922308203125,22.92594246820068,1.4818853066947937,1.0,1.0,1.0,1.971949017461395,1.0,5.392598473754883,1.0,6.427168359088135,19.31660733319092,1.1449727312271119,9.048679600543213,1.3642082890068055,1.1986831939628602,1.6654447068222047,1.3419956063690186,1.8344773161682129,1.0,1.0,15.21853448034668,18.39908308642578,22.366626794494625,21.236953514526366,14.668430883392334,1.0,1.0,1.5591103972114562,1.6972147079528808,1.0,1.2537365941184997,1.0,1.3261357112442016,1.0,2.874037732089233,3.6727198420043945,1.0,2.4671075181732176,1.0,3.742763637800598,3.1960284610214234,1.6577367235687257,1.6533018950012206,1.0,2.2788514120025636,1.189115802786255,1.2923027623077392,3.2499214636520386,2.3000119363487244,3.24744369025116,1.0,2.1354873992919923,4.329782701794434,1.0,1.0,1.0,1.0,1.0,7.0090815303344725,10.32802108856201,1.0,1.0,2.8343515544128417,1.0,201.6889595410156,6.243034227783204,43.68749143920898,5.659240261657715,8.730249130859374,2.1246864953887936,3.5620336471069334,1.0,1.325307131387329,1.0,1.0,1.0,3.281162298492432,1.409201784741211,1.8556068371177674,1.376896930708313,1.0,1.0,1.0,1.0,1.0,1.0,1.0,1.0,1.0,1.0,1.0,1.0,1.3809308,2.2063294610687256,1.2346515115535737,2.091733317803955,2.0329511785850523,1.0,1.0,2.2002253512954715,1.0,1.0,2.5705834400604246,1.0,6.7316489005249025,1.0,10.0897005,9.1102265,7.054125306884766,1.0,7.22201416550293,1.0,1.0,16.873968868652344,1.0,1.0,22.16428964593506,6.46844026776123,1.0,1.0,13.640819273101805,1.2480652959350587,5.300721386639404,2.454520952401733,7.270597498168946,1.0,1.0,13.27467944720459,1.0,1.62563835,1.0,9.467931263427733,3.848469510192871,1.0,11.153852984252929,1.6945605411376954,1.0,4.316165088754272,3.3843714995361327,1.0,41.89011779272461,28.594969839660642,43.600503839965825,18.792014930908202,21.11427870428467,39.980953898315434,22.78785601312256,109.45459971191406,77.78094834228516,5.92568301050415,82.40597166503906,24.957035981262205,72.14247229736328
TEST_02+2일,2.466135368925476,4.013461112976074,4.803908704652405,2.5182304371887207,1.0,1.0,2.8601443248413085,1.0,1.4874940512413024,1.0,1.0,1.0,1.0,1.613590003314209,14.574599003326416,1.0,3.734282330432129,1.0,1.0,6.972911554382325,3.1431666537689207,1.0,1.0,1.0,1.0,1.0,1.0,1.0,7.66463665776062,5.613513499084473,3.1302222699516298,2.090748095475769,1.4270529107795715,1.0255153522174834,1.0,3.1408880848846437,36.92999456787109,6.130630253137207,1.4889095278247833,19.858577790283203,15.312361004470825,1.0,1.0,1.0,1.0,1.3948377233840943,1.0,3.1629707297935488,1.0,3.439018584114075,14.548505719360351,1.0,6.271212834991455,1.0,1.0,1.0,1.0,1.0,1.0,1.0,10.145967377746583,8.288060913879395,12.04043117453003,13.375984946990966,6.455044284454345,1.084787106521225,1.0,1.2108011766304017,1.3549952598228454,1.0,1.0,1.0,1.0,1.0,1.3773177689361573,1.0,1.0,1.4015343016281128,1.0,1.696118991710663,1.225853412823677,1.0,1.0,1.0,1.0,1.0,1.0,1.8170442408943175,1.3870156466884613,2.8497310939361573,1.0,1.4993797577194214,2.6929814338226317,1.0,1.0,1.0,1.0,1.0,9.855680823913573,6.8129980317840575,1.0,1.0,1.5431242861480712,1.0,56.702014571533205,18.395107456726073,23.27629379675293,3.592470624343872,4.0421109236968995,1.318938978445816,3.107594628036499,1.0,1.3922587488681795,1.0,1.0,1.0,2.0879110214782717,1.0,1.4971820252151489,1.0,1.0,1.0,1.0,1.0,1.0,1.0,1.0,1.0,1.0,1.0,1.0,1.0,1.0,1.3274589953323366,1.0,1.2824356690620422,1.2183266796043397,1.0,1.0,1.5210065614120485,1.0,1.0,1.3465538742107392,1.0,3.7964685650634764,1.0,3.68646215,6.494851,6.347504599523926,1.0,3.7534447980041503,1.0,1.0,8.12421347229004,1.0,1.0,15.137331100769043,3.200430419342041,1.0,1.0,5.815337539672852,1.022738108569336,4.342785195220947,1.815018871206665,5.511413237976074,1.0,1.0,6.035235688232422,1.0,1.03119085,1.0,3.738428,2.0981385,1.0,3.375343106225586,1.0,1.0,1.0,2.311772,1.0,24.699407737365725,15.454630053222656,23.814390066345215,9.402253286346436,11.846078632354736,23.978219168579102,13.738486053649902,59.376078666992186,32.483747196746826,3.709772428894043,38.38419973815918,10.872499771957397,28.507177917266844
TEST_02+3일,3.3855507228820803,4.738916017089844,4.890306451467895,1.9581480730995178,1.0,1.0,2.753086971984863,1.0,2.114092761302948,1.0,1.0,1.0,1.0,1.1877625233039857,11.37938073149109,1.0,5.052114987548828,1.0,1.0,4.7650550591186525,3.6169037750701905,1.0,1.0,1.0,1.0,1.0,1.0,5.256203877258301,6.7051463205184945,4.0055340927482606,2.9064206297340394,2.234782230847168,1.628060688590622,1.0,1.0,2.031560620615387,28.304630044799804,4.388145359512329,1.2741506863376617,17.663944926788332,14.454845671142579,1.0,1.0,1.0,1.0,1.7764007480690003,1.0,2.8372672349647523,1.0,2.8825812235473633,13.744242952972412,1.0,4.947333623443603,1.0,1.0,1.0,1.0,1.0,1.0,1.0,7.424486116912842,6.609766517333984,9.497959866806031,10.863562429779053,7.327405400009155,1.0,1.0,1.0951313175647734,1.549430184626007,1.0,1.0,1.0,1.0,1.0,1.8407813730522156,1.1481315454223633,1.0,1.2324980577228546,1.0,1.6147869705688476,1.0884281562000275,1.0,1.0,1.0,1.0,1.0,1.0,1.3532551717689514,1.7698089922531128,2.9196640418487547,3.427896878845215,1.1753034127283097,2.6054713111724856,1.0,1.0,1.0,1.0,1.0,7.430240403442383,5.560551550895691,1.0,1.0,2.4770097801116946,1.0,41.726326142578124,23.67897583404541,19.821580459594724,3.9056299052200316,3.446454307965088,1.580783724357605,3.1974060334472654,1.0,1.670685749872589,1.0,1.0,1.0,1.8305605615081788,1.0,1.2496239083011627,1.6838108196670531,1.0,1.47952975,1.0,1.0,1.0,1.0,1.0,1.0,1.0,1.0,1.0,1.0,2.3798702,1.5828245498672486,1.1219898365016938,2.103307497128296,1.3547946227760315,1.0,1.0,4.036758314968872,1.0,1.0,1.4830993641921997,1.0,4.302002391021729,1.0,13.818785272949219,21.004036044799804,6.0891568726684575,1.0,3.933297890771484,1.0,1.0,9.634682911499024,1.0,1.0,13.753711570800782,3.149731529016113,1.0,1.0,5.649771979248047,1.0,4.005198749969482,1.6366021532318116,5.55024225201416,1.0,1.0,5.723078141197204,1.0,1.0,1.0,3.4926465,1.7863672664794923,1.0,3.3845427244873045,1.0,1.0,1.0,2.196279426147461,1.0,19.744605859436035,12.32285869390869,18.361581820495605,6.318025826690674,11.202642942749025,16.026655379943847,9.942923674102783,47.442888437744145,29.7961604664917,4.339753334259033,27.480694044677733,8.1941866068573,19.967497955993654
TEST_02+4일,2.949899854385376,7.72573076361084,4.060836207649231,1.5127582404647826,1.0,1.0,3.434632541882324,1.0,2.217722935987091,1.0,1.0,1.0,1.0,1.1166949968406676,11.765015087112427,1.0,4.702286385681153,1.0,1.0,5.248994387145996,4.2191986834472655,1.0,1.0,1.0,1.0,1.0,1.0,8.605735496887206,5.789790876541138,3.608036525909424,2.649392461755371,2.124315492765808,1.2222419381401062,1.0,1.0,1.4635384281238555,24.403411871276855,3.3345650429367066,1.0,16.314099941558837,12.34105866482544,1.0,1.0,1.0,1.0,1.4257418022422792,1.0,2.291905532156372,1.0,2.3845707836662293,11.040574081115722,1.0,4.386339528456116,1.0,1.0,1.0,1.0,1.0,1.0,1.0,5.82585286289978,6.019979351501465,8.81982670487976,9.135073508346558,6.1000289888916015,1.1345657138710021,1.0,1.0053410095607758,1.7612237827453614,1.0,1.0,1.0,1.0,1.0,1.2653639452342986,1.2008146232223509,1.0,1.222219302392578,1.0,1.3678161044403077,1.0,1.0,1.0,1.0,1.0,1.0,1.0,1.0,1.4307199664897918,2.562050446656799,2.0582136131347655,1.0,2.2547604842453004,1.0,1.0,1.0,1.0,1.0,10.41808308428955,5.238980210899353,1.0,1.0,1.6958488415740967,1.0,25.7206785,20.024662027770994,15.707726006195069,3.412994836785889,3.134824307785034,1.2068911690891266,2.663300140661621,1.0,1.725371129761505,1.0,1.0,1.0,1.8475069888839721,1.0,1.08688915,1.0302436446235657,1.0,3.423674954620361,1.0,1.0,1.0,1.0,1.0,1.0,1.0,1.0,1.0,1.0,5.4298225,1.2167029532150269,1.0,1.3869900331939697,1.0813096388793946,1.0,1.0,1.964938989720154,1.0,1.0,1.1350349247161864,1.0,3.7967095568847657,1.0,10.509421667480469,16.79800139318848,4.972321857360839,1.0,3.35237240982666,1.0,1.0,7.801577972412109,1.0,1.0,12.415403901367188,2.8491138312683106,1.0,1.0,4.458740482409668,1.0,3.048555958502197,1.5383958208038329,4.930112215148926,1.0,1.0,4.69173336302185,1.0,1.0,1.0,1.9156443,1.38779535,1.0,3.117429005834961,1.0,1.0,1.0,1.67340685,1.0,14.983324759277343,10.156483490386963,16.362362924926757,4.294591086090088,9.359478706604005,12.254870202209473,7.23627552557373,36.642049894531254,24.08765892034912,3.5235551353271486,26.346159367980956,6.933160733856202,15.369645154541015
TEST_02+5일,4.40021037732544,26.527209945892334,5.301968002670288,2.2713861229248047,1.0,1.0,10.304955228805541,1.0,2.9457296496887206,1.0,1.0,1.0,1.0,1.8416945355262757,15.849837751556397,1.0,25.181527860321044,1.0,1.0,27.337676954498292,9.531232749145508,1.0,1.0,1.0,2.452477,1.991392,1.0,20.537025277893065,5.67958236875,4.266589989089966,2.8168375578269957,2.815699780136108,1.934818491871643,1.179521335810852,1.0,1.9659510744049071,30.899998245544435,4.311345465988159,1.3677562947963715,22.325276572631836,11.47049525842285,1.0,1.0,1.0,1.0,1.9396870643867492,1.0,2.794297144081116,1.0,3.0867276409362794,13.184631912719727,1.0,4.827008472113038,1.0,1.4251577475875854,1.0,1.0776343544685365,1.0,1.0,1.0,7.278840499328613,6.97509775,10.035949112548828,11.568482723266602,10.559489228591918,1.161730487323761,1.0,1.2397045937763214,2.509088157588196,1.0,1.0,1.0,1.0,1.0,1.781361693005371,1.7079403679580687,1.0,1.371080889428711,1.0,1.7201405689056397,1.2780985621871948,1.0,1.0,1.0,1.0,1.0803844261032105,1.0,1.3792355587142944,1.589315720710373,2.7789657052536008,15.21487405419922,1.0143898334079742,3.532636857859802,1.0,1.0,1.0,1.0,1.0,20.977509606994623,7.1088592878112795,1.0,1.0,3.4799181201766967,1.0,37.45740377746582,52.37982467895508,16.62793765444946,4.264017448402405,4.249451409027099,1.4240781777069091,4.115632279151916,1.0,1.814592932736206,1.0,1.0,1.0,2.157657624767303,1.2148507878356933,1.8512091748443604,1.2314444171569825,1.0,2.14361025,1.0,1.0,1.0,1.0,1.0,1.0,1.0,1.152272394216919,1.0,1.0,14.7392875,1.8859094822509765,1.0608732978847504,2.2492361711395263,1.3129825076599122,1.0,1.0,3.420042456686401,1.0,1.0,2.022148387110901,1.0,3.9683279275512695,1.0,30.26995358477783,34.53514080444336,5.252267860705567,1.0,3.496092502044678,1.0,1.0,10.187260979858397,1.0,1.0,12.30417621307373,3.014305001776123,1.0,1.0,4.727415685546875,1.0,3.333273315789795,1.7612783184814453,5.161672609326172,1.0,1.0,6.643243983566284,1.0,1.0,1.0,2.3341646,1.41896329140625,1.0,2.967263110839844,1.0,1.0,1.0,1.475572109741211,1.0,18.60760830276489,10.139258280944825,16.122033037963867,5.3554409082641605,10.4363971746521,14.401335850097656,8.133884333404541,39.74520649658203,28.723950515197753,4.878472810028076,28.478553545776364,7.756080446792603,20.706026091430665
TEST_02+6일,7.542704090142822,23.61956590637207,8.383606208450317,3.9921836861206055,1.0981391991832732,1.5587642419525145,6.7568160815429685,1.0,4.704430838183594,1.0,1.7663407870689392,1.0,1.2014936833335876,3.4587686147247316,22.429468166442874,1.5176214221969606,21.54781835321045,1.0,1.7911823780532838,23.36047761138916,6.90341641586914,1.6448254620964051,1.0,1.0,4.281360026849365,1.0459830978973388,7.152113826721193,36.8340443383789,6.271711631347657,4.577365368843078,3.0527931057411193,4.24153934689331,3.106032110838318,2.4567188436820984,1.0,2.0944048723106383,40.71125742980957,4.187103492230225,1.6657694228096007,31.707725552124025,12.629544618362427,1.4254828451843262,1.0,1.0,1.0,2.9809823143203733,1.0,3.6555768194564817,1.0,4.2040809342941285,15.654504591125487,1.0,5.9011086052856445,1.0,2.0143668433792117,1.5048203447006225,1.3612599252731323,1.0,1.0,1.0,9.797449385742187,10.361531696411133,12.071944098968505,15.717141100524902,9.987655173828125,1.0,1.0,1.2159908642448425,2.484091491668701,1.0,1.0,1.0,1.0,1.0,3.0119421628829954,3.4931239066955566,1.0,1.6489052049232482,1.2271818835345458,2.6121133641189576,1.9966240940246582,1.0,1.0,1.0,1.676093503614044,1.2979479692077636,1.1798942608139038,1.9156389425460816,2.4008243444511415,3.3582161800964356,26.602764207641602,1.4685118532657624,4.8560249917266844,1.0632069329223632,1.0,1.0,1.0,1.2486575593826292,18.730772883483887,10.30156600491333,1.0,1.0,5.819220367889404,1.0,60.3100681628418,43.2200543951416,21.186651942382813,5.380196156280517,6.019775146441651,1.925515674156189,5.1123469836730955,1.0,2.1077228108085633,1.0,1.0,1.5930516566474915,2.562384714605713,1.7930293685722352,2.2500435347183227,1.9190746592468262,1.0,1.0,1.0,1.0,1.0,1.0,1.0,1.0,1.0,1.0,1.0,1.0,4.938233,3.3665180028457637,2.535750269445801,4.137846719793702,1.7391414064842223,1.0496806569984436,1.8655722182830812,7.317937605493164,1.2041589092552185,1.1323194573181152,3.0363561069015503,1.0036900704483034,6.133337447906494,1.0,70.69147712646483,48.654373271606445,6.914659023376465,1.0,5.285131112518311,1.0,1.0,16.153997305786135,1.0,1.0,16.020678603149413,4.271317740463257,1.0,1.0,7.425952137573242,1.1986084353866577,4.66317485269165,2.1406967524871825,6.413746318603516,1.0,1.0,9.43538619960022,1.0,1.16531015,1.0,5.767690376708984,2.3285310092163085,1.0,5.4951367574707035,1.6508898376953125,1.0,1.4727516402221679,2.5428633845947264,1.0,24.86039998864746,13.134983745635987,20.73734669934082,7.812525794158936,13.38937969607544,18.217400611755373,10.5310348225708,56.280818720703124,40.07759761297608,6.403148580566406,36.34012960876465,10.945591992324829,31.194115647583008
TEST_02+7일,13.087648205810547,1.88715934753418,14.678217099731445,7.68040298916626,2.32161604251709,2.9262560978393557,1.0,3.291669232092285,5.026989061004638,1.708027733492279,3.3935709124130247,1.2562820732818603,2.582383058255005,5.871319766311645,41.10714833984375,2.1606858852859494,1.213449478149414,2.0107382099853517,2.467136074630737,4.350463523522949,1.0,4.082287434637451,1.229188862210083,1.0,1.0,1.0,6.942373048913574,30.984434893188478,8.842925333114625,6.059529773895264,3.7188717055664062,7.315581313415527,4.658774856848145,3.059328567337036,1.0,3.0920789593086244,60.37959691589356,5.3759540646972654,2.5776982526885988,47.501058747558595,19.009146768554686,1.7925501259445191,1.0,1.0,1.4045179477642822,4.014086242425537,1.0,5.774856109997558,1.0979543473091127,6.788068048779297,19.629921915283205,1.7956301747528076,7.743167647860718,1.0,2.6594053877105712,2.5102500929519653,1.5805840087280274,1.6253473916465762,1.0,1.5332956969818117,14.753465282897949,16.64899452380371,19.820337365722658,23.360300210754396,14.018811236999511,1.0,1.3594911108718872,1.4771428704788208,2.0131613115081786,1.0,1.2169473353736877,1.0,1.6221528207893372,1.0,4.185042146441651,6.579387417419434,1.0,2.2745524511550905,1.0,4.397452132421876,3.2292929957000736,2.0027521129776003,2.046337806756592,1.0,3.4883370585296634,2.3062420393310545,1.8716489081634522,3.0280972847991943,2.912462337434387,3.7608792833618163,7.5643769197998045,2.1160703857284546,5.979888664990234,1.408847972463989,1.3769478287605286,1.0,1.0,1.721420802622986,8.048975082611083,12.334843270080565,1.1390014028030395,1.0,8.237844004968261,1.0,156.95996830566406,4.099310310339355,35.84910570861817,6.830593839276123,9.942307640289306,2.4363228084075925,4.56860552986908,1.0,1.8710987108451844,1.0,1.0,1.0,3.651551834963989,2.7408225562683106,2.3447303871292116,1.9027476312149048,1.0,1.0,1.0,1.0,1.0,1.0,1.0,1.0,1.0,1.0,1.0,1.0,1.4090433,4.344828474645996,3.4392702434082034,4.726107722332763,2.62799118236084,1.1600962041976928,2.1688274745452882,7.053704390930176,1.3937771977104187,1.0,3.9076899491363526,1.4192261778137207,10.6084032840271,1.0,51.14661017663575,20.69656008276367,8.341903261352538,1.0,8.184688104675292,1.0,1.0,29.945517349731446,1.0,1.0,21.0898520425415,7.5054128386047365,6.394972201525879,1.0,14.875088459045411,1.5027379824386595,6.128283608734131,2.720843670654297,8.742869307861328,1.0,1.0,15.592075469665527,3.0879646659667968,4.337499515820312,1.0,14.367718469726562,4.833738338793945,1.412614979370117,11.777531443420411,3.2795250215820317,1.0,3.8635742780548092,5.0591383173095705,1.9425103247802733,41.63907034594726,22.788307221130374,34.93515779406738,14.611487770080567,23.511016948730468,30.43532639477539,19.583459850402832,102.94572512207031,73.23382986083985,8.874327317840576,65.47138207104491,20.598143721618655,61.26998516064453
TEST_03+1일,4.861013150711059,5.365231140710449,9.689653110046386,3.340147248016357,1.0,1.4200276360267639,1.0,1.96796189295578,4.019477821810913,1.0,1.0,1.0,1.0078799985279083,2.490740882624817,19.265593769165037,1.01104216040802,1.159402847290039,1.0,1.0105141543842315,5.091956013000488,1.0,1.0,1.0,1.0,1.0,1.0,5.656045790991211,22.92241174682617,10.688414939071656,6.366171133087158,7.873148640304565,3.332028039517212,2.118032705987549,1.169178086309433,1.0,4.860181106933594,35.70147721893311,8.819794491668702,1.0,24.18007741558838,18.30618615219116,1.0,1.0,1.0,1.2819351018280032,1.4230825261566162,1.0,2.8704705841293334,1.0,1.927942739076233,15.859552598327635,1.9133326665802002,6.307735938278198,1.0,3.8246192567977904,1.6299694924224855,2.593693984899902,1.0,1.0,1.0,7.200026062515259,10.772840414123536,25.31147392492676,12.636613358673095,14.570455173461914,1.5575956040802001,1.0,1.016471324105835,1.9178359491729737,1.0,2.4774678873992917,1.0,1.927484206427002,1.0,5.355409624438476,1.526845991506958,1.0,2.199103652455902,1.0,4.466500663713074,2.991246080984497,1.0,1.0,2.632734999827576,1.65510022150383,1.0,1.6283820882583617,1.9478068229019165,5.322137492218017,4.744848860168457,4.5137265,1.5476793748481752,4.030868436408996,7.901541195800782,1.0,1.4355120209060668,1.0,1.3272149785491945,15.750372834350586,5.033164498706055,3.3284578485427856,2.216458600553894,4.7092952863464355,1.0,155.03141496582032,9.920797175170899,23.55930437805176,4.231070326385498,1.4741071573783875,1.0,4.680969233862305,1.0,1.6116647216140747,1.0,1.3826149859222412,1.0,1.083647269945526,1.1808738119384765,4.800308231869507,2.0534330041000364,1.0,5.718058396209717,1.0,1.0,1.0,1.0,1.0,1.0,1.0,1.0,1.0,1.0,38.06456553857422,1.0,1.0,1.2056586033477783,1.0,1.0,1.0,2.3311903408432006,1.0,1.0,1.0,1.0,8.414522380126954,1.0,5.4102315,6.091234,13.201543140258789,1.0,11.785897082580567,1.0,1.0,29.309344488342283,1.0,1.0,32.9523512802124,7.972729472137451,1.4879690967285155,1.0,13.711345593597411,2.444354053253174,7.612974905334473,3.8171650239013672,11.871331473236083,1.0,1.0,15.558150169189453,16.702338678466802,14.396363634521485,1.04403095425293,17.720110953979493,2.659483828552246,12.936264302368164,29.820084569885253,18.749642275634766,7.643752368011475,4.3564994340606695,5.201932203857422,6.731778379174805,143.7621697241211,81.04587875,117.44609303955079,46.459438470458984,68.70737852612305,136.7092383203125,73.80165529174805,554.8496030273437,119.31096651123048,72.76824184082031,96.9358584399414,19.603494423339846,157.3696135986328
TEST_03+2일,1.0,14.159638969482423,2.5397893239517213,1.0,1.0,1.0,13.660669014465332,1.1676591312123108,1.0792440967468262,1.0,1.0,1.0,1.0,1.290045569139099,5.587161271453858,1.0,26.218684087524416,1.0,1.0,26.860224206298827,13.48431085875244,1.0,1.0,1.0,3.81588511545105,8.190332412719727,6.210602380424804,13.81492624053955,7.023566595443725,3.1671700846595763,5.169221178247071,2.8988542341735837,1.0,1.0,1.0,3.139299402720642,26.4036264642334,6.765355567230225,1.0,20.543873572509767,11.280077640365601,1.0,1.0,1.0,1.0,1.0245880328834533,1.0,2.2707247794769287,1.0,1.0263391626853942,8.856096782745361,1.0,5.010305641192627,1.0,1.977796221885681,1.0,1.0264676332084655,1.0,1.0,1.0,2.9638615956878662,4.921708202516174,17.70794675854492,13.081902952728273,11.730256837371826,1.0,1.0,1.0,1.6233201497528076,1.0,1.0204561220336914,1.0,1.0,1.0,2.8909072199096677,1.0,1.0,2.3592117431152344,1.0,2.253644685798645,1.746118646747589,1.0,1.0,1.0,1.0,1.0,1.0345357294021607,1.0,2.7443261386627196,2.5691662614593507,75.7634687915039,1.0,3.6175435549743655,4.143196878311157,1.0,1.0,1.0,1.0,13.744357608398438,1.3879094621749877,1.5105157563461304,1.5483048695343018,2.8799026219207766,1.0,3.89987065,83.44731666748046,6.292554380493164,2.855430951292419,1.0,1.0,3.018484952238464,1.0,1.0,1.0,1.0,1.0,1.0,1.0,3.841075906738281,1.2099925273568726,1.0,26.418052501708985,1.0,1.0,1.0,1.0,1.0,1.0,1.0,3.6057493600860595,1.0,1.0,39.73350801220703,1.0,1.0,1.0,1.0,1.0,1.0,1.0,1.0,1.0,1.0,1.0,3.9749188309875487,1.0,86.39563021972657,95.3858827734375,5.850780155395508,1.0,4.305884106134033,1.0,1.0,15.425367804565429,1.0,1.0,24.138705595703126,2.262711653692627,1.0,1.0,5.927661608581543,1.0,3.3375803411254887,2.299660326739502,4.192269100451661,1.0,1.0,8.608268534988404,1.0,1.09424435,1.0,1.0,1.0,2.2204792707397463,3.8214566473388674,2.216499,1.0,1.0,1.0,1.0,112.63468232421874,48.25593941235351,90.47036361328125,21.045441576171875,65.25671975585938,72.84526433837891,45.468658443603516,419.4569392529297,73.38287315551759,82.75054956665039,57.61857597973633,14.188313049102783,83.19089596679687
TEST_03+3일,1.6453969991271973,21.98752867700195,3.3149675255615234,1.0,1.0,1.0,9.008726132781982,1.3542352057029725,1.6954061509284972,1.0,1.0,1.0,1.0,2.0698784966362,9.250674133636474,1.0,23.294702548583984,1.0,1.0,27.81906327825928,10.207896546142578,1.0,1.0,1.0,2.9634976443084717,11.52456178552246,10.870875931958007,36.862554635742185,7.846281043426513,3.43899881426239,4.6839651897125245,3.2371327792892455,1.0,1.0,1.0,2.5331263504882813,30.309362273803714,7.641752977661133,1.1422198252616882,23.272453162109375,12.200696205230713,1.0,1.0,1.0,1.0,1.3201175957817077,1.0,2.1122723888885497,1.0,1.308458396115875,9.336590119812012,1.0,5.069093979156494,1.0,2.1795603982772827,1.0,1.378557742086029,1.0,1.0,1.0,3.1515689124816895,5.0177669713974,16.232313422546387,12.461449724090576,11.212374847167968,1.1666053074199676,1.0,1.0,2.419251918531799,1.0,1.6126038657051087,1.0,1.235556714212799,1.0,4.532980329858399,1.0,1.0,3.6717256493835446,1.0,3.5040911460876467,2.649128677684021,1.72199524654541,1.1418329044261932,1.010430684215164,1.2797286196285247,1.0,1.4068109419685364,1.695566519758606,4.418078416723633,3.90346600748291,78.65420086914062,1.0,3.3323839421157837,4.718770782600403,1.0,1.0,1.0,1.0,13.314855082397461,1.595369384376526,1.6051971219520569,1.3857669963012695,3.617989759388733,1.0,3.717512513330078,53.982660299194336,6.937589128967285,2.6358772494430545,1.0,1.0,2.4816050478805542,1.0,1.0,1.0,1.0,1.0,1.0,1.0,3.613580697286987,1.2351462248519898,1.0,18.15108394177246,1.0,1.0,1.0,1.0,1.0,1.0,1.0,4.441926734979248,1.0,1.0,50.986692377929685,1.0,1.0,1.0,1.0,1.0,1.0,1.1944618532485962,1.0,1.0,1.0,1.0,4.454858530877686,1.0,98.90530495361328,124.95384584960937,6.484103551574707,1.0,4.699656946697998,1.0,1.0,17.121016346191404,1.0,1.0,24.76240535095215,2.848281799346924,1.0,1.0,6.989169130731201,1.0,3.7977091013427735,2.590296514251709,5.531115180419922,1.0,1.0,9.299910437286377,1.7941230321289063,2.4266770012207033,1.0,1.7668408,1.0,3.5827570025390623,7.195010496459961,4.298141477270508,1.5006469845703125,1.0,1.0,1.100263036303711,123.91158791259765,55.26870156860352,96.9774371484375,23.48736559197998,76.04465495727538,80.07500356323243,49.71570780639648,462.3220287109375,93.86538830932616,87.66768630786133,82.80697185058594,19.731760033325195,103.83136186767578
TEST_03+4일,2.01908204717865,26.534013019470216,3.384935998538208,1.0,1.0,1.0,14.138057943450928,1.10470852388916,1.5802428090026854,1.0,1.0,1.0,1.0,2.0354535340385436,9.831237316497802,1.0,42.559072269897456,1.0,1.0,44.79551898974609,15.943948140136719,1.0,1.0,1.0,10.894112269104003,3.3301239024853517,11.515779831115722,22.13419688796997,7.112495159790039,3.3139787699905394,3.84759948894043,3.2645051509323118,1.0,1.0,1.0,2.2541592308410645,28.43849772821045,7.3942311327209485,1.1268454433223725,22.813627120788574,11.479987755279542,1.0,1.0,1.0,1.0,1.2290961142050172,1.0,1.9221713578659059,1.0,1.3361452117507935,8.99227273171997,1.0,5.066697850067138,1.0,1.9711772298721313,1.0,1.4212036377746582,1.0,1.0,1.0,3.310851908087158,5.396977167675781,15.110438082214355,11.570977464630127,10.260606192993164,1.2466932487632751,1.0,1.0,2.4226165984588626,1.0,1.5580626136817932,1.0,1.1081986943000794,1.0,3.993867767373657,1.0,1.0,2.983643052796936,1.0,3.5900218574386598,2.338235079281616,1.1014052182598113,1.0,1.0,1.1057827302345276,1.0,1.2934530367324828,1.5980466965461733,4.304674160302734,4.007527725790405,66.21788798461914,1.0,2.7461938839248656,4.461868423802185,1.0,1.0,1.0,1.0,13.785362669677735,1.6859778141143797,1.7186374444869994,1.052943210385132,3.961055229644775,1.0,9.408551911254882,65.36871894189453,6.881986749786377,2.556391426132202,1.0,1.0,2.0787764266342164,1.0,1.0,1.0,1.0,1.0,1.0,1.0,2.9158363289718627,1.1870793095370484,1.0,21.501194095947266,1.0,1.0,1.0,1.0,1.0,1.0,1.0,4.529301186947632,1.0,1.0,48.97588325952148,1.0,1.0,1.0,1.0,1.0,1.0,1.391092599469299,1.0,1.0,1.0,1.0,4.401915402496337,1.0,63.689157401245126,84.50360099731445,6.806343351989746,1.0,5.098022882965088,1.0,1.0,17.652854058532714,1.0,1.0,25.604036389343264,3.267233712677002,1.0,1.0,7.229752789117432,1.0,3.6914002882995605,2.49434154914856,5.852646593078614,1.0,1.0,9.45464455657959,1.5821993762695312,1.9533522103027343,1.0,2.0183534409179686,1.0,3.40801740579834,8.88854098565674,4.306341570068359,1.7740808822021483,1.0,1.0,1.2451815391845704,116.56355849365235,54.53850563793945,93.9607788720703,23.561657801635743,67.41832926782226,82.28136445678712,47.704561295043945,438.4390235742187,94.85908694824218,76.32942811401367,82.59667897216798,20.874960688110352,107.49109912963867
TEST_03+5일,2.114122039050293,66.17944522949219,3.284130823446656,1.0,1.0,1.0,36.39755652038575,1.7554256144325258,2.4766288028656005,1.0,1.0,1.0,1.0,2.9313424887786868,11.736364113464356,1.0,81.34709555664062,1.0,1.0,82.99625025146484,36.68354179565429,1.0,1.0,1.4696921728302001,26.506019468078613,7.260760403393554,13.090276716674804,30.786098671020508,8.723683502105713,4.004323480145264,4.612488499215698,3.670100190499878,1.0,1.0,1.0,2.770828471147156,34.766636994018555,8.810604938049316,1.825448661895752,26.852581101867678,13.298924725524902,1.0,1.0,1.0,1.0,1.361056080506134,1.0,2.372995992552185,1.0,1.3731605988800049,9.496041903442382,1.0,5.278237105841065,1.0,2.2834110117904665,1.0,1.6186305124641418,1.0,1.0,1.0,3.544738776095581,6.487542885311889,15.479730196228026,13.45350280657959,12.387359227661133,1.672792245713806,1.0,2.005269030519104,3.2205087142852786,1.0,2.0153832909950253,1.0,1.2429809286854554,1.0,4.616930238012696,1.0,1.0,3.39093228087616,1.2521718035446168,4.328296675262451,2.9532715801315303,1.4391630757850646,2.1161701632186887,1.0,1.7384315114097595,1.1312651202339172,1.674549038923645,2.3760390113983156,4.711416129919433,4.4667938641510005,109.54778522949219,1.0,3.3415927344970706,4.650736069638062,1.0,1.0,1.0,1.0,15.560576692504883,1.5447773233032227,1.8904653801170348,1.109677239564514,3.8194535826431273,1.0,6.41012764465332,101.02612678466797,6.488149496643066,2.8287457443771364,1.3838752936531067,1.0,2.667330274354553,1.0,1.0,1.0,1.0,1.0,1.3927075642593385,1.0,3.3326825087036136,1.5274614679800416,1.0,48.11093537780762,1.0,1.0,1.0,1.0,1.0,1.0,1.0,7.25917820980835,1.0536231824745177,1.1265084457278443,74.71769970947265,1.0213543086540222,1.0,1.0,1.0,1.0,1.0,1.4326917131088257,1.0,1.0,1.0,1.0,4.738382112335206,1.0,169.8768607055664,155.3065205102539,7.042167674316406,1.0,5.219037053894043,1.0,1.0,18.491558829223635,1.0,1.0,27.04300488470459,3.3320971683502196,1.0,1.0,7.889139872619629,1.0,4.069056386016846,2.8713924672698976,6.488591911706543,1.0,1.0,10.101600650817872,3.4425724696777342,3.000689759082032,1.0,2.7765492342773435,1.0,4.898463721594238,8.190314985717773,5.3191692182617185,2.005171945324707,1.0,1.0,1.5146878734375,119.85147473193359,61.613990098876954,101.9515683959961,27.594120024902345,78.70740126098633,94.8877082836914,55.4681466821289,472.0802844726562,105.8880375415039,94.16573806518554,103.51128400268556,29.53566945062256,126.45534920410157
TEST_03+6일,4.861637576339722,50.439580732543945,6.095491882424927,3.179037925491333,1.0,1.340668818816376,21.27706072680664,2.099580873815918,2.726007354472351,1.0,1.0,1.0,1.0,4.468371133609009,21.19525226098633,1.3714038668304445,34.98600555065918,1.0,1.0,49.49732035595703,22.695227743408203,1.0,1.0,1.0,10.731769378814697,5.851807359524536,11.538228746704101,67.61977443176269,8.751429749664307,4.4338635141220095,5.230970212585449,3.852574357211304,1.4585346119155884,1.0662052230644226,1.0,2.9873108656433107,45.23603832824707,9.640429893310547,1.8737858117134094,32.2872820904541,15.778734598419192,1.0,1.0,1.0,1.0,1.5075280507156372,1.0,2.8606329121688843,1.0,2.0136370148872373,11.166647767089843,1.0,5.600378728393554,1.0,4.254700499404908,1.9257675318237304,3.0986707526168824,1.0,1.0,1.0,5.963629767318725,7.180186922348023,17.34226950524902,11.690357138244629,12.749715099060058,2.169524806173706,1.0,2.7780848292846683,3.458080548779297,1.0,2.272770589889526,1.0,1.5672213232810974,1.0,5.558544068939209,1.0,1.0,3.30731796504364,1.2695840203605653,5.3685956210266115,3.472500186042786,2.12796712898407,3.54383959805603,1.8719531994049072,3.2393033699523928,1.4024741702560424,1.860400063116455,3.015210666419983,5.243561522631836,5.642677070046997,113.63655290771484,1.0,4.182072379431153,6.459392525384521,1.0,1.0,1.0,1.0,13.31692209701538,3.1283888550567625,2.3276897884613037,1.187112563205719,4.318659042559815,1.0,19.184538093994142,71.22412659570313,10.306509161285401,3.943082316323853,1.5237869494873046,1.0,3.233026974458313,1.0,1.0362397263687133,1.0,1.1634203860595704,1.0,3.1522589695648193,1.8235029789215087,3.7577925727859496,1.7908037200164795,1.0,9.277913180541992,1.0,1.0,1.0,1.0,1.0,1.0,1.0,5.763059351257324,1.0,1.0,77.2802125402832,4.313475917053223,2.456750848257446,3.928802591656494,1.2593929760047913,1.165284970692444,1.8416170429519654,7.008575165466308,1.78229350811615,1.1720896315216063,3.950431717529297,1.5286776622161864,6.155872560113526,1.0,154.67186966308594,158.59830484570313,9.337234774475098,1.0,7.83309103449707,1.0,1.0,23.34686661968994,1.0,1.0,29.136712500915525,6.450966117660522,1.0,1.0,9.720875415771484,1.0558097049993895,5.198116895874024,3.1055088991241453,8.639235431427002,1.0,1.0,11.54167226638794,6.551250041992187,6.734722847558594,1.0,8.16788978930664,1.2838956272460937,7.157665496960449,18.67363573699951,9.776396948608397,3.8807512212524413,2.782674152862549,2.346598634741211,2.929599427661133,123.14926542919922,66.64838447509766,102.96698553955079,35.952598775268555,73.97058097485352,96.81235098315429,62.21003531689453,468.91506953124997,111.76157580078126,73.12918067919921,123.46882860351562,30.710791371643065,130.90532423950197
TEST_03+7일,8.19955293145752,5.3206968288647465,12.164003842834472,6.74913164465332,1.321479756604004,1.7864351803565979,1.0,1.9472106586166382,4.210112661239624,1.0,1.0,1.0,1.008389609967804,4.590280034341431,33.48477454040527,2.143376369575501,1.666090965270996,1.037227031490326,1.0127419511585236,3.5617445842285154,1.0,1.0517368962997438,1.0,1.0,1.0,1.0,13.46732649975586,54.44338821472168,11.063326359329224,6.594883049804688,7.590394784347534,3.79818890652771,2.583214295881653,1.1677967157524107,1.0,4.632948180755616,51.802483439331056,11.091037605377199,1.3074689615989685,32.388791961669924,20.377072192199705,1.0,1.0,1.0,1.3593206412231447,1.536777767993927,1.0,3.0106587320770264,1.0,2.586301572080994,15.024249533203125,1.328115146862793,6.451807497531128,1.0,6.2652530373077395,3.490241168496704,4.617792519042968,1.0,1.0,1.0,9.807397281738282,10.67904176977539,24.945413561950684,12.382881649353028,15.20932152331543,2.831900095596313,1.0,1.3644176815925597,2.6614174593154907,1.0,3.384411427383423,1.0,2.898015795837402,1.0,7.4444323735351565,1.4667866436714172,1.0,3.004176375253296,1.084489020392227,6.953268220321656,4.357121610931396,1.6131229229598998,1.3517391619531631,4.220409052368164,4.524141171343994,1.0,2.354212825004578,3.387374862716675,7.640534322723389,7.351119495300293,4.782567,1.641249080228424,4.814669131744385,8.282897408691406,1.0,1.240533275111389,1.0,1.4621898373291016,12.99916320831299,6.14153766158142,3.610547888368225,1.660903227707672,5.056102534362793,1.0,119.938060234375,4.3495476154785155,21.74570767675781,5.185662042895508,1.7873318917259216,1.0,4.12852040713501,1.0,1.7302998750213623,1.0,1.6681963916252136,1.1216939560928345,3.102513801260376,2.2658910741714475,4.746474732147217,2.744134186541748,1.0,4.178418749658203,1.0,1.0,1.0,1.0,1.0,1.0,1.0,1.0,1.0,1.0,51.622850007934574,5.018348706488037,3.537523272439575,4.659899716491699,1.2341576417221072,1.3232942543792725,2.056170072593689,9.856231434545899,1.6567360136856077,1.9018213015472412,4.800664190890503,2.2397594834518433,8.84763605050659,1.0,3.3643435,17.7059785,14.20062306402588,1.0,11.63206530456543,1.0,1.0,30.486845773742676,1.0,1.0045021014160156,32.63948652001953,10.330892572845459,1.744051324874878,1.0,13.512363447601318,1.9671575316345216,7.65321519307251,3.8184353332061765,12.778393235717775,1.0,1.0,16.126285561401367,18.0688473112793,16.983566251464843,1.3791198634643556,19.941583392089843,3.364942891772461,12.230740037628173,32.99263835028076,19.62322560058594,7.286970615890503,5.318501746795654,6.411007068359375,7.110879425354003,156.8890673413086,96.36093528393555,132.06828016601563,58.14238563671875,79.86628064208983,147.95313118652342,88.05257956054689,600.6752820312499,147.33207745117187,71.18070674804687,158.19515306396482,31.188335640930177,187.49964024169924
TEST_04+1일,4.482397779025268,1.0,8.458117302963256,5.043717379379272,1.4694287308937073,1.030441660067749,1.0,1.0,1.2492964321884155,1.0,1.2426194097736358,1.0010081894592284,1.0,1.0,1.0,1.0,1.0,1.0,1.3020763455047608,2.1341308554077147,1.0,1.0,1.0902248266067505,1.0,3.290769532661438,1.0,4.754640011566162,8.191027396386719,8.561471589920043,2.48390538753891,2.260391406082153,3.130123978250122,1.1896269991714479,1.349185936442566,1.0,4.878351458831787,29.295966676330565,4.012057946365356,2.3436173282440187,26.487676507385252,8.264344751647949,1.0,1.0,1.0,1.0,1.5800717800865174,1.0,1.5528011995140076,1.0,1.0518114952163695,8.00904749216919,1.0,5.340956429650879,1.0,4.116553592895508,1.0,1.8398722499221802,1.0,1.0,1.5964695964477538,6.802796626922607,7.257314537567138,13.6728313258667,7.915642784820557,12.084792108581542,1.1898037963176726,1.2529705270690918,1.0258940303462982,2.196751485525513,1.0,2.573899581878662,1.0,1.4674917292312624,1.0,3.551134718913269,1.0,1.0,1.42873233391037,1.1245745,3.289081940036774,1.0,1.0,1.0933616009197236,1.0,1.0,1.8447688953125,2.843469819091797,1.2343037436489106,3.091149786907959,3.117193005343628,1.7611294,1.673980258088684,3.4180969682617186,6.070078381790161,1.0,1.0,1.0,1.0,16.671082960113523,4.971224884815979,2.2710442436660765,1.0,4.220048702789306,1.0,148.95589668457032,16.16532894390869,24.407550806884764,3.864920637982178,3.0951041447654726,1.0,1.9853143510131837,1.0,2.1153447767089846,1.1759338141723634,1.3738584643066405,1.0,1.3635649219917296,2.8123498081558225,2.7637977735946655,1.004132102299881,1.0,1.0,1.0,1.0,1.0,1.0,1.0,1.0,1.0,1.0,1.0,1.0,6.6107975,1.588822283985138,1.0,1.42900405,1.7061548024230957,1.0,1.0,2.069466004014587,1.0,1.0,1.1535238,1.0,3.6696939462890623,1.0,9.970603,19.320505,6.800350005920411,1.0,4.585848129089356,1.0,1.0,10.954622833496094,1.0,1.0,12.761112248535156,5.338264123199463,1.0,1.0,4.897772537841797,1.0,4.013168323022461,2.8461755369812014,5.490677583374024,1.0,1.0,5.563233615405274,1.5904459,1.82145775,1.0,1.2816971646484374,1.0,1.2574147,3.2017521642578126,2.93198015,1.0,1.0,1.0,1.37696455,32.21337022766113,20.32959818496704,28.896170691955568,8.099972798095703,19.88586831640625,27.568740020690917,16.46403494439697,126.9329723815918,20.558939722473145,17.2638549609375,19.036604,5.856085170257568,34.980207070892334
TEST_04+2일,1.0,2.41976261138916,2.0550639390014647,1.4061666127357482,1.0,1.0,1.3307344913482666,1.0,1.0,1.0,1.0,1.0,1.0,1.0,1.0,1.0,5.45713472366333,1.0,1.0,5.877982969506836,1.5074960236478272,1.0,1.0,1.0,1.0,1.0,1.0,3.8576346983154295,4.1270800515899655,1.0,1.0,1.1669470707489014,1.0,1.0,1.0,2.3396087997177126,13.409701668945312,1.0,1.1003752167930603,12.151834581573485,4.125528620635986,1.0,1.0,1.0,1.0,1.0,1.0,1.0,1.0,1.0,6.120423402130127,1.0,5.575690585723876,1.0,2.270345886566162,1.0,1.0064880857029723,1.0,1.0,1.0,1.4930139904846191,2.697490095611572,6.651610148727417,5.886031516952515,7.390944194061279,1.0,1.0,1.0,1.208060564416504,1.0,1.0,1.0,1.0,1.0,1.0,1.0,1.0,1.0,1.0,1.0,1.0,1.0,1.0,1.0,1.0,1.0,1.0,1.0,1.049738796116333,1.9172398924285887,20.385807119384765,1.0,1.42272303911438,2.431664575338745,1.0,1.0,1.0,1.0,10.395585419464112,1.6077637714630126,1.0,1.0,1.0561979420837402,1.0,11.907868403442382,29.627723632873533,8.309155268951416,1.4761140290107728,1.5794680529121399,1.0,1.0,1.0,1.0,1.0,1.0,1.0,1.0,1.8455119587783813,1.2808613698852538,1.0,1.0,3.1067480886657712,1.0,1.0,1.0,1.0,1.0,1.0,1.0,1.0769202405615235,1.0,1.0,4.638992,1.0,1.0,1.0,1.0,1.0,1.0,1.0,1.0,1.0,1.0,1.0,2.1889807352661133,1.0,6.981589216870117,72.92091543579102,4.990411775720215,1.0,1.8485984872802734,1.0,1.0,6.06996476394043,1.0,1.0,8.68806313227539,1.0852426099121093,1.0,1.0,2.5885940919555663,1.0,2.8707333795349124,1.9585262092681885,3.3359912805908203,1.0,1.0,2.4668041377441403,1.0,1.0,1.0,1.0,1.0,1.0,1.0,1.0283705,1.0,1.0,1.0,1.0,9.89917975036621,5.902102,9.8072625,1.9129324,7.83638,6.4566285,4.949818,51.688015,5.3832225,7.9292955,4.7200215,1.0,8.0225515
TEST_04+3일,1.140345502734375,4.694326977807617,2.62157881534729,1.351698107346344,1.0,1.0,9.37611581286621,1.0,1.0,1.0,1.0,1.0,1.0,1.0,1.0,1.0,27.13789417133789,1.0,1.0,24.370633865478517,7.931788459173584,1.0,1.0,1.0,1.0,1.0,2.577491869671631,14.592175136779785,4.499794419723511,1.0772416786590575,1.0,1.083191347265625,1.0,1.1048826681915282,1.0,2.2272692838287353,12.776100639953615,1.1010707204971313,1.35000976505661,11.233817978027343,4.590333223602295,1.0,1.0,1.0,1.0,1.0,1.0,1.0494098038787842,1.0,1.0,6.879664105484009,1.0,7.59140343939209,1.0,2.469908482876587,1.0,1.1378166767845155,1.0,1.0,1.0,1.3763080980773925,2.112056616494751,5.902924779174805,6.379305122982788,6.813690288009644,1.0,1.0,1.0,1.677419787651062,1.0,1.0,1.0,1.0,1.0,1.1761432040981292,1.0,1.0,1.0,1.0,1.4725259455551147,1.0,1.0,1.0,1.0,1.290651969116211,1.0,1.17431285,1.0,1.6537108468063355,2.2506148740463257,25.54806402819824,1.0,1.4420402757209778,2.670386903616333,1.0,1.0,1.0,1.0,10.932344647460939,1.9279291782577515,1.0,1.0,1.0,1.0,7.080118253295899,24.06660388354492,5.220632542572021,1.7945412224975585,2.0697860533813475,1.0,1.0952029836166381,1.0,1.0,1.0,1.0,1.0,1.0,1.810990654449463,1.713543342739868,1.0,1.0,14.811024439294433,1.0,1.0,1.0,1.0,1.0,1.0,1.0,4.144405846771241,1.0,1.0,7.353532622039795,1.1450362532691956,1.0,1.0424011826385498,1.0,1.0,1.0,1.290090040638733,1.0,1.0,1.0,1.0,2.285857540234375,1.0,50.78576637158203,93.11626338623047,5.297874448120117,1.0,2.0228642411499025,1.0,1.0,6.893920716430664,1.0,1.0,9.122862574060058,1.0,1.0,1.0,2.974273299951172,1.0,3.105904531036377,2.165041566769409,3.994455819506836,1.0,1.0,2.8375017629241945,1.0,1.0,1.0,1.0,1.0,1.0,1.0,1.05154885,1.0,1.0,1.0,1.0,11.069466347717285,7.190271,13.267273020996093,2.599606,10.330199157165527,7.679588,6.6909295,68.993574609375,9.539712022888184,11.37522,5.571609,1.8402739817810059,11.6861065
TEST_04+4일,1.0125488,8.065685966339112,2.125190390974426,1.0,1.0,1.0,8.521960758758546,1.0,1.0,1.0,1.0,1.0,1.0,1.0,1.0,1.0,22.88980858972168,1.0,1.0,20.393829324902345,7.572351473706055,1.0,1.0,1.0,1.0,2.939583915045166,2.208480644796753,15.047235712097168,4.336724899963379,1.041354156994629,1.0,1.1003082791320802,1.0,1.0620270224662782,1.0,1.964314290535736,12.347875283569337,1.0,1.2918727633857727,10.97800969519043,4.401409646667481,1.0,1.0,1.0,1.0,1.0,1.0,1.0,1.0,1.0,6.7306602694396975,1.0,8.01852108416748,1.0,2.3275803638458252,1.0,1.0357651057323456,1.0,1.0,1.0,1.465299954864502,2.13364002880249,4.538744461898803,6.19839285704956,6.16647865451355,1.0,1.0,1.0,1.5585697029266359,1.0,1.0,1.0,1.0,1.0,1.0,1.0,1.0,1.0,1.0,1.5621149968341828,1.0,1.0,1.0,1.0,1.0,1.0,1.1080023335071563,1.0,1.7480697488861083,2.2302590419540405,33.09069747851562,1.0,1.1894913986701965,2.231579310351562,1.0,1.0,1.0,1.0,10.89965320489502,1.4170777606933593,1.0,1.0,1.061900630718994,1.0,3.1254677553710937,28.17903309216308,4.592670463598633,1.7314162137359619,1.473978663545227,1.0,1.0521734603759767,1.0,1.0,1.0,1.0,1.0,1.0,1.513943971052551,1.7437394075027466,1.0,1.0,30.30017164404297,1.0,1.0,1.0,1.0,1.0,1.0,1.0,3.4016382200927735,1.0,1.0,8.1782075,1.0,1.0,1.0,1.0,1.0,1.0,1.0826004104309082,1.0,1.0,1.0,1.0,2.458625233581543,1.0,15.061011075854491,107.16691891357422,5.6816576591186525,1.0,2.3451995234191894,1.0,1.0,7.38130553112793,1.0,1.0,9.690544875610351,1.2351662079040526,1.0,1.0,3.1299766267089844,1.0,3.351236201965332,2.1397926735504154,4.344253297180176,1.0,1.0,2.8480524896621704,2.5271632988476562,1.7488749977539062,1.0,1.3741099366601564,1.0,1.0,1.031872589086914,1.8171977817382814,1.0,1.0,1.0,1.0,12.78130442553711,7.2255665,15.763733065795899,3.637634,12.07204072253418,11.5800125,6.73013925,75.361855,8.324531356262208,16.027006,6.948459,1.516019806011963,10.540365
TEST_04+5일,1.43202045,27.457995541259766,2.838718881864929,1.0,1.0,1.0,17.597650479003903,1.0,1.0,1.0,1.0,1.0,1.0,1.0,1.0,1.0,49.432992705566406,1.0,1.0,43.395763099609376,16.02793884008789,1.0,1.0,1.0,1.0,10.692483710144042,4.428704435890198,59.58222015673828,5.209439030288697,1.31139242734375,1.6250725006088256,1.0785060529388426,1.0,1.2225869400188447,1.0,1.9621469989242555,14.107425763916016,1.5697915353561402,1.443792935242462,11.750943990356445,5.145162594866943,1.0,1.0,1.0,1.0,1.0,1.1735453288009643,1.1418751910736082,1.0,1.0,7.587971465744019,1.0,11.127851001220703,1.0,2.2622968118499758,1.0,1.0639173880401611,1.0,1.0,1.0,1.3698160624816895,2.401747808242798,5.103508462472535,7.008457414129639,6.139885028686523,1.0,1.0,1.0,2.0263412166793824,1.0,1.0571812312633515,1.0,1.0,1.4378497458198547,1.396361810496521,1.0,1.0,1.0608208749954222,1.0,1.9279579482746125,1.0,1.0,1.0,1.3474688396598817,1.2159027598602294,1.0,1.6907077591148376,1.0977968881855011,2.154585250201416,2.483876708201599,49.90550437280274,1.0,1.4278395671531676,2.6255321410491943,1.0,1.0,1.0,1.0,12.307428244262695,2.011060128562927,1.0,1.0,1.0225388753753661,1.0,8.58882451965332,45.56600164770508,4.408227229748535,2.0097536619949343,2.4464710833404544,1.0,1.2841776627853394,1.0,1.0,1.0,1.0,1.0,1.0,1.9751562116683958,2.102859981314087,1.0,1.0,56.421991109375,1.0,1.0,1.0,1.0,1.0,1.0,1.267021447531433,6.024615264929199,1.0,1.0,19.320185810424803,1.0663532676712038,1.0,1.2392035657432556,1.0,1.0,1.0,1.7119420632797242,1.0,1.0,1.0,1.0,2.931382874786377,1.0,78.67628299169922,189.55314471679685,6.916641097351074,1.0,2.6653636590881344,1.0,1.0,9.353872312890624,1.053950596705078,1.066360930114746,11.365430700561525,1.214588407659912,1.0,1.0,3.964306611010742,1.0,4.254772519317627,2.6184255869415285,5.352779807678223,1.0,1.0,3.5754527075195313,6.949297603076172,5.294857007666016,1.7640267460839845,4.058593285791016,1.0,1.176486032043457,2.352267131347656,3.5626453298828125,1.0,1.0,2.10456869921875,1.5300447405273436,18.82611932989502,9.2294075,19.53409721923828,4.6696565,17.677488438842772,17.5630475,9.4780875,82.505385,11.347363223571778,19.8379975,9.321041,1.81489636383667,21.4938735
TEST_04+6일,4.5743861296569825,8.236758390289307,5.454532991775513,2.471852500843048,1.0,1.4491519897136689,13.34778546044922,1.0,1.0,1.0,1.836043290486908,1.0,1.0,1.0,1.0,1.0,36.65840329846191,1.0,1.0,31.797447150390624,11.227454000488281,1.208717378157196,1.0,1.0,1.664423,1.777209163027954,10.252369296661378,88.36391796264647,6.021333771789551,1.8602415082000732,1.8095196406066894,2.2475358207473755,1.0914352189960481,1.2616080246059418,1.0,2.128315221504593,21.000213846679685,2.3950826981628417,2.197478712915802,18.17152714239502,7.2658369577026365,1.06700085,1.0,1.0,1.0,1.1919089473815918,1.0,1.4825644045913697,1.0,1.0,8.337379620361329,1.0,9.258018602172852,1.0,2.598503084964752,1.0,1.5298102683582306,1.0,1.3053566417869567,1.0,3.5672893736785887,3.294978840969849,6.766527847717285,8.320795085983276,6.1712789997558595,1.4715895576049804,1.459815271395874,1.174040808365631,2.81597627840271,1.0,1.613496574037552,1.0,1.0,2.9445986803146362,2.349615890613556,1.0,1.0,1.340530693599701,1.1035625144901275,2.807775668294525,1.0,1.0,1.0,1.3368871950454713,2.2980682722686767,1.0189596992713927,2.346302884329605,1.5069939706172943,2.765245031813812,3.2286783344970704,35.76479798217773,1.2236343714920044,2.3649236334632873,5.736062286297607,1.0,1.0,1.0,1.0,15.059989824523926,5.244346604339599,1.679234480255127,1.0,1.7999237780456543,1.0,17.5947475,26.152893012573244,7.159425643371582,3.5202095641143805,5.717972745855713,1.567037542818451,2.132831833161926,1.0,1.0707069698589327,1.0,1.5905292099136352,1.0,1.6085157931175231,2.7336252927108764,2.7603188548782347,1.0,1.0,15.737878166015625,1.0,1.0,1.0,1.0,1.0,1.0,1.0,4.9364846506652835,1.0,1.0,10.264703,3.541375868612671,1.6310687740531922,4.562726897155762,1.4413092709373474,1.4043426113830566,1.0,5.661320844635011,1.0,1.0,3.4149107728713988,1.4629229254096985,6.143614152282715,5.627120971679688,107.62246516845703,104.31788408935546,12.928292491918945,4.352727110344238,4.38583599586792,6.011452210937988,1.0,16.60470945617676,7.467596625981446,7.527769162875976,12.621844161010742,3.3660616946655275,1.0,2.5905217658933104,5.992080894714356,1.0820602433433533,6.96581011151123,4.0307483053741455,8.596496037017822,5.0191598927390135,2.0229503129007567,4.445544820463562,42.459972440917966,34.21564673544922,9.73458731295166,24.735989401123046,6.965575910793457,3.713115087976074,5.159834603930664,13.188655895263672,1.2308747809875489,1.0,14.375221688427734,7.810464842907715,26.92850474304199,12.416418869140625,22.066425,6.715753,21.4854185,22.801502,14.298607,113.48716,18.87177746600342,17.002045,15.14213,4.2298952322387695,28.02777
TEST_04+7일,10.094701993591308,1.0,10.649734787780762,6.254553667297364,1.7693109555633544,2.513223170425415,1.0,1.8158320177038574,2.6323647697753905,1.0,2.6878981482604978,1.0,1.0,1.3690177409777833,2.3785072141540526,1.0,1.0,1.3566191663986205,1.6785794393203735,2.135615348815918,1.0,2.669264250125122,1.0,1.0,2.4746370212860107,1.0,16.18050870996094,40.57671660919189,7.212812078369141,2.5136684199783326,2.299800889691162,5.457949065362548,1.4215207967098236,1.2484203010543822,2.288289159779785,3.811879492762756,34.63253507757568,4.2804323629592895,3.2080245942230228,32.19513203924561,9.287332624084472,1.0,1.3465524744235229,1.0,1.0,2.2997943890914923,1.0,1.8644607685020447,1.0,1.4709553602920533,9.477023139709473,1.0,5.707637809292603,1.0,4.3307566507507325,1.0,2.5659450483764648,1.103025661428833,1.749466608883667,1.9793380551376343,9.729623910552977,5.9815106315536495,11.937791096252443,9.226716977844237,9.890272791259765,1.6421995443607331,2.541377063697815,1.6167568610939025,3.5352249524383543,1.0,2.6907528849151614,1.2772783518048707,1.5260259619636536,1.7223056016456604,3.817512619038391,1.8729538181610104,1.0,1.7614063264198303,1.428461328137207,4.301805351463318,1.1593602360340118,1.2381342488628388,1.135587947295761,1.24798875259552,1.8444754050964356,2.2114765649398804,3.5364464590911866,1.7600481027137755,4.011057378872681,4.087838786437988,1.0,2.115791181034851,4.386386470230103,10.871937124786378,1.0,1.375125268673706,1.299932476120758,1.0,18.29580166329956,9.684815531341552,3.04762868743515,1.0,4.4953041077941895,1.0,114.36849775756835,7.20423224822998,19.551180431518553,5.791317627563476,7.548218850494385,1.318762328118515,2.9425263318328856,1.001353754950714,2.396238296485901,1.145389797480774,2.602648960157776,1.0,2.6307523068588257,3.8431873101272584,3.6665937756958007,1.8134996652496338,1.2322871590629578,1.0,1.0,1.0,1.0,1.0,1.0,1.0,1.0,1.0,1.0,1.0,4.305925213531494,5.709550690338135,2.6497039959106443,6.598592026458739,3.4026447619750977,2.217504601322937,1.2463350917732239,9.58879854206543,1.5192222766464234,1.201773300969696,4.770073880249024,2.503395011657715,15.135371469384765,16.00966199415674,28.289503981262207,17.15658,26.23746346777344,12.187039688464356,9.178953173547363,17.037164731003905,1.3566216409423828,34.45459893347168,21.059282023537108,21.16176267040039,14.006123348449707,9.834960160430908,1.0,7.914681778640625,12.109122703735352,2.4511284272537233,13.062618011914063,7.295205988830567,18.07294943481445,14.148756312038085,5.555502521430664,6.532910659423828,120.95541713291016,98.29796866992184,27.64328755540039,71.67156005927734,19.811151983583983,11.6106174984375,14.179714206970214,39.94464681962891,3.5784550960998533,1.1694940346618652,40.81132242792969,23.33645306826172,37.34547626251221,22.694245954559324,30.885080400146485,10.658841,24.031495,36.9924,22.47788,156.319425,27.021176907653807,20.768695,29.528715798339842,7.454511925628662,42.502408153381346
TEST_05+1일,2.3124943490371703,1.0,7.525742636260986,1.496812465171051,1.0,1.0800124557922364,1.0,1.0,1.2618993321144103,1.0,1.0,1.0,1.0,1.0,1.0,1.0,1.0,1.0,1.0,1.0,1.0,1.0,1.0,1.0,1.0,1.0,1.0,5.2191367259155275,11.904043217346192,3.611780309416199,2.786392331838989,2.8777372736877442,1.2660147581741334,1.4487934017658235,1.0,3.413189304258728,35.44344636846924,5.719962836495972,1.5957081793556216,23.815381784606934,17.4936503704834,1.0222250725078583,1.0,1.0,1.0,2.3957436109542845,1.0,2.247731068554687,1.0,2.905921090950012,18.2768374932251,1.0504344795642853,7.778762418945313,1.6117785740844726,1.738525187398529,1.0,1.0,1.0,1.0,1.0438493087017058,19.031426185058592,11.365293784057616,7.506764556213379,13.67528634967041,5.431077541839599,1.0,1.0,1.459034275531769,3.9329994374008184,1.0,2.084289296220398,3.010482332498169,1.0,1.0,2.710361709210205,1.0,1.0,1.2262758106170655,1.0,2.1665925405387876,2.2401422391052246,1.0,1.5511746832504274,1.7118765030517578,2.0446875249618532,3.8322726723403933,2.974140282258606,1.319072435508728,3.081105719390869,3.683239109313965,1.0,1.880779190838623,4.615756271234131,7.072706397277832,1.0,1.0,1.0,1.0,6.181224513336182,6.7085146797821045,2.7057665406921387,1.0,1.0945898402191163,1.0,87.85711470458985,10.95406922668457,44.151209447021486,3.695431810340881,3.31139444946289,1.1921223628078461,5.658753415368652,1.0,1.5610652444976805,1.0,1.0,1.0,2.7234584576339724,1.0328651761363983,2.398368611405945,1.2951857556045532,1.0,1.0,1.0,1.0,1.0,1.0,1.0,1.0,1.0,1.0,1.0,1.0,3.7395825,5.291356348724365,3.267264375679016,2.752860167904663,1.7292811985733032,1.3653820673797608,1.2891908073753355,8.801965274841308,1.2177098305389404,1.6123309260040282,1.9934632958297729,1.6985392616394042,54.54182533874512,52.99696103515625,2.98574115,2.482372,67.90529621704101,46.5169622043457,43.40835216369629,1.0,2.385350449784851,174.40831623779297,108.15077403076171,104.10421040527343,62.474187906372066,25.595195652770997,1.42728435,52.44955426208496,55.71668882568359,5.7044947296691895,39.06491478918457,19.704579296875,82.76084997070313,68.55021317504882,20.825930781433108,1.0,481.02184873535157,251.6957680517578,66.21284389160157,291.5966774072266,33.42213247583008,91.01480087646485,66.98503809326172,177.1691667578125,51.312346066894534,7.072371852844238,86.85540406005859,69.19919185595703,1.0,1.0,1.0,1.0,1.0,1.0,1.0,1.0,1.0,1.0,1.0,1.0,1.0
TEST_05+2일,2.2273000869903568,1.0,6.923588860900879,1.0,1.0,1.779165368386841,1.0,1.0,1.709573661242676,1.0,1.0,1.0,1.0,1.0,1.0,1.0,1.0,1.0,1.0,1.0,1.0,1.0,1.0,1.0,1.0,1.0,1.0,1.718830108642578,10.478821052062989,3.028335313157654,2.0654188526016233,2.7308557076568603,1.2721753347877502,1.3112098618003847,1.0,2.8716501290893555,31.953176681213378,4.806018353851318,1.7623489032073976,21.3577482064209,14.938649759613037,1.0,1.0,1.0,1.0,2.0992215686706546,1.0,1.8960768126022338,1.0,2.2517172334991455,17.33816695501709,1.041551430657196,6.951386909677124,1.0279021441947938,1.321250981742859,1.0,1.0,1.0,1.0,1.0737576875900268,15.242709178588868,8.744468751312255,5.816337242660523,12.424077530212402,4.68827708392334,1.0,1.0,1.0,2.775658231895447,1.0,2.05871343140564,1.874888767802429,1.0,1.0,2.7947006056655885,1.0,1.0,1.0,1.0,2.1271164656661985,1.676083327492523,1.0,1.0,1.0,1.7736968376350404,2.5328003132171633,2.301956550086975,1.0708885331336975,2.7041358820648194,3.370365395715332,1.0,1.0,3.019760234515381,6.125022629714966,1.0,1.0,1.0,1.0,5.755439972772217,4.78031134440918,2.623370751248169,1.0,1.0,1.0,15.638395389587401,61.40799503564453,36.62431504028321,3.2033076250411985,2.662586944749451,1.0,4.588827615936279,1.0,1.4903730784294127,1.0,1.0,1.0,2.0044008918380736,1.0,2.382881855317688,1.0406420442619324,1.0,1.0,1.0,1.0,1.0,1.0,1.0,1.0,1.0,1.0,1.0,1.0,3.3252481560058595,3.2269692385147097,1.4143137234649659,2.02003893088913,1.1654982704811097,1.0,1.0175427345928192,5.891705878677368,1.0,1.0,1.6275876886940002,1.0186744186172485,46.43311895385743,36.25798413305664,1.0,1.303264,58.26406010070801,35.39257573730469,34.5535275390625,1.0,1.6771709917579651,138.1915612988281,75.17457877685547,77.80676253222657,52.47936632702637,21.864855314941405,1.11503925,47.41441727575683,42.61203761584473,5.060211202902222,31.86123373498535,15.793744871032715,64.53051951635743,50.89776404492187,15.392021107086181,1.0,356.83760286132815,195.4465494140625,46.87188140942383,213.92441722167968,26.97805135809326,68.05598028320313,52.441867709960945,143.05922399902343,40.408933530761715,6.596181132351685,65.84560057678223,52.93058199291992,1.0,1.0,1.0,1.0,1.0,1.0,1.0,1.0,1.0,1.0,1.0,1.0,1.0
TEST_05+3일,3.353010521661377,1.0,6.921737209509278,1.0,1.0,2.5786686022399903,1.0,1.0,2.234224390963745,1.0,1.0,1.0,1.0,1.0,1.0,1.0,1.9395131566040038,1.0,1.0,1.0,1.0,1.0,1.0,1.0,1.0,6.084571838378906,1.1115005016326904,9.910742275097656,10.549350407196044,3.0096753908065796,2.172621974458313,2.752028940093994,1.378565650772095,1.270040019153595,1.0,2.648824310952759,29.96660044036865,4.9825033974456785,2.0905488812347413,19.819783286621096,13.670106781890869,1.241786594880676,1.0,1.0,1.0,1.8966530927970886,1.0,1.6099379079971312,1.0,2.2017176006973265,17.5221885864563,1.0823220384822845,7.036044410614014,1.0470889349006653,2.230552092173767,1.0,1.0,1.0,1.0,1.0,14.975827031433106,7.934743286865235,5.686956886422729,11.916688858032225,4.443070413092041,1.0717197658470154,1.0,1.0,2.9533385099395755,1.315371373751831,2.7101920936126707,1.7619421900146484,1.0,1.0,3.565598397583008,1.0,1.0,1.0,1.0,2.831301657028198,1.9401616234451295,1.1674569800048828,1.0,1.0,1.9469152565116883,2.348895430038452,2.4842162050064087,1.2336269820579528,3.034036851220703,3.501664526522827,13.64730510321045,1.0,2.9817122224624635,6.155637100494385,1.0,1.0,1.0,1.0,5.999152199536133,4.1765460742584235,2.7973071413497923,1.0664553207435608,1.0,1.0,12.307190775146484,66.59927950195312,35.65374951586914,3.170950192373657,2.3844117908584597,1.0,4.413454077944946,1.0,1.5485302037864686,1.0,1.0,1.0,1.9979975349899293,1.0,2.9876517266342164,1.1147522467254638,1.0,2.089454598693848,1.0,1.0,1.0,1.0,1.0,1.0,1.0,1.0,1.0,1.0,21.00400733635254,3.1723644357070926,1.3082391850090027,1.9727342665306091,1.0542358010917665,1.0,1.0,5.260931961166381,1.0,1.0,1.6162269216468812,1.0664001342338563,46.05674151660156,32.196985351806646,1.1632513,3.5444431530029297,57.42949554443359,35.23630891503906,33.50586118505859,1.0,1.865402003300476,133.32568889160154,78.16045924804688,75.6583210961914,50.753757337890626,21.439189205566404,1.1696167,46.963513248901364,40.49804666027832,5.235404239367676,31.397861475524902,15.092471136230468,63.65069471435547,50.464267853149416,15.72933418270874,1.0,351.3268915283203,179.37737143554688,43.45061311401367,204.49717649902345,22.033708758483886,66.92234978637696,47.63947105834961,136.48511721679688,40.56033113366699,6.084656376800537,58.42755370849609,49.142797599121096,1.0,1.0,1.0,1.0,1.0,1.0,1.0,1.0,1.0,1.0,1.0,1.0,1.0
TEST_05+4일,4.633312201983642,1.0,7.117496543106079,1.0,1.0,2.0533618911041263,1.0,1.0,2.075788297672272,1.0,1.0,1.0,1.0,1.0,1.0,1.0,1.9700473463256836,1.0,1.0,1.9393940148925781,1.0,1.0,1.0,1.0,1.0,1.79438399263916,1.0,9.395496537780762,10.313530902893067,3.0610081182647706,1.9647713879180908,2.636889324017334,1.3376762121673584,1.281918387234497,1.0,2.7995102582717895,26.99767221710205,5.091087350418091,1.8491369917274476,18.618163964355467,12.746296839416503,1.3927671066078187,1.0,1.0,1.0,1.7143576847000122,1.0,1.5199768186431886,1.0,2.1016376413879394,16.927998440917968,1.0,6.773072365142822,1.2054936855628968,1.9986551478408814,1.0,1.0,1.0,1.0,1.0,15.279857625427246,8.306329927185057,5.441487084954834,11.104606774566651,4.09674310112915,1.026447417451477,1.0,1.0,2.9909531017684943,1.4681916666488648,2.7500903351135255,1.880404305760956,1.0,1.0,3.4797501676849363,1.0,1.0,1.011820662544632,1.0,3.0571988937210084,1.922061643321228,1.175415712379837,1.0,1.0,2.0247250064926146,2.3553818445129395,2.637710582980347,1.2366015975463869,3.1416157555572513,3.422974704666138,9.427861044708251,1.0,2.9098371842041013,5.940720156127929,1.0,1.0189144602844238,1.0,1.0,6.934341529815674,4.085990995445251,2.7705023103286743,1.3045984410331726,1.0,1.0,13.992713925292968,50.7008229284668,34.57155798120117,3.131196398168945,2.2274862634002686,1.0,4.346213000610351,1.0,1.7254515979064942,1.0,1.0,1.0,2.0198218200386044,1.137837052344513,3.229061219161988,1.0285647427230835,1.0,1.0,1.0,1.0,1.0,1.0,1.0,1.0,1.0,1.0,1.0,1.0,15.309048470550536,2.7871166221450805,1.3528351015686035,1.667164842100525,1.065679120198059,1.0,1.0,4.61363218109436,1.0,1.0,1.3945595535507203,1.0,44.08091924890137,29.69845864489746,2.528832,2.347513,55.36124506958008,33.464957568359374,32.843600136474606,1.0,1.508515793058014,129.58289696777342,75.89595950927735,74.23848711669922,50.4087454486084,21.434037532348633,1.2172735,44.86586574621582,38.98560722265625,5.110242582330322,29.99208918939209,14.61652643231201,63.032798360595706,49.71401623779297,14.92118820550537,1.0,324.152191796875,159.26350072021484,39.43356716210938,183.47637407226563,19.26831711401367,62.70285339355469,42.42971396936035,126.15413651904296,37.929273613403325,5.279724039703369,52.87663596130371,44.37566568920899,1.0,1.0,1.0,1.0,1.0,1.0,1.0,1.0,1.0,1.0,1.0,1.0,1.0
TEST_05+5일,5.155427891250611,1.0,7.010859985589599,1.083462594352722,1.0,2.4418268158630374,1.4329737533630371,1.0,3.120796196847534,1.0,1.0,1.0,1.0,1.0,1.0,1.0,5.140584013098144,1.0,1.0,3.7119757006835936,1.675287416290283,1.0,1.0,1.0,1.0,3.0512785868377685,1.0,16.080030251464844,10.73550814013672,3.2849603799041747,2.3532084125022887,2.6818029803359984,1.4882858796546936,1.54721869582901,1.0,3.0266541081832887,28.637909087951662,5.387452146429443,2.2968858291549683,19.387253792724607,13.22564788082886,1.6260249204582213,1.0,1.0,1.0,1.9279573996566772,1.0,1.6677078585731506,1.046079408905792,2.206681395162964,17.46037576263428,1.0,6.970116494033814,1.3800698588798523,2.8164068670028684,1.0,1.0,1.0,1.0,1.2101800603851318,16.505279581054687,8.822980293334961,5.582244576919555,11.569593349212646,4.204961450073243,1.092156990096283,1.0,1.0,3.2133390838256837,2.596868062097168,2.8060490087646484,2.1056885784240724,1.0,1.0,3.3578187065460208,1.0,1.0,1.2011548296607972,1.0,3.3014088697052,2.0650098876174927,1.1441489498435975,1.0,1.0,2.082982609049988,2.927141130157471,2.7538084824615483,1.2620856790496826,2.791561325515747,3.566401726394653,16.704216350891112,1.0,3.232538930570984,5.983061052386475,1.0,1.1849572499786376,1.0,1.0,8.226647370361327,4.265795848738098,2.9542455894729613,1.4720531162826538,1.0,1.0,19.381562557373044,88.89183811279297,35.48322872033691,3.5894023375946045,2.453751585998535,1.0,5.023765581436157,1.0,1.8434449866889953,1.0,1.0,1.0,2.2757804385803224,1.28308607493515,3.2894675668655395,1.1570860682617188,1.0,1.0,1.0,1.0,1.0,1.0,1.0,1.0,1.0,1.1802448131401062,1.0,1.0,18.576947286254885,2.675366749914551,1.4786862715057372,1.8587750496063231,1.1667437559837341,1.0,1.0408788442642212,5.046215048132324,1.0,1.0,1.9371132344436646,1.0079280757255553,44.450473416748046,32.98732552905273,5.3068065,4.001878,57.06346702001953,35.691535705932615,34.76235935058594,1.0,2.0834968109344483,133.60642799804688,81.77493510498047,77.11264060791015,51.11061319213867,23.20147609118652,1.44254,44.09021361340332,41.74031455493164,5.510437001092529,33.04873453002929,16.26045594458008,65.73583434448243,53.160730266845704,16.3639090234375,1.0,348.45391754882814,172.85823130371094,42.51134173095703,207.25632662597656,21.56918437512207,67.52266653564453,46.31951879455566,143.58109543457033,38.22290653015136,5.321190619204712,56.6050890065918,48.98867631225586,1.0,1.0,1.0,1.0,1.0,1.0,1.0,1.0,1.0,1.0,1.0,1.0,1.0
TEST_05+6일,3.9990734946868898,1.0,7.377865551416015,1.3022980843772887,1.0,1.5478007097045898,2.3945478189819336,1.0,2.5925463166275025,1.0,1.0,1.0,1.0,1.0,1.0,1.0,7.284568203186035,1.0,1.0,2.978930761352539,2.7768548643829343,1.0,1.0,1.0,1.2095906684631348,5.8459328568359386,3.292017112411499,33.87189679174804,11.12176170022583,3.171964420983887,2.836928317123413,2.9092468073364257,1.6674584590759278,2.0607993245079044,1.0,2.955073465322876,30.221529245361328,5.368442774008178,2.343036297239685,21.40137497717285,14.439540185546875,1.845026392074585,1.0,1.0,1.0,1.9778977818183898,1.0,1.9058318835601806,1.4592498364852906,2.396432454459381,17.16164378097534,1.0,7.282968843963623,1.4329920637619018,4.501871217828369,1.0,1.4061486660316467,1.0,1.0,1.0,15.713280936187743,9.980214991607667,6.521783090814209,11.552562129302977,4.449954875654602,1.3664521007369994,1.0,1.0,3.444434903826904,1.6774193949886322,3.132386827706909,2.8320482936401365,1.0,1.002482167228508,3.589612490557861,1.0,1.0,1.4436558888916016,1.0,3.434988123213196,2.5862021506454465,1.0362012546455384,1.3046680270355224,1.0,2.120075359049988,2.8069458047744753,3.1586202216125487,1.356687031629944,2.771214865859985,3.8326055298461914,21.637227536132812,1.355393127999878,4.1054820934478755,6.673209235580444,1.0,1.3224680491912841,1.0,1.0,7.277414990905761,5.067009662155151,2.966306078012085,1.1454915834533692,1.0,1.0,33.2826485357666,48.537073261718746,36.65487492211914,4.375653252722168,2.764148458280945,1.0,6.006705021783448,1.0,1.9383076876686096,1.0,1.0,1.0,2.476417971260071,1.5902209920516968,3.083252440376282,1.282955766693878,1.0,3.480675214593506,1.0,1.0,1.0,1.0,1.0,1.0,1.0,1.310739306491394,1.0,1.0,23.476142742065427,4.4011464588317875,2.7569802977661135,2.9346324446777343,1.4404062822586061,1.3160085052886963,1.3432483269187927,7.720458987640381,1.2113740544105531,1.1113499801101685,2.678842294116211,1.7084747057235719,45.51427794128418,43.6790941394043,5.332843848144531,5.469887,59.09726086181641,36.00629809313965,36.04821954248047,1.0,3.0811036804702763,136.49391115478517,82.85501733398438,80.46377439575195,51.63841811767578,23.341693816345213,1.4527136,44.376282869262695,42.99621984558105,6.054238324960327,36.59495954772949,18.177962090637205,66.22670296386718,55.040476132202144,16.34312135168457,1.0,393.77171208007815,236.64917649414062,54.52236930053711,236.33230360351564,26.280055777648926,77.43917402832031,63.95496508789063,152.04160081054687,38.90233353271485,5.754862322412109,81.44624305297852,62.45305831738281,1.0,1.0,1.0,1.0,1.0,1.0,1.0,1.0,1.0,1.0,1.0,1.0,1.0
TEST_05+7일,2.5418047071151735,1.0,8.77807003845215,1.7849932481002808,1.0,1.0,3.0342744441711424,1.0,1.4080755354164123,1.0,1.0,1.0,1.0,1.0,1.0,1.0,5.694058873291016,1.0,1.0,4.480617771081543,3.2265084308776855,1.0,1.0,1.0,1.7827432297088623,1.068912608001709,3.7422074106109617,36.66462506152344,14.503997334228515,3.9297564600219728,3.4893390172271728,3.2172684677764893,1.6039573992996217,2.7163617840042114,1.0,4.171617842761231,37.43497263232422,7.823309339996338,2.2925385222717285,24.389901396118162,18.37315678982544,1.4583019011901857,1.0,1.0,1.0,2.3510584819625855,1.0,2.3240197756332397,2.1410523050918577,2.9953598329467774,19.803099821044924,1.1780137355865479,7.862866809234619,2.161764097711182,4.277145645129394,1.0,1.7456580540847781,1.0,1.0,1.0,20.803838157043458,14.90173187084961,8.221287333770752,13.325262579681397,5.4455592551422125,1.161321567035675,1.0,1.268556782683563,4.5298476332916255,1.3651171719579696,3.7843910558868408,4.944043977154541,1.0,1.0,4.1853176430419925,1.1218381598403928,1.0,1.6915950064376832,1.0272494904418945,3.444598783505249,3.859455127999878,1.0,2.220272916912842,1.848279280708313,2.628601274307251,4.139472468740845,4.527325638656617,1.4938176408996582,3.7358005988922116,3.9561853330841066,4.787514778381348,2.8153666393218995,6.422456372253418,7.680516583847046,1.0,1.2921585566360474,1.0,1.0,6.728544969201661,6.574239279632568,3.573023925405884,1.0,2.3386088419403075,1.0,92.63728154541016,4.9632335,51.88896065917969,5.86347101751709,3.6961582293548583,1.5028454456291198,8.293797860046386,1.0,2.0650112523834228,1.0,1.0,1.0,3.4133274761260983,1.7230166268310547,3.531738858291626,1.8228448609893801,1.0675353941242218,3.1832226911315917,1.0,1.0,1.0,1.0,1.0,1.0,1.0,1.0,1.0,1.0,12.651192664611816,7.796599338531494,5.655719739541626,4.30545212229309,1.921306927709198,2.302189444807434,1.7434772711914062,12.9754457444458,1.8566057181793214,2.4925874959838863,3.15414584344635,2.9881163702850344,68.67703419091796,77.4696920144043,10.0587984866333,5.594588592163086,87.704239296875,58.148784626464845,54.718285755615234,1.0,4.2214769018127445,210.82291259277343,132.74936237792969,130.63191317626953,72.85573529418946,33.04617641113281,1.570597,60.046150333496094,69.31349772509765,8.839992773406983,56.62344116943359,27.313979352294922,103.52232371289062,84.93675112426757,27.134714245849608,1.0,674.0424825683593,388.40209826660157,89.8904225439453,405.982054765625,37.975297705566405,127.66997482177734,94.08723923950195,246.53303566894533,60.35306370874024,7.62466142989502,129.99874491503905,104.33265681835937,1.0,1.0,1.0,1.0,1.0,1.0,1.0,2.1121881490625,1.0,1.0,1.0,1.0,1.0
TEST_06+1일,1.609445343460083,1.0,7.6993100605773925,1.3234431586486817,1.0,1.0,2.220546496121216,1.0,1.0,1.0,1.0,1.0,1.0,1.0,1.0,1.0,2.8833536544799805,1.0,1.0,3.300492899731445,2.2641855320922852,1.0,1.0,1.0,4.644527212182617,2.3311025028686525,1.0,1.2545351475830078,12.342370657409667,3.951642329223633,3.1600776907318116,3.190905100808716,2.2516997888900754,1.0,1.0,2.717934732415771,30.27637782019043,7.630980227600098,3.397743471105957,24.379091186828614,15.52676392010498,1.0,1.0,1.284915107340622,1.0,2.005671238735199,1.0,4.094753727056885,1.0,3.3752662448196413,26.844530247070313,1.0981418884876253,9.33483659866333,1.0,3.0825126071502686,1.0,1.2879733444213866,1.6685056927009583,1.0,1.0,17.802952987426757,5.881432323425293,4.99520033493042,13.944616111602784,5.230977538391113,1.0,1.0,1.042027324779129,3.8466017328308104,1.0,2.2379280394683843,2.2668038584014893,1.0,1.0,2.6429944281372073,1.0,1.0,1.7503651781921383,1.0,3.6436900863586423,3.3417345519760127,1.7235456033538818,1.4148621379638673,1.0,1.998225818195343,1.6825361135139465,3.5991287142807007,1.647545866342163,2.9174410035491944,3.589738464956665,1.0,1.305450573376465,4.035695746292115,9.081979276367187,1.0,1.0185162000190735,1.0,1.0,7.134616903442383,5.70580853767395,1.4066152473083497,1.0,1.248971415817261,1.0,54.909190222167965,8.258737755737304,27.808527844787598,5.208670276000976,2.198184213104248,1.7127269318832399,4.447597310256958,1.0,1.6430998374954222,1.0,1.0,1.0496391189720153,2.274889442813873,1.0531090598243713,2.3426963281036377,1.2496788051422119,1.0,3.2139641641174315,1.0,1.0,1.0,1.0,1.0,1.0,1.0,1.0,1.0,1.0,14.062022465911864,4.858278619369507,4.473002455606079,6.3364377683868405,3.0930397539474486,2.017445821386719,2.07708586098175,9.866589406341552,2.998352922050476,1.349055291178894,4.315344647827148,3.067082037817383,77.66719423706056,43.5661295571289,4.254793892114258,17.693324185913085,64.50948333349609,69.8620529260254,48.672345090942386,33.63015152270508,5.472859787414551,186.21736231201172,148.56708449951174,134.5211510546875,61.86669583374024,25.31645965881348,3.771247852307129,56.01655469482422,65.4588096508789,4.683860444946289,44.910585305419914,21.55208773919678,81.52608508374024,88.5066717163086,31.862387726867677,1.0,447.81530963378907,263.7495274121094,71.99611666870118,218.70331378417967,36.546323704589845,76.06285544433594,60.9120964477539,192.55101924316403,41.20883082519532,8.871169561401366,71.40071499267577,76.39448054199218,1.0,1.0,1.0,1.0,1.0,1.0,1.0,1.0,1.0,1.0,1.0,1.0,1.0
TEST_06+2일,1.323515346070862,1.0,4.241686600402832,1.1547681080427552,1.0,1.0,1.1312096118927002,1.0,1.0,1.0,1.0,1.0,1.0,1.0,1.0,1.0,1.8917369842529297,1.0,1.0,2.2242250442504883,1.290343761444092,1.0,1.0,1.0,3.1343424320220947,4.187114715576172,1.0,3.5420061572753907,6.963594913583374,2.7065180718307493,2.261822991743469,2.035265701916504,1.1304279541473388,1.0,1.0,1.3897383186355592,17.82614483117676,4.768505408599854,2.149640416427612,16.011257783325195,11.134977202514648,1.0,1.0,1.0,1.0,1.5679214847335814,1.0,2.2575343279342652,1.0,1.9942024759994506,16.551496588928224,1.0,7.764761922119141,1.0,1.5889849215789795,1.0,1.0,1.0,1.0,1.0,8.70056923373413,3.495564106063843,4.1208777392852785,8.968225119812011,3.2106018154449463,1.0,1.0,1.0,2.22073575353241,1.0,1.281334176174164,1.0989199805152894,1.0,1.0,1.785787693257141,1.0,1.0,1.0196255736968993,1.0,1.4595310847023009,1.400414145301056,1.0,1.0350237033569336,1.0,1.4261869660644533,1.1808067535049438,1.750938578631592,1.011395780579071,2.1176824597229005,2.7190233550354,12.933509415893555,1.0,2.528833975556946,5.183017503710937,1.0,1.677105272407532,1.0,1.0,6.027798634185791,3.1134602456970217,1.0,1.0,1.0,1.0,9.659146061328125,42.405840036010744,24.347726830017088,2.9962146054321286,1.0,1.0,2.295329999588013,1.0,1.024902125806427,1.0,1.0,1.0,1.3835771899978637,1.0,1.2357553367591858,1.0404631486943055,1.0,8.376698132788086,1.0,1.0,1.0,1.0,1.0,1.0,1.0,1.0,1.0,1.0,7.339113482528687,2.005839055345154,2.2628791180923464,3.1781167800735473,1.6783753504882812,1.0,1.0,5.655964395620728,1.1213704353004457,1.0,1.8418277570266723,1.41613635356781,51.530073326416016,19.65107002093506,4.064366340637207,21.204837032470703,52.65568724560546,44.557746802978514,34.9138186303711,16.22999903744507,3.439671054046631,123.3496277758789,94.05330707641602,79.82042259033203,50.413593514160155,15.801503956665039,3.0721656551971437,39.47164722033692,41.30913566430664,3.911967177734375,32.991879248413085,15.816711285736083,58.79520438500977,59.31676110961914,18.589456631103516,1.0,267.90208397460935,145.3170875048828,30.578897821350097,85.46129608251954,14.776017391357422,41.01157017907715,17.401943033508303,98.845733984375,22.394962186950686,2.808822516862488,35.36983351013184,34.95968044311523,1.0,1.0,1.0,1.0,1.0,1.0,1.0,1.0,1.0,1.0,1.0,1.0,1.0
TEST_06+3일,1.672581118586731,1.0,4.746212224731446,1.683376918318939,1.0,1.0,2.3575202615783692,1.0,1.33672146416626,1.0,1.0,1.0,1.0,1.0,1.0,1.0,2.9565545629882815,1.0,1.0,3.213440052075195,3.214524972930908,1.0,1.0,1.0,6.332361349047852,10.004198318249511,2.9854342687652586,32.79486978564453,7.687499836425781,3.009089475556946,2.7914121290878295,2.38616801915741,1.4742959647552492,1.0,1.0,1.738832667149353,21.09664425769043,4.736415607510375,2.543019007232666,17.853788945983887,12.28980151791382,1.0,1.0,1.0,1.0,1.900756006855774,1.0,2.8091446047943114,1.0,2.387730968600464,16.465818945739745,1.0,8.05347384880066,1.0,1.9396041926841736,1.0,1.0,1.0,1.0,1.0,9.41632336895752,3.7540940051635743,4.568261389578247,10.035826559173584,5.086632073318482,1.0,1.0,1.0,2.5476106742630007,1.0,1.6502001904678345,1.4643863035636902,1.0,1.0,2.113130265452576,1.0,1.0,1.2250773152435301,1.0,1.778150194417572,1.6735946562774657,1.0255499196224211,1.2850840484436035,1.0,1.7582134102752685,1.4001445538864137,1.9993295054641722,1.2597396020507814,2.4636637139556887,3.220653757522583,31.327000928466802,1.0,3.07840265909729,6.364567970092773,1.0,4.39606663067627,1.0,1.0,6.160961380206299,3.648801567193604,1.1523591317108153,1.0,1.0359817429510498,1.0,11.841412767602542,47.660947769165034,24.083842712097166,3.5239035270233154,1.029307878516388,1.0,2.8360476646987918,1.0,1.272800375843811,1.0,1.0,1.0,1.6514839420486451,1.0,1.4754347208236696,1.4093384704879761,1.0,8.56807395501709,1.0,1.0,1.0,1.0,1.0,1.0,1.0,1.3493131708203125,1.0,1.0,12.346198368682861,2.3094855649871824,3.3911886193939207,3.519093145089722,1.8140349598190306,1.1491621428726195,1.0,6.402343022369385,1.295550135549469,1.0,1.9313021135223387,1.902712516581726,51.96354545532226,23.313602516723634,12.40513164569092,42.13493706237793,57.55821718017578,47.13023063842773,36.11719319921875,19.255825634155272,3.936150070074463,128.28749466992187,108.60478979980468,84.81949680664061,53.814765962768554,15.44154781350708,3.82861699631958,41.674348840942386,43.3699664663086,4.396255270605469,35.59310071838379,16.310615229797364,62.37664795507813,67.3045520727539,20.219814216918945,1.0,291.69233910156254,158.49737680664063,35.37261773828125,112.48855249023438,16.950922254272463,43.336230870971676,26.664992204589844,103.63372415161132,23.13282282281494,4.220285763899231,42.332931550903325,38.13393865325928,1.0,1.0,1.0,1.0,1.0,1.0,1.0,1.0,1.0,1.0,1.0,1.0,1.0
TEST_06+4일,1.7913440847290039,1.0,4.5654647469177245,1.4282582147827148,1.0,1.0,2.476606931411743,1.0,1.4302491095298766,1.0,1.0,1.0,1.0,1.0,1.0,1.0,3.0051547245361325,1.0,1.0,3.5555132740600586,3.2501684195983884,1.0,1.0,1.0,4.685332109924317,20.55748713989258,5.197034252874756,20.251290262023925,7.037868270462036,2.8082383073120116,2.5632919283203126,2.273627688265991,1.3324835730407716,1.0,1.0,1.8134578928245544,20.140254984802244,4.680579405355835,2.411802843795776,17.25513108898926,11.23353557324219,1.0,1.0,1.0,1.0,1.745308260697174,1.0,2.6607103372894287,1.0,2.1747318311126707,15.888047411193847,1.0,7.481792188970948,1.0,1.7486986009735106,1.0,1.0,1.0,1.0,1.0,9.800850596954346,3.9536402046875,4.478923536325073,9.845375550720215,3.749287806793213,1.0,1.0,1.0,2.374335826271057,1.0,1.7214755913093565,1.3759331876747134,1.0,1.0,1.843947849977112,1.0,1.0,1.2264476518928529,1.0,1.7402027380996703,1.5599719990539551,1.0,1.1634195261032105,1.0,1.5927098785873413,1.3815004697784423,2.0333180781723024,1.2279976821907044,2.4855477734710694,3.113479062789917,38.4130801986084,1.0,3.047496455332947,6.200776921752929,1.0,2.6378115525650028,1.0,1.0,7.095241032196045,3.4232333748672485,1.0232191231990813,1.046557956842804,1.0,1.0,13.647726313476563,44.48199581237793,23.27957837792969,3.5966333111633304,1.0,1.0,2.8569092549575803,1.0,1.2522704179809572,1.0,1.0,1.0,1.5452196522712707,1.0,1.3484038040847777,1.4749300872085573,1.0,10.164614904608154,1.0,1.0,1.0,1.0,1.0,1.0,1.0,1.10913092652359,1.0,1.0,22.85720701019287,2.135105678478241,3.0573240327270508,3.222640525309753,1.7630452320007324,1.142129646006775,1.0,6.588964907836914,1.3474803110664366,1.0,1.853043890487671,1.689847027947998,51.53273880249023,23.685934228393556,10.114814051550294,30.508975841674804,57.933353404541016,47.73050866723633,36.95652183422851,16.9915895345459,3.82376048886261,129.2251691357422,105.4469391833496,85.81457811767578,54.68952731567383,16.020190275146483,2.810923437509155,42.89325150830078,45.2778300805664,4.513593978012085,34.580019142578124,15.571973781951904,62.76240919177246,65.81714041381836,19.678009141601564,1.0,295.75033631835936,155.90932345703123,38.22200154144287,114.4362474182129,17.43653484918213,44.25033887878418,28.48559656060791,103.32928955810547,23.699331239624023,4.504048222090149,44.34233840637207,40.12539845458984,1.0,1.0,1.0,1.0,1.0,1.0,1.0,1.0,1.0,1.0,1.0,1.0,1.0
TEST_06+5일,2.5366447155929563,1.0,4.576549007492066,2.07127825957489,1.0,1.7712140013473507,2.8703304963836667,1.0,2.459784864526367,1.0,1.0,1.0,1.0,1.0,1.0,1.0,3.7757456317504885,1.0,1.0,5.60159398326416,4.6715850519104,1.0,1.0,1.1261615391540527,5.740223136413574,21.87166046221924,7.280660852212524,30.39504444580078,7.243273476715088,3.108296025112915,3.754456503881836,2.5725787335205084,1.5248599671852112,1.0,1.0,1.7673955986679077,23.008285617004397,5.346125838739013,2.831277042922974,19.52387625415039,11.66336834588623,1.0,1.0,1.0,1.0,1.8091842388038635,1.0,2.9582902000030518,1.0,2.4664082425857545,16.627158957824705,1.0,7.586276787039185,1.0,1.555435339554596,1.0,1.0,1.0,1.0,1.0,10.24722880255127,4.6052477933654785,5.611896050134277,11.044175517059326,7.812287594482422,1.0,1.0,1.2959890072948457,2.395668722966003,1.0,2.2603251128936765,1.6582699042221072,1.0,1.0,2.0095052848754884,1.0,1.0,1.2709984786308288,1.085087282460022,1.9665638174560542,1.585222177467346,1.0,1.3126851302604674,1.0,1.891505283867645,1.9887662199935914,2.0710914058059693,1.2835893387878419,2.728447180752563,3.2953202236175536,87.44609846435546,1.0,3.179093447113037,6.7567942390808104,1.0,2.5619352039184573,1.0,1.0,9.668609212097168,3.5252096531249997,1.1115053695102692,1.262115815297699,1.0977037947052002,1.0,13.825155515869142,78.93582800537109,24.114698591064453,3.595043287191772,1.073114797933197,1.0,3.113199450050354,1.0,1.3942914610504151,1.0,1.0,1.0,1.9670275214660644,1.0,1.4145769788627625,1.7312004618148804,1.0,23.167272397399902,1.0,1.0,1.0,1.0,1.0,1.0,1.0,3.1024790882568363,1.0,1.0,44.96524893463135,2.1866935122947693,4.284968221008301,3.350769543936157,1.8584918029205322,1.2629818328056337,1.2330240792015075,6.74502037487793,1.655305754679108,1.0,2.2343909691864017,2.1641762097579953,47.63046192199707,27.044634871826172,23.068909160461423,66.62112403979492,55.70929143444824,46.35196709716797,35.295528453491215,18.64856264312744,3.931727424572754,126.86607090576172,105.68424026733398,88.11817565625,52.067428694335945,16.345549182434084,3.287952535635376,40.57155106567383,43.35550481689453,4.82361325315857,36.0183010078125,15.745435563598633,62.21041289672851,64.69815642578125,20.20973507043457,1.0,300.26562640625,165.6159588696289,44.76365852746582,136.45239939941405,18.694920307006836,47.551588165283206,32.481181927612305,110.54691927734375,22.676850451660158,4.956294279666137,49.04805730981445,43.03523598815918,1.0,1.0,1.0,1.0,1.0,1.0,1.0,1.0,1.0,1.0,1.0,1.0,1.0
TEST_06+6일,2.3475034096359253,1.0,5.462369461087036,3.5093611362243653,1.0,1.1587401454162598,6.088524626251221,1.0,2.1674128167892457,1.0,1.0,1.0,1.0,1.0,1.0,1.0,5.200917098510742,1.0,1.0,5.736710767602538,8.639633873919678,1.0,1.0,1.0,7.334540184143066,13.147595315734863,4.694527636141968,42.003194244384765,8.129745143066406,3.568240942749023,4.52353400869751,3.311615585079956,2.8617531234771727,1.1595002456626893,1.0,1.9730874232940674,32.289442767822266,7.769495150299072,3.933937236968994,27.963852740478515,12.27606112902832,1.0,1.0,1.2719325176559448,1.0,1.7977145840682984,1.0,4.635480861920167,1.0,3.8266278308410646,23.207632951660155,1.0,7.748726845413208,1.0,2.613080871447754,1.210845381632538,1.0,1.135001053794861,1.0,1.0,14.911033755401611,4.8313233037109375,5.110018334564209,13.413740660980224,16.342744103881834,1.1962871639015198,1.0,2.125325743637085,2.712247383857727,1.0,3.083962215301514,2.7294091978424073,1.0283655812957764,1.0,2.7993922233276365,1.0,1.5465450917099,1.4819610446968077,1.0,3.0056190389022825,2.370164615322876,1.5411255113441469,1.4432973769882202,1.6715700838500978,2.387336632659912,2.1482374681015015,2.872534495158386,1.4599253493133544,2.7250032618804934,4.2270961935516365,51.94384211425781,1.2256569973373415,4.140105402496338,9.139254279602051,1.0,3.3246720835647583,1.0,1.0,9.094406209716798,4.482146727966309,1.568981007458496,1.2505717033546446,1.7806770389770508,1.0,22.677994914428712,48.69305053271484,25.214624379211426,4.55769609564209,1.7786643713211059,1.0,3.8618547745178224,1.0,1.4258012910514832,1.0,1.0,1.0956399011573792,2.232185178581238,1.2693324083900452,1.9787995563812255,1.6369070203369138,1.0,10.127087594451904,1.0,1.0,1.0,1.0,1.0,1.0,1.0,3.02066170680542,1.0,1.0,35.93033292816162,4.003019341152954,6.5383854051361086,6.2071950243927,2.590347787019348,2.8973107210479743,2.6238020545043943,10.271921142089845,2.393052444967651,1.6685092664886474,3.5903717201934815,3.141483883651733,57.49785821801758,46.29400438842774,27.523758901367188,77.49577807861328,64.5896913503418,60.52853575512695,42.909468112182616,33.40722445568848,5.838718949920654,158.19743136230468,133.89762075927734,121.00643137695312,59.655035228027344,19.673029943603517,2.9322943040466307,47.29578021838379,52.24713344311523,5.299831634368896,46.526462703125,21.247721623046875,76.41716530151368,74.7623978137207,26.792770222839355,1.0,443.5122206445312,278.3045805712891,66.46365631103515,229.16303375976563,33.3887994152832,69.68380994873047,61.829700520507814,160.74281405761718,30.821610456604002,8.290587357879637,83.94474038330078,66.24857478271485,1.0,1.0,1.0,1.0,1.0,1.0,1.0,1.0,1.0,1.0,1.0,1.0,1.0
TEST_06+7일,1.7219265100601198,1.0,7.988637922515869,2.7291488715896604,1.0,1.0,7.221760835540771,1.0,1.0,1.0,1.0,1.0,1.0,1.0,1.0,1.0,6.4167609005126955,1.0,1.0,5.15672209005127,8.172315647827148,1.0,1.0,1.0,8.958000914007568,6.010271918847656,1.0,12.989658793884278,12.774487168365479,4.414935610510254,4.263789399676513,4.2730034542099,4.171595107635498,1.5294341859359741,1.0,2.7071873555831907,42.96480555395508,11.704785595733641,5.985690611154174,34.66395750598144,16.13741450286865,1.0,1.0,1.7029590625473023,1.0,1.9327585502227784,1.0,6.2719673789062504,1.0,5.6122811942138675,35.66190878601074,1.504770778517151,9.68410581829834,1.0,4.149650349841309,1.0,1.246537144116211,2.06509297711792,1.0,1.0,23.235423093872072,6.235816670974732,5.127203128814697,16.87455750250244,9.992652816513061,1.4697225868362427,1.0424840688659667,1.9273444636444093,4.306815404937744,1.0,3.6361124009552004,3.814233017089844,1.529797182524872,1.0,3.9692633015136716,1.0,2.0285115950424193,1.8649159635925292,1.0,4.644655934265137,4.055693632653808,2.359993026863098,1.6849710810768128,1.7175095137275695,2.91488588147583,2.2584068629196166,4.486568139892578,1.8405021561035155,3.1438080016571046,4.950680488357544,1.4792051315307617,1.8716669730987547,5.4232808011169436,12.168001652526856,1.14156620158844,1.2742331032867433,1.0,1.0,7.0371934267272955,7.083679432940674,2.265928160336304,1.17892547371521,2.06802914309082,1.0,52.664683469238284,6.703968737548828,30.235817528076172,6.067264579779053,3.1937604068573,1.5611452423057557,5.4538507701660155,1.0,1.6984374427383422,1.0,1.0,1.385250676020813,2.8493051303192143,1.9383589808784485,3.0190951949523925,1.729930952723694,1.0,2.3374793101794435,1.0,1.0,1.0,1.0,1.0,1.0,1.0,1.0,1.0,1.0,18.037883745422363,6.168582194903564,7.607400462585449,9.630283033752441,3.9808009684814456,4.4442005075653075,3.6932643874710083,15.189530962158203,4.080869670373535,2.497814874681091,5.556958391418457,4.589961743405151,81.24552713623046,69.03663228393555,10.566770889343262,30.599250963012697,84.22069931152345,90.21219909912111,57.27246070336914,49.50440985375977,8.62938616809082,228.50273030517582,199.5212611767578,174.5296165673828,74.84365553710938,27.452899951232908,3.974047963378906,65.69689081420898,72.59985076416015,6.022464503100586,65.39430159057618,29.39136393713379,107.7218523388672,102.15956758666992,42.09363732080078,1.0,621.3417336621094,401.14307817382814,99.32047294262696,333.8942762451172,55.20594388220215,99.17281561523438,102.01672104858397,232.4261248486328,47.202010439453126,12.878028391174317,123.96043625976563,102.36373133666993,1.0,1.0,1.0,1.0,1.0,1.0,1.0,1.0,1.0,1.0,1.0,1.0,1.0
TEST_07+1일,1.0,1.0,4.7944369311981205,1.6971373322418213,1.0,1.0,1.0,1.0,1.4182071468177795,1.0,1.0,1.0,1.0,1.0,1.0,1.0,1.0,1.0,1.0,1.0,1.0,1.0,1.0,1.0,1.0,1.0,1.0,1.0523462295532227,4.067456466168213,2.6820989919677736,1.898752817855835,1.7748398783401491,1.3518193454437255,1.0,1.0,1.587226429750824,24.494215222961426,2.0058780770996094,1.141381777524185,18.334040195007326,8.474794358520509,1.0,1.0,1.0,1.0,1.1650878301895142,1.0,3.755894890625,1.0,3.2164705795837403,10.608733305755615,1.0,4.652859505828857,1.0,1.9647026203536986,1.0,1.0,1.0,1.0,1.0,9.33458095614624,5.268243913710021,3.8204025001922606,6.98181571484375,3.495160105773926,1.0,1.0,1.0,1.0,1.0,1.0,1.0,1.0,1.0,1.0,1.0,1.0,1.0,1.0,1.0,1.0,1.0,1.0,1.0,1.0,1.0,1.0,1.0,1.0,1.0,1.0260311811035157,1.297706611376953,3.0788470287536622,7.499322179760743,1.0141762214559555,1.0,1.0,1.0,3.8599571787109377,4.873837222116089,1.209819512646675,1.0,1.4097904358032225,1.0,52.76274677807616,5.900492721313476,15.09518335723877,3.277595620111084,1.76071424526062,1.0,3.3815084794578554,1.0,1.027810272108078,1.2347669461555482,1.0,1.0,1.4807890531654357,1.0,1.172268289664078,1.0,1.0687097751281738,1.0,1.0,1.0,1.0,1.0,1.0,1.0,1.0,1.0,1.0,1.0,1.9901241,2.6927733508239746,1.2727586598968506,1.779032096534729,1.0,1.0,1.0,4.125657461784362,1.374273524471283,1.0,1.2785561887317658,1.0,8.253784898742676,10.292498523803712,3.251451947998047,6.57162475,8.124755688476561,6.950850379577637,3.9067151735961914,3.982190602923584,1.0,16.817729145507812,13.794823593505859,17.48248101660156,10.54841482788086,4.6613117739562995,1.0,4.968878804260254,7.636123020507813,1.0,4.872365590759277,3.0327470491149904,10.623143995605469,6.324663944610596,3.5845663551849367,1.0,45.34592459545898,33.48491384155274,10.796959160766601,25.539114150146485,5.683207667602539,9.069163786743164,11.367437462768555,23.29653931298828,4.396210517028809,1.7215495305358888,10.177477162597656,10.710474947631836,1.0,1.0,1.0,1.0,1.0,1.0,1.0,1.1852776742363278,1.0,1.0,1.0,1.0,1.0
TEST_07+2일,1.0,1.0,1.0,1.0,1.0,1.0,1.4555816074951173,1.0,1.0,1.0,1.0,1.0,1.0,1.0,1.0,1.0,1.4642914463256838,1.0,1.0,2.997684486083984,1.4348374399536132,1.0,1.0,1.0,3.4089305208068845,2.5136982664331056,1.0,3.371531496435547,1.0,1.0,1.0,1.0,1.0,1.0,1.0,1.0,3.0631812834960934,1.2651365309890747,1.0,3.2841600017089845,1.2380239,1.0,1.0,1.0,1.0,1.0,1.0,1.0,1.0,1.0,2.37106402444458,1.0,1.6866623250579833,1.0,1.0,1.0,1.0,1.0,1.0,1.0,1.178861565661621,2.6953656531356813,1.299366531878662,1.874129498944092,1.14514867293396,1.0,1.0,1.0,1.0,1.0,1.0,1.0,1.0,1.0,1.0,1.0,1.0,1.0,1.0,1.0,1.0,1.0,1.0,1.0,1.0,1.0,1.0,1.0,1.0,1.0,2.609586796936035,1.0,1.0,1.0,1.0,1.0,1.0,1.0,1.9385337314208986,1.0,1.0,1.0,1.0,1.0,6.027207626586915,6.471667983666992,3.9398343442810058,1.0,1.0,1.0,1.1876827720619203,1.0,1.0,1.0,1.0,1.0,1.0,1.0,1.0,1.0,1.0,1.0,1.0,1.0,1.0,1.0,1.0,1.0,1.0,1.0,1.0,1.0,3.520147935089111,1.0,1.0,1.0,1.0,1.0,1.0,1.0,1.0,1.0,1.0,1.0,2.214097997839356,1.0,2.1538496229248048,12.88897146057129,2.1988016532958983,2.5824437888183596,1.0,1.3390256910754395,1.0,5.964345208911133,3.2673907297973632,3.632730540893555,3.700812684350586,1.2814667772766113,1.0,1.0,2.4828904856811524,1.0,1.6430875063232422,1.1993845897705078,3.1715274556274413,1.7460564602539062,1.0,1.0,13.50639508569336,10.983963867675781,4.188099448181152,5.937942171679689,2.8070224891357425,2.655924944580078,2.9233515255371088,10.514303715332032,1.6030741778869628,1.0,3.5343845689208986,4.19738600291748,1.0,1.0,1.0,1.0,1.0,1.0,1.0,1.2054273616796876,1.0,1.0,1.0,1.0,1.0
TEST_07+3일,1.0,6.09194356083374,2.04970979221344,1.630761263448334,1.0,1.0,2.9211176505975343,1.0,1.0,1.0,1.0,1.0,1.0,1.0,1.0,1.0,7.839695150592041,1.0,1.0,8.879165101452635,3.36814620324707,1.0,1.0,1.0,1.0,1.0,1.8894842863082886,20.268950721777344,1.1152578356536864,1.0,1.0,1.0,1.0,1.0,1.0,1.0,5.402503058166504,1.5484669794075012,1.0,5.182895398071289,1.0585657607910155,1.0,1.0,1.0,1.0,1.0,1.0,1.0839733050781248,1.0,1.0332572602607728,3.53793429486084,1.0,2.3470281117034912,1.0,1.0,1.0,1.0,1.0,1.0,1.0,2.350163106878662,2.9768144070770264,1.4282776695007324,2.2605079531616212,1.2153300715972901,1.0,1.0,1.0,1.0,1.0,1.0,1.0,1.0,1.0,1.0,1.0,1.0,1.0,1.0,1.0,1.0,1.0,1.0,1.0,1.0,1.0,1.0,1.0,1.0,1.0,9.118461373937988,1.0,1.169921761328125,2.2922517131256104,1.0,1.0,1.0,1.0,2.117989728637695,1.3576803754165652,1.0,1.0,1.3197199988342285,1.0,4.279191276171875,12.932177392211914,5.0385940519104,1.282772427445221,1.0,1.0,2.3272665795684815,1.0,1.0,1.0,1.0,1.0,1.0,1.0,1.0,1.0,1.0,3.530800150531006,1.0,1.0,1.0,1.0,1.0,1.0,1.0,1.0,1.0,1.0,3.125007999835205,1.0,1.0559585107437133,1.0,1.0,1.0,1.0,1.8896731681335448,1.0,1.0,1.0,1.0,3.835832419372559,3.162468312286377,18.732713109313966,25.060159770141603,4.87042712220459,3.4302537627502443,1.5503661053527833,2.3568641328979494,1.0,7.837776789428711,6.894402991210938,8.801970246032715,5.408639872070312,1.6402273135009766,1.4665786041809081,1.0,4.761687115966797,1.0,2.7447584632995605,1.5580217808227539,5.654594179260254,2.1161709890502927,1.1579407616973878,1.0,23.166578285888672,18.949172689208986,7.003159548095703,11.700269826660156,3.824505557312012,3.8443496937866213,4.809860444458008,14.824602218261719,2.2589504759887697,1.0,5.213570815307618,5.682060468518067,1.0,1.0,1.0,1.0,1.0,1.0,1.0,1.756337720796875,1.0,1.0,1.0,1.0,1.0
TEST_07+4일,1.0,7.582876599853516,1.7047960068237304,1.2914705496932983,1.0,1.0,3.276316809210205,1.0,1.0,1.0,1.0,1.0,1.0,1.0,1.0,1.0,8.304714924255371,1.0,1.0,11.809093972021484,3.5886193678894043,1.0,1.0,1.0,2.803757316482544,2.8465750171188358,1.249316930770874,18.907380109509276,1.0,1.0,1.0,1.0,1.0,1.0,1.0,1.0,5.0949509108520505,1.4086526780685424,1.0,5.1379773033447265,1.0,1.0,1.0,1.0,1.0,1.0,1.0,1.0375730281791689,1.0,1.0,3.2700881073303223,1.0,2.1888320381408692,1.0,1.0,1.0,1.0,1.0,1.0,1.0,2.4611717400787354,2.6278059288726805,1.0,2.2027856858642583,1.0252207408111573,1.0,1.0,1.0,1.0,1.0,1.0,1.0,1.0,1.0,1.0,1.0,1.0,1.0,1.0,1.0,1.0,1.0,1.0,1.0,1.0,1.0,1.0,1.0,1.0,1.0,8.434942590515135,1.0,1.0709433925445557,2.352628486605835,1.0,1.0,1.0,1.0,2.594067947167969,1.3549095384414673,1.0,1.0,1.2941006734313965,1.0,4.568513266064453,15.68875839215088,4.705213771801758,1.2328800987846373,1.0,1.0,1.9856117864364624,1.0,1.0,1.0,1.0,1.0,1.0,1.0,1.0,1.0,1.0,4.346819689002685,1.0,1.0,1.0,1.0,1.0,1.0,1.0,1.0,1.0,1.0,8.278782984136964,1.0,1.0,1.0,1.0,1.0,1.0,1.5976531911132814,1.0,1.0,1.0,1.0,3.3553330932983405,3.409427523803711,12.906777126062012,16.17634930786133,5.767413609130859,4.152821287908935,2.313598608996582,2.1760616349853517,1.0,6.526201901611328,4.006693617980957,9.936111230773927,6.822265143371582,2.4239729789489743,3.4226109679833985,1.7550100300598144,4.888496627648926,1.0,2.843906747064209,1.6360117348937988,6.9133097993774415,2.920300251281738,1.3224948899536133,1.0,21.188129049072266,16.623204020019532,6.732656405578613,10.689446454589843,3.6283543151123046,3.8660183098754883,5.426794811645507,11.902770771484375,2.3846262525878905,1.1913220535583497,5.904371921752929,6.026254767150879,1.0,1.0,1.0,1.0,1.0,1.0,1.0,1.0938377380371094,1.0,1.0,1.0,1.0,1.0
TEST_07+5일,1.0,21.43330149108887,2.2239010939025876,1.4887337621040344,1.0,1.0,8.983832167785643,1.0,1.0,1.0,1.0,1.0,1.0,1.0,1.0,1.0,20.533837473205566,1.0,1.0,32.35096821228027,8.785715799194335,1.0,1.0,1.0,17.073072024780274,15.254420759765626,4.614504217736816,28.437407481933594,1.3520551964508056,1.0,1.0,1.0,1.0,1.0,1.0,1.0,7.984903061950684,2.0857274778900146,1.058624163798523,7.333324724426269,1.3663642112121581,1.0,1.0,1.0,1.0,1.2953266905326846,1.0,1.1412270735580443,1.0,1.0834756732696533,4.383825259002686,1.0,2.4898849798217775,1.0,1.0,1.0,1.0,1.0,1.0,1.0,2.8796062280700685,3.9485993357315063,1.2798848101074218,3.278020456237793,1.1824564574157714,1.0,1.0,1.0,1.0,1.0,1.0,1.0,1.0,1.0,1.0,1.0,1.0,1.0,1.0,1.0,1.0,1.0,1.0,1.0,1.0,1.0,1.0,1.0,1.0,1.0,24.78562626727295,1.0,1.1448192143959046,2.5238437837524414,1.0,1.0,1.0,1.0,5.620371680908203,1.2588997055770874,1.0,1.0,1.5997336900329588,1.0,4.883037331616211,29.98766506933594,4.970049477722168,1.314535490285492,1.0,1.0,2.4569845988578796,1.0,1.0,1.0,1.0,1.0,1.0,1.0,1.0,1.0,1.0,6.8274008263305666,1.0,1.0,1.0,1.0,1.0,1.0,1.0,1.4349261803240967,1.0,1.0,16.310950567749025,1.0,1.3066542377658843,1.0713189065345765,1.0,1.0,1.0,2.310214384088135,1.0,1.0,1.0,1.0,6.009889064636231,7.069373441894531,38.66723902148438,47.460735467407225,8.057498803894042,5.497174528930664,4.571461177124023,3.4864723906921387,1.0,14.000085069946289,11.974543066101074,15.657989977722169,9.661547612426759,3.7427682411193848,4.419819674401856,3.8714677323913573,7.758405337890625,1.3103852471969604,4.380518912261962,2.6209747661987306,12.140281566955567,6.04572660446167,2.341979646392822,1.0,38.193798156982425,26.32335484716797,11.055043096374511,21.686244826904296,5.537696113580322,9.108148266601562,7.643999566650391,21.950914160888672,3.857251402008057,1.6720113509490966,8.447623029418946,8.616613379699707,1.0,1.0,1.0,1.0,1.0,1.0,1.0,1.0,1.0,1.0,1.0,1.0,1.0
TEST_07+6일,1.0,20.33269120107422,5.277222254638672,3.7784643182220456,1.0,1.0,8.146894443798828,1.0,1.0,1.0,1.0,1.0,1.0,1.0,1.0,1.0,20.179697360107422,1.0,1.085238337272644,27.039639560546874,8.874145509741211,1.0,1.0,1.0,7.967824433486938,7.450950765930176,5.335112152862549,31.63784327746582,1.7181816,1.0,1.0,1.4315127672256471,1.0,1.031448638066101,1.0,1.0160622229816436,13.965191780395507,2.569832692910767,1.0891479475482941,13.799586145019532,2.70008685,1.0,1.0,1.0,1.0,1.6483534727897644,1.0,1.6488035934677123,1.0,2.4629562909500122,6.187281018127441,1.0,3.1726093532409667,1.0,1.0,1.0,1.0,1.0,1.0,1.0,4.464847979278565,4.611981668777466,2.01395332220459,4.6100309040893555,1.676152868887329,1.0,1.0,1.0,1.146668717140198,1.0,1.0,1.0,1.0,1.0,1.0,1.0,1.0,1.0,1.0,1.0,1.0,1.0,1.0,1.0,1.0,1.0,1.0,1.0,1.0,1.0,22.32093042553711,1.0,2.054301675443268,5.3867669135345455,1.2030010710353851,1.0,1.0,1.0,5.321948715637207,2.6718008689865114,1.7534494980766295,1.0,2.394579089175415,1.0,7.301787,15.945153752441406,7.205226774871826,2.8339065172668456,1.0992086511611938,1.0,4.701243509623718,1.0,1.152979272756195,1.0,1.0,1.0,1.0,1.0,1.1662958100833891,1.074362682044983,1.0,8.618666991723632,1.0,1.0,1.0,1.0,1.0,1.0,1.0,1.0205636529319764,1.0,1.0,14.921252014416504,2.8808554022598267,2.165038998888397,2.0016314976501466,1.957300290083313,1.0946532534858704,1.0,4.847409361953735,1.3030811352790832,1.146850154649353,1.4914839074928283,1.9240590462112426,6.724906463684082,7.905362494323731,48.66377560864258,44.723636485717776,9.10418543914795,6.864722512420654,5.417172834716797,3.5156455181518553,1.0,15.78473042602539,12.613420560180664,19.190036897338867,10.865117314086914,4.393656894775391,7.9443859744628895,4.295780722839355,7.769257111083984,1.0,5.027744538635254,2.8376234806518554,10.811686537963867,6.61579584173584,3.099901194769287,1.0,41.26255138549805,29.414533595214845,10.504950467163086,24.91944868774414,5.758910943359375,9.066862602539063,10.720454099731445,20.992425321655272,4.400630785522461,1.9340064366912841,8.496318138183595,8.02898750152588,1.0,1.0,1.0,1.0,1.0,1.0,1.0,1.0,1.0,1.0,1.0,1.0,1.0
TEST_07+7일,1.1587454113616944,1.0,8.379898633010864,4.185358033761597,1.0,1.0,1.0,1.0,1.5279062845077513,1.0,1.0,1.0,1.0,1.0,1.0,1.0,1.0,1.0312322854011535,1.0,1.0,1.0,1.0,1.0,1.0,1.0,1.0,1.0,5.44365620456543,3.829541924884033,2.1246882768234254,1.3706730509521485,2.6274262791687013,1.4649927728042602,1.298904025694275,1.0,2.052609181929016,31.894772745544433,2.7909655363967896,1.4151335757736205,25.626103339660645,7.114285907958984,1.1036563334949494,1.0,1.0,1.0,1.6457791513519286,1.0,3.869210612908936,1.0,4.897780508331299,12.450009337890625,1.0,5.206605801124573,1.0,1.5884596884178162,1.0,1.0,1.0,1.0,1.0,10.993731489349365,5.80416833719635,4.260782945556641,8.489620794387818,3.6549281001098635,1.0,1.0,1.0,1.9050235170974732,1.0,1.0,1.2254434091434478,1.0,1.0,1.0,1.0,1.0,1.0,1.0,1.1450157795188902,1.0,1.0,1.0,1.0,1.0,1.0,1.0,1.0,1.0,1.7926480668411255,1.2608785819091797,1.6334121957870484,4.148394648429871,11.43992174737549,1.6406487848121643,1.0,1.0,1.0,4.629876594787598,6.250485659210205,2.756216904901123,1.211341191772461,2.0418694984802244,1.0,41.79642907592773,4.8577165,15.052918414428712,5.510955581634521,2.3919552711883547,1.0,6.64466398034668,1.0,1.9510910745010377,1.5831160898208618,1.0,1.0,1.6016079824523926,1.3763052254341126,1.696168462523651,1.6966128712631225,1.5893388801651,1.0,1.0,1.0,1.0,1.0,1.0,1.0,1.0,1.0,1.0,1.0,1.5754664,4.84585247984314,2.366740284236908,3.1966767192764283,2.457562201919556,1.7521437634643555,1.5020148186691284,7.797308712524414,1.9444771542640686,1.553036252559662,2.350538442006683,2.1490474760406495,11.569408034362793,13.42255392578125,7.880064810913086,10.227372982055664,12.946041235656738,9.68314156817627,7.022350224182129,5.291875255584717,1.0,23.35163295288086,21.867215289001464,29.693281923828124,14.498941432556153,6.533658058685303,1.0,6.903214933685303,10.876799406188965,1.0,6.752536463348389,3.847396628894043,14.578392435913086,9.373196245758056,6.163740428321838,1.0,68.67422871142578,51.0078100402832,14.861622028625488,39.96732337207031,7.05041188104248,13.155567144348144,16.782362123291016,31.169303777954102,5.926875110107422,2.3615004767303467,13.014535924316407,13.111729447631836,1.0,1.0,1.0,1.0,1.0,1.0,1.0,1.0,1.0,1.0,1.0,1.0,1.0
TEST_08+1일,1.894008654220581,1.0,4.9602303986969,3.411918927650452,1.0,1.0,2.28045744241333,1.0,1.3960282794021608,1.0,1.8496185093582156,1.0,1.0,1.0,1.0,1.0,2.6608360253271486,1.0,1.0,4.856451928405762,2.0409483359191896,1.112234204551239,1.0,1.0,1.7299766079833985,1.0,1.0,4.874970800390625,14.469813161560058,1.887322186138916,3.062013383694458,2.8389907678070068,1.0,1.0,1.0,5.185605241088867,23.323284208618162,1.0,2.476395963787842,17.479803159729002,14.381517722229004,1.0515728683029175,3.0544334879608153,1.0,1.0,1.9966411367301942,1.0,1.8500317698196411,1.0,1.8136792834159852,8.011105742340089,1.176441788142395,3.9991629935073854,1.0,3.062357529800415,1.0,1.201580570301819,1.1984583769943238,1.0,1.0,5.260685429702759,12.023410838409424,15.185258006103517,7.260649732254029,18.37638598950195,1.0,1.0,1.4737619579956056,3.408070673384094,1.0,1.3528978322128296,1.774047993056488,1.3025558548980714,1.0,3.6193825202026364,1.0,1.0,1.7647315344665524,1.0,1.6516533907737732,1.0,1.0,1.0389848902870178,1.8875319154815675,1.3083891060638426,1.0,2.382676698510742,1.0571110334709166,2.903799539070129,3.0852661285720826,1.0,1.2317846168884277,2.1176883081321716,3.4023432886169434,1.0,1.0,1.0,1.0,10.530277558227539,3.419474692276001,2.0905650190299987,1.0,3.5010347349243167,1.0,143.90765136230465,6.545898305297851,32.01702428637696,1.8410441821350099,1.329317217719269,1.0,1.5353783947631836,1.0,1.0,1.0,1.0,1.015134460207367,1.0,1.0,1.3886685393005371,1.1361997699836732,1.0,1.0,1.0,1.0,1.0,1.0,1.0,1.0,1.0,1.0,1.0,1.0,1.0,1.0,1.0340597403522491,1.0718855,1.0,1.0,1.0,1.413162593862915,1.0,1.0,1.0,1.0,2.308197932873535,1.0,12.297542607177734,10.50169021862793,5.3954140845947265,1.0,3.166835630554199,1.0,1.0,8.852880254296874,1.0,1.0,12.981131716003418,2.7196067604583742,13.221740954910278,1.0,5.29100419699707,1.0,5.424234399841309,2.489878167440796,4.345844868432617,1.0,1.0,3.6015519932769777,4.830918331689453,4.130178869091797,1.0,2.8943605431640624,1.0,2.147749836743164,5.152897480981445,7.3425772021972655,1.0,1.0,1.368782875625,1.9364620955932619,28.143810130371094,15.504999942382813,38.976959093505855,6.557703633422852,16.26898424435425,26.021798982055664,13.305682910308839,245.1726476171875,39.0040137109375,73.52943226904297,50.15530947338867,10.514921673278808,57.48294063867188
TEST_08+2일,1.0,4.520902940979004,1.0,1.0,1.0,1.0,3.569744327615356,1.0,1.0,1.0,1.0,1.0,1.0,1.0,1.0,1.0,21.49091604602051,1.0,1.0,11.973662396679686,3.8029431996154788,1.0,1.0,1.0,3.4356298446655273,2.39334511756897,1.0,17.01347849552002,3.1328149797668456,1.0,1.0,1.0,1.0,1.0,1.0,1.0,6.100393175048828,1.0,1.0,5.248180652209473,4.018926627844238,1.0,1.3114143458633423,1.0,1.0,1.0,1.0,1.3681665590812684,1.0,1.0,4.377116436187745,1.0,2.6605655177215577,1.0,1.0,1.0,1.0,1.0,1.0,1.0,1.0,2.5247235145950317,5.413564697897339,3.9289764474182127,2.957606054785156,1.0,1.0,1.0,1.1599566560791017,1.0,1.0,1.0,1.0,1.0,1.0,1.0,1.0,1.0,1.0,1.0,1.0,1.0,1.0,1.0,1.0,1.0,1.0,1.0,1.0,1.62325240627594,1.5574058118530274,1.0,1.0,1.0,1.0,1.0,1.0,1.0,10.241050962951661,1.0,1.0,1.0,1.0334119701538085,1.0,2.937824,45.55772413793945,4.8701357657897955,1.0,1.0,1.0,1.0,1.0,1.0,1.0,1.0,1.0,1.0,1.0,1.0,1.0,1.0,6.885351044042968,1.0,1.0,1.0,1.0,1.0,1.0,1.0,1.0,1.0,1.0,13.397689961364746,1.0,1.0,1.0,1.0,1.0,1.0,1.0,1.0,1.0,1.0,1.0,1.104747445402832,1.0,33.86284932556153,25.28916185070801,2.9695938614746096,1.0,1.0,1.0,1.0,4.768264635791016,1.0,1.0,9.537635578125,1.0,51.74098900054932,1.0,1.2860785821533203,1.0,1.431663013635254,1.0,1.5097279550048828,1.0,1.0,1.4988692770126342,1.5951643827050779,1.2300071716308594,1.0,1.0,1.0,1.0,1.0,1.0,1.0,1.0,1.0,1.0,9.925564469604492,7.720536753692627,14.170260181640625,4.614341801055908,11.581858008239745,9.277381071472167,6.418703246520996,55.02912137573242,15.146941112487793,18.97184,35.75612888000489,8.925673659729004,14.418815851745606
TEST_08+3일,1.0,2.495419498425293,1.8436518339691161,1.0,1.0,1.0,4.181475650650024,1.0,1.5237571003097534,1.0,1.0,1.0,1.0,1.0,1.0,1.0,5.026225280395508,1.0,1.0,17.604944982482913,4.37050868675232,1.0,1.0,1.0,4.010810585968017,6.69970289979248,1.0,29.438910568359375,6.256439976898193,1.2274263386901856,1.397745739364624,1.2314262912384033,1.0,1.0,1.0,1.4741131852035523,8.1576222890625,1.0,1.2294005831195831,6.9034859753417965,5.915238598489379,1.0,1.587772307368469,1.0,1.0,1.0,1.0,1.9526357918395996,1.0,1.0,4.408182143682861,1.0,2.9988140074920655,1.0,1.7253627621955872,1.0,1.3543012263008118,1.0,1.0,1.0,1.0,2.307689409638977,6.737413151300049,4.204688569473267,3.0910417894439695,1.0,1.0,1.0,2.106409793231201,1.0,1.0871326132720949,1.0,1.0,1.0,1.7919775197525025,1.0,1.0,1.0870661327850342,1.0,1.214853858908844,1.0,1.0,1.0,1.0,1.0,1.0,1.9486084484863282,1.0,1.5050923887039185,2.088364497863769,1.0,1.0,1.0099313713256834,1.2717782485534668,1.0,1.0,1.0,1.0,9.846693937072754,1.187155013015747,1.352471975257492,1.0,1.1281115184997557,1.0,1.38765075,34.92371722106934,2.9413597681030272,1.0,1.0,1.0,1.0,1.0,1.0,1.0,1.0,1.0,1.0,1.0,1.0,1.0,1.0,2.9111123,1.0,1.0,1.0,1.0,1.0,1.0,1.0,1.0,1.0,1.0,6.264993120666504,1.0,1.0,1.0,1.0,1.0,1.0,1.0,1.0,1.0,1.0,1.0,1.3160065295166015,1.0,50.22061246398926,66.86451916674804,3.390543191040039,1.0,1.1625297060424806,1.0,1.0,4.888292765039063,1.0,1.0,9.631736943176271,1.0,43.54706061157226,1.0,1.4857236955932618,1.0,1.6174891476074218,1.0,1.68922309263916,1.0,1.0,2.1991577375808715,1.0,1.0,1.0,1.0,1.0,1.0,1.0,1.0,1.0,1.0,1.0,1.0,25.58589848120117,13.76965744378662,28.629201065429683,6.392011006347657,17.94396563964844,21.483814170532227,12.532675395690918,175.31386344726565,36.96025856628418,57.3121799798584,83.28769689501954,16.75848858911133,41.75854276489258
TEST_08+4일,1.0,24.930190374267582,1.49924619249115,1.0,1.0,1.0,9.709542746643066,1.0,1.0957908711128235,1.0,1.0,1.0,1.0,1.0,1.0,1.0,33.59066093115234,1.0,1.0,32.59658335888672,10.24982619666748,1.0,1.0,1.0,4.970110609714356,3.4663025451385496,1.0,12.20659835131836,6.1768401616516115,1.0,1.1028856233955384,1.0885875859802248,1.0,1.0,1.0,1.0877887140251161,9.294322159484864,1.0,1.0328214215126037,7.698626324890137,5.32106352494812,1.0,1.4020472046340942,1.0,1.0,1.0,1.0,1.7655489865783691,1.0,1.0,4.858424365386963,1.0,2.8663432645812987,1.0,1.7230740119888306,1.0,1.1077128010971071,1.0,1.0,1.0,1.1452301016540527,2.3684203604415894,6.990291425689698,4.759213133697511,3.302906633605957,1.0,1.0,1.0,1.960828904083252,1.0,1.0,1.0,1.0,1.0,1.153488324472046,1.0,1.0,1.0201534543910982,1.0,1.0,1.0,1.0,1.0,1.0,1.0,1.0,1.3094116546905519,1.0,1.1376764301689148,1.936407155296326,1.1445858193969727,1.0,1.0,1.2457927609710695,1.0,1.0,1.0,1.0,9.095729198883056,1.0,1.0,1.0,1.0,1.0,2.1461345,56.55366126367187,3.019386218811035,1.0,1.0,1.0,1.0,1.0,1.0,1.0,1.0,1.0,1.0,1.0,1.0,1.0,1.0,16.225965382446287,1.0,1.0,1.0,1.0,1.0,1.0,1.0,1.0,1.0,1.0,27.51996334423828,1.0,1.0,1.0,1.0,1.0,1.0,1.0,1.0,1.0,1.0,1.0,1.3287881041577148,1.0,55.307449152832035,104.79147929833985,3.2257035848388673,1.0,1.3687902806030274,1.0,1.0,4.500828655273438,1.0,1.0,9.29155275402832,1.0,76.32877631591796,1.0,1.7170139335083008,1.0,1.7762439593811035,1.0,1.845463119812012,1.0,1.0,1.8699037735366821,1.0,1.0,1.0,1.0,1.0,1.0,1.0,1.0,1.0,1.0,1.0,1.0,23.133075323547363,12.534894037445067,26.04375095703125,5.626388322070312,16.452669620422363,20.250835576782226,10.55403061203003,151.49053890380858,31.897586988891604,34.56651086547852,99.3980117553711,21.603461732299806,31.27229097595215
TEST_08+5일,1.0,48.585561934570315,2.0452544914001463,1.0,1.0,1.8547315605895998,19.742091178710936,1.0,2.524144111103821,1.0,1.0,1.0,1.0,1.0,1.0,1.0,91.62896766845702,1.0,1.0,76.1451549855957,20.930420433654785,1.0,1.0,1.0,14.1341341517334,18.274943542053222,2.086792729066467,77.2968980102539,7.471569827636719,1.1640314073593139,1.5772520860961914,1.32727646199646,1.0,1.0,1.0,1.0765584288314818,10.691897721496582,1.0,1.1890214573486328,8.755421596923828,5.059903371160889,1.0,1.6858954055847168,1.0,1.0,1.0,1.0,2.04306841124115,1.0,1.0287470199279785,5.114812338867187,1.0,3.4695215452026362,1.0,2.069294404584503,1.0,1.5444878994270326,1.0,1.0,1.0,1.6034461408874512,1.8343377356018067,6.500104422766113,4.65691008277893,2.5764832431701663,1.0,1.0,1.2767124618316652,2.6441520604995725,1.0,1.4670858509399414,1.0,1.0,1.0,2.3094422288726806,1.0,1.0,1.513979234815979,1.0,1.6344465648262023,1.0,1.0,1.0,1.2107692570594788,1.0,1.7534363072120667,2.2364904066848754,1.0,1.6510768396774291,2.0910465559951783,9.117263963928224,1.0,1.0,1.7882739132904053,1.0,1.8031273845718383,1.0,1.0,10.546218827636718,1.0,1.5164983336074829,1.0,1.0,1.0,3.813614,96.56760005175781,1.7247270326171875,1.0,1.0,1.0,1.0,1.0,1.0,1.0,1.0,1.0,1.0,1.0,1.11420043752861,1.0,1.0,46.354277438476565,1.1684852277366637,1.0,1.0,1.3521678064910887,1.0,1.0,1.3813800912910463,1.0,1.1795456144454957,1.0,69.5236398762207,1.0,1.0,1.0,1.0,1.0,1.0,1.0,1.0,1.0,1.0,1.0,2.271948197692871,1.0,147.23670967529296,93.23289875,3.5313109356567383,1.0,1.4921532180541992,1.0,1.0,5.1228698650634765,1.0,1.0,9.888547071533203,1.0,133.62936510742188,1.0,1.9717296732055662,1.0,1.936190843560791,1.0,2.1800465474121093,1.0,1.0,2.5071654081726074,1.0,1.0,1.0,1.0,1.0,1.0,1.1003125697998049,1.0508276864990234,1.0,1.0,1.0,1.0,29.15085489086914,18.108145436706543,34.11236646362305,10.009401211120608,24.0077993850708,31.34740264978027,14.703885621948242,202.8800981640625,61.60178181225586,47.92565867980957,156.33747012939455,34.97591509387207,55.293603876708985
TEST_08+6일,4.351899874227906,22.368802452636718,5.569345607757569,4.116868043066406,1.1164376859710692,3.494777106124878,14.182879759887696,1.0,4.619561838668824,1.0,1.6199513629760742,1.0,1.0,1.0,1.0,1.0,43.60088646655274,1.0,1.0,68.33850504516602,13.756329128234864,1.2431361840553283,1.0,1.0,13.637136959326172,17.123319186157225,9.296191200268554,84.11053300097656,10.730139606170654,3.1103182967163088,3.0198909069854736,3.7279403046707156,1.4729363094177246,1.0,1.0,1.9991524833091736,32.232178208618166,1.0,1.8786419850097655,27.27180186395264,13.22641107397461,1.5098120413269043,3.296692964199829,1.298734337130127,1.0,1.4275413718093872,1.0,3.022336001596069,1.0,1.9503891279586791,7.927453288848877,1.0,7.080792414672851,1.4841468320983886,3.7983435627319335,1.3725714453674316,2.810267459854126,1.0,1.4402661699790955,1.0,6.118146822525024,2.6062161997833253,8.69565750805664,8.04152464029541,3.7690584574890136,1.0,1.0,1.9628587814224243,3.5323439690399168,1.0,1.649187343699646,1.4087037388549803,1.0,1.4472345857124327,3.3912774396575927,1.0,1.3559642413925173,1.671817406388855,1.0,2.7454869725021362,1.0,1.2282287372650147,1.0,2.428777204899597,1.2223081180126192,3.0195183940856936,2.421598327282715,1.0,2.099011759461975,4.382912394088745,14.483072710266114,1.3558903999343872,3.456033335159302,7.328819538955688,1.0,2.271029649435425,1.0,1.0,13.412871773010254,5.529583234930421,2.969219525291443,1.0,1.5260094163787843,1.0,14.931946,66.10400398046875,4.04611258215332,2.101845994462585,1.7637712872650146,1.2090521720657348,3.0491870762557984,1.4655982782585144,1.0,1.3333326708267212,1.0,1.0,1.0,1.2421191715530395,2.577598936090088,1.7391663575027465,1.0,21.130156458496096,1.0,1.0,1.0,1.0,1.0,1.0,1.0,1.0218494661102295,1.0,1.0,23.952989379333495,3.0881094933120723,1.8527543463439944,4.217561726315308,1.874378978164673,1.0,1.4846877347480774,5.778062089135743,1.0,1.087982757787323,2.8981312954330445,1.066410103919983,3.663951323547363,1.0,190.88351996093752,92.21406560302734,5.1322653136718746,1.0,2.9571875399169922,1.0,1.0,7.835512196899414,1.0,1.0,13.62540581765747,1.7802522566345216,73.61937145568848,1.0,3.6501563927001954,1.0,3.476633046984863,1.0985280422485353,3.521494730822754,1.0,1.0,6.442836689041138,2.4208145977539064,2.264490312451172,1.0,1.9310577342773438,1.0,1.2923377287231446,3.497566578564453,3.621740577026367,1.0,1.0,1.0,1.0146092988403321,47.818562263305665,31.476185560058596,51.97234078125,21.147006686523437,43.04384806298828,52.63629456298828,28.73933790185547,243.4283281933594,71.94364305297852,58.10330954296875,169.2159347241211,36.452511956054686,65.37317077368164
TEST_08+7일,7.120697236090088,1.0,9.473561983886718,7.830409098205566,1.9131631370986941,1.942724350009155,3.5328681530975343,1.0,3.136325856336975,1.0,2.851376675979614,1.0,1.0,1.0,1.0,1.0,2.503816604614258,1.4144961589492797,1.0,5.488072379614258,3.341959137802124,2.24235916181488,1.0,1.0,3.7382304486755373,2.3998147257385254,7.5240555030761715,17.034452573608398,17.337822700317382,4.75080646237793,4.212681515438843,6.487278475875854,2.375841060371399,1.359522009576416,1.0,4.810070892024231,56.75790012207032,1.0,3.3985908093338013,43.79275906213379,24.603528017700196,2.469341606262207,3.6818165881607055,1.0,1.0,3.5892345829437255,1.0759612827384948,3.0291948127944943,1.0,3.488856316732788,11.405165424377442,1.6692898510955811,7.320941200238037,1.0934324876487733,5.707749133392333,1.9368334968093872,3.1113612715881347,2.6656738594055174,1.9103630127182005,1.0,11.504687628967286,8.862312079193115,17.328689874084475,10.191353343444824,12.379274065368651,1.2121925899139403,1.0,2.173409700035095,4.834112005432129,1.0,2.1480827923683163,2.7390795970993045,1.2665209210365296,1.5610534660675048,4.986893944122315,1.0,1.225600788471222,2.277823353321075,1.0,3.5481065438827515,1.0,1.5605848549514771,1.4702708617034912,3.7114239843063355,2.308100963786316,1.296952186986542,2.5513907526779174,1.5569758903427124,3.2746410485839843,5.517020419418335,1.0,2.6110711852645876,5.662208060314942,11.702083351440429,1.0,1.0880259665466308,1.0,1.0,10.425047342590332,10.53460515637207,3.660115238519287,1.251673277217102,4.104121787174988,1.0,114.90202036132811,5.397898473999023,27.038628728393554,4.066622983752442,3.6223355715881347,1.850711504989624,4.84328412449646,1.5028372401977539,1.5348511160354614,2.8443366405563353,1.0,1.2821548609573363,1.3563130790127564,1.8212220696853638,3.3371187372772217,2.7396944957901,1.0,1.0,1.0,1.0,1.0,1.0,1.0,1.0,1.0,1.0,1.0,1.0,1.0139023941589356,4.761117267410278,3.956356631369019,5.923694116656494,2.464534498376465,1.2900554623718263,2.776186322520447,9.450822571411134,1.1516033516357422,2.1617530269470215,4.3875539542175295,2.6745337796936033,3.546325545617676,1.0,53.56581898876953,17.85920610498047,7.412024027490235,1.0,5.284171036315918,1.0,1.0,10.777123723876954,1.0,1.0,15.025021889770507,4.34173620166626,12.806691,1.0,7.039698466461182,1.0,7.084173206494141,3.0479561213867186,5.871376031054687,1.0,1.0,7.491756742614746,2.862525784179687,2.7247956840820313,1.0,2.069186145654297,1.0,2.405960317919922,7.09492501940918,8.567209008178711,1.1245318651123046,1.0855916763885498,1.0,1.7714207644409181,51.63885252441406,30.00148468798828,61.858114064941404,16.199245926269533,33.062101163940426,50.805582227783205,29.017302435791017,293.1974320703125,54.523901094482426,71.52120486022949,76.13349903564453,14.406098395385742,72.37649920361328
TEST_09+1일,7.275539396240234,1.3283929824829102,6.579874152297974,3.776043813056946,1.5375924915069579,2.436371465989685,1.0,1.0,3.2417996126205444,1.0554069943878175,1.0,1.0,1.0,2.4805099491119385,17.66726571911621,1.9261917623550415,1.0,1.0,1.6596976978607176,1.0,1.0,1.0,1.0,1.0,1.0,1.0,2.3996649362823486,4.007506810424805,11.96247570504761,5.124418495901489,3.4514056238723754,5.304058430938721,3.7264733403015136,1.6281487867401123,1.0,4.286145821066285,43.41172456359864,1.0,4.6671678580780025,29.053973363342287,18.21553316418457,2.4397583758026125,3.565215841984558,1.0,1.0,1.486710855607605,1.0,2.3872691506988524,1.0,1.7670694988632203,14.115949372436525,1.0497857848552705,6.887449987231445,1.0,5.149944682052612,1.0,5.9986824742126466,1.113684351109314,1.0,1.0,7.850498211334228,14.020790419189453,22.505483873840333,14.151955025268554,9.444030156005859,1.0,1.0,1.0,2.8424453780227656,1.0,1.6120919609222413,1.8847854005340576,1.1198472771095276,1.0,2.333468504727173,1.0,1.0,1.0,1.0,1.6422650222984314,1.0,1.0,2.0351155160110475,1.224951630221939,2.3212648482177736,3.8358258984497073,1.4083117847488404,1.0,1.856197818586731,2.062188364897156,1.7927935708496094,1.51075037290802,4.525744441268921,6.098106079772949,1.0,1.0,1.0,1.0,14.335700404541015,3.3429608464019775,2.0767406080551147,1.0256780536499024,4.02562977434082,1.1643487394676209,161.81463600585937,9.757920651367188,28.882152783935545,3.787527478225708,2.397080322668457,1.0,2.4607723226600644,1.3835800510116578,1.1611680976982117,1.3130286421592712,1.0,1.0,2.2583259208740234,1.4521656627944948,1.822412155267334,1.5106788119216918,1.0,1.7047841296691895,1.0,1.0,1.0,1.0,1.0,1.0,1.0,1.0,1.0,1.0,5.739978786212158,1.0,1.0,1.4644706007980346,1.0,1.0,1.0,1.2359673943405152,1.0,1.0,1.1097165177921295,1.0,9.628973390930176,1.0,9.086703758483885,7.4673325,11.284365837158203,1.0,7.4264578663696295,1.0,1.0,19.303909531616213,1.0,1.0,27.304428182006838,7.792253984570312,7.9172745,1.0,11.03557417590332,1.0,8.96044923791504,5.002324569329835,7.6324622654418945,1.0,1.0,10.912674903625488,3.5659706264648436,3.146210444384766,1.0,5.226656404296875,1.0,8.886263772888183,16.882746974121094,20.603724240478513,3.1014445794799803,3.06826388404541,1.7258789422851561,3.4230893717041018,31.377560748657224,17.634378555053715,35.89934542749023,8.167238711328125,17.56293945654297,24.99426761291504,12.126000608215332,163.5251160205078,42.93371775537109,68.85191172851563,83.85265497314452,22.72958961279297,54.49503439208985
TEST_09+2일,1.0,13.936125145751953,1.8544901607925415,1.0,1.0,1.0,4.763130754943848,1.0,1.0,1.0,1.0,1.0,1.0,1.0,1.33714735,1.0,9.931975852996827,1.0,1.0,5.023206730029297,4.498140069305419,1.0,1.0,1.0,1.0,3.3014800548553467,1.0,3.4586477279663086,2.7387816729400636,1.2415753532165528,1.0,1.2582542215850832,1.0,1.0,1.0,1.1123665447093964,10.807862171691895,1.0,1.0,8.785840658447267,3.8476770867004393,1.0,2.5526834522857667,1.0,1.0,1.0,1.0,1.4347283923469543,1.0,1.5158552343467713,6.214099875320434,1.0,5.732260228344726,1.0,1.0,1.0,1.8120516109687805,1.0,1.0,1.0,2.2370341928863526,3.8910949452148436,6.916060774780274,5.165876258169556,3.802540759991455,1.0,1.0,1.0,1.064764247205353,1.0,1.0,1.0,1.0,1.0,1.0,1.0,1.0,1.0,1.0,1.0,1.0,1.0,1.0,1.0,1.0,1.0,1.0,1.0,1.0,1.0,1.486842155456543,1.0,1.5312525624801636,1.836147948791504,1.0,1.0,1.0,1.0,9.555498975524902,1.0,1.0,1.0,1.0,1.0,4.0730605,18.083584543823243,3.541280609765625,1.0130570934448242,1.0,1.0,1.0,1.0,1.0,1.0,1.0,1.0,1.0,1.0,1.0,1.0,1.0,1.7847783121972656,1.0,1.0,1.0,1.0,1.0,1.0,1.0,1.0,1.0,1.0,3.3603323806396483,1.0,1.0,1.0,1.0,1.0,1.0,1.0,1.0,1.0,1.0,1.0,1.533107258935547,1.0,7.040653072875976,24.1354143203125,3.190774758239746,1.0,1.6046754920288087,1.0,1.0,5.243211028393555,1.0,1.0,9.94978208996582,1.0830509109375002,4.477815,1.0,1.5320211938476562,1.0,1.7857972178100585,1.1302278081481933,2.577012315148926,1.0,1.0,2.8910865859252928,1.0,1.0,1.0,1.0,1.0,1.0,1.0,1.9204845,1.0,1.0,1.0,1.0,7.606539407775879,4.919857274603272,8.555335854614258,1.709582807989502,6.286521653869629,4.995860575695801,2.8308219940917967,28.171152329589844,8.088754655822754,12.42027019998169,23.45261602081299,5.693250055892944,5.734417
TEST_09+3일,1.0,27.3584830703125,3.0072436084487917,1.0,1.0,1.0,8.913663595439454,1.0,1.0,1.0,1.0,1.0,1.0,1.0008760629367828,5.415788796569824,1.0,21.336763374414062,1.0,1.0,9.242532663818361,8.757556272094726,1.0,1.0,1.0,4.1899206530639646,6.56204674291687,1.0,10.758137609558107,4.726618870513915,1.9362356596664427,1.4403410061820985,1.37838412162323,1.0,1.0,1.0,1.0,10.637507143859864,1.0,1.037398597945404,9.936223603393554,4.380540987225341,1.0,2.8124274216217042,1.1146332365020752,1.0,1.0,1.0,1.8471123389450073,1.0,1.7096752644287108,7.041782375320435,1.0,5.284092975006104,1.0,1.0,1.0,1.956540468231201,1.0,1.0,1.0,2.3157037280914308,2.6928774158355715,6.880764389175415,6.879334755187989,3.5795715394439696,1.0,1.0,1.0,1.956559633670044,1.0,1.0,1.0,1.0,1.0,1.0,1.0,1.0,1.0,1.0,1.0,1.0,1.0,1.0,1.0,1.2457962757736207,1.0,1.0,1.0,1.0,1.2749460445114136,4.066779672033691,1.0,1.620102833351898,2.155824536001587,1.0,1.0,1.0,1.0,12.048226964355468,1.0,1.0,1.0,1.1970540344848632,1.0,3.7731495044921877,22.521307751220704,5.6425160165710455,1.772628849445343,1.0,1.0,1.0025870082855226,1.0,1.0,1.0,1.0,1.0,1.0,1.0,1.0,1.0,1.0,6.726417876647949,1.0,1.0,1.0,1.0,1.0,1.0,1.0,1.0,1.0,1.0,9.66271531347656,1.0,1.0,1.0,1.0,1.0,1.0,1.0,1.0,1.0,1.0,1.0,1.2759221611938476,1.0,26.99972140136719,44.3924467644043,3.152393950061035,1.0,1.4719846733154296,1.0,1.0,5.212722551538086,1.0,1.0,8.928641723266601,1.0,6.171867484619141,1.0,1.692465067956543,1.0,1.4900319085754394,1.1040906330749511,2.9852142151489263,1.0,1.0,3.7431659967422486,1.0,1.0,1.0,1.0,1.0,1.0,1.0,1.88914145,1.0,1.0,1.0,1.0,11.038325048278807,6.48864484743042,11.962129850341796,2.337071618988037,8.16712439642334,6.491263673950195,3.8498390743408204,62.66878430053711,16.49236490625,24.79743087414551,47.69210029699707,11.672847071746826,14.629871867736817
TEST_09+4일,1.0,33.432471063720705,2.6121262561569214,1.0,1.0,1.0,8.74245718798828,1.0,1.0,1.0,1.0,1.0,1.0,1.0,5.57547226940918,1.0,25.51905215722656,1.0,1.0,23.008181089782717,9.852152586694336,1.0,1.0,1.0,3.8706386525213623,8.28772863571167,1.0,7.7222203214111325,3.9576769891174317,1.641516524846649,1.2342856400009157,1.3108593433654785,1.0,1.0,1.0,1.0,10.384901393554689,1.0,1.0119608564487457,11.546309239685058,3.681879644116211,1.0,2.820379033126831,1.0,1.0,1.0,1.0,1.9961525842819214,1.0,1.7484135384803772,6.274434095736694,1.0,4.915645364868164,1.0,1.0,1.0,1.8115191366195678,1.0,1.0,1.0,2.904934628094482,2.6395257013320927,5.894902987609863,6.086589325030518,3.153697632791138,1.0,1.0,1.0,2.0683110505287168,1.0,1.0,1.0,1.0,1.0,1.0,1.0,1.0,1.0,1.0,1.0,1.0,1.0,1.0,1.0,1.041548796173477,1.0,1.0,1.0,1.0,1.6778855104415893,3.6094390412719726,1.0,1.4967425301719666,2.1288434978027344,1.0,1.0,1.0,1.0,12.028951491821289,1.0,1.0,1.0,1.0,1.0,2.747957243457031,23.43618036199951,4.7329462572326655,1.6948327807632446,1.0,1.0,1.0,1.0,1.0,1.0,1.0,1.0,1.0,1.0,1.0,1.0,1.0,7.914586067779541,1.0,1.0,1.0,1.0,1.0,1.0,1.0,1.0,1.0,1.0,9.900154238189698,1.0,1.0,1.0,1.0,1.0,1.0,1.0,1.0,1.0,1.0,1.0,1.0,1.0,24.569402204223632,51.43512519677734,2.8673180216430665,1.0,1.2533842303222658,1.0,1.0,4.660233242993164,1.0,1.0,8.934805031188965,1.0,5.119064,1.0,1.5715526782836915,1.0,1.0,1.0,2.7975343373168946,1.0,1.0,3.4783917591415405,1.0,1.0,1.0,1.0,1.0,1.0,1.0,1.5652728,1.0,1.0,1.0,1.0,10.842532681396484,5.5722906497863764,11.42802525201416,1.990870857019043,7.641320076293946,6.496684287536621,2.813082553967285,54.31289525512696,13.194482902130126,24.18868084753418,42.23955989624024,9.75346597894287,12.568999530029297
TEST_09+5일,1.0,70.733752578125,3.7537088443573,1.0170016707992553,1.0,1.0,28.40116997131348,1.0,1.0,1.0,1.0,1.0,1.0,1.8717676016349793,7.9920292917785645,1.0,69.43378104248046,1.0,1.0,52.67567058251953,28.11931415600586,1.0,1.0,1.0,7.654995953918457,17.94774010369873,1.1823002,15.54687541809082,4.041615696189881,1.8350369657936096,1.4293183134574892,1.4424930073516846,1.0,1.0,1.0,1.0,13.529028552185057,1.0,1.2236300005268097,13.291992746032715,3.1888351648010254,1.0,3.1390507312408444,1.0,1.0,1.324066283177948,1.0,2.6401981152954104,1.0,1.854264794277954,7.3850543536499025,1.0,5.496302348791504,1.0,1.0,1.0,1.7997468183311462,1.0,1.0,1.0,2.998166941693115,2.5774459620483396,5.914891875839233,7.128102053527832,3.032145238244629,1.0,1.0,1.0,2.428941493232727,1.0,1.0,1.0,1.0,1.0,1.0,1.0,1.0,1.0,1.0,1.0,1.0,1.0,1.0,1.0,1.3631577041213991,1.0,1.0932484460609437,1.0,1.0,1.9310131434890745,10.370143670196533,1.0,1.7000939852462769,2.823778016870117,1.0,1.0,1.0,1.0,14.30379672683716,1.0,1.0,1.0,1.1960087525543213,1.0,5.477795,43.832876157226565,3.636269899383545,2.0593765380668643,1.6457886849426269,1.0,1.3798863940925599,1.0,1.0,1.0,1.0,1.0,1.0,1.0,1.0,1.0,1.0,25.540242055297853,1.0,1.0,1.0,1.0,1.0,1.0,1.0,1.0,1.0,1.0,20.76265047741699,1.0,1.0,1.0,1.0,1.0,1.0,1.0,1.0,1.0,1.0,1.0,1.1917802708374023,1.0,61.172148847656246,129.7863599572754,3.58842062487793,1.0,1.7693752799377442,1.0,1.0,6.111623501586914,1.0,1.0,8.195715317993164,1.16168725,11.769944692871093,1.0,2.4583976090454103,1.0,1.569302301184082,1.2300280726013184,3.4739711196533203,1.0,1.0,3.426286319645691,1.0,1.0,1.0,1.0,1.0,1.1601616,1.0133288,2.599618,1.0,1.0,1.0,1.0,11.992077218933106,5.979978248199463,11.916813719909667,2.5293244318115233,8.742851595672608,7.9682856652832035,3.7590233598022462,57.18512489746094,13.224642430847169,28.02170491644287,42.80805518432617,10.815781597747803,14.674372577331543
TEST_09+6일,3.472815767266846,34.82397097631836,7.209933481170654,3.7182121046905516,1.0,1.7665899456993104,17.614616714477542,1.0,1.7010547898269652,1.0,1.0,1.0,1.120299690601349,4.1259313966278075,18.572685259857177,1.0758703351806642,29.692647844177245,1.0,1.0,14.52268239251709,17.5749177878418,1.0,1.0,1.0,3.8519624380126953,18.214492254882813,5.307170373742675,22.99979788360596,4.970057831907654,2.373200548538208,2.1154516414718625,2.826967966375732,1.1878902981544495,1.2515900794742585,1.0,1.3167180821014404,26.524988673095702,1.0,2.064957958705902,28.2761728369751,5.881015541046143,1.0429926669075011,3.5318613099578857,1.0,1.0,2.1512928973205567,1.0,2.0673662275619504,1.0,1.7400623204208374,9.166506520080567,1.0,5.6847247862854005,1.0,1.2567160922233582,1.0,2.385375393371582,1.0,1.0,1.0,5.20900534770813,3.193004611831665,7.76697778968811,8.539830628417969,4.344260692507935,1.0,1.0,1.0,3.743438458392334,1.0,1.1317403553497316,1.0,1.0,1.0,1.084296017356491,1.0078360912384032,1.0,1.0,1.0,1.4292509020347595,1.0,1.0,1.0,1.5331711037971494,1.3900084497421263,1.0,1.2238299311767578,1.0013508854579927,1.0,3.06633295398407,21.324449456359865,1.0,3.3763951032852173,6.3885312000518795,1.0,1.0,1.0,1.0,16.993186898742678,2.7455090374893185,1.5507904629047393,1.0,2.49699461734314,1.0,16.718895,32.59415891772461,7.376515129821778,3.648217224645996,4.882653708752441,1.0,3.0127559915069577,1.0,1.1106354368362426,1.0,1.456039131641388,1.0,1.0400795055774688,1.0,1.486497506470871,1.2216801570735931,1.0,17.74509936517334,1.0,1.0,1.0,1.0,1.0,1.0,1.0,1.0,1.0,1.0,14.20070573297119,2.6746955936813355,1.5717568241989137,3.1522998686172485,1.5750808096000672,1.1628838237014771,1.0,3.655501148812866,1.0,1.0,1.7619944106185912,1.1022406860031126,3.508189079345703,1.0,72.94494070117187,89.07330101562499,5.967600728942871,1.0,3.5104825533935546,1.0,1.0,9.996527933471679,1.0,1.0,12.098030000488281,2.7594320108032226,9.168471842163086,1.0,4.8127956316406255,1.0,3.5927583397521974,1.995344511529541,4.411499124267578,1.0,1.0,5.323134807342529,1.6342373,1.30030085,1.0,1.4226359,1.0,3.0212988850097657,3.491041931640625,4.681553790039063,1.097278277392578,1.0,1.0,1.0,16.75212160949707,8.175981278808594,16.539770059509276,3.7341155040893557,12.361053992065429,10.104816811340331,5.568703427874755,85.46126197509766,18.267815396575926,38.72669286834717,43.35217488952637,12.172117934265136,20.652947876983642
TEST_09+7일,8.59069357662964,4.731074333190918,10.983157927642822,7.431793198382568,2.203797637937164,3.616234293804932,1.2857484817504885,1.450130869393921,3.9775020121444706,1.4040198865371702,1.0,1.0,1.618260849645996,5.329452325424194,33.195083515991215,2.945904251350403,4.604884624481201,1.0751030835021973,2.137111045317078,2.607245445251465,1.3483805656433105,1.0,1.1815166126358032,1.0,1.0,1.0,9.054467427886962,6.107526684558106,11.426830008758545,4.5157701199646,4.328650042480469,6.360667006118774,3.3341196928863526,2.38649294805603,1.0,3.1091858331207276,52.94041077490235,1.0,5.064279805999756,46.65827495300293,15.018632747833252,2.0301431565055843,3.9564282002563482,1.0,1.0837448998870851,1.9595444018203736,1.0744673131767273,2.117675295890808,1.0,1.832856009692383,14.32977857550049,1.2221035563156128,6.458598854370117,1.0,4.259500976141357,1.0,6.196207506054687,1.2218929469062805,1.0323374731582642,1.0,9.922799589355469,8.438807611038207,16.499231195800782,13.245510972320556,10.177960878356934,1.0,1.632195471659851,1.336879302231598,5.106609607183838,1.0,2.2032460180725097,2.3898038746704104,1.2362111770957946,1.0,2.518781628952026,1.0,1.0,1.1455995508636474,1.0,2.433843486756897,1.0,1.0,1.8523528127494813,2.458626245239258,2.1092670069396973,2.870032201715088,2.2519026853515625,1.5157335186416625,1.9476439456001282,3.876211860250854,9.4227392477417,2.051462650592041,6.1168229563842775,10.442609146270751,1.1830079129577635,1.1418362722854614,1.0,1.0,17.384594856994628,5.304264301751709,3.2769684792999265,1.0373148124954223,5.011438383587647,1.0,119.84479602783203,7.911117770703125,22.571082076171876,6.173473021942138,7.011548305548096,1.0557156254383089,4.45217345088501,1.6210057784210206,1.6122283960517885,1.5108457293540956,1.1092406538734436,1.3283960096725465,1.8936694483940124,2.168702971496582,2.4210652095611573,2.613269080593872,1.0,5.163223545715332,1.0,1.0,1.0,1.0,1.0,1.0,1.0,1.0,1.0,1.0,10.686329912017822,3.5535509607910156,2.146223487030029,4.397791867123413,2.1104866243164064,1.2810400664909363,1.5042044500411988,4.695473193588256,1.36876924757843,1.0,2.880483289245605,1.5960253747711182,8.84297869909668,1.0,23.844465483203123,29.061625502624512,11.553542219177245,1.0,7.260568809539794,1.0,1.0,19.535117145019534,1.0,1.0,25.915532878356935,8.199926276123048,7.79601,1.0,10.348481111450194,1.0,7.895646357543946,4.03834902079773,7.826217756225586,1.0,1.0,11.863973096069337,4.223428000537109,3.5147960397949225,1.0,5.580230470800782,1.0313079975463868,8.00208681463623,13.103453201599121,16.038481923095702,2.8496350279174805,2.3732931473846435,1.749899721850586,3.2298904716918946,32.79799636340332,16.894611126220703,35.81843351452637,7.954543226867676,20.806648931579588,21.939164364624023,11.323912704406737,171.60963771972655,36.587068060302734,79.75568753588867,79.80937773925781,21.674782810546873,48.58058338293457
