영업일자,느티나무 셀프BBQ_1인 수저세트,느티나무 셀프BBQ_BBQ55(단체),"느티나무 셀프BBQ_대여료 30,000원","느티나무 셀프BBQ_대여료 60,000원","느티나무 셀프BBQ_대여료 90,000원","느티나무 셀프BBQ_본삼겹 (단품,실내)",느티나무 셀프BBQ_스프라이트 (단체),느티나무 셀프BBQ_신라면,느티나무 셀프BBQ_쌈야채세트,느티나무 셀프BBQ_쌈장,느티나무 셀프BBQ_육개장 사발면,느티나무 셀프BBQ_일회용 소주컵,느티나무 셀프BBQ_일회용 종이컵,느티나무 셀프BBQ_잔디그늘집 대여료 (12인석),느티나무 셀프BBQ_잔디그늘집 대여료 (6인석),느티나무 셀프BBQ_잔디그늘집 의자 추가,느티나무 셀프BBQ_참이슬 (단체),느티나무 셀프BBQ_친환경 접시 14cm,느티나무 셀프BBQ_친환경 접시 23cm,느티나무 셀프BBQ_카스 병(단체),느티나무 셀프BBQ_콜라 (단체),느티나무 셀프BBQ_햇반,느티나무 셀프BBQ_허브솔트,담하_(단체) 공깃밥,담하_(단체) 생목살 김치전골 2.0,담하_(단체) 은이버섯 갈비탕,담하_(단체) 한우 우거지 국밥,담하_(단체) 황태해장국 3/27까지,담하_(정식) 된장찌개,담하_(정식) 물냉면 ,담하_(정식) 비빔냉면,담하_(후식) 된장찌개,담하_(후식) 물냉면,담하_(후식) 비빔냉면,담하_갑오징어 비빔밥,담하_갱시기,담하_공깃밥,담하_꼬막 비빔밥,담하_느린마을 막걸리,담하_담하 한우 불고기,담하_담하 한우 불고기 정식,담하_더덕 한우 지짐,담하_들깨 양지탕,담하_라면사리,담하_룸 이용료,담하_메밀면 사리,담하_명인안동소주,담하_명태회 비빔냉면,담하_문막 복분자 칵테일,담하_봉평메밀 물냉면,담하_생목살 김치찌개,담하_스프라이트,담하_은이버섯 갈비탕,담하_제로콜라,담하_참이슬,담하_처음처럼,담하_카스,담하_콜라,담하_테라,담하_하동 매실 칵테일,담하_한우 떡갈비 정식,담하_한우 미역국 정식,담하_한우 우거지 국밥,담하_한우 차돌박이 된장찌개,담하_황태해장국,라그로타_AUS (200g),라그로타_G-Charge(3),라그로타_Gls.Sileni,라그로타_Gls.미션 서드,라그로타_Open Food,라그로타_그릴드 비프 샐러드,라그로타_까르보나라,라그로타_모둠 해산물 플래터,라그로타_미션 서드 카베르네 쉬라,라그로타_버섯 크림 리조또,라그로타_빵 추가 (1인),라그로타_스프라이트,라그로타_시저 샐러드 ,라그로타_아메리카노,라그로타_알리오 에 올리오 ,라그로타_양갈비 (4ps),라그로타_자몽리치에이드,라그로타_제로콜라,라그로타_카스,라그로타_콜라,라그로타_하이네켄(생),라그로타_한우 (200g),라그로타_해산물 토마토 리조또,라그로타_해산물 토마토 스튜 파스타,라그로타_해산물 토마토 스파게티,"미라시아_(단체)브런치주중 36,000",미라시아_(오븐) 하와이안 쉬림프 피자,미라시아_(화덕) 불고기 페퍼로니 반반피자,미라시아_BBQ Platter,미라시아_BBQ 고기추가,미라시아_공깃밥,미라시아_글라스와인 (레드),미라시아_레인보우칵테일(알코올),미라시아_미라시아 브런치 (패키지),미라시아_버드와이저(무제한),미라시아_보일링 랍스타 플래터,미라시아_보일링 랍스타 플래터(덜매운맛),미라시아_브런치 2인 패키지 ,미라시아_브런치 4인 패키지 ,미라시아_브런치(대인) 주말,미라시아_브런치(대인) 주중,미라시아_브런치(어린이),미라시아_쉬림프 투움바 파스타,미라시아_스텔라(무제한),미라시아_스프라이트,미라시아_애플망고 에이드,미라시아_얼그레이 하이볼,미라시아_오븐구이 윙과 킬바사소세지,미라시아_유자 하이볼,미라시아_잭 애플 토닉,미라시아_칠리 치즈 프라이,미라시아_코카콜라,미라시아_코카콜라(제로),미라시아_콥 샐러드,미라시아_파스타면 추가(150g),미라시아_핑크레몬에이드,연회장_Cass Beer,연회장_Conference L1,연회장_Conference L2,연회장_Conference L3,연회장_Conference M1,연회장_Conference M8,연회장_Conference M9,연회장_Convention Hall,연회장_Cookie Platter,연회장_Grand Ballroom,연회장_OPUS 2,연회장_Regular Coffee,연회장_골뱅이무침,연회장_공깃밥,연회장_돈목살 김치찌개 (밥포함),연회장_로제 치즈떡볶이,연회장_마라샹궈,연회장_매콤 무뼈닭발&계란찜,연회장_모둠 돈육구이(3인),연회장_삼겹살추가 (200g),연회장_야채추가,연회장_왕갈비치킨,연회장_주먹밥 (2ea),카페테리아_공깃밥(추가),카페테리아_구슬아이스크림,카페테리아_단체식 13000(신),카페테리아_단체식 18000(신),카페테리아_돼지고기 김치찌개,카페테리아_복숭아 아이스티,카페테리아_새우 볶음밥,카페테리아_새우튀김 우동,카페테리아_샷 추가,카페테리아_수제 등심 돈까스,카페테리아_아메리카노(HOT),카페테리아_아메리카노(ICE),카페테리아_약 고추장 돌솥비빔밥,카페테리아_어린이 돈까스,카페테리아_오픈푸드,카페테리아_진사골 설렁탕,카페테리아_짜장면,카페테리아_짜장밥,카페테리아_짬뽕,카페테리아_짬뽕밥,카페테리아_치즈돈까스,카페테리아_카페라떼(HOT),카페테리아_카페라떼(ICE),카페테리아_한상 삼겹구이 정식(2인) 소요시간 약 15~20분,포레스트릿_꼬치어묵,포레스트릿_떡볶이,포레스트릿_복숭아 아이스티,포레스트릿_생수,포레스트릿_스프라이트,포레스트릿_아메리카노(HOT),포레스트릿_아메리카노(ICE),포레스트릿_치즈 핫도그,포레스트릿_카페라떼(HOT),포레스트릿_카페라떼(ICE),포레스트릿_코카콜라,포레스트릿_페스츄리 소시지,화담숲주막_느린마을 막걸리,화담숲주막_단호박 식혜 ,화담숲주막_병천순대,화담숲주막_스프라이트,화담숲주막_참살이 막걸리,화담숲주막_찹쌀식혜,화담숲주막_콜라,화담숲주막_해물파전,화담숲카페_메밀미숫가루,화담숲카페_아메리카노 HOT,화담숲카페_아메리카노 ICE,화담숲카페_카페라떼 ICE,화담숲카페_현미뻥스크림
TEST_00+1일,4.334282398223877,1.0,1.969945192337036,1.445804238319397,1.0,1.0,1.0,1.0,1.0406389236450195,1.0,1.0,1.0,1.0,1.4336830377578735,7.614192485809326,1.0,1.0,1.0,1.0,1.0,1.0,1.0,1.0,1.0,4.239157676696777,1.0,1.0,16.403316497802734,6.8493194580078125,2.7026844024658203,1.4374457597732544,1.2754502296447754,1.0,1.0,1.0,1.0,14.160514831542969,1.0,1.005206823348999,9.536479949951172,10.429447174072266,1.0,1.0,1.0,1.0,2.13840651512146,1.0,3.624812364578247,1.0,3.1733219623565674,10.421453475952148,1.0,6.765576362609863,1.0,1.0,1.0,1.0,1.0,1.0,1.0,5.898163318634033,14.210765838623049,21.04174423217773,8.685279846191406,12.644268035888672,1.563304424285889,1.0,1.0,2.39298152923584,11.592144966125488,1.0,2.77151107788086,1.0,1.0,2.748509407043457,1.0,1.0,1.4073078632354736,1.0,1.5389282703399658,1.976110577583313,1.0,1.0,1.0,1.0,1.966607689857483,1.0,1.0,1.0,2.2743873596191406,1.0,1.0,1.160936951637268,3.7526602745056152,1.0,1.0,1.0,1.0,10.566329956054688,2.362660646438598,1.0,1.0,3.126115083694458,1.0,170.289794921875,8.894380569458008,46.059837341308594,1.5731769800186155,3.004697799682617,1.0,2.1469409465789795,1.0,1.0,1.0,1.0,1.0,1.0,1.2508262395858765,1.5187809467315674,1.0,1.0,1.0,1.0,1.0,1.0,1.0,1.0,1.0,1.0,1.0,1.0,1.0,1.0,1.0,1.0,1.0,1.0,1.0,1.0,1.0,1.0,1.0,1.0,1.0,4.151823043823242,1.0,1.0,6.331432342529297,9.013927459716797,1.0,6.452003479003906,1.0,1.0,13.326011657714844,1.0,1.0,18.824954986572266,4.821043968200684,1.0,1.0,9.341256141662598,1.0,4.591750144958496,1.2809762954711914,4.461582183837891,1.0,1.0,3.701810598373413,1.0,1.0,1.0,2.68328857421875,1.0,1.0,5.638668060302734,1.0,1.0,1.8503718376159668,1.0,1.0,17.3831844329834,5.966657638549805,19.49409866333008,4.546745300292969,16.842090606689453,12.180866241455078,4.847827911376953,50.19289016723633,30.36478614807129,3.714106559753418,24.678327560424805,7.6253662109375,19.721742630004883
TEST_00+2일,1.0,2.097646713256836,1.0,1.0,1.0,1.0,1.1316943168640137,1.0,1.0,1.0,1.0,1.0,1.0,1.0,1.2768354415893557,1.0,1.7648258209228516,1.0,1.0,3.7138519287109375,1.0,1.0,1.0,1.0,1.892698049545288,19.00462913513184,1.0,12.259872436523438,1.5528407096862793,1.0,1.0,1.0,1.0,1.0,1.0,1.0,7.272022247314453,1.0,1.0,5.138483047485352,2.8877553939819336,1.0,1.0,1.0,1.0,1.0,1.0,1.0,1.0,1.0,5.285170555114746,1.0,3.0030970573425293,1.0,1.0,1.0,1.0,1.0,1.0,1.0,1.7283611297607422,2.3172709941864014,3.1720118522644043,4.160325527191162,1.812973976135254,1.0,1.0,1.0,1.0,1.0,1.0,1.0,1.0,1.0,1.0,1.0,1.0,1.0,1.0,1.0,1.0,1.0,1.0,1.0,1.0,1.197480320930481,1.0,1.0,1.0,2.247553586959839,32.83129119873047,1.0,1.0,1.696873664855957,1.0,1.0,1.0,1.0,9.95141887664795,1.0993032455444336,1.0,1.0,1.0,1.0,1.0,19.73534774780273,7.212005615234375,1.0,1.0,1.0,1.0,1.0,1.0,1.0,1.0,1.0,1.0,1.0,1.0,1.0,1.0,11.652203559875488,1.0,1.0,1.0,1.0,1.0,1.0,1.0,5.2728471755981445,1.0,1.0,54.90119934082031,1.0,1.0,1.0,1.0,1.0,1.0,1.0,1.0,1.0,1.0,1.0,3.187429428100586,1.0,1.0,40.61205673217773,2.374919891357422,1.0,1.0630617141723633,1.0,1.0,2.549114227294922,1.0,1.0,5.230167388916016,1.0,1.0,1.0,1.0,1.0,1.042856216430664,1.105316162109375,1.0705795288085938,1.0,1.0,1.2064621448516846,1.0,1.0,1.0,1.0,1.0,1.0,1.0,1.0,1.0,1.0,1.0,1.0,2.7592029571533203,1.1539192199707031,1.807777404785156,1.0,1.7536983489990234,1.446516036987305,1.0,5.849639892578125,3.5195541381835938,1.9766387939453125,13.433738708496094,2.408752918243408,1.0
TEST_00+3일,1.638857364654541,1.0,1.3358545303344729,1.0,1.0,1.0,1.0,1.0,1.0,1.0,1.0,1.0,1.0,1.0531136989593506,3.891780376434326,1.0,1.0,1.0,1.0,1.0,1.0,1.0,1.0,1.0,27.45368766784668,36.44256210327149,1.0,64.41693115234375,2.5808346271514893,1.08192241191864,1.0,1.0,1.0,1.0,1.0,1.0,7.471181869506836,1.0,1.0,5.500185012817383,4.2661895751953125,1.0,1.0,1.0,1.0,1.0,1.0,1.3827475309371948,1.0,1.0,5.865084648132324,1.0,3.16099214553833,1.0,1.0,1.0,1.0,1.0,1.0,1.0,1.7395715713500977,1.699160099029541,2.848982334136963,4.153857707977295,2.2104477882385254,1.0,1.0,1.0,1.0,1.0,1.0,1.047753930091858,1.0,1.0,1.221253514289856,1.0,1.0,1.0743478536605835,1.0,2.1202316284179688,1.0,1.0,1.0,1.0,1.0,1.6054459810256958,1.0,1.0,1.3388113975524902,2.4313018321990967,117.30224609375,1.0,1.0,1.7927098274230957,1.0,1.0,1.0,1.0,10.337973594665527,1.6179943084716797,1.0,1.0,1.3366026878356934,1.0,1.0,10.562274932861328,4.532436370849609,1.206904649734497,1.0,1.0,1.1303316354751587,1.0,1.0,1.0,1.0,1.0,1.0,1.0,1.0,1.0,1.0,2.475924491882324,1.166487216949463,1.0,1.0,1.0,1.0,1.0,1.572564959526062,4.29417610168457,1.4928597211837769,1.0,42.96453857421875,1.0,1.0,1.0,1.0,1.0,1.0,1.0,1.0,1.0,1.0,1.0,3.8590898513793945,1.0,72.14860534667969,56.80134963989258,4.368997573852539,1.0,2.5528640747070312,1.0,1.0,6.029384613037109,1.0,1.0,6.748931884765625,1.252582550048828,1.0,1.0,1.775655746459961,1.0,2.1007614135742188,1.2622389793395996,2.27484130859375,1.0,1.0,1.9071683883666992,1.0,1.0,1.0,2.4464569091796875,1.0,1.0,1.1836318969726562,1.0,1.0,1.0,1.0,1.0,6.538776397705078,2.9499902725219727,5.896982192993164,1.660386085510254,5.988136291503906,4.443403244018555,1.9999656677246087,18.43426513671875,13.566143035888672,2.9082088470458984,18.661386489868164,4.191328048706055,4.481223106384277
TEST_00+4일,1.5487520694732666,1.0,1.6786012649536133,1.0,1.0,1.0,1.0,1.1437928676605225,1.0,1.0,1.0,1.0,1.0,1.0,3.4742956161499023,1.0,1.0,1.0,1.0,3.1307449340820312,1.0,1.0,1.0,1.0,21.67926406860352,33.00220489501953,1.0,47.286415100097656,2.381098747253418,1.0,1.0,1.0,1.0,1.0,1.0,1.0,7.785884857177734,1.0,1.0,6.036092758178711,4.039210319519043,1.0,1.0,1.09587824344635,1.0,1.0,1.0,1.2118035554885864,1.0,1.0,5.579620361328125,1.0,3.095734119415283,1.0,1.0,1.0,1.0,1.0,1.0,1.0,1.657360553741455,1.7365069389343262,2.50898551940918,4.2354512214660645,2.0499186515808105,1.0,1.0,1.0,1.0,1.0,1.0,1.0,1.0,1.0,1.0,1.0,1.0,1.0,1.0,1.9874048233032229,1.0,1.0,1.0,1.0,1.0,1.492650270462036,1.0,1.0,1.6058194637298584,2.5279037952423096,52.17203521728516,1.0,1.0,1.7205266952514648,1.0,1.0,1.0,1.0,10.47553825378418,1.3401501178741455,1.0,1.0,1.0686569213867188,1.0,1.0,35.035308837890625,4.865898132324219,1.1300228834152222,1.0,1.0,1.001678228378296,1.0,1.0,1.0,1.0,1.0,1.0,1.0,1.0,1.0,1.0,11.826579093933104,1.0,1.0,1.0,1.0,1.0,1.0,1.052553415298462,5.1819167137146,1.0069347620010376,1.0,46.71800994873047,1.0,1.0,1.0,1.0,1.0,1.0,1.0,1.0,1.0,1.0,1.0,3.520820617675781,1.0,24.4590072631836,41.01649475097656,3.627969741821289,1.0,2.0041894912719727,1.0,1.0,4.7469482421875,1.0,1.0,6.329111099243164,1.0,1.0,1.0,1.0630645751953125,1.0,1.687297821044922,1.195878982543945,1.77362060546875,1.0,1.0,1.7648258209228516,1.0,1.0,1.0,1.2714157104492188,1.0,1.0,1.0,1.0,1.0,1.0,1.0,1.0,5.965883255004883,2.532068252563477,5.176044464111328,1.307469367980957,4.990591049194336,4.029951095581055,1.6429080963134766,15.77690887451172,11.340560913085938,2.563108444213867,17.021787643432617,3.749832153320313,3.41360855102539
TEST_00+5일,1.1109673976898191,2.6358566284179688,1.275729417800903,1.0,1.0,1.0,1.0,1.7632777690887451,1.0,1.0,1.0,1.0,1.0,1.0,2.443808078765869,1.0,7.085731506347656,1.0,1.0,7.695547103881836,1.4028892517089844,1.0,1.0,1.1772621870040894,19.11377716064453,25.79117012023925,1.283325433731079,57.33988571166992,2.4973630905151367,1.0397205352783203,1.0,1.0,1.0,1.0,1.0,1.0,9.018850326538086,1.0,1.0,7.091670989990234,4.127128601074219,1.0,1.0,1.2626863718032837,1.0,1.0,1.0,1.259987711906433,1.0,1.0,5.894115447998047,1.0,3.3657684326171875,1.0,1.0,1.0,1.0,1.0,1.0,1.0,1.956309795379639,2.0226926803588867,3.389975547790528,4.760833740234375,2.195054531097412,1.0,1.0,1.0,1.0,1.0,1.1747424602508545,1.0,1.0,1.0,1.4209272861480713,1.0,1.0,1.1045763492584229,1.0,2.419144868850708,1.156789779663086,1.0,1.0,1.0,1.1555607318878174,1.444770336151123,1.0,1.0,2.394310474395752,2.6546618938446045,100.67536926269533,1.0,1.0,2.074100971221924,1.0,1.0,1.0,1.0,12.638044357299805,1.228794813156128,1.0,1.0,1.0,1.0,1.0,59.552528381347656,5.790743827819824,1.2179440259933472,1.0,1.0,1.0,1.0,1.0,1.0,1.0,1.0,1.0,1.0,1.0,1.0,1.0,12.325838088989258,1.0,1.0,1.0,1.0,1.0,1.0,1.6241015195846558,8.80275821685791,1.1229809522628784,1.0,45.21867370605469,1.0,1.0,1.0,1.0,1.0,1.0,1.0,1.0,1.0,1.0,1.0,3.4980525970458984,1.0,46.1142578125,67.64501190185547,3.746793746948242,1.0,2.248044967651367,1.0,1.0,4.393169403076172,1.0,1.0,7.380426406860352,1.3146562576293943,1.0,1.0,1.3321819305419922,1.0,1.7740745544433594,1.1591854095458984,1.6139392852783203,1.0,1.0,2.1364569664001465,1.0,1.0,1.0,1.0,1.0,1.0,1.0,1.0,1.0,1.0,1.0,1.0,5.590715408325195,1.9317197799682613,4.822872161865234,1.0,4.95775032043457,3.339151382446289,1.0,13.486831665039062,12.681529998779297,2.0105514526367188,16.076160430908203,3.32861328125,3.255844116210937
TEST_00+6일,6.875435829162598,12.326621055603027,6.6573920249938965,3.7206199169158936,1.0,1.0,3.6370348930358887,1.887962818145752,1.8418184518814087,1.0,1.0,1.0,1.1098791360855105,4.120374202728272,18.33560943603516,1.2543392181396484,14.573911666870115,1.0,1.1158877611160278,15.907617568969728,5.46419095993042,1.0359312295913696,1.0,2.5115766525268555,31.783750534057617,42.08494567871094,1.1856892108917236,103.9910888671875,3.340029716491699,1.3165562152862549,1.0,2.338134765625,1.7735228538513184,1.2159385681152344,1.0,1.0,36.67924118041992,1.0,1.0,35.85065078735352,5.243270397186279,1.0,1.0,1.8692415952682493,1.0,1.0,1.0,1.768820881843567,1.0,1.0,6.978603363037109,1.0,3.7775707244873047,1.0,4.00196647644043,1.0,2.23136305809021,1.0,1.0,1.0,5.365927696228027,1.7184629440307615,3.4578442573547363,5.798165321350098,2.2549777030944824,1.3351103067398071,1.0,1.4373966455459597,1.1004747152328491,1.0,1.0,3.1480846405029297,1.0,1.0,2.779581308364868,1.0,1.0,1.0,1.0,3.8417482376098633,1.5546478033065796,1.0,1.0,1.0,1.1256835460662842,1.2853498458862305,1.2978601455688477,1.0,1.918290972709656,5.646511554718018,93.17024230957033,1.0,2.5170013904571533,6.964189529418945,1.0,1.0,1.0,1.0,17.04146957397461,3.264385223388672,1.0,1.0,1.699772834777832,1.0,1.0,53.67071533203125,5.097919464111328,2.349287986755371,1.5662097930908203,1.0,1.5107498168945312,1.0,1.0,1.0,1.0,1.1160192489624023,1.0,1.0,1.0,1.0186054706573486,1.0,11.283561706542969,1.0,1.0,1.0,1.0,1.0,1.0,1.5762267112731934,5.744236946105957,1.2779881954193115,1.0,45.65498352050781,3.2031307220458984,1.0,3.576188564300537,2.225187301635742,1.0,1.9434051513671875,7.9359660148620605,1.2977747917175293,1.0,2.7945356369018555,1.0,4.185976028442383,1.0,166.0514373779297,136.8920440673828,5.639331817626953,1.0,3.709904670715332,1.0,1.0,7.807109832763672,1.0,1.0,9.620647430419922,2.3571815490722656,1.0,1.0,3.699274063110352,1.0,2.826873779296875,1.2552127838134766,2.920217514038086,1.0,1.0,3.7957730293273926,1.0,1.0,1.0,1.7177505493164062,1.0,1.0,2.559345245361328,1.0,1.0,1.0,1.0,1.0,8.209291458129883,3.4641008377075195,7.861318588256836,2.0700225830078125,6.809162139892578,5.87379264831543,2.357023239135742,24.127052307128903,17.9318790435791,2.7785472869873047,20.61746406555176,4.2715163230896,5.373783111572266
TEST_00+7일,14.168054580688477,1.7941551208496094,9.959985733032228,6.212347984313965,1.3503859043121338,1.0,1.042466163635254,1.2222286462783811,2.4324305057525635,1.1657476425170898,1.0,1.0,1.5561586618423462,5.103328227996826,32.13337707519531,2.375027894973755,1.464191436767578,1.100849151611328,2.109716892242432,2.9020767211914062,1.1892004013061523,1.9152677059173584,1.0,1.0,13.076419830322266,1.0,1.0,30.34326934814453,6.638901233673096,3.176424503326416,1.3340928554534912,3.46165418624878,1.3480297327041626,1.1310306787490845,1.0,1.0,41.78137969970703,1.0,1.197665452957153,37.59567642211914,10.443359375,1.1333619356155396,1.0,1.0,1.0,2.348686695098877,1.0,3.868432521820069,1.493346929550171,2.529331684112549,12.91667366027832,1.0,6.693942070007324,1.0,4.02001953125,1.0,3.212571144104004,1.0,1.0,1.1401410102844238,11.278708457946776,9.257905960083008,15.923521041870115,10.956961631774902,9.110435485839844,3.2627475261688232,1.0,1.0182595252990725,1.963286519050598,4.619174480438232,1.036847710609436,6.025849342346191,1.0,1.0,4.782902717590332,1.0,1.0,1.1974681615829468,1.0,3.879705667495728,2.624107837677002,1.0,1.0,1.0,1.0,1.705151081085205,2.014209985733032,1.0,1.0,5.57048225402832,2.887126922607422,1.0,2.809584856033325,9.290763854980469,1.0,1.0448734760284424,1.0,1.0,13.92770767211914,5.00000524520874,1.4933611154556274,1.0,3.0430469512939453,1.0,105.77175903320312,6.22685432434082,33.96345901489258,3.117119312286377,3.929789066314697,1.0,3.106348752975464,1.0,1.515267014503479,1.0,1.0,1.2764408588409424,1.0,1.2726832628250122,1.7739379405975342,1.4252573251724243,1.0,1.0,1.0,1.0,1.0,1.0,1.0,1.0,1.0,1.0,1.0,1.0,3.404510498046875,2.905495405197144,1.0,3.25620985031128,1.7461161613464355,1.0,2.032628059387207,6.740130424499512,2.522618770599365,1.0,3.3597517013549805,1.0,5.088570594787598,1.0,64.1961669921875,19.96807098388672,11.52867031097412,1.0,8.40792465209961,1.0,1.0,17.580169677734375,1.0,1.0,22.42694664001465,6.7007737159729,1.0,1.0,11.47903060913086,1.0,6.133304595947266,1.7275419235229492,6.546306610107422,1.0,1.0,5.642739295959473,1.3126983642578125,1.6006393432617188,1.0,5.251983642578125,1.0,1.1431427001953125,9.894119262695312,2.2309646606445312,1.0,2.2871639728546143,1.0,1.0,16.906620025634766,7.336513519287109,18.06535720825196,5.170653343200684,18.730449676513672,12.763808250427246,5.652284622192383,53.83324813842773,39.0602912902832,4.565883636474609,28.182491302490234,7.211751937866211,17.79398536682129
TEST_01+1일,3.8773844242095934,1.8853530883789065,8.075867652893066,3.120561122894287,1.0,1.4470398426055908,1.0,3.3283562660217285,2.722134590148926,1.0,1.0,1.0,1.0,1.149601936340332,12.993318557739258,1.0,1.6107940673828125,1.0,1.0,1.664407730102539,1.0,1.0,1.0,1.0,1.0,1.0,1.0,9.258018493652344,5.014556884765625,4.882765769958496,2.6193065643310547,4.987804412841797,3.065956354141236,1.0,1.0,1.0,41.99422073364258,1.0,2.0986874103546143,28.77592086791992,15.013107299804688,1.0,1.0,1.0,1.0,3.3359689712524414,1.0,1.9947468042373653,1.0,4.767446517944336,10.95004653930664,1.5667572021484375,4.899713516235352,1.0,1.2408208847045898,1.0,2.187939643859864,1.0,1.3535703420639038,1.0,11.842707633972168,7.204879283905029,11.161608695983888,9.037588119506836,8.583219528198242,1.04002583026886,1.0,1.6865391731262207,3.592933654785156,1.0,1.549997329711914,1.0,1.0,1.0,2.66365385055542,2.562184810638428,1.0,1.0,1.0,2.355762958526612,1.4703640937805176,1.300670504570007,1.3939703702926636,1.326263189315796,1.0094764232635498,1.716627836227417,1.1443722248077393,1.3297183513641355,1.0,4.124135971069336,1.0,1.1997623443603516,3.1071488857269287,7.7795867919921875,1.0,1.0228054523468018,1.0,1.0,14.618967056274414,7.999696731567383,1.4889495372772217,1.338498830795288,3.4984660148620605,1.0,164.28494262695312,1.4109458923339844,40.266868591308594,4.642531394958496,3.228309631347656,1.1536623239517212,2.9403860569000244,1.0,3.0081567764282227,1.0,1.0,1.0749468803405762,2.3974485397338867,1.03272545337677,2.256821393966675,1.8346326351165767,1.0,1.0,1.0,1.0,1.0,1.0,1.0,1.0,1.0,1.0,1.0,1.0,1.0,3.0196895599365234,3.821396350860596,3.0690135955810547,2.6976804733276367,1.0,1.0068362951278689,5.829320430755615,1.0,1.0,4.6097517013549805,1.6923376321792605,7.664626121520996,1.0,1.0,1.0,12.336671829223633,1.0,8.935800552368164,1.0,1.0,19.44633674621582,1.0,1.0,19.97064208984375,6.835068225860596,1.0,1.0,13.724830627441406,1.2074856758117676,7.154201507568359,2.8736228942871094,10.447400093078612,1.0,1.0,11.877005577087402,1.0,1.0951156616210938,1.0,9.587791442871094,1.3179950714111328,1.0,6.379985809326172,1.6210212707519531,1.0,1.5315756797790527,1.7035751342773438,1.004779815673828,8.034381866455078,5.809107780456543,9.434537887573242,3.718020439147949,10.370359420776367,8.577924728393555,3.518539428710937,27.2705078125,26.90333366394043,1.4998836517333984,25.254093170166016,5.672506332397461,21.811586380004883
TEST_01+2일,2.9280924797058105,1.158769607543945,2.7396061420440674,1.525011658668518,1.0,1.0,1.00677490234375,1.0,1.0,1.0,1.0,1.0,1.0,1.0,3.712318420410156,1.0,2.186391830444336,1.0,1.0,2.6562576293945312,1.196335792541504,1.0,1.0,1.0,1.0,1.0,1.0,11.756664276123049,1.8733124732971191,1.406464695930481,1.0,3.065149068832397,1.0,1.0,1.0,1.0,23.236722946166992,1.0,1.0,20.80238151550293,4.280801773071289,1.0,1.0,1.0,1.0,1.8389530181884768,1.0,1.6342649459838867,1.0,2.0291786193847656,9.628650665283203,1.0,4.219001770019531,1.0,1.3115249872207642,1.0,1.0,1.0,1.0,1.0,6.230743885040283,3.271503448486328,5.667496681213379,9.169368743896484,4.4386091232299805,1.0,1.0,1.0,1.6826894283294678,1.0,1.0,1.0,1.0,1.0,1.0,1.0,1.0,1.0,1.0,1.0,1.0,1.0,1.0,1.0,1.0,1.0,1.0,1.0,1.0,2.290998935699463,1.2348766326904297,1.0,1.9343860149383545,4.921045303344727,1.0,1.0,1.0,1.0,15.25726318359375,2.318045854568481,1.0,1.0,2.578827381134033,1.0,1.0,1.0,15.398561477661133,1.4838758707046509,1.0892304182052612,1.0,1.7882453203201294,1.0,1.2027606964111328,1.0,1.0,1.0,1.0,1.0,1.0,1.0,1.0,1.0,1.0,1.0,1.0,1.0,1.0,1.0,1.0,1.0,1.0,1.0,1.0,1.2886912822723389,1.0,1.4085450172424316,1.0,1.0,1.0,2.100255250930786,1.0,1.0,1.0,1.0,7.171858787536621,1.0,1.0,5.1210479736328125,10.152475357055664,1.0,8.672100067138672,1.0,1.0,16.602863311767578,1.0,1.0,17.122739791870117,5.64949369430542,1.0,1.0,9.896546363830566,1.295635223388672,5.468445777893066,2.379434108734131,7.675161361694336,1.0,1.0,2.1126108169555664,1.6024551391601562,1.84075927734375,1.0,4.7327728271484375,1.0358734130859375,1.0,4.0954437255859375,1.60272216796875,1.0,1.471024990081787,1.301666259765625,1.0,7.149692535400391,3.256797790527344,8.456748962402344,2.531651496887207,7.874442100524902,7.496786117553711,2.7162322998046875,26.330711364746094,9.787150382995604,1.469961166381836,14.858854293823242,5.132388114929199,6.16909122467041
TEST_01+3일,2.8827836513519287,1.275381088256836,2.9814484119415283,1.10677969455719,1.0,1.0,1.0,1.0,1.0,1.0,1.0,1.0,1.0,1.0,3.339227199554444,1.0,1.918859481811524,1.0,1.0,2.413297653198242,1.1525049209594729,1.0,1.0,1.0,1.0,1.0,1.0,11.004194259643556,2.8824260234832764,1.0592446327209473,1.1685683727264404,3.5458972454071045,1.0,1.0,1.0,1.0,23.34162330627441,1.0,1.0,24.79217338562012,7.085404396057129,1.0,1.0,1.0,1.0,1.7414449453353882,1.0,1.5276000499725342,1.0,1.6503643989562988,10.14773941040039,1.0,4.414402008056641,1.0,1.313032865524292,1.0,1.248081088066101,1.183752179145813,1.0,1.0,5.999992847442627,3.605316877365112,6.8114776611328125,10.42660427093506,5.143396377563477,1.0,1.0,1.0,1.8911411762237549,1.0,1.0,1.0,1.0,1.0,1.0,1.0,1.0,1.0,1.0,1.0,1.0,1.0,1.0,1.0,1.0,1.3249807357788086,1.0,1.1109477281570437,1.0,3.6472597122192383,3.1009769439697266,1.0,1.688205003738403,4.520776748657227,1.0,1.0,1.0,1.0,12.644922256469728,2.3980259895324707,1.0,1.0,2.385591983795166,1.0,1.0,1.0353927612304688,14.58487033843994,1.259883999824524,1.377571940422058,1.0,1.7963603734970093,1.0,1.0,1.0,1.0,1.0,1.0,1.0,1.0,1.0,1.0,1.0,1.0,1.0,1.0,1.0,1.0,1.0,1.0,1.1054105758666992,1.0,1.0,1.0,1.5020055770874023,1.0,1.2320442199707031,1.0,1.0,1.0,2.6321911811828613,1.0,1.0,1.0,1.0,7.056390762329102,1.0,1.0,2.090682983398437,9.921308517456056,1.0,7.927834510803223,1.0,1.0,16.969905853271484,1.0,1.0,18.856704711914062,6.850388050079346,1.224924087524414,1.0,12.161298751831056,1.2224807739257812,5.615199089050293,2.4582858085632324,8.45804214477539,1.0,1.0,2.5297329425811768,1.0,1.0,1.0,5.598114013671875,1.0,1.0,4.590843200683594,1.3404464721679688,1.0,1.4115095138549805,1.0,1.0,7.44120979309082,4.130785942077637,8.792407989501953,2.797914505004883,8.713940620422363,7.689388275146484,2.795818328857422,26.19027709960937,17.063003540039062,1.3562583923339844,22.230369567871094,6.207094192504883,13.549461364746094
TEST_01+4일,2.341042280197144,1.0,2.534442663192749,1.0718647241592407,1.0,1.0,1.0,1.0,1.0,1.0,1.0,1.0,1.0,1.0,1.872364521026612,1.0,1.829683303833008,1.0,1.0,2.476181030273437,1.1443500518798828,1.0,1.0,1.0,1.0,1.4385364055633545,1.0,11.02861785888672,2.2514195442199707,1.0,1.0,3.075808048248291,1.0,1.0,1.0,1.0,20.96234893798828,1.0,1.0,20.68575096130371,6.068382740020752,1.0,1.0,1.0,1.0,1.3306254148483276,1.0,2.383819341659546,1.0,1.9368363618850708,9.733713150024414,1.0,4.280135154724121,1.0,1.847334623336792,1.0,1.4476031064987185,1.0,1.0,1.0,5.186558246612549,3.1076388359069824,5.684463977813721,9.84002685546875,4.34295129776001,1.0,1.0,1.0,1.4260456562042236,1.0,1.0,1.0,1.0,1.0,1.0,1.0,1.0,1.0,1.0,1.0,1.0,1.0,1.0,1.0,1.0,1.0,1.0,1.0,1.0,3.304552793502808,3.011873245239258,1.0,1.6708028316497805,3.954935550689697,1.0,1.0,1.0,1.0,16.972686767578125,2.216846704483032,1.0,1.0,2.362292766571045,1.0,1.0,1.0,13.876398086547852,1.2017791271209717,1.0,1.0,1.620204210281372,1.0,1.0,1.0,1.0,1.0,1.0,1.0,1.0,1.0,1.0,1.0,1.0,1.0,1.0,1.0,1.0,1.0,1.0,1.1385105848312378,1.0,1.0,8.954458236694336,1.5408315658569336,1.0,1.3114473819732666,1.0,1.0,1.0,2.238946914672852,1.0,1.0,1.0,1.0,6.884003639221191,1.0,1.0,3.0754051208496094,9.461135864257812,1.0,7.623016357421875,1.0,1.0,16.222553253173828,1.0,1.0,17.482585906982422,6.075258255004883,1.0,1.0,10.495426177978516,1.1964778900146484,5.366355895996094,2.386460304260254,7.692903518676758,1.0,1.0,2.035615921020508,1.0,1.0,1.0,4.113372802734375,1.0,1.0,4.434024810791016,1.0,1.0,1.3048992156982422,1.0,1.0,6.830293655395508,3.37288761138916,8.030607223510742,2.300048828125,7.907283782958984,7.103878021240234,2.475326538085937,24.721176147460938,12.32970905303955,1.260507583618164,19.00455665588379,5.446688652038574,8.883511543273926
TEST_01+5일,2.676889419555664,1.3052825927734375,3.1230945587158203,1.1237279176712036,1.0,1.0,1.479686260223389,1.0,1.0,1.0,1.0,1.0,1.0,1.0,2.858458995819092,1.0,2.513374328613281,1.0,1.0,3.4194393157958984,2.100464344024658,1.0,1.0,1.0,2.8687283992767334,1.0,1.083200454711914,16.323017120361328,2.147576808929444,1.163230061531067,1.016637682914734,3.1774141788482666,1.0,1.0,1.0,1.0,20.904579162597656,1.0,1.0,21.905202865600582,5.816075801849365,1.0,1.0,1.0,1.0,1.46960711479187,1.0,1.0154680013656616,1.0,1.7910737991333008,10.10903263092041,1.0,4.368646144866943,1.0,1.4689337015151978,1.0,1.7491168975830078,1.0540130138397217,1.0,1.0,5.471093654632568,3.402846574783325,6.479964733123779,11.207215309143066,4.415931701660156,1.0,1.0,1.0,1.5982820987701416,1.0,1.0,1.0,1.0,1.0,1.0,1.0,1.0,1.0,1.0,1.0,1.0,1.0,1.0,1.0,1.0,1.0,1.0,1.065080642700195,1.0,4.4256978034973145,6.749164581298828,1.0,1.885645866394043,4.462968826293945,1.0,1.0,1.0,1.0,16.526979446411133,3.0583596229553223,1.0,1.0,2.1049838066101074,1.0,1.0,1.0,13.569375038146973,1.6670119762420654,1.0,1.0,1.853289604187012,1.0,1.0,1.0,1.0,1.0,1.0,1.0,1.0,1.0,1.0,4.528653144836426,1.0,1.0,1.0,1.0,1.0,1.0,1.0,1.802921295166016,1.0,1.0,3.296926498413086,1.374382495880127,1.0,1.2006969451904297,1.0,1.0,1.0,2.381300687789917,1.0,1.0,1.0,1.0,6.981581687927246,1.0,6.727420806884766,10.472541809082031,9.649093627929688,1.0,7.694140434265137,1.0,1.0,16.598438262939453,1.0,1.0,17.19506072998047,6.802638530731201,1.0,1.0,10.470788955688477,1.206878900527954,5.439094543457031,2.361477851867676,8.067710876464844,1.0,1.0,2.32364821434021,1.0,1.0,1.0,4.486839294433594,1.0,1.0,4.398384094238281,1.194061279296875,1.0,1.294548511505127,1.0,1.0,7.370231628417969,3.606724739074707,8.512205123901367,2.3567676544189453,8.598997116088867,7.355545043945312,2.511892318725586,26.23348999023437,15.109436988830566,1.3562583923339844,20.28573036193848,5.283547401428223,10.752917289733888
TEST_01+6일,4.117210388183594,1.50262451171875,4.155919551849365,3.408933162689209,1.0,1.0,1.2506661415100098,1.0,1.1459722518920898,1.0,1.0,1.0,1.0,1.0,6.795280456542969,1.0,2.386363983154297,1.0,1.0415061712265017,2.890644073486328,1.7447247505187988,1.0,1.0,1.0,3.093306303024292,1.0,5.845148086547852,12.021652221679688,2.432771682739258,1.6125433444976809,1.0486230850219729,3.322749614715576,1.055773138999939,1.0,1.0,1.0,24.148143768310547,1.0,1.0,24.072460174560547,6.522340774536133,1.0,1.0,1.0,1.0,2.1905999183654785,1.0,4.449141979217529,1.0,2.3232758045196533,11.014759063720703,1.0,4.351018905639648,1.0,1.915022850036621,1.0,1.4189473390579224,1.1705840826034546,1.0,1.0,8.158430099487305,4.714916229248047,8.86516284942627,13.335237503051758,4.693696022033691,1.3251838684082031,1.0,1.2083802223205566,2.057633638381958,1.0,1.0,1.0,1.0,1.0,1.0,1.0,1.0,1.2795640230178833,1.0,1.3063218593597412,1.0,1.0,1.0,1.0,1.0,1.879276156425476,1.0,1.866595268249512,1.173606514930725,5.7280354499816895,5.117282867431641,1.0,2.1746411323547363,6.347372055053711,1.0,1.0,1.0,1.0,18.02642822265625,3.562269687652588,1.0,1.0,4.358462810516357,1.0,1.0,1.6346206665039062,16.675214767456055,1.8928766250610352,2.324369430541992,1.0,1.991517782211304,1.0,1.0,1.0,1.0,1.0,1.0,1.193392992019653,1.0,1.0,1.0,1.0,1.0,1.0,1.0,1.0,1.0,1.0,1.0,1.636533260345459,1.0,1.0,10.289861679077148,1.741561770439148,1.3391852378845217,2.23752236366272,1.0452723503112793,1.0,1.0,3.412490129470825,1.0,1.0,1.2741611003875732,1.0,6.908397674560547,1.0,11.311710357666016,7.820240020751953,9.666378021240234,1.0,7.650958061218262,1.0,1.0,16.39501953125,1.0,1.0,19.456449508666992,8.307537078857422,1.0,1.0,12.78481674194336,1.231841802597046,5.508005142211914,2.416908264160156,8.646553039550781,1.0,1.0,3.752116441726685,1.0,1.0,1.0,4.268226623535156,1.0,1.0,4.858146667480469,1.541728973388672,1.0,1.3457837104797363,1.0,1.0,7.496978759765625,3.687987327575684,8.593931198120117,2.3441638946533203,9.083402633666992,7.121854782104492,2.516195297241211,25.75819396972656,17.210250854492188,1.4599876403808594,23.35902404785156,5.472496509552002,12.48076629638672
TEST_01+7일,5.351380825042725,5.048830032348633,7.8423004150390625,4.684881210327148,1.0,1.588040113449097,1.0,4.018290519714356,3.103980541229248,1.0,1.0,1.0113768577575684,1.0,1.0,16.134368896484375,1.1830148696899414,2.532291412353516,1.0,1.348770022392273,2.1789112091064453,1.0,1.0,1.0,1.0,1.0,1.0,3.481595516204834,8.006689071655273,6.799137115478516,4.191077709197998,3.3439760208129883,4.375393867492676,3.430940628051758,1.2788169384002686,1.4113962650299072,1.0,41.22190856933594,1.0,2.3454110622406006,37.01104736328125,18.029102325439453,1.0,1.0,1.0,1.0,4.062258720397949,1.0,3.5749785900115967,1.0,4.398979187011719,15.115370750427246,2.1824445724487305,5.219629287719727,1.0760916471481323,1.363296389579773,1.047487497329712,3.2728991508483887,1.94434654712677,1.552142858505249,1.252281665802002,14.371828079223633,9.717134475708008,14.868535995483398,9.538031578063965,11.172433853149414,2.0166473388671875,1.7716691493988037,1.8978359699249268,2.914905309677124,1.0,2.077583312988281,1.1767250299453735,1.0,1.0,3.053013801574707,4.334212779998779,1.0,1.0,1.0,3.005929946899414,1.0701501369476318,1.5229538679122925,2.19738245010376,1.3044731616973877,1.162763237953186,3.550142288208008,1.3116086721420288,3.156285285949707,1.2683080434799194,8.270864486694336,1.0,1.3322319984436035,3.224471092224121,8.724209785461426,1.0,1.0816538333892822,1.0,1.0,13.14118480682373,7.957994937896728,1.066635012626648,1.0742371082305908,3.956797599792481,1.0,99.15557861328124,3.299755096435547,32.53410339355469,4.880864143371582,4.20958137512207,1.042478084564209,2.726623296737671,1.0,2.0545742511749268,1.0,1.0,1.0343170166015625,1.852486252784729,1.7815382480621338,2.0151069164276123,1.3675169944763184,1.0,1.0,1.0,1.0,1.0,1.0,1.0,1.0,1.0,1.0,1.0,1.0,1.0,2.533145904541016,3.555575370788574,3.314616441726685,2.9315783977508545,1.0,1.0,5.517224788665772,1.010356068611145,1.0,3.354442596435547,1.8952937126159668,8.726598739624023,1.0,1.0,1.0,13.960776329040527,1.0,9.28078556060791,1.0,1.0,22.80278587341309,1.010732650756836,1.0,26.300586700439453,11.136680603027344,1.8192167282104488,1.0,21.02510452270508,1.2644319534301758,8.30286979675293,3.4411988258361816,14.204337120056152,1.0,1.0,9.245139122009276,7.016365051269531,6.655807495117188,1.6818885803222656,16.852096557617188,2.408363342285156,2.124643325805664,9.437923431396484,4.890323638916016,1.0,1.853994607925415,4.410121917724609,2.740762710571289,11.002779006958008,8.126750946044922,12.522602081298828,5.214767456054688,14.666374206542969,10.753044128417969,5.152188301086426,35.353294372558594,38.65451431274414,2.4733428955078125,41.108619689941406,6.621861457824707,31.77130508422852
TEST_02+1일,8.166263580322266,2.3458213806152344,12.845991134643556,6.785552024841309,2.736018657684326,1.315192937850952,1.0,1.499481439590454,1.9932103157043457,1.0,2.716454267501831,1.0,1.513516545295715,4.888359546661377,40.39144515991211,1.4936068058013916,1.6432209014892578,1.73744797706604,1.0,2.9220848083496094,1.0,2.852752685546875,1.0,1.0,1.0,1.0,1.0,2.024393081665039,11.578140258789062,7.671163558959961,3.560277223587036,5.540850162506104,3.0767693519592285,1.4114370346069336,1.0,4.001670837402344,57.20333099365234,8.215876579284668,2.0272507667541504,33.5992431640625,23.688962936401367,1.3008350133895874,1.0,1.0,1.0,1.7327083349227903,1.0,5.446414947509766,1.0,6.0482683181762695,20.08714866638184,1.1784870624542236,10.097500801086426,1.4981368780136108,1.0184882879257202,1.6139953136444092,1.661515712738037,2.140957832336426,1.0,1.0,16.41714096069336,18.87660217285156,23.89615058898925,23.50146102905273,11.289118766784668,1.0,1.0,1.1201854944229126,1.4418516159057615,1.0,1.3176668882369995,1.0,1.008029222488403,1.0,2.333404064178467,3.999917984008789,1.0,2.3301005363464355,1.0,3.886533975601196,2.9956939220428467,1.9281878471374512,1.5307931900024414,1.0,2.682243824005127,1.0,1.0,3.812049627304077,1.5338562726974487,2.82690978050232,1.0,2.0618247985839844,3.633176803588867,1.0,1.0,1.0,1.0,1.0,6.546709060668945,9.069372177124023,1.0,1.0,1.6572256088256836,1.0,216.94805908203125,7.321754455566406,48.67101287841797,5.42652702331543,9.35809326171875,2.016615390777588,3.004514694213867,1.0,1.0062260627746582,1.0,1.0,1.0,3.364941596984864,1.256999969482422,1.042940974235535,1.235912561416626,1.0,1.0,1.0,1.0,1.0,1.0,1.0,1.0,1.0,1.0,1.0,1.0,1.0,1.8246722221374512,1.0,1.5366449356079102,1.790730357170105,1.0,1.0,1.9497807025909424,1.0,1.0,2.3269972801208496,1.0,6.108259201049805,1.0,1.0,1.0,6.322029113769531,1.0,7.417263031005859,1.0,1.0,16.168380737304688,1.0,1.0,22.67742729187012,6.759664535522461,1.0,1.0,14.007214546203612,1.1071147918701172,4.824004173278809,1.9352107048034668,6.466464996337891,1.0,1.0,13.26484489440918,1.0,1.0,1.0,6.600090026855469,2.146574020385742,1.0,10.72097396850586,1.0,1.0,5.143908977508545,1.5407752990722656,1.0,46.19133758544922,31.22855567932129,49.10654067993164,21.855445861816406,22.482534408569336,44.91164779663086,25.26898002624512,123.86965942382812,81.22297668457031,5.002743721008301,92.95803833007812,26.76984596252441,75.56483459472656
TEST_02+2일,1.979255437850952,8.026922225952148,2.6701157093048096,2.0950021743774414,1.0,1.0,3.766416549682617,1.0,1.0,1.0,1.0,1.0,1.0,1.0,8.524724006652832,1.0,5.650789260864258,1.0,1.0,9.047552108764648,3.611083507537842,1.0,1.0,1.0,1.0,1.0,1.0,1.0,3.82825231552124,2.8972949981689453,1.1601909399032593,1.762387990951538,1.0,1.0,1.0,1.552934169769287,32.47636413574219,5.146310806274414,1.0,15.323707580566406,7.35232400894165,1.0,1.0,1.0,1.0,1.2970850467681885,1.0,1.7916134595870972,1.0,1.7582876682281494,12.520618438720703,1.0,6.24538516998291,1.0,1.0,1.0,1.0,1.0,1.0,1.0,9.054208755493164,4.110757827758789,8.933684349060059,11.989317893981934,4.922944068908691,1.0,1.0,1.0,1.382212519645691,1.0,1.0,1.0,1.0,1.0,1.0,1.0,1.0,1.0,1.0,1.0,1.0,1.0,1.0,1.0,1.0,1.0,1.0,1.7068334817886353,1.0,2.6774067878723145,1.0,1.0,1.5441088676452637,1.0,1.0,1.0,1.0,1.0,8.308904647827148,3.6741690635681152,1.0,1.0,1.0,1.0,17.840309143066406,16.32672691345215,18.90261459350586,2.196707248687744,2.657566547393799,1.0,2.006263256072998,1.0,1.0,1.0,1.0,1.0,1.724146842956543,1.0,1.0,1.0,1.0,1.0,1.0,1.0,1.0,1.0,1.0,1.0,1.0,1.0,1.0,1.0,1.0,1.0,1.0,1.0135990381240845,1.0,1.0,1.0,1.318264722824097,1.0,1.0,1.0,1.0,2.683277130126953,1.0,1.0,1.0,5.209405899047852,1.0,2.500790596008301,1.0,1.0,4.291461944580078,1.0,1.0,11.516897201538086,1.843876838684082,1.0,1.0,2.763050079345703,1.0,3.2454423904418945,1.44102144241333,4.108953475952148,1.0,1.0,2.950523376464844,1.0,1.0,1.0,1.0,1.0,1.0,1.0,1.0,1.0,1.0,1.0,1.0,18.774858474731445,10.708084106445312,18.69581413269043,7.308638572692871,8.927407264709473,17.227039337158203,10.509138107299805,44.586517333984375,13.885367393493652,3.085744857788086,27.28261947631836,5.257739543914795,10.198578834533691
TEST_02+3일,2.55037784576416,4.573410034179688,2.897951602935791,1.1804343461990356,1.0,1.0,1.8978519439697263,1.0,1.236533522605896,1.0,1.0,1.0,1.0,1.0,5.002553462982178,1.0,3.971961975097656,1.0,1.0,6.189191818237305,1.6866240501403809,1.0,1.0,1.0,1.0,1.0,1.0,5.065057754516602,3.543274641036988,1.390982985496521,1.0922032594680786,1.948598861694336,1.0,1.0,1.0,1.0,21.15694808959961,2.918823719024658,1.0,15.60421085357666,8.189613342285156,1.0,1.0,1.0,1.0,1.5824795961380005,1.0,1.6308661699295044,1.0,1.3287601470947266,11.016573905944824,1.0,4.168370246887207,1.0,1.0,1.0,1.0,1.0,1.0,1.0,5.901366233825684,2.6695480346679688,6.3886027336120605,7.9459638595581055,5.369620800018311,1.0,1.0,1.0,1.4627090692520142,1.0,1.0,1.0,1.0,1.0,1.0,1.0,1.0,1.0,1.0,1.0,1.0,1.0,1.0,1.0,1.0,1.0,1.0,1.0,1.0,2.7788643836975098,6.15089225769043,1.0,1.7116246223449707,1.0,1.0,1.0,1.0,1.0,7.539920806884766,2.710714101791382,1.0,1.0,1.581248760223389,1.0,12.87896728515625,24.40800666809082,11.995410919189451,2.6256678104400635,1.3825960159301758,1.01676344871521,2.3974685668945312,1.0,1.3977771997451782,1.0,1.0,1.0,1.0899081230163574,1.0,1.0,1.6216652393341064,1.0,1.0,1.0,1.0,1.0,1.0,1.0,1.0,1.0,1.0,1.0,1.0,1.0,1.429560899734497,1.0,2.322692394256592,1.125707745552063,1.0,1.0,5.298758029937744,1.0,1.0,1.0,1.0,3.738743782043457,1.0,13.263534545898438,12.78194808959961,5.423288345336914,1.0,3.0862960815429688,1.0,1.0,7.665599822998047,1.0,1.0,11.864395141601562,2.4463138580322266,1.0,1.0,4.015769958496094,1.0,3.484076499938965,1.491767406463623,4.62126350402832,1.0,1.0,2.273663282394409,1.0,1.0,1.0,1.0,1.0,1.0,1.7895164489746094,1.0,1.0,1.0,1.0,1.0,15.39073371887207,7.849794387817383,13.322347640991213,4.578255653381348,9.893138885498049,10.216325759887695,6.882630348205566,37.35980987548828,13.734746932983398,3.9335336685180655,19.53075408935547,4.7678542137146,7.194562911987305
TEST_02+4일,1.774925708770752,2.60969352722168,2.740053415298462,1.0477492809295654,1.0,1.0,1.0,1.0,1.738522171974182,1.0,1.0,1.0,1.0,1.0,4.8325371742248535,1.0,1.0,1.0,1.0,2.396146774291992,1.3584060668945312,1.0,1.0,1.0,1.0,1.0,1.0,7.500802993774414,4.429136753082275,1.6596765518188477,2.014982223510742,1.7999436855316162,1.0,1.0,1.0,1.0,18.41280174255371,2.103177785873413,1.0,14.467434883117676,9.68251132965088,1.0,1.0,1.0,1.0,1.390877604484558,1.0,1.304373264312744,1.0,1.0474618673324585,8.777788162231445,1.0,3.777945756912232,1.0,1.0,1.0,1.0,1.0,1.0,1.0,4.5144572257995605,2.4381237030029297,5.8985114097595215,6.976171016693115,6.242908477783203,1.0323554277420044,1.0,1.0,1.7421655654907229,1.0,1.0,1.0,1.0,1.0,1.0,1.082221746444702,1.0,1.0,1.0,1.0,1.0,1.0,1.0,1.0036745071411133,1.0,1.0,1.0,1.0,1.0,2.709096193313598,1.7644119262695312,1.0,1.7150399684906006,1.0,1.0,1.0,1.0,1.0,10.840082168579102,2.955437421798706,1.0,1.0,1.0,1.0,1.0,10.271635055541992,7.021533012390137,2.3785619735717773,1.6081786155700684,1.0,1.7367839813232422,1.0,1.7791906595230105,1.0,1.0,1.0,1.2604119777679443,1.0,1.0,1.0,1.0,3.743630409240722,1.0,1.0,1.0,1.0,1.0,1.0,1.0,1.0,1.0,1.0,1.0,1.1162126064300537,1.0,1.4473347663879397,1.0,1.0,1.0,2.420153379440308,1.0,1.0,1.0,1.0,3.3923416137695312,1.0,4.1850433349609375,5.736499786376953,5.40168571472168,1.0,3.2133045196533203,1.0,1.0,6.980155944824219,1.0,1.0,12.019622802734377,2.412093162536621,1.0,1.0,3.809194564819336,1.0,3.4394121170043945,1.490206241607666,4.463800430297852,1.0,1.0,1.9375262260437007,1.0,1.0,1.0,1.0,1.0,1.0,2.363323211669922,1.0,1.0,1.0,1.0,1.0,9.879806518554688,5.538784980773926,10.453189849853516,3.224881172180176,8.427095413208008,6.805986404418945,4.656393051147461,29.3121337890625,10.205289840698242,3.498668670654297,17.146188735961914,4.529593467712402,4.167854309082031
TEST_02+5일,4.684464454650879,13.806696891784668,5.295650005340576,2.4211082458496094,1.0,1.0,3.304410457611084,1.0,1.7688302993774414,1.0,1.0,1.0,1.0,1.1941710710525513,12.577723503112791,1.0,15.71970272064209,1.0,1.0,12.234623908996582,4.046329498291016,1.0,1.0,1.0,1.0,1.0,1.0,13.796266555786133,3.4990234375,2.139379978179932,1.804878115653992,2.806487560272217,1.070103883743286,1.0,1.0,1.0,27.917356491088867,3.0618529319763184,1.0,22.351055145263672,7.121448516845703,1.0,1.0,1.0,1.0,1.9741188287734983,1.0,1.938590288162232,1.0,1.9269704818725584,12.599414825439451,1.0,4.049105644226074,1.0,1.354919195175171,1.0,1.0802313089370728,1.0,1.0,1.0,7.040307998657227,4.4296875,7.569618225097656,11.761951446533203,7.763258457183838,1.0,1.0,1.0,2.356643915176392,1.0,1.0,1.0,1.0,1.0,1.0,1.8783867359161377,1.0,1.0,1.0,1.3528895378112793,1.0,1.0,1.0,1.0,1.0,1.0,1.0,1.3434398174285889,1.0,2.806464910507202,13.467636108398438,1.0,3.3116443157196045,1.0,1.0,1.0,1.0,1.0,22.03091621398925,5.244841575622559,1.0,1.0,3.2102439403533936,1.0,24.32333755493164,46.60977935791016,11.956021308898926,3.7589828968048096,3.367983818054199,1.2311644554138184,3.134751558303833,1.0,1.270982265472412,1.0,1.0,1.0,1.807294249534607,1.1028928756713867,1.0,1.0600042343139648,1.0,1.0,1.0,1.0,1.0,1.0,1.0,1.0,1.0,1.0,1.0,1.0,1.0,2.251392364501953,1.0,2.7513022422790527,1.3092985153198242,1.0,1.0,4.894307613372803,1.0,1.0,1.7110378742218018,1.0,3.885110855102539,1.0,12.672983169555664,12.33721160888672,5.384401321411133,1.0,3.3403120040893555,1.0,1.0,9.177989959716797,1.0,1.0,12.14662742614746,2.401747703552246,1.0,1.0,3.81488037109375,1.0,3.53256893157959,1.5760841369628906,4.572471618652344,1.0,1.0,4.671288967132568,1.0,1.0,1.0,1.0,1.0,1.0,2.5450897216796875,1.0,1.0,1.0,1.0,1.0,15.281731605529783,7.122991561889648,12.496334075927734,4.13395881652832,9.4973783493042,8.940017700195312,5.518925666809082,33.20094299316406,20.804903030395508,4.368399620056152,21.80712509155273,5.944408893585205,12.972431182861328
TEST_02+6일,8.450459480285645,24.55295181274414,7.456873416900635,4.014242172241211,1.0,1.6736292839050293,6.5944671630859375,1.0,4.335983276367188,1.0,1.5768383741378784,1.0,1.0,2.679182529449463,16.393644332885742,1.200317144393921,24.4860897064209,1.0,2.2021305561065674,22.90202522277832,8.022407531738281,1.43960702419281,1.0,1.0,5.4173078536987305,1.0,9.258241653442385,37.18476867675781,3.3159942626953125,2.097980737686157,1.7075225114822388,4.353987693786621,2.212652921676636,1.7173045873641968,1.0,1.0,36.79782485961914,2.153689384460449,1.0877548456192017,32.21296310424805,7.0600762367248535,1.0482091903686523,1.0,1.0,1.1082358360290527,3.419368028640747,1.0,2.596949338912964,1.0,3.181142568588257,14.125696182250977,1.0,4.795450210571289,1.0,2.283287286758423,1.4001185894012451,1.3538434505462646,1.0,1.0,1.0,8.929290771484375,7.827396392822266,9.694598197937012,14.936384201049805,5.03619384765625,1.0,1.0,1.0,2.5825719833374023,1.0,1.0,1.0,1.0,1.0,2.107652425765991,4.263928413391113,1.0,1.0,1.4644160270690918,1.912710428237915,1.0603036880493164,1.0,1.0,1.0,1.7046858072280884,1.2066259384155271,1.0,1.718106985092163,1.1482642889022827,3.038130760192871,35.1403694152832,1.0,4.324545383453369,1.0,1.0,1.0,1.0,1.3960707187652588,21.032201766967773,8.49337100982666,1.0,1.0,6.809355735778809,1.0,52.4365463256836,45.1462287902832,16.608306884765625,4.145806312561035,4.374569892883301,1.338230848312378,4.144989967346191,1.0,1.2457603216171265,1.0,1.0,1.526544213294983,2.217862129211426,1.2466987371444702,1.0,1.5435705184936523,1.0,1.0,1.0,1.0,1.0,1.0,1.0,1.0,1.0,1.0,1.0,1.0,1.0,3.994632005691528,2.6761417388916016,5.002982139587402,1.3620566129684448,1.0,2.406175136566162,9.952167510986328,1.239160418510437,1.3747053146362305,2.8147714138031006,1.0,5.654522895812988,1.0,90.45573425292967,50.78165054321289,6.14271354675293,1.0,4.483382225036621,1.0,1.0,14.990970611572266,1.0,1.0,13.212055206298828,3.3559374809265137,1.0,1.0,5.939388275146484,1.0,4.082577705383301,1.8563590049743648,5.381965637207031,1.0,1.0,7.10468339920044,1.0,1.0,1.0,2.5284347534179688,1.0,1.0,4.548072814941406,1.651519775390625,1.0,1.0,1.0,1.0,19.88895797729492,8.222939491271973,15.27792739868164,5.400679588317871,11.80067539215088,11.014982223510742,7.764520645141602,40.19000244140625,27.88629722595215,5.9911651611328125,24.407604217529297,7.108520984649658,20.240421295166016
TEST_02+7일,16.184959411621094,3.77431869506836,15.06924819946289,9.31590747833252,2.21430778503418,3.628866195678711,1.0,4.42015266418457,4.323264122009277,1.688729166984558,3.92805552482605,1.4456944465637207,2.7252755165100098,5.874392032623291,36.7615966796875,2.1635000705718994,2.426898956298828,2.232044219970703,2.8901381492614746,4.720708847045898,1.3887300491333008,5.455985069274902,1.229586124420166,1.0,1.0,1.0,8.773748397827148,41.59587478637695,7.996558666229248,4.600913047790527,3.4638214111328125,8.862470626831055,4.866983413696289,2.4828591346740723,1.0,1.9056984186172483,63.75545883178711,4.070320129394531,2.4645791053771973,54.98393249511719,16.626800537109375,1.586972951889038,1.0,1.0,1.8932881355285645,5.033724784851074,1.0,5.985288619995117,1.0,6.714622497558594,18.421363830566406,2.3053946495056152,7.4939188957214355,1.0,3.3274502754211426,2.7869207859039307,1.772871017456055,1.762238383293152,1.0,1.760322093963623,15.892095565795898,15.123455047607422,20.077224731445312,25.31144142150879,8.286901473999023,1.0,1.6512625217437744,1.0717928409576416,1.6758456230163574,1.1396750211715698,1.2864285707473757,1.0,1.3711191415786743,1.0,3.796444892883301,8.754758834838867,1.0,1.4749701023101809,1.0,4.34368896484375,2.6149725914001465,2.4218590259552,2.100462913513184,1.0,4.392024517059326,3.1175193786621094,1.7243800163269043,3.3114733695983887,1.7579519748687744,3.351320266723633,9.01241683959961,1.7732970714569092,5.726310729980469,1.2751946449279783,1.5209623575210571,1.0,1.0,1.974484205245972,7.659602165222168,10.766725540161133,1.373901605606079,1.0,10.750158309936523,1.0,160.45852661132812,7.330038070678711,33.80617141723633,6.063857078552246,9.348767280578612,2.211143016815185,3.739422559738159,1.0,1.1695560216903689,1.0,1.0,1.0,3.7068352699279785,2.478499412536621,1.4502794742584229,1.5658676624298096,1.0,1.0,1.0,1.0,1.0,1.0,1.0,1.0,1.0,1.0,1.0,1.0,1.0,5.394193649291992,3.9042739868164062,5.529379844665527,2.59309196472168,1.1586368083953855,2.734614849090576,8.870660781860352,1.5692065954208374,1.0,4.004833698272705,1.5329904556274414,11.8328275680542,1.0,59.83709335327149,12.778282165527344,8.071979522705078,1.0,8.664480209350586,1.0,1.0,38.07706069946289,1.0,1.0,19.650484085083008,8.635415077209473,12.139925003051758,1.0,16.67753791809082,1.2973687648773191,5.977618217468262,2.4738998413085938,8.511268615722656,1.0,1.0,15.484540939331056,4.759300231933594,5.126617431640625,1.0,15.453887939453123,4.420078277587891,1.6810264587402344,13.00908088684082,4.048599243164063,1.0,4.323629856109619,4.944309234619141,2.234569549560547,45.00879669189453,21.381681442260746,35.579471588134766,15.469850540161133,28.295394897460938,29.33014678955078,21.427377700805664,110.63150024414062,73.95133972167969,9.335440635681152,63.81990814208984,20.995832443237305,60.69630432128906
TEST_03+1일,3.595236301422119,8.507574081420898,9.826391220092772,2.589972496032715,1.0,1.2021914720535278,1.0,1.78988778591156,3.085994243621826,1.0,1.0,1.0,1.0,1.1046583652496338,14.367145538330078,1.0,2.318805694580078,1.0,1.0,6.033411026000977,1.3996877670288086,1.0,1.0,1.0,1.0,1.0,8.168132781982422,19.945518493652344,6.236075878143311,4.715821266174316,6.391885280609131,3.166996479034424,1.8257532119750977,1.0,1.0,4.983444213867188,30.46956443786621,8.535696983337402,1.0,23.47122383117676,12.074557304382324,1.0,1.0,1.0,1.532723903656006,1.6472506523132324,1.0,2.996718168258667,1.0,1.6786987781524658,15.586767196655272,2.1254563331604004,5.9392523765563965,1.0,3.326256513595581,1.4079136848449707,2.1741771697998047,1.0,1.0,1.0,5.685696125030518,9.41002082824707,27.43756484985352,12.055146217346191,14.009174346923828,1.0844407081604004,1.0,1.0,1.6551918983459473,1.0,2.190030574798584,1.0,1.926926612854004,1.0,4.854663848876953,1.406771183013916,1.0,1.978904604911804,1.0,3.922021627426148,2.328848361968994,1.0,1.0,3.106516599655152,1.0,1.0,1.0472614765167236,1.543931245803833,4.931694984436035,4.429147720336914,1.0,1.32488214969635,3.430734872817993,8.118301391601562,1.0,1.5369093418121338,1.0,1.087840557098389,15.879741668701172,4.609218597412109,3.9056684970855713,3.026120901107788,4.168013572692871,1.0,195.82192993164065,4.572765350341797,21.07281875610352,4.153395652770996,1.005958914756775,1.0,4.914028167724609,1.0,1.6469595432281494,1.0,1.2037081718444824,1.0,1.0,1.0,5.306254863739014,2.460806608200073,1.0,5.992613792419434,1.0,1.0,1.0,1.0,1.0,1.0,1.0,1.0,1.0,1.0,27.76792907714844,1.0,1.0,1.0,1.0,1.0,1.0,1.5467631816864014,1.0,1.0,1.0,1.0,8.749366760253906,1.1460580825805664,1.0,1.0,13.309406280517578,1.0,12.745241165161133,1.1897296905517578,1.0,30.47972297668457,1.5760574340820312,1.7803592681884766,29.443952560424805,7.313406944274902,2.7476882934570312,1.195244312286377,14.579562187194824,2.989632606506348,7.589677810668945,3.9931602478027344,12.246027946472168,1.0066232681274414,1.0,14.311134338378906,19.9487533569336,17.01891326904297,1.97878646850586,20.190486907958984,2.807401657104492,13.691913604736328,31.105440139770508,19.97730255126953,8.70117473602295,4.177687168121338,6.251792907714844,6.910366058349609,140.0203094482422,83.2109375,120.60560607910156,48.42980194091797,65.4898910522461,141.039306640625,76.7286605834961,546.9237060546875,113.67234802246094,74.27114868164062,89.86567687988281,16.265792846679688,145.10537719726562
TEST_03+2일,1.0,23.373374938964844,2.1745121479034424,1.0,1.0,1.0,19.922739028930664,1.8554126024246216,1.0,1.0,1.0,1.0,1.0,1.0,2.834845542907715,1.0,39.59047317504883,1.0,1.0,39.955360412597656,21.443422317504883,1.0,1.0,1.0964175462722778,7.0362868309021,16.380664825439453,12.18868637084961,11.149652481079102,3.468715190887451,1.4560061693191528,4.460666656494141,3.160822868347168,1.0,1.0,1.0,3.398876905441284,23.5407829284668,7.532595634460449,1.0,21.19361114501953,7.501857280731201,1.0,1.0,1.0,1.0,1.4370709657669067,1.0,2.3969149589538574,1.0,1.0,9.117165565490724,1.0,5.010727882385254,1.0,1.4222724437713623,1.0,1.0,1.0,1.0,1.0,2.7132906913757324,2.7117207050323486,21.388267517089844,14.186060905456545,12.276480674743652,1.0,1.0,1.0,1.6686758995056152,1.0,1.0,1.0,1.0,1.0,3.275991439819336,1.0,1.0,2.7639083862304688,1.0,2.24507737159729,1.7703357934951782,1.0,1.0,1.0,1.0,1.0,1.0918867588043213,1.0,3.0570759773254395,2.483180522918701,93.3668975830078,1.0,3.6970930099487305,3.2901997566223145,1.0,1.0,1.0,1.0,15.341522216796877,1.0,1.3155887126922607,1.8402886390686035,2.3886313438415527,1.0,1.0,112.77879333496094,4.448261260986328,2.917719602584839,1.0,1.0,3.5363481044769287,1.0,1.0,1.0,1.0,1.0,1.0,1.0,4.4237213134765625,2.023287534713745,1.0,38.32921600341797,1.0,1.0,1.0,1.0,1.0,1.0,1.0,5.250998020172119,1.0,1.0,52.43190002441406,1.0,1.0,1.0,1.0,1.0,1.0,1.0,1.0,1.0,1.0,1.0,4.024971961975098,1.0,96.83670043945312,134.940185546875,5.738712310791016,1.0,5.059998512268066,1.0,1.0,14.83840560913086,1.0,1.0,21.57672119140625,2.145493507385254,1.0,1.0,6.718313217163086,1.0,3.563196182250977,2.263108253479004,4.12004280090332,1.0,1.0,7.619574069976807,1.0,1.0,1.0,1.0,1.0,2.074735641479492,1.1052207946777344,1.0,1.0,1.0,1.0,1.0,118.8587646484375,49.87708282470703,102.7799072265625,17.47943115234375,69.01824951171875,72.80976867675781,47.80774688720703,466.2552185058594,71.98990631103516,95.91754913330078,48.145545959472656,9.753724098205566,78.36273193359375
TEST_03+3일,1.7289628982543943,19.450050354003903,3.348461151123047,1.0,1.0,1.0,9.978461265563965,1.7950400114059448,1.0143553018569946,1.0,1.0,1.0,1.0,1.6821368932724,6.330569267272949,1.0,24.97521209716797,1.0,1.0,26.174848556518555,10.123207092285156,1.0,1.0,1.0,1.0,20.56620407104492,19.634464263916016,27.74960327148437,4.260703086853027,1.7086446285247805,3.961094379425049,3.405626058578491,1.0,1.0,1.0,2.3485260009765625,28.725017547607425,9.000247955322266,1.0,23.86688232421875,8.812100410461426,1.0,1.0,1.0,1.0,1.5644038915634155,1.0,1.7264723777770996,1.0,1.0946255922317505,10.250036239624023,1.0,5.178936958312988,1.0,1.3819777965545654,1.0,1.0,1.0,1.0,1.0,2.903336524963379,3.4565589427948,18.211156845092773,12.590323448181152,10.942611694335938,1.0,1.0,1.0,2.140248537063598,1.0,1.0432640314102173,1.0,1.482573628425598,1.0,5.107677459716797,1.0,1.0,4.49240779876709,1.0,3.522669792175293,2.846174955368042,2.0193347930908203,1.0,1.0,1.0,1.0,1.5001531839370728,1.356935739517212,4.999515533447266,3.5981922149658203,86.56378173828125,1.0,3.3068668842315674,3.7387945652008057,1.0,1.0,1.0,1.0,15.321575164794922,1.1014797687530518,1.3676482439041138,1.462259292602539,3.569567918777466,1.0,3.441322326660156,60.02024459838867,4.55833625793457,2.4340054988861084,1.0,1.0,2.5499722957611084,1.0,1.0,1.0,1.0,1.0,1.0,1.0,4.044557094573975,1.7575366497039795,1.0,26.75858688354492,1.0,1.0,1.0,1.0,1.0,1.0,1.0,4.554640769958496,1.0,1.0,60.618499755859375,1.0,1.0,1.0,1.0,1.0,1.0,1.4181034564971924,1.0,1.0,1.0,1.0,4.714522361755371,1.0,137.82752990722656,154.20086669921875,6.676340103149414,1.0,5.942702293395996,1.0,1.0,18.02680969238281,1.0,1.0,23.042125701904297,2.810799598693848,1.0,1.0,7.988089561462402,1.0,4.231884002685547,2.655024528503418,5.561607360839844,1.0,1.0,8.347519874572754,1.3126983642578125,1.3478775024414062,1.0,1.0,1.0,4.065460205078125,5.246623992919922,3.060489654541016,1.235015869140625,1.0,1.0,1.0,142.3638458251953,59.93665313720703,111.889404296875,22.10280418395996,88.17584991455078,88.04036712646484,55.18444061279297,543.828857421875,98.30684661865234,106.94876861572266,81.03854370117188,18.10721206665039,108.01820373535156
TEST_03+4일,2.3087317943573,21.83106803894043,4.603670597076416,1.0,1.0,1.0,14.564066886901855,1.3297595977783203,1.173995018005371,1.0,1.0,1.0,1.0,1.6464160680770874,7.0332441329956055,1.0,42.96805953979492,1.0,1.0,43.02470397949219,16.292587280273438,1.0,1.0,1.0,10.725923538208008,6.054309844970703,18.066850662231445,15.78701877593994,4.656696319580078,1.942016839981079,3.51369857788086,3.603259801864624,1.0,1.0,1.0,2.220414161682129,28.1853084564209,9.212239265441896,1.0,24.16583824157715,10.082890510559082,1.0,1.0,1.0,1.0,1.6207396984100342,1.0,1.7820165157318115,1.0,1.298921823501587,10.99307346343994,1.0,5.431906700134277,1.0,1.4824211597442627,1.0,1.1726083755493164,1.0,1.0,1.0,3.3837900161743164,4.4869537353515625,17.75728416442871,11.380600929260254,10.059589385986328,1.1849735975265503,1.0,1.0,2.3091444969177246,1.0,1.2867547273635864,1.0,1.3073335886001587,1.0,5.0394673347473145,1.0,1.0,3.497279405593872,1.0,3.7856500148773193,2.6965670585632324,1.0,1.0,1.0054693222045898,1.0,1.0,1.3292114734649658,1.5527406930923462,5.253898620605469,4.1514811515808105,48.77143096923828,1.0,2.7861244678497314,3.83789324760437,1.0,1.0,1.0,1.0,16.37841033935547,1.5247750282287598,1.780841588973999,1.2289233207702637,4.144650459289551,1.0,11.335086822509766,79.54103088378906,5.607285499572754,2.5470118522644043,1.0,1.0,2.4499690532684326,1.0,1.0,1.0,1.0,1.0,1.0,1.0,3.5634591579437256,1.762112379074097,1.0,27.92285919189453,1.0,1.0,1.0,1.0,1.0,1.0,1.0,4.241862773895264,1.0,1.0,51.66344451904297,1.0,1.0,1.2629971504211426,1.0,1.0,1.0,2.047230958938598,1.0,1.0,1.0,1.0,5.444729804992676,1.0,49.23717880249024,74.8956069946289,7.724149703979492,1.0,7.191189765930176,1.0,1.0,20.72877311706543,1.0,1.0,25.027013778686523,3.830246925354004,1.0,1.0,9.381054878234863,1.035607099533081,4.640242576599121,2.758078098297119,6.847925186157227,1.0,1.0,9.41279411315918,1.4194488525390625,1.6132736206054688,1.0,1.8361663818359373,1.0,4.56452751159668,9.805017471313477,5.091606140136719,2.207164764404297,1.0,1.0,1.0,137.0785369873047,60.802345275878906,107.99868774414062,25.778499603271484,76.91651153564453,96.70232391357422,55.76089859008789,531.8978271484375,107.99374389648438,87.42769622802734,82.85276794433594,20.636829376220703,127.39302825927734
TEST_03+5일,1.863210678100586,52.994720458984375,4.012931346893311,1.0,1.0,1.017033576965332,36.77752304077149,1.8534728288650515,1.8944354057312007,1.0,1.0,1.0,1.0,2.408210277557373,9.125448226928713,1.0,83.27276611328125,1.0,1.0,79.33464050292969,39.063743591308594,1.0,1.0,1.0,30.015893936157227,12.83163070678711,16.81466293334961,20.969669342041016,5.590909004211426,2.972983360290528,4.3384222984313965,3.326608180999756,1.0,1.0,1.0,2.9603612422943115,32.97274398803711,10.815919876098633,1.513230323791504,25.21514320373535,12.268415451049805,1.0,1.0,1.0,1.0,1.500536561012268,1.0,2.08691668510437,1.0,1.1320137977600098,10.555545806884766,1.0,5.247757911682129,1.0,1.6141536235809326,1.0,1.2678133249282837,1.0,1.0,1.0,3.013841152191162,5.838363170623779,19.34123039245605,13.31123161315918,13.054935455322266,1.5912787914276123,1.0,1.943436861038208,2.6483216285705566,1.0,1.6085997819900513,1.0,1.5041342973709106,1.0,5.478061676025391,1.0405826568603516,1.0,3.7570855617523193,1.0,4.573660850524902,3.215427160263061,1.1988898515701294,1.626560926437378,1.0,1.0,1.0,1.79439377784729,2.224771022796631,5.702024459838867,4.057945728302002,74.11972045898438,1.0,3.3717994689941406,3.594428539276123,1.0,1.0,1.0,1.0,17.476688385009766,1.310747146606445,1.9791525602340696,1.4256622791290283,3.289212465286255,1.0,1.5867652893066406,122.84690856933594,5.951539993286133,3.0485169887542725,1.0,1.0,3.0940773487091064,1.0,1.0,1.0,1.0,1.0,1.0515835285186768,1.0,4.078882217407227,2.225632905960083,1.0,53.664180755615234,1.0,1.0,1.0,1.0,1.0,1.0,1.0,6.450625419616699,1.0,1.3262598514556885,71.15827941894531,1.0,1.0,1.0,1.0,1.0,1.0,1.5036113262176514,1.0,1.0,1.0,1.0,5.34877872467041,1.0,137.8700714111328,162.5534210205078,7.7284698486328125,1.0,6.738088607788086,1.0,1.0,19.985843658447266,1.0,1.0,25.12226676940918,2.8927693367004395,1.0,1.0,8.871248245239258,1.0799851417541504,4.892914772033691,2.894702434539795,6.666067123413086,1.0,1.0,8.990812301635742,4.362785339355469,3.812271118164064,1.0,2.8290252685546875,1.0,5.684656143188477,6.829051971435547,5.7442474365234375,2.179269790649414,1.0,1.0,1.455810546875,141.8467254638672,73.4983901977539,121.9358367919922,31.571701049804688,90.89652252197266,118.0561065673828,67.67207336425781,588.1856689453125,126.0153350830078,101.0750961303711,110.7762680053711,29.20452690124512,146.01199340820312
TEST_03+6일,4.711541652679443,47.47769546508789,6.0007500648498535,3.626680850982666,1.0,1.2256492376327517,22.12470245361328,2.236074447631836,2.012885808944702,1.0,1.0,1.0,1.0,4.440456867218018,18.584022521972656,1.410716533660889,32.91738510131836,1.0,1.0,48.98170471191406,24.427711486816406,1.0,1.0,1.0,8.947468757629395,7.500193119049072,16.913074493408203,58.22317886352539,4.949841499328613,2.6947715282440186,4.219976425170898,3.901004314422608,1.3192837238311768,1.0,1.0,2.603011131286621,44.83566665649414,9.925193786621094,1.9901577234268188,32.9941291809082,13.68922519683838,1.0,1.0,1.0,1.0,1.5925467014312744,1.0,2.808480024337769,1.0,1.927451729774475,11.815597534179688,1.0,5.476161956787109,1.0,4.068397998809815,2.075338363647461,3.2775495052337646,1.0,1.0,1.0,5.134242534637451,5.759997844696045,19.801342010498047,11.008455276489258,12.781431198120115,2.031480312347412,1.0,3.392690658569336,2.9802474975585938,1.0,1.4456381797790527,1.0,1.6154135465621948,1.0,4.775874137878418,1.0476701259613037,1.0,3.0881612300872803,1.0,4.690041542053223,2.888090372085572,2.12920355796814,4.0067667961120605,1.7949604988098145,2.881096839904785,1.731332540512085,1.5876703262329102,2.344592332839966,4.530742645263672,5.257803440093994,131.8160858154297,1.0,4.134748458862305,5.067042350769043,1.0,1.0,1.0,1.0,14.409869194030762,2.6408677101135254,2.1519808769226074,1.214910626411438,4.155350685119629,1.0,5.044380187988281,95.37359619140624,7.944760322570801,4.362011432647705,1.2699851989746094,1.0,3.348217248916626,1.0,1.0,1.0,1.0448951721191406,1.0,3.2702746391296387,1.9211697578430176,3.9506094455718994,2.218442440032959,1.0,1.3753013610839844,1.0902342796325684,1.125723361968994,1.0,1.0,1.0,1.0,1.0,5.935735702514648,1.0,1.0,71.2846450805664,5.032426834106445,2.8102993965148926,5.118390083312988,1.4057265520095823,1.3629448413848877,1.8884832859039309,9.087217330932615,2.0516517162323,1.034101963043213,4.549583435058594,1.778083324432373,6.547360420227051,1.0,190.76705932617188,201.02203369140625,9.450334548950195,1.0,8.65304946899414,1.0,1.0,24.014467239379883,1.0,1.0,26.85270500183105,6.193835735321045,1.0,1.0,10.973014831542969,1.2717127799987793,5.465892791748047,3.103151798248291,8.868332862854004,1.0,1.0,8.691544532775879,6.863861083984375,6.226119995117188,1.0,7.829780578613281,1.0,6.879644393920898,16.380651473999023,9.544200897216797,3.695375442504883,1.8467493057250977,1.8663749694824217,2.8283729553222656,124.07310485839844,66.89704895019531,111.52748107910156,37.81747055053711,73.41028594970703,97.9914779663086,67.66212463378906,479.8525390625,102.8951416015625,66.45591735839844,119.96563720703124,27.525758743286133,111.1551284790039
TEST_03+7일,8.126443862915039,9.838895797729492,13.298662185668944,7.821140289306641,1.2630329132080078,1.6873551607131958,1.0,2.1143596172332764,3.862281322479248,1.0,1.0,1.0,1.0,4.197620868682861,32.31708908081055,2.112957239151001,3.332181930541992,1.0,1.0,5.097297668457031,1.0,1.0,1.0,1.0,1.0,1.0,21.60698699951172,43.58462142944336,7.151407718658447,4.893402099609375,6.457055568695068,3.85213041305542,2.5733892917633057,1.0,1.0,4.588328361511231,51.20345687866211,11.226033210754396,1.260522723197937,33.343833923339844,16.239328384399414,1.0,1.0,1.0,1.339151382446289,1.659401535987854,1.0,3.2520346641540527,1.0,2.489807844161988,14.37164306640625,1.220876693725586,6.226632595062256,1.0,6.751635074615479,4.283264636993408,5.2487640380859375,1.0,1.0,1.0,8.818252563476562,9.96686553955078,26.996580123901367,13.335859298706056,15.60305404663086,2.923332691192627,1.0,1.0,2.159476518630981,1.0,3.2701878547668457,1.0,3.2999095916748047,1.0,6.7786407470703125,1.3980594873428345,1.0,3.102477550506592,1.0,6.580802440643311,3.655360221862793,1.5515296459197998,1.0,5.246601104736328,5.383770942687988,1.0,2.001216650009156,2.8251662254333496,7.117575645446777,7.704030990600586,1.0,1.543913960456848,4.6870622634887695,6.7631378173828125,1.0,1.1389801502227783,1.0,1.3041877746582031,15.896936416625977,5.914062023162842,3.63896107673645,1.889570355415344,5.351736068725586,1.0,137.04248046875,4.106086730957031,18.666412353515625,5.603946685791016,1.4083269834518433,1.0,4.13072681427002,1.0,1.5252089500427246,1.0,1.4831231832504272,1.0,2.842796802520752,2.1782238483428955,5.255064964294434,3.344923973083496,1.0,7.354469299316406,1.0,1.0,1.0,1.0,1.0,1.0,1.0,1.0,1.0,1.0,44.51511001586914,5.716586112976074,3.9718308448791504,5.539434432983398,1.085047483444214,1.304553508758545,2.149510145187378,12.126964569091797,1.6412842273712158,2.1299777030944824,5.289803981781006,2.6838414669036865,9.329955101013184,1.4819097518920898,1.0,1.0,13.766878128051758,1.0,11.83840560913086,1.5247697830200195,1.0,31.03692054748535,1.6985015869140625,1.8646316528320312,29.727066040039062,10.243769645690918,3.173776149749756,1.0,14.589037895202637,2.407862663269043,7.4400529861450195,3.9974541664123535,12.696239471435549,1.116535186767578,1.0,13.100582122802734,22.4040756225586,19.319015502929688,2.582479476928711,22.085128784179688,3.203899383544922,11.875863075256348,30.144933700561523,20.218231201171875,7.340585231781006,4.531157493591309,7.34051513671875,7.379243850708008,158.1196746826172,99.1209945678711,143.09259033203125,67.1029052734375,84.18669128417969,155.01193237304688,98.07659912109376,605.9931640625,138.75677490234375,75.25433349609375,172.5319061279297,30.92534828186035,168.86412048339844
TEST_04+1일,2.370622158050537,1.0,7.748515605926514,4.566272258758545,1.2441712617874146,1.0,1.0,1.0,1.0,1.0,1.0,1.0,1.0,1.0,1.0,1.0,1.0,1.0,1.1099371910095217,1.5700817108154297,1.0,1.0,1.067669153213501,1.0,2.028454065322876,1.0,5.386569023132324,8.719345092773438,5.063124179840088,1.1470602750778198,1.0,3.109915256500244,1.0,1.0,1.0,3.980135917663574,26.349733352661133,3.033979892730713,1.858293056488037,23.353487014770508,3.8989315032958975,1.0,1.0,1.0,1.0,1.017916560173035,1.0,1.0954416990280151,1.0,1.0,8.121842384338379,1.0,4.380647659301758,1.0,3.549259185791016,1.0,1.1707231998443604,1.0,1.0,1.4074420928955078,6.585211753845215,5.812766075134277,11.874883651733398,7.293713569641113,10.062063217163086,1.0,1.0,1.0,1.3013901710510254,1.0,2.168063163757324,1.0,1.1245901584625244,1.0,2.772886037826538,1.0,1.0,1.0,1.0,1.986726880073548,1.0,1.0,1.0,1.0,1.0,1.074462890625,1.6054916381835938,1.0,2.192255973815918,2.342111110687256,1.0,1.0990393161773682,1.9395599365234373,4.496103763580322,1.0,1.0,1.0,1.0,12.91454792022705,3.140153169631958,1.273593187332153,1.0,2.5850954055786133,1.0,171.19595336914062,7.013856887817383,25.50171661376953,3.0324506759643555,1.1536825895309448,1.0,1.0,1.0,2.1143722534179688,1.0401859283447266,1.0055618286132812,1.0,1.0,2.093446016311645,2.368675947189331,1.0,1.0,1.0,1.0,1.0,1.0,1.0,1.0,1.0,1.0,1.0,1.0,1.0,1.0,1.0,1.0,1.0,1.7690134048461914,1.0,1.0,1.0,1.0,1.0,1.0,1.0,3.060577392578125,1.0,1.0,1.0,6.27665901184082,1.0,4.200155258178711,1.0,1.0,9.027633666992188,1.0,1.0,11.243484497070312,5.056607246398926,1.0,1.0,3.6045150756835938,1.0,3.767375946044922,2.0085973739624023,3.924877166748047,1.0,1.0,3.563182830810547,1.0,1.0,1.0,1.0,1.0,1.0,1.0,1.0,1.0,1.0,1.0,1.0,11.476810455322266,3.379521369934082,6.127565383911133,1.0,3.7510986328125,2.139883041381836,2.0967578887939453,20.7324447631836,2.926065444946289,1.821044921875,1.0,1.3137693405151367,5.419978141784668
TEST_04+2일,1.0,4.83952522277832,1.5924205780029297,1.2775012254714966,1.0,1.0,2.661468982696533,1.0,1.0,1.0,1.0,1.0,1.0,1.0,1.0,1.0,10.91426944732666,1.0,1.0,8.918926239013672,2.9638209342956543,1.0,1.0,1.0,1.0,1.0,1.0,5.771022796630859,1.6725831031799316,1.0,1.0,1.1787314414978027,1.0,1.0,1.0,1.3273169994354248,14.449371337890623,1.0,1.0,12.633828163146973,2.7971582412719727,1.0,1.0,1.0,1.0,1.0,1.0,1.0,1.0,1.0,8.003647804260254,1.0,5.080674171447754,1.0,2.148287773132324,1.0,1.0450400114059448,1.0,1.0,1.0,1.3616151809692385,1.8023881912231443,5.724271297454834,7.216598033905029,5.530974388122559,1.0,1.0,1.0,1.0,1.0,1.0,1.0,1.0,1.0,1.0,1.0,1.0,1.0,1.0,1.0,1.0,1.0,1.0,1.0,1.0,1.0,1.0,1.0,1.134981632232666,2.2610983848571777,26.12085723876953,1.0,1.0,2.2111258506774902,1.0,1.0,1.0,1.0,9.204445838928224,1.0,1.0,1.0,1.0,1.0,2.9774208068847656,30.73716926574707,8.154118537902832,1.0484100580215454,1.0,1.0,1.0,1.0,1.0,1.0,1.0,1.0,1.0,1.7510979175567627,1.1523151397705078,1.0,1.0,3.768824577331543,1.0,1.0,1.0,1.0,1.0,1.0,1.0,1.6140861511230469,1.0,1.0,1.0,1.0,1.0,1.0,1.0,1.0,1.0,1.0,1.0,1.0,1.0,1.0,2.6621341705322266,1.0,11.499385833740234,64.57508087158203,6.50782585144043,1.0,2.705272674560547,1.0,1.0,8.20510482788086,1.0,1.0,10.89069366455078,1.0,1.0,1.0,2.658815383911133,1.0,3.810763359069824,1.971123218536377,3.7164039611816406,1.0,1.0,1.7035598754882812,1.3737030029296875,1.0,1.0,1.0,1.0,1.0,1.0,1.0,1.0,1.0,1.0,1.0,1.058269500732422,1.0,1.0,1.0,1.0,1.0,1.0,1.0,1.0,1.0,1.0,1.0,1.0
TEST_04+3일,1.0,8.343868255615234,1.96964693069458,1.0,1.0,1.0,17.661785125732422,1.0,1.0,1.0,1.0,1.0,1.0,1.0,1.0,1.0,49.36652374267578,1.0,1.0,44.16858673095703,14.297541618347168,1.0,1.0,1.0,1.0,1.0,3.6267881393432617,15.52537727355957,1.5155768394470217,1.0,1.0,1.0,1.0,1.0,1.0,1.0613560676574707,12.337671279907228,1.0,1.0,11.113204956054688,3.06992244720459,1.0,1.0,1.0,1.0,1.0,1.0,1.0074706077575684,1.0,1.0,7.949734210968018,1.0,8.06342887878418,1.0,2.081730365753174,1.0,1.0,1.0,1.0,1.0,1.0,1.321495532989502,4.441616058349609,7.069331645965576,5.133500576019287,1.0,1.0,1.0,1.151477575302124,1.0,1.0,1.0,1.0,1.0,1.0,1.0,1.0,1.0,1.0,1.0,1.0,1.0,1.0,1.0,1.510417938232422,1.0,1.0,1.0,1.584777593612671,2.246531248092652,36.27581405639648,1.0,1.0,1.859591007232666,1.0,1.0,1.0,1.0,9.270477294921877,1.092411756515503,1.0,1.0,1.0,1.0,1.3056755065917969,18.642173767089844,2.932032585144043,1.2138042449951172,1.328386306762695,1.0,1.0,1.0,1.0,1.0,1.0,1.0,1.0,1.8310213088989256,1.5157055854797363,1.0,1.0,21.873411178588867,1.0,1.0,1.0,1.0,1.0,1.0,1.0,6.6027936935424805,1.0,1.0,1.0,1.0,1.0,1.0,1.0,1.0,1.0,1.0,1.0,1.0,1.0,1.0,2.46697998046875,1.0,86.50953674316406,103.68406677246094,6.430049896240234,1.0,2.6087474822998047,1.0,1.0,8.788837432861328,1.0,1.0,11.035337448120115,1.0,1.0,1.0,2.783897399902344,1.0,3.780137062072754,2.0663695335388184,3.809551239013672,1.0,1.0,1.567821025848389,1.0,1.0,1.0,1.0,1.0,1.0,1.0,1.0,1.0,1.0,1.0,1.0,1.8542346954345703,1.0,1.0,1.0,1.0,1.0,1.0,1.36669921875,1.0,1.0,1.0,1.0,1.0
TEST_04+4일,1.0,12.248879432678224,1.8628904819488523,1.0,1.0,1.0,12.78098201751709,1.0,1.0,1.0,1.0,1.0,1.0,1.0,1.0,1.0,35.54946517944336,1.0,1.0,33.24357604980469,11.99593734741211,1.0,1.0,1.0,1.0,5.147160530090332,3.429574489593506,18.496450424194336,1.2090167999267578,1.0,1.0,1.0552606582641602,1.0,1.0,1.0,1.0,12.898662567138672,1.0,1.0,11.50295639038086,2.903341293334961,1.0,1.0,1.0,1.0,1.0,1.002395510673523,1.04365873336792,1.0,1.0,8.143269538879395,1.0,9.21388816833496,1.0,2.1018357276916504,1.0,1.0,1.0,1.0,1.0,1.0,1.4129743576049805,4.646853923797607,7.233016014099121,5.1527419090271,1.0,1.0,1.0,1.0669074058532717,1.0,1.0,1.0,1.0,1.0,1.0,1.0,1.0,1.0,1.0,1.0,1.0,1.0,1.0,1.0,1.0,1.0,1.0,1.0,2.047698497772217,2.388878583908081,43.16485595703125,1.0,1.0,1.485626220703125,1.0,1.0,1.0,1.0,9.59787940979004,1.0,1.0,1.0,1.0,1.0,1.0,22.46397018432617,3.3798866271972656,1.0491986274719238,1.0,1.0,1.0,1.0,1.0,1.0,1.0,1.0,1.0,1.6383421421051023,1.7323706150054932,1.0,1.0,47.03392028808594,1.0,1.0,1.0,1.0,1.0,1.0,1.0,4.449657440185547,1.0,1.0,1.0,1.0,1.0,1.0,1.0,1.0,1.0,1.0,1.0,1.0,1.0,1.0,3.237844467163086,1.0,23.598201751708984,125.52964782714844,7.197004318237305,1.0,3.083756446838379,1.0,1.0,9.96072006225586,1.0,1.0,11.127063751220703,1.0,1.0,1.0,3.4737472534179688,1.0,4.162973403930664,2.18113374710083,4.477106094360352,1.0,1.0,1.5375549793243408,4.4390411376953125,2.9655303955078125,1.5400371551513672,2.4646759033203125,1.0,1.0,1.0,1.6698150634765625,1.0,1.0,1.0625534057617188,1.0,1.3497848510742188,1.0,1.0,1.0,1.0,1.0,1.0,1.0,1.0,1.0,1.0,1.0,1.0
TEST_04+5일,1.0,38.87232208251953,2.3558194637298584,1.0,1.0,1.0,26.32588195800781,1.0,1.0,1.0,1.0,1.0,1.0,1.0,1.0,1.0,71.90132141113281,1.0,1.0,70.80242919921875,24.11554718017578,1.0,1.0,1.0,1.0,16.399221420288086,3.808472871780396,64.28309631347656,1.5111050605773926,1.0,1.0,1.0,1.0,1.0,1.0,1.0,12.675178527832031,1.0,1.0,10.35879898071289,2.9169797897338867,1.0,1.0,1.0,1.0,1.0,1.4086625576019287,1.0,1.0,1.0,7.911027431488037,1.0,13.051002502441406,1.0,1.6963763236999512,1.0,1.0,1.0,1.0,1.0,1.0,1.3235936164855957,4.432153224945068,7.044455528259277,4.593090057373047,1.0,1.0,1.0,1.1635358333587646,1.0,1.0,1.0,1.0,1.1331363916397097,1.0,1.0,1.0,1.0,1.0,1.0,1.0,1.0,1.0,1.0076497793197632,1.081601619720459,1.0,1.0,1.0,2.108220100402832,2.2071750164031982,62.38085174560547,1.0,1.0,1.667918682098389,1.0,1.0,1.0,1.0,9.20169448852539,1.1500842571258545,1.0,1.0,1.0,1.0,3.2859840393066406,47.50724029541016,2.8597278594970703,1.2778723239898682,1.0,1.0,1.0,1.0,1.0,1.0,1.0,1.0,1.0,2.167647123336792,1.8539471626281736,1.0,1.0,82.08544921875,1.0,1.058575987815857,1.0,1.0,1.0,1.0,1.6259324550628662,7.967901229858398,1.0,1.0,9.14571762084961,1.0,1.0,1.0,1.0,1.0,1.0,1.0255954265594482,1.0,1.0,1.0,1.0,3.673691749572754,1.9137191772460933,103.77818298339844,225.6049194335937,8.452215194702148,1.167707443237305,2.993580818176269,1.9954710006713867,1.0,11.13702392578125,2.065834045410156,1.957059860229492,11.102367401123049,1.0,1.0,1.0,3.5514488220214844,1.0,4.806138038635254,2.5683655738830566,4.993852615356445,1.3904447555541992,1.0,1.8110504150390625,12.247276306152344,9.271858215332031,3.4302902221679688,7.028205871582031,1.633159637451172,1.0,1.0,3.481353759765625,1.0,1.0,3.8861083984375,1.7089080810546875,2.039285659790039,1.0,1.0,1.0,1.0,1.0,1.0,1.0,1.0,1.0,1.0,1.0,1.0
TEST_04+6일,3.147894859313965,11.887829780578612,3.7281479835510254,1.6322695016860962,1.0,1.0,21.77720642089844,1.2790855169296265,1.0,1.0,1.243082880973816,1.0,1.0,1.0,1.0,1.0,56.71620559692383,1.0,1.0,56.76788330078125,18.004776000976562,1.616857886314392,1.0,1.0,1.0,1.2594609260559082,11.268906593322754,91.88463592529295,1.2209415435791016,1.0,1.0,2.283794641494751,1.0,1.0,1.5812747478485107,1.0,16.047210693359375,1.0,1.786293625831604,12.90842628479004,2.773778915405273,1.0,1.0,1.0,1.0,1.0,1.0,1.0132687091827393,1.0,1.0,8.146034240722656,1.0,9.624378204345703,1.0,1.6308661699295044,1.0,1.0,1.0,1.2292364835739136,1.0,2.0433249473571777,1.6937050819396973,4.93235969543457,7.501180171966553,4.263236999511719,1.0,1.030372142791748,1.0,1.83015775680542,1.0,1.0,1.0,1.0,3.2562806606292725,1.0,1.0,1.0,1.0,1.0,1.0,1.0,1.0,1.0,1.0777103900909424,2.582659244537353,1.0,1.0,1.0,1.6723116636276243,2.5202369689941406,46.71630096435547,1.0,1.2864924669265747,4.967535972595215,1.0,1.0,1.061638116836548,1.0,10.392999649047852,4.473696708679199,1.0,1.0,1.0,1.0,1.0,22.466732025146484,3.636728286743164,2.42321252822876,4.789151191711426,1.534638285636902,1.2552244663238523,1.0,1.0,1.0,1.3653271198272705,1.0,1.0,2.363468885421753,1.9332621097564693,1.0,1.0,23.37384033203125,1.0,1.0,1.0,1.0,1.0,1.0,1.3535680770874023,7.372132301330566,1.0,1.0,1.0,3.290648937225342,1.6799968481063845,5.134679794311523,1.0,1.2754030227661133,1.0,6.30064868927002,1.0,1.0,3.676445245742798,1.489749550819397,8.85670280456543,11.254241943359377,156.74147033691406,107.84275817871094,18.82876968383789,8.582117080688477,4.77677059173584,11.991174697875977,1.0,22.02447891235352,14.88858413696289,14.790943145751951,11.231136322021484,2.6993846893310547,1.0,5.145003318786621,5.954549789428711,1.3850849866867063,9.76259422302246,5.076784610748291,11.041768074035645,10.008994102478027,4.022685527801514,1.864612340927124,82.10960388183594,65.52330017089844,19.34074592590332,47.189109802246094,13.718698501586914,5.038640975952148,3.810321807861328,21.694297790527344,1.0,1.0,27.82274627685547,13.76344108581543,1.3928794860839844,1.0,1.0,1.0,1.0,1.0,1.0,1.0,1.0,1.0,1.0,1.0,1.0
TEST_04+7일,10.765439987182615,1.424882888793945,9.330480575561523,6.198877334594727,1.509885311126709,2.30369234085083,1.3993802070617676,3.624884605407715,2.334053039550781,1.0,2.248610496520996,1.0,1.0,2.7239389419555664,3.8634443283081055,1.3711285591125488,1.0,1.0576646327972412,1.790461778640747,4.271230697631836,1.323749542236328,4.150442600250244,1.0,1.0,1.0,1.0,20.975555419921875,31.91178321838379,1.2040481567382812,1.0,1.0,7.083077430725098,1.0,1.0,4.48631477355957,2.2210075855255127,28.071287155151367,1.870117425918579,2.784900188446045,27.57137107849121,2.9793262481689453,1.0,2.632720708847046,1.0,1.0,1.878066778182984,1.0,1.2046059370040894,1.0,1.0,8.882158279418945,1.0,4.836987018585205,1.0,3.652655601501465,1.0,1.9278697967529297,1.068819522857666,1.579862117767334,1.7756431102752686,10.211033821105955,3.8355872631073,9.472719192504885,7.705163955688477,8.098884582519531,1.0,2.40234112739563,1.0286294221878052,2.429318904876709,1.0,1.7172951698303225,2.548997640609741,1.0254179239273071,1.0,1.5795786380767822,2.608106136322021,1.0,1.0,1.0,1.5490787029266355,1.0,1.0,1.0,1.22499680519104,1.588912010192871,1.1074588298797607,1.338141918182373,1.0,2.4706921577453613,2.864221572875977,1.0,1.549262762069702,3.267406940460205,11.415879249572754,1.0,1.377183437347412,1.241235852241516,1.0,12.99571132659912,10.033122062683104,1.8772953748703003,1.0,3.048111915588379,1.0,112.69121551513672,7.381124496459961,17.62704086303711,4.888355255126953,6.7485857009887695,1.0,1.882459163665772,1.2943226099014282,2.2730495929718018,1.0,2.453652620315552,1.0,2.248728513717652,3.4767916202545166,2.7278995513916016,1.6702542304992676,1.8052486181259155,1.0,1.0,1.0,1.0,1.0,1.0,1.0,1.0,1.0,1.0,1.0,1.2370424270629885,6.5414323806762695,2.827188491821289,7.90723705291748,3.6436939239501953,2.339893102645874,1.6591802835464478,12.44582748413086,1.554775953292847,1.247961401939392,5.258373260498047,2.9109020233154297,24.87085723876953,31.99837684631348,20.16047096252441,1.0,43.34103393554688,24.23091697692871,12.117822647094728,34.01338195800781,2.6629676818847656,53.09926986694336,42.04509735107422,42.11969757080078,11.564523696899414,12.998902320861816,1.0,15.81573486328125,15.820911407470703,3.8099348545074463,21.588409423828125,10.859498977661133,28.065528869628903,28.25449752807617,11.007587432861328,3.199989318847656,237.1609649658203,191.3339233398437,55.12360382080078,139.2704315185547,39.12755584716797,19.772216796875,18.62598991394043,72.93574523925781,5.299351692199707,1.0,80.05599975585938,43.36924743652344,3.239572525024414,3.5320959091186523,1.1014328002929688,1.0,1.0,1.0,1.0,1.0,1.0,1.0,2.0900115966796875,1.2022428512573242,1.047136306762695
TEST_05+1일,2.099566698074341,1.0,6.981240272521973,1.416946530342102,1.0,1.0,1.0,1.0,1.0,1.0,1.0,1.0,1.0,1.0,1.0,1.0,1.0,1.0,1.0,1.0,1.0,1.0,1.0,1.0,1.0,1.0,1.0,2.8487987518310547,10.625917434692385,2.850305318832397,1.9622063636779783,2.6004457473754883,1.0045626163482666,1.0,1.0,3.268608808517456,29.61971473693848,5.903069972991943,1.061939358711243,20.565061569213867,12.998790740966797,1.0,1.0,1.0,1.0,1.891912221908569,1.0,1.868988037109375,1.0,2.3798391819000244,15.511857986450195,1.0,6.629058837890625,1.791826248168945,1.0,1.0,1.0,1.0,1.0,1.0,17.560104370117188,10.544063568115234,6.018587112426758,12.18583869934082,4.276431083679199,1.0,1.0,1.2956310510635376,3.530279874801636,1.0,1.741546392440796,3.051466464996338,1.0,1.0,2.28383731842041,1.0,1.0,1.0171294212341309,1.0,1.6553090810775757,2.237185478210449,1.0,1.1928088665008545,1.5220375061035156,2.075798749923706,3.261876344680786,2.507326364517212,1.253960371017456,2.9506044387817383,3.2723522186279297,1.0,1.893202781677246,4.221758842468262,6.042123794555664,1.0,1.0,1.0,1.0,6.919507026672363,6.212399959564209,2.3386449813842773,1.0,1.0,1.0,89.64176940917969,3.4516334533691406,44.65367889404297,3.1429436206817627,2.536933898925781,1.0,5.436262130737305,1.0,1.451649188995361,1.0,1.0,1.0,2.7828729152679443,1.0,2.3010175228118896,1.2903664112091064,1.0,1.0,1.0,1.0,1.0,1.0,1.0,1.0,1.0,1.0,1.0,1.0,1.0,5.1765851974487305,2.641407251358032,1.7899737358093262,1.4450294971466064,1.2129645347595217,1.0,8.110166549682617,1.0385527610778809,1.6379456520080566,1.184600591659546,1.5075979232788086,54.31335067749024,52.3126220703125,1.0,1.0,69.27918243408203,49.405006408691406,46.88240432739258,1.0,2.024848699569702,177.98216247558594,109.76963806152344,108.96408081054688,61.42795181274414,24.822416305541992,1.0,50.67289352416992,56.85746765136719,5.252701759338379,39.03171157836914,18.51318359375,88.68218994140625,70.71219635009766,22.76839256286621,1.0,495.4426574707031,237.4750061035156,68.37722778320312,318.2956848144531,27.74796295166016,93.52604675292967,61.81846618652344,182.256103515625,54.96681213378906,6.357507705688477,83.77494812011719,66.21607971191406,1.0,1.0,1.0,1.0,1.0,1.0,1.0,1.0,1.0,1.0,1.0,1.0,1.0
TEST_05+2일,2.112593173980713,1.0,7.139436721801758,1.0,1.0,2.2462525367736816,1.0,1.0,1.808404922485352,1.0,1.0,1.0,1.0,1.0,1.0,1.0,1.0,1.0,1.0,1.0,1.0,1.25655996799469,1.0,1.0,1.0,1.2784819602966309,1.0,3.437660217285156,9.774866104125977,2.625963926315308,1.578181505203247,2.5819249153137207,1.1931973695755005,1.118742823600769,1.0,2.825155258178711,29.20999336242676,5.359545707702637,1.563403606414795,20.3159294128418,12.297152519226074,1.0,1.0,1.0,1.0,1.9779348373413088,1.0,1.7752187252044678,1.0,1.958132266998291,15.66938591003418,1.0,6.150123119354248,1.0410693883895874,1.1280629634857178,1.0,1.0,1.0,1.0,1.0727555751800537,13.668697357177734,7.653460502624512,5.518054485321045,10.733015060424805,4.28962516784668,1.0,1.0,1.0,2.6061179637908936,1.0,2.05796766281128,2.0948331356048584,1.0,1.0,2.7831509113311768,1.0,1.0,1.0,1.0,2.019250631332397,1.8597315549850464,1.0,1.0,1.0,1.9108911752700808,2.426936626434326,2.23796010017395,1.136393666267395,3.0144152641296387,3.392465591430664,1.0,1.0,2.5641660690307617,5.608618259429932,1.0,1.0,1.0,1.0,7.286803245544434,4.303127288818359,2.534864902496338,1.0,1.0,1.0,8.935651779174805,70.28614807128906,35.112770080566406,3.104699850082397,2.4209086894989014,1.0,4.555876731872559,1.0,1.3978017568588257,1.0,1.0,1.0,2.0689942836761475,1.0,2.620373010635376,1.0901635885238647,1.0,1.0,1.0,1.0,1.0,1.0,1.0,1.0,1.0,1.0,1.0,1.0,3.932182312011719,2.849768877029419,1.1584229469299316,1.6999858617782593,1.1798230409622192,1.0,1.0,5.293781757354736,1.0,1.0,1.2704678773880005,1.0,46.25179290771485,34.95771026611328,1.0,1.0,58.235050201416016,33.774261474609375,36.147705078125,1.0,1.4051247835159302,134.01666259765625,72.19236755371094,74.39334106445312,51.854976654052734,20.95552062988281,1.0,45.11912155151367,41.89873123168945,4.880731105804443,32.0328254699707,14.33228874206543,65.20687103271484,47.59564208984375,15.555249214172363,1.0,351.11236572265625,172.768798828125,42.317176818847656,211.48080444335932,20.955724716186523,67.36383056640625,45.06930541992188,131.61544799804688,39.69151306152344,5.856283664703369,58.36040115356445,46.24324798583984,1.0,1.0,1.0,1.0,1.0,1.0,1.0,1.0,1.0,1.0,1.0,1.0,1.0
TEST_05+3일,3.296250343322754,1.0,6.894575119018555,1.0,1.0,3.4469099044799805,1.0,1.0,2.6295828819274902,1.0,1.0,1.0,1.0,1.0,1.0,1.0,3.794282913208008,1.0,1.0,1.0,1.0,1.0,1.0,1.0,1.0,12.169143676757812,2.223001003265381,12.709548950195312,10.14694881439209,2.505779981613159,1.746654748916626,2.6484193801879883,1.3458333015441897,1.0,1.0,2.6297879219055176,28.291730880737305,5.446109294891357,2.0359835624694824,20.006637573242188,11.452557563781738,1.1510984897613523,1.0,1.0,1.0,1.7242730855941772,1.0,1.3559563159942627,1.0,1.822055101394653,15.603463172912598,1.0,6.211630821228027,1.0,2.384777784347534,1.0,1.0,1.0,1.0,1.0,13.791830062866213,6.759025573730469,5.375791072845459,10.095752716064451,4.049931526184082,1.1239489316940308,1.0,1.0,2.6417527198791504,1.633103847503662,2.982055187225342,1.6507682800292969,1.0,1.0,4.029483795166016,1.0,1.0,1.0,1.0,2.9773383140563965,2.110182046890259,1.2247352600097656,1.0,1.0,1.9787315130233765,2.0930323600769043,2.4751408100128174,1.2137621641159058,3.3166275024414062,3.5414576530456543,26.4157772064209,1.0,2.4427578449249268,5.7876482009887695,1.0,1.042961359024048,1.0,1.0,7.361087799072266,3.4161839485168457,2.962655782699585,1.2183276414871216,1.0,1.0,9.503776550292969,82.12847900390625,34.29584503173828,3.1683735847473145,2.121131181716919,1.0,4.317867755889893,1.0,1.324731707572937,1.0,1.0,1.0,1.8660733699798584,1.0,3.3093440532684326,1.0750021934509275,1.0,3.043474197387696,1.0,1.0,1.0,1.0,1.0,1.0,1.0,1.312888264656067,1.0,1.0,34.97432327270508,2.650431871414185,1.0,1.7978228330612185,1.0694679021835327,1.0,1.0,4.889689922332764,1.0,1.0,1.4193507432937622,1.0,46.521759033203125,32.14423370361328,1.0,3.25124740600586,58.54399108886719,35.168975830078125,35.23197937011719,1.0,1.529548406600952,135.06472778320312,77.45745849609375,74.34712219238281,51.38311767578125,21.08882141113281,1.0,48.215816497802734,39.14584732055664,4.885065078735352,31.573102951049805,13.738754272460938,63.95603942871094,50.45424270629883,15.88868236541748,1.0,352.0426330566406,152.51019287109375,36.583946228027344,209.59982299804688,16.840795516967773,67.6604995727539,39.86760711669922,130.77679443359375,39.791805267333984,5.224642753601074,48.30497741699219,41.93827819824219,1.0,1.0,1.0,1.0,1.0,1.0,1.0,1.0,1.0,1.0,1.0,1.0,1.0
TEST_05+4일,4.995965003967285,1.0,7.527100086212158,1.0,1.0,2.088768482208252,1.0,1.0,1.961411595344544,1.0,1.0,1.0,1.0,1.0,1.0,1.0,1.4999980926513672,1.0,1.0,1.0,1.0,1.0,1.0,1.0,1.0,2.6920642852783203,1.0878589153289795,8.135168075561523,10.565797805786133,2.838808536529541,1.7185425758361816,2.508357048034668,1.1479182243347168,1.005606174468994,1.0,3.108642816543579,26.3579044342041,5.689245700836182,1.576701283454895,19.026351928710938,11.382417678833008,1.2191249132156372,1.0,1.0,1.0,1.5858938694000244,1.0,1.306572437286377,1.0,1.781388282775879,16.047103881835938,1.0,6.0949907302856445,1.1179667711257937,2.0081779956817627,1.0,1.0,1.0,1.0,1.0,15.531522750854492,7.615903854370117,5.305964469909668,9.9121675491333,3.964169502258301,1.032806634902954,1.0,1.0,2.731751203536988,1.7413623332977295,2.926266670227051,1.958888411521912,1.0,1.0,3.950324535369873,1.0,1.0,1.0,1.0,3.3272554874420166,2.096001386642456,1.0,1.0,1.0,2.081084012985229,2.346329689025879,2.7811827659606934,1.1525630950927734,3.539513111114502,3.2870469093322754,15.132615089416504,1.0,2.629871368408203,5.667751312255859,1.0,1.2451257705688477,1.0,1.0,7.596322059631348,3.379276990890503,3.0928242206573486,1.3570197820663452,1.0,1.0,12.308334350585938,43.7534408569336,35.269248962402344,3.27896499633789,1.991227626800537,1.0,4.193470001220703,1.0,1.4982728958129885,1.0,1.0,1.0,1.9137760400772093,1.000080704689026,3.819459438323975,1.022963285446167,1.0,1.0,1.0,1.0,1.0,1.0,1.0,1.0,1.0,1.0,1.0,1.0,15.751009941101074,2.413090944290161,1.229405403137207,1.5528113842010498,1.0596716403961182,1.0,1.0,4.576797962188721,1.0,1.0,1.1507461071014404,1.0,47.575191497802734,32.27665328979492,1.0,1.0,57.99308013916016,34.93426513671875,36.44426727294922,1.0,1.0162783861160278,145.90353393554688,85.29386901855469,78.25083923339844,52.2942008972168,22.019535064697266,1.0,50.01767349243164,40.1153564453125,4.5927934646606445,31.68061637878418,13.806676864624023,67.1208267211914,54.91966247558594,16.072599411010742,1.0,349.10693359375,141.9196014404297,34.28875732421875,199.89434814453125,14.115196228027344,66.50570678710938,34.6534309387207,125.20188903808594,40.21860122680664,4.302411079406738,42.21525192260742,39.39757537841797,1.0,1.0,1.0,1.0,1.0,1.0,1.0,1.0,1.0,1.0,1.0,1.0,1.0
TEST_05+5일,5.338638782501221,1.0,7.209048271179199,1.1279656887054443,1.0,2.341097831726074,1.0,1.0,2.9355711936950684,1.0,1.0,1.0,1.0,1.0,1.0,1.0,2.489053726196289,1.0,1.0,1.0,1.0,1.0,1.0,1.0,1.0,3.025163173675537,1.0,8.865890502929688,10.776962280273438,2.9557814598083496,1.8209208250045776,2.511958360671997,1.1179896593093872,1.32306969165802,1.0,3.303870916366577,26.78215217590332,6.301012992858887,2.1668126583099365,19.05071258544922,11.467169761657717,1.1151460409164429,1.0,1.0,1.0,1.7564074993133545,1.0,1.3039733171463013,1.0,1.7769064903259275,17.100141525268555,1.0,6.062736988067627,1.4362701177597046,2.4916999340057373,1.0,1.0,1.0,1.0,1.0,17.652191162109375,8.759807586669922,5.217213153839111,10.814173698425291,3.886653900146485,1.0,1.0,1.0,3.029294967651367,2.223012924194336,2.720104217529297,2.2577104568481445,1.0,1.0,3.513247013092041,1.0,1.0,1.0961743593215942,1.0,3.2685227394104004,2.1503679752349854,1.0,1.0,1.0,2.229535818099976,2.9059152603149414,2.721420764923096,1.1583609580993652,2.836294651031494,3.429266452789306,18.994653701782227,1.0,3.215038061141968,5.438967704772949,1.0,1.2677597999572754,1.0,1.0,8.185096740722656,3.824766397476196,3.252891778945923,1.5112178325653076,1.0,1.0,19.889305114746094,104.66575622558594,38.31142044067383,3.843503475189209,2.0833606719970703,1.0,4.7145161628723145,1.0,1.4641376733779907,1.0,1.0,1.0,2.1914262771606445,1.0,3.548950433731079,1.2286224365234375,1.0,1.0,1.0,1.0,1.0,1.0,1.0,1.0,1.0,1.0,1.0,1.0,9.893680572509766,2.8132266998291016,1.3955092430114746,1.8016180992126465,1.0884112119674685,1.0,1.0,5.691106796264648,1.1097513437271118,1.0,1.720886468887329,1.0,51.138816833496094,39.33104705810547,1.0,1.0,63.58644104003906,40.686153411865234,40.27291870117188,1.0,1.9217963218688965,152.66839599609375,91.65184020996094,85.46174621582031,56.754356384277344,25.407543182373047,1.0,49.15610122680664,45.95917510986328,5.282561302185059,36.809349060058594,17.082923889160156,71.90071868896484,59.110084533691406,18.916748046875,1.0,405.58697509765625,182.53317260742188,41.18092346191406,237.15408325195312,17.29416275024414,75.30177307128906,42.81862258911133,152.21939086914062,41.685543060302734,4.299564838409424,55.7988510131836,50.64800262451172,1.0,1.0,1.0,1.0,1.0,1.0,1.0,1.0,1.0,1.0,1.0,1.0,1.0
TEST_05+6일,3.6894373893737793,1.0,7.220100402832031,1.1973856687545776,1.0,1.1964855194091797,2.248167037963867,1.0,2.360684633255005,1.0,1.0,1.0,1.0,1.0,1.0,1.0,8.39366340637207,1.0,1.0,1.415729522705078,2.463339328765869,1.0,1.0,1.0,1.0,10.262176513671877,4.369056224822998,32.650535583496094,10.37252140045166,2.194311141967773,2.262019634246826,2.582696914672852,1.2168989181518557,1.886788249015808,1.0,2.767845630645752,25.181190490722656,5.560611248016357,2.26245379447937,18.979846954345703,11.34613037109375,1.79201078414917,1.0,1.0,1.0,1.5836845636367798,1.0,1.247791767120361,1.388512372970581,1.6793605089187622,15.240477561950684,1.0,5.825331687927246,1.3959367275238037,5.511883735656738,1.0,1.2081767320632937,1.0,1.0,1.0,13.555523872375488,9.613224983215332,5.589838981628418,9.256932258605955,3.853668451309204,1.340411901473999,1.0,1.0,2.9155569076538086,1.0,3.4577269554138184,3.161230087280273,1.0,1.0,3.724831581115722,1.0,1.0,1.3835334777832031,1.0,3.361038446426392,2.7692039012908936,1.0,1.0,1.0,2.229535818099976,2.28849720954895,2.8457727432250977,1.0746147632598877,2.6137242317199707,3.557558059692383,33.001861572265625,1.293405055999756,4.188255786895752,5.542552471160889,1.0,1.4725584983825684,1.0,1.0,7.004796981811523,4.214986324310303,2.83571195602417,1.0631532669067385,1.0,1.0,33.2717170715332,48.3411865234375,36.16010284423828,4.739126205444336,2.2517011165618896,1.0,5.883381843566895,1.0,1.6620007753372192,1.0,1.0,1.0,2.4278719425201416,1.2117087841033936,2.9382898807525635,1.2669979333877563,1.0,4.011492729187012,1.0,1.0,1.0,1.0,1.0,1.0,1.0,1.647947072982788,1.0,1.0,25.32082748413086,4.714510917663574,2.8203372955322266,2.7260665893554688,1.108888864517212,1.3431363105773926,1.0431822538375854,8.504107475280762,1.205445408821106,1.131624460220337,2.483074188232422,1.4782493114471436,44.55068588256836,48.332298278808594,1.0,1.0,58.49214172363281,34.0672721862793,36.10301208496094,1.0,3.063271760940552,131.0139923095703,75.61053466796875,76.1834487915039,49.93226623535156,22.51612663269043,1.0,40.25247573852539,43.97396469116211,6.071486949920654,38.76372909545898,18.33967018127441,64.52157592773438,50.9181022644043,16.08053970336914,1.0,415.40826416015625,254.27081298828125,55.78337860107422,251.09063720703125,21.26262855529785,78.15200805664062,62.60968017578125,151.99066162109375,35.02311706542969,4.198905944824219,86.47132110595703,66.32315063476562,1.0,1.0,1.0,1.0,1.0,1.0,1.0,1.0,1.0,1.0,1.0,1.0,1.0
TEST_05+7일,1.996548414230347,1.5175762176513672,9.454235076904297,1.6786839962005615,1.0,1.0,4.567986488342285,1.0,1.0868464708328247,1.0,1.0,1.0,1.0,1.0,1.0,1.0,9.104377746582031,1.0,1.0,6.509328842163086,4.237959861755371,1.0,1.0,1.0,1.5601210594177246,1.314204216003418,5.570194721221924,39.60177612304688,15.503547668457031,3.3120899200439453,3.2427220344543457,3.0215325355529785,1.3880712985992432,3.049400568008423,1.0,4.724508285522461,33.71617126464844,9.880276679992676,2.192845344543457,21.749530792236328,15.12391757965088,1.386641502380371,1.0,1.0,1.0,1.975524663925171,1.0,1.7464282512664795,2.661914110183716,2.2566356658935547,18.546470642089844,1.0285496711730957,6.673138618469238,2.626049995422364,5.221109390258789,1.0,1.808313608169556,1.0,1.0,1.0,20.98920631408692,17.36174774169922,6.850632667541504,11.537196159362791,4.507328510284424,1.14690363407135,1.0,1.0,4.285789966583252,1.0,4.869299411773682,6.521855354309082,1.0,1.0,5.041316986083984,1.041173219680786,1.0,1.8477342128753664,1.0,3.709754467010498,4.957467555999756,1.0,2.276366233825684,1.837475061416626,3.210411548614502,3.9262776374816895,5.063266277313232,1.3156747817993164,4.166508197784424,3.605635166168213,7.894792556762695,3.536961078643799,7.547353744506836,6.683410167694092,1.0,1.4707682132720947,1.0,1.0,8.11906623840332,5.883593559265137,3.799282550811768,1.0,2.1313223838806152,1.0,103.17854309082033,1.0,60.666351318359375,7.23383903503418,3.544158458709717,1.2504113912582395,10.584203720092772,1.0,2.1569066047668457,1.0,1.0,1.0,3.920389652252197,1.3890037536621094,4.031883716583252,2.15514612197876,1.0,2.783568382263184,1.0,1.0,1.0,1.0,1.0,1.0,1.0,1.0,1.0,1.0,11.649171829223633,9.819073677062988,6.884422779083252,4.253210544586182,1.651694655418396,2.694132089614868,1.6479034423828125,16.1800479888916,2.1364102363586426,3.159154891967773,3.0667564868927,3.4382567405700684,80.00804138183594,99.5471420288086,10.025506973266602,2.776470184326172,106.52880859375,72.14323425292969,67.42211151123047,1.0725688934326172,4.903668403625488,247.04806518554688,149.25912475585938,158.38038635253906,83.7525405883789,39.615142822265625,1.0,66.27763366699219,85.62361145019531,10.838324546813965,72.15727233886719,33.336509704589844,127.56671142578124,99.77799224853516,33.49846649169922,1.0,869.8717651367188,498.7326965332031,114.41421508789062,530.61376953125,37.52632141113281,160.6630096435547,109.5301284790039,311.9181213378906,70.94799041748047,7.375223159790039,165.20022583007812,134.66082763671875,1.0,1.0,1.0,1.0,1.0,1.0433349609375,1.0320358276367188,4.132080078125,1.0,1.0,1.3350334167480469,1.0,1.0
TEST_06+1일,1.566500186920166,1.0,7.537835121154785,1.0486574172973633,1.0,1.0,2.531591892242432,1.0,1.0,1.0,1.0,1.0,1.0,1.0,1.0,1.0,4.096944808959961,1.0,1.0,4.225498199462891,2.2951526641845703,1.0,1.0,1.0,4.948848724365234,3.5280590057373047,1.0,1.1544837951660156,12.305288314819336,3.5483436584472656,2.903876781463623,2.964941501617432,1.7620341777801514,1.0,1.0,2.279566764831543,28.92873764038086,7.257463455200195,3.203317642211914,22.889917373657227,13.68727684020996,1.0,1.0,1.0,1.0,1.996261477470398,1.0,3.433400154113769,1.0,2.6036264896392822,27.182281494140625,1.0,8.95723819732666,1.0,3.033219814300537,1.0,1.0485591888427734,1.6323171854019165,1.0,1.0,17.548892974853516,5.179128646850586,5.31510066986084,13.974427223205566,3.9223880767822266,1.0,1.0,1.0,3.616438865661621,1.0,2.177456378936768,2.2798333168029785,1.0,1.0,2.736154556274414,1.0,1.0,1.836691856384277,1.0,4.108757972717285,3.6540935039520255,1.7273364067077637,1.3478965759277344,1.0,1.783246636390686,1.546831727027893,3.822886228561402,1.7418780326843262,3.0448718070983887,3.22520112991333,1.0,1.3145885467529297,3.3270134925842285,8.789154052734375,1.0,1.382022500038147,1.0,1.0,7.539920806884766,5.9427170753479,1.1674222946166992,1.0,1.0,1.0,53.39183044433594,4.188930511474609,26.638078689575195,5.496509552001953,2.107863426208496,1.7981860637664795,4.265169620513916,1.0,1.5710489749908447,1.0,1.0,1.0013903379440308,1.8498278856277464,1.0,2.3600449562072754,1.2729535102844238,1.0,4.791211128234863,1.0,1.0,1.0,1.0,1.0,1.0,1.0,1.0,1.0,1.0,5.8306379318237305,4.640239238739014,3.638428211212158,5.621252536773682,3.162439107894897,1.8013763427734375,1.867962121963501,9.060465812683104,3.122321844100952,1.214109182357788,4.258434295654297,3.0199012756347656,80.8187484741211,47.01191711425781,2.193180084228516,11.099712371826172,67.98075866699219,68.19831085205078,51.795780181884766,29.30020904541016,5.436273574829102,196.92686462402344,147.01084899902344,134.284912109375,64.15502166748047,28.17839431762696,2.574129104614258,58.04624938964844,74.71015930175781,4.617755889892578,45.69051361083984,21.480268478393555,82.38158416748047,91.4595184326172,31.34404945373535,1.0,439.8242492675781,258.06219482421875,74.24385833740234,217.67025756835932,32.93864440917969,80.53366088867188,57.31709289550781,198.31594848632807,46.66519165039063,8.436519622802734,65.03773498535156,78.42636108398438,1.0,1.0,1.0,1.0,1.0,1.0,1.0,1.0,1.0,1.0,1.0,1.0,1.0
TEST_06+2일,1.873677492141724,1.0,3.943002700805664,1.3247228860855105,1.0,1.0,2.2624192237854004,1.0,1.0,1.0,1.0,1.0,1.0,1.0,1.0,1.0,3.7834739685058594,1.0,1.0,4.448450088500977,2.580687522888184,1.0,1.0,1.0,6.2686848640441895,8.374229431152344,1.0,5.886787414550781,6.235206127166748,2.642047643661499,2.8797876834869385,2.657808303833008,1.2350974082946775,1.0,1.0,1.4334509372711182,22.41119766235352,5.129429817199707,2.2880263328552246,20.13064956665039,11.465221405029297,1.0,1.0,1.1347118616104126,1.0,1.782315969467163,1.0,2.3736226558685303,1.0,2.1250102519989014,17.713579177856445,1.0,6.972602844238281,1.0,1.508725643157959,1.0,1.0,1.0,1.0,1.0,9.106524467468262,4.9319682121276855,5.542852878570557,9.687536239624023,2.2846646308898926,1.0,1.0,1.0,2.08337950706482,1.0,1.4233988523483276,1.2998448610305786,1.0,1.0,2.1727182865142822,1.0,1.0,1.1145977973937988,1.0,1.732986569404602,1.5968118906021118,1.0,1.4078350067138672,1.0,1.3790054321289062,1.4588921070098877,2.133177757263184,1.222265601158142,2.826352119445801,3.158627510070801,11.02108383178711,1.0,2.554275751113892,5.533172607421875,1.0,1.975033044815064,1.0,1.0,7.718754768371582,3.348536491394043,1.0,1.0,1.091449737548828,1.0,12.73736572265625,44.60223007202149,24.00922966003418,2.998445510864258,1.0,1.0,2.3358139991760254,1.0,1.063942551612854,1.0,1.0,1.0,1.5252134799957275,1.0,1.6468554735183716,1.4588302373886108,1.0,15.456645965576172,1.0,1.0,1.0,1.0,1.0,1.0,1.0,1.0,1.0,1.0,7.020514965057373,2.026110410690308,2.5703251361846924,3.3250162601470947,1.8563385009765625,1.1784698963165283,1.0,6.648571491241455,1.5091496706008911,1.0,2.1136515140533447,1.87091326713562,53.48963165283203,24.04852104187012,8.128732681274414,25.301979064941406,55.68357849121094,45.22913360595703,37.72831726074219,14.827197074890137,3.8411436080932617,136.4953155517578,99.68494415283205,78.86793518066406,53.15412902832031,16.107379913330078,4.037553310394287,42.96767044067383,44.85712432861328,4.00408935546875,36.61729049682617,15.927668571472168,62.12525177001953,63.21283721923828,19.98548126220703,1.0,269.09539794921875,136.62588500976562,28.518205642700195,107.85401916503906,11.499839782714844,41.7672233581543,17.5621280670166,89.69091796875,23.922361373901367,2.688764333724976,37.89597702026367,32.97484588623047,1.0,1.0,1.0,1.0,1.0,1.0,1.0,1.0,1.0,1.0,1.0,1.0,1.0
TEST_06+3일,1.951723337173462,1.0,4.807529449462891,1.7731274366378784,1.0,1.0,3.1710634231567383,1.0,1.5541887283325195,1.0,1.0,1.0,1.0,1.0,1.0,1.0,4.1942291259765625,1.0,1.0,4.699985504150391,4.196167945861816,1.0,1.0,1.0,10.801624298095703,15.506628036499023,5.432766437530518,50.45021057128906,6.7750396728515625,2.796463251113892,3.195843458175659,2.84558653831482,1.421668529510498,1.0,1.0,1.725945234298706,24.55178451538086,5.238304615020752,2.469182014465332,21.409154891967773,12.464282035827637,1.0,1.0,1.436113953590393,1.0,1.958854913711548,1.0,2.688300609588623,1.0,2.256154537200928,17.094266891479492,1.0,7.540612697601318,1.0,1.9130123853683472,1.0,1.0,1.0,1.0,1.0,9.20261573791504,4.872381210327148,5.433218479156494,10.602229118347168,5.072615146636963,1.0,1.0,1.0,2.538494348526001,1.0,1.665747880935669,1.3905214071273804,1.0,1.0,2.509348630905152,1.0,1.0,1.0592570304870603,1.0,1.772154688835144,1.4731202125549316,1.0,1.430088996887207,1.0,1.574723720550537,1.5446546077728271,2.1905558109283447,1.3809967041015625,2.873222827911377,3.468111515045166,52.5971908569336,1.0,2.74601411819458,6.434032440185547,1.0,5.809427261352539,1.0,1.0,7.614205360412598,4.007237434387207,1.0687651634216309,1.0,1.4444899559020996,1.0,19.27217483520508,52.86714553833008,24.480825424194336,3.221353054046631,1.112324357032776,1.0,2.871506929397583,1.0,1.161769151687622,1.0,1.0,1.0,1.57808518409729,1.0,1.7337596416473389,1.535163640975952,1.0,8.85688591003418,1.0,1.0,1.0,1.0,1.0,1.0,1.0,2.114898681640625,1.0,1.0,5.942116737365723,1.9754996299743648,3.029540538787842,3.304315090179444,1.8714330196380613,1.3439571857452393,1.0618788003921509,6.8359880447387695,1.650335431098938,1.0,2.0783591270446777,1.996955633163452,51.51612091064453,22.444828033447266,22.22191429138184,46.25075912475586,60.26234436035156,46.71337127685547,38.9329833984375,17.046581268310547,4.116665840148926,140.55267333984375,113.24496459960938,80.63995361328125,56.22957992553711,14.96492862701416,4.99056339263916,44.334842681884766,43.96733093261719,4.3984222412109375,37.87044143676758,16.607080459594727,63.23248291015625,71.30537414550781,20.85611343383789,1.0,285.337158203125,139.20245361328125,26.4556884765625,102.17010498046876,14.002727508544922,41.45669174194336,23.282394409179688,86.34232330322266,22.251283645629883,3.760561227798462,41.16977310180664,31.483442306518555,1.0,1.0,1.0,1.0,1.0,1.0,1.0,1.0,1.0,1.0,1.0,1.0,1.0
TEST_06+4일,1.964693069458008,1.0,4.735476493835449,1.4445934295654297,1.0,1.0,2.5752148628234863,1.0,1.1559094190597534,1.0,1.0,1.0,1.0,1.0,1.0,1.0,3.6618690490722656,1.0,1.0,4.371274948120117,3.5213842391967773,1.0,1.0,1.0,9.211915969848633,26.88394927978516,6.810931205749512,20.10979652404785,6.516550540924072,2.7715206146240234,3.081695556640625,2.6938204765319824,1.147242546081543,1.0,1.0,1.8643854856491089,23.83572196960449,5.03285551071167,2.6166586875915527,20.57355117797852,11.778900146484377,1.0,1.0,1.357564091682434,1.0,1.954436421394348,1.0,2.3483309745788574,1.0,2.050414562225342,16.662614822387695,1.0,7.123372077941895,1.0,1.8056159019470213,1.0,1.0,1.0,1.0,1.0,9.518647193908691,5.245849609375,5.4123358726501465,10.77735710144043,3.086758613586426,1.0,1.0,1.0,2.4081356525421143,1.0,1.8483930826187127,1.2886229753494265,1.0,1.0,2.271260499954224,1.0,1.0,1.1222254037857056,1.0,1.7863342761993408,1.5063714981079102,1.0,1.355712652206421,1.0,1.4534480571746826,1.4989266395568848,2.2415759563446045,1.3857637643814087,2.9959826469421387,3.196195125579834,37.8176383972168,1.0,2.9447410106658936,6.031520843505859,1.0,2.951260805130005,1.0,1.0,7.66648006439209,3.706904649734497,1.0,1.0,1.2732882499694824,1.0,18.925567626953125,35.91482162475586,24.30599975585937,3.47481632232666,1.0703555345535278,1.0,2.696538209915161,1.0,1.193063735961914,1.0,1.0,1.0,1.6368643045425415,1.0,1.6676886081695557,1.5807430744171145,1.0,14.513823509216309,1.0,1.0,1.0,1.0,1.0,1.0,1.0,1.2545510530471802,1.0,1.0,9.302824020385742,1.887341856956482,2.7763614654541016,2.957326650619507,1.8801946640014648,1.1691443920135498,1.0,6.754779815673828,1.6697670221328735,1.0,2.057738780975342,2.029616355895996,52.44310760498047,23.87459945678711,17.677663803100586,28.04513168334961,59.95691680908203,45.401405334472656,39.28479766845703,13.384777069091797,3.98910927772522,139.32772827148438,110.57463836669922,78.11976623535156,56.884559631347656,15.441276550292969,3.3129801750183105,45.75306701660156,45.64741516113281,4.33571195602417,36.36334228515625,15.578154563903809,62.90702438354492,70.43828582763672,19.869415283203125,1.0,278.52020263671875,132.2515869140625,28.311613082885746,102.21564483642578,12.337312698364258,41.81435775756836,22.56157112121582,86.42771911621094,22.953197479248047,3.367241144180298,37.86545181274414,32.25895690917969,1.0,1.0,1.0,1.0,1.0,1.0,1.0,1.0,1.0,1.0,1.0,1.0,1.0
TEST_06+5일,2.601346731185913,1.0,4.530313014984131,2.0956075191497803,1.0,1.369819402694702,3.015408992767334,1.0,2.3920860290527344,1.0,1.0,1.0,1.0,1.0,1.0,1.0,3.969934463500977,1.0,1.0,4.64567756652832,4.546811103820801,1.0,1.0,1.0,9.974920272827148,25.53670692443848,6.595860004425049,37.42298889160156,6.061306953430176,2.89329195022583,3.906719207763672,2.909122467041016,1.2022725343704224,1.0,1.0,1.4701735973358154,25.09757423400879,5.678915977478027,2.900309085845948,22.04840850830078,12.05507469177246,1.0,1.0,1.0,1.0,1.752792477607727,1.0,2.4851861000061035,1.0,2.173963785171509,16.618722915649414,1.0,7.211508274078369,1.0,1.249198079109192,1.0,1.0,1.0,1.0,1.0,9.75620460510254,4.830418586730957,5.816938400268555,11.190299034118652,5.064781188964844,1.0,1.0,1.0,2.264089345932007,1.0,2.528460025787353,1.462000608444214,1.0,1.0,2.128625869750977,1.0,1.0,1.0528968572616575,1.0,1.9051170349121087,1.4448368549346924,1.0,1.103211760520935,1.0,1.3119319677352903,1.7631404399871826,1.9220240116119385,1.2622060775756836,2.985954761505127,3.3786654472351074,84.90135192871094,1.0,2.678011894226074,6.285384178161621,1.0,2.518014907836914,1.0,1.0,7.871450424194336,3.54150390625,1.0,1.0,1.3036789894104004,1.0,17.93647003173828,83.92753601074219,24.765724182128903,3.205188274383545,1.0,1.0,2.892289400100708,1.0,1.17136812210083,1.0,1.0,1.0,1.791214942932129,1.0,1.434852957725525,1.4253299236297607,1.0,26.230817794799805,1.0,1.0,1.0,1.0,1.0,1.0,1.0,3.433574676513672,1.0,1.0,2.704362869262696,1.8985785245895384,4.083612442016602,2.9742817878723145,1.9402852058410645,1.271856665611267,1.1576975584030151,6.627712249755859,1.854947209358216,1.0,2.4587607383728027,2.261461019515991,44.36203384399414,25.355674743652344,29.67888832092285,62.35799407958984,53.96819686889648,43.79417419433594,34.71696090698242,15.337465286254885,4.109102249145508,126.60948181152344,103.58361053466795,79.8876953125,49.04147338867188,14.768808364868164,3.354027271270752,39.361122131347656,38.52149963378906,4.073863506317139,37.826416015625,15.262699127197266,57.86487579345703,61.3521728515625,19.98581314086914,1.0,285.5048828125,152.1310577392578,34.15927505493164,113.00051879882812,13.174785614013672,44.194801330566406,26.41695785522461,91.3377685546875,21.308425903320312,3.6503281593322754,46.874122619628906,36.66543197631836,1.0,1.0,1.0,1.0,1.0,1.0,1.0,1.0,1.0,1.0,1.0,1.0,1.0
TEST_06+6일,2.2368295192718506,1.0,5.009226322174072,4.1824445724487305,1.0,1.0395402908325195,6.320832252502441,1.0,2.723985433578491,1.0,1.0,1.0,1.0,1.0,1.0,1.0,3.651058197021485,1.0,1.0,4.076862335205078,9.787089347839355,1.0,1.0,1.0,10.426149368286133,17.932031631469727,6.621482372283936,60.35913848876953,7.1181182861328125,3.158763885498047,4.96788501739502,3.401719570159912,2.9741673469543457,1.2593334913253784,1.0,1.4801888465881348,33.76026153564453,8.884175300598145,4.388165473937988,29.96155548095703,11.48080825805664,1.0,1.0,1.2512128353118896,1.0,1.613308668136597,1.0,4.519719123840332,1.0,3.853226661682129,23.761550903320312,1.0,6.984041690826416,1.0,2.481660842895508,1.4256948232650757,1.0,1.0750091075897217,1.0,1.0,14.599709510803224,4.955047607421875,5.452143669128418,12.92615032196045,16.078594207763672,1.3139039278030396,1.0,2.15260648727417,2.369842767715454,1.0,3.590292930603028,2.8093647956848145,1.1225180625915527,1.0,2.895360946655273,1.0,1.3864905834197998,1.2174640893936155,1.0,2.773091077804565,2.197533130645752,1.2045146226882937,1.2237441539764404,1.8560962677001955,1.961642265319824,2.197758436203003,2.7405335903167725,1.278439998626709,2.7747998237609863,4.739270687103272,46.023834228515625,1.2337214946746826,3.647854804992676,8.891107559204102,1.0,3.0966646671295166,1.0,1.0,7.801292419433594,4.112607955932617,1.4979534149169922,1.0,1.7656192779541016,1.0,22.209880828857425,46.11686706542969,25.64666175842285,4.38862419128418,1.740968942642212,1.0,3.680439949035645,1.0,1.1275113821029663,1.0,1.0,1.0439378023147583,1.897138357162476,1.0131198167800903,1.9616351127624512,1.295795440673828,1.0,8.095732688903809,1.0,1.0,1.0,1.0,1.0,1.0,1.0,3.93375301361084,1.0,1.0,1.8129558563232424,3.773621082305908,6.958831310272217,6.0768723487854,2.5538923740386963,3.180094242095948,2.869058609008789,10.483566284179688,2.4046835899353027,1.702685832977295,3.921736240386963,2.826812267303467,53.14810943603516,42.36180877685547,37.816497802734375,81.23768615722656,65.5049057006836,59.47983551025391,43.909786224365234,34.23845291137695,6.596098899841309,156.26254272460938,128.3329315185547,111.93707275390624,57.68351745605469,18.26087188720703,1.7317686080932615,44.72981643676758,50.33422088623047,4.900233268737793,49.81494140625,22.82855224609375,76.35543060302734,67.0842056274414,25.94527244567871,1.0,459.0855712890625,298.2129211425781,61.22981262207031,214.40020751953125,31.311988830566406,71.46726989746094,57.309967041015625,153.59481811523438,29.247407913208008,7.289572715759277,90.56166076660156,67.71842956542969,1.0,1.0,1.0,1.0,1.0,1.0,1.0,1.0,1.0,1.0,1.0,1.0,1.0
TEST_06+7일,1.5214474201202393,1.0,7.820233345031738,2.4764082431793213,1.0,1.0,6.336695671081543,1.0,1.0,1.0,1.0,1.0,1.0,1.0,1.0,1.0,3.745639801025391,1.0,1.0,3.816751480102539,6.961559295654297,1.0,1.0,1.0,10.965136528015137,9.376541137695312,1.0,14.187055587768556,13.139012336730955,4.090303421020508,4.445273399353027,3.9900062084198,4.482497215270996,1.6643893718719482,1.0,1.9721887111663816,40.93399810791016,14.303582191467283,7.24582052230835,34.04288101196289,15.434309005737305,1.0,1.0,1.2293689250946045,1.0,1.8795228004455569,1.0,6.0968017578125,1.0,5.759029388427734,38.75066757202149,1.5597927570343018,9.94148063659668,1.0,4.137510299682617,1.0,1.045574188232422,2.19180965423584,1.0,1.0,23.99631118774414,5.199690341949463,5.1271562576293945,16.774477005004883,6.037299633026123,1.6067888736724854,1.0,1.7983031272888184,4.320172309875488,1.0,4.1523118019104,4.198410034179688,1.837860465049744,1.0,4.597618103027344,1.0,2.194086790084839,1.7376394271850586,1.0,4.841405868530273,4.358457565307617,2.6123640537261963,1.4334622621536257,1.7286087274551392,3.35006046295166,2.2736356258392334,4.868324279785156,1.6300125122070312,3.206052303314209,5.179090976715088,2.9584102630615234,2.0845284461975098,4.984362602233887,11.968465805053713,1.0,1.0,1.0,1.0,7.41611385345459,7.270638465881348,2.4034457206726074,1.00618314743042,1.4292945861816406,1.0,49.15223693847656,5.089149475097656,33.415245056152344,6.5162763595581055,3.3928542137146,1.4139984846115112,5.750373840332031,1.0,1.5426437854766846,1.0,1.0,1.490062952041626,2.519216060638428,1.638553261756897,3.033440589904785,1.845000505447388,1.0,4.343005180358887,1.0,1.0,1.0,1.0,1.0,1.0,1.0,1.0,1.0,1.0,6.041162490844727,6.317337989807129,7.071538925170898,9.830141067504885,4.482334136962891,4.940404415130615,3.9551851749420166,16.598609924316406,4.49302864074707,2.7668025493621826,5.906686782836914,4.606587886810303,81.92625427246094,70.0897445678711,8.964513778686523,20.60696792602539,96.10958862304688,101.4382781982422,64.03607940673828,53.83521270751953,10.23007583618164,251.3287506103516,213.1664123535156,181.1434631347656,80.40985107421875,29.16362190246582,2.8917999267578125,70.05773162841797,79.13069152832031,6.370952606201172,76.24532318115234,34.82258987426758,120.31454467773438,106.05086517333984,45.27845764160156,1.0,667.7575073242188,446.51275634765625,102.8450698852539,320.3975524902344,59.3946647644043,108.73651123046876,103.72521209716795,236.0194396972656,50.92340087890625,12.646486282348633,141.10333251953125,110.88680267333984,1.0,1.0,1.0,1.0,1.0,1.0,1.0,1.0,1.0,1.0,1.0,1.0,1.0
TEST_07+1일,1.0,1.0,4.39343786239624,1.1552090644836426,1.0,1.0,1.0,1.0,1.273366093635559,1.0,1.0,1.0,1.0,1.0,1.0,1.0,1.0,1.0,1.0,1.0,1.0,1.0,1.0,1.0,1.0,1.0,1.0,2.1046924591064453,2.867520332336426,2.865184783935547,1.62855863571167,1.543998956680298,1.2499651908874512,1.0,1.0,1.092758059501648,28.57146644592285,1.4603805541992188,1.0,22.00116539001465,8.475528717041016,1.0,1.0,1.0,1.0,1.0,1.0,4.72705078125,1.0,3.3471784591674805,11.46723461151123,1.0,4.799201011657715,1.0,2.358850240707397,1.0,1.0,1.0,1.0,1.0,10.34449291229248,3.702460527420044,4.0745368003845215,7.2733154296875,3.808038711547852,1.0,1.0,1.0,1.0,1.0,1.0,1.0,1.0,1.0,1.0,1.0,1.0,1.0,1.0,1.0,1.0,1.0,1.0,1.0,1.0,1.0,1.0,1.0,1.0,1.0,1.0948562622070312,1.2659683227539062,2.704684257507324,8.464534759521484,1.0,1.0,1.0,1.0,2.373016357421875,5.737416744232178,1.0,1.0,1.0,1.0,63.32930755615234,1.4772224426269531,11.19736671447754,2.852961540222168,1.85754919052124,1.0,1.6320799589157104,1.0,1.0,1.3239198923110962,1.0,1.0,1.5385791063308716,1.0,1.0,1.0,1.0,1.0,1.0,1.0,1.0,1.0,1.0,1.0,1.0,1.0,1.0,1.0,1.0,2.047122001647949,1.0,1.0,1.0,1.0,1.0,2.3469064235687256,1.369242548942566,1.0,1.0,1.0,2.118951797485352,1.0,1.0,1.0,2.984161376953125,1.0,1.8886127471923828,2.433283805847168,1.0,5.454498291015625,1.5864791870117188,1.0,4.097709655761719,1.5780725479125977,1.0,1.0,2.825592041015625,1.0,2.0752391815185547,1.0,3.097640991210937,1.0,1.0,1.0,14.199333190917969,13.012687683105469,3.697498321533203,10.671745300292969,2.545612335205078,2.945331573486328,4.854579925537109,6.0614166259765625,1.6353130340576172,1.0,5.3716583251953125,3.675273895263672,1.0,1.0,1.0,1.0,1.0,1.0,1.0,2.338905334472656,1.0,1.0,1.0,1.0,1.0
TEST_07+2일,1.0,1.0,1.069969654083252,1.0,1.0,1.0,1.0,1.0,1.0,1.0,1.0,1.0,1.0,1.0,1.0,1.0,1.4999980926513672,1.0,1.0,1.0670089721679688,1.3064212799072266,1.0,1.0,1.0,4.5144548416137695,4.698080062866211,1.0,4.029197692871094,1.0,1.0,1.0,1.0,1.0,1.0,1.0,1.0,3.1291961669921875,1.4355337619781494,1.0,3.9854660034179688,1.0,1.0,1.0,1.0,1.0,1.0,1.0,1.0,1.0,1.0,2.93441104888916,1.0,1.7849421501159668,1.0,1.0,1.0,1.0,1.0,1.0,1.0,1.0,3.1498115062713623,1.7774381637573242,2.422484397888184,1.54854154586792,1.0,1.0,1.0,1.0,1.0,1.0,1.0,1.0,1.0,1.0,1.0,1.0,1.0,1.0,1.0,1.0,1.0,1.0,1.0,1.0,1.0,1.0,1.0,1.0,1.0,2.7012805938720703,1.0,1.0,1.0211267471313477,1.0,1.0,1.0,1.0,2.522960662841797,1.0,1.0,1.0,1.4227099418640137,1.0,7.495990753173828,8.830867767333984,4.597186088562012,1.0,1.0,1.0,1.4046603441238403,1.0,1.0,1.0,1.0,1.0,1.0,1.0,1.0,1.0,1.0,1.3089990615844729,1.0,1.0,1.0,1.0,1.0,1.0,1.0,1.0,1.0,1.0,5.146340370178223,1.0,1.0,1.0,1.0,1.0,1.0,1.4612553119659424,1.0,1.0,1.0,1.0,1.933553695678711,1.0,1.6476707458496094,13.801837921142578,2.813488006591797,1.0593795776367188,1.7628746032714844,2.437394142150879,1.0,5.118412017822266,1.0,1.0,3.817241668701172,1.0,1.0,1.0,2.6474437713623047,1.0,2.0165367126464844,1.0,2.815980911254883,1.0,1.0,1.0,13.63506317138672,12.658828735351562,3.5556468963623047,9.933929443359377,3.0031089782714844,2.895423889160156,3.7247848510742174,5.512466430664063,1.5837068557739258,1.0,5.442882537841797,3.509786605834961,1.0,1.0,1.0,1.0,1.0,1.0,1.0,2.392913818359375,1.0,1.0,1.0,1.0,1.0
TEST_07+3일,1.0017485618591309,11.55518627166748,1.93438458442688,1.4942368268966677,1.0,1.0,5.376000881195068,1.0,1.0,1.0,1.0,1.0,1.0,1.0,1.0,1.0,14.290165901184082,1.0,1.0,15.870458602905272,5.613010406494141,1.0,1.0,1.0,1.0,1.0460548400878906,3.778968572616577,33.30363464355469,1.0,1.0,1.0,1.0,1.0,1.0,1.0,1.0,5.412691116333008,1.3882280588150024,1.0,5.612384796142578,1.0,1.0,1.0,1.0,1.0,1.0,1.0,1.08404541015625,1.0,1.0,3.36848258972168,1.0,1.7980685234069824,1.0,1.0,1.0,1.0,1.0,1.0,1.0,1.6797819137573242,3.0293784141540527,1.4563665390014648,2.309049606323242,1.34952974319458,1.0,1.0,1.0,1.0,1.0,1.0,1.0,1.0,1.0,1.0,1.0,1.0,1.0,1.0,1.0,1.0,1.0,1.0,1.0,1.0,1.0,1.0,1.0,1.0,1.0,13.065393447875977,1.0,1.0,1.8791661262512207,1.0,1.0,1.0,1.0,2.44729995727539,1.11852765083313,1.0,1.0,1.975316047668457,1.0,4.90911865234375,12.539447784423828,4.046811103820801,1.124503254890442,1.0,1.0,2.186872959136963,1.0,1.0,1.0,1.0,1.0,1.0,1.0,1.0,1.0,1.0,6.141131401062012,1.0,1.0,1.0,1.0,1.0,1.0,1.0,1.0,1.0,1.0,2.85463809967041,1.0,1.0,1.0,1.0,1.0,1.0,1.9211187362670896,1.0,1.0,1.0,1.0,2.164487838745117,1.0,30.70985221862793,26.720447540283203,2.91718864440918,1.1075258255004885,1.8289194107055664,2.7436580657958984,1.0,5.534099578857422,2.046844482421875,1.2502574920654297,3.873687744140625,1.0,2.5330820083618164,1.0,2.8218002319335938,1.0,2.144148826599121,1.0,3.175264358520508,1.324148178100586,1.0,1.0,14.702598571777344,14.491325378417969,3.9548110961914062,10.726394653320312,3.630895614624024,3.239225387573242,4.034854888916016,5.7442474365234375,1.751077651977539,1.0,6.404415130615234,3.960817337036133,1.0,1.0,1.0,1.0,1.0,1.0,1.0,3.46234130859375,1.0,1.0,1.0,1.0,1.0
TEST_07+4일,1.0,12.117317199707031,1.665182113647461,1.148953199386597,1.0,1.0,5.41664981842041,1.0,1.0,1.0,1.0,1.0,1.0,1.0,1.0,1.0,14.009122848510742,1.0,1.0,17.29821014404297,5.660918235778809,1.0,1.0,1.0,4.607313632965088,3.397521734237671,2.498633861541748,30.699262619018555,1.0,1.0,1.0,1.0,1.0,1.0,1.0,1.0,5.423334121704102,1.346811056137085,1.0,5.451465606689453,1.0,1.0,1.0,1.0,1.0,1.069733500480652,1.0,1.0578540563583374,1.0,1.0,3.3857622146606445,1.0,1.7699403762817385,1.0,1.0,1.0,1.0,1.0,1.0,1.0,1.7224888801574707,2.9941296577453613,1.1209373474121094,2.485172271728516,1.2687153816223145,1.0,1.0,1.0,1.0,1.0,1.0,1.0,1.0,1.0,1.0,1.0,1.0,1.0,1.0,1.0,1.0,1.0,1.0,1.0,1.0,1.0,1.0,1.0,1.0,1.0,9.557226181030272,1.0,1.0,1.97133207321167,1.0,1.0,1.0,1.0,3.114486694335937,1.0568649768829346,1.0,1.0,1.958094596862793,1.0,5.902442932128906,18.38260078430176,3.755435943603516,1.0,1.0,1.0,2.016159772872925,1.0,1.0,1.0,1.0,1.0,1.0,1.0,1.0,1.0,1.0,8.607588768005371,1.0,1.0,1.0,1.0,1.0,1.0,1.0,1.0,1.0,1.0,14.244839668273926,1.0,1.0,1.0,1.0,1.0,1.0,1.4583892822265625,1.0,1.0,1.0,1.0,2.19538688659668,1.0,21.090856552124023,15.073768615722656,2.9971237182617188,1.0,2.047372817993164,2.275012969970703,1.0,5.631385803222656,1.114938735961914,1.0,4.589853286743164,1.0,6.465587615966797,1.0,2.840753555297852,1.0,2.141596794128418,1.0319299697875977,3.053285598754883,1.0,1.0,1.0,11.042488098144531,11.180191040039062,3.0608158111572266,8.649581909179688,2.9853172302246094,2.640344619750977,4.017032623291016,4.53045654296875,1.4456253051757812,1.0,5.000270843505859,3.175569534301758,1.0,1.0,1.0,1.0,1.0,1.0,1.0,2.1876754760742188,1.0,1.0,1.0,1.0,1.0
TEST_07+5일,1.0,32.365962982177734,2.098172187805176,1.2189785242080688,1.0,1.0,12.313028335571287,1.0,1.0,1.0,1.0,1.0,1.0,1.0,1.0,1.0,30.987916946411133,1.0,1.0,43.77949142456055,12.668682098388672,1.0,1.0,1.0,19.773632049560547,18.01739501953125,6.550050735473633,31.432662963867188,1.0,1.0,1.0,1.0,1.0,1.0,1.0,1.0,6.387205123901367,1.5454554557800293,1.0,6.148294448852539,1.0,1.0,1.0,1.0,1.0,1.2318118810653689,1.0,1.0542552471160889,1.0,1.0,3.931807518005371,1.0,1.801069259643555,1.0,1.0,1.0,1.0,1.0,1.0,1.0,1.6792478561401367,3.0944206714630127,1.2566757202148438,3.056325912475586,1.252223014831543,1.0,1.0,1.0,1.0,1.0,1.0,1.0,1.0,1.0,1.0,1.0,1.0,1.0,1.0,1.0,1.0,1.0,1.0,1.0,1.0,1.0,1.0,1.0,1.0,1.0,27.7548885345459,1.0,1.0,1.7910785675048828,1.0,1.0,1.0,1.0,4.503883361816406,1.0,1.0,1.0,2.155634880065918,1.0,2.871746063232422,38.75631713867188,3.563344955444336,1.0,1.0,1.0,1.9210551977157595,1.0,1.0,1.0,1.0,1.0,1.0,1.0,1.0,1.0,1.0,10.334108352661133,1.0,1.0,1.0,1.0,1.0,1.0,1.0,2.2361388206481934,1.0,1.0,23.350170135498047,1.0,1.0,1.0,1.0,1.0,1.0,1.6771745681762695,1.0,1.0,1.0,1.0,2.616598129272461,1.0,53.74139404296875,53.94682693481445,3.269338607788086,1.298603057861328,2.193431854248047,2.7292699813842773,1.0,6.418537139892578,2.0371761322021484,1.016469955444336,4.662174224853516,1.0,8.188680648803711,1.0,3.17999267578125,1.008910894393921,2.258999824523926,1.102193832397461,3.561159133911133,1.4514532089233398,1.0,1.0,15.144859313964844,14.036361694335938,4.020788192749023,11.072532653808594,3.710957527160645,3.388946533203125,4.198799133300781,6.323692321777344,1.8305788040161133,1.0,6.053379058837891,4.003000259399414,1.0,1.0,1.0,1.0,1.0,1.0,1.0,1.4531173706054688,1.0,1.0,1.0,1.0,1.0
TEST_07+6일,1.0,35.15269470214844,5.115684509277344,4.288390636444092,1.0,1.0,13.859657287597656,1.0,1.0,1.0,1.0,1.0,1.0,1.0,1.0,1.0,35.303550720214844,1.0,1.336057424545288,44.74847412109375,14.471843719482422,1.0,1.0,1.0292270183563232,6.439262866973877,10.460504531860352,9.221749305725098,39.41708755493164,1.0,1.0,1.0,1.0,1.0,1.136787176132202,1.0,1.0,8.711368560791016,1.7642521858215332,1.0,10.246597290039062,1.0,1.0,1.0,1.5087064504623413,1.0,1.3129514455795288,1.0,1.0802466869354248,1.0,2.3798391819000244,4.224184036254883,1.0,1.8535757064819336,1.0,1.0,1.0,1.0,1.0,1.0,1.0,1.758255958557129,3.068823337554932,1.6828136444091797,3.360311508178711,1.4495854377746582,1.0,1.0,1.0,1.0,1.0,1.0,1.0,1.0,1.0,1.0,1.0,1.0,1.0,1.0,1.0,1.0,1.0,1.0,1.0,1.0,1.0,1.0,1.0,1.0,1.0,27.81853485107422,1.0,1.3658591508865356,4.300353527069092,1.0,1.0,1.0,1.0,3.843576431274414,1.6517274379730225,1.3384135961532593,1.0,2.95896577835083,1.0,1.0,16.016067504882812,3.915152549743652,2.3782663345336914,1.0,1.0,3.991397619247437,1.0,1.20246684551239,1.0,1.0,1.0,1.0,1.0,1.0,1.0,1.0,14.370609283447266,1.0,1.0,1.0,1.0,1.0,1.0,1.0,1.6210612058639526,1.0,1.0,23.003511428833008,2.8232758045196533,1.4916661977767944,1.258265495300293,2.165111780166626,1.0,1.0,3.4739537239074707,1.0,1.0,1.0793439149856567,1.5906755924224854,2.379159927368164,1.0,73.14078521728516,49.50092697143555,3.3579158782958984,1.0,2.3051986694335938,1.972860336303711,1.0,6.104560852050781,1.0,1.0,5.119037628173828,1.3926467895507812,15.13459014892578,1.0,2.9146652221679688,1.0,2.174776077270508,1.154500961303711,3.2307090759277344,1.0,1.0,1.0,8.114402770996094,8.134445190429688,2.335063934326172,7.711372375488281,3.10223388671875,2.393585205078125,5.100498199462891,4.146190643310547,1.261516571044922,1.0,4.242233276367188,2.718050003051758,1.0,1.0,1.0,1.0,1.0,1.0,1.0,1.4747238159179688,1.0,1.0,1.0,1.0,1.0
TEST_07+7일,1.0,1.0,7.484606266021728,3.676324367523194,1.0,1.0,1.0,1.0,1.120732069015503,1.0,1.0,1.0,1.0,1.0,1.0,1.0,1.0,1.0,1.0,1.0,1.0,1.0,1.0,1.0,1.0,1.0,1.0,3.33059310913086,1.3168344497680664,1.2580697536468506,1.0,2.1196813583374023,1.0,1.4814002513885498,1.0,1.4509775638580322,29.901731491088867,1.755615472793579,1.0,25.11918067932129,4.052848815917969,1.0,1.0,1.0,1.0,1.0390048027038574,1.0,3.805953025817871,1.0,5.042428016662598,10.00811767578125,1.0,3.7715466022491455,1.0,1.1619070768356323,1.0,1.0,1.0,1.0,1.0,9.45832347869873,3.3978111743927,3.951850891113281,7.547449588775635,3.3885746002197266,1.0,1.0,1.0,1.5480940341949463,1.0,1.0,1.0,1.0,1.0,1.0,1.0,1.0,1.0,1.0,1.0,1.0,1.0,1.0,1.0,1.0,1.0,1.0,1.0,1.0,1.542461633682251,1.0,1.368557691574097,3.461595296859741,11.060266494750977,1.0,1.0,1.0,1.0,3.044328689575196,5.94008731842041,1.974501609802246,1.039836883544922,1.3148221969604492,1.0,35.18016815185547,1.0,7.600505828857422,4.970362663269043,2.108029842376709,1.0,4.979640960693359,1.0,2.109572649002075,1.5797321796417236,1.0,1.0,1.3361749649047852,1.105613350868225,1.0,1.4677455425262451,1.2321617603302002,1.0,1.0,1.0,1.0,1.0,1.0,1.0,1.0,1.0,1.0,1.0,1.0,4.087996959686279,1.191325068473816,2.0334694385528564,2.361744403839112,1.453573226928711,1.0829980373382568,5.281879425048828,1.1274501085281372,1.0,1.6782606840133667,1.2336163520812988,2.476736068725586,1.0,1.322368621826172,1.0,3.539392471313477,2.041849136352539,2.270906448364258,2.2421255111694336,1.0,6.179740905761719,3.4517955780029297,6.22369384765625,5.059064865112305,2.081828117370605,1.0,1.2810468673706057,3.1136608123779297,1.0,2.2743139266967773,1.163869857788086,3.295024871826172,1.8178834915161133,1.3906948566436768,1.0,18.11488342285156,14.737770080566406,4.076868057250977,11.514312744140623,2.367696762084961,3.552530288696289,6.565315246582031,8.296863555908203,1.6785507202148438,1.0,5.0409698486328125,3.675273895263672,1.0,1.0,1.0,1.0,1.0,1.0,1.0,1.39910888671875,1.0,1.0,1.0,1.0,1.0
TEST_08+1일,1.465501308441162,1.0,3.723972797393799,2.431002855300904,1.0,1.0,2.71798038482666,1.0,1.0528242588043213,1.0,1.7880194187164309,1.0,1.0,1.0,1.0,1.0,4.940074920654297,1.0,1.0,6.377843856811523,2.773209571838379,1.235805869102478,1.0,1.0,2.137462615966797,1.0,1.0,7.65069580078125,15.549009323120115,1.628483772277832,3.033480167388916,1.9671435356140137,1.0,1.0,1.0,5.826900482177734,16.399921417236328,1.0,2.125487327575684,12.546724319458008,13.658052444458008,1.0,3.393960475921631,1.0,1.0,1.7680562734603882,1.0,1.7325327396392822,1.0,1.4731391668319702,7.581326484680176,1.39143967628479,3.5439159870147705,1.0,2.77195405960083,1.0,1.0403740406036377,1.2488038539886477,1.0,1.0,5.167873859405518,14.864754676818848,16.93470001220703,7.345953464508057,22.084815979003903,1.027956247329712,1.0,1.218832015991211,3.2658350467681885,1.0,1.2217223644256592,1.824466586112976,1.2705655097961426,1.0,4.080419540405273,1.0,1.0,1.9808759689331048,1.0,1.7646387815475464,1.0,1.0,1.0688620805740356,1.8490853309631348,1.2366557121276855,1.0,2.8776206970214844,1.1752389669418335,2.786451578140259,2.863455057144165,1.0,1.0,1.2219256162643433,2.5214719772338867,1.0,1.0,1.0,1.0,11.819538116455078,2.283043384552002,1.8214887380599976,1.0,3.586915969848633,1.0,184.63754272460932,3.829944610595703,41.58237457275391,1.6346330642700195,1.2035900354385376,1.0,1.0925273895263672,1.0,1.0,1.0,1.0,1.0,1.0,1.0,1.1719083786010742,1.0007387399673462,1.0,1.0,1.0,1.0,1.0,1.0,1.0,1.0,1.0,1.0,1.0,1.0,1.0,1.0,1.0,1.0,1.0,1.0,1.0,1.0,1.0,1.0,1.0,1.0,2.8621692657470703,1.0,7.032707214355469,10.18532943725586,5.889942169189453,1.0,3.6832332611083984,1.0,1.0,10.14202880859375,1.0159416198730469,1.0436553955078125,12.972158432006836,2.943702220916748,6.148809909820557,1.0,5.850315093994141,1.0,5.926572799682617,2.736999034881592,4.984981536865234,1.0,1.0,2.978771686553955,7.977149963378906,6.769554138183594,1.4608631134033203,4.987823486328125,1.046039581298828,2.945331573486328,6.351474761962891,8.818367004394531,1.327070236206055,1.0,2.35986328125,2.5006465911865234,30.775192260742188,12.967681884765623,37.85210418701172,6.117542266845703,13.288527488708496,23.996356964111328,13.005520820617676,270.818115234375,40.578857421875,83.06907653808594,56.036582946777344,11.108945846557615,62.85638427734375
TEST_08+2일,1.0,1.0,1.0,1.0,1.0,1.0,4.933393955230713,1.0,1.0,1.0,1.0,1.0,1.0,1.0,1.0,1.0,36.184513092041016,1.0,1.0,19.46127319335937,5.522801399230957,1.0,1.0,1.0,6.871259689331055,4.78669023513794,1.0,31.01243019104004,1.0,1.0,1.0,1.0,1.0,1.0,1.0,1.0,5.993446350097656,1.0,1.0,5.266923904418945,2.877038955688477,1.0,1.4825851917266846,1.0,1.0,1.0,1.0,1.4429277181625366,1.0,1.0,3.5398988723754883,1.0,2.6944327354431152,1.0,1.0,1.0,1.0,1.0,1.0,1.0,1.0,2.3751795291900635,6.034902095794678,3.774746894836426,2.8421173095703125,1.0,1.0,1.0,1.0,1.0,1.0,1.0,1.0,1.0,1.0,1.0,1.0,1.0,1.0,1.0,1.0,1.0,1.0,1.0,1.0,1.0,1.0,1.0,1.0,1.93755841255188,1.970624923706055,1.0,1.0,1.0,1.0,1.0,1.0,1.0,11.99699592590332,1.0,1.0,1.0,1.0,1.0,1.0,58.177345275878906,6.09506893157959,1.0,1.0,1.0,1.0,1.0,1.0,1.0,1.0,1.0,1.0,1.0,1.0,1.0,1.0,10.979232788085938,1.0,1.0,1.0,1.0,1.0,1.0,1.0924434661865234,1.0,1.0,1.0,16.872098922729492,1.0,1.0,1.0,1.0,1.0,1.0,1.0,1.0,1.0,1.0,1.0,1.517221450805664,1.0,26.215648651123047,14.102237701416016,3.3622360229492188,1.0,1.2751646041870115,1.0,1.0,6.153205871582031,1.0,1.0,11.12353515625,1.0,20.02099800109864,1.0,1.3738746643066406,1.0,1.3427448272705078,1.0,2.0841102600097656,1.0,1.0,1.3942954540252686,3.173255920410156,2.4600143432617188,1.0,1.863487243652344,1.0,1.0,1.0,1.0,1.0,1.0,1.0,1.0,6.687068939208984,6.536118507385254,7.77667236328125,5.811890602111816,10.799345016479492,4.964712142944336,6.833158493041992,2.128257751464844,7.037771224975586,1.0,26.29504776000977,7.359224319458008,3.206136703491211
TEST_08+3일,1.0,2.300222396850586,1.2861666679382324,1.0,1.0,1.0,4.000889301300049,1.0,1.7190454006195068,1.0,1.0,1.0,1.0,1.0,1.0,1.0,1.7269935607910156,1.0,1.0,14.37553596496582,3.838389873504639,1.0,1.0,1.0,7.157280921936035,11.92140769958496,1.0,42.84051513671875,6.094347953796387,1.0,1.392066478729248,1.0,1.0,1.0,1.0,1.0166003704071045,5.671142578125,1.0,1.0,4.977561950683594,4.94225549697876,1.0,1.5482447147369385,1.0,1.0,1.0,1.0,2.081118583679199,1.0,1.0,3.4928979873657227,1.0,2.733438014984131,1.0,1.4933115243911743,1.0,1.4453407526016235,1.0,1.0,1.0,1.0,2.222015619277954,7.720528602600098,4.011566638946533,2.7569050788879395,1.0,1.0,1.0,2.0447301864624023,1.0,1.0665364265441897,1.0,1.0,1.0,1.7693760395050049,1.0,1.0,1.0417723655700684,1.0,1.174444317817688,1.0,1.0,1.0,1.0,1.0,1.0916781425476074,1.855506896972656,1.0,1.392244577407837,1.971292495727539,1.0,1.0,1.0,1.0,1.0,1.0,1.0,1.0,10.915742874145508,1.0,1.0,1.0,1.0575132369995115,1.0,1.0,34.69358444213867,1.530195236206055,1.0,1.0,1.0,1.0,1.0,1.0,1.0,1.0,1.0,1.0,1.0,1.0,1.0,1.0,1.0,1.0,1.0,1.0,1.0,1.0,1.0,1.0,1.0,1.0,1.0,1.6490192413330078,1.0,1.0,1.0,1.0,1.0,1.0,1.0,1.0,1.0,1.0,1.0,1.1887092590332031,1.0,47.19464492797852,81.2560043334961,3.102985382080078,1.0,1.168478012084961,1.0,1.0,5.551788330078125,1.0,1.0,10.10044288635254,1.0,49.95069122314453,1.0,1.1881465911865234,1.0,1.3172225952148438,1.0,1.6139392852783203,1.0,1.0,1.6015722751617432,1.2516937255859375,1.1456680297851562,1.0,1.0,1.0,1.0,1.0,1.0,1.0,1.0,1.0,1.0,30.706748962402344,14.731412887573242,30.23373413085937,6.7808380126953125,20.740936279296875,22.808643341064453,13.417226791381836,194.99981689453125,40.30459213256836,63.5529899597168,99.84815979003906,20.293495178222656,46.60660552978516
TEST_08+4일,1.0,35.45767974853516,1.2503821849822998,1.0,1.0,1.0,14.256227493286133,1.0,1.527408242225647,1.0,1.0,1.0,1.0,1.0,1.0,1.0,42.38908386230469,1.0,1.0,37.85411071777344,14.86427879333496,1.0,1.0,1.0,9.466268539428713,6.0360426902771,1.0,12.09258270263672,6.588967323303223,1.0,1.2669235467910769,1.0,1.0,1.0,1.0,1.0,8.044336318969727,1.0,1.0,5.802831649780273,5.33386754989624,1.0,1.5714991092681885,1.0,1.0,1.0,1.0,1.9249696731567385,1.0,1.0,5.347378730773926,1.0,2.7191858291625977,1.0,1.5809376239776611,1.0,1.209559202194214,1.0,1.0,1.0,1.0,2.2790849208831787,8.499714851379395,5.47179126739502,3.369333267211914,1.0,1.0,1.0,1.889939308166504,1.0,1.0,1.0,1.0,1.0,1.0,1.0,1.0,1.0,1.0,1.0,1.0,1.0,1.0,1.0,1.0,1.0,1.0747857093811035,1.0,1.0,2.044382810592652,1.295976638793945,1.0,1.0,1.0,1.0,1.0,1.0,1.0,10.421887397766112,1.0,1.0,1.0,1.0,1.0,1.0,70.07904052734375,2.3589954376220703,1.0,1.0,1.0,1.0,1.0,1.0,1.0,1.0,1.0,1.0,1.0,1.0,1.0,1.0,25.99080276489257,1.0,1.0,1.0,1.0,1.0,1.0,1.0,1.0,1.0,1.0,35.05458068847656,1.0,1.0,1.0,1.0,1.0,1.0,1.0,1.0,1.0,1.0,1.0,1.7644176483154297,1.0,65.49488830566406,160.9025115966797,3.3298301696777344,1.0,1.618085861206055,1.0,1.0,5.737518310546875,1.0,1.0,10.68783950805664,1.0,86.18382263183594,1.0,1.7965030670166016,1.0,1.813633918762207,1.0,1.968786239624024,1.0,1.0,1.4548275470733645,1.0,1.0,1.0,1.0,1.0,1.0,1.0,1.0,1.0,1.0,1.0,1.0,31.102197647094727,14.280322074890137,27.5484619140625,5.537750244140625,20.482568740844727,20.969776153564453,11.79110622406006,180.0278778076172,35.2975959777832,33.09046173095703,129.2322235107422,29.07686996459961,32.1397819519043
TEST_08+5일,1.0,50.50064086914063,1.604945182800293,1.0,1.0,1.8067045211791992,22.435516357421875,1.0,3.0722811222076416,1.0,1.0,1.0,1.0,1.0,1.0,1.0,115.60084533691406,1.0,1.0,93.8122329711914,24.53856086730957,1.0,1.0,1.0,22.0310173034668,24.130083084106445,1.4714157581329346,104.8502960205078,8.626571655273438,1.0,2.023378372192383,1.0,1.0,1.0,1.0,1.0,6.400888442993164,1.0,1.0,4.948036193847656,4.436667442321777,1.0,1.6483755111694336,1.0,1.0,1.0,1.0,1.9681556224823,1.0,1.0,4.502044677734375,1.0,2.834325790405273,1.0,1.8532406091690063,1.0,1.701231598854065,1.0,1.0,1.0,1.0,1.4935426712036133,8.355493545532227,4.446400165557861,1.989445686340332,1.0,1.0,1.15244722366333,2.661683320999145,1.0,1.3279438018798828,1.0,1.0,1.0480841398239136,2.7597546577453613,1.0,1.0,1.655778169631958,1.0,1.5440422296524048,1.0,1.0,1.0,1.0,1.0,1.7625352144241333,2.030620813369751,1.0,1.3072354793548584,1.9176247119903564,6.881547927856445,1.0,1.0,1.0,1.0,2.2158901691436768,1.0,1.0,10.548446655273438,1.0,1.0455200672149658,1.0,1.0,1.0,1.0,132.28750610351562,1.0,1.0,1.0,1.0,1.0,1.0,1.0,1.0,1.0,1.0,1.0,1.0,1.0,1.0,1.0,70.07009887695312,1.1511820554733276,1.0,1.1333764791488647,1.6392722129821775,1.0,1.0,1.6638389825820925,1.0,1.6401231288909912,1.0045346021652222,84.3517837524414,1.0,1.0,1.0,1.0,1.0,1.0,1.0,1.0,1.0,1.0,1.0,2.175870895385742,1.0,143.35520935058594,71.8359375,3.539392471313477,1.0,1.6422176361083984,1.0,1.0,6.277027130126953,1.0,1.0,10.668434143066406,1.0,98.42572021484376,1.0,1.9879169464111328,1.0,1.765141487121582,1.0,2.1949996948242188,1.0,1.0,2.219000816345215,1.0,1.0,1.0,1.0,1.0,1.0,1.0,1.0,1.0,1.0,1.0,1.0,39.83881378173828,22.58403587341309,42.284812927246094,9.971273422241213,30.6414737701416,37.32441329956055,16.583431243896484,262.979736328125,76.66362762451172,50.36813735961914,171.60939025878906,40.90256118774414,64.66905975341797
TEST_08+6일,4.5877604484558105,34.05235290527344,4.811816215515137,3.5790557861328125,1.0,3.682565212249756,16.44827651977539,1.0,5.425885677337647,1.0,1.1597347259521484,1.0,1.0,1.0,1.0,1.0,55.71971893310547,1.0,1.0,93.16053009033205,16.316797256469727,1.4907208681106567,1.0,1.0,19.931846618652344,24.867725372314453,12.72762680053711,114.29080200195312,11.218169212341309,3.361631393432617,3.6300454139709473,3.846857309341431,1.2530546188354492,1.0,1.0,1.0,32.13429641723633,1.0,1.5393142700195312,28.16928672790528,14.02043914794922,1.7651662826538086,3.524048328399658,1.636460304260254,1.0,1.0426199436187744,1.0,3.1507678031921387,1.0,1.8254239559173584,8.161240577697754,1.0,8.274768829345703,1.7733373641967771,3.891721725463867,1.4718751907348633,3.322166919708252,1.0,1.401865839958191,1.0,6.572666645050049,1.0,10.00849151611328,8.95195198059082,1.5529394149780271,1.0,1.0,2.1132099628448486,3.443265438079834,1.0,1.040327787399292,1.061300277709961,1.0,1.8530231714248653,3.048057079315185,1.0,1.5521361827850342,1.24881911277771,1.0,2.6720521450042725,1.0,1.0996546745300293,1.0,1.8842523097991943,1.0,4.271838188171387,1.4699840545654297,1.0,1.0577843189239502,4.98358678817749,17.197290420532227,1.1192800998687744,3.3134331703186035,7.908379077911377,1.0,2.8577589988708496,1.0,1.0,14.436006546020508,4.86978816986084,2.1712100505828857,1.0,1.0,1.0,1.0,92.0433349609375,1.0,2.102477788925171,1.6777796745300293,1.1420023441314695,2.7868926525115967,1.6101926565170288,1.0,1.1251957416534424,1.0,1.0,1.0,1.052612543106079,1.6467561721801758,1.6151831150054932,1.0,30.765914916992188,1.0,1.0,1.0,1.0,1.0,1.0546936988830566,1.1528464555740356,1.180234432220459,1.0,1.0,26.116605758666992,3.007630586624145,1.5439271926879885,4.283177852630615,2.2122044563293457,1.0,1.4326530694961548,6.198421478271484,1.0,1.0,2.626032590866089,1.0,3.5240726470947266,1.0,227.774169921875,99.36711120605467,4.66497802734375,1.0,2.9529380798339844,1.0,1.0,8.457172393798828,1.0,1.0,14.81802463531494,1.583643913269043,52.16032791137695,1.0,3.723911285400391,1.0,3.0501956939697266,1.0,3.676485061645508,1.0,1.0,7.907652378082275,3.996780395507813,3.395225524902344,1.0,2.8290252685546875,1.0,1.165323257446289,3.1153335571289062,3.3471641540527344,1.0,1.0,1.215179443359375,1.160531997680664,63.63795852661133,42.68119812011719,65.3291015625,29.527557373046875,60.47547912597656,68.22547912597656,38.16502380371094,257.98504638671875,83.39319610595703,45.2796630859375,192.1765594482422,43.554534912109375,67.70819854736328
TEST_08+7일,8.490506172180176,1.0,9.029891967773438,8.054323196411133,1.864043474197388,1.4086833000183103,3.4873290061950684,1.0,2.59440541267395,1.0,2.4283318519592285,1.0,1.0,1.0,1.0,1.0,5.007633209228516,1.2965195178985596,1.0,8.034976959228516,3.156470775604248,2.7143924236297607,1.0,1.0,3.483920097351074,2.872067451477051,12.106651306152344,24.2512321472168,18.31872940063477,5.836696624755859,4.4314799308776855,7.517941951751709,2.846367120742798,1.318669319152832,1.0,3.087221384048462,63.22525024414063,1.0,3.3284056186676025,49.43587112426758,28.72000503540039,2.773752212524414,3.732243776321411,1.0,1.0185273885726929,4.083949565887451,1.0352624654769895,3.0997555255889893,1.0,3.837886333465576,12.791566848754885,1.845872402191162,8.250765800476074,1.1684473752975464,6.140681266784668,2.1559011936187744,3.573658943176269,3.281060218811035,2.1263530254364014,1.0,13.94896125793457,8.39179515838623,19.424638748168945,11.562444686889648,10.967512130737305,1.1474394798278809,1.0,2.0132339000701904,4.787508010864258,1.0,1.5985947847366333,2.9048306941986084,1.0,1.7470040321350098,4.742508888244629,1.0,1.3284450769424438,1.9627577066421509,1.0,3.995243787765503,1.0,1.960541009902954,1.2746310234069824,3.739074468612671,2.378988027572632,1.3361886739730835,1.770334005355835,1.6324927806854248,2.2330245971679688,6.18446683883667,1.0,2.579697370529175,6.061830520629883,13.67190170288086,1.0,1.1634092330932615,1.0,1.0,11.116586685180664,11.43576431274414,2.620516777038574,1.268951654434204,3.978070974349976,1.0,125.50299072265624,5.276927947998047,31.04647445678711,4.908266067504883,4.2924089431762695,2.162086009979248,5.53413724899292,1.6447467803955078,1.6877062320709229,3.165832281112671,1.0,1.1505358219146729,1.7883903980255127,1.8999693393707275,2.790399074554444,2.8928062915802,1.0,1.0,1.0,1.0,1.0,1.0,1.0,1.0,1.0,1.0,1.0,1.0,1.392867088317871,5.658575534820557,4.399796962738037,6.005108833312988,2.9044322967529297,1.3585119247436523,3.3097312450408936,10.698490142822266,1.1456871032714844,2.052638053894043,4.847502708435059,3.040440559387207,3.132135391235352,1.0,33.70265197753906,9.370590209960938,7.532951354980469,1.0,5.745840072631836,1.0,1.0,11.221046447753906,1.0,1.0,15.062442779541016,5.37254810333252,1.0,1.0,7.851635932922363,1.0,7.304145812988281,3.410751342773437,6.050628662109375,1.0,1.0,8.388700485229492,3.295257568359375,2.7380523681640625,1.0,2.2824935913085938,1.0,2.340904235839844,7.221096038818359,8.220623016357422,1.1415672302246094,1.0057692527770996,1.0,1.611562728881836,61.566925048828125,34.91688537597656,71.47895812988281,20.052261352539062,38.72854232788086,57.868629455566406,34.57508087158203,290.218994140625,51.83040618896485,57.94536972045898,60.20802307128906,12.226741790771484,73.14784240722656
TEST_09+1일,7.219474792480469,2.6567859649658203,4.423258304595947,2.161697626113892,1.375521183013916,1.63647723197937,1.0,1.2984822988510132,3.201960325241089,1.0,1.0,1.0,1.0,2.107719898223877,14.533855438232422,1.904832124710083,1.0,1.0,1.4470438957214355,1.0,1.0,1.0,1.0,1.0,1.0,1.0,3.1275429725646973,6.505092620849609,12.341559410095217,5.7388176918029785,3.075298547744751,5.957306861877441,4.461386680603027,1.4601454734802246,1.0,4.770898342132568,45.04394912719727,1.0,5.178231716156006,26.21019172668457,20.13718032836914,3.0922255516052246,3.248552083969116,1.0,1.0,1.18180251121521,1.0,2.466991901397705,1.0,1.8502089977264404,13.174144744873049,1.0,6.028232574462891,1.0,6.222108364105225,1.0,7.583704948425293,1.204991102218628,1.0,1.0,6.996800422668457,16.787696838378906,27.500375747680664,14.85653305053711,8.385307312011719,1.0,1.0,1.0,2.686207056045532,1.0,1.5123019218444824,1.9622550010681152,1.0,1.0,2.8657689094543457,1.0,1.0431663990020752,1.0,1.0,1.6901768445968628,1.0,1.0,2.2749674320220947,1.0,2.463817596435547,4.236398696899414,1.3644964694976809,1.0,1.639223337173462,1.8304784297943115,2.7445602416992188,1.35024094581604,3.577880382537842,4.639654159545898,1.0,1.0,1.0,1.0,13.706916809082031,2.715588092803955,1.5979297161102295,1.126325607299805,3.1333961486816406,1.3862379789352417,204.58856201171875,9.996185302734377,30.792869567871094,3.220613956451416,1.235788345336914,1.0,1.3448859453201294,1.6946609020233154,1.0,1.5313156843185425,1.0,1.0,2.383861541748047,1.4435055255889893,1.204646110534668,1.2349684238433838,1.0,2.588639259338379,1.0,1.0,1.0,1.0,1.0,1.0,1.0,1.0,1.0,1.0,7.147950172424316,1.0,1.0,1.0,1.0,1.0,1.0,1.0,1.0,1.0,1.0,1.0,10.526910781860352,1.0,8.997045516967773,1.0,12.094703674316406,1.0,8.506990432739258,1.0,1.0,18.840496063232425,1.0,1.0,28.202129364013672,8.570953369140625,1.0,1.0,12.26742935180664,1.0,10.303668975830078,5.387507438659668,7.565103530883789,1.0,1.0,10.330774307250977,2.4869842529296875,2.0935134887695312,1.0,4.09515380859375,1.0,10.059812545776367,20.824996948242188,23.27405548095703,3.428976058959961,3.91581916809082,1.0,2.604480743408203,35.22905349731445,19.257244110107425,38.22826385498047,8.89361572265625,17.778060913085938,27.51070022583008,13.370981216430664,186.5443420410156,48.99784851074219,74.36016845703125,96.20606994628906,25.868881225585938,58.49137878417969
TEST_09+2일,1.0,12.660011291503906,1.645798921585083,1.0,1.0,1.0,4.431169509887695,1.0,1.0,1.0,1.0,1.0,1.0,1.0,1.0,1.0,8.335562705993652,1.0,1.0,6.559349060058594,4.43570613861084,1.0,1.0,1.0,1.0,6.602960109710693,1.0,6.917295455932617,1.284538745880127,1.0,1.0,1.065035343170166,1.0,1.0,1.0,1.0,10.835611343383787,1.0,1.0,8.049812316894531,3.152726173400879,1.0,2.834076404571533,1.0,1.0,1.0,1.0,1.7804170846939087,1.0,1.8533371686935425,7.300009250640869,1.0,5.158496856689453,1.0,1.0,1.0,1.557874321937561,1.0,1.0,1.0,2.507763385772705,3.2750701904296875,5.140819549560547,6.671314716339111,2.92897891998291,1.0,1.0,1.0,1.0,1.0,1.0,1.0,1.0,1.0,1.0,1.0,1.0,1.0,1.0,1.0,1.0,1.0,1.0,1.0,1.0,1.0,1.0,1.0,1.0,1.082963228225708,2.973684310913086,1.0,1.0943372249603271,2.241304397583008,1.0,1.0,1.0,1.0,12.494977951049805,1.0,1.0,1.0,1.0,1.0,1.0,17.819271087646484,4.93145751953125,1.0,1.0,1.0,1.0,1.0,1.0,1.0,1.0,1.0,1.0,1.0,1.0,1.0,1.0,3.4121170043945312,1.0,1.0,1.0,1.0,1.0,1.0,1.0,1.0,1.0,1.0,2.791881561279297,1.0,1.0,1.0,1.0,1.0,1.0,1.0,1.0,1.0,1.0,1.0,1.1952133178710938,1.0,7.150318145751953,14.273681640625,2.869657516479492,1.0,1.7095317840576172,1.0,1.0,4.468349456787109,1.0,1.0,9.55185317993164,1.0,1.0,1.0,1.2866973876953125,1.0,1.7804546356201172,1.0,2.221612930297852,1.0,1.0,1.384206771850586,1.0,1.0,1.0,1.0,1.0,1.0,1.0,1.0,1.0,1.0,1.0,1.0,3.801057815551758,3.382838249206543,6.077945709228516,2.107834815979004,5.208162307739258,3.9466495513916016,2.3828353881835938,9.036300659179688,3.852266311645508,5.620133399963379,10.625452041625977,2.8474841117858887,1.0
TEST_09+3일,1.0,46.804931640625,2.554124116897583,1.0,1.0,1.0,16.941017150878906,1.0,1.0,1.0,1.0,1.0,1.0,1.0,4.057073593139648,1.0,40.402862548828125,1.0,1.0,15.69609832763672,15.825489044189451,1.0,1.0,1.0,7.50184440612793,7.94556188583374,1.0,15.790365219116213,4.960026741027832,1.7136905193328855,1.1645702123641968,1.02439284324646,1.0,1.0,1.0,1.0,9.891504287719728,1.0,1.0,7.558193206787109,4.792235374450684,1.0,3.035706043243408,1.8343796730041504,1.0,1.0,1.0,2.339133977890014,1.0,1.9051933288574217,7.300009250640869,1.0,4.919590950012207,1.0,1.0,1.0,1.1892614364624023,1.0,1.0,1.0,2.0833630561828613,2.0759854316711426,5.58396577835083,8.855432510375977,2.7569050788879395,1.0,1.0,1.0,1.737928867340088,1.0,1.0,1.0,1.0,1.0,1.0,1.0,1.0,1.0,1.0,1.0,1.0,1.0,1.0,1.0,1.2837388515472412,1.0,1.0,1.0,1.0,1.0998303890228271,7.535829544067383,1.0,1.0498560667037964,1.7013592720031738,1.0,1.0,1.0,1.0,14.104476928710938,1.0,1.0,1.0,1.0169925689697266,1.0,5.342376708984375,22.894752502441406,6.41989803314209,1.331098198890686,1.0,1.0,1.0,1.0,1.0,1.0,1.0,1.0,1.0,1.0,1.0,1.0,1.0,10.246587753295898,1.0,1.0,1.0,1.0,1.0,1.0,1.0,1.0,1.0,1.0,12.488067626953123,1.0,1.0,1.0,1.0,1.0,1.0,1.0,1.0,1.0,1.0,1.0,1.0,1.0,36.644622802734375,55.945579528808594,2.3209095001220703,1.0,1.1811790466308594,1.0,1.0,4.393169403076172,1.0,1.0,7.683826446533203,1.0,1.8495559692382808,1.0,1.0,1.0,1.138566017150879,1.0,2.221612930297852,1.0,1.0,2.763056993484497,1.0,1.0,1.0,1.0,1.0,1.0,1.0,1.0,1.0,1.0,1.0,1.0,9.737852096557615,5.02799129486084,9.942405700683594,2.835726737976074,7.25251579284668,6.092075347900391,3.1958961486816406,59.00212860107422,15.3173828125,21.487735748291016,49.79562759399414,12.131461143493652,13.956300735473633
TEST_09+4일,1.0,40.842018127441406,2.5621755123138428,1.0,1.0,1.0,13.182510375976562,1.0,1.0,1.0,1.0,1.0,1.0,1.0,3.51015853881836,1.0,35.694122314453125,1.0,1.0,29.92506217956543,13.565166473388672,1.0,1.0,1.0,7.394349575042725,11.61649227142334,1.0,12.878177642822266,4.224804878234863,1.4455703496932983,1.127587080001831,1.0,1.0,1.0,1.0,1.0,10.505706787109377,1.0,1.0,9.828794479370115,4.131511688232422,1.0,3.101365566253662,1.3149794340133667,1.0,1.1713588237762451,1.0,2.6388356685638428,1.0,1.9871283769607544,7.734080791473389,1.0,4.631366729736328,1.0,1.0,1.0,1.5101382732391355,1.0,1.0,1.0,3.185736656188965,2.029826402664185,5.550683975219727,8.418267250061035,2.6683945655822754,1.0,1.0,1.0,1.954976201057434,1.0,1.0,1.0,1.0,1.0,1.0,1.0,1.0,1.0,1.0,1.0,1.0,1.0,1.0,1.0,1.0,1.0,1.0,1.0,1.0,2.0134599208831787,6.844316482543945,1.0,1.0,1.6503829956054688,1.0,1.0,1.0,1.0,15.232501983642578,1.0,1.0,1.0,1.0,1.0,2.0813140869140625,24.087682723999023,5.305119514465332,1.1333248615264893,1.0,1.0,1.0,1.0,1.0,1.0,1.0,1.0,1.0,1.0,1.0,1.0,1.0,13.436406135559082,1.0,1.0,1.0,1.0,1.0,1.0,1.0,1.0,1.0,1.0,11.306355476379396,1.0,1.0,1.0,1.0,1.0,1.0,1.0,1.0,1.0,1.0,1.0,1.0,1.0,35.153812408447266,58.44035339355469,2.033571243286133,1.0,1.0,1.0,1.0,3.911151885986328,1.0,1.0,7.44569206237793,1.0,1.0,1.0,1.0,1.0,1.0,1.0,2.035318374633789,1.0,1.0,2.675743818283081,1.0,1.0,1.0,1.0,1.0,1.0,1.0,1.0,1.0,1.0,1.0,1.0,8.118034362792969,3.724472999572754,8.07438850402832,1.904592514038086,6.558750152587891,4.124967575073242,1.9763050079345703,45.24546051025391,11.675522804260254,21.74306869506836,38.89134979248047,9.512784957885742,11.090599060058594
TEST_09+5일,1.0,69.62353515625,3.7815260887146,1.0,1.0,1.0,28.37565994262696,1.0,1.0,1.0,1.0,1.0,1.0,1.6044687032699585,4.518021583557129,1.0,68.13426208496094,1.0,1.0,52.72901916503906,28.80718231201172,1.0,1.0,1.0,12.127389907836914,21.54555320739746,1.0,20.77695083618164,3.6709353923797607,1.4417859315872192,1.082607626914978,1.2039399147033691,1.0,1.0,1.0,1.0,13.885435104370115,1.0,1.0,11.23463249206543,3.605710029602051,1.0,3.287605762481689,1.0,1.0,1.261435866355896,1.0,2.7605457305908203,1.0,1.979187488555908,8.165388107299805,1.0,4.631929397583008,1.0,1.0,1.0,1.3935593366622925,1.0,1.0,1.0,3.0656232833862305,1.2178478240966797,4.726958751678467,8.890756607055664,2.024080276489258,1.0,1.0,1.0,2.228729486465454,1.0,1.0,1.0,1.0,1.0,1.0,1.0,1.0,1.0,1.0,1.0,1.0,1.0,1.0,1.0,1.068046808242798,1.0,1.0,1.0,1.0,1.9687368869781487,14.156922340393066,1.0,1.1685807704925537,2.5071983337402344,1.0,1.0,1.0,1.0,15.632813453674316,1.0,1.0,1.0,1.0382657051086426,1.0,1.0,54.584747314453125,3.32053279876709,1.482693076133728,1.0,1.0,1.0099912881851196,1.0,1.0,1.0,1.0,1.0,1.0,1.0,1.0,1.0,1.0,29.337757110595703,1.0,1.0,1.0,1.0,1.0,1.0,1.0163590908050537,1.0,1.0,1.0,16.357234954833984,1.0,1.0,1.0,1.0,1.0,1.0,1.01827073097229,1.0,1.0,1.0,1.0,1.0,1.0,74.8536376953125,121.95709991455078,2.52614974975586,1.0,1.2459535598754885,1.0,1.0,4.906147003173828,1.0,1.0,6.219745635986328,1.0,8.824020385742188,1.0,1.0,1.0,1.056894302368164,1.0,2.4500465393066406,1.0,1.0,2.295675039291382,1.0,1.0,1.0,1.0,1.0,1.0,1.0,1.0,1.0,1.0,1.0,1.0,9.453939437866213,4.185513496398926,7.697866439819336,2.509593963623047,7.568610191345215,4.991676330566406,2.847440719604492,43.24703979492188,11.151723861694336,24.229581832885746,29.646690368652344,8.471720695495605,9.287649154663086
TEST_09+6일,2.7610788345336914,38.59648895263672,6.214262962341309,3.3794732093811035,1.0,1.3784416913986206,21.44160842895508,1.0,1.2297918796539309,1.0,1.0,1.0,1.1133428812026978,4.580296993255615,14.143290519714355,1.0,30.83523368835449,1.0,1.0,9.60493278503418,21.1513900756836,1.0,1.0,1.0,4.532749176025391,26.930572509765625,4.763483047485352,27.93964576721192,3.781237363815308,1.752108097076416,1.4560372829437256,2.492987632751465,1.0,1.0,1.0,1.0,24.864967346191406,1.0,1.1790999174118042,27.202287673950195,4.448357582092285,1.0,3.4356818199157715,1.0,1.0,2.3737916946411133,1.0,1.8527934551239007,1.0,1.8923194408416748,8.508913040161133,1.0,5.018979072570801,1.0,1.0,1.0,1.160165786743164,1.0,1.0,1.0,4.50805139541626,1.17588472366333,5.392105579376221,8.974838256835938,3.079061985015869,1.0,1.0,1.0,3.785212516784668,1.0,1.0,1.0,1.0,1.0,1.0,1.0,1.0,1.0,1.0,1.265410304069519,1.0,1.0,1.0,1.292414307594299,1.0,1.0,1.0,1.0,1.0,3.17217230796814,27.276269912719727,1.0,2.9083054065704346,6.43566370010376,1.0,1.0,1.0,1.0,17.54082679748535,2.3584892749786377,1.0,1.0,2.14854383468628,1.0,1.0,42.85149383544922,4.379194259643555,3.362943649291992,4.638734817504883,1.0,2.781771183013916,1.0,1.0,1.0,1.591328263282776,1.0,1.0,1.0,1.0,1.0,1.0,20.82185173034668,1.0,1.0,1.0,1.0,1.0,1.0,1.0,1.0,1.0,1.0,9.497499465942385,2.754211187362671,1.5214612483978271,3.100459337234497,1.6433147192001345,1.154876947402954,1.0,4.036044597625732,1.0,1.0,1.5526912212371826,1.0416085720062256,2.6198501586914062,1.0,107.95208740234376,84.30908203125,5.114347457885742,1.0,2.9097557067871094,1.0,1.0,8.06801986694336,1.0,1.0,8.989151000976562,1.293169021606445,2.768657684326172,1.0,2.95635986328125,1.0,2.8153886795043945,1.619023323059082,3.512367248535156,1.0,1.0,3.4358816146850586,1.0,1.0,1.0,1.0,1.0,1.1486892700195312,1.0,1.102569580078125,1.0,1.0,1.0,1.0,11.55539321899414,5.836471557617188,11.503950119018556,3.352499008178711,10.23488998413086,6.732797622680664,4.361712455749512,56.35017395019531,12.199320793151855,23.821645736694336,27.27880477905273,7.560155868530273,11.695183753967283
TEST_09+7일,8.460471153259277,9.462148666381836,9.112568855285645,6.945116996765137,1.7411900758743286,3.228466987609864,2.571496963500977,1.5920405387878418,3.848866224288941,1.1288635730743408,1.0,1.0,1.5699748992919922,5.968211650848389,31.093914031982425,2.8706305027008057,9.209769248962402,1.0,2.063960790634156,5.21449089050293,2.696761131286621,1.0,1.0185158252716064,1.0,1.0,1.0,13.966519355773926,9.778646469116213,11.78098201751709,4.446841239929199,4.3061370849609375,7.087193012237549,3.281200885772705,2.2958292961120605,1.0,2.896618366241455,53.22013854980469,1.0,5.086810111999512,45.85280990600586,14.666306495666504,1.9927343130111688,3.583757400512696,1.0,1.06373929977417,1.659602403640747,1.0,2.411760091781616,1.0,2.0291786193847656,11.894739151000977,1.0106027126312256,6.130245208740234,1.0,4.510382652282715,1.0,6.827972412109375,1.156262993812561,1.0,1.0,9.225570678710938,7.472811222076416,16.524551391601562,13.393322944641112,10.224241256713867,1.0,1.791938543319702,1.0,5.206204414367676,1.0,2.2486467361450195,2.4397449493408203,1.0,1.0,2.5464682579040527,1.0,1.0,1.0,1.0,2.429450273513794,1.0,1.0,1.6834949254989624,2.586246490478516,2.0788164138793945,2.080838203430176,2.614532470703125,1.5366356372833252,1.7856746912002563,3.927609920501709,10.063848495483398,1.993290901184082,5.712446212768555,9.969773292541504,1.0611181259155271,1.0441515445709229,1.0,1.0,17.866853713989258,5.457758903503418,3.013933658599853,1.0202677249908447,4.606654167175293,1.0,128.02223205566406,13.35406494140625,18.74505615234375,6.503684043884277,7.130829811096191,1.0,4.35240650177002,1.788149356842041,1.3588424921035769,1.565440058708191,1.1564418077468872,1.1450002193450928,1.758705496788025,2.127450942993164,1.5958638191223145,2.615652561187744,1.0,8.275278091430664,1.0,1.0,1.0,1.0,1.0,1.0,1.0,1.0,1.0,1.0,13.537861824035645,3.3680496215820312,1.7090749740600586,4.004207134246826,2.1347198486328125,1.1779035329818726,1.3117311000823977,4.444316387176514,1.3524858951568604,1.0,2.555746078491211,1.5993237495422363,8.18178939819336,1.0,41.64508056640625,28.244421005249023,11.690702438354492,1.0,7.58237361907959,1.0,1.0,18.855972290039062,1.0,1.0,26.138303756713867,8.794578552246094,1.0,1.0,9.05887222290039,1.0,7.637851715087891,3.832334041595459,7.568706512451172,1.0,1.0,11.174053192138672,3.1427536010742188,2.561119079589844,1.0,4.5597076416015625,1.0,7.265035629272461,12.643766403198242,14.716529846191406,2.685567855834961,2.203324794769287,1.276226043701172,2.601236343383789,32.17953872680664,16.437721252441406,35.157711029052734,7.906549453735352,21.00263786315918,20.332103729248047,10.827478408813477,161.75857543945312,33.93358612060547,72.39791107177734,83.63711547851562,22.75628662109375,44.26120376586914
