영업일자,느티나무 셀프BBQ_1인 수저세트,느티나무 셀프BBQ_BBQ55(단체),"느티나무 셀프BBQ_대여료 30,000원","느티나무 셀프BBQ_대여료 60,000원","느티나무 셀프BBQ_대여료 90,000원","느티나무 셀프BBQ_본삼겹 (단품,실내)",느티나무 셀프BBQ_스프라이트 (단체),느티나무 셀프BBQ_신라면,느티나무 셀프BBQ_쌈야채세트,느티나무 셀프BBQ_쌈장,느티나무 셀프BBQ_육개장 사발면,느티나무 셀프BBQ_일회용 소주컵,느티나무 셀프BBQ_일회용 종이컵,느티나무 셀프BBQ_잔디그늘집 대여료 (12인석),느티나무 셀프BBQ_잔디그늘집 대여료 (6인석),느티나무 셀프BBQ_잔디그늘집 의자 추가,느티나무 셀프BBQ_참이슬 (단체),느티나무 셀프BBQ_친환경 접시 14cm,느티나무 셀프BBQ_친환경 접시 23cm,느티나무 셀프BBQ_카스 병(단체),느티나무 셀프BBQ_콜라 (단체),느티나무 셀프BBQ_햇반,느티나무 셀프BBQ_허브솔트,담하_(단체) 공깃밥,담하_(단체) 생목살 김치전골 2.0,담하_(단체) 은이버섯 갈비탕,담하_(단체) 한우 우거지 국밥,담하_(단체) 황태해장국 3/27까지,담하_(정식) 된장찌개,담하_(정식) 물냉면 ,담하_(정식) 비빔냉면,담하_(후식) 된장찌개,담하_(후식) 물냉면,담하_(후식) 비빔냉면,담하_갑오징어 비빔밥,담하_갱시기,담하_공깃밥,담하_꼬막 비빔밥,담하_느린마을 막걸리,담하_담하 한우 불고기,담하_담하 한우 불고기 정식,담하_더덕 한우 지짐,담하_들깨 양지탕,담하_라면사리,담하_룸 이용료,담하_메밀면 사리,담하_명인안동소주,담하_명태회 비빔냉면,담하_문막 복분자 칵테일,담하_봉평메밀 물냉면,담하_생목살 김치찌개,담하_스프라이트,담하_은이버섯 갈비탕,담하_제로콜라,담하_참이슬,담하_처음처럼,담하_카스,담하_콜라,담하_테라,담하_하동 매실 칵테일,담하_한우 떡갈비 정식,담하_한우 미역국 정식,담하_한우 우거지 국밥,담하_한우 차돌박이 된장찌개,담하_황태해장국,라그로타_AUS (200g),라그로타_G-Charge(3),라그로타_Gls.Sileni,라그로타_Gls.미션 서드,라그로타_Open Food,라그로타_그릴드 비프 샐러드,라그로타_까르보나라,라그로타_모둠 해산물 플래터,라그로타_미션 서드 카베르네 쉬라,라그로타_버섯 크림 리조또,라그로타_빵 추가 (1인),라그로타_스프라이트,라그로타_시저 샐러드 ,라그로타_아메리카노,라그로타_알리오 에 올리오 ,라그로타_양갈비 (4ps),라그로타_자몽리치에이드,라그로타_제로콜라,라그로타_카스,라그로타_콜라,라그로타_하이네켄(생),라그로타_한우 (200g),라그로타_해산물 토마토 리조또,라그로타_해산물 토마토 스튜 파스타,라그로타_해산물 토마토 스파게티,"미라시아_(단체)브런치주중 36,000",미라시아_(오븐) 하와이안 쉬림프 피자,미라시아_(화덕) 불고기 페퍼로니 반반피자,미라시아_BBQ Platter,미라시아_BBQ 고기추가,미라시아_공깃밥,미라시아_글라스와인 (레드),미라시아_레인보우칵테일(알코올),미라시아_미라시아 브런치 (패키지),미라시아_버드와이저(무제한),미라시아_보일링 랍스타 플래터,미라시아_보일링 랍스타 플래터(덜매운맛),미라시아_브런치 2인 패키지 ,미라시아_브런치 4인 패키지 ,미라시아_브런치(대인) 주말,미라시아_브런치(대인) 주중,미라시아_브런치(어린이),미라시아_쉬림프 투움바 파스타,미라시아_스텔라(무제한),미라시아_스프라이트,미라시아_애플망고 에이드,미라시아_얼그레이 하이볼,미라시아_오븐구이 윙과 킬바사소세지,미라시아_유자 하이볼,미라시아_잭 애플 토닉,미라시아_칠리 치즈 프라이,미라시아_코카콜라,미라시아_코카콜라(제로),미라시아_콥 샐러드,미라시아_파스타면 추가(150g),미라시아_핑크레몬에이드,연회장_Cass Beer,연회장_Conference L1,연회장_Conference L2,연회장_Conference L3,연회장_Conference M1,연회장_Conference M8,연회장_Conference M9,연회장_Convention Hall,연회장_Cookie Platter,연회장_Grand Ballroom,연회장_OPUS 2,연회장_Regular Coffee,연회장_골뱅이무침,연회장_공깃밥,연회장_돈목살 김치찌개 (밥포함),연회장_로제 치즈떡볶이,연회장_마라샹궈,연회장_매콤 무뼈닭발&계란찜,연회장_모둠 돈육구이(3인),연회장_삼겹살추가 (200g),연회장_야채추가,연회장_왕갈비치킨,연회장_주먹밥 (2ea),카페테리아_공깃밥(추가),카페테리아_구슬아이스크림,카페테리아_단체식 13000(신),카페테리아_단체식 18000(신),카페테리아_돼지고기 김치찌개,카페테리아_복숭아 아이스티,카페테리아_새우 볶음밥,카페테리아_새우튀김 우동,카페테리아_샷 추가,카페테리아_수제 등심 돈까스,카페테리아_아메리카노(HOT),카페테리아_아메리카노(ICE),카페테리아_약 고추장 돌솥비빔밥,카페테리아_어린이 돈까스,카페테리아_오픈푸드,카페테리아_진사골 설렁탕,카페테리아_짜장면,카페테리아_짜장밥,카페테리아_짬뽕,카페테리아_짬뽕밥,카페테리아_치즈돈까스,카페테리아_카페라떼(HOT),카페테리아_카페라떼(ICE),카페테리아_한상 삼겹구이 정식(2인) 소요시간 약 15~20분,포레스트릿_꼬치어묵,포레스트릿_떡볶이,포레스트릿_복숭아 아이스티,포레스트릿_생수,포레스트릿_스프라이트,포레스트릿_아메리카노(HOT),포레스트릿_아메리카노(ICE),포레스트릿_치즈 핫도그,포레스트릿_카페라떼(HOT),포레스트릿_카페라떼(ICE),포레스트릿_코카콜라,포레스트릿_페스츄리 소시지,화담숲주막_느린마을 막걸리,화담숲주막_단호박 식혜 ,화담숲주막_병천순대,화담숲주막_스프라이트,화담숲주막_참살이 막걸리,화담숲주막_찹쌀식혜,화담숲주막_콜라,화담숲주막_해물파전,화담숲카페_메밀미숫가루,화담숲카페_아메리카노 HOT,화담숲카페_아메리카노 ICE,화담숲카페_카페라떼 ICE,화담숲카페_현미뻥스크림
TEST_00+1일,5.521352192769427,24.570627087642606,4.782476248918101,2.522007908759747,0.5537957288680957,1.687735293651258,6.888264162169435,2.1550505911485516,3.199031969998032,0.46959047856546476,0.476181629,0.4673996579198818,0.8004079027664375,1.7241599483173786,9.604709574999605,0.7894800202082592,20.65092812802868,0.5561234219931066,0.9860048569606672,23.652017521145353,7.215630619,0.4859300348907709,0.17368115950375795,0.5596578417774367,16.698785403743386,11.031159839052634,6.073699510656297,31.551137638352884,4.972672239,3.7092593698762357,3.5796510486397892,2.378164741200635,2.3912198562466074,1.5168440565321362,-0.774762454,2.907937395241788,24.757987401804712,-0.964145347,1.2161955991833509,18.36696712047342,9.470751570072025,1.1760793005378218,-1.422376838,1.2815685507533772,0.45783783171555115,2.1470444332808256,0.2368322693182563,3.0387982934480533,0.6755173780479709,2.5132238874793984,9.224761948,0.4443482222905004,5.542376587316539,0.5996120058150893,2.0131765867045033,0.4198834605049342,1.2441970031447909,0.7171939372392444,0.7906192246284718,0.7290808666975579,6.535864377132384,4.426919873221777,6.197586086462252,9.596725062249789,4.607314493507147,2.656845710804191,0.49139183197985403,0.40492439590161666,1.975565595785156,1.675359832122922,1.331505433365237,3.539214804907715,0.6720607525749074,1.0828888466348872,3.5962213703551242,0.13137268872560526,0.37591813189601453,2.2651562046594336,0.9379012040590169,3.5214643826766405,1.9441209632022947,0.9695097045568133,0.643418138,0.9894517592674745,1.3633563589069126,1.9719808632147533,1.6339833987294696,0.42324018460340085,2.5917573610940963,3.968725754,23.960524662054468,0.7715673220809549,2.079493610217469,4.856605041,0.5022457335144281,1.6929805632680655,0.27644027562928386,0.504446374,12.386606917672907,0.6953478902578354,1.4875886172965238,0.42567175391013734,2.372173158752048,0.22237402828977793,53.52740280004218,42.31110550602898,22.81999248894863,1.135611742734909,1.9129146486520767,0.20964347757399082,3.3993373343366784,0.40060608612111537,1.5045855089913402,-0.014812036,0.5059265896707075,0.25692104548215866,0.44089600641746074,0.17939374782145023,2.171908210440506,1.046435411516768,-0.267781325,15.287016114076323,0.23650649662920387,0.2652361019889895,0.24139752822765104,0.32716490083605265,0.21006615239230086,0.25783063567271824,0.43471985684949743,2.0757017436267233,0.27905590924240187,0.2929336570031946,32.154492277652025,1.699007591481859,1.638259550643852,2.644504946260895,0.8507951039555337,0.7010285929281963,1.149806257941414,3.6385430456923586,0.5938224964775145,0.2702326745238679,1.567198499222286,0.9304682429832098,11.784507895805291,7.005254375,46.77116121623112,80.13962072318827,19.99778845785113,0.43856720218172995,15.894181426154319,1.0671671546951984,-0.081652162,36.98920497414656,6.100467764001223,6.568083403726632,25.740341727852865,8.470679632589054,-6.339127779,8.504712349,14.882762005661789,0.9652014652019716,9.974071543216269,6.115063273,11.55373002,3.775897035811795,0.15163317713449942,2.198685360024683,82.33655915316194,111.61237657057791,-3.512781262,73.37197427218416,-2.914531575,13.158491077760118,19.36084129,39.27129570674879,6.086983087192493,3.8375045318325647,-1.887057732,7.253220499973395,27.673510687891394,15.608164951205254,22.81811722088605,6.601750958710909,24.796084448695183,23.068625271320343,11.330732291564345,78.97620932757854,32.25614969432354,7.568883244879544,62.37135390229378,15.060802664913354,23.066052205860615
TEST_00+2일,5.522822502881809,24.564382105134428,4.780968742910773,2.5212145940263326,0.5539783968778238,1.690600320242993,6.881004224555909,2.1563940617594426,3.2017107121646404,0.47001698286481997,0.470506327,0.4673974662225573,0.7999344164462627,1.7247743010019576,9.604714078,0.7898693852002339,20.640245396778482,0.5546015170402825,0.9860147793721907,23.64134487170304,7.207982353,0.4717946946620941,0.170496367,0.5593944794571257,16.747437499463558,11.050503042355558,6.075313522014767,31.556838681432964,4.925984432920814,3.702249386231415,3.5771616631245706,2.372530006926354,2.3910847270744853,1.5164271378453122,-0.784746074,2.9146138233300007,24.73707295076383,-1.006294347,1.2160999614819161,18.333867987934354,9.367620961274952,1.174448085745098,-1.459409021,1.2823459258698904,0.4572271224051292,2.1521094758063555,0.23598531616516993,3.029024865827523,0.6769303453884277,2.4995824723737314,9.205081422351213,0.44215509040031975,5.536380343,0.5994268671647376,2.012588211659022,0.41735244006849825,1.2434879691357992,0.7154613407305987,0.7889253215400913,0.7292906719050904,6.525971732842663,4.402549529564567,6.159406337537803,9.589011323742852,4.580203760415316,2.6628865466682328,0.4886194234713912,0.39667740144068375,1.9703850122896256,1.6814611325971782,1.3264804528444074,3.5470327088114573,0.6735194267669158,1.0877116965712048,3.604322202459116,0.12063632066474383,0.3750563963570812,2.2698797905823085,0.9375410572247347,3.524139179920894,1.9486033428725023,0.9695593564634706,0.6430179337427262,0.9894095591317154,1.3629881139073632,1.9721665597516846,1.6376807522669878,0.4189520690142672,2.5976984548051405,3.965192060827121,23.956509950744476,0.7678504342620727,2.0743185200262815,4.838959780114237,0.4992781961336732,1.7075704112648964,0.27568902950133634,0.5033001223819156,12.348836059129098,0.6426567062735558,1.4898761515676142,0.4225570442213211,2.3561909033724078,0.2225645179642015,53.49648000393063,42.205179115757346,22.79968821723014,1.1106107234954834,1.8947804868221283,0.20068091340363026,3.4013252038100745,0.39646335029101465,1.5053925317953372,-0.023167634,0.5051336222168175,0.25002810824662447,0.42443788913078606,0.16989280469715595,2.176902371360484,1.0479398324093836,-0.284757931,15.28114208630268,0.23619260572328926,0.2651282704806306,0.24118322007836923,0.3272290577940993,0.21010579939729723,0.25773595434830554,0.43463222880555463,2.074669494035902,0.2786375739967184,0.2929517883174242,32.255077093839645,1.6965685910008688,1.632065718935337,2.6448646951830597,0.8488715109872373,0.6995781410223572,1.149861767657292,3.636020003581507,0.5914980666711926,0.2703865210314689,1.5584391535376199,0.9303023514202522,11.757919937372208,6.972899264092121,46.79731908395115,80.24214748720988,19.974050144279317,0.39978806685030577,15.892181761364327,1.0115850729634985,-0.086333468,36.94032805166353,6.050634663741221,6.517712700042466,25.728137161679115,8.462518748,-6.490587234,8.424883266,14.855154549331928,0.9572006940425126,9.954605684561102,6.104597041,11.508710323207197,3.7416397705528652,0.1344361236988334,2.167007528943941,82.17743925751711,111.63122963066235,-3.622811002,73.35658493,-2.991024999,13.111414455306658,19.292546404009045,39.21059852225153,6.061932823602547,3.8306785901377225,-2.034107752,7.182568785618059,27.575014872010797,15.55209206044674,22.66208894737065,6.500252783764154,24.73281306028366,22.98784765601158,11.20665095653385,78.37836915,32.24060409516096,7.428612639196217,62.43937131600978,15.078165769305997,23.03544093668461
TEST_00+3일,5.524292813,24.55813712262716,4.779454559553415,2.5204212792929184,0.5541610648875519,1.693465346834273,6.8737442869414735,2.1577375323703336,3.2043777210637927,0.47044348716417517,0.4648081688210368,0.46739527452523255,0.79946093,1.7253886536865366,9.604718580883157,0.7902587501921516,20.629562665528283,0.5530724648851901,0.9860247017837152,23.630672222260728,7.200334086400289,0.4576049670577049,0.16729915654286742,0.5591311171368147,16.796144304797053,11.069846245660301,6.076913110911846,31.562539724513954,4.879068343434483,3.695183028525207,3.5746345586085226,2.366895272652073,2.3909314167540288,1.5159975276037585,-0.794729693,2.9212902514182133,24.71615849972477,-1.048608914,1.2160043237804814,18.300768855391652,9.264001334551722,1.1727999191207346,-1.496531758,1.283123301,0.4566153817704617,2.1572143584489822,0.23513319161429536,3.0191917482297868,0.6783433127291119,2.4858716368325986,9.185400896905776,0.43996195851036646,5.530384097745809,0.5992417285143574,2.0120032732920663,0.41481414902955294,1.2427789351268075,0.7137287442219531,0.7872314184514835,0.7295004771125946,6.516079088553852,4.378077037050389,6.121099602780305,9.581297585235916,4.553004801273346,2.6689273825322744,0.4858361129736295,0.3884005937434267,1.9651888946682448,1.6875772401690483,1.3214234384649899,3.5548506127151995,0.6749781009589242,1.0925530135864392,3.6124230345631076,0.10989995260388241,0.3741946608181479,2.2746033765051834,0.9371806252311217,3.5267940218473086,1.9530857225427098,0.969609008,0.6426177298112634,0.9893673589959597,1.3626198689078137,1.9723522562886444,1.641378105804506,0.4146639534251335,2.6036395485161847,3.961658367306427,23.95249523943403,0.7641113935096655,2.0691249150258955,4.821268725849222,0.4963005939498544,1.7222155593335629,0.27493687085825513,0.5021496450572158,12.31104585819412,0.5897562503814697,1.4921636858387046,0.4194270461448468,2.3402086479909485,0.22275898072621203,53.46511758491397,42.09859534865245,22.779167691012844,1.085502676665783,1.8765624836087227,0.19168144837021828,3.4033130732832433,0.3923112331976881,1.5061995545992204,-0.03155308,0.5043330390835763,0.24310591910034418,0.4079107333673164,0.16035240329802036,2.1818965322804615,1.0494442533019992,-0.301798947,15.275268058529946,0.23587871481737466,0.26502043897225747,0.240968912,0.3272932147521459,0.2101459392411016,0.2576412730238786,0.43454460076161183,2.073637244445081,0.27821923875103494,0.29296991963165553,32.355873404536396,1.694129590520106,1.6258324782247655,2.645223403858836,0.8469479180191684,0.6981154777167831,1.149917277373163,3.6334969614704278,0.5891591547988355,0.27054279958611005,1.5496309173176996,0.9301364598573088,11.731331978939124,6.940544153017981,46.82347695167118,80.34467425121693,19.950311830707506,0.36100893152251956,15.890182096574563,0.9560029912245227,-0.091014774,36.89145112917322,6.000801563488494,6.467341996,25.715932595505365,8.454357863368386,-6.642539918,8.344636133,14.827547093002067,0.9491999228839632,9.935139825905935,6.09413081,11.463690628617769,3.7073825052939355,0.11723907026498637,2.1352048283442855,82.01831936185772,111.65008269074679,-3.732840743,73.34119558922066,-3.067518424,13.064337832845922,19.22425152141659,39.14990133775427,6.03688256,3.823852648,-2.181157771,7.111917071,27.476008809171617,15.495750606060028,22.505404562689364,6.398360777646303,24.66917635500431,22.90668858587742,11.08206096617505,77.77795320376754,32.224853456020355,7.287812476046383,62.507388729718514,15.09552887370046,23.004616133868694
TEST_00+4일,5.525763123106572,24.55189214011989,4.777933698846027,2.519627964559504,0.5543437328973084,1.696330373426008,6.866484349327948,2.1590810029812246,3.2070329976268113,0.47086999146353037,0.45908715296536684,0.46739308282790804,0.7989874438059132,1.7260030063711156,9.604723083824933,0.7906481151841263,20.618879934278084,0.5515362643636763,0.9860346241952387,23.619999572818415,7.192685819869439,0.4433608539402485,0.16408952744677663,0.5588677548164753,16.844905825331807,11.089189448963225,6.078498277347535,31.568240767594034,4.831923963036388,3.688060295,3.5720697341894265,2.361260538377792,2.3907599248486804,1.515555225269054,-0.804713313,2.927966679506426,24.69524404868389,-1.091089077,1.2159086860790467,18.26766972284895,9.159892671275884,1.1711348003300373,-1.53374505,1.2839006761028031,0.4560026097833543,2.1623590867966413,0.2342758956438047,3.009298938792199,0.67975628,2.472091378411278,9.165720371,0.43776882662041317,5.524387853,0.5990565898640057,2.011421771676396,0.41226858692243695,1.2420699011178158,0.7119961477133074,0.7855375153628756,0.7297102823201271,6.506186444264131,4.3535023930016905,6.0826658779988065,9.573583847,4.525717630982399,2.674968218396316,0.4830419003556017,0.38009397190762684,1.9599772424116964,1.6937081525102258,1.3163343891792465,3.562668516618942,0.676436775,1.097412798262667,3.6205238666670994,0.099163585,0.3733329252791009,2.2793269624280583,0.9368199081509374,3.5294289076991845,1.9575681022124627,0.9696586602767923,0.6422175258798006,0.9893251588602006,1.3622516239082643,1.9725379528256042,1.6450754593415695,0.4103758378364546,2.6095806422281385,3.958124673785278,23.948480528124037,0.7603501991543453,2.0639127947360976,4.803531876183115,0.4933129269629717,1.7369160111993551,0.2741837996782124,0.5009949418526958,12.27323631438776,0.5366465374827385,1.4944512201100224,0.41628175928781275,2.3242263926094893,0.22295741670313873,53.43331552948803,41.99135420843959,22.758430901914835,1.060287594795227,1.858260639,0.18264508247375488,3.4053009427566394,0.38814973447006196,1.5070065774032173,-0.039968375,0.5035248400163255,0.23615447897464037,0.3913145361584611,0.15077253989875317,2.1868906931999845,1.0509486741946148,-0.318904389,15.269394030757212,0.23556482391146005,0.26491260746389855,0.2407546037797772,0.3273573717101925,0.21018657194008483,0.2575465916994659,0.43445697271768324,2.0726049948542595,0.2778009035052946,0.2929880509458851,32.456881219055504,1.691690590039343,1.6195598278718535,2.6455810722463866,0.845024325,0.6966406027058838,1.149972787089041,3.630973919359576,0.5868057603947818,0.27070151033876755,1.5407737888162956,0.9299705682943653,11.704744020509679,6.908189041943842,46.84963481939121,80.44720101522398,19.92657351713933,0.32222979619473335,15.888182431784571,0.9004209094928228,-0.09569608,36.84257420668291,5.950968463228492,6.416971292674134,25.703728029329795,8.446196978757143,-6.794985771,8.263970934785903,14.799939636672207,0.9411991517254137,9.915673967250768,6.0836645784966095,11.418670934028341,3.673125240038644,0.10004201683113934,2.1032772541511804,81.85919946621289,111.6689357508294,-3.842870484,73.32580624773982,-3.144011849,13.017261210392462,19.155956638824136,39.089204153257015,6.011832296422654,3.8170267067489476,-2.32820779,7.041265357,27.376492482144386,15.43914058804512,22.348064032848924,6.296074927,24.605174332857132,22.82514812,10.956962308846414,77.17496136389673,32.20889777690172,7.146482744719833,62.57540614343452,15.112891978093103,22.97357777506113
TEST_00+5일,5.527233433218953,24.54564715761262,4.776406160322949,2.5188346498262035,0.5545264009070365,1.699195400017743,6.859224411713512,2.1604244735921156,3.2096765423193574,0.47129649576288557,0.45334327779710293,0.4673908911305835,0.7985139574856817,1.7266173590556946,9.604727586766709,0.7910374801761009,20.608197203027885,0.5499929164070636,0.9860445466067622,23.609326923376102,7.185037553338589,0.4290623553097248,0.16086747962981462,0.5586043924961643,16.893722055479884,11.108532652266149,6.080069021787494,31.573941810675024,4.784551290329546,3.6808811854571104,3.5694671895180363,2.3556258041035107,2.3905702512711287,1.5151002308557509,-0.814696932,2.9346431075946384,24.674329597644828,-1.133734807,1.215813048377612,18.234570590306248,9.055294970981777,1.1694527289364487,-1.571048889,1.2846780512193163,0.4553888064219791,2.167543660849333,0.23341342804997112,2.999346437,0.6811692474102529,2.4582416980410926,9.146039846013082,0.4355756947302325,5.518391608,0.5988714512136539,2.0108437068847707,0.4097157546784729,1.241360867108824,0.7102635512048892,0.7838436122742678,0.7299200875276313,6.496293799975319,4.328825595905073,6.044105160865001,9.565870108221134,4.498342238366604,2.6810090542603575,0.48023678531171754,0.3717575355549343,1.9547500553890131,1.6998538714833558,1.3112133051035926,3.570486420522684,0.6778954493431684,1.1022910503088497,3.6286246987701816,0.088427216,0.3724711897401676,2.2840505483509332,0.9364589059405262,3.5320438372000353,1.9620504818826703,0.9697083121834567,0.6418173219483378,0.9892829587244449,1.361883378908658,1.972723649362564,1.6487728128790877,0.4060877222473209,2.6155217359391827,3.9545909802645838,23.944465816814045,0.756566851,2.0586821588367457,4.785749231406953,0.49031519424170256,1.7516717687249184,0.27342981594665616,0.4998360127210617,12.235407427317114,0.4833275377750397,1.4967387543811128,0.41312118344649207,2.308244137229849,0.22315982591317152,53.40107383625582,41.88345567043871,22.737477849703282,1.034965481609106,1.8398749493062496,0.17357181385159492,3.4072888122300355,0.3839788541808957,1.5078136002071005,-0.04841352,0.5027090249786852,0.2291737888008356,0.37464929767884314,0.14115322194993496,2.1918848541199623,1.0524530950872304,-0.336074244,15.263520002983569,0.23525093300554545,0.26480477595552543,0.24054029563046697,0.32742152866823204,0.21022769750334191,0.25745191,0.43436934467374044,2.0715727452634383,0.27738256825961116,0.29300618226011466,32.55810053949244,1.6892515895585802,1.6132477674400434,2.645937700334798,0.843100732,0.6951535157568287,1.150028296804912,3.6284508772487243,0.5844378843903542,0.2708626532294147,1.5318677671602927,0.9298046767314219,11.678156062076596,6.875833930869703,46.875792687107605,80.54972777924559,19.90283520356752,0.28345066086694715,15.886182766994807,0.844838828,-0.100377386,36.79369728419988,5.901135362975765,6.366600588989968,25.691523463156045,8.438036094,-6.947924763,8.182887671981007,14.772332180342346,0.9331983805668642,9.896208108593783,6.073198347093239,11.373651239431638,3.638867974779714,0.082844963,2.071224806131795,81.70007957056805,111.68778881091384,-3.952900225,73.31041690625898,-3.220505273,12.970184587939002,19.087661756224406,39.02850696875976,5.986782032832707,3.8102007650541054,-2.475257809,6.9706136425738805,27.276465889066458,15.382261976599693,22.190067370422184,6.19339523,24.540806993842125,22.743226245045662,10.831354978028685,76.56939365714788,32.19273705035448,7.004623434040695,62.64342355714325,15.130255082485746,22.94232587516308
TEST_00+6일,5.528703743331334,24.53940217510535,4.774871944682673,2.5180413350927893,0.5547090689167646,1.7020604266094779,6.8519644740999865,2.1617679442030067,3.2123083537444472,0.47172300006224077,0.4475765489041805,0.467388699,0.7980404711655069,1.7272317117402736,9.604732089708484,0.7914268451680755,20.597514471777686,0.5484424207825214,0.9860544690182858,23.59865427393288,7.177389286807738,0.4147094711661339,0.15763301495462656,0.5583410301758249,16.942592998966575,11.127875855570892,6.081625345163047,31.579642853755104,4.736950317164883,3.673645698290784,3.566826924070483,2.3499910698292297,2.390362395395641,1.5146325439709472,-0.824680552,2.9413195356819415,24.653415146603948,-1.176546127,1.2157174106761772,18.201471457763546,8.950208221096545,1.1677537048090016,-1.608443286,1.2854554263358295,0.45477397167360323,2.1727680787444115,0.2325457888218807,2.9893342402065173,0.682582215,2.4443225927534513,9.126359320565825,0.4333825628402792,5.512395363,0.5986863125633022,2.0102690790045017,0.4071556511335075,1.2406518330997187,0.7085309546962435,0.782149709,0.7301298927351638,6.486401155686508,4.304046643082984,6.005417448584922,9.558156369714197,4.470878616,2.6870498901234896,0.47742076762369834,0.3633912842196878,1.9495073330763262,1.7060143956914544,1.3060601847537328,3.5783043244264263,0.6793541235351768,1.1071877700742334,3.6367255308741733,0.077690848,0.37160945420123426,2.288774134273808,0.936097619,3.5346388099569594,1.9665328615524231,0.9697579640901139,0.6414171180168751,0.9892407585886858,1.3615151339091085,1.9729093458994953,1.652470166416606,0.40179960665818726,2.621462829650227,3.9510572867438896,23.940451105504053,0.7527613475685939,2.053433007109561,4.767920789541677,0.48730739764869213,1.7664828300476074,0.2726749196426681,0.49867285760410596,12.197559196705697,0.42979926615953445,1.4990262886522032,0.40994531819887925,2.2922618818483897,0.2233662084727257,53.368392487522215,41.774899719282985,22.716308527626097,1.0095363296568394,1.8214054182171822,0.1644616425037384,3.4092766817034317,0.3797985919591156,1.5086206230110975,-0.056888513,0.5018855936432374,0.22216384578496218,0.3579150149016641,0.13149444200098515,2.196879015,1.053957515979846,-0.353308525,15.257645975210835,0.23493704209963084,0.2646969444471665,0.24032598748118517,0.32748568562627867,0.21026931594451526,0.2573572290506263,0.43428171662979764,2.0705404956727307,0.2769642330139277,0.293024314,32.65953137003817,1.686812589,1.6068962962017395,2.646293288103152,0.8411771391145066,0.693654216,1.150083806520783,3.625927835137645,0.5820555267855525,0.27102622841812263,1.5229128517094068,0.9296387851684784,11.651568103643513,6.843478819795564,46.901950554827636,80.65225454325264,19.879096889995708,0.24467152553916094,15.884183102205043,0.7892567460221471,-0.105058692,36.74482036170957,5.851302262723038,6.316229885305802,25.679318896982295,8.429875209536476,-7.101356953,8.101386325,14.744724724012485,0.9251976094083147,9.876742249938616,6.062732115689869,11.32863154484221,3.6046107095244224,0.06564791,2.0390474789310247,81.54095967492322,111.70664187099646,-4.062929966,73.29502756477814,-3.296998698,12.923107965478266,19.019366873631952,38.96780978425522,5.9617317692427605,3.8033748233592632,-2.622307829,6.899961928225821,27.17592901457101,15.325114846229553,22.03141454514116,6.0903216721490026,24.47607433795929,22.660922914743423,10.705238962545991,75.96124996617436,32.17637128382921,6.862234537489712,62.71144097085926,15.147618186880209,22.910860419273376
TEST_00+7일,5.530174053443943,24.533157192597173,4.773331051692367,2.517248020359375,0.5548917369265212,1.7049254532012128,6.844704536485551,2.1631114148140114,3.2149284328334033,0.472149504,0.44178696256130934,0.4673865077359345,0.7975669848453322,1.7278460644248526,9.604736593,0.7918162101600501,20.586831740527487,0.5468847774900496,0.9860643914298102,23.587981624490567,7.169741020276888,0.4003022015094757,0.1543861306272447,0.5580776678555139,16.991518657654524,11.147219058873816,6.083167245145887,31.585343896836093,4.689121041679755,3.666353832173627,3.564148936246056,2.3443563355549486,2.3901363571203547,1.5141521643527085,-0.834664172,2.947995963770154,24.632500695564886,-1.219523013,1.2156217729747567,18.168372325220844,8.844632413238287,1.1660377274820348,-1.645928238,1.2862328014523428,0.45415810550275637,2.1780323460698128,0.23167297779218643,2.979262349079363,0.6839951820916212,2.4303340613259934,9.106678795120388,0.43118943095009854,5.5063991186025305,0.598501174,2.0096978881047107,0.4045882767532021,1.239942799090727,0.7067983581875978,0.7804558060972795,0.7303396979426964,6.476508511396787,4.279165532789193,5.966602739645168,9.550442631206352,4.443326786160469,2.693090725987531,0.474593847,0.35499521694146097,1.9442490752844606,1.7121897260658443,1.300875027984148,3.5861222283301686,0.6808127977274125,1.1121029575588182,3.644826362978165,0.06695448,0.37074771866230094,2.293497720196683,0.9357360460999189,3.5372138255188474,1.9710152412226307,0.9698076159967783,0.6410169140854123,0.9891985584529301,1.361146888909559,1.973095042436455,1.6561675199541241,0.39751149106950834,2.627403923361271,3.9475235932227406,23.93643639419406,0.7489336895814631,2.0481653387396364,4.750046549888793,0.48428953625261784,1.7813491951674223,0.27191911075442476,0.49750547637449927,12.159691621956881,0.37606171518564224,1.501313822923521,0.4067541633849032,2.2762796264669305,0.22357656446183682,53.33527148049325,41.66568635497242,22.694922931026667,0.9840001538395882,1.802852038294077,0.15531457401812077,3.4112645511766004,0.3756089476373745,1.5094276458149807,-0.065393356,0.5010545459954301,0.21512465365231037,0.3411116875940934,0.12179620005190372,2.201873175959463,1.0554619368724616,-0.370607216,15.251771947438101,0.23462315119371624,0.2645891129387934,0.24011167933187494,0.3275498425843253,0.2103114272667881,0.2572625477261994,0.43419408858585484,2.0695082460819094,0.27654589776824423,0.29304244488857556,32.761173714883626,1.6843735885968272,1.6005054128181655,2.6466478355368963,0.8392535461464377,0.6921427049237536,1.150139316236661,3.6234047930267934,0.5796586866490543,0.2711922358630545,1.5139090411248617,0.929472894,11.62498014521043,6.811123708721425,46.928108422547666,80.75478130725969,19.855358576423896,0.20589239021137473,15.882183437415051,0.7336746642904473,-0.109739999,36.69594343922654,5.801469162463036,6.265859182,25.667114330808545,8.421714324926143,-7.255282342,8.019466894,14.717117267682625,0.9171968382497653,9.857276391283449,6.052265884285589,11.283611850252782,3.5703534442654927,0.048450857,2.0067452721996233,81.38183977927838,111.7254949310809,-4.172959707,73.27963822,-3.373492122,12.876031343024806,18.95107199,38.907112599757966,5.936681505652814,3.796548881664421,-2.769357848,6.829310213870485,27.07488184887916,15.267699137330055,21.872105543036014,5.986854249611497,24.410976350307465,22.57823820412159,10.578614248894155,75.35053029842675,32.159800462424755,6.719316036440432,62.77945838456799,15.164981291272852,22.879181414842606
TEST_01+1일,5.672763426195388,19.09824998676777,4.825118724757806,2.718336299920338,0.6048350553646742,1.6810464758164017,4.5014173202216625,1.2332625109702349,2.7760185012593865,0.46487623928891253,1.0956276281395958,0.11703079892322421,0.7519402399568094,2.116862154731052,10.597264091562693,0.8048870679660354,8.510289654135704,0.4997005793338758,0.9908070980505244,15.279857337474823,3.999603021889925,-0.067150535,0.5215537365399712,0.6274458966217935,17.590729974974238,13.163615414872766,4.178377905,34.70063343271613,2.764529660344124,2.6893730759620667,2.4903226807364263,2.9856659742072225,2.881818585075507,1.3410503189079463,-0.918898011,2.578159426680486,24.800196258351207,-2.356123656,1.2399908771453312,19.759118262678385,3.865141838788986,0.8698095818253933,0.6033869089769723,0.8797794110432733,0.31567951321267174,2.1155381817079615,0.37866413270614885,4.645947421243363,0.7367079130194725,4.283446645887125,12.43739927385468,1.0981179513037205,4.944667756431954,0.5084420065538211,1.9811088788555935,0.5854807277457894,1.2404279243949645,0.8207661204287433,1.170694780710619,0.7474888312069936,6.989088437519968,6.893042415882974,9.149639667,8.596122746746914,6.591893377491033,2.6626758727243214,0.3180030418880051,1.1351821296121365,2.2703553611635243,1.6264641916670826,1.066698580980301,3.7228979953006274,0.6489509537495906,0.6099380956084133,3.6998834120831816,-0.157313159,0.35434878748844767,2.1428912865449092,0.9114285266841762,3.147555696661584,2.067913331236923,0.982830272,0.6884719207882881,1.291049975574424,1.334903959832161,1.9361517847626288,1.705429992349309,0.3265821382510694,2.6365399234564393,3.7434086999082865,16.291934058070183,1.3785670671736625,2.415925115736343,5.730201579399818,0.7670264772699227,0.17972862859528504,0.28006698767944727,0.5983209921411596,11.586378111456725,6.534198248478788,1.5414047917108746,0.7933949224852768,4.7595653012394905,0.23324979990138672,48.635299699380994,34.273586086928844,27.988124886534933,4.107708060990717,4.291214213249077,1.217378607212936,3.1801131995310925,0.22237486904487014,1.5189508789763977,-0.138287763,0.6807210190587512,1.0820377969586161,2.2283794432369177,1.2697158772020884,2.2683963688914446,1.030596960366438,-0.882234361,7.7087297139223665,0.2646599387662718,0.22366443905048072,0.14955671783536673,0.3707707789296535,0.23868480520284052,0.33177459681390076,0.49504983304687755,1.02689453,0.3413507534569362,0.11207955237478018,32.690194195427466,2.0381843531504273,2.5378435745487877,2.400796176045745,1.1855900823138654,0.9985575980874728,1.0730096853201445,3.5233186616096646,1.0400189020813286,0.273991646,2.856513777973305,0.8013349832381778,9.337287745,4.376562347380968,8.686960623599589,53.01490253210068,16.16880488411698,-1.117767958,13.420379243213574,-1.25139214,-0.242562777,29.55660033554159,2.9911994178473833,3.3447717772141914,21.975120005037752,7.008861647262165,6.408099922497058,1.0926508326083422,11.825114692932402,0.5613101687195012,7.762923361151479,4.813436642552915,8.247925958552514,1.7221684988980996,-0.529955758,5.711751542048205,59.815169335051905,90.16459229137035,-6.975557187,58.78541790560121,-5.169205802,8.788843170441396,13.652150124667969,29.281308016332332,3.9539689701632597,3.0206569459551247,-6.962452326,3.217228866982623,16.95324260601774,9.408348890719935,12.320788769051433,1.0323693454265594,17.507094238419086,14.22379052825272,3.266832553781569,38.16910104453564,31.25673996657133,0.5682658781297505,54.250161834061146,14.385850145104996,18.556596875190735
TEST_01+2일,5.674480609078728,19.032816380262375,4.825137927,2.719699150635279,0.6054288864761475,1.6836539863259077,4.469120670109987,1.2262734761461616,2.775217914953828,0.46525660795066415,1.0963568800224266,0.11402255203574896,0.7513905474905869,2.1183724587415327,10.59967452704359,0.8052818381844986,8.391831398010254,0.4979394997935742,0.9908290612747876,15.188755467534065,3.9603607915341854,-0.083328923,0.5218848342866806,0.6266123957466334,17.626823159916967,13.184150090441108,4.167819015,34.69634732231498,2.7074173763394356,2.6759785637259483,2.4805968463770114,2.9883869867771864,2.8863931343948934,1.3392731719650328,-0.928385542,2.583474855547138,24.794041881337762,-2.402952932,1.2399601455990634,19.753952722996473,3.735002279281616,0.8661368196480907,0.5919222606971744,0.8756641695072176,0.31429732976903324,2.1206098754773848,0.3792297655034531,4.652409615036959,0.7381491189430562,4.288638221999008,12.455187245388515,1.102641735225916,4.937737195,0.5080524914585567,1.9805833785794675,0.58497244,1.2397700994945922,0.8212189820042113,1.1730725008674199,0.7477246551302414,6.987987964,6.8964164603544305,9.146339960914247,8.586642953,6.588959157556474,2.6682213236026655,0.3144448949751677,1.135153798,2.269324134433532,1.6290720978327045,1.0601744130253792,3.7305006751930705,0.6503188131464412,0.6096393615609941,3.707551357565535,-0.167838024,0.3535082323401184,2.1459591750171967,0.9109618678339757,3.146828463592101,2.072315741,0.9831716701155528,0.6889754766598344,1.2940030771642341,1.3344989649414174,1.9362365216611153,1.708988211934411,0.32242338232390466,2.642088984371185,3.7396315431460607,16.208538860082626,1.3809091588495903,2.4155768048461255,5.725003280963847,0.7668990124473822,0.17871534990217697,0.27956320431781023,0.5983138758357853,11.553612114115822,6.540609278252305,1.543629248808429,0.7943838269915204,4.7687465362250805,0.23359945996344322,48.567270069848746,34.121196491643786,28.02377677016557,4.112737059520441,4.296601947886302,1.2187577488452916,3.181403656940347,0.2177466843277216,1.5197235924387087,-0.14655215,0.6818880036976225,1.0833880364050401,2.230961369,1.271297944577782,2.2732005141133413,1.0319366238891234,-0.901349008,7.627969241468236,0.2643544784805272,0.22300896991509944,0.1485001698601991,0.3709343452144793,0.23869533617809413,0.3318668127629536,0.49511569959895496,1.015184749092441,0.3410512642876711,0.11045684316195548,32.74275456138275,2.0405379915609956,2.5419566581408617,2.400738135407188,1.1874330844730139,1.0003060370422645,1.0728759782364534,3.5219674890395254,1.0417745620998176,0.2742217186605558,2.861052163651948,0.8008705909209652,9.307035794125113,4.340594554272684,8.353265519,52.837026541121304,16.13782891045048,-1.157026709,13.41257352798948,-1.307873861,-0.247236856,29.493903586859233,2.9380709034594474,3.290875691192923,21.954860242378345,6.997860772071363,6.3957823065065895,0.971831496,11.79245426950365,0.5530100425021374,7.7397648561309325,4.800710152052488,8.198727768132812,1.685847995475342,-0.547344767,5.715351471568283,59.615112731582485,90.13005175683793,-7.084645963,58.736103312985506,-5.244675727,8.735193469190563,13.575835724906938,29.20161438145442,3.9258849108991853,3.0124321081975722,-7.109325279,3.142803641494538,16.794717016164213,9.317975871730596,12.113597969524562,0.9065358936786652,17.40138894924894,14.094387448392808,3.104235969018191,37.36977560073137,31.23153632134199,0.3986922628246248,54.25868482887745,14.400106390236033,18.49826832
TEST_01+3일,5.676197791962068,18.96717844158411,4.825157128349932,2.7210691226864583,0.6060240538117796,1.6862614968354137,4.436736609786749,1.2192580653354526,2.7743975119665265,0.46563697661241576,1.0970861319052574,0.11100480239838362,0.7508408550243075,2.119882762752013,10.602084962524486,0.8056766084030187,8.273024156689644,0.4961712825097493,0.9908510244990545,15.09738489985466,3.9210109785199165,-0.099562041,0.5222159320333901,0.6257755700498819,17.662916344859696,13.204674436245114,4.157214839011431,34.691985946148634,2.650071360170841,2.6625162921845913,2.4708175940904766,2.9911362007260323,2.8909676837142797,1.3374809687957168,-0.937873073,2.588790284413335,24.787944175302982,-2.449944809,1.2399294140527921,19.748882930725813,3.6043496429920197,0.86244325,0.5804576124155574,0.8715318991453387,0.31291215169403586,2.125717905466445,0.37979539830075737,4.658871808831464,0.7395903248668674,4.293829798110892,12.473099024733528,1.1071873074397445,4.930806632917665,0.5076629763632923,1.9800611895043403,0.5844641514593718,1.2391122745942198,0.8216797409550054,1.1754635104443878,0.7479604790534893,6.986917680129409,6.899790504825887,9.143040254903553,8.577163158614894,6.586024937621914,2.673766774481919,0.3108747942460468,1.1351254664172998,2.2682929077036533,1.6316800039983264,1.0536173768341541,3.7381033550855136,0.6516870625928277,0.6093406275136033,3.7152193030478884,-0.178362889,0.35266767719167547,2.1490228166949237,0.9104946484731045,3.146074170275824,2.0767181505975714,0.983514228,0.6894823833135888,1.296966169,1.3340939700507306,1.9363212585596088,1.7125464315190584,0.31826462639719466,2.6476380452868398,3.735854386383835,16.12487442791462,1.3832512505257455,2.415228493955965,5.719804982528331,0.7667715476248418,0.1777020712090689,0.2790594209561732,0.59830676,11.520846116771281,6.547020308024912,1.5458537059057562,0.7953727314977641,4.778007157146931,0.23395316263849963,48.49874252220616,33.968087427318096,28.059428653796203,4.117766058,4.301989682523072,1.2201368904776473,3.1826941143496015,0.21310874680057168,1.5204963059010197,-0.154843373,0.6830549883364938,1.0847382758515778,2.2335432937902624,1.272880011953248,2.278004659335238,1.0332762874116952,-0.920527764,7.546956860693172,0.2640486369491555,0.22235149063635617,0.14744081511162221,0.37109791149930516,0.23870586715334774,0.33195902871200644,0.49518156615102527,1.003438619460212,0.34075147515977733,0.10882884659804404,32.79531492733804,2.042908199131489,2.546069741732481,2.4006800947686315,1.1892883810214698,1.0020544759970562,1.0727422711527623,3.5206217493396252,1.0435302221183065,0.27445420797448605,2.865590549330591,0.8004061986038096,9.276783843593876,4.304626761160762,8.018397855572402,52.65824076440185,16.106852936787618,-1.196285459,13.404767812764476,-1.364355581,-0.251910935,29.43120684,2.8849423890715116,3.236979605171655,21.934600479720757,6.9868598968796505,6.383464690516121,0.8505240227095783,11.759793846071261,0.5447099162847735,7.716606351114024,4.787983661550243,8.149529578,1.6495274920489464,-0.564733776,5.718951401087907,59.41505612808396,90.09551122,-7.193734739,58.68678872037708,-5.320145652,8.681543767932453,13.49952132513863,29.121920746583783,3.897800851635111,3.0042072704409293,-7.256198233,3.0683784160064533,16.635568966623396,9.227266943082213,11.905675676651299,0.7802822440862656,17.295238011982292,13.96450766408816,2.9410753934644163,36.567576836794615,31.206120379269123,0.22856012219563127,54.26705785095692,14.41436263536525,18.439672470092773
TEST_01+4일,5.677914975,18.901336133480072,4.825176330145997,2.7224462162703276,0.6066205573597472,1.6888690073449197,4.404265150427818,1.212216280400753,2.7735572904348373,0.4660173452741674,1.0978153837882019,0.10797755001112819,0.750291163,2.121393066762721,10.60449539800561,0.8060713786214819,8.153867945075035,0.4943959273514338,0.9908729877233178,15.005745679140091,3.8815535828471184,-0.115849886,0.5225470297800996,0.6249354195315391,17.699009529802424,13.225188449956477,4.146565378061496,34.68754929676652,2.592491626739502,2.648986253887415,2.460984922130592,2.993913620710373,2.895542233033666,1.3356737117283046,-0.947360604,2.594105713279532,24.781903138384223,-2.497099303,1.2398986825065244,19.743908874690533,3.473183959722519,0.8587288738635834,0.5689929641339404,0.8673825996520463,0.3115239789512998,2.1308622725773603,0.38036103109806163,4.665334002625968,0.7410315307904511,4.299021374222775,12.491134614800103,1.1117546670138836,4.923876071160521,0.5072734612680279,1.9795423119794577,0.5839558633161346,1.2384544496938474,0.8221483973102295,1.1778678096161457,0.7481963029767371,6.985877582803369,6.903164549297799,9.139740549,8.567683365,6.583090717687355,2.6793122253611728,0.30729273946781177,1.1350971348198833,2.2672616809737747,1.6342879101639483,1.0470274686813354,3.7457060349779567,0.6530557020450942,0.6090418934661841,3.7228872485302418,-0.188887754,0.3518271220433462,2.1520822115235205,0.9100268684851471,3.1452928167709615,2.081120560277668,0.9838579453644343,0.6899926407495514,1.2999392504498246,1.3336889751600438,1.9364059954580952,1.7161046511041604,0.31410587047048466,2.6531871062015853,3.732077229621609,16.04094075,1.3855933422016733,2.4148801830657476,5.7146066840923595,0.7666440828023013,0.1766887925159608,0.2785556375944793,0.5982996432250367,11.48808011942674,6.553431337798429,1.5480781630030833,0.7963616360041215,4.787347164005041,0.2343109079556598,48.429717058781534,33.81425886694342,28.095080537430476,4.1227950565794345,4.307377417160296,1.2215160321101166,3.1839845717589697,0.2084610559977591,1.5212690193633307,-0.163161435,0.6842219729753651,1.0860885152980018,2.2361252190669347,1.2744620793289414,2.282808805,1.0346159509343806,-0.939770617,7.465692566940561,0.26374241418670863,0.22169200121425092,0.14637865382246673,0.371261478,0.23871639812860224,0.3320512446610593,0.4952474327031027,0.9916561412392184,0.3404513861023588,0.107195561,32.84787529329333,2.045294977724552,2.550182825,2.400622054130068,1.1911559700965881,1.003802914951848,1.0726085640690712,3.519281442509964,1.0452858821367954,0.2746891132555902,2.870128935009234,0.7999418062865971,9.246531893,4.268658968052478,7.6823576325550675,52.47854518331587,16.075876963121118,-1.23554421,13.396962097539472,-1.420837302,-0.256585013,29.368510089487245,2.8318138746835757,3.1830835191503866,21.91434071706135,6.975859021688848,6.371147074525652,0.728728405,11.72713342264251,0.5364097900674096,7.693447846093477,4.775257171047997,8.100331387293409,1.6132069886261888,-0.582122785,5.722551330607985,59.21499952458544,90.06097068777308,-7.302823515,58.63747412776138,-5.395615577,8.627894066674344,13.423206925377599,29.04222711170587,3.8697167923746747,2.995982432683377,-7.403071187,2.9939531905183685,16.47579846251756,9.136222101515159,11.697021878324449,0.6536083519458771,17.188641415908933,13.834151169285178,2.777350830845535,35.76250470429659,31.180492147803307,0.057869454,54.27528090029955,14.428618880494469,18.38080921769142
TEST_01+5일,5.679632158,18.835289508104324,4.825195531942059,2.723830431466922,0.6072183971718914,1.6914765178544258,4.371706284582615,1.2051481204107404,2.7726972522214055,0.466397714,1.0985446356710327,0.10494079580530524,0.7497414700918057,2.1229033707732015,10.606905833486508,0.8064661488399452,8.034362718462944,0.49261343412217684,0.9908949509475811,14.913837730884552,3.8419886082410812,-0.132192457,0.5228781275267806,0.6240919444244355,17.735102714741515,13.245692134369165,4.135870631143916,34.683037385344505,2.534678153693676,2.6353884637355804,2.451098829274997,2.996719241142273,2.9001167823530523,1.3338513989001513,-0.956848135,2.599421142146184,24.775918778032064,-2.544416405,1.2398679509602566,19.739030554890633,3.3415051102638245,0.8549936892377445,0.5575283158523234,0.8632162703725044,0.31013281140621984,2.136042977392208,0.38092666389542273,4.671796196419564,0.7424727367140349,4.304212950334204,12.509294018847868,1.1163438158109784,4.9169455094033765,0.5068839461727634,1.9790267458884045,0.5834475751729542,1.237796624793475,0.8226249514191295,1.180285398833803,0.748432127,6.9848676742985845,6.906538593769255,9.136440842882166,8.558203570481965,6.580156497752796,2.6848576762404264,0.30369873030576855,1.1350688032224667,2.2662304542437823,1.6368958163295702,1.0404046829789877,3.7533087148713093,0.6544247314741369,0.6087431594187649,3.730555194012595,-0.199412619,0.35098656689490326,2.155137359397486,0.9095585280447267,3.1444844019424636,2.0855229699582196,0.9842028226703405,0.6905062485020608,1.3029223225603346,1.333283980269357,1.9364907323565888,1.7196628706892625,0.30994711454377466,2.6587361671163308,3.7283000728593834,15.956737846136093,1.387935433877601,2.4145318721755302,5.709408385656843,0.7665166179797609,0.17567551382285274,0.2780518542328423,0.5982925269196624,11.45531412,6.559842367571946,1.5503026201006378,0.7973505405103651,4.796766560524702,0.23467269606044283,48.36019365955144,33.65971080865711,28.13073242106111,4.1278240551091585,4.312765151797521,1.2228951737424723,3.185275029168224,0.20380361005663872,1.5220417328256417,-0.171506335,0.6853889576142365,1.0874387547444258,2.2387071443438344,1.2760441467046348,2.287612949778577,1.0359556144569524,-0.959077559,7.384176351362839,0.2634358101786347,0.22103050164878368,0.145313686,0.3714250440689568,0.23872692910385584,0.33214346061011213,0.4953132992551801,0.9798373133235145,0.3401509970863117,0.10555698815733194,32.900435659248615,2.0476983236148953,2.554295908916174,2.400564013491511,1.1930358540266752,1.0055513539066396,1.0724748569853801,3.5179465683177114,1.0470415421552843,0.2749264348531142,2.874667320687877,0.7994774139693845,9.216279942527763,4.232691174940555,7.345144817605615,52.29793977,16.044900989454618,-1.274802961,13.389156382314468,-1.477319022,-0.261259092,29.30581334080489,2.77868536,3.1291874331291183,21.894080954403762,6.964858146497136,6.358829458535183,0.6064446312375367,11.69447299921012,0.5281096638491363,7.670289341,4.762530680545751,8.051133196873707,1.5768864851997932,-0.599511793,5.726151260128063,59.01494292111602,90.02643015324065,-7.411912291,58.588159535152954,-5.471085502,8.574244365,13.346892525616568,28.962533476835233,3.8416327331106004,2.987757594926734,-7.549944141,2.9195279650230077,16.315405467525125,9.044841333525255,11.487636549398303,0.5265142470598221,17.08159915637225,13.703317952807993,2.6130622434429824,34.954559080302715,31.154651634395123,-0.113379766,54.28335398435593,14.442875125623686,18.32167862355709
TEST_01+6일,5.681349341,18.769038535654545,4.825214733738122,2.7252217685017968,0.6078175732700402,1.6940840283639318,4.339060012251139,1.1980535835027695,2.7718173945322633,0.4667780825976138,1.0992738875539771,0.10189453838393092,0.7491917776255264,2.1244136747839093,10.609316268967632,0.8068609190584652,7.914508491754532,0.49082380263280356,0.9909169141718479,14.821661084890366,3.802316054701805,-0.148589762,0.5232092252734901,0.6232451446121559,17.771195899684244,13.26618548668921,4.125130597036332,34.67845019698143,2.476630963385105,2.6217229031026363,2.4411593149998225,2.999553065,2.9046913316724385,1.3320140317082405,-0.966335666,2.6047365710123813,24.769991086795926,-2.591896109,1.2398372194139853,19.734247971326113,3.209313154220581,0.8512376967846649,0.5460636675725254,0.8590329112048494,0.30873864901877823,2.1412600214825943,0.381492297,4.678258390214069,0.743913943,4.309404526446087,12.527577238506638,1.120954753831029,4.910014947646232,0.506494431,1.9785144912311807,0.582939287,1.2371387998931027,0.8231094033835689,1.1827162780973595,0.7486679508232328,6.983887953683734,6.909912638240712,9.133141136871473,8.548723776,6.5772222778186915,2.6904031271187705,0.3000927667308133,1.1350404716250466,2.2651992275139037,1.639503722495192,1.0337490290403366,3.7609113947637525,0.6557941509381635,0.6084444253713741,3.7382231394949486,-0.209937483,0.3501460117464603,2.15818826,0.9090896270645317,3.1436489252373576,2.089925379638771,0.9845488596474752,0.691023207,1.3059153854119359,1.3328789853786702,1.9365754692550823,1.7232210902739098,0.30578835861706466,2.6642852280310763,3.7245229160971576,15.872265711426735,1.3902775255537563,2.414183561285313,5.704210087220872,0.7663891531572204,0.17466223512974466,0.27754807087120525,0.5982854106142881,11.42254812473766,6.566253397344553,1.552527077197965,0.7983394450167225,4.806265331804752,0.23503852698922856,48.29017231380567,33.50444322451949,28.166384304695384,4.132853053638428,4.318152886434746,1.224274315374828,3.1865654865775923,0.19913641177117825,1.5228144462879527,-0.179878073,0.6865559422529941,1.0887889941908497,2.241289069620507,1.277626214080101,2.2924170950004736,1.0372952779796378,-0.978448611,7.302408212563023,0.2631288249249337,0.22036699205636978,0.144245911,0.37158861035378266,0.23873746007911034,0.33223567655916497,0.4953791658072575,0.9679821346653625,0.33985030816984363,0.10391312721185386,32.95299602521118,2.050118237733841,2.5584089925077933,2.4005059728529545,1.1949280300177634,1.0072997928614313,1.0723411499017033,3.5166171265300363,1.0487972021735459,0.2751661721849814,2.8792057063665197,0.799013022,9.186027991996525,4.196723381832271,7.0067593874409795,52.11642450559884,16.013925015788118,-1.314061712,13.381350667090373,-1.533800743,-0.265933171,29.243116592122533,2.725556845907704,3.075291347,21.873821191744355,6.953857271305424,6.3465118425447145,0.48367269476875663,11.661812575781369,0.5198095376317724,7.6471308360523835,4.7498041900453245,8.001935006454005,1.5405659817770356,-0.616900802,5.729751189648141,58.81488631761749,89.99188961870459,-7.521001067,58.53884494254453,-5.546555427,8.520594664165401,13.27057812584826,28.88283984195732,3.813548673846526,2.9795327571691814,-7.696817095,2.845102739534923,16.154389983974397,8.953124638646841,11.27751968242228,0.3989998996257782,16.974111215677112,13.572008005343378,2.448209644295275,34.143739975988865,31.12859880924225,-0.285187536,54.29127709567547,14.457131370754723,18.26228067278862
TEST_01+7일,5.683066523495199,18.702583223581314,4.825233935534186,2.7266202274768148,0.6084180856651074,1.6966915388734378,4.306326344609261,1.1909326734021306,2.7709177220240235,0.4671584512593654,1.100003139436808,0.098838779,0.7486420851593039,2.1259239787943898,10.611726704448529,0.8072556892769285,7.794305309653282,0.48902703286876203,0.9909388773961112,14.729215756058693,3.762535922,-0.165041789,0.5235403230201996,0.6223950199782848,17.807289084626973,13.286668507847935,4.114345274399966,34.673787750303745,2.4183500334620476,2.6079895943403244,2.431166377966292,3.002415092661977,2.9092658809922796,1.330161609686911,-0.975823197,2.6100519998785785,24.764120066538453,-2.63953843,1.2398064878677175,19.729561120271683,3.076608121395111,0.8474608954420546,0.5345990192909085,0.8548325217416277,0.307341492,2.1465134044992737,0.38205792949003126,4.6847205840085735,0.7453551485614298,4.314596102557971,12.54598427657038,1.125587479,4.903084385889088,0.5061049159822346,1.9780055477749556,0.5824309988865366,1.2364809749927304,0.8236017532763071,1.1851604479452362,0.7489037747464806,6.982938420958817,6.913286682712624,9.129841430860779,8.539243982349035,6.574288057884132,2.695948577998024,0.29647484826273285,1.13501214,2.264168000784025,1.642111628660814,1.0270604994148016,3.7685140746561956,0.6571639604080701,0.6081456913239549,3.7458910849763924,-0.220462348,0.34930545659813106,2.161234914,0.9086201654863544,3.1427863864519168,2.094327789318868,0.9848960565286689,0.6915435165865347,1.3089184390119044,1.3324739904879834,1.9366602061535687,1.7267793098590118,0.3016296026898999,2.6698342889467312,3.720745759334932,15.787524327635765,1.392619617229684,2.4138352503950955,5.699011788785356,0.766261688,0.17364895643663658,0.2770442875095682,0.5982782943089138,11.389782127393119,6.572664427,1.554751534295292,0.7993283495229662,4.815843500196934,0.2354084008729842,48.21965301735327,33.348456111736596,28.20203618832602,4.137882052168152,4.323540621,1.2256534570072972,3.187855943986847,0.19445945881307125,1.5235871597502637,-0.188276649,0.6877229268918654,1.0901392336373874,2.243870994897179,1.2792082814557943,2.2972212402219157,1.0386349415022096,-0.997883756,7.220388144487515,0.26282145841105375,0.21970147220417857,0.14317533001303673,0.3717521766386085,0.23874799105436395,0.3323278925082178,0.4954450323593349,0.9560906051192433,0.33954931926564313,0.1022639786824584,33.005556391166465,2.0525547210127115,2.5625220760994125,2.400447932214391,1.196832500398159,1.009048231816223,1.0722074428180122,3.515293117146939,1.0505528621920348,0.2754083259496838,2.8837440920451627,0.7985486293349595,9.155776041465288,4.160755588720349,6.667201309464872,51.93399937544018,15.982949042125256,-1.353320462,13.37354495186537,-1.590282463,-0.27060725,29.18041984,2.672428331519768,3.0213952610938577,21.853561429086767,6.942856396114621,6.334194226552427,0.3604125785641372,11.62915215234898,0.5115094114144085,7.623972331035475,4.737077699543079,7.952736816034303,1.504245478,-0.634289811,5.733351119168219,58.61482971414807,89.95734908417217,-7.630089843,58.48953034992883,-5.622025352,8.466944962914567,13.194263726087229,28.803146207086684,3.7854646145824518,2.971307919411629,-7.843690048,2.770677514046838,15.992751997429878,8.861072006169707,11.066671252250671,0.2710653394460678,16.86617759335786,13.440221315715462,2.2827930045314133,33.33004731312394,31.102333702147007,-0.45755388,54.299050234258175,14.471387615883941,18.20261538028717
TEST_02+1일,5.551692033345148,21.30054766016474,6.1398130427114666,2.7640157932236775,0.6411561253626132,1.8165646626794114,6.110430338,0.9713085582479835,3.4959878813651812,0.49144420987494186,1.0904908067461179,0.059793134685605764,0.7504592786568764,2.305350744,11.287091332746058,0.8382920502830871,16.458407689604428,0.7202567554732582,0.7803842489011004,20.11714611271418,6.227984842884325,1.6370689597402475,0.549535537,0.35479569365270436,16.317762778104225,13.423019313253462,5.257904767152013,27.53280103718862,9.888347565152799,4.950027907571894,4.077580367955306,2.1979016208565554,2.285215284078731,1.2767940596677363,-0.987954369,1.7757773321354762,29.14047871856019,2.6022144726002807,1.3152422057510194,16.702898738731164,19.69560530209492,0.6849311664700508,0.057351204,0.4254049025475979,0.246294143,0.9179236351701547,0.41009071877169845,3.1278672367334366,0.8152622411023458,3.1096859741955996,12.66259125736542,0.45037981420250617,5.502692335590837,0.4914576524784593,1.9625232954219882,0.6593999242410291,1.2382792313837854,0.8034189039244666,0.7252717756646234,0.5734290819527814,6.432897388684069,7.0744903298623285,8.987981842816225,8.502330431795599,6.579958927471807,2.718500211942228,0.6446157361125131,1.2115853030242363,2.259957552949345,1.4516657824174217,1.030002955114469,2.7810662975971354,0.7366027767420746,0.5305818947640546,3.8115764415297235,-0.374448397,0.5027226769016124,2.012765447361744,0.5453704500614549,2.6598565298772883,2.175536173921955,1.0020556185184688,0.8472862911876291,1.1244290327511806,1.2288396266495738,1.931153863890117,1.7063357977413034,0.2717218452821726,2.643271533924235,2.3399633057415485,11.191515617538244,1.490712629823065,2.7012990876732204,5.490825830391259,0.5854931606809259,0.2694873800331834,0.26897409628406876,0.4638722479576245,13.562398651614785,7.224569919205351,0.9521498297108337,0.5693378586001927,2.7965972986694396,0.1684153370328545,63.99174402734934,49.71430339569997,27.736856921459548,4.484182692,4.461500110949601,1.2555733156914357,3.135095193894813,0.45675573124867697,1.6120483242149248,0.673183966,0.4089565593749285,1.1114516240384091,2.367212289474992,1.3794486313481684,2.4321714647353474,1.2108287836088039,1.038817535891809,14.944294190942855,0.1692915047187853,0.2542653926440295,0.18990106230535275,0.3350309143929735,0.25987091279148444,0.29455544412485324,0.4454253724402406,0.688019523,0.32389684515013073,0.24065651346415962,34.40460889699898,1.8929666868582444,1.9683499175007455,2.850492352819174,1.008894275,0.6420001147198491,1.318154097905392,3.993137183681597,0.794311893,0.2523132687380212,2.012146019435022,1.0313822592799653,7.819943589642207,2.195090298911964,42.48415448,75.66026867491746,13.817184125306085,-2.367255412,12.061367909801447,-3.144829296,-0.373035289,24.867001739883563,0.43065867810946656,0.8140051635273267,20.302527105788613,6.495000368287947,4.735125851382691,-4.541246206,10.500223933097004,0.3985319539260672,6.4731344402825925,3.937705335143619,6.410009391409403,0.034658619839319726,-1.05921751,6.985816959,40.991455437557306,70.28534895571647,-9.772776742,47.19296074203885,-6.822318639,5.122059602457739,9.185171272045409,20.92227715125773,2.1494283559040923,2.4438760989642105,-10.88228006,-0.033730446,6.1504756808280945,18.013129890095115,31.98366088466946,13.014398854507135,9.077156513929367,6.074529528617859,18.874902467380252,-0.833715439,37.24576325639646,-6.213406533,39.85730217397213,11.75617378950119,26.64181379726506
TEST_02+2일,5.552996198,21.28764056,6.1464814632199705,2.763906107696684,0.6418715316467569,1.819221814893126,6.102467931780666,0.9634201359003782,3.5009975911052607,0.49185402845125736,1.091149095,0.056758837308734655,0.7499497556985375,2.3071751602606128,11.290894358839978,0.8387330425133541,16.43976249115076,0.7206110284906231,0.7781581111339619,20.09994571094103,6.219221584,1.637397780033666,0.5499036274985656,0.35246681584976614,16.34640420062351,13.440300047397614,5.259985258,27.485789126483724,9.900420729,4.956886982342439,4.0832694129439915,2.1927778309695896,2.2837471582606668,1.2745484001934528,-0.996839693,1.7756578095286386,29.162747774505988,2.604093162378831,1.3155964622010288,16.67139052710627,19.718172147491714,0.6802859744057059,0.045555822829555837,0.4189728004857898,0.24470073263000813,0.9123657144928075,0.41068344320876804,3.119434244930744,0.816768814,3.1012683883309364,12.68203509238083,0.4485562603363178,5.502637672965648,0.49105995535575175,1.9613158996436368,0.6591024095582156,1.2374827326329978,0.8039413024816895,0.723703254,0.5718286993869697,6.4243782862340595,7.078009443893734,8.984579981,8.493399221461914,6.577233439094698,2.723728395006674,0.644552853,1.2117353765378027,2.2577207457798067,1.4536652209167187,1.023527202080004,2.7819432729302207,0.7382163417642005,0.5301254741290222,3.8188872524324324,-0.384625853,0.5035599159018602,2.0143490628906875,0.5428781186710694,2.6556297301431186,2.1798334427930968,1.0021744074308572,0.8487377315759659,1.1247057093173112,1.228224024993267,1.9312203696620998,1.709611101,0.26777196238754186,2.648390586194182,2.32597476,11.086560809519142,1.4931243565836212,2.7016309645185004,5.481516858286341,0.5836070757650305,0.2687605937260287,0.2684853523534798,0.46272589243017137,13.536779622700124,7.232044061926899,0.9485119407036109,0.5675131366660935,2.7841439663152414,0.1677558511632924,64.06685028319043,49.757666140165384,27.742668765364215,4.489668694,4.466847308577144,1.2569295764352546,3.1351537767732225,0.45505069614864624,1.612972180263796,0.6729857366416638,0.4075609901919961,1.1127615650354983,2.369907759237094,1.381154891140568,2.436965194,1.2124738815139153,1.038878943142599,14.938407505808755,0.16848900066543138,0.2541477350749375,0.18960165842651122,0.3350249635457203,0.26016809998418466,0.2944449644564884,0.44525677124329377,0.6755383014678955,0.32364305348426115,0.240551018,34.45679426947754,1.891375666609747,1.9646320888132323,2.851468728930513,1.0076445254351256,0.6401923239027383,1.318592548883089,3.9918507117846502,0.7932452736858977,0.2519758743447085,2.0069563000579365,1.0314819912480857,7.788646532837447,2.157013914,42.49600044104591,75.73581863360596,13.783315874759865,-2.40622866,12.051083261613712,-3.201118874,-0.377633524,24.798607855351293,0.37592850225337315,0.7586350050041801,20.28007183446971,6.483707893,4.719969087827849,-4.685141027,10.467154827565537,0.39052411447210034,6.448883275,3.9239952748976066,6.360549536489998,-0.002612892,-1.07642507,6.9920464863071174,40.76437391759828,70.19698040519143,-9.8795286,47.121093165595084,-6.895525595,5.064320673511247,9.104753539351805,20.829850242604152,2.1194664435461164,2.4349908068807053,-11.02635729,-0.109630971,5.942596376,18.018881507707192,31.98874191289906,13.012921894674264,8.930631995,5.909673660993576,18.877219307609494,-1.784961343,37.280171725855325,-6.405127257,39.77705129981041,11.75411863066256,26.661923285260855
TEST_02+3일,5.554300363265952,21.27473345414728,6.153165045194328,2.7637964221696905,0.642588449,1.8218787560210785,6.094505525439672,0.9555054428055882,3.5060073008448853,0.4922638470276297,1.0918073839411022,0.053715802,0.7494402327401986,2.308999576472843,11.294697384933443,0.839174035,16.42111729269709,0.720965302,0.7759246032583178,20.082745309169695,6.210458324861065,1.6377266003270563,0.5502717182384913,0.35013117268681526,16.37503878743155,13.457562802359462,5.2620657486063465,27.438600873108953,9.912493893712963,4.963746057112985,4.0889584579326765,2.187654041082169,2.282261012325762,1.2722878572531044,-1.005725017,1.7755250322516076,29.18514080683235,2.6059718521573814,1.3159515978168201,16.639882315481373,19.74073899288487,0.6756194401532412,0.033760442,0.4125194204971194,0.24310406374570448,0.9068077938145507,0.4112761676458945,3.1109558697789907,0.8182753875134949,3.0928070917725563,12.701596133643761,0.4467327064701294,5.502604068227811,0.49066225823298737,1.9601085038651718,0.6588048948754022,1.236685441282134,0.8044710993344779,0.7221347320780751,0.5702223898842931,6.415859184,7.081528557924685,8.981178118278876,8.484468011128229,6.574507950717361,2.728956578,0.6444899707139697,1.211885450051355,2.2554786519649497,1.455664659416243,1.0170214431127533,2.7828037099097855,0.7398308845586143,0.5296690534940467,3.826198063336051,-0.394803308,0.5044024635790265,2.015925092,0.5403801850698073,2.6513694516324904,2.184130711664693,1.0022931963432455,0.8501946453470737,1.1249823858834702,1.2276084233369033,1.9312868754340755,1.7128864043634167,0.26382207949291114,2.6535096384636745,2.311955819837749,10.981304513523355,1.4955360833444047,2.7019628413637804,5.472191269102041,0.5817153404641431,0.26803380741887395,0.2679966084229477,0.4615760751767084,13.51116059,7.239518204648448,0.9448559454613132,0.5656791351211723,2.771690633961043,0.1670963652937303,64.14195653903153,49.80102888462716,27.74837029958144,4.495154696,4.472194506204687,1.2582858371789598,3.135208079806034,0.4533456610486155,1.613896036312667,0.6727875074196277,0.40615773713216186,1.1140715060324737,2.3726032289994237,1.3828611509327402,2.441758923083853,1.2141189794190268,1.038940350393382,14.932520820675563,0.16768490046160878,0.2540300775058455,0.1893022545476697,0.33501870165537184,0.26046628533731564,0.2943340283673024,0.4450876887804043,0.6630220506340265,0.323389262,0.24044552238083838,34.50897964,1.889784646361477,1.9608883718028665,2.852445105041852,1.0063947758366112,0.6383736725983908,1.3190309998607859,3.9905642398877035,0.7921698038189788,0.2516384799514242,2.001735524390824,1.0315817232162061,7.757349476036325,2.118937529678078,42.507846404498196,75.81136859230173,13.749447624213644,-2.445201908,12.040798613425068,-3.257408452,-0.382231759,24.730213970811747,0.3211983264045557,0.7032648464737576,20.257616563150805,6.472415417059892,4.704812324271188,-4.829536825,10.434085722037707,0.38251627501722396,6.424632109461527,3.9102852146497753,6.311089681570593,-0.039884404,-1.09363263,6.998276013365285,40.537292397610145,70.10856535413768,-9.986280457,47.04922558915132,-6.96873255,5.006581744572031,9.024335807,20.737423333950574,2.0895045311881404,2.426105515,-11.17043451,-0.185531496,5.734028131,18.02463312531836,31.99382294,13.011444934841165,8.783600658,5.744296222925186,18.879536147838735,-2.739197135,37.31458019531419,-6.597410828,39.69644181,11.752025371417403,26.68203277325847
TEST_02+4일,5.555604528226468,21.261826351137643,6.159863788634539,2.763686736642697,0.6433068779551832,1.8245354860539464,6.086543119099588,0.9475644808262587,3.511017011,0.49267366560400205,1.0924656725385375,0.050664028618484735,0.7489307097818596,2.3108239926848455,11.298500411027362,0.8396150269740019,16.40247209424342,0.7213195745254097,0.7736837250704411,20.065544907396543,6.201695066,1.6380554206204465,0.550639809,0.34778876369819045,16.40366653840465,13.474807581864297,5.264146239333513,27.391236269380897,9.924567057993045,4.970605131883531,4.094647502921362,2.182530251195203,2.2807568456191802,1.2700124313123524,-1.014610341,1.775378999649547,29.207657818100415,2.6078505419359317,1.3163076126420492,16.608374103856477,19.76330583827803,0.6709315655753016,0.021965060193906538,0.40604476258158684,0.24150413633833523,0.9012498731372034,0.41186889208296407,3.1024321150034666,0.8197819607189558,3.0843020770698786,12.721274385112338,0.44490915260394104,5.502591522730654,0.49026456111027983,1.9589011080867067,0.6585073801925603,1.2358873572957236,0.8050082948248019,0.7205662102849146,0.5686101532774046,6.407340081334951,7.085047672,8.977776256010657,8.475536800794544,6.571782462340252,2.734184761135566,0.6444270880146945,1.2120355235649214,2.253231271282857,1.457664098,1.0104856771067716,2.783647607633611,0.7414464051253162,0.5292126328590143,3.8335088742396692,-0.404980763,0.5052503200968204,2.0174935352333705,0.5378766490684939,2.6470756937924307,2.1884279805362894,1.002411985255634,0.8516570329666138,1.1252590624496293,1.2269928216805397,1.9313533812060513,1.7161617076744733,0.2598721965982804,2.6586286907336216,2.297906485386193,10.875746717909351,1.4979478101051882,2.7022947182090604,5.462849062532769,0.5798179545890889,0.26730702111160554,0.26750786449235875,0.4604227958479896,13.485541564878076,7.246992347369996,0.9411818433436565,0.5638358536161832,2.759237301606845,0.16643687942416818,64.21706279487262,49.84439162909257,27.753961520502344,4.500640697967356,4.477541704,1.259642097922665,3.135258102847729,0.4516406259483574,1.614819892361652,0.6725892781975631,0.4047468011267483,1.1153814470294492,2.375298698761526,1.3845674107251398,2.4465526522585606,1.2157640773241383,1.039001757644165,14.926634135542372,0.16687920403091994,0.2539124199367535,0.18900285066882816,0.3350121287096499,0.26076546888907615,0.2942226358863991,0.44491812502974426,0.6504707746207714,0.3231354701525504,0.24034002683917777,34.561165014434664,1.8881936261129795,1.9571187656838447,2.8534214811533047,1.0051450262380968,0.6365441602392821,1.319469450838426,3.989277767990643,0.7910854825749993,0.2513010855581115,1.9964836914441548,1.0316814551843265,7.726052419231564,2.080861145062954,42.51969237,75.88691855,13.715579373671062,-2.484175157,12.030513965236423,-3.313698029,-0.386829994,24.661820086279477,0.2664681505484623,0.6478946879506111,20.23516129,6.461122941445865,4.689655560714527,-4.974433631,10.401016616509878,0.3745084355632571,6.400380944050994,3.896575154403763,6.261629826643912,-0.077155916,-1.11084019,7.004505540422542,40.310210877651116,70.02010380063439,-10.09303232,46.977358012707555,-7.041939505,4.9488428156255395,8.943918073964596,20.644996425296995,2.0595426188301644,2.417220222713695,-11.31451173,-0.261432021,5.524771064519882,18.030384742930437,31.998903969357798,13.009967975008294,8.636062562465668,5.578397065401077,18.88185298806775,-3.696422935,37.34898866,-6.790257126,39.61547380685806,11.749894013628364,26.702142261256085
TEST_02+5일,5.556908693,21.248919248128004,6.166577693074942,2.7635770511157176,0.6440268180249404,1.8271920049915025,6.0785807127595035,0.939597251,3.5160267203241347,0.49308348418031756,1.0931239611360297,0.047603518,0.7484211868235207,2.312648408896848,11.302303437121282,0.8400560192043258,16.383826895789753,0.7216738475427746,0.7714354764684686,20.04834450562521,6.192931806837805,1.6383842409138651,0.5510078997183996,0.34543959028087556,16.432287453346362,13.492034384980798,5.26622673,27.343695312505588,9.936640222273127,4.977464206654076,4.100336547910047,2.1774064613082373,2.2792346577334683,1.267722124233842,-1.023495665,1.7752197115914896,29.23029881156981,2.609729231714482,1.3166645066703495,16.57686589223158,19.785872683674825,0.6662223497405648,0.010169678876991384,0.3995488239452243,0.23990095034605474,0.8956919524598561,0.41246161652003366,3.0938629806041718,0.8212885339244167,3.0757533498108387,12.74106984748505,0.44308559873775266,5.502600036023068,0.4898668639875723,1.9576937123082416,0.6582098655097468,1.2350884806601243,0.8055528888580739,0.7189976884917542,0.5669919894498889,6.398820978884942,7.088566785987496,8.974374393741982,8.466605590461768,6.569056973963143,2.739412944200012,0.6443642053154264,1.2121855970784878,2.250978603675321,1.459663536414837,1.0039199036546052,2.784474966218113,0.7430629033478908,0.5287562122240388,3.8408196851432876,-0.415158219,0.5061034855207254,2.0190543916469323,0.5353675105652655,2.642748455516994,2.192725249407431,1.0025307741680223,0.8531248935032636,1.1255357390157599,1.2263772200242329,1.9314198869780341,1.7194370109850752,0.2559223137036497,2.6637477430035688,2.283826757222414,10.769887418719009,1.5003595368657443,2.7026265950543404,5.453490238200175,0.5779149181034882,0.2665802348044508,0.26701912056182664,0.459266055,13.459922535967053,7.254466490091545,0.9374896343797445,0.561983292,2.746783969250828,0.16577739355460608,64.29216905071371,49.88775437355798,27.759442426264286,4.506126700116056,4.4828889014597735,1.260998358666484,3.135303845818271,0.4499355908483267,1.615743748410523,0.6723910489755269,0.40332818077877164,1.1166913880264246,2.3779941685238555,1.3862736705175394,2.4513463814328134,1.2174091752292497,1.039063164894955,14.92074745040918,0.16607191137700283,0.2537947623676615,0.18870344678998663,0.3350052447028702,0.2610656506521991,0.2941107869555708,0.44474807998403776,0.6378844752907753,0.32288167848670923,0.24023453129751715,34.613350386913226,1.8866026058647094,1.9533232697285712,2.854397857264644,1.0038952766395823,0.6347037867817562,1.3199079018161228,3.9879912960936963,0.7899923097793362,0.2509636911647988,1.9912008005194366,1.031781187152447,7.694755362430442,2.04278476,42.53153833140459,75.96246850969328,13.681711123124842,-2.523148405,12.020229317047779,-3.369987607,-0.391428229,24.59342620173993,0.21173797469236888,0.5925245294201886,20.212706020512996,6.4498304658318375,4.674498797159686,-5.119831532,10.36794751097841,0.3665005961083807,6.376129778640461,3.8828650941559317,6.2121699717245065,-0.114427428,-1.12804775,7.010735067,40.08312935769209,69.93159574473975,-10.19978417,46.90549043626379,-7.11514646,4.891103886686324,8.863500341270992,20.552569516643416,2.0295807064721885,2.4083349306301898,-11.45858895,-0.337332546,5.314825207,18.036136360542514,32.003984997587395,13.008491015175423,8.488017618656158,5.411976337432861,18.88416982829699,-4.656638622,37.383397134235565,-6.983666211,39.53414724767208,11.747724561020732,26.72225175
TEST_02+6일,5.558212858147272,21.236012145120185,6.173306759446859,2.763467365588724,0.6447482694329665,1.8298483128287444,6.070618306,0.9316037492826581,3.521036430064214,0.4934933027566899,1.093782249733522,0.044534269254654646,0.7479116638651817,2.314472825108851,11.306106463215201,0.8404970114346497,16.365181697336084,0.7220281205601395,0.769179857,20.031144103853876,6.184168548,1.6387130612072554,0.5513759904583253,0.3430836512707174,16.460901532111166,13.50924321077764,5.268307220787847,27.29597800038755,9.948713386553209,4.984323281424622,4.106025592898732,2.1722826714212715,2.277694448857801,1.2654169332236052,-1.032380989,1.7750471678591566,29.253063787939027,2.6116079214930323,1.3170222799390103,16.545357680606685,19.808439529067982,0.6614917926490307,-0.001625702,0.39303160831332207,0.2382945056669996,0.8901340317815993,0.41305434095710325,3.085248466581106,0.8227951071298776,3.067160900682211,12.76098252425436,0.4412620448715643,5.502629608978168,0.48946916686486475,1.9564863165297766,0.6579123508269333,1.2342888113698791,0.8061048817980918,0.7174291666983663,0.5653678982780548,6.390301876434933,7.092085900018901,8.970972531473308,8.457674380128083,6.566331485585806,2.744641127264458,0.6443013226161511,1.2123356705920543,2.248720649033203,1.4616629749141339,0.9973241219995543,2.7852857851830777,0.7446803793427534,0.5282997915890064,3.8481304960459966,-0.425335674,0.5069619599598809,2.0206076613394544,0.5328527694364311,2.6383877366024535,2.1970225182790273,1.0026495630804106,0.8545982278883457,1.125812415581919,1.2257616183678692,1.9314863927500099,1.7227123142961318,0.251972431,2.668866795273061,2.269716634,10.663726610131562,1.5027712636265278,2.7029584718996205,5.444114795784117,0.5760062309127534,0.2658534484972961,0.2665303766312377,0.4581058517796919,13.434303507052391,7.261940632812184,0.9337793178419815,0.5601214503694791,2.7343306368966296,0.16511790768498713,64.36727531,49.931117118023394,27.764813016052358,4.511612702264756,4.488236099087317,1.2623546194101891,3.135345308644901,0.4482305557480686,1.6166676044593942,0.6721928197534623,0.40190187795087695,1.1180013290235138,2.3806896382859577,1.387979930309939,2.456140110607066,1.2190542731343612,1.039124572145738,14.91486076527599,0.16526302243983082,0.25367710479856953,0.1884040429111451,0.33499804963435054,0.26136683064305544,0.2939984816184733,0.44457755364010154,0.6252631470561028,0.32262788682083965,0.24012903575584232,34.66553575939179,1.8850115856164393,1.949501884111669,2.855374233375983,1.0026455270411816,0.632852552,1.3203463527938197,3.9867048241967495,0.7888902851846069,0.2506262967715145,1.9858868515875656,1.0318809191205673,7.6634583056256815,2.0047083758290682,42.54338429,76.03801846838178,13.647842872578622,-2.562121653,12.009944668860044,-3.426277184,-0.396026463,24.52503231720766,0.15700779884355143,0.5371543708970421,20.190250749194092,6.43853799,4.659342033603025,-5.265730381,10.334878405450581,0.3584927566544138,6.351878613229928,3.8691550339099194,6.162710116797825,-0.15169894,-1.14525531,7.016964594537967,39.856047837703954,69.84304118523141,-10.30653603,46.833622859820025,-7.188353415,4.833364957739832,8.783082608577388,20.460142607989837,1.9996187941142125,2.3994496385466846,-11.60266617,-0.413233071,5.104190438985825,18.04188797815459,32.00906602581654,13.007014055342324,8.339465886354446,5.245033949613571,18.886486668526004,-5.619844198,37.41780560369443,-7.177638173,39.45246212184429,11.745517009869218,26.742361237249497
TEST_02+7일,5.559517023107787,21.223105042110546,6.180050987750292,2.7633576800617305,0.6454712321883562,1.8325044095586236,6.0626559000784255,0.9235839797183871,3.5260461398038387,0.49390312133306224,1.094440538331014,0.041456282,0.7474021409068428,2.3162972413208536,11.309909489308666,0.8409380036649736,16.346536498882415,0.7223823935775044,0.7669168672437081,20.013943702080724,6.175405288814545,1.639041881500674,0.551744081,0.3407209466677159,16.489508774604474,13.52643406111747,5.2703877115150135,27.248084328137338,9.960786551,4.991182356195168,4.111714637886507,2.1671588815343057,2.276136217857129,1.2630968601442873,-1.041266313,1.774861368103302,29.275952752679586,2.6134866112715827,1.3173809324589456,16.51384946898179,19.83100637446114,0.6567398943006992,-0.013421084,0.3864931156858802,0.23668480224296218,0.884576111,0.41364706539417284,3.076588574796915,0.8243016803353385,3.058524740859866,12.781012418097816,0.4394384910053759,5.5026802421489265,0.48907146974210036,1.9552789207513115,0.6576148361441199,1.2334883494022506,0.8066642736885115,0.7158606449052058,0.5637378795945551,6.3817827739849236,7.095605014049852,8.967570669205088,8.448743169794398,6.563605997208697,2.7498693103289042,0.64423844,1.2124857441056207,2.246457407163689,1.4636624134136582,0.9906983316468541,2.786080064,0.7462988329934888,0.5278433709540309,3.855441306949615,-0.435513129,0.5078257436143758,2.0221533441581414,0.5303324255728512,2.6339935357973445,2.201319787150169,1.0027683519927848,0.8560770351905376,1.126089092148078,1.2251460167115624,1.9315528985219856,1.7259876176071884,0.24802254791438827,2.6739858475430083,2.255576116964221,10.55726428097114,1.505182990387084,2.7032903487449005,5.434722734877141,0.5740918928131578,0.26512666219014136,0.2660416327007056,0.45694218669086695,13.408684478141367,7.269414775533733,0.9300508935120888,0.5582503282130347,2.7218773045424314,0.16445842181542503,64.44238156,49.974479862488806,27.770073285559192,4.517098704413456,4.493583297,1.263710880154008,3.135382491225755,0.44652552064803785,1.6175914605082653,0.6719945905314262,0.4004678903147578,1.1193112700204892,2.3833851080482873,1.3896861901023385,2.460933839781319,1.2206993710394727,1.039185979396521,14.908974080142798,0.16445253720485198,0.25355944722947754,0.188104639,0.33499054348885693,0.2616690088980249,0.29388571984600276,0.44440654597701723,0.6126067917793989,0.3223740951549985,0.2400235402141817,34.71772113187035,1.883420565367942,1.945654607436154,2.8563506094874356,1.0013957774426672,0.6309904556546826,1.3207848037714598,3.985418352299689,0.7877794085870846,0.2502889023782018,1.9805418430478312,1.0319806510886878,7.632161248824559,1.9666319912139443,42.555230258310985,76.11356842707755,13.613974622032401,-2.601094901,11.99966002,-3.482566762,-0.400624698,24.456638432668115,0.10227762298745802,0.4817842123666196,20.16779547787519,6.427245514603783,4.644185270046364,-5.412130237,10.301809299919114,0.35048491719953745,6.3276274478193955,3.855444973663907,6.113250262,-0.188970452,-1.16246287,7.023194121595225,39.628966317744926,69.75444012036314,-10.41328789,46.76175528337626,-7.261560371,4.775626029,8.702664875883784,20.36771569933626,1.9696568817562365,2.3905643464631794,-11.74674339,-0.489133596,4.892866879701614,18.047639595766668,32.014147054046134,13.005537095509453,8.190407395362854,5.077569872140884,18.888803508755245,-6.586039662,37.45221407,-7.372172862,39.37041839957237,11.743271362036467,26.762470725247113
TEST_03+1일,5.453247866863762,25.062294176186242,6.262071274686605,2.661325850872913,0.5994844233992183,1.5742182324174792,8.060913271835943,1.806208261287452,3.694589819562225,0.5089064072732299,1.0951851335290144,0.3468963660427562,0.7633296252886339,2.463115095223884,13.01273773689536,0.9234478769681118,18.65250822299822,0.4826817868743092,1.017520511388966,23.57901356536331,8.076590850410412,1.575692724066613,0.2866526871730457,0.505855052,16.796335383583937,11.277120621409267,5.795748359971185,33.263483930066286,9.602015506,5.004546131969619,4.161985020244629,3.344804250751622,2.052252163673984,1.8192868910441575,-1.101434435,2.311283614574222,29.13500254577957,2.684623264197853,1.340649126005701,20.180039770668373,19.04650883006252,0.6343498220667243,-0.395827013,1.1671086947990545,0.31957665839377114,2.139841854572296,0.42986757535203424,2.7841308942297474,0.8647391900365164,3.0090782991901506,12.599338009953499,1.0925240108481376,5.398768535815179,0.6170190572738647,1.8916764096356928,0.7304856711771208,1.1684680647823598,0.8275691579838167,0.6075262211275003,0.5299711872357875,8.019739138,7.524173391374916,9.258307752251085,8.271507130435566,7.284782872243682,2.6814515606147324,0.18911038635997102,1.231700017936845,2.3608181800792067,1.2807639487516553,2.052087622786985,1.6769083268300164,0.9157478511297086,0.5255103294834953,3.804786838431937,0.011780682572862133,0.5126280952244997,2.338090254752842,0.66984294,3.879986933950022,2.719439858730766,1.0539989675744437,0.9561839313028031,1.4156826726102736,1.2569264706689864,1.8815820151766331,1.7485301243232243,0.3319645251331167,2.7998962714336812,3.1142825259380515,21.276468139077224,1.553065055725483,2.7535674570456194,5.086683720991459,0.45867003209423274,0.28520933502471735,0.31731508785742335,0.5757252892652787,13.877018397673965,7.479083042703678,1.471645453518022,0.8000199193983235,5.600098070281092,0.14567596742176647,68.23129850354599,48.37672510149423,24.474355446291156,4.533635251,2.958556218072772,1.3089203688526823,3.269028242868785,0.37509180583674606,1.3838034833752317,0.6415633965488325,0.6961464891074911,1.1174819207998326,2.3502736184684636,1.409679742356957,2.8655620084609836,1.2825107774797289,0.8951662297405392,15.628622969309617,0.2018794781461679,0.25467630548376974,0.18875992526992036,0.3249693861716878,0.3365780833992176,0.29504427669353595,0.44044965389184654,1.8509631323072426,0.33843409884192965,0.24436745939412674,46.31506162858568,1.7406436271799066,1.4396273494057823,2.6398755594673275,0.9887591902053146,0.46060138242319226,1.2022818798116788,3.6333167083382705,0.6018027439713478,0.40030163244591677,1.6026064436882734,0.9342352845604154,6.039291454999329,0.37411952929687686,42.81130315874543,77.59436310558522,11.06143333196087,-3.409117093,10.325404659019114,-4.698458255,-0.479259456,31.229377027368173,-1.694937008,-1.340985231,20.13790675625205,7.761427588760853,3.4098908122814464,-8.823446468,17.62752477149479,3.0604138284688815,4.994157524790353,3.0037333799991757,4.277305730887747,-1.371201547,-1.497645165,7.281805198236725,25.26504736734205,38.60619327239692,-12.04067423,37.015609983540344,-7.95611945,2.1054149821356987,21.43296162,13.929010923326132,7.625592541298829,4.068038586527109,-13.94023947,-2.744047356,29.998501379405752,17.14104569799065,29.760299212774868,12.071740395224879,25.817995663110196,23.97486626913144,17.24744381197945,100.30123161777828,38.69573564678649,12.579991285809228,52.015087347441295,13.208385533366709,28.037113830558155
TEST_03+2일,5.4542449936731145,25.05846986856932,6.268717478495091,2.661005654621931,0.5997252932894241,1.5750563978217542,8.057765872189066,1.8065037899819743,3.6996523329908086,0.5093233764706042,1.0958053302933308,0.3466366426360423,0.762886959,2.4651459439664904,13.02001952837145,0.9240413557478178,18.64000556999963,0.4811009184923023,1.0175924739366735,23.570567075702456,8.072486861234665,1.5758644531646553,0.2848505639558425,0.5055180465249975,16.825324077417463,11.278733938001096,5.798822333667886,33.27109034161276,9.612556846554071,5.0110098965642464,4.167428819,3.349970424111234,2.0492642313911347,1.8216622078743967,-1.109891073,2.315243122571701,29.157364994753152,2.6865458750439757,1.341116587430406,20.184476720518433,19.065966326150374,0.6296530514955521,-0.407709717,1.1674504782790507,0.31897724932252913,2.145151576027274,0.43045860307643125,2.7740020640776493,0.8662373640040641,3.0003488654620014,12.618544179946184,1.0964974225789774,5.398875791579485,0.6178061503451318,1.8909684288082644,0.7304795518202809,1.1677546127961023,0.8283693074918119,0.605821573,0.5282484791241586,8.026016183197498,7.5284057118169585,9.255756811183346,8.262764928444085,7.283785961241733,2.686203959004615,0.1855566334852483,1.231883255928409,2.360128157869781,1.2822403705908982,2.0548951102068713,1.6710552297881804,0.918073368,0.5250764700743389,3.8115295886982494,0.005418464,0.5135309414472431,2.341923159077396,0.6690376387738297,3.8860641430483156,2.7270072580722626,1.0546169256558642,0.95812777,1.4186435438023182,1.2569174363743514,1.8815353522002383,1.7516484531993228,0.32844736718880085,2.805341062019579,3.109721709230598,21.267384049930115,1.5554302288903727,2.753991613486278,5.0808401888125445,0.45627673790295376,0.2845732988020586,0.3171485324273817,0.5756701817739511,13.865271219983697,7.486551495495405,1.4733761545653579,0.8008667277799759,5.614206144877244,0.14501739378812317,68.30997597496753,48.41388345,24.457992719020694,4.538815970267478,2.949770925566554,1.3102917837119321,3.2703144378176603,0.37333915579893073,1.3827565963802044,0.6413118140721963,0.6971702816167635,1.1187069219172372,2.3527306785001656,1.4113233343659886,2.872705640969798,1.2841885359944172,0.8949117968137443,15.624636362028468,0.20155796904674617,0.25456793191862914,0.1884803689877117,0.3248923795654264,0.3372601689770818,0.29504317493021814,0.4402612089179456,1.849651424378635,0.3382304823346374,0.24427778508412246,46.44283030601218,1.7388449106829285,1.432911611,2.6400809002534515,0.9875627956993185,0.4578092978335917,1.2024359666552868,3.631350747287115,0.5996208791621029,0.40121779634500854,1.5952521357685328,0.9341166481182341,6.006511209696328,0.334983948,42.82291402711962,77.66832260315277,11.024159850014257,-3.447390091,10.312135838395989,-4.753842505,-0.483738821,31.24544357554987,-1.750121928,-1.396825798,20.12865829281509,7.766745159,3.393008029757766,-8.979088813,17.665568763855845,3.0757582148653455,4.968543093960761,2.9890395462625747,4.226980581595853,-1.408692305,-1.514496714,7.288209947265386,25.02108654732001,38.360121263191104,-12.14423622,36.92551074013318,-8.026220098,2.045516011,21.478667307645082,13.82842842413811,7.650692893425003,4.075901662930846,-14.08000038,-2.820062786,30.009623540864595,17.14448226,29.760190734618305,12.068338246599524,25.830351276998044,23.976080286819297,17.246065428811676,100.29906148213877,38.730715993238846,12.567344553315706,52.046178488071746,13.218025019085871,28.05875821249174
TEST_03+3일,5.455242120482467,25.05464556095194,6.275377667043358,2.6606854583709776,0.5999661631796585,1.5758900730870664,8.054618472542188,1.806799318676525,3.7047148464189377,0.5097403456679217,1.0964255270577041,0.34637691922930003,0.7624442928911321,2.4671767927088695,13.027301319847538,0.9246348345274669,18.627502917002857,0.47951455460861325,1.0176644364843739,23.56212058604069,8.068382872058464,1.5760361822626976,0.28304221736470936,0.505181041,16.85431277124735,11.28029322263319,5.801896307365041,33.27869675315924,9.623098187525102,5.017473661158874,4.172872617625671,3.3551659340737388,2.046256203291705,1.8240375247046359,-1.118347712,2.3192026305696345,29.179841967648827,2.688468485889871,1.3415851443760403,20.189016566844657,19.085423822236407,0.6249366141855717,-0.419592421,1.1677922617590468,0.31837784025134397,2.150492023676634,0.43104963080082825,2.7638274282799102,0.8677355379718392,2.9915784690820146,12.637856993824244,1.100487720075762,5.399002738296986,0.6185967189958319,1.8902626653434709,0.7304738791453929,1.1670411608098448,0.8291769198767724,0.6041169242710112,0.5265200617723167,8.032335415482521,7.5326380322585464,9.25320587,8.254022726452604,7.282789050239671,2.690956357394498,0.18199295381782576,1.232066493919973,2.359438135660355,1.2837167924303685,2.057702597626758,1.6651708948484156,0.9204014974857273,0.5246426106651825,3.8182723389645616,-0.000935035,0.5144387981854379,2.345756063,0.6682323373528334,3.8921413521475188,2.7345842183131026,1.055236446,0.960077823,1.4216126219762373,1.256910368334502,1.8814886892238434,1.7547667820754214,0.32493020924493976,2.810787323920522,3.105160892523145,21.258299960783006,1.5577954020552625,2.7544157699268794,5.074996657,0.4538770566578023,0.2839372625793999,0.31698268387117423,0.5756150742826236,13.853568375110626,7.494019948286223,1.4751068556126938,0.8017135361616283,5.628391550271772,0.14435882015447987,68.38865344638907,48.451041788895964,24.441476242267527,4.543996689913001,2.9409443363547325,1.3116631985712957,3.2716006327665355,0.3715865057611154,1.381704136,0.641060232,0.698194074,1.1199319230345282,2.355187738532095,1.4129669263750202,2.879856262356043,1.2858662945091055,0.8946573638869495,15.620649754747319,0.20123646,0.25445955835348855,0.18820081270547462,0.3248149083324279,0.3379440692369826,0.29504207316690045,0.44007226431858726,1.8483397164500275,0.3380268658273451,0.24418811077413238,46.57081189798191,1.737046194185723,1.4261649750405923,2.640285284611309,0.9863664011934361,0.45500495936721563,1.2025900534989091,3.629384786236187,0.5974282971583307,0.40213755004879204,1.5878644045442343,0.9339980116760529,5.973730964393326,0.2958483660731872,42.83452489549563,77.74228210072033,10.986886368064006,-3.485663089,10.298867017774683,-4.809226754,-0.488218187,31.261769278906286,-1.805306849,-1.452666366,20.119456561282277,7.772114011,3.3761252472340857,-9.135218322,17.703823117306456,3.091169777268078,4.942928663,2.974345712525974,4.176655432,-1.446183063,-1.531348263,7.294614696294957,24.77712572729797,38.113630150444806,-12.2477982,36.83540514219567,-8.096320746,1.9856170402053976,21.52474293159321,13.72784592496464,7.675955197075382,4.083814226090908,-14.21976129,-2.896078216,30.020745702325257,17.14791882300915,29.760082256461743,12.064936097974169,25.842706890887712,23.977294304507154,17.244687045643786,100.29689134649902,38.76569634,12.554697820824003,52.07726963,13.227664504805944,28.080402594423504
TEST_03+4일,5.456239247291819,25.05082125333456,6.282051839865744,2.6603652621199956,0.6002070330698643,1.5767192582134157,8.051471072895765,1.8070948473710473,3.7097773598470667,0.510157315,1.0970457238220774,0.34611719582258615,0.7620016266923813,2.469207641451476,13.034583111324537,0.9252283133071728,18.615000264006085,0.477922696,1.0177363990320814,23.553674096379837,8.064278882882718,1.576207911,0.2812276472541271,0.5048440357464585,16.883301465080876,11.281798475014511,5.804970281061742,33.286303164705714,9.633639528496133,5.023937425753502,4.178316416316193,3.3603907811339013,2.0432280786917545,1.826412841534875,-1.126804351,2.323162138567568,29.202433467376977,2.690391096735766,1.342054796861703,20.19365931255743,19.10488131832426,0.6202005045488477,-0.431475125,1.1681340452390714,0.31777843118010196,2.155863206833601,0.4316406585251684,2.753606985672377,0.8692337119396143,2.9827671090024523,12.657276455312967,1.104494903673185,5.399149376899004,0.6193907635752112,1.8895591188920662,0.7304686531620064,1.1663277088235873,0.8299919952987693,0.6024122758426529,0.5247859358787537,8.038696847856045,7.536870352700589,9.250654929047414,8.245280524461123,7.281792139237723,2.6957087557843806,0.17841934727766784,1.232249731911537,2.358748113450929,1.2851932142696114,2.0605100850466442,1.659255321486853,0.9227322407587053,0.5242087512560829,3.8250150892317833,-0.007279814,0.5153516640421003,2.349588967726504,0.6674270359317234,3.8982185612458125,2.742170739591529,1.0558575272443704,0.9620340919209411,1.4245899073139299,1.2569052665494382,1.8814420262474556,1.7578851109519746,0.3214130513006239,2.8162350569618866,3.1006000758156915,21.249215871634988,1.5601605752201522,2.754839926367538,5.069153124454715,0.4514709882423631,0.28330122635674115,0.31681754207238555,0.5755599667913032,13.841909861192107,7.501488401,1.4768375566600298,0.8025603445433944,5.642654285999015,0.14370024652083657,68.46733091780334,48.48820013259683,24.424806019174866,4.5491774095580695,2.9320764504373074,1.3130346134306592,3.2728868277154106,0.3698338557233001,1.3806461025233148,0.6408086491189522,0.6992178666353084,1.1211569241518191,2.357644798563797,1.4146105183842792,2.8870138726197183,1.2875440530237938,0.8944029309601262,15.61666314746617,0.20091495084784583,0.25435118478834795,0.18792125642323754,0.3247369724585951,0.33862978412071243,0.29504097140358265,0.4398828200646676,1.8470280085213062,0.3378232493200528,0.2440984364641281,46.699006407987326,1.7352474776887448,1.4193874415941536,2.6404887125336245,0.985170007,0.4521883684210479,1.2027441403425172,3.6274188251852593,0.5952249970287085,0.4030608936664066,1.5804432444274426,0.9338793752338717,5.940950719090324,0.25671278446316137,42.846135763869825,77.81624159828789,10.949612886117393,-3.523936086,10.285598197151558,-4.864611003,-0.492697552,31.278354143491015,-1.860491769,-1.508506934,20.110301569104195,7.777534142136574,3.3592424647104053,-9.291835055,17.74228784046136,3.1066485170158558,4.917314232301578,2.959651878789373,4.1263302830047905,-1.483673821,-1.548199812,7.301019445324528,24.533164907275932,37.86671992857009,-12.35136019,36.74529318957502,-8.166421394,1.9257180692366092,21.571188502479345,13.62726342579117,7.701379456091672,4.091776276007295,-14.3595222,-2.972093647,30.03186786,17.15135539,29.75997377830518,12.061533949348814,25.85506250477556,23.978508322195125,17.243308662475897,100.29472121085928,38.80067668614356,12.542051088330481,52.10836076932901,13.237303990526016,28.10204697635527
TEST_03+5일,5.457236374101171,25.046996945717183,6.288739998359233,2.6600450658690136,0.6004479029600702,1.5775439536664635,8.048323673248888,1.807390376065598,3.7148398732756505,0.5105742840626704,1.097665920586394,0.3458574724158723,0.7615589604936304,2.4712384901940823,13.041864902800626,0.9258217920868788,18.602497611009312,0.47632534173317254,1.0178083615797817,23.54522760671898,8.060174893706971,1.5763796404587822,0.2794068534640246,0.5045070303571606,16.912290158910764,11.283249693457037,5.8080442547584425,33.29390957625219,9.644180869467164,5.03040119,4.183760215006714,3.3656449662230443,2.040179857503972,1.8287881583651142,-1.135260989,2.327121646565047,29.225139496149495,2.692313707581661,1.3425255448973985,20.19840495940298,19.124338814412113,0.6154447253793478,-0.443357829,1.1684758287190675,0.3171790221089168,2.161265118047595,0.4322316862495654,2.743340734799858,0.8707318859073894,2.9739147850777954,12.676802549511194,1.1085189739824273,5.399315702728927,0.6201882840832695,1.888857790036127,0.7304638738805806,1.1656142568373298,0.8308145338814938,0.6007076274142946,0.5230461009778082,8.045100471004844,7.541102673142632,9.248103987979675,8.236538322469642,7.280795228235775,2.7004611541742634,0.1748358135810122,1.2324329699031011,2.358058091241503,1.2866696361090817,2.0633175724665307,1.653308509,0.9250655974847177,0.5237748918469265,3.8317578394980956,-0.013615873,0.5162695399485528,2.353421872051058,0.666621735,3.904295770344106,2.7497668221622007,1.0564801707514562,0.9639965756432503,1.4275754000409506,1.2569021311355755,1.8813953632710607,1.7610034398280732,0.3178958933563081,2.821684261143673,3.096039259108238,21.24013178248788,1.5625257483850419,2.7552640828081962,5.063309592,0.449058533,0.2826651901340256,0.316653107,0.5755048592999756,13.830295680090785,7.508956853868767,1.4785682577073658,0.8034071529250468,5.6569943549111485,0.14304167288719327,68.54600838922488,48.52535848,24.407982042059302,4.554358129203138,2.923167271539569,1.3144060282900227,3.274173022664286,0.3680812056857121,1.3795824954795535,0.6405570666423159,0.7002416591445808,1.1223819252692238,2.3601018585957263,1.4162541103933108,2.894178471993655,1.2892218115384821,0.8941484980333314,15.612676540185475,0.20059344174842408,0.25424281122320735,0.18764170014100046,0.3246585719343784,0.3393173136864789,0.29503986964026485,0.4396928761852905,1.8457163005926986,0.3376196328127321,0.24400876215412381,46.82741384324618,1.7334487611915392,1.4125790097168647,2.6406911839894747,0.9839736121815577,0.44935952592641115,1.2028982271861395,3.625452864134104,0.5930109778419137,0.40398782727788785,1.572988661006093,0.9337607387916904,5.908170473787322,0.21757720284949755,42.857746632244016,77.89020109585545,10.912339404167142,-3.562209084,10.272329376528432,-4.919995253,-0.497176918,31.29519817,-1.91567669,-1.564347501,20.101193310692906,7.783005556091666,3.342359682186725,-9.448938981,17.780962934950367,3.122194435505662,4.891699801471987,2.944958045052772,4.076005133712897,-1.521164579,-1.56505136,7.307424194353189,24.289204087253893,37.619390587322414,-12.45492218,36.65517488216574,-8.236522042,1.8658190982750966,21.618004029151052,13.52668093,7.726965674664825,4.099787816405296,-14.49928311,-3.048109077,30.042990025242943,17.154791948027196,29.759865300148633,12.058131800723459,25.867418118665228,23.979722339882983,17.24193027930812,100.29255107521954,38.83565703259592,12.52940435583696,52.13945190995946,13.246943476245178,28.123691358287033
TEST_03+6일,5.458233500910524,25.043172638099804,6.295442141,2.6597248696180316,0.6006887728502761,1.578364159213379,8.045176274,1.8076859047601204,3.7199023867037795,0.5109912532600447,1.0982861173507672,0.345597749,0.7611162942948795,2.4732693389364613,13.049146694276715,0.9264152708665279,18.58999495801254,0.4747224925085902,1.0178803241274892,23.536781117058126,8.056070905,1.5765513695568103,0.2775798359725741,0.5041700249678911,16.941278852740652,11.284646877378691,5.811118228455143,33.301515987798666,9.654722210437285,5.036864954941848,4.1892040136972355,3.3709284895157907,2.0371115390735213,1.831163475195126,-1.143717628,2.3310811545629804,29.247960056411102,2.6942363184277838,1.3429973885176878,20.203253510058858,19.143796310498146,0.6106692785397172,-0.455240533,1.168817612199092,0.3165796130376748,2.1666977647691965,0.43282271397396244,2.7330286754877307,0.8722300598751644,2.9650214958528522,12.696435298770666,1.112559931105352,5.399501719512045,0.6209892800543457,1.8881586785428226,0.7304595413093011,1.1649008048510723,0.8316445358432247,0.5990029789859364,0.5213005570694804,8.051546284928918,7.545334994,9.245553047,8.22779612,7.279798317233826,2.7052135525636913,0.17124235255323583,1.2326162078946652,2.357368069032077,1.2881460579483246,2.066125059886417,1.6473304569371976,0.9274015676965064,0.5233410324377701,3.8385005897644078,-0.01994321,0.5171924254391342,2.3572547763751572,0.6658164330897307,3.9103729794433093,2.7573724661488086,1.0571043760282919,0.9659652746995562,1.4305691001936793,1.256900962209329,1.8813487002946658,1.7641217687041717,0.314378735,2.8271349365240894,3.091478442400785,21.23104769334077,1.5648909215499316,2.7556882392488546,5.0574660600968855,0.4466396893330966,0.28202915391136685,0.31648937897989526,0.5754497518086481,13.818725833669305,7.516425306659585,1.4802989587547017,0.8042539613066992,5.671411759336479,0.14238309925360682,68.62468586064642,48.562516819998564,24.391004308359697,4.559538848848661,2.914216797798872,1.3157774431493863,3.275459217613161,0.3663285556478968,1.3785133148776367,0.6403054841656797,0.7012654516538532,1.1236069263865147,2.3625589186274283,1.4178977024023425,2.901350060477853,1.2908995700531705,0.8938940651065366,15.608689932904326,0.20027193264897392,0.25413443765806676,0.1873621438587918,0.32457970675204706,0.34000665781786665,0.29503876787694716,0.4395024326222483,1.8444045926639774,0.3374160163054398,0.24391908784413374,46.95603421,1.731650044694561,1.4057396790012717,2.6408926989670363,0.9827772176755616,0.4465184295549989,1.2030523140297475,3.623486903083176,0.5907862409949303,0.40491835092325346,1.565500646829605,0.9336421023495092,5.875390228484321,0.17844162123947171,42.86935750061821,77.96416059341573,10.87506592221689,-3.600482082,10.259060555905307,-4.975379502,-0.501656284,31.31230137567036,-1.97086161,-1.620188069,20.092131787911057,7.788528246805072,3.3254768996630446,-9.60653013,17.819848407059908,3.1378075340762734,4.866085370642395,2.930264211316171,4.025679984421004,-1.558655336,-1.581902909,7.3138289433827595,24.045243267231854,37.37164211878553,-12.55848417,36.565050219880504,-8.30662269,1.805920127313584,21.665189513005316,13.426098427429679,7.752713854657486,4.107848843559623,-14.63904402,-3.124124507,30.054112186701786,17.158228510536446,29.75975682199207,12.054729652098104,25.879773732553076,23.980936357570954,17.240551896140232,100.29038093958002,38.870637379048276,12.516757623343437,52.17054305058991,13.25658296196525,28.145335740220617
TEST_03+7일,5.459230627719762,25.03934833048288,6.302158267702907,2.659404673367078,0.600929643,1.5791798748541623,8.042028873955587,1.807981433454671,3.7249649001319085,0.511408222,1.0989063141151405,0.3453380256024161,0.7606736280961286,2.4753001876790677,13.056428485753713,0.9270087496462338,18.577492305015767,0.4731141480151564,1.0179522866751967,23.52833462739727,8.051966915355024,1.5767230986548526,0.2757465945323929,0.5038330195786216,16.970267546574178,11.285990024800412,5.814192202151844,33.30912239934514,9.665263551408316,5.0433287195364755,4.194647812387757,3.376241352,2.034023123065708,1.8335387920253652,-1.152174267,2.335040662560459,29.270895151421428,2.696158929273679,1.3434703277453082,20.20820496615488,19.16325381,0.6058741603046656,-0.467123237,1.1691593956790882,0.3159802039664896,2.1721611376851797,0.43341374169835944,2.722670806630049,0.8737282338427121,2.9560872405709233,12.716174691915512,1.1166177754785167,5.399707427248359,0.6217937518376857,1.8874617841793224,0.730455655,1.1641873528648148,0.8324820013804128,0.5972983305575781,0.5195493043866009,8.058034295216203,7.5495673140262625,9.243002105843743,8.219053918,7.278801406231764,2.709965950953574,0.16763896391057642,1.2327994458862293,2.356678046822708,1.2896224797877949,2.0689325473063036,1.6413211642357055,0.9297401515341335,0.5229071730286705,3.84524334,-0.026261827,0.5181203209795058,2.361087680699711,0.6650111316687344,3.916450188541603,2.7649876719224267,1.057730143,0.9679401892790338,1.4335710081359139,1.2569017594214529,1.881302037318278,1.7672400975802702,0.31086157746813114,2.832587083161343,3.0869176256937862,21.22196360419275,1.5672560947148213,2.756112395689513,5.051622527917971,0.4442144585264032,0.2813931176887081,0.31632635768619366,0.5753946443173206,13.807200316339731,7.523893759450402,1.4820296598020377,0.8051007696884653,5.685906500322744,0.14172452561996352,68.70336333206069,48.59967516369943,24.373872814001516,4.564719568493729,2.9052250273525715,1.3171488580087498,3.276745413,0.36457590561008146,1.3774385605138377,0.6400539016890434,0.7022892441631257,1.1248319275038057,2.3650159786593576,1.419541294411374,2.9085286378394812,1.2925773285680862,0.8936396321797417,15.604703325623177,0.19995042354952375,0.25402606409291195,0.18708258757655472,0.3245003768965944,0.34069781651487574,0.29503766611362936,0.4393114894628525,1.8430928847353698,0.33721239979814754,0.24382941353412946,47.08486750279553,1.7298513281973555,1.398869448399637,2.6410932574335675,0.9815808231696792,0.44366508070379496,1.2032064008733698,3.6215209420320207,0.5885507864877582,0.4058524647480226,1.5579792112112045,0.9335234659073279,5.842609983184957,0.1393060396258079,42.88096836899422,78.03812009098328,10.837792440270277,-3.63875508,10.245791735282182,-5.030763752,-0.506135649,31.329663755372167,-2.026046531,-1.676028637,20.083117004483938,7.794102218002081,3.3085941171393642,-9.764608473,17.85894426004961,3.1534878144739196,4.840470939816441,2.915570378,3.975354835,-1.596146094,-1.598754458,7.320233692411421,23.801282447209815,37.12347451224923,-12.66204616,36.47491920253378,-8.376723338,1.7460211563447956,21.712744971737266,13.325515928256209,7.778624000726268,4.115959357470274,-14.77880494,-3.200139937,30.06523434816245,17.161665073045697,29.759648343835508,12.051327503473203,25.892129346440925,23.98215037525881,17.239173512972343,100.28821080394027,38.90561772550063,12.504110890849915,52.201634191220364,13.266222447685323,28.16698012215238
TEST_04+1일,3.074794731,25.735418489013455,5.838002656724939,2.6088165024752925,0.6024352712083783,1.6222478247400431,9.571584695018828,1.0219733882695436,3.7593925409018993,0.4518064429285005,1.155868798507413,0.35006986406042984,0.46772419358603656,2.745996581532836,15.069821514135583,0.998172536,20.796739740984776,0.7021430014757755,0.713698411,25.335633588755627,8.969738282703474,0.17666510213166475,0.25009817932732403,0.7246921696346931,18.21741510065476,10.599724052473903,6.715104422003606,33.90384105969315,10.67672614177718,5.521855844928723,4.822326936431637,2.340841668054054,1.8362515498301946,1.2649859902448952,-1.231975852,2.689559062196622,36.11271570506506,3.741934959237369,1.7158468469497166,24.56275085383095,20.102769989403896,1.4215626610650816,-0.773678487,1.1944451539420697,0.30436625472748347,2.2178697008639574,0.4458887204519897,2.315240697702393,0.8071654533732726,2.2417407681932673,13.620423164218664,1.1732480498030782,5.471216889098287,0.4983425372540182,2.3972580503832432,0.7978770064732608,1.3371695641544648,0.8078251065599034,0.847377636,0.7161617055235325,6.391983646244626,6.833981527393917,10.362393478316228,10.369006947585149,8.427305910910945,2.6981049789501412,0.524881269,1.3200724469393208,2.4493550681168017,1.0595387067260162,2.321844606282866,0.7771664296160452,1.1324945905071218,0.8284270322183147,4.327335263133136,0.316081436,0.5839225952513516,2.6068910192689145,0.8039037714206643,4.332466998101154,2.6744610111977636,1.1785647284705192,0.9036507027526852,1.5021529964433284,1.6890840041451156,1.9241335748229176,1.917842525523156,1.0327440945038688,3.7534588994822116,3.334293740236717,31.068497486878186,1.1552225719206035,3.1893296981397725,4.739601410470641,0.3437578750963439,0.3280865119577925,0.44499802724931214,0.5628547294600139,17.67396581918001,3.802906185388565,1.4960251207317015,0.8308936892868815,6.678424045443535,0.2989668718073517,56.342465311521664,52.60098000952348,23.48223219369538,4.636405886387365,2.928247706964612,1.3117536321302623,3.1553362341073807,0.31789842909984145,1.3462233434183872,0.6205555428905143,0.7859774254714011,0.4787577469833195,2.3840611829843965,1.497953908333102,3.2228505345992744,1.178386126179248,0.794080177,16.172969154542216,0.22894855928211655,0.2623855193569469,0.1951684318420348,0.33757597566939523,0.349812915,0.3121547216604412,0.43771346223120133,2.238538255559263,0.4370928512280443,0.2786732326126842,40.334205551000196,1.6929691198688488,1.1335642738849856,2.3159463293486624,0.9269145192924952,0.39811438461765647,1.0767430520363632,3.515625047866479,0.5911360359968967,0.2845588879619356,1.4813237922498956,0.8929433574452901,5.210392616354511,-1.153529655,47.96076332136727,80.64087497245055,9.688654119705461,-4.265897988,8.893514389841584,-5.977928836,-0.565986289,18.944603827949322,-3.4370497,-3.148853384,20.298390767795354,5.646282051520757,2.2396246873558994,9.761298114322926,8.470963026844402,0.2749168975678913,4.298742009541456,2.6132051642616716,3.4922117280657403,-2.51841249,-1.869261777,9.284396173,13.430784862226574,16.661741964519024,-13.88368757,23.43357795267366,-8.931588972,0.9146881452325033,5.610703227503109,9.793163757160073,0.44242369580751983,2.028946389414159,-16.31265607,-4.444702738,44.771317245493265,24.473584450803173,40.15435794620316,15.2284303,32.58568304645814,34.87414916412308,22.695306830180925,153.10965913442487,60.531049670651555,20.847474635639173,61.40018759883242,16.220601437009464,63.30516281304881
TEST_04+2일,3.0565602137940004,25.733298996207623,5.840035048990785,2.6084101308422305,0.6027920969449951,1.6230203096820333,9.575511327013373,1.0157458307221532,3.7625983618199825,0.4516458389698528,1.1565690371540995,0.3498348803131819,0.46505917934700847,2.7484661978894565,15.080820452438275,0.9988326940001571,20.78962334887092,0.7024088751150259,0.7115110149607062,25.331476862253567,8.968368063202433,0.16595172695815563,0.24823746783658862,0.7248339907343535,18.24584564,10.596168205142021,6.7200178303673965,33.91226686889149,10.688724345774972,5.528920185111929,4.828742536925347,2.3367540322228706,1.832026088348357,1.2626804215833545,-1.240090496,2.694013303087104,36.170958946458995,3.7459057220012255,1.7182076326789684,24.59247469191905,20.123001416246552,1.4234122439934254,-0.785482372,1.1948190738796143,0.3037793718524995,2.223591374233365,0.4464702013913211,2.3030662078526802,0.8081096916776005,2.2292903572088107,13.644806757569313,1.1774485427886248,5.472318266518414,0.4980174598434246,2.3994065325168776,0.7979075319831743,1.3372233995251008,0.8086160852835746,0.8479267279617488,0.7162770858157472,6.384609900777832,6.829424224852119,10.362313355235187,10.372590976854553,8.430049179612979,2.7017152144580905,0.5245809081366986,1.3204250694457755,2.4488981978490187,1.059635271103616,2.325005493672961,0.7666911780252121,1.1356200121081201,0.8304325586577761,4.334671453247211,0.3127447676524753,0.5851845417637378,2.611003148934742,0.8034336981444881,4.339039434404185,2.679170057567717,1.1797848242567852,0.9039047679784744,1.5053065181855345,1.6914042555727065,1.924960485077463,1.9211750378017314,1.0327757783379639,3.762969920928299,3.3305174683528094,31.088725646288367,1.1539596975781024,3.191630455,4.7334680168632985,0.34099355910439044,0.3275852703287683,0.44554252676607575,0.5624492023898711,17.685326767154038,3.781167656183243,1.4976830723171588,0.8317441188791008,6.6979213282465935,0.29967240465339273,56.31259834,52.64419360287138,23.458388747065328,4.641423506532192,2.919500558,1.3130300916175202,3.1553348399174865,0.3161539545069445,1.344977916785865,0.6202789173827341,0.7871129301735209,0.47492811968550086,2.3864109747685234,1.4996606441216045,3.2307961150072515,1.1785186240449548,0.7936347716978389,16.170430983007464,0.22870680504348684,0.2623012511962912,0.19492268107427435,0.33763861239800974,0.3505056168050942,0.31218948858365536,0.4376499453575491,2.2381274122137143,0.4374438491468027,0.27866129572841025,40.391053751787695,1.691201989544652,1.125494098640047,2.3144118936543236,0.9256762808279291,0.39511673524975777,1.0763135504685124,3.513559805576051,0.5889469666071818,0.2843377157199427,1.4735947917215526,0.892748168,5.178267134138878,-1.192990809,47.98231667488653,80.71588509,9.651237820751703,-4.303172767,8.872998582883156,-6.031950478,-0.570320831,18.87400692144729,-3.491841892,-3.204389366,20.27925485599735,5.634898535,2.2215456949288637,9.768759141498776,8.438534355660522,0.2678133631006858,4.273541420472611,2.598765405904487,3.443900348909665,-2.5555616,-1.885662081,9.297227073409886,13.180017602775479,16.332772636786103,-13.98356635,23.288809796446003,-8.998636101,0.8566627697218792,5.534594923148688,9.691312641021796,0.41330197475326713,2.020500366002125,-16.44721037,-4.51873375,44.81220613512414,24.491931328024293,40.17575516443139,15.231808087106856,32.61115663581222,34.89783594200708,22.705306033606576,153.21696553401125,60.657807821407914,20.852879271167694,61.44844724811264,16.235770388839228,63.49116173898801
TEST_04+3일,3.0382720656343736,25.731179503402018,5.842067441256631,2.6080037592091116,0.6031494017388468,1.6237884680995194,9.579451851081103,1.0094999596476555,3.765798091655597,0.4514836259186268,1.157269275800786,0.3495998965659055,0.4623880044091493,2.750935814246077,15.091819390740056,0.9994926857107203,20.78250695675797,0.7026747487542764,0.7093175211921334,25.327320135751506,8.966999996035156,0.15520842373371124,0.24637091741897166,0.7249758118340139,18.274270850299217,10.592551577836275,6.7249317809937565,33.920692678090745,10.700722549774582,5.535984525296044,4.835158137419057,2.332666396392142,1.8277792824519565,1.2603622376918793,-1.24820514,2.6984675439775856,36.229389174841344,3.749876484765082,1.7205737167023472,24.622350764111616,20.14323284308921,1.4252618269219965,-0.797286257,1.1951929938171588,0.3031924889775155,2.2293422715738416,0.4470516823306525,2.290844888193533,0.8090526996438712,2.2167937446502037,13.669300206005573,1.181665028,5.473440036177635,0.4976923824328594,2.401563586,0.7979380574930879,1.3372786125419225,0.8094139196182368,0.8484819524455816,0.7163924661079619,6.377236155310129,6.824840351619059,10.362233232154146,10.376202719926368,8.432797371096967,2.7053223141119815,0.5242805472551311,1.3207776919521734,2.448441327581179,1.0597287604432495,2.328166381063056,0.756176639,1.1387496734387241,0.8324447969935136,4.342007643361285,0.3094230105925817,0.5864519043825567,2.6151152786005696,0.8029636248683119,4.345611870707216,2.6838791039372154,1.1810077409027144,0.9041588332042352,1.5084680634536198,1.693731606239453,1.9257903317920864,1.9245078868843848,1.0328144196246285,3.7724915996659547,3.3267411964689018,31.108985253813444,1.1526869414374232,3.193935003517254,4.727334623256866,0.33822250993398484,0.32708402869974407,0.4460892870229145,0.5620424404460209,17.69678093981929,3.759350124746561,1.4993410239026161,0.8325945484712065,6.717501588,0.3003816873533651,56.28243667818606,52.68740719621928,23.434386175707914,4.646441126677473,2.9107153601944447,1.3143065511046643,3.155329831,0.3144094799142749,1.3437268850684632,0.6200022918749823,0.788248435,0.4710848215036094,2.3887607665528776,1.501367379910107,3.2387499706819654,1.1786465879995376,0.7931893660972946,16.167892811472484,0.22846505080485713,0.26221698303562846,0.19467693030648547,0.33770124912663135,0.35120003119482135,0.31222425550687305,0.43758642848388973,2.237716568868109,0.43779610957153636,0.27864935884413633,40.44790195256792,1.6894348592206825,1.1173923853202723,2.3128726426439243,0.9244380423634766,0.3921073405072093,1.075882867557084,3.5114945632858507,0.5867479598746286,0.28411654347792137,1.465834007394733,0.8925529794304623,5.146141651926882,-1.232451963,48.00387002840398,80.79089520870184,9.613821521797945,-4.340447546,8.852463027,-6.08597212,-0.574655373,18.803410014945257,-3.546634084,-3.259925348,20.26011894419935,5.623515017661703,2.203466702501828,9.776220168675536,8.406105684,0.26070982863257086,4.248340831407404,2.5843256475473027,3.3955889697535895,-2.592710711,-1.902062385,9.310068353552197,12.929250343353488,16.00322874588892,-14.08344513,23.14391136332415,-9.065683229,0.7986373942039791,5.458486618794268,9.589461524868966,0.38418025369901443,2.0120543425900905,-16.58176466,-4.592764761,44.85309502475502,24.510278205245413,40.197152382659624,15.235185872491911,32.63663023,34.92152271989471,22.715305237033135,153.32427193358308,60.78475117,20.858283906696215,61.496706897400145,16.250939340668992,63.67751099448651
TEST_04+4일,3.0199302843539044,25.729060010596186,5.844099833522478,2.6075973875760496,0.6035071855876595,1.6245522999706736,9.583406268619001,1.0032357759773731,3.7689917313400656,0.45131980371661484,1.1579695144474726,0.34936491281862914,0.45971066877245903,2.753405431,15.102818329041838,1.0001525112675154,20.775390564645022,0.7029406223934984,0.7071179302874953,25.323163409249446,8.965634081214375,0.1444351952522993,0.2444985278416425,0.7251176329336744,18.302690740201797,10.588874163106084,6.729846273882686,33.92911848728909,10.712720753774192,5.543048865,4.841573737911858,2.3285787605609585,1.8235111316025723,1.2580314399674535,-1.256319784,2.7029217848680673,36.28800639277324,3.753847247528938,1.7229450990889745,24.652379070641473,20.163464269931865,1.4271114098503404,-0.809090142,1.1955669137547034,0.3026056061025315,2.2351223891600966,0.4476331632699839,2.2785767380846664,0.8099944772638992,2.2042509304592386,13.693903524428606,1.1858975077047944,5.474582194,0.4973673050222658,2.403729210018355,0.7979685830030014,1.3373352032576804,0.8102186096948572,0.84904331,0.7165078464001766,6.369862409843336,6.820229907229077,10.362153109073098,10.379842177120736,8.435550485384738,2.7089262779009005,0.523980186,1.3211303144585713,2.447984457313396,1.059819174657605,2.331327268453151,0.7456228119553998,1.1418835745607794,0.8344637475165655,4.349343833,0.30611616528767627,0.5877246828749776,2.619227408266852,0.8024935515921356,4.352184307011157,2.6885881503071687,1.1822334782918915,0.904412898,1.5116376322839642,1.6960660556796938,1.9266231150832027,1.9278410727711162,1.0328600185166579,3.7820239360589767,3.322964924585449,31.129276309919078,1.1514043044298887,3.196243345,4.721201229650433,0.33544472756329924,0.326582787,0.44663830809986393,0.5616344435902647,17.708328339154832,3.7374535873532295,1.5009989754880735,0.8334449780633122,6.737164821475744,0.3010947200236842,56.25198032,52.73062078956718,23.41022448206786,4.651458747,2.9018921181559563,1.3155830105919222,3.1553212061844533,0.312665005,1.3424702480915585,0.6197256663672022,0.7893839395776467,0.46722785057500005,2.3911105583370045,1.5030741156986096,3.246712101623416,1.178770017111674,0.7927439604967503,16.165354639937732,0.22822329656622742,0.2621327148749728,0.19443117953872502,0.33776388585525297,0.35189615809576935,0.3122590224300872,0.4375229116102304,2.2373057255225035,0.4381496325277112,0.2786374219598624,40.50475015335542,1.6876677288964856,1.109259133139858,2.311328576,0.9231998038990241,0.3890861994586885,1.0754510032702456,3.509429320995423,0.584539016,0.28389537123592845,1.4580414387455676,0.8923577904230626,5.114016169714887,-1.271913117,48.02542338192325,80.86590532683476,9.576405222844187,-4.377722325,8.831907722036703,-6.139993762,-0.578989916,18.73281311,-3.601426276,-3.31546133,20.240983032399527,5.612131500731266,2.1853877100747923,9.783681195851386,8.373677013300039,0.2536062941653654,4.223140242338559,2.569885889190118,3.347277590597514,-2.629859821,-1.918462689,9.322920014121337,12.678483083902393,15.673110287636518,-14.18332391,22.998882651911117,-9.132730358,0.7406120186933549,5.382378314439848,9.487610408730689,0.3550585326447617,2.0036083191780563,-16.71631896,-4.666795773,44.89398391438954,24.528625082466533,40.218549600886035,15.238563657876966,32.66210381452038,34.945209497778706,22.725304440458785,153.4315783331549,60.91187971807085,20.863688542224736,61.54496654668765,16.266108292498757,63.86421058094129
TEST_04+5일,3.0015348703600466,25.72694051779058,5.846132225788324,2.607191015942931,0.6038654485055304,1.6253118051681668,9.587374579627067,0.9969532806426287,3.772179279709235,0.4511543725966476,1.1586697530941592,0.3491299290713812,0.45702717266976833,2.7558750469590905,15.11381726734453,1.0008121706632664,20.768274172531164,0.7032064960327489,0.7049122429452837,25.31900668274693,8.964270318800118,0.13363203592598438,0.24262029910460114,0.7252594540333348,18.331105306562677,10.585135966539383,6.734761309056466,33.93754429648743,10.724718957773803,5.550113205663365,4.847989338405569,2.324491125,1.8192216352472315,1.2556880274787545,-1.264434428,2.7073760257580943,36.34681060607545,3.7578180102927945,1.7253217799770937,24.682559618377127,20.18369569677452,1.4289609927789115,-0.820894027,1.1959408336923048,0.3020187232275475,2.2409317269921303,0.44821464420931534,2.266261756478343,0.8109350244958478,2.1916619137045927,13.71861670166254,1.1901459787040949,5.475744743831456,0.4970422276117006,2.405903406,0.7979991085129186,1.3373931716669176,0.811030156,0.8496108006220311,0.7166232266923913,6.362488664375633,6.815592891420238,10.362072985992057,10.38350934931077,8.438308523,2.712527105719346,0.5236798254920245,1.321482936965026,2.447527587045613,1.0599065137030266,2.334488155843701,0.7350296959048137,1.1450217155907012,0.83648941,4.356680023588524,0.302824232,0.5890028779394925,2.6233395379326794,0.8020234783159026,4.3587567433141885,2.6932971966766672,1.1834620367735624,0.9046669636557851,1.5148152248657425,1.6984076034277678,1.9274588347179815,1.9311745954910293,1.0329125752250548,3.791566930274712,3.3191886527015413,31.149598815332865,1.150111788418144,3.198555477978516,4.715067836,0.332660212,0.3260815454416388,0.44718959,0.5612252118116885,17.719968967023306,3.7154780477285385,1.5026569270735308,0.8342954076554179,6.756911028176546,0.3018115027807653,56.22122927568853,52.77383438291508,23.385903659043834,4.6564763669671265,2.893030822277069,1.31685947,3.155308966550365,0.3109205307287084,1.3412080058187712,0.6194490408594504,0.7905194442797665,0.4633572082966566,2.3934603501211313,1.5047808514871122,3.254682508762926,1.1788889127783477,0.7922985548961492,16.16281646840298,0.2279815423275977,0.26204844671431715,0.19418542877093614,0.3378265225838746,0.35259399754613696,0.3122937893533049,0.43745939473657103,2.236894882176898,0.4385044180444311,0.2786254850755885,40.56159835413564,1.6859005985722888,1.1010943416622467,2.3097796945839946,0.9219615654345716,0.3860533144325018,1.0750179575861694,3.5073640787049953,0.5823201337261708,0.28367419899393553,1.4502170852792915,0.8921626014156345,5.0818906875028915,-1.311374271,48.046976735440694,80.94091544496041,9.538988923894067,-4.414997104,8.811332667639363,-6.194015404,-0.583324458,18.662216201948468,-3.656218468,-3.370997312,20.221847120601524,5.600747983800829,2.1673087176477566,9.791142223028146,8.341248342119798,0.24650275969815993,4.197939653273352,2.5554461308329337,3.2989662114487146,-2.667008932,-1.934862993,9.335782055248274,12.427715824451298,15.342417244333774,-14.28320269,22.85372365906369,-9.199777486,0.6825866431827308,5.306270010085427,9.385759292577859,0.325936812,1.995162295766022,-16.85087326,-4.740826784,44.934872804020415,24.546971959687653,40.239946819114266,15.241941443262021,32.68757740387082,34.96889628,22.735303643884436,153.53888473272673,61.03919347166084,20.869093177752802,61.59322619596787,16.28127724432852,64.05126050766557
TEST_04+6일,2.983085821,25.72482102498475,5.848164618053943,2.606784644309812,0.6042241905038281,1.626066983644705,9.591356783173978,0.990652472,3.7753607376944274,0.45098733220947906,1.159369991740732,0.3488949453241048,0.45433751586824656,2.758344663315711,15.124816205646312,1.0014716638906975,20.761157780418216,0.7034723696719993,0.7027004580013454,25.31484995624487,8.962908708846953,0.12279894948005676,0.2407362312078476,0.7254012751329952,18.35951454937458,10.581336982548237,6.739676886516463,33.945970105685774,10.736717161771594,5.557177545846571,4.854404938898369,2.320403488899501,1.814910793240415,1.253332001157105,-1.272549072,2.711830266648576,36.405801818938926,3.761788773056651,1.7277037595122238,24.712892408366315,20.203927123617177,1.4308105757072553,-0.832697912,1.1963147536298493,0.30143184035256354,2.2467702869325876,0.44879612514864675,2.2538999419193715,0.8118743413087941,2.1790266928146593,13.743439737707376,1.194410446099937,5.476927684620023,0.49671715020110696,2.4080861729671597,0.7980296340228321,1.3374525178405747,0.8118485575978411,0.8501844233833253,0.716738607,6.355114919,6.810929303057492,10.361992862911016,10.387204237194965,8.441071482804546,2.716124797552766,0.5233794646104855,1.321835559471424,2.447070716777773,1.059990777492203,2.337649043233796,0.72439729,1.1481640965976112,0.8385217852992355,4.364016213702598,0.29954721161630005,0.590286489,2.627451667598507,0.8015534050397264,4.36532918,2.6980062430466205,1.1846934161148965,0.9049210288815459,1.5180008414681652,1.7007562504149973,1.9282974910456687,1.9345084549859166,1.0329720898225787,3.8011205825969228,3.3154123808176337,31.16995277060778,1.1488093910738826,3.2008714038638573,4.708934442436657,0.3298689624061808,0.3255803038126146,0.44774313279776834,0.560814745,17.731702825869434,3.6934234984219074,1.5043148786589882,0.8351458372475236,6.776740211993456,0.3025320356246084,56.19018351775594,52.81704797626662,23.361423704656772,4.661493987112408,2.8841314762830734,1.3181359295663242,3.1552931115838874,0.30917605613581145,1.3399401580754784,0.6191724153516702,0.7916549489817726,0.4594728955999017,2.395810141905258,1.5064875872756147,3.262661192100495,1.179003273602575,0.7918531492956049,16.1602783,0.22773978808893958,0.2619641785536544,0.1939396780031757,0.3378891593124962,0.35329354958776094,0.312328556,0.4373958778629188,2.2364840388312928,0.43886046615170926,0.27861354819131634,40.61844655491586,1.6841334682483193,1.092898009577766,2.308225997214322,0.9207233269700055,0.38300868356600404,1.0745837304812085,3.5052988364145676,0.5800913138664328,0.2834530267519142,1.4423609461518936,0.8919674124082348,5.049765205287258,-1.350835424,48.06853008895814,81.01592556308606,9.501572624940309,-4.452271883,8.790737862858805,-6.248037046,-0.587659,18.591619295446435,-3.71101066,-3.426533294,20.20271120880352,5.589364466870393,2.149229725220721,9.798603250203996,8.308819670935918,0.23939922523004498,4.172739064204507,2.5410063724739302,3.250654832292639,-2.704158042,-1.951263297,9.348654477,12.176948565029306,15.011149600613862,-14.38308146,22.708434382104315,-9.266824615,0.6245612676721066,5.230161705738283,9.283908176439581,0.29681509053261834,1.9867162723539877,-16.98542756,-4.814857796,44.97576169365129,24.565318836908773,40.26134404,15.245319228647077,32.71305099,34.992583053550334,22.745302847310995,153.6461911323131,61.16669243364595,20.874497813281323,61.641485845255374,16.296446196158286,64.23866078583524
TEST_04+7일,2.964583136024885,25.722701532179144,5.850197010319789,2.606378273,0.6045834115925572,1.6268178351965616,9.595352879725397,0.9843333512544632,3.7785361045971513,0.45081868272973225,1.1600702303874186,0.34865996157685686,0.4516416983678937,2.760814279672104,15.135815143949003,1.0021309909425327,20.754041388305268,0.7037382433112214,0.7004825766198337,25.31069322974281,8.961549251400356,0.11193593591451645,0.2388463243842125,0.7255430962326557,18.38791846852837,10.577477216720581,6.744593006281775,33.95439591488412,10.748715365771204,5.564241886030686,4.860820539,2.3163158530683177,1.8105786050437018,1.250963359605521,-1.280663716,2.716284507539058,36.46498003229499,3.7657595358200524,1.7300910377016407,24.74337744282093,20.224158550459833,1.4326601586355991,-0.844501797,1.1966886735673938,0.30084495747757956,2.2526380689814687,0.44937760608797817,2.241491293651052,0.8128124277100142,2.1663452672655694,13.768372640013695,1.1986909043043852,5.478131013922393,0.49639207279054176,2.4102775118808495,0.7980601595327457,1.3375132417586428,0.8126738157807267,0.8507641791366041,0.7168539872768207,6.347741173441136,6.806239142228151,10.361912739829975,10.390926841122564,8.443839366191241,2.719719353281107,0.523079104,1.3221881819778218,2.4466138465099903,1.0600719660033064,2.340809930623891,0.7137255931447726,1.1513107176760968,0.8405608728862717,4.3713524038166724,0.2962851037591463,0.591575516,2.6315637972643344,0.8010833317635502,4.371901615920251,2.702715289416119,1.1859276164323092,0.9051750941073067,1.5211944821858197,1.7031119961757213,1.9291390840662643,1.9378426512848819,1.0330385625056806,3.8106848931638524,3.311636108934181,31.190338176471414,1.1474971142597497,3.2031911222329654,4.702801048830224,0.3270709793941933,0.32507906218353355,0.44829893656424247,0.5604030433487424,17.743529916740954,3.671289950609207,1.5059728302444455,0.8359962668396292,6.796652372926474,0.3032563185552135,56.15884305420332,52.86026156961452,23.336784617742524,4.666511607257235,2.8751940857619047,1.319412389053582,3.155273641226813,0.3074315815431419,1.3386667048034724,0.61889579,0.7927904536838923,0.4555749096907675,2.3981599336896124,1.5081943230641173,3.270648150704801,1.1791131007485092,0.7914077436950606,16.157740125333248,0.22749803385030987,0.26187991039299874,0.1936939272353868,0.3379517960411107,0.35399481423883117,0.3123633231997367,0.4373323609892594,2.2360731954856874,0.4392177768622787,0.2786016113070424,40.67529475570336,1.6823663379241225,1.0846701370319352,2.306667484179343,0.919485089,0.3799523082561791,1.0741483219253496,3.503233594,0.5778525559508125,0.2832318545099213,1.434473020810401,0.8917722234008068,5.017639723075263,-1.390296578,48.09008344247741,81.09093568,9.464156326,-4.489546662,8.770123307855101,-6.302058688,-0.591993543,18.52102238895168,-3.765802853,-3.482069276,20.1835753,5.577980949941775,2.131150732793685,9.806064277380756,8.276390999755677,0.2322956907628395,4.147538475139299,2.5265666141167458,3.2023434531365638,-2.741307153,-1.967663601,9.361537280055927,11.926181305578211,14.679307343438268,-14.48296024,22.563014817773364,-9.333871744,0.5665358921542065,5.154053401383862,9.182057060286752,0.26769336947836564,1.978270248942863,-17.11998185,-4.888888807,45.01665058328581,24.583665714129893,40.28274125557073,15.248697014032132,32.738524582578975,35.01626983143433,22.755302050736645,153.75349753188493,61.294376607751474,20.879902448809844,61.68974549,16.31161514798805,64.42641142057255
TEST_05+1일,2.4352625031024218,23.49266991019249,6.5285869678191375,2.6061482473905357,0.6152189918993543,1.8078127947349003,8.968812536298401,0.38798560851137154,2.9906117415666813,0.38185009197331965,0.846154329,0.064212081,0.3240554896183312,2.0581641832832247,11.324076930060983,0.6597030055709183,21.83708808850497,0.4677180501166731,0.5956114896107465,23.14574266411364,9.194665271,1.3383393723745485,0.19885664945468307,0.6652015748444899,16.803765947493957,10.620801041310187,7.243768799060945,33.31075937114656,8.526564314961433,4.252236412721686,4.811394044198096,2.178228372684316,1.5657901745289564,1.8441403085419097,-1.185895974,3.0646297750581653,28.800690504777776,4.478636031558835,1.9027568930760026,17.90080892289916,9.184380472,1.5464498401363471,-1.089909576,0.5346692543389509,0.33687434651670856,2.347840142843779,0.5682585598914329,1.7904146977234632,0.9010884413258964,1.8278800658881664,14.578637187485583,1.2139957193285227,6.277611349301878,0.6122142324456945,2.2425410802723036,0.779629942,1.5018549330998212,0.8240326118830126,0.9492116506080492,0.7593292248128591,7.900977063924074,8.051036083490999,10.752868579060305,11.556334600434639,8.574618752088327,2.584213119756896,0.6130401776252796,0.969421623,2.654451175039867,1.1472897889884734,2.467802404259146,2.2760085621607686,1.0272343871758949,1.1032402145356173,4.592379739339776,0.419265462,0.6135442343693285,2.8186342256813077,0.9594133299611656,4.001170696821646,2.6264589650309063,1.261401176583604,1.3305082287843106,1.225856162423895,1.7610351591720246,2.062420864123851,2.470323263783939,1.6257682606810704,3.588952729148332,3.331818037452649,33.618746256335726,1.1590629597194493,3.4177114017438726,4.7610979245882845,0.5706352467601619,1.522990862838924,0.5141691111239197,0.521890145,14.277473839460072,3.287351105362177,1.7391900721136153,0.8436305673533298,3.027692916047272,0.12356890049619551,52.16244906419888,56.99856246039417,29.471092955627682,4.770665873462349,2.822544889524579,1.3145096349010146,3.2285492696908022,0.2590942755227843,1.5829952740017461,0.057851636,0.7608986155828461,1.0554957713904969,2.3810365883571194,1.6658049697089155,3.0616677578559575,1.1139137661084533,0.7071746291069303,16.52920015435666,0.25195678312178416,0.2568381067831069,0.20652789510495495,0.36027799014476614,0.306102129,0.32621854051092924,0.46093886048765853,2.3434304132824764,0.3952483033719858,0.20446214452385902,41.88817826352897,2.128836890682578,2.399970696691298,2.421212310385002,1.2963199033401906,0.9371289550213078,1.0115437614126108,3.285054341889918,0.9815195323609487,0.4586491697409656,1.1555565670132637,0.8345428971277897,7.967107106000185,4.724105343222618,33.939478158950806,74.24317739903927,10.218789095059037,5.996785573661327,8.773095946880858,-7.034357072,0.7297942023724318,25.160262525081635,7.790423281490803,7.971893459558487,25.099323205649853,6.794921206310391,1.2118448855399038,8.474208705340516,14.410911940038204,2.7063953075557947,7.379872627556324,3.8684871811419725,13.79863092303276,5.265284165740013,2.688735965639353,9.248462662761085,29.053429007530212,31.840916051427484,13.447792947292328,21.576137169700814,11.952767595648766,10.123176641762257,18.70755636692047,13.501302018761635,6.258041590452194,3.7840518429875374,23.689936637878418,12.02518143,53.805584273140994,28.62043082465243,44.27518717199564,14.079502709209919,37.487905324436724,42.914410540321114,24.47309908643365,202.70551242487272,57.81731121,31.132726847590675,64.18342342134565,16.931775056596962,57.07523565059819
TEST_05+2일,2.415347982,23.473001243546605,6.535017776288441,2.605765502832469,0.615459311,1.809957565158129,8.967864671278448,0.37908538719057105,2.989216732355999,0.38131429196801037,0.8443114992696792,0.062028300715610385,0.3209330141544342,2.057255524909124,11.316583950072527,0.6585559798404574,21.827675534412265,0.46627636812627316,0.5930206789635122,23.126252634450793,9.193304491228673,1.3380150331800849,0.19687943416647613,0.6652162625946083,16.81988287740387,10.615917945629917,7.249256840057569,33.30343168787658,8.513204894959927,4.248553118231939,4.814394500106573,2.174101429462098,1.560276086,1.8462373936815766,-1.192546764,3.0695152090106603,28.794684205476187,4.483779632813821,1.905800221953541,17.878058139998757,9.117214218,1.5484163544608691,-1.10152225,0.5302677335130284,0.3363921244651351,2.3541486813046504,0.5690413765148605,1.7762289378442802,0.9024533670851724,1.814054463,14.607024244847707,1.2181650935672224,6.283224846469238,0.6128743931185454,2.242136651203168,0.7796222267829922,1.5027596253203228,0.8249888357313466,0.9503641157207312,0.7595211398109996,7.906618269,8.055694779289297,10.753242187434807,11.56600114,8.576253382,2.5865197593229823,0.6129345019057553,0.967140129,2.6548843927957932,1.1483051366662949,2.471032547976847,2.2788324584644215,1.028898026451543,1.1064985135672032,4.5997308857786265,0.4174923298560316,0.6148996997799259,2.8227739963767817,0.9592812284129337,4.003004240235896,2.6307477941136312,1.2629021237917186,1.3338751826086082,1.2262828035765097,1.7635270951213897,2.0638611363247037,2.4758354788027646,1.6289546242478536,3.594872409760683,3.328295721584709,33.63490388547507,1.157721834257245,3.4208404624732793,4.755427988617157,0.5701577949818102,1.531120553612709,0.5150358201353811,0.5213098695639928,14.258510861447576,3.2642907425761223,1.7412112840784175,0.8444472315383109,3.0182392889901166,0.12295752563863971,52.10723768,57.047411743027624,29.499662807400455,4.775600342365124,2.8136090021580458,1.315703055528843,3.2295768220751597,0.25735425119160027,1.5836751407506426,0.053380238357931376,0.7613261616788805,1.0564290491098518,2.383217965971653,1.6677253036150432,3.066711742,1.1135531449690461,0.7065885006624626,16.51935196109116,0.2517770775615702,0.25662352619110607,0.20623171862098388,0.36038108643332123,0.30624139728330135,0.32627851915110995,0.4609154930403747,2.3424430954037234,0.395183206,0.20387219655094668,41.94415347,2.131084030494094,2.4026780750948546,2.421170977659667,1.2982689077034593,0.938289019,1.0113046407798834,3.283119566855021,0.9826848216420103,0.4597355926052842,1.146569661796093,0.8342463377081515,7.964297756552696,4.737395189702511,33.836439937353134,74.21248702704906,10.196956273168325,6.041167192161083,8.758590837021984,-7.08673316,0.7356460876762867,25.155502922832966,7.829763650894165,8.009944409132004,25.11835729703307,6.796307075768709,1.1929874913057574,8.478617575850421,14.431831806898117,2.718517953529954,7.383345793932676,3.866516215726733,13.835500940680504,5.293073609471321,2.7085507437586784,9.257787828420987,28.99241993,31.705277349916287,13.56337395310402,21.469597988572787,12.049061477184296,10.144324332475662,18.74439848959446,13.45670286566019,6.2770188599824905,3.7904665041714907,23.870046496391296,12.085872113704681,53.86137436470017,28.64563374296631,44.29218751564622,14.05990231782198,37.512732475064695,42.95222009499412,24.468612477183342,202.9027255740075,57.88453236397618,31.157972232747852,64.23084400547668,16.947282664801605,57.150211523599864
TEST_05+3일,2.3953805062919855,23.453285217285156,6.541459997926722,2.605382758274459,0.6156996296726334,1.8121023355813577,8.966916806258496,0.3701623474189546,2.9878060637565795,0.3807761900825426,0.8424619329161942,0.059839509,0.31780384480953217,2.056340246228501,11.309053987264633,0.6574048961047083,21.8182457,0.46483030007220805,0.5904233595356345,23.106722217053175,9.191943711924523,1.3376906939856212,0.19489657157100737,0.6652309503447267,16.83596799056977,10.610975403513294,7.254744881054194,33.29605387710035,8.499772980809212,4.244841990381246,4.817384432069957,2.169974486240335,1.5547395693138242,1.8483344788212435,-1.199194634,3.074400643,28.78867791,4.488923234068807,1.9088498950004578,17.855307357098354,9.04981754,1.550382868785391,-1.113134924,0.5258538326888811,0.3359099024135048,2.3604856266465504,0.5698241931382881,1.7619954841793515,0.9038182928444485,1.8001833502203226,14.63552195,1.2223491691984236,6.288867107679835,0.613537194,2.2417322221340896,0.7796145114204105,1.503667418495752,0.8259517612968921,0.9515235786675476,0.7597130548091116,7.912293557077646,8.060353475087595,10.753614686720539,11.57570639406913,8.577888012290032,2.5888206625022576,0.6128288261862309,0.9648517784662545,2.655319247220177,1.1493204843441163,2.4742626916945483,2.2816563547680744,1.0305616657274186,1.1097657603750122,4.607082032217477,0.4157363686535973,0.6162603879274684,2.8269133937137667,0.9591491268647019,4.004824748641113,2.6350366231963562,1.2644062882682192,1.3372503567443346,1.226709444729181,1.7660259831827716,2.0653054181020707,2.481352733586391,1.632154247359722,3.6007920903730337,3.3247734057163143,33.65106151461441,1.1563714048825204,3.4239747919018555,4.749758052646939,0.5696803432034017,1.5392725570127368,0.5159053192437568,0.520728071,14.23954788343508,3.241154484450817,1.7432324960432197,0.8452638957232921,3.0087856619329614,0.12234615078114075,52.05169843835756,57.09626103,29.528232659173227,4.7805348112678985,2.804637574,1.3168964761566713,3.2306043744594035,0.25561422686018886,1.584355007499596,0.048897743,0.7617516320897266,1.0573623268292067,2.3853993435861867,1.669645637521171,3.071755726666197,1.1131872630212456,0.7060023722179949,16.50947448052466,0.2515973720013278,0.2564084979967447,0.20593522164563183,0.36048418272189053,0.3063806656845429,0.32633849779129775,0.460892089,2.3414528747089207,0.3951181095178242,0.20328070234972984,42.000128679668705,2.1333420099690557,2.405385453498184,2.421129644934336,1.3002263926900923,0.9394490820566261,1.011065520147156,3.281186370004434,0.9838501109229583,0.4608254234153719,1.1375508159399033,0.8339497782885132,7.9615658558905125,4.750822454690933,33.73306053876877,74.18148238956928,10.175166200846434,6.085759229958057,8.744085727,-7.139109247,0.7415241850540042,25.15091749280691,7.869347922503948,8.048237852752209,25.13748937472701,6.797727698460221,1.174130097069792,8.483026446360782,14.452892556786537,2.730690451338887,7.386893548071384,3.8645774256438017,13.872590966522694,5.321031183004379,2.728458821773529,9.267112994,28.93191722035408,31.56963864840509,13.679507941007614,21.363058807430207,12.145775571465492,10.16567587852478,18.781533420085907,13.41225715726614,6.296119928359985,3.7969198524951935,24.05096611380577,12.146910086274147,53.91716445625207,28.67083666128019,44.309148620814085,14.040228843688965,37.53752924,42.99002964967076,24.464064229279757,203.09993872311315,57.95175351718353,31.183217617908667,64.27825417788699,16.96279027300625,57.22518739660154
TEST_05+4일,2.3753600753843784,23.433521829545498,6.5479136326757725,2.605000013716392,0.6159399485592871,1.8142471060045864,8.965968941238543,0.36121648832340725,2.9863797353900736,0.380235787,0.84060563,0.057645707,0.3146679815836251,2.0554183477070183,11.301487039774656,0.6562497541308403,21.808798596262932,0.4633798464201391,0.5878195313271135,23.08715140260756,9.190582932620487,1.3373663547911292,0.1929080612026155,0.665245638,16.852021286438685,10.605973413796164,7.260232922050363,33.288625940680504,8.486268584,4.241103028849466,4.820363840088248,2.165847543018117,1.5491806250065565,1.8504315639609104,-1.205839585,3.0792860769161052,28.78267161,4.494066835324247,1.9119059117510915,17.832556574194314,8.982190430164337,1.552349383109913,-1.124747598,0.5214275516627822,0.3354276803619314,2.3668509796843864,0.5706070097617157,1.7477143352734856,0.9051832186038382,1.7862667236477137,14.664130307384767,1.2265479448251426,6.294538133050082,0.6142026360612363,2.241327793064954,0.7796067960578297,1.5045783133246005,0.8269213888052036,0.9526900394557742,0.7599049698072236,7.9180029314011335,8.065012170885893,10.75398607715033,11.585450362064876,8.579522642390657,2.5911158292074106,0.6127231504667066,0.9625565707683563,2.6557557383493986,1.1503358320219377,2.4774928354122494,2.2844802510717273,1.0322253050030668,1.1130419549735961,4.614433178656327,0.4139975783182308,0.6176262988519738,2.8310524177504703,0.9590170253164843,4.006632221877226,2.639325452279081,1.265913669984002,1.340633751162386,1.2271360858817957,1.7685318235162413,2.066753709,2.4868750280766108,1.6353671303222654,3.6067117709853846,3.3212510898483742,33.667219143751936,1.155011672526598,3.4271143901241885,4.744088116675812,0.569202891,1.5474468683823943,0.516777608,0.5201447495564935,14.220584905420765,3.2179423198103905,1.745253708008022,0.8460805599081596,2.999332034875806,0.12173477592364179,51.99583133123815,57.14511030828726,29.556802510949638,4.785469280170673,2.7956305984407663,1.3180898967844996,3.231631926843761,0.25387420252900483,1.5850348742484925,0.044404149,0.7621750264661387,1.0582956045485616,2.3875807212007203,1.6715659714272988,3.0767997110710894,1.112816120032221,0.7054162437735272,16.499567717313766,0.25141766644108543,0.2561930222727824,0.20563840414979495,0.3605872790104456,0.3065199340857845,0.32639847643147846,0.46086864840617636,2.3404597515473142,0.39505301259075054,0.20268766192020848,42.056103887734935,2.135610826779157,2.4080928319017403,2.421088312209001,1.3021923596970737,0.9406091455742853,1.0108263995144569,3.279254751454573,0.9850154002039062,0.4619186622039706,1.1285000368952751,0.8336532188689034,7.958911422640085,4.764387130737305,33.629340037703514,74.15016354620457,10.153418881818652,6.130561649799347,8.729580617304237,-7.191485334,0.7474284991621971,25.146506242454052,7.909176051616669,8.086773790419102,25.15671941637993,6.799183076247573,1.1552727028338268,8.487435316870688,14.474094189703465,2.742912793532014,7.390515882521868,3.8626708053052425,13.909900978207588,5.349156893789768,2.7484601996839046,9.276438159740792,28.871920943260193,31.43399994689389,13.796194911003113,21.256519626287627,12.242909863591194,10.18723127245903,18.818961083889008,13.367964901030064,6.315344795584679,3.8034118823707104,24.23269560933113,12.208295375108719,53.97295454781124,28.69603957959407,44.32607048936188,14.020482286810875,37.56229561101645,43.0278392,24.459454350173473,203.29715187224792,58.01897467039089,31.208463003065845,64.32565393904224,16.978297881210892,57.30016326960322
TEST_05+5일,2.355286691337824,23.413711082190275,6.5543786808120785,2.604617269158382,0.6161802674459409,1.816391876427815,8.965021076218477,0.35224781,2.984937746892683,0.37969308136962354,0.838742591,0.055446894373744726,0.3115254242438823,2.0544898291118443,11.293883111327887,0.6550905529875308,21.799334213137627,0.4619250076357275,0.5852091941051185,23.067540196701884,9.189222153316337,1.3370420155966656,0.19091390329413116,0.6652603258449634,16.868042764399434,10.600911975896452,7.265720963046988,33.28114787489176,8.472691692,4.237336233054521,4.823332722298801,2.161720599796354,1.5435992507264018,1.8525286491005772,-1.212481617,3.0841715108686003,28.77666530757051,4.499210436579233,1.9149682731367648,17.80980579129391,8.914332911372185,1.554315897434435,-1.136360272,0.5169888901873492,0.3349454583103011,2.373244740650989,0.5713898263851434,1.7333854902535677,0.9065481443631143,1.7723045870661736,14.692849317099899,1.230761419981718,6.300237923365785,0.6148707183310762,2.2409233639958757,0.7795990806952489,1.5054923094576225,0.8278977183144889,0.9538634983546217,0.7600968848053355,7.923746390268207,8.069670866684646,10.754356358374935,11.595233045634814,8.581157272,2.593405259292922,0.6126174747471822,0.9602545069064945,2.656193866238027,1.151351179699759,2.4807229791299505,2.287304147375835,1.033888944278715,1.116327097726753,4.621784325095177,0.412275959,0.6189974326989613,2.835191068399581,0.9588849237682524,4.008426659725956,2.643614281361806,1.267424269070034,1.3440253661538009,1.2275627270344103,1.771044616238214,2.0682060092221946,2.492402362462599,1.638593273339211,3.6126314515977356,3.317728773980434,33.68337677289128,1.1536426357924938,3.430259257238504,4.738418180704684,0.5687254396466983,1.555643491446972,0.5176526878094592,0.5195599044327537,14.201621927408269,3.1946542598307133,1.7472749199728241,0.8468972240931407,2.989878407818651,0.12112340106608599,51.93963634967804,57.19395959091344,29.58537236272241,4.790403749073448,2.7865880839526653,1.319283317412328,3.2326594792281185,0.25213417819759343,1.585714740997389,0.039899457,0.7625963453901932,1.0592288822679166,2.3897620988154813,1.6734863053334266,3.081843695475982,1.1124397162348032,0.7048301153290595,16.48963167052716,0.25123796088084305,0.2559770989464596,0.20534126616257709,0.36069037529901493,0.30665920248701184,0.32645845507165916,0.46084517121926183,2.3394637256860733,0.39498791566366975,0.20209307502955198,42.112079095801164,2.137890482787043,2.4108002103050694,2.4210469794836698,1.3041668068617582,0.9417692090919445,1.0105872788817294,3.277324711205438,0.9861806894848542,0.4630153090947715,1.1194173209369183,0.8333566594492652,7.956334445625544,4.778089255094528,33.52527837455273,74.11853045225143,10.13171431235969,6.175574474036694,8.715075507445363,-7.243861422,0.7533590262755752,25.142269179224968,7.9492480754852295,8.125552229583263,25.176047440618277,6.800673209130764,1.1364153085978614,8.491844187381048,14.495436690747738,2.7551849875599146,7.394212793558836,3.860796358436346,13.947430975735188,5.377450734376907,2.7685548663139343,9.285763325400694,28.81243109703064,31.298361245382694,13.91343492269516,21.149980445145047,12.340464398264885,10.208990536630154,18.856681540608406,13.323826089501381,6.334693469107151,3.809942601248622,24.41523489356041,12.270027995109558,54.02874463936314,28.72124249790795,44.34295312128961,14.00066264346242,37.58703159540892,43.06564875902404,24.454782836139202,203.4943650213536,58.086195823598246,31.23370838822302,64.37304328754544,16.993805489415536,57.375139142604894
TEST_05+6일,2.3351603522896767,23.393852973356843,6.560855142655782,2.604234524600315,0.6164205863325947,1.8185366468510438,8.964073211198524,0.34325631175306626,2.983480098147993,0.3791480741929263,0.8368728156201541,0.053243071,0.3083761732559651,2.053554691,11.286242200061679,0.6539272940717638,21.789852550253272,0.4604657825548202,0.5825923474039882,23.047888601198792,9.187861374,1.3367176764021735,0.18891409784555435,0.6652750135950818,16.884032423986355,10.595791088591795,7.271209004043612,33.27361967973411,8.459042310714722,4.233541602327023,4.826291081495583,2.157593656574136,1.537995451129973,1.8546257342402441,-1.219120729,3.089056945,28.770659008268012,4.504354037834673,1.918036978924647,17.78705500839351,8.846244938671589,1.5562824117591845,-1.147972946,0.5125378478260245,0.33446323625872765,2.3796669104194734,0.572172643,1.7190089480718598,0.9079130701223903,1.7582969386130571,14.721678980393335,1.2349895960651338,6.305966479034396,0.6155414412496611,2.2405189349267403,0.779591365,1.506409406894818,0.8288807499120594,0.9550439554222976,0.7602888,7.929523933678865,8.074329562482944,10.754725530743599,11.605054445099086,8.582791902592362,2.5956889526278246,0.6125117990276578,0.9579455857165158,2.6566336308897007,1.1523665273775805,2.4839531228476517,2.2901280436794877,1.0355525835545905,1.1196211885398952,4.629135471534028,0.41057151219865773,0.6203737895411905,2.8393293457484106,0.9587528222200206,4.010208061954472,2.647903110444531,1.2689380855917989,1.3474252018568222,1.2279893681870249,1.7735643614287255,2.069662318,2.4979347368498566,1.6418326767161489,3.6185511322100865,3.314206458112494,33.69953440203062,1.1522642960771918,3.4334093933721306,4.732748244734466,0.5682479878682898,1.5638624262064695,0.5185305573722871,0.5189735358580947,14.182658949393954,3.171290300786495,1.749296131937399,0.8477138882781219,2.9804247807614956,0.12051202620858703,51.88311348925345,57.242808873539616,29.613942214495182,4.795338217976223,2.777510030195117,1.3204767380401563,3.233687031612476,0.2503941538664094,1.5863946077462856,0.035383667,0.7630155886290595,1.0601621599872715,2.391943476430015,1.6754066392395544,3.086887679881329,1.1120580513961613,0.7042439868845349,16.47966633643955,0.2510582553206291,0.2557607280468801,0.20504380768397823,0.360793472,0.3067984708882534,0.32651843371183986,0.4608216574524704,2.3384647968923673,0.39492281873658897,0.20149694196879864,42.16805430386739,2.140180977527052,2.413507588708626,2.421005646758335,1.3061497365124524,0.9429292726096037,1.010348158249002,3.275396249257028,0.9873459787658021,0.46411536410596455,1.1103026643395424,0.8330601000296269,7.953834928572178,4.791928790509701,33.42087557911873,74.08658310770988,10.110052494332194,6.220797702670097,8.700570397586489,-7.296237509,0.7593157673254609,25.13820630311966,7.989563956856728,8.164573162794113,25.195473436266184,6.802198093384504,1.117557914361896,8.496253057890954,14.51692008972168,2.7675070241093636,7.397984296,3.858954083174467,13.98518094420433,5.405912704765797,2.7887428365647793,9.295088491060596,28.753447741270065,31.162722543871496,14.03122791647911,21.043441264002468,12.438439145684242,10.23095366358757,18.894694805145264,13.279840715229511,6.354165934026241,3.8165120016783476,24.598583906888962,12.33210788667202,54.084534730922314,28.74644541622183,44.359796514734626,13.98076992109418,37.61173718981445,43.103458313700685,24.450049694627523,203.69157817048836,58.153416976798326,31.25895377,64.42042223,17.00931309762018,57.45011501560657
TEST_05+7일,2.314981060102582,23.373947501182556,6.567343018294196,2.603851780042305,0.616660905,1.8206814172744998,8.963125346178572,0.33424199276487343,2.9820067885011667,0.37860076560173184,0.8349963035434484,0.051034236792474985,0.3052202283870429,2.0526129314675927,11.278564305976033,0.6527599759865552,21.78035361226648,0.45900217234157026,0.5799689921550453,23.02819661051035,9.186500595,1.336393337,0.18690864485688508,0.6652897013452019,16.89999026420992,10.59061075001955,7.276697045040237,33.26604136265814,8.445320446044207,4.229719136375934,4.829238916281611,2.153466713351918,1.5323692234233022,1.856722819379911,-1.225756922,3.093942378774045,28.764652708966423,4.509497639089659,1.9211120288819075,17.764304225489468,8.777926549315453,1.5582489260837065,-1.15958562,0.5080744245642563,0.3339810142071542,2.386117489397293,0.5729554596321123,1.704584708204493,0.9092779958816664,1.7442437782883644,14.750619302270934,1.2392324712127447,6.311723801190965,0.6162148048169911,2.2401145058576617,0.7795836499700863,1.507329605636187,0.8298704838962294,0.9562314109134604,0.760480715,7.935335559770465,8.078988258281242,10.755093594023492,11.614914561534533,8.584426532693215,2.597966909124807,0.6124061233081335,0.9556298078969121,2.657075032344437,1.153381875055402,2.487183266565353,2.2929519399831406,1.0372162228302386,1.1229242278495803,4.636486617972878,0.40888423698197585,0.6217553695460083,2.843467249724199,0.9586207206717887,4.011976428213529,2.652191939527256,1.2704551195638487,1.3508332584096934,1.2284160093396395,1.776091059356986,2.0711226367857307,2.5034721513293334,1.6450853406422539,3.624470812821528,3.310684142244554,33.715692031168146,1.1508766510523856,3.4365647986378463,4.727078308763339,0.5677705360899381,1.5721036698669195,0.5194112172321184,0.5183856437888608,14.163695971381458,3.1478504352271557,1.7513173439022012,0.848530552,2.9709711537043404,0.11990065135108807,51.826262743910775,57.29165815617307,29.642512066267955,4.800272686878998,2.768396431580186,1.3216701586679847,3.2347145839968334,0.24865412953522537,1.5870744744951821,0.030856779776513577,0.7634327560663223,1.0610954377066264,2.3941248540445486,1.6773269731456821,3.0919316642862213,1.1116711262147874,0.7036578584400672,16.46967171970755,0.2508785497603867,0.25554390960314777,0.20474602868489455,0.3608965678761251,0.30693773928949497,0.32657841235202056,0.4607981071003451,2.337462965864688,0.3948577218095082,0.20089926262153313,42.22402951193362,2.1424823091365397,2.416214967111955,2.4209643140330037,1.3081411463208497,0.9440893361272629,1.0101090376162745,3.273469365609344,0.988511268,0.465218827,1.101156074553728,0.8327635406099887,7.9514128640294075,4.805905744433403,33.31613162,74.05432154238224,10.088433427736163,6.266231305897236,8.686065287727615,-7.348613596,0.7652987251058221,25.134317606687546,8.030123725533485,8.203836590051651,25.21499740332365,6.803757732734084,1.0987005201259308,8.500661928401314,14.538544364273548,2.7798789143562317,7.401830367743969,3.8571439795196056,14.02315091341734,5.434542812407017,2.809024106711149,9.304413657,28.694970786571503,31.027083842360298,14.149573892354965,20.936902082859888,12.536834076046944,10.253120638430119,18.933000802993774,13.236008808016777,6.373762212693691,3.8231200892478228,24.7827428,12.394535079598427,54.14032482247421,28.771648334535712,44.37660066969693,13.960804112255573,37.636412397027016,43.14126786837369,24.445254921913147,203.88879131959402,58.22063813000568,31.284199158541014,64.46779075218365,17.024820705824823,57.52509088860825
TEST_06+1일,2.1236416613683105,14.502663999795914,6.4102834410132346,2.2327057550428435,0.48682876799102814,1.747230416181992,7.713437164667994,-0.115105564,2.7414227841218235,0.4443356704169048,0.5346743108748342,0.014610929945774842,0.08255973,1.3011499608546728,7.06225973,0.38174934019480133,16.58549875766039,0.4324371762377268,0.3806196290606749,17.05583917722106,7.7477594506926835,-0.160878568,0.4457801055092574,0.6935980663319086,13.744587111403234,13.10265793588951,6.908646753872745,28.431991904391907,12.329574848799894,3.816293162293732,4.257333458677749,3.3840799033641815,2.6363196131287623,1.2644833813537844,-1.036157071,3.1622763590789873,37.35447081923485,4.727294868278932,1.9773738689691527,24.994914941955358,20.513034359353696,1.0903538567945361,-1.355350424,1.0471973844593379,0.3996393328529848,2.592092877,0.5816517053558528,3.9333100344606464,0.9128238338071242,3.9862893119611726,16.649627874488942,0.5154124639504971,6.900082817912335,0.7970360137987882,2.254857132180348,0.7532730955416085,1.3539172779222497,0.8890812773970538,0.9443205581846996,0.6807680977508426,10.250588753027841,8.283083812255427,9.461472650058568,11.882899829477537,8.033114799371162,2.254887179195066,0.6033759578153308,1.276518841077376,2.916825226140645,1.3860885295050593,2.0942270164377987,2.405608382808623,1.0188571675907951,0.8255643203374632,4.556562294183095,0.5245116982987383,0.7092399797984399,2.439676835296268,0.9507045881335756,3.7673194508388406,2.696137459746751,1.5154603684604808,1.5528204231814016,1.2577361517271015,1.9609015383102815,2.4088440618434106,2.8635290331585566,1.807513928913977,3.7529664074445463,3.2560688222552017,33.79298414476216,1.6589652979475886,3.570294557925081,4.8641129193279085,0.5312840460315442,1.7690449768851977,0.43230749431059223,0.4377016864018515,12.528800127574868,6.942044084503777,1.6270102567505091,0.9099488815141967,2.3566118483131504,0.081955956,48.35130136925727,43.15259636938572,30.790851255067537,4.810833891609036,2.590357535344083,1.3228013824364098,3.5986495116958395,0.2151658974937618,1.6940414433131536,0.5513895859136255,0.6632865228893934,1.0926996890017335,2.421737037080675,1.3074178223032504,3.2144242935396505,1.3860228432993154,0.7249214838876696,16.929407718798075,0.24098329659057072,0.25090916784763806,0.20341637925827172,0.3374490771816454,0.30213205671918786,0.3170591628841066,0.40249414398353167,1.9567945268936455,0.3486165700779935,0.15613953495630994,46.356700755655766,2.5758439312921837,2.4914575742000125,2.4461043558531586,1.4881653559132246,0.985861004,1.0406971757598313,4.117624945472926,1.0237009372233388,0.6636037524185667,2.7350892734007175,0.9431349792284891,19.262320331996307,15.820732943713665,22.01674897968769,52.146970628760755,23.92807411402464,16.01947237062268,14.585269052535295,6.674944043159485,1.3654650716343895,58.73589871637523,31.551914925221354,29.70145896729082,33.59173447685316,11.160684008151293,0.6967180754236324,13.677024823016836,23.765554174780846,4.100070413784124,15.378974491963163,7.581794023513794,30.72023514844477,20.964318396756425,7.170199193409644,6.865438002161682,126.99339306354523,48.34882390189159,28.426345866639167,63.272353649139404,20.077388288918883,28.73164315475151,30.779644533991814,46.99922338,16.823019227944314,4.760724280029535,43.889269354753196,26.831080365926027,41.92603834345937,21.769848261028528,29.51752196997404,8.355420999228954,25.410486415028572,34.51954422518611,15.73987178504467,164.12216629087925,50.64148746011779,26.631754090543836,43.71133193233982,13.213444442051696,51.14616854736232
TEST_06+2일,2.103862853953615,14.44183273613453,6.4131251689309465,2.2311358974548057,0.4865298529703068,1.748152256514004,7.707929434720427,-0.125654809,2.7385827025136678,0.44454920622089844,0.5314267181092873,0.012392146225465694,0.078585193,1.2965551401139237,7.034479357302189,0.37933160706597846,16.551873441785574,0.4309258253015287,0.3772208813825273,17.009068123996258,7.740773242432624,-0.171321774,0.4458613319947631,0.6936643969262875,13.742155364365317,13.118096081967451,6.912587620259728,28.400781763135456,12.343042764354323,3.8103077886626124,4.256854957857286,3.3890360984951258,2.6389957,1.2622192868075217,-1.040881795,3.1670248468931277,37.40967518091202,4.732570842004407,1.9804967481977656,25.025541982613504,20.531332705066234,1.088449601083994,-1.366697195,1.0472443568307028,0.39948200087928853,2.599422791041434,0.5824082134276978,3.9363988710438207,0.9138919306096795,3.9892310930076746,16.686891984427348,0.5141840263349877,6.908707343682181,0.7985681537538767,2.2545019455332067,0.7532163848331024,1.353679562,0.8904221766351839,0.9454849763715174,0.6801609493559226,10.267866229405627,8.287876539017816,9.455621010623872,11.893871886073612,8.033623285905037,2.2550419766412233,0.603259425,1.2767430949484435,2.9185314563728753,1.387486876,2.093746290076524,2.4084910055453292,1.0203948627665795,0.8257755566721414,4.562869923840481,0.5240942647651536,0.7109996649523964,2.4413012017830624,0.9505653550200748,3.7673254244436976,2.7002748871050244,1.5180243700633582,1.5569500386336586,1.2581956028867012,1.9641763042964158,2.4118664139678003,2.870177089047502,1.8114683404710377,3.7588052974797392,3.252637555477122,33.818526066839695,1.6610648885898627,3.5738311979730497,4.8590141086488075,0.530763995,1.7777285625052173,0.4322436298696033,0.43676417763344944,12.507794235005349,6.947051840585118,1.627255829749629,0.9108373656306412,2.346517872696495,0.08130649,48.27679509925656,43.09296175837517,30.82004484085701,4.815519504165877,2.580672001,1.3239323297028704,3.6006425943924114,0.21345810572074697,1.6948858957130142,0.5510175279713394,0.6631107293724199,1.0936415456905024,2.4238520674127813,1.3064270201139152,3.219424530248034,1.387562051253326,0.724407645,16.92854080402435,0.24083221384432818,0.25081330097664534,0.2032166218409941,0.33742547671977263,0.30225429481203037,0.3170735156527371,0.4023715527077343,1.954009878,0.3484677539565695,0.15536396717652678,46.43912324681878,2.580263585114153,2.494160474734599,2.446114819795464,1.4910047037847107,0.9870372635391504,1.0405297826051054,4.120138759724796,1.0248697534171924,0.665611355,2.737944655708816,0.943370642,19.317005147226155,15.889634244143963,21.862836569547653,52.00506839,23.977255910634995,16.111724969698116,14.598317053169012,6.726965308189392,1.3742679846764077,58.899849967099726,31.707449719309807,29.84596025245264,33.651934711495414,11.184062629938126,0.6781342380745627,13.690978910204649,23.83266856,4.1185353335458785,15.42286486143712,7.5991106778383255,30.83977289730683,21.068773216335103,7.2114012349629775,6.862872623838484,127.43102210760117,48.25340400375717,28.613057397305965,63.364088863134384,20.21060968,28.845721397548914,30.87809319794178,47.12879568338394,16.893879398470744,4.772054964676499,44.16332410648465,26.964524429757148,41.926215436309576,21.762881733477116,29.459941312670708,8.309415433555841,25.372506588697433,34.52231806144118,15.692449025809765,164.1566185,50.68639738159254,26.643324424047023,43.65253970678896,13.212099954165751,51.205023106937006
TEST_06+3일,2.0840349762584083,14.380872443318367,6.415966896849113,2.2295643002726138,0.4862299720816736,1.7490707757606287,7.702414015773684,-0.136228654,2.7357251051726053,0.4447627420249205,0.5281699199913419,0.010168617780436762,0.074602642,1.2919464829319622,7.006622735410929,0.3769074475276284,16.51818186417222,0.42941024106767145,0.373814384,16.96220302954316,7.733776845037937,-0.181789961,0.44594255848026165,0.6937307275206663,13.739655312849209,13.133534228045392,6.916526613931637,28.369475082377903,12.35651067991057,3.804292014800012,4.256359431325109,3.394014614634216,2.6416717865133705,1.2599444512525224,-1.045599803,3.171773334707268,37.46503209322691,4.737846815730336,1.9836257373026456,25.056301066302694,20.54963105077877,1.086535507813096,-1.378043966,1.0472913292020678,0.3993252681971171,2.606781051494181,0.5831647214995428,3.939487707626995,0.9149592395397121,3.992172874053722,16.724277414032258,0.5129555887194783,6.917364875233034,0.8001045624259859,2.2541467588860087,0.7531596741245963,1.3534418453436103,0.8917701150785433,0.9466559167703963,0.6795516174752265,10.285199937410653,8.292669266,9.449755518697202,11.90488271493814,8.034131772438968,2.2551869709495804,0.6031428917441275,1.276967348819511,2.9202418948261766,1.3888852225816208,2.0932560227811337,2.4113736282820355,1.0219325579421366,0.8259867930068197,4.569175864662611,0.5236955869186204,0.7127650430047652,2.442919994049589,0.9504261219065882,3.767315522651188,2.7044123144632977,1.5205935619815136,1.561088865804777,1.2586550540463577,1.9674591722068726,2.4148958332516486,2.8768322005998925,1.815436659482657,3.7646441875140226,3.2492062886990425,33.84410263970494,1.6631644792321367,3.577373611020448,4.853915297970161,0.5302439447652318,1.786434114066651,0.43217976542861436,0.4358245199546218,12.486788342437649,6.952059596666913,1.6274965128395706,0.91172585,2.336423897,0.080657025,48.20194474211894,43.03305670619011,30.84923842664648,4.8202051167222635,2.5709517945942935,1.3250632769694448,3.6026368199964054,0.21175031394750476,1.6957303481129884,0.5506454700289964,0.6629317494516727,1.094583402379385,2.425967097745115,1.3054290171712637,3.2244247669564174,1.3891012592073366,0.7238938065082152,16.927673889250627,0.24068126036786452,0.2507174341056526,0.20301686442371647,0.33740161350010567,0.3023765329048729,0.3170877861921326,0.4022489614319369,1.9512187947984785,0.34831893783514545,0.1545865770895034,46.521619994193316,2.584697925776709,2.496863375269413,2.4461252837377705,1.4938538357018842,0.9882135230287759,1.0403623894503795,4.122663347516209,1.0260385696109324,0.6676240493507066,2.740800038017369,0.9436073523247615,19.371882227947935,15.958778448402882,21.70850232243538,51.86264151101932,24.026624739170074,16.204273817827925,14.611418383195996,6.779243066906929,1.3831015143659897,59.06431617215276,31.863454764708877,29.990910030901432,33.71231247810647,11.207519236952066,0.6595504007236741,13.704932997392461,23.90000967,4.137060005625244,15.466909127542749,7.616497271,30.95968843,21.173545008758083,7.252734984038398,6.8602840807288885,127.87015682458878,48.157984105622745,28.80043332464993,63.456208258867264,20.344300201628357,28.96018382,30.976941615343094,47.25887247920036,16.964963403064758,4.783431792631745,44.43833041191101,27.098444417584687,41.92629163712263,21.75585512071848,29.402170099318027,8.263287503272295,25.334368750452995,34.5250348,15.644880332052708,164.19080758094788,50.731292441952974,26.65488271554932,43.59351698518731,13.210725208424265,51.26387766651169
TEST_06+4일,2.0641580265946686,14.319783136248589,6.418808625,2.2279909635544755,0.4859291253142146,1.749985973834555,7.6968909073621035,-0.146827102,2.7328499910072424,0.44497627782894256,0.5249039161863038,0.007940344,0.070612077,1.2873239891632693,6.978689872,0.3744768613614724,16.48442404,0.4278904234779475,0.3704001369114849,16.91524388,7.726770258508623,-0.192283128,0.44602378496576733,0.6937970581150523,13.737086955399718,13.148972374123332,6.920463734888472,28.33807185990736,12.369978595466819,3.798245840705931,4.255846878935699,3.3990154545754194,2.644347873205561,1.257658874259505,-1.050311095,3.1765218225214085,37.52054154872894,4.743122789455811,1.9867608365530032,25.08719219570048,20.56792939649131,1.0846115755848587,-1.389390737,1.0473383015734399,0.3991691348292079,2.614167656749487,0.5839212295713878,3.9425765442097145,0.9160257605735751,3.995114655099769,16.76178416411858,0.5117271511040826,6.926055413641734,0.8016452400479466,2.2537915722388107,0.7531029634160973,1.353204129054319,0.8931250929817907,0.9478333795414073,0.6789401024580002,10.302589879138395,8.297461992543504,9.443876175,11.915932316187536,8.034640258972843,2.255322161865479,0.6030263587085187,1.277191603,2.9219565415914985,1.3902835691199016,2.0927562145516276,2.4142562510187418,1.023470253117921,0.8261980293414979,4.5754801165967365,0.5233156650065212,0.7145361141883768,2.4445332119212253,0.9502868887930873,3.767289744937443,2.708549741821571,1.5231679442986206,1.5652369050585548,1.2591145052060142,1.970750142201723,2.4179323199714418,2.8834943680121796,1.8194188863417367,3.7704830775492155,3.245775021920963,33.869713857769966,1.6652640698741834,3.5809217971909675,4.848816487,0.5297238941320757,1.7951616320060566,0.4321159009876254,0.4348827131325379,12.465782449869948,6.957067352748254,1.6277323064859957,0.9126143338633028,2.3263299214613653,0.080007559,48.12675029831007,42.97288121283054,30.87843201243595,4.824890729279105,2.5611969163583126,1.3261942242359055,3.6046321886242367,0.21004252217426256,1.696574800512849,0.5502734120867103,0.662749583,1.095525259068154,2.428082128077449,1.3044238132424653,3.229425003664801,1.3906404671613473,0.7233799678185164,16.926806974476904,0.24053043616299874,0.2506215672346457,0.20281710700641042,0.3373774875169602,0.3024987709977154,0.3171019744950172,0.4021263701561537,1.9484212782699615,0.3481701217137214,0.15380736463703215,46.60419099405408,2.589146953599993,2.499566275804227,2.446135747680076,1.4967127519266796,0.989389783,1.0401949962956536,4.125198706053197,1.0272073858046724,0.6696418363790144,2.743655420325922,0.9438451098976657,19.426951579051092,16.028165586292744,21.553746208548546,51.71968998387456,24.076180636882782,16.297118925722316,14.624573050066829,6.8317773044109344,1.3919656617217697,59.22929735,32.01993008,30.136308305431157,33.772867779713124,11.231053836643696,0.6409665633746044,13.718887084580274,23.967577509582043,4.155644432,15.511107294005342,7.633953791111708,31.079981750808656,21.27863378310576,7.294200441450812,6.857672370038927,128.31079703569412,48.06256420747377,28.988473660778254,63.54871176183224,20.478459847625345,29.07503041252494,31.07618974149227,47.389453649520874,17.03627124777995,4.794854760169983,44.71428830642253,27.232840344309807,41.926266957074404,21.748768420889974,29.34420830756426,8.217037189751863,25.296072863042355,34.52769445069134,15.597165696322918,164.22473365068436,50.77617264119908,26.66642896551639,43.53426375729032,13.209320203837706,51.32273223
TEST_06+5일,2.044232004438527,14.258564829826355,6.421650352684992,2.2264158873585984,0.48562731264428294,1.7508978507248685,7.691360110417008,-0.157450151,2.729957360395929,0.4451898136329646,0.5216287065995857,0.005707326,0.066613498,1.2826876585750142,6.950680773705244,0.3720398484583711,16.45059996843338,0.42636637244504527,0.3669781398275518,16.868190698325634,7.719753482379019,-0.202801279,0.446105011,0.6938633887094312,13.734450290852692,13.164410520201272,6.924398983013816,28.306572094908915,12.383446511023067,3.7921692626550794,4.255317300310708,3.4040386136621237,2.6470239598977514,1.255362555879401,-1.055015671,3.181270310335549,37.57620355,4.748398763181285,1.9899020459561143,25.118215374299325,20.586227742203846,1.0826778067275882,-1.400737508,1.0473852739448049,0.39901360077101344,2.621582609601319,0.5846777376432328,3.9456653807928888,0.9170914937158159,3.998056436146271,16.799412238877267,0.5104987134885732,6.934778959082905,0.8031901868525892,2.2534363855916695,0.7530462527075912,1.3529664127649994,0.8944871104758931,0.9490173647500342,0.6783264038385823,10.320036055520177,8.302254719305893,9.437982979230583,11.927020691364305,8.035148745506717,2.255447549323435,0.6029098256729242,1.2774158565616176,2.9236753967779805,1.3916819156581823,2.092246867,2.4171388737549933,1.0250079482937053,0.8264092656762045,4.581782679644675,0.5229544995090691,0.7163128785250592,2.446140855339763,0.9501476556795865,3.7672480911860475,2.712687169179844,1.5257475171347323,1.5693941563658882,1.2595739563656139,1.9740492144192103,2.420975874,2.890163591466262,1.823415021164692,3.776321967583499,3.242343755143338,33.89535972289741,1.6673636605164575,3.5844757566737826,4.843717676612414,0.5292038434989195,1.8039111169346143,0.4320520365466365,0.4339387567015365,12.444776557300429,6.962075108830049,1.6279632097575814,0.9135028179797473,2.316235946,0.079358093,48.05121175898239,42.91243527829647,30.907625598225422,4.829576341835491,2.5514073657104746,1.3273251715023662,3.6066287002176978,0.20833473040124773,1.6974192529127095,0.5499013541443674,0.6625642301587504,1.0964671157569228,2.430197158409783,1.3034114085603505,3.2344252403731844,1.392179675115358,0.7228661291287608,16.92594005970318,0.2403797412333688,0.25052570036365296,0.2026173495891328,0.33735309876669817,0.3026210090905579,0.31711608057958074,0.4020037788803563,1.9456173283979297,0.3480213055922974,0.15302632981911302,46.68683625012636,2.5936106688022846,2.502269176338814,2.4461462116223824,1.4995814527428593,0.9905660420081404,1.0400276031409277,4.1277448371984065,1.028376201998526,0.6716647159009881,2.746510802634475,0.944083915,19.48221320542507,16.097795620560646,21.39856829,51.576213798485696,24.125923573970795,16.390260293148458,14.637781051918864,6.884567990899086,1.4008604274713434,59.39479349413887,32.17687565786764,30.282155086286366,33.833600618410856,11.254666440188885,0.6223827260237158,13.732841171768086,24.035372108221054,4.174288613023236,15.555459365365095,7.651480242609978,31.200652866158634,21.384039541473612,7.335797611391172,6.855037493631244,128.7529428601265,47.967144309339346,29.17717840569094,63.64159941673279,20.61308863852173,29.190261196810752,31.175837606191635,47.520539343357086,17.10780293,4.806323863565922,44.991197804920375,27.367712212726474,41.92614138871431,21.741621635854244,29.286055952310562,8.170664511620998,25.257618956267834,34.53029700368643,15.549305148422718,164.25839668512344,50.82103797979653,26.677963172085583,43.474780024029315,13.207884939882206,51.38158678565378
TEST_06+6일,2.0242569085094146,14.197217486798763,6.424492080603159,2.2248390717431903,0.4853245340527792,1.7518064063006022,7.685821623541415,-0.168097804,2.727047212421894,0.44540334943695825,0.5183442909401492,0.003469563,0.062606903,1.2780374905851204,6.922595426440239,0.3695964086946333,16.416709639132023,0.42483808785982546,0.3635483925972949,16.821043472737074,7.712726516649127,-0.213344411,0.4461862379367787,0.6939297193038172,13.731745316646993,13.179848666279213,6.928332358598709,28.274975783773698,12.396914426579315,3.7860622853040695,4.254770695013576,3.409084092825651,2.649700046589942,1.253055495697481,-1.059713532,3.1860187981496892,37.632018111646175,4.753674737,1.9930493657157058,25.149370605009608,20.604526087918202,1.080734200309962,-1.41208428,1.0474322463161698,0.3988586660566398,2.6290259091183543,0.5854342457150779,3.948754217376063,0.9181564389200503,4.000998217192318,16.83716164017096,0.5092702758730638,6.943535512808012,0.804739402,2.2530811989444715,0.7529895419990851,1.3527286964756797,0.895856168,0.9502078726582113,0.677710522,10.337538467196282,8.307047446068736,9.432075931224972,11.93814784035203,8.035657232040649,2.2555631328723393,0.6027932926373154,1.277640110432685,2.92539846,1.393080262196463,2.091727977152914,2.4200214964916995,1.0265456434692624,0.8266205020108828,4.588083553726392,0.5226120907900622,0.7180953361239517,2.4477429240650963,0.9500084225660999,3.7671905609458918,2.7168245965381175,1.528332281,1.5735606202288182,1.2600334075252704,1.977356389084889,2.424026496031729,2.896839871042175,1.827425064315321,3.782160857618692,3.2389124883652585,33.921040235087276,1.6694632511587315,3.5880354896071367,4.838618865933313,0.5286837928657633,1.8126825692888815,0.43198817210564755,0.43299265147652477,12.423770664732729,6.967082865,1.6281892235856503,0.9143913020960781,2.306141970227145,0.078708627,47.97532911365852,42.85171890258789,30.936819184014894,4.834261954391877,2.541583140788134,1.3284561187688269,3.6086263547767885,0.20662693862800552,1.698263705,0.5495292962020244,0.6623756906155904,1.0974089724458054,2.4323121887421166,1.3023918026592582,3.2394254770820226,1.393718883069596,0.72235229,16.925073144929456,0.24022917558022527,0.25042983349266024,0.20241759217185518,0.3373284472411342,0.3027432471834004,0.3171301044349093,0.40188118760455893,1.9428069444838911,0.34787248947087335,0.15224347257753834,46.769555758684874,2.5980890716891736,2.504972076873628,2.446156675564688,1.5024599382450106,0.9917423014977658,1.0398602099862018,4.1303017400205135,1.029545018192266,0.6736926880439569,2.7493661849425735,0.9443237673258409,19.53766710846685,16.167668595910072,21.242968499660492,51.43221294274554,24.175853550434113,16.483697929186746,14.651042381301522,6.937615171074867,1.4097858119639568,59.56080463016406,32.33429152611643,30.428450386039913,33.89451099955477,11.278357032686472,0.6037988886728272,13.74679525895408,24.10339342057705,4.192992550611962,15.599965346511453,7.669076622,31.32170178927481,21.489762294571847,7.377526496187784,6.852379450574517,129.19659423828125,47.87172441120492,29.366547584999353,63.73487123847008,20.748186577111483,29.305876177735627,31.27588525414467,47.65212941169739,17.17955846968107,4.817839108407497,45.26905892,27.50306004099548,41.92591493576765,21.734414763748646,29.227713026106358,8.124169457703829,25.219007022678852,34.53284245915711,15.501298666000366,164.2917966246605,50.86588845681399,26.68948533758521,43.415065774926916,13.206419416092103,51.44044134522119
TEST_06+7일,2.004232738050632,14.135741122066975,6.427333808521325,2.223260516417213,0.48502079,1.7527116405435663,7.680275447666645,-0.17877006,2.7241195470269304,0.4456168852409803,0.5150506692880299,0.001227055,0.058592294,1.2733734851208283,6.894433844834566,0.3671465419465676,16.38275306671858,0.4233055697004602,0.36011089511885075,16.77380220592022,7.705689361784607,-0.223912523,0.4462674644222844,0.6939960498981961,13.728972033190075,13.195286812355334,6.9322638614685275,28.243282927083783,12.410382342135563,3.7799249039962888,4.254207063,3.414151893928647,2.6523761332823597,1.2507376935391221,-1.064404676,3.1907672859638296,37.687985219061375,4.758950710632234,1.9962027958754334,25.180657888413407,20.62282443363074,1.0787807554006577,-1.423431051,1.0474792186875348,0.39870433067699196,2.6364975553005934,0.5861907537869229,3.9518430539592373,0.9192205961999207,4.003939998,16.87503236939665,0.5080418382575544,6.9523250749043655,0.8062928863801062,2.2527260122973303,0.7529328312905861,1.35249098,0.897232265,0.9514049032659386,0.677092456,10.355097115389071,8.311840172831126,9.426155032,11.94931376495515,8.036165718574523,2.2556689126431593,0.6026767596017066,1.2778643643037242,2.9271257327236526,1.3944786087347438,2.0911995484493673,2.4229041192284058,1.0280833386450468,0.826831738,4.594382738845525,0.5222884391987463,0.7198834871669533,2.4493394181263284,0.949869189,3.767117154,2.7209620238963907,1.5309222347932518,1.5777362964727217,1.2604928586849269,1.980671666271519,2.4270841856705374,2.903523206819955,1.8314490159973502,3.787999747652975,3.235481221587179,33.946755388751626,1.6715628418010056,3.591600995983754,4.833520055254667,0.5281637422326071,1.8214759892143775,0.4319243076646586,0.43204439664259553,12.402764772165028,6.972090620993185,1.6284103468060493,0.9152797862124089,2.296047995,0.078059161,47.89910235744901,42.790732100605965,30.966012769804365,4.838947566948718,2.5317242424935102,1.3295870660354012,3.610625152126886,0.20491914685499069,1.6991081577124305,0.5491572382597383,0.6621839644139982,1.0983508291345743,2.4344272190744505,1.301364996470511,3.244425713790406,1.3952580910236065,0.7218384517493632,16.924206230155733,0.24007873920720613,0.2503339666216533,0.20221783475454913,0.3373035329373124,0.3028654852762429,0.3171440460573649,0.40175859632876154,1.9399901265278459,0.3477236733494493,0.15145879291230813,46.852349523454905,2.6025821626390098,2.5076749774082145,2.4461671395069944,1.5053482086586882,0.9929185609873912,1.0396928168314759,4.132869415450841,1.030713834386006,0.6757257528697664,2.7522215672511265,0.9445646670646966,19.59331329446286,16.23778446763754,21.08694690465927,51.28768740827218,24.225970596075058,16.577431838959455,14.664357049390674,6.990918785333633,1.4187418158107903,59.72733076149598,32.492177684791386,30.575194210745394,33.95559892593883,11.302125617861748,0.5852150513237575,13.760749346141893,24.17164146155119,4.211756245815195,15.64462523511611,7.686742942780256,31.443128520157188,21.595802049618214,7.419387097819708,6.849698240868747,129.64175128936768,47.77630451,29.556581207551062,63.82852718234062,20.883753675036132,29.421875364147127,31.376332595944405,47.78422397375107,17.251537857810035,4.829400495,45.54787167,27.638883831445128,41.925587601959705,21.72714781202376,29.169179506599903,8.077552020549774,25.18023705482483,34.53533082269132,15.453146263957024,164.3249335438013,50.910724074114114,26.700995459686965,43.35512101184577,13.204923631594284,51.49929590479587
TEST_07+1일,1.2507964979158714,7.185313992202282,6.338344246,2.1803780904465384,0.4171985144239443,1.5570499061941518,5.735047367401421,-0.507251482,2.217449366362416,0.2773432863650669,0.22265974419133272,0.2238708393644515,-0.08141925,0.6778993326006457,3.5637300715316087,0.1551252412245958,10.803374655544758,0.3192752117065538,0.2082087593153119,11.218569258227944,5.966163154691458,-0.38476315,0.13979738577108947,0.7558691476662602,12.115977770998143,9.551713945576921,6.108101443,25.27087317558471,8.940152860188391,3.6782134913664777,4.089171129453462,2.172210631582402,1.5595796563429758,1.1272469987452496,-0.875054888,3.2952233890496245,29.58385946153612,4.170165596995503,1.7995397437949805,18.35042658165912,9.118367217248306,1.0951742726683733,-1.578641217,0.9704893499147147,0.37198187050836395,1.078355708786603,0.5449310911353678,1.6804612802225165,0.7725840973016602,1.9413264432223514,11.664838429202973,0.4938623607026784,5.4632374112520665,0.580315095,2.2002062404993126,0.7448769307434873,1.2880286048441008,0.5891363119399102,1.0938175157643855,0.5615666582016274,8.330252166,7.619080053642392,8.717885206,10.47531170455568,8.045143223542254,1.896135387418326,0.6257452935035914,0.9628573702648282,2.7879571835248385,1.3587181745983798,2.113805690125446,1.0747634544968605,1.0324074894535897,0.796282384,4.329398088564631,0.5509135192260146,0.48121448702761427,2.331092515894852,0.9367694524275265,3.640765976990224,2.7905837993303066,1.292835688995524,1.2455056077309337,1.2534677996510482,1.6277637275838686,2.0991047076092855,2.711252644371598,1.1042481950778438,3.9111738165011047,3.142822426336352,32.53696869965097,1.2492344338388648,3.4799991428219528,5.329056682111059,0.5285379553537837,0.8599616059703408,0.6471808583009988,0.41919164343198645,11.369708757560147,3.265320465900004,1.6202175749931484,0.8157002305379137,1.8255702771548385,0.056318662787077756,41.243489189539105,41.79181511094794,23.86398604104761,3.5168366234283894,2.1043678080895916,0.7786963839971577,3.7066075944087515,0.17258058361539952,1.6777904303744435,0.5303835056138269,0.5753643008865765,0.6161622204526793,1.5280084497499047,1.256627173104789,3.2899527470071916,1.3243694555712864,0.7406380871286729,16.084172333590686,0.23914380786172273,0.22027773849549703,0.2050615383486729,0.2842637320381982,0.28340105929670756,0.21209499165524903,0.3352748938550576,1.7609962201677263,0.32955697534634965,0.11805316473692073,45.06812234605604,2.007790246532977,2.7724551417945804,2.8937427647485947,1.1825553527866646,0.9862070874078199,1.1538477633222897,5.753148043,1.2006970659028866,0.9469913537541288,1.5728238285228144,1.2081658917744562,16.425721175231047,8.110717963838397,13.469513939227909,43.41917779156938,19.94431459111729,7.552130905748527,16.083785013679176,16.60172489285469,2.868743747472763,50.13704432134182,22.545237476824013,20.67636644990762,29.424724968799296,9.097542721331592,0.397753505,20.077755319249263,17.59140421772554,1.4259550911701808,11.51603233536116,5.713037806,18.90295678507391,13.864310701157478,15.519462339580059,4.464700655546039,97.16488115963875,76.05892063,1.3785191165661672,71.37510248272474,-1.18248238,15.74374973236263,16.317918521162937,40.42917962933643,8.676814130501043,2.9765189796212326,2.5325917902518995,9.648488091126637,27.92527193459682,14.214793029008433,17.298053176840767,3.6760852300794795,15.34965888154693,23.114688654779457,8.533478876575828,110.76361862011254,35.561161946854554,18.234111420810223,26.69647648371756,8.743897241831291,44.79617542
TEST_07+2일,1.228596287954133,7.096392743289471,6.340877824175777,2.178752594620164,0.416593365,1.5568422895594267,5.721107678487897,-0.518676726,2.212093231617473,0.27638846197805833,0.2182041687774472,0.22345491978927612,-0.085756934,0.6707338030391838,3.5218271038029343,0.15184798955306178,10.746500425040722,0.31734761353436625,0.20431868033483624,11.149338441900909,5.9517792500555515,-0.3953665,0.13785268073479529,0.7560434215131977,12.10423457424622,9.540442403696943,6.107686888892204,25.22702762694098,8.928697423369158,3.6715461053245235,4.087455295186373,2.168594268407105,1.554504800864379,1.1243686433736002,-0.87806179,3.2998636572397118,29.58004876710902,4.169572769664228,1.8004906174847974,18.331364069550546,9.058621288044378,1.0932691223060829,-1.589673999,0.9687503904569894,0.3716222568122589,1.0747783833326139,0.5454395873675821,1.6675960854336154,0.7728145527944434,1.9297467339783907,11.657895669093705,0.4926727899870684,5.459785709243079,0.5801978147067643,2.1997753638667064,0.7448082854865348,1.2876868031500806,0.5879445624450454,1.0956830985378474,0.5604427265934646,8.327742679671474,7.6179570886306465,8.70910811,10.472546696657218,8.045248351816554,1.8942985825560754,0.6256765737354115,0.9608970987610519,2.788183067793369,1.3598392895437428,2.1131832027240307,1.0675938669592142,1.033873009708941,0.7964273672850624,4.333582791761728,0.5512638781219721,0.48090969222073454,2.3317765995234367,0.9366136614443121,3.639669036536361,2.7946307339007035,1.2934302756476654,1.2463236841074377,1.253890890065236,1.628036763,2.0994629471092026,2.7152948440289038,1.1029162767633807,3.9169289156925515,3.1389337540604174,32.54919604,1.248183537274599,3.481585450410421,5.325118915535768,0.5280459785036555,0.8605086739324292,0.6485119962599128,0.4182476223722915,11.347931207566944,3.2450038479291834,1.6202239270787686,0.8154853556770831,1.8151552291346889,0.055663952,41.137329805176705,41.72639214922674,23.84159920318052,3.511494869919261,2.0928822033747565,0.7759193585370667,3.708357888644514,0.17090387930284123,1.678149567276705,0.5299972084228557,0.574708374,0.6136366855935194,1.5233396286785137,1.2553245061426423,3.294772982404538,1.324798849527724,0.7401850247258608,16.074059588834643,0.2389638864862036,0.21994851625640877,0.20483740953932283,0.28399225122848293,0.2834817300842971,0.21162217315759335,0.33471064883997315,1.7575165464077145,0.32936134060582845,0.11716455104215129,45.12278074835922,2.006928055874596,2.775495974808109,2.8945619011363988,1.1820140248592566,0.9863333022221923,1.153895418965348,5.763162365066819,1.2021125700666744,0.950150688,1.5667326549300924,1.2085800394616513,16.41976132371201,8.095260915120889,13.286923812702298,43.24285480193794,19.93231311488671,7.543045043604252,16.084206573755864,16.699359968304634,2.883990755304694,50.13565439400804,22.54734860475969,20.67398997,29.425515280415425,9.094498567704704,0.37979972771790926,20.102382497399958,17.581451138958073,1.4222428119587676,11.508500423788064,5.706863771881217,18.891299331711707,13.863519052128368,15.59651705622673,4.450752071512397,97.11140003122273,76.01953372853313,1.3246595432356116,71.37110883083415,-1.223112998,15.723121376915515,16.275278980967414,40.40145485107496,8.667868186,2.971359512453546,2.456942724013061,9.613578047,27.85777393169701,14.172256738645956,17.187307437183335,3.6119412661064416,15.266339778434485,23.06274799525272,8.455758845,110.53879881091416,35.52906869,18.204935900866985,26.561525087803602,8.721254461444914,44.83450614
TEST_07+3일,1.2063455600873567,7.0072947579901665,6.343411402164975,2.1771253484166664,0.41598670292296447,1.5566293293850322,5.707144129090011,-0.530126473,2.206715775,0.2754308367293561,0.21373761595168617,0.22303900021415757,-0.090102755,0.6635502682765946,3.479824630660005,0.14856304210115923,10.689518474042416,0.3154152417264413,0.2004204518161714,11.079974780441262,5.937371178530157,-0.405993419,0.13590315421606647,0.7562176953601352,12.092409211327322,9.529107388,6.107261919976736,25.183067001169547,8.917183030920569,3.6648488996434025,4.085721152921906,2.164977905232263,1.54941143,1.1214790628728224,-0.881059014,3.3045037659605896,29.576238072681463,4.168965132441372,1.8014414911746144,18.31230155744197,8.998690427513793,1.0913547580421437,-1.60070678,0.9670060670468956,0.37126264311615387,1.0712010578786249,0.5459476455143886,1.654692498006625,0.7730426091948175,1.9181320751085877,11.650952908983527,0.4914832192715721,5.456334007234545,0.5800805348755347,2.199344487,0.7447396402295894,1.287345001456032,0.586752813,1.0975561048835516,0.5593157418770716,8.325233193089844,7.616819713730365,8.700312315486372,10.469781688758985,8.045352185959928,1.8924486790638184,0.6256078539672316,0.9589315827470273,2.7884089520618716,1.360959946679941,2.112551510348567,1.0603998731821775,1.0353385299642923,0.7965723505292175,4.337761679315008,0.551633108,0.4806048974138264,2.332453619033913,0.9364578704610977,3.6385551092680544,2.7986776684706456,1.294024862299807,1.2471417604839417,1.2543139804794237,1.628309797425743,2.0998211866091196,2.7193370436866644,1.1015843584490312,3.922684014883089,3.135043545276858,32.56142337586243,1.2471251602546545,3.483171757998889,5.321181148960477,0.5275540016534706,0.8610557418944609,0.6498464135220274,0.41730157540405344,11.32615365757556,3.224626912502572,1.6202252418734133,0.8152676132740453,1.8047401811154486,0.055009241,41.030787139199674,41.66070433054119,23.819090114091523,3.5061288324650377,2.0813607266463805,0.773132961,3.710108182880276,0.16922717499005557,1.6785073891514912,0.5296109112318845,0.5740485210844781,0.611102786,1.518654268089449,1.2540144781742129,3.2995932178018847,1.3252252981765196,0.7397319623230487,16.063921462744474,0.23878396511068445,0.2196186925866641,0.20461315025750082,0.2837200329267944,0.28356240087187956,0.21114830667920614,0.3341453274069863,1.7540294686332345,0.32916563448816305,0.11627400365978247,45.17743915065512,2.0060658652162147,2.778536807821183,2.895381037524203,1.1814726969319054,0.9864563242299482,1.1539430746084065,5.773201757896459,1.2035280742304622,0.9533170672511915,1.560619584925007,1.2089941871488463,16.41380147219388,8.079803866,13.103881478309631,43.06597455497831,19.92031163865431,7.533959181459068,16.084628133832553,16.797324314713478,2.8992788698524237,50.134264466674495,22.549459732695595,20.671613480787755,29.42630559203144,9.091454414078271,0.3618459504268685,20.12700967555429,17.571498060190606,1.4185305327473543,11.500968512214058,5.700689737613175,18.879641878351322,13.862727403099143,15.673764780163765,4.436759112926666,97.05791890279943,75.98014683204747,1.27079997,71.36711517894355,-1.263743615,15.702493021470218,16.23263944077553,40.373730072817125,8.658922241231267,2.966200045286314,2.381293657774222,9.578668002744962,27.790046617854387,14.129593314835802,17.076277372427285,3.5476466157706454,15.182782388292253,23.01064485218376,8.377841849811375,110.31321609951556,35.49680802295916,18.17566843703389,26.426207288634032,8.698541052057408,44.872819328462356
TEST_07+4일,1.184044312685728,6.918020034208894,6.345944980154172,2.175496351786933,0.41537852742840187,1.5564110253872059,5.6931567173451185,-0.541600724,2.2013169946003472,0.2744704104916309,0.20926008546666708,0.22262308063898217,-0.094456709,0.6563487281091511,3.437722649076022,0.14527039860695368,10.632428795099258,0.3134780960426724,0.1965140737593174,11.01047826942522,5.922938943840563,-0.416643908,0.13394880603300408,0.7563919692070726,12.08050167968031,9.517708895960823,6.106826536,25.138991294777952,8.905609681,3.658121873100754,4.0839687019906705,2.1613615420574206,1.5442995428893482,1.1185782568645664,-0.88404656,3.309143715203163,29.57242737825436,4.168342685326934,1.8023923648644313,18.293239045331575,8.938574629137293,1.0894311795564136,-1.611739562,0.9652563794516027,0.3709030294200488,1.0676237324246358,0.5464552655466832,1.6417505178542342,0.7732682664100139,1.9064824653905816,11.644010148874258,0.4902936485560758,5.4528823052255575,0.579963255,2.198913610601494,0.7446709949726369,1.2870031997619833,0.5855610634550885,1.0994365350343287,0.5581857040524483,8.322723706507986,7.615667928475887,8.691497822292149,10.467016680860525,8.045454725972377,1.8905856764904456,0.6255391341990517,0.9569608229212463,2.788634836330374,1.3620801459956056,2.1119106125624967,1.053181474097073,1.0368040502196436,0.7967173337733726,4.341934751071676,0.5520212082192302,0.48030010260694667,2.333123574149795,0.9363020794778691,3.6374241948360577,2.8027246030405877,1.2946194489518916,1.2479598368605593,1.2547370708936114,1.628582832346666,2.1001794261090367,2.7233792433439703,1.1002524401346818,3.928439114073626,3.1311517997528426,32.57365071396816,1.2460593026480637,3.484758065587357,5.317243382385186,0.5270620248033424,0.8616028098565494,0.6511841103201732,0.41635350247088354,11.304376107584176,3.2041896575829014,1.6202215207740664,0.8150470036780462,1.794325133095299,0.054354529741885926,40.92386117624119,41.594751646509394,23.796458770288154,3.5007385100179818,2.0698033770895563,0.7703371917523327,3.7118584771160386,0.1675504706774973,1.678863896173425,0.5292246140408565,0.5733847431620234,0.6085605203043087,1.5139523672696669,1.252697088973946,3.3044134531992313,1.3256488016340882,0.7392788999202367,16.053757954388857,0.2386040437351653,0.21928826757357456,0.20438876053958666,0.28344707711403316,0.283643072,0.21067339219371206,0.33357892953426926,1.750534986378625,0.3289698569824395,0.11538152252251166,45.232097552958294,2.0052036745578334,2.781577640834712,2.896200173912007,1.1809313690045542,0.9865761530818418,1.1539907302514578,5.783266222628299,1.204943578,0.9564904924336588,1.5544846177508589,1.2094083348360414,16.407841620674844,8.064346817687692,12.92038691882044,42.88853704696521,19.90831016242373,7.524873319314793,16.08504969390924,16.8956179,2.914608096703887,50.132874539340946,22.55157086,20.66923699622771,29.42709590364757,9.088410260451383,0.34389217313582776,20.151636853704986,17.56154498142405,1.414818253535941,11.493436600640052,5.694515703346042,18.867984424989118,13.861935754070032,15.751205496490002,4.422721778799314,97.00443777,75.94075993555816,1.2169403965599486,71.36312152705295,-1.304374233,15.681864666024921,16.189999900580005,40.34600529455565,8.649976296595923,2.961040578119082,2.3056445915353834,9.543757958552305,27.72208998654969,14.086802752921358,16.964962976286188,3.4832012788392603,15.098986708791927,22.958379218820482,8.299727888,110.08687047287822,35.464379932847805,18.146309036761522,26.290523076429963,8.675757011282258,44.91111497853126
TEST_07+5일,1.1616925452253781,6.828568566823378,6.348478558,2.1738656047091354,0.41476883871473547,1.556187378,5.679145446978509,-0.55309948,2.1958968911058037,0.2735071832103131,0.2047715769003844,0.22220716106380678,-0.098818797,0.649129182,3.3955211573047563,0.14197005896858172,10.575231406837702,0.31153617641393794,0.19259954616427422,10.940848906291649,5.908482545986772,-0.427317968,0.1319896361710562,0.7565662430540385,12.068511976569425,9.506246926845051,6.106380736462597,25.094800505088642,8.893977372383233,3.6513650251436047,4.082197942203493,2.1577451788825783,1.5391691395052476,1.1156662251305534,-0.887024428,3.3137835049640216,29.568616683826804,4.167705427389592,1.8033432385542483,18.27417653,8.878273889189586,1.087498386616062,-1.622772344,0.9635013281367719,0.3705434157239438,1.0640464069711015,0.5469624474499142,1.6287701434339397,0.7734915244327567,1.894797904184088,11.63706738876499,0.4891040778405795,5.449430603,0.5798459752130753,2.1984827339688877,0.7446023497156844,1.286661398067963,0.584369314,1.1013243889901787,0.5570526134688407,8.320214219926356,7.614501734264195,8.682664634659886,10.464251672962064,8.045555972,1.8887095746322302,0.6254704144308647,0.9549848183523864,2.7888607205988762,1.363199887477549,2.111260509249405,1.0459386697039008,1.038269570474995,0.796862317,4.346102006886213,0.5524281766265631,0.47999530780006694,2.3337864647910465,0.9361462884946548,3.6362762926291907,2.8067715376109845,1.2952140356040331,1.2487779132370633,1.2551601613077992,1.6288558672676174,2.100537665608954,2.727421443001731,1.0989205218202187,3.9341942132641634,3.1272585177212022,32.585878052073895,1.244985964258376,3.4863443731758252,5.313305615809895,0.5265700479531574,0.8621498778186378,0.6525250863051042,0.41540340353276406,11.282598557592792,3.1836920816567726,1.620212763082236,0.8148235264234245,1.7839100850760587,0.053699819,40.816551906988025,41.528534087818116,23.773705167579465,3.495323902257951,2.0582101539475843,0.7675320498310612,3.7136087713515735,0.16587376636471163,1.6792190882260911,0.5288383168498854,0.5727170397767622,0.6060098894377006,1.5092339259717846,1.251372338461806,3.309233688596578,1.3260693599004298,0.7388258375174246,16.04356906376779,0.23842412235964616,0.21895724112982862,0.20416424034920055,0.28317338376564294,0.28372374244704446,0.21019742968019273,0.33301145518908015,1.7470330998767167,0.3287740080959338,0.1144871075903211,45.28675595525419,2.004341483899452,2.784618473847786,2.8970193102999247,1.1803900410771462,0.9866927891271189,1.1540383858945162,5.793355760048144,1.2063590825578103,0.959670964,1.5483277532621287,1.2098224825231796,16.401881769156716,8.048889768970184,12.736440128646791,42.71054225973785,19.896308686191333,7.515787457169608,16.08547125398593,16.99424074590206,2.929978432133794,50.13148461200717,22.553681988567405,20.666860511667664,29.427886215263698,9.085366107,0.325938396,20.17626403185568,17.551591902656583,1.4111059743245278,11.485904689066956,5.688341669078909,18.856326971628732,13.861144105040921,15.828839212656021,4.408640067791566,96.95095665,75.90137304,1.163080823222117,71.35912787516281,-1.345004851,15.661236310577806,16.147360360384482,40.31828051629782,8.641030352,2.955881111,2.2299955252965447,9.508847914359649,27.653904034057632,14.043885050807148,16.85336423944682,3.4186052514705807,15.014952730154619,22.905951091903262,8.221416951622814,109.85976190399379,35.43178441654891,18.116857688874006,26.154472439549863,8.652902336791158,44.94939309026813
TEST_07+6일,1.139290256658569,6.738940351875499,6.351012136132567,2.1722331071214285,0.4141576367564994,1.555958385739359,5.665110317058861,-0.56462274,2.1904554638895206,0.27254115481628105,0.20027209022373427,0.22179124148868823,-0.103189021,0.6418916293332586,3.3532201522029936,0.13866202298231656,10.517926298081875,0.3095894827201846,0.18867686903104186,10.871086687897332,5.894001982174814,-0.438015599,0.13002564443740994,0.756740517,12.056440100481268,9.494721479772124,6.1059245212891256,25.050494630471803,8.882286103849765,3.644578355248086,4.080408873356646,2.1541288157072813,1.5340202191582648,1.1127429674961604,-0.889992618,3.3184231352408915,29.56480599,4.167053359095007,1.8042941122440652,18.255114021114423,8.817788202315569,1.0855563792429166,-1.633805125,0.961740913,0.37018380202783874,1.0604690815171125,0.5474691911949776,1.6157513742509764,0.7737123831702775,1.883078390819719,11.630124628654812,0.4879145071250832,5.445978901208036,0.5797286953818599,2.1980518573363383,0.744533704,1.2863195963739145,0.5831775644652453,1.1032196667511016,0.5559164697770029,8.317704733344499,7.613321130629629,8.673812749795616,10.461486665063603,8.045655924,1.8868203730671667,0.6254016946626848,0.9530035692732781,2.7890866048673786,1.364319171117586,2.1106012003074284,1.0386714590713382,1.0397350907305736,0.7970073002616971,4.350263446722238,0.5528540164232254,0.4796905129931588,2.334442290732113,0.9359904975114404,3.635111402560142,2.8108184721809266,1.2958086222561747,1.2495959896135673,1.255583251721987,1.6291289021885405,2.100895905108871,2.731463642659037,1.0975886035058693,3.9399493124547007,3.1233636990655214,32.598105390179626,1.243905145,3.4879306807642934,5.309367849234604,0.5260780711030293,0.8626969457806695,0.653869342,0.41445127854603925,11.260821007599588,3.1631341835018247,1.6201989683322608,0.8145971817430109,1.773495037055909,0.053045107711795936,40.70885932771489,41.46205165,23.750829303637147,3.4898850088648032,2.046581056434661,0.7647175352540216,3.715359065587336,0.16419706205215334,1.6795729654259048,0.5284520196589142,0.5720454108413833,0.6034508928205469,1.5044989438174525,1.2500402264122386,3.3140539239939244,1.3264869729755446,0.7383727751146125,16.033354790881276,0.23824420098412702,0.21862561328453012,0.2039395897227223,0.2828989528816237,0.2838044132346269,0.2097204191104538,0.3324429043568671,1.7435238091275096,0.32857808782500797,0.11359075883774494,45.34141435755009,2.003479293241071,2.787659307,2.8978384466877287,1.179848713149795,0.9868062323657796,1.1540860415375747,5.8034703704179265,1.207774586721598,0.9628584807578591,1.54214899,1.2102366302103746,16.39592191763768,8.033432720254496,12.552041097544134,42.531990175135434,19.884307209960753,7.5067015950253335,16.08589281406256,17.09319283,2.9453898798674345,50.13009468467362,22.55579311650331,20.66448402710762,29.428676526879713,9.082321953198061,0.30798461855192727,20.200891210006375,17.541638823889116,1.4073936951131145,11.47837277749295,5.682167634811776,18.844669518266528,13.860352456011697,15.906665921211243,4.394513979845215,96.89747551754408,75.86198614258683,1.1092212498842855,71.35513422327222,-1.385635469,15.64060795513251,16.104720820192597,40.290555738036346,8.632084407326147,2.950721643784618,2.154346459057706,9.473937870166992,27.585488751763478,14.00084020581562,16.74148115958087,3.3538585279602557,14.930680450284854,22.85336047015153,8.142909036949277,109.63189039379358,35.39902147243265,18.087314400821924,26.01805537659675,8.629977027012501,44.98765366349835
TEST_07+7일,1.1168374452390708,6.649135385407135,6.353545714121765,2.170598859029269,0.4135449215227709,1.5557240498092142,5.651051323860884,-0.576170504,2.1849927125585964,0.2715723253058968,0.19576162521843798,0.22137532191351283,-0.107567379,0.6346360700554214,3.310819633421488,0.1353462905244669,10.460513461381197,0.3076380149141187,0.18474604189395905,10.80119161226321,5.879497254267335,-0.448736798,0.12805683084661723,0.7569147907479135,12.044286051008385,9.483132552704774,6.105457890305843,25.006073668133467,8.870535873749759,3.6377618628321216,4.078601494678878,2.150512452532439,1.5288527817756403,1.1098084835830377,-0.892951129,3.3230626060283157,29.560995294972145,4.166386480908841,1.8052449859338822,18.236051509004028,8.757117568,1.083605157,-1.644837907,0.9599751331843436,0.3698241883317337,1.0568917560631235,0.5479754968546331,1.6026942094322294,0.7739308425971103,1.8713239248027094,11.623181868545544,0.48672493640947323,5.4425271991990485,0.5796114155506302,2.197620980703732,0.7444650592017865,1.2859777946798658,0.5819858149702668,1.1051223676186055,0.5547772732097656,8.315195246762869,7.612126116640866,8.664942165,10.458721657165142,8.045754581165966,1.884918071795255,0.6253329748945049,0.9510170759167522,2.789312489135881,1.365437996901619,2.109932685343665,1.0313798421993852,1.0412006109859249,0.7971522835058522,4.354419070354197,0.5532987248152494,0.47938571818627906,2.3350910519220633,0.935834707,3.633929524105042,2.8148654067513235,1.2964032089083162,1.2504140659900713,1.2560063421361747,1.6294019371094635,2.101254144608788,2.7355058423167975,1.0962566851915199,3.945704411645238,3.1194673438440077,32.61033272828536,1.2428168445985648,3.4895169883527615,5.305430082659768,0.5255860942529011,0.8632440137427579,0.6552168765338138,0.41349712747069134,11.239043457608204,3.1425159619539045,1.6201801374554634,0.8143679696368054,1.7630799890366688,0.052390397,40.600783427711576,41.39530434,23.72783118,3.4844218291691504,2.0349160835612565,0.7618936480648699,3.717109359823098,0.16252035773936768,1.6799255275982432,0.5280657224678862,0.571369856,0.6008835303800879,1.4997474204428727,1.2487007526797242,3.318874159391271,1.3269016407430172,0.7379197127118005,16.023115135729313,0.23806427960860788,0.2182933840667829,0.20371480862377211,0.28262378443014313,0.28388508402220936,0.20924236047812883,0.3318732770130737,1.740007113898173,0.32838209617329994,0.11269247622294642,45.39607275985327,2.0026171025826898,2.7907001398743887,2.898657583075533,1.179307385222387,0.9869164823321626,1.154133697180633,5.813610054290621,1.2091900908853859,0.9660530440305592,1.5359483292268123,1.2106507778975697,16.38996206611955,8.017975671536988,12.36718981526792,42.352880785707384,19.872305733728354,7.497615732880149,16.08631437413925,17.19247418642044,2.9608424361795187,50.12870475733985,22.557904244439214,20.662107542547574,29.42946683849584,9.079277799571173,0.2900308412608865,20.225518388160708,17.53168574512256,1.4036814159017013,11.470840865919854,5.675993600543734,18.833012064904324,13.859560806982586,15.984685637056828,4.380343513,96.84399438912078,75.82259924610116,1.055361676546454,71.35114057138162,-1.426266086,15.619979599685394,16.062081279997074,40.26283095977851,8.623138462690804,2.9455621766173863,2.0786973928188672,9.439027825974335,27.516844139434397,13.957668215618469,16.629313728772104,3.288961107493378,14.846169866155833,22.800607347744517,8.064204141730443,109.40325590688735,35.366091095726006,18.057679172605276,25.881271870806813,8.606981082004495,45.025896697930875
TEST_08+1일,3.679029431753179,14.71947239052679,6.040460268,2.130785092072415,0.46117407569103364,1.2740881543140858,6.201509858,-0.810755371,1.6733619580045342,0.4024975457111992,0.7502595008037645,0.19241942493948727,-0.187178842,0.16901773343852255,0.7186128424946219,-0.027981558,14.83520698976099,0.5532881880716047,0.065480351,16.575159019777857,6.439192306462246,0.8646720049750911,0.3758341596220305,0.6219765236601233,16.148727633153612,12.614968168489213,4.9653673883585725,30.06414507741107,7.246464032679796,2.920099444454536,3.302836737362668,3.0836482430022443,1.2274381343304412,0.7845796534238616,-0.709816764,2.9197650143723877,28.060195420395758,3.6514805927872658,2.1950381910428405,16.937812431273414,6.1466856598854065,0.9326804048760096,-1.766735796,0.6242929617874324,0.32673879170204145,0.9886578457894757,0.43666175047837896,1.1758138332515955,0.6681055605258734,1.5119477342814207,11.239109390713566,0.4401332179638757,5.156501297008617,0.7521822123744641,2.045298104571714,0.6682298828733906,1.1000606494326348,0.5223214368936624,0.6505905565928742,0.44880735596234445,8.126962290584515,7.045718188674073,8.882393799638749,9.914722493796944,6.217392814345658,1.4211560201074462,0.4587017604189896,1.1729379369309534,2.659820932049115,1.2994873575844395,1.8085193834267557,1.0156165221706033,0.973253473,0.7153659076320329,3.4872298032714752,0.5612907139584422,0.4520767613537373,1.8000990086438833,0.8338189930865383,2.8581360562238842,2.2505305535378284,1.227878336082881,1.1511799913037635,1.4215197105659172,1.583404503946042,2.0162536813692213,2.6156839773902902,1.0338586240947052,3.6078667640686035,2.937961307753085,27.566343331709504,1.0966375805437565,3.389177923263219,5.172485944,0.44440083496738225,0.8297594859120636,0.4720355187072922,0.2932128416141495,10.277010322228307,2.375060426071286,1.4562942313496023,0.7390461005270481,1.3681468482973287,0.029144764,30.900750428438187,34.13993252813816,21.177319266833365,3.0337960560864303,1.416757742932532,0.5908489814028144,3.768502953437064,0.13124078073201417,1.3910147137066815,0.5270035289914858,0.409855189,0.5053510451689363,1.1718690426641842,1.0687250393166323,3.140064738739966,1.1688378271937836,-0.261088115,15.949066223136242,0.2089491611684764,0.2271004137826509,0.20127581584051768,0.3077206060182678,0.2769272744699265,0.14955215079680784,0.368206139,1.244968426413834,0.3057381436815376,0.2109690642924278,39.73332522812416,2.0428181231925464,1.9161796369298827,2.8855583631765285,1.1513002157949472,0.9653473526668677,1.1575352444797105,4.513142049609954,1.1517404328333214,0.6257592500934948,1.3658626629039645,1.2482901971446836,17.15463176218782,8.887069282651282,36.47424025252349,73.27609408194985,20.01935575349671,8.710743978500432,15.92548267168521,-2.526877726,0.5456569490047514,50.97141374,24.48614033770764,23.55108591073713,28.992759119110353,9.038793306946445,-0.189576347,19.293981307186186,17.706092418726257,1.428532063124294,11.69829305033818,5.6250380580095225,19.968924470410457,14.853144850309036,4.7317824590855935,2.4757339786738157,97.24042064,74.37721128014891,2.4523405570944306,70.81455399733932,-1.003698952,15.748464088641413,15.695437238900922,41.02142234257917,8.592888391838642,2.8580968820128874,2.6297139679227257,9.763751553793554,16.281431332230568,19.03775083169694,29.527543951331836,10.721484491127285,7.075676307082176,28.678396467645143,17.449368632524966,137.2794505765778,40.44844535622542,20.711561498338142,42.12938193356922,11.341771120172325,41.122788261076494
TEST_08+2일,3.6767176235002808,14.69915022519126,6.042323687936914,2.1296689854769966,0.4611111436834605,1.2724913670681417,6.196025920441116,-0.822547341,1.6657597124576569,0.4026120339597128,0.7501032069491629,0.1919743657402364,-0.191577974,0.16012983238033485,0.6674028160050511,-0.031809764,14.819475632171816,0.553237738,0.061301094,16.557104094574242,6.4333892576396465,0.8635955560605453,0.37578435050040326,0.6216015319805592,16.168001659996662,12.62769677417782,4.9595731034642085,30.063906130063543,7.227365367114544,2.9101149191264994,3.2972897074650973,3.087068457622081,1.2210651539207902,0.7802688315277919,-0.711314557,2.9220086859277217,28.05396413024664,3.648178447969258,2.1984500344842672,16.917452536486962,6.077122159302235,0.9300446381530492,-1.777425348,0.6211226135492325,0.3263226165792048,0.9851414002287129,0.43659852658674936,1.1615034136921167,0.6677570852370991,1.499152873,11.23184367148042,0.43892236308056454,5.1527247770641225,0.7532924804036156,2.0446241560036356,0.6680325520182748,1.0990567206226842,0.521086026,0.6494577536352608,0.4472556613654888,8.124247353373903,7.041684727431857,8.879762355191815,9.911149168785869,6.209365773014724,1.4170698519446887,0.457579097,1.1729551839276589,2.660049904128755,1.3001414191385265,1.8063387917354703,1.0084708780050278,0.974295746,0.7153618390837839,3.4868394015938975,0.562230784,0.45173965543528993,1.798094724334078,0.833465788,2.8531803559453692,2.251628710924706,1.2283235932692946,1.151784640454764,1.423205690109171,1.583583118549626,2.016445185100963,2.619314608541572,1.0324846340233762,3.611992634498165,2.9343896129503264,27.55830965936184,1.094833115581423,3.390509043254724,5.168512998323422,0.44308013864792883,0.8302209139120578,0.4720468738747279,0.2917958020698279,10.254651277089579,2.3520304691046476,1.4554163557477295,0.7384332241490483,1.357569993540892,0.02848264,30.753272771835327,34.042141407728195,21.142348914872855,3.0263397556263953,1.402835458109621,0.5873665753751993,3.7702520857644686,0.1295941121177293,1.390000764738943,0.5266349227083538,0.4084427849193162,0.5024577961303294,1.165805381271639,1.066547926486237,3.1437301897385623,1.168416895,-0.26807758,15.946563995240695,0.20872775727548287,0.2269743526068453,0.2010956548445222,0.307715295,0.27704133622319205,0.1488444124806847,0.36803846759028147,1.2394920139122405,0.30553331191399025,0.21084395892853536,39.764609912526794,2.0420679299908215,1.9130933604756137,2.8863116479762994,1.150737167350485,0.9652477784075018,1.1575855311139023,4.5132821291918646,1.152285866,0.6261705554343848,1.3590938141569495,1.2487481961521212,17.15026933670515,8.873865722345727,36.470892679848475,73.32029711318683,20.008185675074856,8.704195324467037,15.925588633707143,-2.562181634,0.544232316,50.97148750781119,24.49144131751609,23.55378494757565,28.992725638321755,9.035822215738335,-0.207459943,19.30768310185522,17.696917635564205,1.4250466156267976,11.691516662890535,5.619077966428449,19.95978643606668,14.854087696236661,4.730441983724518,2.4537804070860147,97.19017805216572,74.33721065650752,2.403580264413904,70.80975385,-1.041568113,15.729069488159439,15.654281693965459,40.996342336267844,8.584327009312801,2.853042032544181,2.5587938403405133,9.731134696754452,16.165830597281456,19.04222611722662,29.52538357228991,10.71619558071734,6.961274191737175,28.685352407696882,17.447700104973592,137.3306872443136,40.47427247815358,20.714659236112766,42.13332504311029,11.345044552489526,41.15740652611203
TEST_08+3일,3.674405815,14.678828059855732,6.044187108079086,2.128552878881578,0.4610482116758803,1.2708869718480855,6.190541983209641,-0.834362877,1.6581334015354514,0.40272652220822636,0.7499469130945613,0.19152930654098554,-0.195984816,0.15122182290360797,0.6160820642253384,-0.035646211,14.803744274582641,0.5531872874780603,0.057113682851195335,16.539049169370628,6.4275862088179565,0.8625191071459994,0.37573454137878315,0.62122558,16.187275686837893,12.640425379868248,4.953758734089206,30.063667182716017,7.208197355270386,2.9000961646961514,3.291718216991285,3.090505174084683,1.2146723834157456,0.7759447857824853,-0.712800425,2.9242476045510557,28.047732840097524,3.644857288338244,2.201867629773915,16.89709264170233,6.007368236780167,0.9273988600543817,-1.7881149,0.6179445339366794,0.32590644145636816,0.9816249546679501,0.4365337965591607,1.1471546106040478,0.6674052572307119,1.4863232467323542,11.224577952246364,0.43771150819736704,5.148948257119628,0.7544056558399461,2.043950207435614,0.6678352211631591,1.0980516680838264,0.5198506143233317,0.6483249506775337,0.4457002792332787,8.121532416163063,7.037632089064573,8.877130910744654,9.907575843775248,6.201322036795318,1.4129671356640756,0.4564540149985987,1.1729724309243643,2.660279632000311,1.3007941411397042,1.804146673064679,1.0013024667277932,0.9753372889808816,0.7153577705355345,3.486434790669591,0.5631895791739225,0.45140255,1.796078688785201,0.8331124942851602,2.8482013855245896,2.2527213017456234,1.228768850455765,1.1523892896057077,1.4248947988962755,1.5837617331531817,2.0166366888326763,2.6229452396933084,1.0311106439520472,3.6161161320578685,2.930817918147568,27.550241833552718,1.0930202673189342,3.391840163246229,5.164540052325719,0.44175721250940114,0.8306823419119951,0.4720582290421653,0.2903759826440364,10.23229223195085,2.328939339146018,1.4545320994220674,0.7378169138683006,1.3469931387835459,0.027820515,30.605360746383667,33.944042444229126,21.107240094803274,3.018856711278204,1.388875000004191,0.5838741189800203,3.7720012180921003,0.12794744350367182,1.388982945267344,0.5262663164252217,0.4070252676392556,0.4995560781098902,1.1597235977096716,1.064362258723122,3.147393746818125,1.1679915714121307,-0.275082251,15.94406176734492,0.20850635338246093,0.2268482914310539,0.20091549384849827,0.3077099848478482,0.27715555361646693,0.1481352482078364,0.36787079623559293,1.2340048172918614,0.30532848014644287,0.21071885356465714,39.79586055671098,2.0413177367890967,1.909993044915609,2.887064932776184,1.1501741189059658,0.9651447655305674,1.157635817748094,4.513422208773775,1.1528291088761762,0.626581861,1.3523033363744617,1.249206195159502,17.145906911222028,8.860662162040171,36.46754510717392,73.36450014,19.99701559665118,8.697646670433642,15.925694595729077,-2.597485543,0.5428076836440141,50.97156127312099,24.496742297324545,23.55648398,28.992692157533153,9.032851125,-0.225343539,19.32135966233909,17.687742852403062,1.4215611681293012,11.684740275442891,5.613117874847376,19.950648401721992,14.855030542164172,4.729101508363442,2.4317704252898693,97.13993546229904,74.29721003286613,2.3548199717333773,70.80495371,-1.079437273,15.709674887677465,15.613126149029995,40.971262329960155,8.575765627,2.8479871830759294,2.487873712751025,9.69851784,16.049925550818443,19.046701402755843,29.52322319324776,10.71090667030694,6.846591800451279,28.69230834774862,17.446031577422445,137.38192391205666,40.5000996,20.717756973887845,42.13726815265136,11.348317984807181,41.19202479114756
TEST_08+4일,3.672094006994712,14.658505894520204,6.046050528221031,2.127436772,0.46098527966830716,1.2692749684210867,6.185058045978167,-0.846201983,1.6504830243065953,0.40284101045675413,0.7497906192399597,0.19108424734167784,-0.200399369,0.1422937045863364,0.5646505868062377,-0.039490898,14.788012916993466,0.5531368371812917,0.052918119,16.520994244168833,6.421783159995357,0.8614426582314536,0.37568473225716303,0.6208486675168388,16.206549713680943,12.653153985558674,4.947924279535073,30.06342823536849,7.188959989696741,2.890043180756038,3.2861222655919846,3.0939583928266075,1.2082598221459193,0.7716075158532476,-0.714274365,2.9264817699695413,28.041501549948407,3.6415171129629016,2.205290976446122,16.876732746915877,5.937423869967461,0.9247430703471764,-1.798804452,0.6147587257437408,0.3254902663335315,0.9781085091071873,0.4364675603737851,1.1327674314379692,0.6670500765249017,1.4734588656574488,11.217312233013217,0.43650065331405585,5.145171737175133,0.7555217387198354,2.043276258867593,0.6676378903080433,1.0970454917851384,0.5186152030381663,0.6471921477198066,0.4441412094711268,8.118817478952451,7.033560273208423,8.874499466297493,9.904002518764173,6.193261602893472,1.4088478706398746,0.45532651386383804,1.172989677921068,2.6605101156956152,1.3014455235479545,1.801943028345704,0.994111287,0.9763781030897007,0.7153537019872851,3.4860159702511737,0.5641670944169164,0.4510654435984236,1.7940509018517332,0.8327591115143491,2.8431991442630533,2.2538083257095423,1.2292141076421785,1.1529939387567083,1.4265870365779847,1.5839403477567373,2.016828192564418,2.626575871,1.0297366538807182,3.6202372567258863,2.9272462233448096,27.54213985428214,1.0911990348249674,3.3931712832377343,5.160567106328472,0.44043205631896853,0.8311437699119324,0.472069584,0.2889533834531903,10.20993318681576,2.3057870361953974,1.453641462372616,0.7371971692191437,1.3364162840261997,0.027158390829072232,30.457014337182045,33.8456357,21.071992804761976,3.011346922488883,1.374876367393881,0.5803716094233096,3.773750350419732,0.12630077488938696,1.3879612552045728,0.5258977101420896,0.405602637,0.49664588971063495,1.153623691672692,1.0621680357435253,3.1510554099368164,1.1675618551853404,-0.282102127,15.941559539449372,0.2082849494894674,0.2267222302552483,0.20073533285250278,0.3077046742626388,0.27726992662792327,0.1474246579218743,0.3677031248809044,1.228506836494489,0.3051236483788671,0.2105937482007647,39.82707716053119,2.040567543587372,1.9068786899151746,2.887818217575955,1.1496110704615035,0.965038314,1.157686104382286,4.513562288355686,1.1533701628213748,0.6269931661161081,1.3454912304878235,1.2496641941669395,17.14154448573936,8.847458601734616,36.46419753449936,73.40870317566078,19.985845518227507,8.691098016400247,15.92580055775101,-2.632789452,0.5413830509635318,50.97163503843078,24.502043277132543,23.55918302125292,28.992658676744554,9.029880033,-0.243227136,19.335010989569128,17.67856806924192,1.4180757206318049,11.677963887995247,5.607157783266302,19.941510367377305,14.855973388091684,4.727761033002253,2.409704041,97.08969287242508,74.25720940922474,2.3060596790528507,70.80015356717513,-1.117306434,15.690280287195492,15.571970604094531,40.946182323652465,8.567204244,2.842932333607223,2.4169535851688124,9.665900982676249,15.93371619284153,19.051176688285523,29.521062814205834,10.705617759896995,6.731629133224487,28.69926428780036,17.444363049871072,137.43316057979246,40.52592672200626,20.720854711662923,42.14121126219243,11.351591417124837,41.22664305618673
TEST_08+5일,3.669782198742041,14.638183729184675,6.0479139483632025,2.1263206656907414,0.46092234766073403,1.2676553570199758,6.1795741087462375,-0.858064657,1.6428085826337337,0.4029554987052677,0.7496343253853581,0.19063918814242697,-0.204821634,0.1333454770501703,0.513108381,-0.043343825,14.772281559402472,0.553086387,0.048714402,16.50293931896522,6.4159801111727575,0.8603662093169078,0.3756349231355429,0.6204707946162671,16.225823740523992,12.665882591249101,4.94206974,30.063189288020965,7.169653262943029,2.879955966374837,3.280501852714224,3.097428114080685,1.2018274695437867,0.7672570214490406,-0.715736379,2.9287111822304723,28.03527025979929,3.638157923705876,2.2087200738023967,16.856372852129425,5.867289066314697,0.9220772688495344,-1.809494004,0.6115651880390942,0.32507409121069486,0.9745920635464245,0.4363998179851478,1.1183418687433004,0.6666915429887013,1.4605597257614136,11.210046513780071,0.43528979843085835,5.141395217231093,0.756640729,2.0426023102995714,0.6674405594528992,1.096038191700245,0.5173797917528873,0.6460593447621932,0.44257845200627344,8.116102541741839,7.0294692790921545,8.871868021850332,9.900429193753553,6.185184473,1.4047120567411184,0.4541965936405177,1.1730069249177735,2.6607413552246726,1.3020955663614586,1.7997278552502394,0.9868973400443792,0.9774181879629396,0.7153496334390361,3.4855829400912626,0.5651633311063051,0.45072833768000464,1.7920113631844288,0.8324056398268453,2.838173631898826,2.2548897828019108,1.229659364828649,1.153598587907652,1.4282824037363753,1.584118962360293,2.0170196962961313,2.6302065019963266,1.0283626638093892,3.6243560084385535,2.9236745285415964,27.534003719687462,1.0893694180995226,3.3945024032292395,5.156594160330769,0.4391046706587076,0.8316051979118697,0.47208093937703843,0.2875280048465356,10.187574141677032,2.282573563978076,1.4527444443665445,0.7365739905508235,1.3258394292688536,0.026496266,30.30823354423046,33.74692113697529,21.036607042187825,3.0038103886763565,1.3608395602495875,0.5768590490333736,3.775499482747364,0.1246541062751021,1.3869356944560423,0.5255291038589576,0.4041748937233933,0.4937272323295474,1.1475056630006293,1.0599652574455831,3.1547151790473436,1.1671277466193715,-0.28913721,15.939057311553825,0.20806354559644546,0.2265961690794427,0.20055517185650729,0.307699364,0.27738445525756106,0.14671264160824649,0.36753545352623007,1.222998071272741,0.3049188166113197,0.2104686428368865,39.85825972259045,2.039817350385647,1.903750295372447,2.8885715023757257,1.1490480220170411,0.964928424,1.1577363910164777,4.513702367937597,1.1539090274600312,0.6274044714569982,1.3386574946343899,1.2501221931743771,17.13718206025669,8.834255041427241,36.460849961824806,73.45290620689775,19.974675439803832,8.684549362366852,15.925906519772944,-2.66809336,0.5399584182830495,50.97170880374058,24.507344256940996,23.56188205809144,28.992625195955956,9.026908942,-0.261110732,19.348637082614005,17.669393286079867,1.4145902731343085,11.671187500547603,5.601197691685229,19.932372333033527,14.856916234019309,4.726420557641177,2.3875812496989965,97.03945028255839,74.21720878558335,2.257299386372324,70.79535342378722,-1.155175594,15.670885686713518,15.530815059159067,40.92110231734114,8.558642862,2.8378774841385166,2.346033457579324,9.633284125637147,15.817202553153038,19.055651973815202,29.51890243516391,10.70032884948705,6.616386234760284,28.70622023,17.442694522319698,137.48439724752825,40.55175384393078,20.723952449438002,42.14515437,11.354864849442038,41.261261321222264
TEST_08+6일,3.667470390489143,14.617861563849146,6.049777368505147,2.125204559095323,0.4608594156531538,1.2660281376447529,6.174090171514763,-0.869950901,1.635110073722899,0.40306998695378127,0.7494780315307565,0.1901941289431761,-0.209251609,0.12437713975668885,0.4614554437575862,-0.047204993,14.756550201813297,0.5530359365877544,0.044502531,16.484884393761604,6.410177062351067,0.8592897604023619,0.3755851140139157,0.6200919612892903,16.245097767365223,12.678611196937709,4.936195114,30.06295034067344,7.150277193635702,2.869834520824952,3.2748569779796526,3.100914338414441,1.1953753255947959,0.7628933022933779,-0.717186466,2.930935841,28.029038969651083,3.6347797214984894,2.212154923006892,16.836012957342973,5.796963803470135,0.9194014551976579,-1.820183556,0.6083639189600945,0.3246579160878582,0.9710756179856617,0.4363305693586881,1.1038779262453318,0.6663296565457131,1.4476258233189583,11.202780794546015,0.43407894354754717,5.137618697286598,0.7577626271122426,2.041928362,0.6672432285977834,1.0950297678155039,0.5161443804677219,0.6449265418044661,0.441012007,8.113387604531226,7.025359107,8.869236577403171,9.896855868742477,6.177090645767748,1.4005596934148343,0.45306425435956044,1.173024171914479,2.6609733506038538,1.3027442695201898,1.797501156,0.9796606255695224,0.9784575435842271,0.7153455648907867,3.4851356999133714,0.5661782920360565,0.4503912317615857,1.7899600725650089,0.8320520792216826,2.8331248477916233,2.255965673,1.2301046220150624,1.1542032370586526,1.4299809000222012,1.584297576963877,2.017211200027873,2.6338371331476083,1.026988673738174,3.6284723871413007,2.920102833738838,27.52583342976868,1.0875314166769385,3.3958335232207446,5.152621214333067,0.43777505517937243,0.832066626,0.4720922945444741,0.2860998462419957,10.165215096541942,2.2592989169061184,1.451841045403853,0.7359473776305094,1.315262574512417,0.025834142,30.159018367528915,33.64789876,21.001082802540623,2.996247109025717,1.3467645768250804,0.5733364364132285,3.777248615074768,0.12300743766081723,1.3859062629198888,0.5251604975758255,0.40274203678927734,0.4908001059666276,1.1413695109513355,1.0577539235819131,3.1583730541242403,1.166689245550515,-0.296187499,15.93655508365805,0.20784214170345194,0.2264701079036513,0.2003750108605118,0.3076940530922192,0.27749913953448413,0.14599919923421112,0.36736778217154153,1.2174785212700954,0.3047139848437723,0.21034353747299406,39.88940824,2.039067157183922,1.900607860792661,2.8893247871756103,1.148484973572522,0.964815094,1.1577866776506696,4.513842447519508,1.1544457027921453,0.6278157767978314,1.3318021316081285,1.2505801921818147,17.132819634774023,8.821051481121685,36.457502389149795,73.49710923813473,19.963505361380157,8.678000708333457,15.926012481794878,-2.703397269,0.5385337856025671,50.971782569050376,24.512645236748995,23.564581094929963,28.992591715167357,9.023937851,-0.278994328,19.362237943336368,17.660218502918724,1.4111048256368122,11.664411113099959,5.595237600104156,19.92323429868884,14.85785907994682,4.725080082279987,2.3654020503163338,96.98920769268443,74.17720816194196,2.2085390936990734,70.79055328039931,-1.193044754,15.651491086231545,15.489659514223604,40.89602231103345,8.550081479,2.832822635,2.2751133299971116,9.600667268598045,15.700384557247162,19.060127259344426,29.516742056121757,10.69503993907665,6.500863075256348,28.71317616790384,17.44102599476855,137.53563391526404,40.57758096585894,20.727050187212626,42.149097481274566,11.358138281759693,41.29587959
TEST_08+7일,3.6651585822364723,14.597539398513618,6.051640788647319,2.1240884524999046,0.4607964836455807,1.264393309596926,6.168606234283288,-0.881860712,1.627387499436736,0.40318447520229483,0.749321738,0.18974906974392525,-0.213689296,0.11538869253126904,0.4096917735878378,-0.051074402,14.740818844224123,0.5529854862909858,0.040282507,16.46682946855799,6.404374013528468,0.8582133114878161,0.3755353048922956,0.6197121675941162,16.264371794208273,12.691339802628136,4.930300401727436,30.062711393325912,7.130831766873598,2.8596788436407223,3.2691876404569484,3.1044170660170494,1.1889033898914931,0.7585163580515655,-0.718624626,2.9331557465884543,28.022807679501966,3.631382502615452,2.2155955233611166,16.81565306255652,5.726448111236095,0.9167156293988228,-1.830873108,0.6051549213007092,0.32424174096502156,0.9675591724248989,0.436259814,1.0893756076693535,0.6659644171704713,1.4346571639180183,11.19551507531287,0.432868089,5.133842177342103,0.758887433,2.041254413163472,0.6670458977426676,1.094020220083621,0.5149089691825566,0.6437937388468526,0.4394418736847001,8.110672667320614,7.021229755700915,8.866605132956238,9.893282543731402,6.1689801244065166,1.3963907805591589,0.45192949591728393,1.1730414189111844,2.6612061018495297,1.3033916330223292,1.795262928120792,0.9724011421203613,0.9794961699262785,0.7153414963425377,3.4846742493100464,0.5672119725495577,0.4500541258431383,1.7878970298625063,0.83169843,2.828052791301161,2.257035995760816,1.230549879201476,1.1548078862096531,1.431682525551878,1.5844761915674326,2.0174027037595863,2.6374677642993447,1.025614683666845,3.632586392810481,2.9165311389360795,27.51762898825109,1.0856850314885378,3.3971646432122498,5.148648268335819,0.43644320988096297,0.8325280539117443,0.47210364971191154,0.2846689081052318,10.142856051403214,2.235963101,1.4509312657173723,0.7353173306910321,1.3046857197550707,0.025172017,30.009368807077408,33.548568576574326,20.965420084190555,2.9886570831004065,1.3326514168584254,0.5698037715628743,3.778997747,0.12136076904675974,1.3848729605597327,0.5247918912926934,0.4013040664867731,0.4878645087592304,1.1352152354374994,1.055534034028824,3.162029035109299,1.1662463519060111,-0.303252995,15.934052855762502,0.20762073781045842,0.2263440467278457,0.2001948498645163,0.3076887425070094,0.2776139794223127,0.14528433077430236,0.367200111,1.2119481864574482,0.30450915307622495,0.21021843210911584,39.920522719679866,2.038316963982197,1.8974513860157458,2.890078071975381,1.1479219251280597,0.9646983263373841,1.1578369642848614,4.513982527101419,1.1549801887013018,0.6282270821387215,1.324925140477717,1.2510381911891955,17.128457209291355,8.807847921,36.45415481647524,73.54131227,19.952335282956483,8.671452054300062,15.926118443816812,-2.738701178,0.5371091529220848,50.97185633436017,24.517946216557448,23.567280131768484,28.992558234378755,9.02096676,-0.296877925,19.37581356987357,17.65104371975758,1.4076193781397706,11.657634725651405,5.589277508522173,19.914096264344153,14.858801925874332,4.723739606918912,2.343166446313262,96.93896510281775,74.13720753830057,2.159778801018547,70.78575313701094,-1.230913915,15.632096485749571,15.44850396928814,40.87094230472212,8.541520096682689,2.827767785201104,2.204193202407623,9.568050411558943,15.583262249827385,19.064602544874106,29.514581677079832,10.689751028666706,6.385059639811516,28.72013210795558,17.439357467217178,137.58687058299984,40.60340809,20.730147924987705,42.153040590815635,11.361411714077349,41.33049785129333
TEST_09+1일,3.418377782014204,13.971386659448399,5.965239771638608,2.250200487445909,0.49331440579737285,1.7638017593631048,6.481195924203348,0.5517226121842214,1.4329896830022335,0.4051906694094072,0.29119711247767555,0.20753257260628288,0.2329203724607396,1.2498022907649897,6.614329083270604,0.4210343158210321,16.271927496884018,0.5586904728484079,0.5346813948023055,17.494510758922843,6.728983422970487,0.7914220521003017,0.3855093275713237,0.504953328,11.04497437790269,13.109639729887931,5.938613608157993,24.40780253126286,11.67998419639025,4.871865752908889,2.761060176853789,3.2411186108365655,2.3852324790198054,0.5760136283934116,-0.493187003,2.8233393144328147,27.063757470266864,2.4587607315334026,2.2901927923740004,22.122251117776614,17.744289511491843,1.524638188,-1.133261262,1.0970593295002544,0.3063627746929001,0.92747255,0.512227973,3.5520091402850085,0.504145097,1.120407210662961,16.032813299447298,0.3897369039203795,6.225436927008559,0.5719944742848213,2.235244893701747,0.6166814979451374,1.1213417910125827,0.4841997715770958,1.0144572488497943,0.3272723100053554,7.505774248008493,7.942911898033344,8.726166357160764,10.321468879468739,7.175124063263638,1.1353776506584836,0.5990945390836515,0.858985145,2.810178400406585,0.9925011989143968,1.8018294154753676,0.9041927168145776,0.9908536436278155,0.7014873473092322,3.2296337569860043,0.5315504096797667,0.42737011952578996,1.637913750280859,0.8208131085477248,2.383158886048477,1.798769809975056,1.2095556465399113,1.1485740567790117,1.3140892488751774,1.8062748338561505,1.9597083607559043,2.711818655510797,0.9975362851130285,3.6579045116959605,2.5349983733613044,20.734783834021073,1.0624086954630911,3.340525230159983,4.9770794126170586,0.5340102356054217,0.8518218965284632,0.41915188859270813,0.24330316964915255,10.723896553739905,1.8587484564632177,1.349903077352792,0.9547424761461798,2.876469715498388,0.084525015,58.598232359272515,30.413356333971024,16.967064805328846,4.501528269359369,3.5891003309295684,0.4569224142469466,3.390024078946226,0.11059385584235315,1.1531872830819339,0.5679589087976922,0.6954728148016329,1.0289723736332235,0.7451463900506496,0.8834883533709217,2.855055256430205,1.0758355814032257,-0.453880446,15.913406506274214,0.3215794436919168,0.24434615429015594,0.20598115870706124,0.32359674268061056,0.27115714058267315,0.21939837199685996,0.35049943038029596,0.8697144286416005,0.30048230475873083,0.23094173779004734,38.59532046696404,1.9104617702610085,1.544396695549949,2.8013410216839816,1.063509675001228,0.7862114395866229,1.0544240556910154,4.294342652904561,0.9209587103505328,0.6394702714617324,1.1316936844959855,1.1801090498628923,15.062752577169704,7.211752834258732,43.174051688267355,73.95953225,17.52972883617258,7.304705194,14.136726897344033,-3.492623954,0.42012623569235075,44.96840416113537,21.409119453071966,20.50297332099217,26.557029815048736,7.960367546457746,8.400291127327364,13.94238418340683,15.44213831813613,1.1517686590286758,10.245499088909128,4.801780428797429,17.356372572679902,12.902730710804917,4.049854325644674,5.8437533711755805,82.52232233104587,63.07914020597673,0.32425453429459594,61.29718609183328,-2.243673915,13.051886532761273,12.429191491468373,35.04481068109453,7.181274063,2.337603950236371,-0.320932465,7.355324490348721,14.434322699904442,8.555429764091969,29.80647370838733,10.376804921342227,24.084943187015597,15.032480001449585,3.5456035435199738,147.71018644993455,27.249839894473553,26.52557689979949,48.806399052777124,12.449176966225423,36.750049832160585
TEST_09+2일,3.415767452762111,13.95100498685315,5.966869215248607,2.249349102099245,0.4933090087217247,1.765382909821028,6.476496468828827,0.5499140973042813,1.4247379899024963,0.4053028343113283,0.287734308,0.20713861269018707,0.23177633376701579,1.249198723345728,6.608775509409497,0.42062195174457884,16.259503050443527,0.5586519958001155,0.5339581082290579,17.479047918050128,6.724000911705389,0.7902868755378449,0.385478364,0.5041055975652853,11.02776198682841,13.122445909189992,5.940740298638275,24.367076092399657,11.69006515044839,4.875870618283443,2.7532555409125052,3.245229513384402,2.3870312133462903,0.5710419351235032,-0.493155277,2.8247058908455074,27.05623834232574,2.450237284647301,2.293702066017431,22.13835246383678,17.75488077008049,1.526112876080333,-1.140233616,1.0971656952141018,0.30593718758598243,0.9240593606150469,0.51274138,3.5539332604205356,0.5030433210449701,1.1067293919622898,16.060057647526264,0.38851305536923064,6.2299783883063355,0.5718775241295759,2.235933456919156,0.6161750120527358,1.1207659510381518,0.4829734012961353,1.0158658151049167,0.32531800890137674,7.502184268352721,7.946298852065411,8.723431632839038,10.32380092330277,7.174140832002308,1.1301493256905815,0.5989884831771093,0.8568898684352462,2.811043732017424,0.9917067895912623,1.7995525779551826,0.8968999590724707,0.991793883,0.701460808,3.2277610020682914,0.5328598151827464,0.4270117568908631,1.6351416654069908,0.8204852928594448,2.3761725319491234,1.7975992506180773,1.2099446950660422,1.1491391480463449,1.3145656959474081,1.808099226327613,1.9597948774377585,2.7153985117433876,0.9961818142087395,3.661548766409396,2.529672050382942,20.69772211497184,1.0604625949636102,3.341919853206491,4.973371747356396,0.5335804399801987,0.8522939130568261,0.4190746523904991,0.24179030465893447,10.710051176138222,1.834985725581646,1.3485194090753794,0.955548557,2.877528242766857,0.084356356,58.63499047,30.304478332400322,16.91508997231722,4.504886684333542,3.590934033,0.4530678768642247,3.3901945365523716,0.10900901615855219,1.1511915819719434,0.5676804757781326,0.6961354106283579,1.029645089,0.737606774,0.8805729380474077,2.8569096361025004,1.0749575505033135,-0.461129867,15.91099456195252,0.3218482873890025,0.2442560195444088,0.2058193737763645,0.3236181344940743,0.271208543,0.21927137883642445,0.3501123586902395,0.8631032468547346,0.3002807755684671,0.23085733707229394,38.61591652804054,1.9095356232306813,1.5397382663213648,2.801911011,1.062833781603672,0.7852546452122624,1.0541074875964114,4.294111394,0.9203711914888117,0.6398809874171434,1.1242391653358936,1.180427147,15.055160646373224,7.196529195536641,43.18209678968287,74.00230978846594,17.515065167641296,7.296196941965718,14.133849015056512,-3.527478129,0.4185756130973459,44.958480208701076,21.40898760775029,20.500439339384457,26.552947010426124,7.955774237989772,8.411438824172365,13.930512484163046,15.429729614299504,1.1480254602729474,10.236700135976207,4.794797227452364,17.343418115715394,12.900370785412179,4.047456446758588,5.845507915517601,82.45050004442601,63.02265807669755,0.2747928390308516,61.27681784761262,-2.281400344,13.029132294785086,12.384997443579778,35.01124181,7.170861382184739,2.3319772555278178,-0.392631878,7.320598723392322,14.318419814109802,8.495350003242493,29.80491917999325,10.37125531732545,24.089108128933276,14.954211242496967,3.4592019245028496,147.7759066796425,27.185274071991444,26.538198894579182,48.82130109548416,12.454117324049093,36.745274923276156
TEST_09+3일,3.4131571235102456,13.93062331425972,5.968498658858607,2.2484977167525813,0.49330361164607606,1.766964060278724,6.471797013454761,0.5481055824245686,1.4164626076817513,0.4054149992132494,0.2842637834692141,0.2067446527741481,0.23063229507329197,1.2485951559264663,6.603221936,0.4202095876680687,16.247078604003036,0.5586135187518231,0.5332348216556966,17.463585077175594,6.719018400439836,0.7891516989755019,0.38544740111709075,0.5032560940016992,11.01046832773136,13.135252088490233,5.942866989118556,24.326255599269643,11.70014610450744,4.879875483657543,2.7454238614300266,3.249357046559453,2.3888299476730026,0.5660567288286984,-0.493109571,2.8260664558038116,27.04871921438462,2.4416863128135446,2.297216944032698,22.154534405039158,17.765472028668228,1.527587563834686,-1.147199801,1.0972720609279634,0.3055116004791216,0.9206461716794365,0.5132547862713182,3.5558573805558353,0.50193702,1.0930174328386784,16.087380576878786,0.3872892068179681,6.2345389630354475,0.5717605739743306,2.236625048215501,0.6156678146353443,1.1201901110637777,0.4817470310151748,1.0172800098080188,0.32335951700952137,7.498594289,7.949685806097023,8.720696908517539,10.326148074120283,7.173157600740865,1.1249034066713648,0.5988824272705671,0.8547897831667797,2.8119109493454744,0.9909084571736457,1.7972646997659467,0.8895856253802776,0.9927332531806314,0.7014342695515978,3.225872230483219,0.5341875439335126,0.42665339425599313,1.632357169612078,0.8201574771711364,2.3691606592037715,1.7964192989456933,1.210333743592173,1.1497042393136212,1.3150421430196388,1.8099274863488972,1.9598813941196056,2.7189783679759785,0.9948273433044506,3.6651899094722467,2.524341835,20.66057476,1.0585083956830204,3.3433151422650553,4.969665166017876,0.5331506443549756,0.85276593,0.4189974161882901,0.24027464360915474,10.696225248277187,1.8111644219607115,1.3471288655418903,0.9563546385099926,2.878612375818193,0.084188788,58.67174857407008,30.195292130112648,16.86295522749424,4.508245099308169,3.5927677343393043,0.4492032565176487,3.3903624312479224,0.10742417647452385,1.1491904826834798,0.5674020427586015,0.6967980064550261,1.0303178050969564,0.7300475994125009,0.877648157,2.858758916219813,1.0740746101364493,-0.468393913,15.908582617630827,0.32211800807453983,0.24416588479867585,0.20565758884565355,0.323639526,0.27125994560532973,0.21914438567600314,0.34972468586056493,0.8564798751176568,0.3000792463782034,0.23077293635453344,38.636460951995105,1.9086094762002404,1.535063803414232,2.8024810011550585,1.0621578882061726,0.784293054,1.0537903364524936,4.293880135452639,0.9197795277686964,0.6402917033724975,1.1167631521821022,1.1807452439137194,15.047568715577654,7.181305557,43.19014189,74.04508732,17.500401499110012,7.287688689723836,14.130971132768991,-3.562332303,0.4170249905021137,44.948556256266784,21.408855762428615,20.497905357776744,26.548864205803056,7.951180929521797,8.422627745923819,13.918570384383202,15.417320910464696,1.144282261517219,10.227901183042377,4.787814026108208,17.330463658749068,12.898010860019667,4.045058567872729,5.847262459859621,82.37867775780614,62.966175947425654,0.22533114376710728,61.25644960339196,-2.319126773,13.006378056812537,12.340803395691182,34.97767293873403,7.160448701595669,2.326350560818355,-0.464331291,7.285872956435924,14.202231749892235,8.435129202902317,29.803364651599168,10.365705713308671,24.09327307,14.875755473971367,3.3726145923137665,147.84162690935045,27.12050674110651,26.550820889360693,48.836203138193014,12.45905768187231,36.740408878191374
TEST_09+4일,3.4105467942581527,13.910241641666289,5.970128102468607,2.2476463314059174,0.4932982145704279,1.7685452107366473,6.467097558080241,0.546297068,1.4081635354086757,0.40552716411517054,0.28078553945670137,0.2063506928580523,0.22948825637956816,1.2479915885072046,6.597668361686374,0.4197972235916154,16.234654157564364,0.5585750417035307,0.5325115350823353,17.44812223630106,6.7140358891742835,0.7880165224130451,0.38541643788997604,0.5024048168288573,10.993093398399651,13.148058267792294,5.944993679598838,24.28534104989376,11.710227058565579,4.883880349032097,2.737565138086211,3.253501208499074,2.3906286819994875,0.5610580095089972,-0.493049884,2.827421009307727,27.041200086443496,2.433107814984396,2.3007374266162515,22.17079694441054,17.776063287256875,1.5290622515892665,-1.154159818,1.0973784266418107,0.305086013,0.9172329827438261,0.5137681927191693,3.5577815006913625,0.5008261935836344,1.0792713295668364,16.114782087504864,0.3860653582668192,6.239118651865283,0.5716436238190852,2.2373196670087054,0.6151599057002386,1.1196142710893469,0.480520661,1.0186998315621167,0.3213968342242879,7.495004309041633,7.953072760128634,8.717962184195812,10.328510329592973,7.172174369479421,1.1196398926986149,0.5987763713640106,0.8526848892470298,2.812780052434391,0.9901062015305797,1.7949657806457253,0.8822497166693211,0.993671755,0.7014077306727771,3.2239674419979565,0.5355335962231038,0.42629503162112314,1.629560262823361,0.8198296614828564,2.3621232669975143,1.7952299548778683,1.2107227921183608,1.1502693305808975,1.3155185900918696,1.811759614618495,1.9599679108014598,2.722558224209024,0.9934728724002753,3.668827940844494,2.5190077289007604,20.623341761354823,1.0565460976213217,3.344711097452091,4.9659596686587975,0.5327208487297526,0.853237946,0.4189201799860882,0.23875618651072728,10.682418773882091,1.7872845437377691,1.345731446519494,0.9571607196919558,2.879722117446363,0.084022312,58.70850668146886,30.085797742009163,16.81066057831049,4.511603514282342,3.594601436044286,0.4453285522758961,3.3905277629874035,0.10583933679072288,1.1471839847508818,0.56712361,0.6974606022816943,1.030990520828766,0.7224688697606325,0.874714009,2.860603096520208,1.0731867605354637,-0.475672583,15.906170673309134,0.32238860575307626,0.2440757500529287,0.2054958039149568,0.32366091812100173,0.2713113481166616,0.21901739251556762,0.3493364118912723,0.8498443131247768,0.29987771718793965,0.23068853563678005,38.65695373719791,1.9076833291699131,1.5303733066248242,2.803050991,1.0614819948086165,0.7833266673296748,1.053472602241527,4.293648876726678,0.9191837190555816,0.6407024193279085,1.1092656450346112,1.181063340939147,15.039976784781175,7.166081918092459,43.19818699251573,74.08786485927703,17.485737830578728,7.279180437481955,14.128093250481925,-3.597186477,0.4154743679068815,44.9386323,21.40872391710694,20.495371376169032,26.54478140117999,7.946587621053823,8.433857893774984,13.906557880342007,15.404912206628069,1.1405390627614906,10.219102230109456,4.7808308247640525,17.31750920178274,12.895650934626929,4.042660688986643,5.849017004201642,82.30685547118628,62.90969381814648,0.17586944850336295,61.23608135917311,-2.356853203,12.98362381883635,12.296609347802587,34.94410407,7.150036021007509,2.3207238661098017,-0.536030704,7.251147189479525,14.085758581757545,8.374767363071442,29.801810123205087,10.360156109292802,24.097438012767725,14.797112725675106,3.2858415618538857,147.9073471390584,27.055537909269333,26.563442884142205,48.85110518090005,12.46399803969598,36.73545169516001
TEST_09+5일,3.4079364650060597,13.889859969072859,5.9717575460786065,2.2467949460592536,0.49329281749477927,1.7701263611945706,6.462398103,0.5444885526651433,1.3998407730832696,0.40563932901709165,0.2772995756022283,0.2059567329419565,0.22834421768573065,1.247388021087886,6.592114787825267,0.4193848595151053,16.222229711123873,0.5585365646552383,0.531788249,17.432659395426526,6.709053377908731,0.786881346,0.3853854746628613,0.5015517659940087,10.975637195515446,13.160864447092536,5.947120370078892,24.24433244066313,11.720308012623718,4.887885214406651,2.7296793699788395,3.257661996409297,2.3924274163259724,0.5560457780957222,-0.492976216,2.8287695518229157,27.033680958502373,2.4245017906359863,2.304263513920887,22.18714008340612,17.786654545845522,1.5305369393436195,-1.161113665,1.097484792355658,0.30466042626528633,0.913819794,0.5142815991670773,3.559705620826662,0.4997108420939185,1.065491084009409,16.142262175679207,0.3848415097156703,6.243717455290607,0.5715266736638398,2.2380173139972612,0.6146512852083106,1.119038431114916,0.47929429045336747,1.0201252810657024,0.3194299604438129,7.4914143293858615,7.956459714160701,8.715227459874086,10.330887691583484,7.1711911382180915,1.114358783,0.5986703154574684,0.8505751864904596,2.813651041329649,0.9893000225747528,1.7926558202016167,0.8748922320082784,0.9946093879289037,0.7013811917939599,3.2220466361468425,0.5368979724880774,0.42593666898625315,1.6267509445024189,0.819501846,2.355060354748275,1.794031217956217,1.2111118406444916,1.1508344218481739,1.3159950371641003,1.813595610903576,1.960054427483307,2.726138080441615,0.9921184014959863,3.6724628603660676,2.51366973,20.586023122188635,1.0545757012441754,3.346107718796702,4.962255255291893,0.5322910531045295,0.8537099626419149,0.4188429437838792,0.23723493321449496,10.668631751090288,1.7633460965007544,1.3443271529395133,0.957966801,2.880857467651367,0.083856928,58.745264788867644,29.975995153188705,16.758206002414227,4.514961929256515,3.5964351377490402,0.4414437650702894,3.3906905316616758,0.10425449710692192,1.1451720886398107,0.5668451767195108,0.6981231981084193,1.0316632365606324,0.7148705832660198,0.8717704953451175,2.862442177025514,1.0722940010018647,-0.482965878,15.903758728987214,0.32266008046553907,0.24398561530719576,0.20533401898424586,0.32368230993446545,0.2713627506279934,0.21889039935514631,0.34894753678236157,0.8431965606141603,0.2996761879976759,0.23060413491901954,38.677394881960936,1.9067571821394722,1.5256667754729278,2.8036209806260786,1.0608061014111172,0.7823554835886171,1.0531542849489597,4.2934176180007455,0.9185837652439659,0.6411131352832626,1.1017466457560658,1.1813814379645464,15.032384853984695,7.150858279370368,43.20623209393125,74.13064239468076,17.471074162049263,7.270672185240073,14.125215368194404,-3.632040652,0.4139237453116493,44.92870835139911,21.40859207178528,20.492837394561093,26.540698596557377,7.941994312585848,8.445129269,13.89447496831417,15.39250350279326,1.1367958640053075,10.210303277175626,4.7738476234189875,17.304554744816414,12.89329100923419,4.0402628101005575,5.850771548543662,82.23503318456642,62.85321168887458,0.12640775324689457,61.21571311495245,-2.394579632,12.96086958,12.252415299913991,34.91053519637717,7.139623340418439,2.3150971714012485,-0.607730117,7.216421422523126,13.969000279903412,8.314264491200447,29.800255594811006,10.354606505276024,24.10160295468495,14.718282990157604,3.1988828405737877,147.97306736876635,26.990367576479912,26.576064878921898,48.866007223607085,12.468938397519196,36.73040337278508
TEST_09+6일,3.405326135753967,13.86947829647761,5.973386989688606,2.2459435607125897,0.4932874204191311,1.7717075116524938,6.457698647331199,0.5426800377852032,1.391494320705533,0.4057514939190128,0.2738058916074806,0.20556277302591752,0.22720017899200684,1.2467844536686243,6.586561214,0.41897249543859516,16.209805264683382,0.5584980876069459,0.5310649619356127,17.417196554551992,6.704070866643633,0.7857461692882453,0.38535451143574306,0.5006969414898776,10.95809971896233,13.173670626394596,5.949247060559173,24.203229769715108,11.730388966681858,4.891890079780751,2.7217665566131473,3.261839414946735,2.3942261506526847,0.5510200341232121,-0.492888566,2.8301120824180543,27.02616183056125,2.415868239069823,2.307795205968432,22.20356382377213,17.79724580443417,1.5320116270981998,-1.168061343,1.0975911580695197,0.30423483915842553,0.9104066048721506,0.5147950056149284,3.5616297409621893,0.4985909652459668,1.0516767017543316,16.169820848852396,0.38361766116452145,6.248335373660666,0.5714097235085944,2.2387179889483377,0.6141419531541032,1.118462591140485,0.47806792017252064,1.0215563585516065,0.3174588955807849,7.48782435,7.959846668192313,8.712492736,10.333280158229172,7.170207906956648,1.1090600786992582,0.59856426,0.8484606748606893,2.8145239160603523,0.9884899202188535,1.7903348181571346,0.8675131723284721,0.9955461521958568,0.7013546529151427,3.2201098126533907,0.538280673,0.4255783063513263,1.6239292145328363,0.81917403,2.3479719216702506,1.7928230881079799,1.2115008891706225,1.1513995131154502,1.3164714842362741,1.815435475,1.9601409441651612,2.7297179366742057,0.9907639305916973,3.6760946680005873,2.5083278394304216,20.548618838423863,1.052597205620259,3.347505006182473,4.958551925936263,0.5318612574793065,0.854181979,0.4187657075816702,0.23571088372773374,10.654864178039134,1.739349078387022,1.3429159836377949,0.9587728820558823,2.8820184227079153,0.083692635,58.782022896266426,29.865884378552437,16.705591529607773,4.518320344230688,3.5982688394537945,0.43754889350384474,3.390850737270739,0.10266965742289358,1.1431547943502665,0.5665667436999513,0.6987857939350874,1.0323359522924989,0.7072527399286628,0.8688176147916238,2.8642761575538316,1.071396331768483,-0.490273799,15.90134678466552,0.3229324322201137,0.2438954805614486,0.20517223405354912,0.3237037017479274,0.27141415313931816,0.2187634061947108,0.34855806053383276,0.8365366172511131,0.2994746588074122,0.23051973420126615,38.69778438587673,1.9058310351090313,1.5209442095510894,2.80419097,1.060130208013561,0.7813795031579502,1.052835384564787,4.2931863592747845,0.9179796662610897,0.6415238512386736,1.0942061534151435,1.1816995349899742,15.024792923189125,7.135634640648277,43.21427719534768,74.17341993008449,17.45641049351798,7.262163932998192,14.122337485906883,-3.666894826,0.41237312271641713,44.91878439896482,21.408460226463603,20.49030341295338,26.53661579193431,7.9374010041178735,8.456441871618154,13.882321652024984,15.380094798956634,1.1330526652495791,10.201504324242705,4.766864422074832,17.291600287850088,12.890931083841451,4.037864931214472,5.852526092885455,82.16321089793928,62.796729559595406,0.076946058,61.19534487073179,-2.432306061,12.938115342887613,12.208221252025396,34.87696632519874,7.129210659830278,2.3094704766917857,-0.67942953,7.1816956555667275,13.851956814527512,8.253620587289333,29.798701066416925,10.349056901259246,24.10576789660263,14.639266274869442,3.1117383912205696,148.0387875984743,26.924995750188828,26.58868687370341,48.88090926631594,12.473878755342866,36.72526390769053
TEST_09+7일,3.4027158065021013,13.84909662388418,5.975016433298606,2.245092175365926,0.4932820233434825,1.7732886621104171,6.452999191957133,0.5408715229054906,1.383124178275466,0.4058636588209339,0.27030448740697466,0.2051688131098217,0.22605614029828303,1.2461808862493626,6.581007640103053,0.4185601313621419,16.19738081824471,0.5584596105586535,0.5303416753622514,17.401733713679278,6.6990883553780805,0.7846109927259022,0.38532354820862835,0.49984034323824744,10.940480967052281,13.186476805696657,5.951373751039455,24.162033035652712,11.740469920739997,4.895894945155305,2.713826697319746,3.2660334622487426,2.3960248849791697,0.5459807780571282,-0.492786935,2.8314486015588045,27.018642702620127,2.4072071599657647,2.311332502940786,22.22006816638168,17.807837063022816,1.5334863148525528,-1.175002853,1.097697523783367,0.3038092520515079,0.9069934159360855,0.5153084120628364,3.563553861097489,0.4974665630579693,1.0378281734883785,16.19745811074972,0.3823938126133726,6.252972407295601,0.571292773,2.2394216917455196,0.6136319095212457,1.1178867511660542,0.47684154989156013,1.0229930637869984,0.3154836395260645,7.484234370074773,7.963233622223925,8.709758011230633,10.335687731392682,7.169224675695318,1.1037437781051267,0.5984582036443697,0.8463413542267517,2.8153986766810704,0.9876758943864843,1.7880027743813116,0.8601125376299024,0.9964820476989189,0.7013281140363254,3.2181569710519398,0.5396816988213686,0.42521994371645633,1.6210950725944713,0.8188462144179596,2.3408579674724024,1.7916055652240175,1.2118899376967533,1.1519646043827834,1.3169479313085048,1.817279207520187,1.9602274608470083,2.7332977929072513,0.9894094596874083,3.6797233637225872,2.502982056234032,20.511128909536637,1.0506106112152338,3.348902959638508,4.954849680629195,0.5314314618540834,0.8546539956985839,0.4186884713794612,0.23418403793039033,10.641116058453918,1.715293487533927,1.3414979397784919,0.9595789632378455,2.8832049844786525,0.083529434,58.81878100366521,29.755465418100357,16.652817152440548,4.521678759,3.600102541158776,0.43364393897354603,3.3910083797545667,0.10108481773909261,1.1411321016494185,0.5662883106804202,0.6994483897617556,1.0330086680243085,0.6996153397485614,0.8658553674031282,2.8661050379887456,1.070493753068149,-0.497596345,15.898934840343827,0.32320566103499004,0.24380534581571567,0.20501044912285238,0.3237250935613911,0.271465556,0.2186364130342895,0.3481679831747897,0.8298644827445969,0.2992731296171769,0.23043533348350564,38.71812224801397,1.904904888078704,1.5162056085537188,2.8047609600970986,1.059454314616005,0.7803987259612768,1.0525159010744574,4.292955100548824,0.9173714219978137,0.6419345671940277,1.086644166149199,1.1820176320153735,15.017200992392645,7.120411001926186,43.222322296763195,74.21619746549186,17.441746824986694,7.253655681,14.119459603619362,-3.701749,0.41082250012118493,44.908860446530525,21.408328381141928,20.48776943134567,26.532532987311242,7.932807695649899,8.467795703560114,13.870097927749157,15.367686095120007,1.1293094664938508,10.192705371309785,4.759881220729767,17.27864583088558,12.88857115844894,4.035467052328386,5.854280637227475,82.09138861131942,62.74024743032351,0.027484362719405908,61.174976626511125,-2.47003249,12.915361104915064,12.1640272,34.843397454020305,7.118797979242117,2.3038437819832325,-0.751128944,7.146969888610329,13.73462824523449,8.192835644,29.797146538022844,10.343507297242468,24.109932838519853,14.560062564909458,3.024408258497715,148.10450782817497,26.85942242,26.601308868483102,48.895811309022974,12.478819113166082,36.72003329847939