영업일자,느티나무 셀프BBQ_1인 수저세트,느티나무 셀프BBQ_BBQ55(단체),"느티나무 셀프BBQ_대여료 30,000원","느티나무 셀프BBQ_대여료 60,000원","느티나무 셀프BBQ_대여료 90,000원","느티나무 셀프BBQ_본삼겹 (단품,실내)",느티나무 셀프BBQ_스프라이트 (단체),느티나무 셀프BBQ_신라면,느티나무 셀프BBQ_쌈야채세트,느티나무 셀프BBQ_쌈장,느티나무 셀프BBQ_육개장 사발면,느티나무 셀프BBQ_일회용 소주컵,느티나무 셀프BBQ_일회용 종이컵,느티나무 셀프BBQ_잔디그늘집 대여료 (12인석),느티나무 셀프BBQ_잔디그늘집 대여료 (6인석),느티나무 셀프BBQ_잔디그늘집 의자 추가,느티나무 셀프BBQ_참이슬 (단체),느티나무 셀프BBQ_친환경 접시 14cm,느티나무 셀프BBQ_친환경 접시 23cm,느티나무 셀프BBQ_카스 병(단체),느티나무 셀프BBQ_콜라 (단체),느티나무 셀프BBQ_햇반,느티나무 셀프BBQ_허브솔트,담하_(단체) 공깃밥,담하_(단체) 생목살 김치전골 2.0,담하_(단체) 은이버섯 갈비탕,담하_(단체) 한우 우거지 국밥,담하_(단체) 황태해장국 3/27까지,담하_(정식) 된장찌개,담하_(정식) 물냉면 ,담하_(정식) 비빔냉면,담하_(후식) 된장찌개,담하_(후식) 물냉면,담하_(후식) 비빔냉면,담하_갑오징어 비빔밥,담하_갱시기,담하_공깃밥,담하_꼬막 비빔밥,담하_느린마을 막걸리,담하_담하 한우 불고기,담하_담하 한우 불고기 정식,담하_더덕 한우 지짐,담하_들깨 양지탕,담하_라면사리,담하_룸 이용료,담하_메밀면 사리,담하_명인안동소주,담하_명태회 비빔냉면,담하_문막 복분자 칵테일,담하_봉평메밀 물냉면,담하_생목살 김치찌개,담하_스프라이트,담하_은이버섯 갈비탕,담하_제로콜라,담하_참이슬,담하_처음처럼,담하_카스,담하_콜라,담하_테라,담하_하동 매실 칵테일,담하_한우 떡갈비 정식,담하_한우 미역국 정식,담하_한우 우거지 국밥,담하_한우 차돌박이 된장찌개,담하_황태해장국,라그로타_AUS (200g),라그로타_G-Charge(3),라그로타_Gls.Sileni,라그로타_Gls.미션 서드,라그로타_Open Food,라그로타_그릴드 비프 샐러드,라그로타_까르보나라,라그로타_모둠 해산물 플래터,라그로타_미션 서드 카베르네 쉬라,라그로타_버섯 크림 리조또,라그로타_빵 추가 (1인),라그로타_스프라이트,라그로타_시저 샐러드 ,라그로타_아메리카노,라그로타_알리오 에 올리오 ,라그로타_양갈비 (4ps),라그로타_자몽리치에이드,라그로타_제로콜라,라그로타_카스,라그로타_콜라,라그로타_하이네켄(생),라그로타_한우 (200g),라그로타_해산물 토마토 리조또,라그로타_해산물 토마토 스튜 파스타,라그로타_해산물 토마토 스파게티,"미라시아_(단체)브런치주중 36,000",미라시아_(오븐) 하와이안 쉬림프 피자,미라시아_(화덕) 불고기 페퍼로니 반반피자,미라시아_BBQ Platter,미라시아_BBQ 고기추가,미라시아_공깃밥,미라시아_글라스와인 (레드),미라시아_레인보우칵테일(알코올),미라시아_미라시아 브런치 (패키지),미라시아_버드와이저(무제한),미라시아_보일링 랍스타 플래터,미라시아_보일링 랍스타 플래터(덜매운맛),미라시아_브런치 2인 패키지 ,미라시아_브런치 4인 패키지 ,미라시아_브런치(대인) 주말,미라시아_브런치(대인) 주중,미라시아_브런치(어린이),미라시아_쉬림프 투움바 파스타,미라시아_스텔라(무제한),미라시아_스프라이트,미라시아_애플망고 에이드,미라시아_얼그레이 하이볼,미라시아_오븐구이 윙과 킬바사소세지,미라시아_유자 하이볼,미라시아_잭 애플 토닉,미라시아_칠리 치즈 프라이,미라시아_코카콜라,미라시아_코카콜라(제로),미라시아_콥 샐러드,미라시아_파스타면 추가(150g),미라시아_핑크레몬에이드,연회장_Cass Beer,연회장_Conference L1,연회장_Conference L2,연회장_Conference L3,연회장_Conference M1,연회장_Conference M8,연회장_Conference M9,연회장_Convention Hall,연회장_Cookie Platter,연회장_Grand Ballroom,연회장_OPUS 2,연회장_Regular Coffee,연회장_골뱅이무침,연회장_공깃밥,연회장_돈목살 김치찌개 (밥포함),연회장_로제 치즈떡볶이,연회장_마라샹궈,연회장_매콤 무뼈닭발&계란찜,연회장_모둠 돈육구이(3인),연회장_삼겹살추가 (200g),연회장_야채추가,연회장_왕갈비치킨,연회장_주먹밥 (2ea),카페테리아_공깃밥(추가),카페테리아_구슬아이스크림,카페테리아_단체식 13000(신),카페테리아_단체식 18000(신),카페테리아_돼지고기 김치찌개,카페테리아_복숭아 아이스티,카페테리아_새우 볶음밥,카페테리아_새우튀김 우동,카페테리아_샷 추가,카페테리아_수제 등심 돈까스,카페테리아_아메리카노(HOT),카페테리아_아메리카노(ICE),카페테리아_약 고추장 돌솥비빔밥,카페테리아_어린이 돈까스,카페테리아_오픈푸드,카페테리아_진사골 설렁탕,카페테리아_짜장면,카페테리아_짜장밥,카페테리아_짬뽕,카페테리아_짬뽕밥,카페테리아_치즈돈까스,카페테리아_카페라떼(HOT),카페테리아_카페라떼(ICE),카페테리아_한상 삼겹구이 정식(2인) 소요시간 약 15~20분,포레스트릿_꼬치어묵,포레스트릿_떡볶이,포레스트릿_복숭아 아이스티,포레스트릿_생수,포레스트릿_스프라이트,포레스트릿_아메리카노(HOT),포레스트릿_아메리카노(ICE),포레스트릿_치즈 핫도그,포레스트릿_카페라떼(HOT),포레스트릿_카페라떼(ICE),포레스트릿_코카콜라,포레스트릿_페스츄리 소시지,화담숲주막_느린마을 막걸리,화담숲주막_단호박 식혜 ,화담숲주막_병천순대,화담숲주막_스프라이트,화담숲주막_참살이 막걸리,화담숲주막_찹쌀식혜,화담숲주막_콜라,화담숲주막_해물파전,화담숲카페_메밀미숫가루,화담숲카페_아메리카노 HOT,화담숲카페_아메리카노 ICE,화담숲카페_카페라떼 ICE,화담숲카페_현미뻥스크림
TEST_00+1일,8.403539597988129,0.0,7.137614071369171,3.412619113922119,1.3434572219848633,0.9750732406973839,8.946351885795595,1.4514919370412827,2.0846423283219337,0.0,0.6746278144419193,1.7750004529953003,1.8540347814559937,2.589362293481827,21.116500675678253,5.413260459899902,3.4757494926452637,0.0800556018948555,0.7601226791739464,19.015347719192505,0.42403101921081543,0.5516432374715805,0.43072405457496643,1.1527082361280918,1.517106369137764,11.086079478263855,2.697519913315773,0.0,5.676571846008301,3.3375329971313477,2.085111416876316,2.9018622636795044,1.449045866727829,1.2737623751163483,0.616760142147541,0.0,23.50353330373764,0.0,1.6434362903237343,21.523398995399475,9.880557343363762,0.514749214053154,0.0,1.1828447170555592,0.29383860155940056,1.1813104152679443,0.23483892902731895,2.888360410928726,0.7818303965032101,2.8567440882325172,10.081324458122253,1.0067350268363953,6.644765675067902,0.4208275303244591,1.940062165260315,0.49163174629211426,4.051306560635567,0.265793152153492,0.9344511777162552,0.8630347475409508,11.648949086666107,7.1756017953157425,23.567743599414825,10.28530915081501,4.4562753662467,0.6114978678524494,1.1266775876283646,0.5231893062591553,3.8841317892074585,0.5628947168588638,1.279599517583847,2.691272273659706,0.21700168028473854,0.539510702714324,1.1002903059124947,1.3813652694225311,0.5182139575481415,1.5902488231658936,1.0572475790977478,4.0125367641448975,1.4651592001318932,0.21895093470811844,0.7788252830505371,0.9328247420489788,1.0382890105247498,1.679226964712143,1.2127346321940422,0.5892775654792786,1.5223565995693207,9.964224100112915,0.611442044377327,1.6273253560066223,1.8874298334121704,14.811410009860992,0.4428456574678421,0.7704808562994003,0.19944791495800018,0.31146591901779175,17.873390197753906,3.227084755897522,1.8312677443027496,0.9413598924875259,6.012084428220987,0.09069526195526129,191.21341061592102,5.277755498886108,51.818628430366516,2.803986072540283,6.280919075012207,0.9609497785568237,2.459960989654064,0.39650730788707733,3.4446462392807007,0.45657405257225037,0.7267397046089172,0.32645080983638763,0.5223110541701317,0.8253086358308792,3.105994328856468,0.0,0.200133815407753,10.315314531326294,0.5470390319824219,0.2836949825286865,0.12795241177082062,0.0,0.07626549899578094,0.2504536509513855,0.3306151181459427,2.347301073372364,0.2916751801967621,0.009260028600692749,5.723509192466736,0.46684855222702026,0.5045015513896942,1.6810452938079834,0.4763789474964142,0.41172874718904495,0.1988886147737503,2.2906210273504257,0.0,0.6150738894939423,0.0,1.4722093343734741,7.190318785607815,0.0,12.980611316859722,353.44856798648834,14.260111793875694,0.0,8.994220539927483,1.1060312017798424,0.118889719247818,18.16348648071289,0.0,1.5652154088020325,19.560768127441406,5.707574114203453,0.0,0.0,9.956308379769325,0.6458632722496986,6.927058726549149,2.262121595442295,6.8982027769088745,2.207792580127716,0.0,14.61632251739502,0.0,7.577992603182793,0.0,24.3314847946167,6.228216201066971,1.771559201180935,18.433032125234604,7.199681408703327,0.5636917650699615,3.626699149608612,0.6515374332666399,0.5602164566516876,18.44456960260868,9.288652911782265,21.370997428894043,6.824432272464037,18.80629836022854,15.73150397837162,5.720106139779091,63.70804991573095,45.85967391729355,2.370801717042923,32.939019203186035,12.247714519500732,27.542442142963413
TEST_00+2일,16.84389352798462,3.714706130325794,1.1019756942987442,0.5130063593387604,0.1853712797164917,0.060367025434970856,2.4895595610141767,0.9903871119022369,1.8580751717090607,0.0,0.5861668288707733,0.7107437252998352,0.3229761868715286,0.0,3.9968030601739883,0.9933194518089294,0.2644515037536621,0.22188414633274078,0.12716708332300186,34.861441254615784,1.5544842183589935,0.3576877787709236,0.3616352677345276,0.7653421070426702,4.414179369807243,7.299036160111426,2.396209716796875,1.0663499534130096,5.7407146692276,1.7095526903867722,2.679677553474903,1.5886958241462708,0.1611192375421524,1.3313786685466766,1.1598185077309608,0.09393259882926941,9.394243240356445,0.0,1.1615917459130287,2.704941749572754,8.738645799458027,0.5373992025852203,0.0,0.8623506054282188,0.6739442087709904,0.3495886102318764,0.044629648327827454,3.181017816066742,0.45359551906585693,2.5795009583234787,7.316601485013962,0.8688083477318287,4.343047857284546,0.5190755054354668,1.2415620982646942,0.3941227197647095,3.1613052785396576,0.2604248747229576,0.7242748886346817,0.8260688707232475,6.485722064971924,5.532464124262333,11.064838886260986,8.86916108429432,2.415032833814621,0.025603584945201874,0.8747421875596046,0.30318617820739746,1.0557933747768402,0.3140510246157646,0.30723296105861664,1.130145601928234,0.18309028819203377,0.1651862896978855,1.1843784525990486,1.6050864458084106,0.4130497947335243,3.0394177436828613,0.8261615261435509,1.1411178410053253,1.9725942313671112,0.40434931218624115,0.7147759199142456,0.7612196914851665,1.222584754228592,2.472885489463806,0.9010159745812416,0.8507891893386841,1.5623250901699066,1.3144150376319885,3.052993670105934,1.5873758792877197,0.9008724689483643,8.948147892951965,0.6003856733441353,0.2229195460677147,0.018014073371887207,0.5302082896232605,12.833414077758789,2.844266951084137,1.2786755561828613,0.9100928008556366,6.5334191638976336,0.2528530359268189,17.252325907349586,36.779270619153976,32.54395008087158,1.4171557426452637,17.094972848892212,0.3868330791592598,1.2245655059814453,0.1962413638830185,1.2282659411430359,0.3183240294456482,0.41826680302619934,0.30514320731163025,0.8942575380206108,0.6621051207184792,0.10433369129896164,0.14898276329040527,0.17464706301689148,9.411617130041122,0.39496880769729614,0.5219777822494507,0.1991025060415268,0.17583158612251282,0.06346002221107483,0.6243159770965576,0.8410577774047852,4.330140605568886,0.4773666560649872,0.15321746468544006,24.57181215286255,0.24117186665534973,0.4430481940507889,0.7607907056808472,0.17290078103542328,0.1977141536772251,0.08425435423851013,0.45894160866737366,0.007803082466125488,0.1154734343290329,0.18253129720687866,0.8147554993629456,5.682094842195511,0.0,46.311019480228424,192.6236030459404,11.144501030445099,0.47851379960775375,7.512517012655735,1.4339975640177727,0.23512700200080872,18.530424118041992,1.3275526463985443,3.294672816991806,14.948835238814352,4.284418076276779,0.0,0.0,6.97463046759367,0.925202839076519,5.539596766233444,2.4844744876027107,5.984857700765133,2.0400848127901554,0.0,11.781966090202332,0.0,13.422948874533175,0.0,15.945611953735352,6.155693359673023,0.6111136749386787,13.499960914254189,9.502820156514645,1.1701137870550156,2.1587029099464417,2.028404772281647,0.0,14.525884300470352,5.933246836066246,18.692795276641846,5.447910025715828,6.684234157204628,13.937883790582418,5.470112189650536,40.89986301958561,25.86826153099537,2.5954114347696304,38.273865938186646,9.923312723636627,11.861200235784056
TEST_00+3일,2.7363015860319138,20.879497826099396,3.092299699783325,0.9305615201592445,0.25191640853881836,0.0,2.284966826438905,1.3509279489517212,2.151407465338707,0.5920418500900269,0.13960747048258781,0.36225543916225433,0.09287720918655396,0.0,5.532116532325745,0.0,0.0,0.40659016370773315,0.4249628931283951,48.49250364303588,6.988433443009853,0.4492003321647644,0.5531685054302216,0.5832509379833937,2.6399970948696136,8.23518130928278,4.012081146240234,39.943656012415886,5.719382405281067,1.5013481006026268,2.20333169400692,1.6914820075035095,1.7504111528396606,1.2144641503691673,0.9015841782093048,0.027610808610916138,9.629436075687408,0.0,0.8638621307909489,7.718029975891113,6.897552892565727,1.0120415687561035,0.0,0.7223840169608593,0.6210227981209755,0.0,0.13093553483486176,2.700613409280777,0.6280408054590225,2.3450268656015396,6.66879814863205,0.6488014068454504,3.1462955474853516,0.467474028468132,0.6188127100467682,0.6153365224599838,2.0577260553836823,0.30829111859202385,0.9767399579286575,0.5010356195271015,6.186753273010254,3.740234524011612,4.7944357097148895,7.229605451226235,2.7078133821487427,1.18037948012352,0.3360125608742237,0.48543035984039307,0.9944984316825867,0.4289393499493599,0.23176193237304688,1.7857806757092476,0.2708810940384865,0.0,1.3610288500785828,1.0999479666352272,0.48959724605083466,2.86941397190094,0.5607807338237762,2.1750683784484863,1.4782709032297134,0.269302636384964,0.5726955458521843,0.9742800146341324,1.2690043151378632,1.730465404689312,0.6609298214316368,0.857791006565094,2.5917638540267944,4.616214841604233,14.24229933321476,0.7636607587337494,1.7306320667266846,6.051879376173019,0.0,0.040564537048339844,0.0,0.24543017148971558,11.467615127563477,0.9347275495529175,0.8559745699167252,0.2027181014418602,6.214005006477237,0.43600758910179144,2.8672199100255966,20.776428371667862,29.468422293663025,0.9718741178512573,11.071949005126953,0.5886790379881859,0.9766547009348869,0.32578669488430023,3.569701910018921,0.0,0.4423817843198776,0.5328079462051392,0.7370230928063393,0.5473979860544205,1.2193021848797798,0.0,0.26071983575820923,12.267561003565788,0.4649149775505066,0.7662347555160522,0.4624117612838745,0.9505300521850586,0.02454976737499237,0.4350605309009552,1.2392908930778503,12.322689294815063,0.3006148338317871,0.6689689755439758,58.197277784347534,0.431097149848938,0.16899996995925903,1.132124662399292,0.2855609357357025,0.6695376038551331,0.6452523171901703,0.7927209138870239,0.0,0.030789770185947418,0.6031303703784943,0.957021951675415,3.2956700921058655,0.0,62.98464313149452,36.951033473014824,9.609815016388893,1.2878797240555286,6.5502748638391495,0.4948468506336212,0.24533535540103912,13.769767761230469,0.04525892436504364,2.5217111855745316,12.06275387108326,2.248012349009514,8.24578620493412,0.0,3.9205336570739746,0.7107207775115967,5.016942322254181,2.82653347402811,5.69426704198122,1.7679397389292717,0.13290724530816078,7.475948184728622,1.5431088656187064,22.1446493268013,0.0,10.748363494873047,5.242687448859215,1.0702643617987633,12.599963046610355,7.617592483758926,1.4971510767936707,0.3570971190929413,0.12176574766635916,0.0,14.229235604405403,2.131481245160103,9.795275688171387,5.718499585986137,7.261518627405167,8.316017981618643,6.205588281154633,38.61559309065342,30.25002434849739,2.0938199311494827,26.649030447006226,9.551778852939606,7.2940920293331155
TEST_00+4일,2.3167780488729477,20.682997182011604,2.886934772133827,1.0700250566005707,0.09084522724151611,0.6157321035861969,2.451587170362474,2.499466836452484,2.3758207708597183,0.26229119300842285,0.8197630941867828,0.22936557233333588,0.39719679951667786,1.366677850484848,9.723903492093086,0.0,8.663444995880127,0.6010412722826004,0.7504808083176613,72.22606194019318,9.296320006251335,0.8140079230070114,0.3232012912631035,0.9442033544182777,2.05702792853117,8.047401532530785,4.435408383607864,37.26231038570404,5.152945041656494,1.4729650169610977,0.6996767856180668,2.5634615421295166,1.940504938364029,1.9882686883211136,0.6965091824531555,0.1406211405992508,11.419736176729202,0.04289370775222778,0.7975251227617264,11.516034126281738,6.266742207109928,1.3202452659606934,0.2556800842285156,0.958249393850565,0.4996933341026306,0.0,0.16806209459900856,1.547041043639183,0.6437320187687874,2.2617816105484962,5.560003012418747,0.7381503880023956,1.469248652458191,0.4258992187678814,0.7571418732404709,0.571693941950798,2.2797093242406845,0.40038393065333366,1.2886414378881454,0.36673347651958466,8.386236980557442,1.813063994050026,3.9709810614585876,8.84058128297329,2.113882452249527,1.3406772390007973,0.6586511582136154,0.23623287677764893,0.9539866000413895,0.34399542957544327,0.30825525522232056,2.3633258417248726,0.25642484426498413,0.0,1.6805554926395416,1.1975529491901398,0.32806389033794403,2.028335988521576,1.3153079748153687,3.4336752891540527,0.9050517752766609,0.6880743205547333,0.6052238494157791,0.8687697350978851,1.279990553855896,1.0146831423044205,0.7565187513828278,0.9460768103599548,1.0904146432876587,7.123262047767639,52.291191816329956,0.8737580999732018,1.4136302471160889,3.006768375635147,0.5085621103644371,5.4389238357543945e-06,0.24513882398605347,0.13441920280456543,15.091652870178223,1.648187905550003,1.7372973561286926,0.10914296656847,7.393500041216612,0.42163470387458807,9.310382097959518,19.170519813895226,30.64554136991501,0.8527064323425293,3.4868814051151276,0.900891400873661,0.9557051584124565,0.4590853303670883,1.5192384123802185,0.10576832294464111,0.8564810156822205,0.7939243912696838,0.4179916977882385,0.5957023948431015,1.6331118196249008,0.8857696056365967,0.20441743731498718,0.7154988646507271,0.16383174061775208,0.5935465097427368,0.6975908875465393,0.7487905025482178,0.1914164125919342,0.45649659633636475,1.437966763973236,2.4017466753721237,0.3399859666824341,1.0051202774047852,51.61451697349548,0.9202650338411331,0.8051818311214447,0.7887320518493652,0.17703376710414886,0.8076501712203026,1.194929614663124,0.6744131445884705,0.13887400925159454,0.0,0.47729507088661194,1.0936869382858276,3.3481972441077232,0.0,26.689722441136837,23.152155131101605,10.07900458574295,0.9178289249539375,6.17185452580452,0.8796952664852142,0.22344785928726196,10.87598991394043,0.0,3.762977622449398,11.279310643672943,2.1427640318870544,7.2312176786363125,0.0,3.7980790063738823,0.3552738279104233,4.978780597448349,2.5251895263791084,4.74552646279335,1.4246459752321243,0.0,6.129763647913933,2.3025884553790097,19.995991498231888,1.4749951511621475,12.844706535339355,7.10345409438014,0.9148405864834785,16.81056120991707,2.53413013368845,1.0602716580033302,1.3662834167480469,4.47411845624447,1.3975924253463745,15.251189485192299,9.24472164362669,10.791315078735352,9.590578451752663,14.424988970160484,15.8350275978446,5.654079243540764,46.67377345263958,30.286793410778046,2.225508213043213,44.56059217453003,14.297093957662582,8.92409960925579
TEST_00+5일,2.1374528110027313,65.02173261344433,3.2565274834632874,2.727684333920479,0.01639866828918457,0.43427181243896484,2.441003024578096,8.98557448387146,2.323081076145172,0.6868335008621216,2.1948668360710144,0.1643136665225029,0.8777309954166412,1.847683310508728,10.513650253415108,0.0,17.127765655517578,0.9797187894582748,1.5354216992855072,100.76083517074584,9.626181036233902,0.6679519042372704,0.33015650510787964,0.811120530590415,0.0,4.5141988433897495,3.1829435527324677,83.12069177627563,4.937484502792358,3.110608160495758,0.371072493493557,2.970208168029785,3.270765483379364,1.796517863869667,0.4720081016421318,0.0,9.02564388513565,0.0,0.8683017455041409,13.70943570137024,18.69027231633663,1.5897607803344727,0.0,0.8903859071433544,0.5309462137520313,1.2177451774477959,0.1026533730328083,1.5163734555244446,1.0358198955655098,2.5482842475175858,7.250887393951416,0.8845393322408199,3.107605218887329,0.17290927469730377,1.1335103809833527,0.7475092560052872,3.211833506822586,0.7545491047203541,1.3723073154687881,0.4167886823415756,10.967615336179733,0.6193622946739197,4.3166733384132385,13.148479968309404,3.064936436712742,1.6711141616106033,0.8791192844510078,0.4261646866798401,0.04950001835823059,0.29327893629670143,0.655018761754036,3.718056157231331,0.33153921365737915,0.11553875170648098,2.3326262086629868,1.1910677701234818,0.5168887786567211,1.433543175458908,0.7087563648819923,1.1740069091320038,0.4357909206300974,1.3248464316129684,0.47101009637117386,0.821897741407156,1.2548103332519531,1.9483282566070557,1.3066414892673492,1.330966830253601,0.0,7.751246094703674,43.52327981591225,0.6920823454856873,1.1640534400939941,3.185698539018631,1.476465843617916,0.0,0.353276789188385,0.20506447553634644,21.143022537231445,1.2600969970226288,1.9404872953891754,0.45860231667757034,7.071308679878712,0.2770941257476807,2.3019026815891266,21.855646312236786,23.101176023483276,3.0134329795837402,2.389178156852722,1.2600673139095306,1.935485377907753,0.42154110968112946,1.9227347373962402,0.2648513913154602,0.8979746103286743,0.8162267804145813,0.592519149184227,0.6842302419245243,2.861166924238205,0.43372970819473267,0.3865679055452347,2.332415312528611,0.0,0.3653208017349243,0.44813820719718933,0.7088292837142944,0.2767667770385742,0.2863304615020752,1.3685081005096436,1.570061232894659,0.7936557531356812,0.5442137122154236,36.44741177558899,1.5400378555059433,1.4324112683534622,1.030825138092041,0.336749330163002,0.1764034815132618,1.5983612090349197,2.2936662659049034,0.0,0.2215891107916832,1.3272971212863922,0.6438241004943848,5.713386163115501,0.14139550924301147,50.87924267351627,59.35929834842681,12.04015338420868,0.9955376498401165,7.857816398143768,1.5939738601446152,0.31523647159338,12.323806762695312,0.37781093269586563,5.87253350764513,15.726940810680388,2.929685115814209,10.051384270191193,0.0,4.15732029825449,0.5699594728648663,5.3154274225234985,2.885859221220016,3.2801715061068535,1.5300182774662971,0.056882914155721664,4.3370287120342255,3.056986749172211,21.942595325410366,0.338597908616066,13.053683280944824,5.627134937793016,1.5270360633730888,13.911304242908955,5.634296886622906,0.8863512724637985,2.1670617163181305,5.251072332262994,0.0,16.547851637005806,12.623115964233875,15.475301742553711,10.892339542508125,16.5522193685174,20.470352470874786,8.723998665809631,50.28292056173086,22.54014853388071,1.0043249726295471,51.66545820236206,19.005807995796204,9.15252834558487
TEST_00+6일,3.3806898295879364,84.02582064270973,8.336899131536484,6.022984802722931,0.0,1.4088186472654343,4.50104981660843,11.211825370788574,1.661507487297058,2.554771900177002,1.3588455319404602,0.4449402540922165,1.9949122667312622,5.712576508522034,23.243137657642365,0.24625375866889954,23.21906089782715,2.4335912466049194,1.907207652926445,114.91581058502196,4.5391586124897,1.4058474153280258,0.22127799689769745,0.6371556054800749,1.1941394209861755,2.4378564208745956,6.914188206195831,143.9304095506668,5.554114520549774,5.006073638796806,1.0725324675440788,4.055352687835693,3.166823774576187,2.0929242372512817,0.4752969369292259,0.1024249941110611,26.91634774208069,0.0,1.6618238389492035,23.28653049468994,27.187468945980072,0.9619487822055817,0.0,1.281084157526493,0.4353789612650871,3.8434205800294876,0.09057097136974335,3.9979993999004364,0.4300885796546936,4.3996821492910385,13.148283839225769,0.9246057979762554,6.317991614341736,0.38344135880470276,3.468882143497467,0.4869149476289749,3.1621218025684357,0.4254043474793434,1.1562492102384567,0.4073903039097786,19.125788271427155,3.3610419183969498,8.42038318514824,14.880121529102327,3.5224123299121857,2.350000709295273,0.9769962430000305,0.15354275703430176,0.8051041513681412,0.48156484961509705,1.1646737158298492,4.822180420160294,0.27290426194667816,0.3342011645436287,2.8166627883911133,0.656835101544857,0.8407716080546379,2.106989622116089,0.9113255143165588,3.3667863607406616,1.136792853474617,1.5235612392425537,0.5107919126749039,0.7258846610784531,1.1311213374137878,2.6790176033973694,2.0083710849285126,1.9845653772354126,0.022876977920532227,5.756757020950317,35.29799664020538,1.2913469523191452,2.5620598793029785,5.245106071233749,0.9674120210111141,0.0,0.3207862973213196,0.30969756841659546,24.470184326171875,7.884564757347107,1.3709322810173035,0.7092752456665039,4.512875694781542,0.13682165741920477,10.620270311832428,40.73906913399696,21.31930321455002,5.656984329223633,4.057027161121368,1.260423332452774,2.812056429684162,0.49413666129112244,1.8953703045845032,0.597468376159668,0.5876836627721786,0.7110961675643921,0.5436950325965881,0.9096943214535713,4.303094148635864,3.346191883087158,0.26650142669677734,0.0,0.25463467836380005,0.5846115350723267,0.1323355734348297,1.0816818475723267,0.2239978164434433,0.8786516189575195,0.5443430542945862,1.5812229216098785,0.502795398235321,0.14707918465137482,33.98779034614563,3.7875303626060486,2.4007703959941864,4.120384693145752,2.1102631092071533,0.35669590905308723,1.3777126371860504,8.666728436946869,1.020678162574768,0.8105378150939941,4.3787641525268555,1.955681324005127,5.56193071603775,0.02214731276035309,75.46295203268528,30.819456726312634,13.376748025417328,2.2688231393694878,8.698246031999588,2.0388828217983246,0.3729633763432503,11.371531963348389,0.07355958223342896,4.954485893249512,18.12012204527855,4.395676888525486,8.529385104775429,0.0,8.025843016803265,1.049147080630064,5.7887062728405,2.4691994190216064,5.677286043763161,1.7686037309467793,0.6336187720298767,6.914619207382202,3.672212854027749,23.794217728078365,2.077434651553631,17.51710319519043,5.515270125120878,1.7716391533613205,17.25581530481577,9.767752580344677,0.32329147309064865,2.7757869958877563,5.219589233398438,0.12523338198661804,18.92466774582863,13.651321977376938,25.2956600189209,13.694310270249844,25.557297229766846,21.882099464535713,12.020814940333366,60.543198734521866,25.914099365472794,2.9837516397237778,46.22863149642944,11.627115190029144,18.56155113875866
TEST_00+7일,11.422466307878494,28.34660129249096,12.035372018814087,10.511945366859436,0.28017446398735046,2.6884264945983887,9.474499672651293,6.5745238065719604,0.723295047879219,1.377716064453125,0.20576242357492447,0.5965093374252319,2.9128425121307373,8.21206545829773,40.639620780944824,1.4377158880233765,12.958235263824463,1.936522752046585,2.1928609013557434,46.31718698143958,2.090379476547241,1.2201510518789291,0.6646081209182739,0.4308909885585308,0.0,6.525380350649357,4.374355271458626,48.64866590499878,6.6270663142204285,4.226144522428513,1.999066136777401,3.3293981552124023,2.8912098109722137,1.9881693124771118,0.6063392385840416,0.06744176149368286,41.741328716278076,0.22988086938858032,1.8936952203512192,38.93142342567444,23.87010233104229,0.6269603222608566,0.0,0.7347704172134399,0.4340193457901478,4.366094917058945,0.24078760296106339,6.177608847618103,0.21723528020083904,5.134714245796204,15.026286482810974,1.0313616544008255,7.027605950832367,0.5269530527293682,5.563929319381714,0.4092367887496948,2.254729464650154,0.40766115859150887,1.751280516386032,0.9035972356796265,23.059254705905914,6.39083705842495,16.05615782737732,14.507912367582323,4.3908412009477615,3.661191761493683,0.9086063504219055,0.5793080925941467,3.3201655447483063,0.6809575110673904,2.0327655971050262,3.367370367050171,0.1615200936794281,0.44573234394192696,2.8851579129695892,0.6805543452501297,0.7479438744485378,2.3150285482406616,0.9762955009937286,3.8855502605438232,1.5220993980765343,1.0877161547541618,0.6732861697673798,0.7318006083369255,0.6543917655944824,3.433381050825119,1.6874354481697083,1.9459531903266907,1.3619373813271523,7.14537501335144,28.082858934998512,1.8270825743675232,6.465120315551758,11.283003985881805,1.2757883593440056,0.0,0.26106417179107666,0.36792832612991333,15.346160888671875,22.392950296401978,1.400647133588791,0.8914327025413513,5.986229320988059,0.23572865128517156,145.72121620178223,0.0,31.384181678295135,3.8631763458251953,5.412080526351929,0.642446156591177,3.530970588326454,0.9139847755432129,1.6734400391578674,0.6760452389717102,0.28924986720085144,0.5888282060623169,0.5302066057920456,1.0384618788957596,3.2965745329856873,4.909979343414307,0.10956984758377075,0.0,0.4779905676841736,0.37168633937835693,0.0,0.7606920003890991,0.05141107738018036,1.1635146141052246,0.0,1.380613073706627,0.0,0.11367696523666382,0.18607079982757568,6.275483250617981,2.447848603129387,4.876006126403809,2.802097201347351,0.9545907527208328,3.0361785292625427,11.724512279033661,0.827708512544632,0.778682291507721,5.243597745895386,2.475139856338501,7.271546691656113,0.3259143978357315,96.73017913103104,39.42591816186904,13.63585451245308,1.1150593981146812,9.654537245631218,2.3942233622074127,0.23880712687969208,16.996887683868408,0.8418180048465729,3.5811895355582237,19.684039056301117,5.943120047450066,9.096562564373016,0.012774109840393066,10.667198281735182,0.8387818969786167,7.147312939167023,2.1297097206115723,6.165566839277744,0.2358655259013176,0.2555001229047775,9.10219430923462,11.723618514835836,24.14745594933629,0.7938594371080399,23.65401268005371,7.674770448356867,1.3831482455134392,20.3035092279315,7.899859957396984,0.056802086532115936,4.480933517217636,7.154631108045579,2.6131345331668854,30.87656258046627,16.644050553441048,34.57642364501953,15.526876300573349,35.59113293886185,27.65821000933647,15.144029259681702,94.47698503732681,43.50294962525368,5.320659056305885,64.63927745819092,15.780092149972916,31.504474580287937
TEST_01+1일,1.4471552968025208,9.713731728494167,8.970229983329773,3.7148133516311646,0.428048312664032,0.9060452282428741,2.409700930118562,2.521275579929352,2.955659568309784,0.24468645453453064,0.48472121357917786,0.12174560129642487,1.2021329998970032,0.0,12.979449078440666,0.9719282388687134,2.292051315307617,0.10138442367315292,1.071525938808918,3.5805716961622234,4.41078519821167,2.129300870001316,0.06758759915828705,1.151175208389759,37.39514774084091,2.028851956129074,0.6267309039831161,7.1694606095552444,3.485497832298279,5.355521559715271,3.22586490213871,3.4493114948272705,3.7154524326324463,1.3104033917188644,0.6476551666855812,0.0,46.31410050392151,0.0,3.809281289577484,35.37443017959595,10.03029452264309,0.2965407818555832,0.0,1.0024319216609001,0.5835933983325958,5.010603457689285,0.2929762564599514,5.9936259388923645,0.772797703742981,3.8031082078814507,10.5245760679245,1.2315064258873463,3.6703492999076843,0.29938535392284393,0.8795727789402008,2.3540436029434204,1.1538867577910423,0.2667166255414486,1.0484116673469543,0.3187911696732044,16.858397245407104,6.964784860610962,20.266326993703842,14.063845545053484,10.354494228959084,0.31617528200149536,0.8583996221423149,1.848031759262085,3.528880000114441,0.5528284981846809,2.62566477060318,0.02668127417564392,0.46192243695259094,0.9059073776006699,3.0826742202043533,2.342917688190937,0.3661376517266035,0.0,1.1791853457689285,3.837949275970459,2.597550243139267,0.7634578049182892,1.024891436100006,1.5847785025835037,1.3201666474342346,1.9089489504694939,0.9006477445363998,1.381639838218689,2.046875834465027,11.068891406059265,11.198259368538857,2.361705720424652,2.59067440032959,12.935580611228943,0.8193299099802971,0.2571528032422066,0.45309939980506897,0.8648017644882202,39.7626953125,4.07339383661747,0.9493751227855682,1.6364622712135315,9.355189930647612,0.7239778637886048,184.68614554405212,11.420715272426605,50.19743764400482,8.14831829071045,4.546763718128204,3.752283990383148,2.730824425816536,1.010974645614624,1.667633056640625,0.2826307415962219,0.25297974050045013,3.3771750926971436,6.6996238231658936,1.9324436783790588,0.9972818270325661,2.836193084716797,0.200133815407753,41.90988844633103,0.16198769211769104,0.1836172342300415,0.16884571313858032,0.35429465770721436,0.1615726351737976,0.0,0.1496071144938469,1.2198504880070686,0.32471194863319397,0.22243911027908325,76.00794434547424,0.8001066595315933,3.2873254120349884,2.367367744445801,5.9591615200042725,0.1420827955007553,3.44101345539093,4.007538408041,2.067391276359558,1.2078740000724792,4.604957342147827,1.0530850887298584,5.3998375833034515,0.0,15.370870880782604,17.38160520792007,12.996862336993217,0.0,8.465962126851082,1.1060312017798424,0.118889719247818,18.85792827606201,0.0,1.3225290328264236,20.166947722434998,5.665614940226078,0.0,0.0,13.302401937544346,1.5424913838505745,6.697541296482086,2.5618088096380234,10.129487201571465,2.2053937688469887,0.0,12.553254812955856,0.0,7.616085559129715,0.0,21.990803718566895,6.296817217022181,2.063169278204441,15.477518372237682,7.589164689183235,0.5342003330588341,2.0009645819664,0.11925332248210928,0.9208403527736664,8.72017864882946,6.442331485450268,6.21189022064209,1.4920812919735909,9.872158996760845,7.159664034843445,3.1085429340600967,32.02741801738739,39.833272844552994,1.6575099825859072,23.326366424560547,5.697172969579697,15.48063561320305
TEST_01+2일,1.6360720843076706,1.635015070438385,4.911756619811058,2.2597077786922455,0.3788944184780121,0.11046089977025986,2.9568218588829054,2.5239298045635223,3.5213153660297394,0.0,0.1943424716591835,0.0,0.7981371581554413,0.0,0.0,0.5038747191429138,7.393594264984131,0.0,0.9565304517745972,6.171900987625121,3.884725958108902,2.485621452331543,0.0,0.7640032013878226,38.08715534210205,6.118283048272133,2.597359076142311,24.573238596320152,3.4646904468536377,3.8466213047504425,2.5677026510238647,3.2120161056518555,2.3969052582979202,1.6087522432208061,1.1234200559556484,0.09393259882926941,39.788583755493164,0.0,2.548249661922455,32.37606501579285,8.943809755146503,1.133858561515808,0.0,0.9939548335969448,0.5739960595965385,4.644006863236427,0.4892905056476593,3.814608544111252,0.9458716809749603,3.5748898833990097,10.44092869758606,1.1825101301074028,4.8980430364608765,0.4190753772854805,1.0617358088493347,3.6421204805374146,0.632098600268364,1.049946490675211,0.9693577140569687,0.28215204179286957,11.865627646446228,2.841476909816265,12.571723818778992,13.399042069911959,9.22983929514885,1.6719455271959305,0.5723336488008499,1.5433073043823242,7.600377678871155,0.3036501258611679,2.768711745738983,0.09035225957632065,0.9435107558965683,0.5792514849454165,3.321879655122757,1.4151246920228004,0.4530327022075653,0.0,1.1181134581565857,3.268561363220215,2.7985863089561462,0.901525653898716,0.6700332462787628,1.0077108442783356,1.3680008053779602,2.158246986567974,0.8176197782158852,1.5944940447807312,1.0981135442852974,2.4236329048871994,2.001284122467041,2.866287589073181,2.4517626762390137,8.354072943329811,1.1141380481421947,0.6041216850280762,0.4094647169113159,0.7817416191101074,28.967050552368164,4.800726741552353,0.4409097656607628,0.7279453054070473,10.210388880223036,0.21310690045356756,0.0,7.8755063116550446,42.070632219314575,5.244117259979248,4.644469350576401,1.9731154143810272,3.0391957610845566,0.37285394966602325,3.2826966047286987,0.3475562036037445,0.11930738389492035,3.368807315826416,4.517308294773102,2.0990822464227676,3.7468172311782837,1.975556492805481,0.17464706301689148,6.186853706836701,0.3679356575012207,0.12638390064239502,0.13900688290596008,0.6290971040725708,0.2755550444126129,0.0,0.06243632733821869,0.0,0.6101688742637634,0.3605264723300934,51.457369327545166,1.4185772985219955,2.3313007205724716,1.9701762199401855,1.7724710702896118,0.01869373768568039,4.067893981933594,3.458818793296814,1.1651188731193542,0.9337618052959442,2.8337482810020447,0.9394169449806213,5.024682596325874,0.0,12.006642017513514,14.796438515186306,11.349730387330055,0.47051531821489334,8.162743903696537,1.4339975640177727,0.23512700200080872,18.569640636444092,1.3289641588926315,2.9446578472852707,18.837250754237175,4.298114702105522,0.0,0.0,10.646630432456732,1.8755436092615128,5.986037522554398,2.892254032194614,7.499777063727379,2.0381699837744236,0.0,8.806384801864624,0.0,13.540839850902556,0.0,15.585410118103027,7.004965826869011,0.774720311164856,13.757612906396389,9.729886345565319,1.1587636470794678,2.397410273551941,1.8702697753906252,0.0,7.709194980561733,7.504870891571045,9.234068870544434,2.5067628622055054,8.351776391267776,9.995504647493362,4.022242948412895,30.74889048933983,25.91758333146572,2.530319407582283,30.829257249832153,3.6127483248710632,7.7352498322725305
TEST_01+3일,1.0101211667060852,0.0,6.885327458381653,1.2695949077606201,0.19715282320976257,0.0,3.5146683454513563,2.4611776173114777,3.246880903840065,0.0,0.2861928753554821,0.0,0.4258209764957428,1.830788940191269,2.478849045932293,0.43561071157455444,10.00880241394043,0.0,0.683224618434906,6.422685116529464,3.7750291973352432,2.7260288894176483,0.0,0.5838668374344707,23.558313697576523,0.0,4.2056818306446075,20.88221102207899,3.1184542179107666,2.7841338962316513,1.6864193081855774,3.41666042804718,2.8979111909866333,1.302608199417591,0.8226776868104935,0.027610808610916138,28.59108465909958,0.0,0.4264383763074875,25.742279767990112,8.70086008310318,1.272096186876297,0.0,0.30410851910710335,0.4146382585167885,3.5727456510066986,0.5782274901866913,2.5758354663848877,1.500880055129528,3.2772037759423256,7.203540340065956,0.8587228432297707,7.575144588947296,0.4728303998708725,2.78810316324234,4.399548053741455,0.33862219750881195,1.156200360506773,1.1617940068244934,0.38867858797311783,9.195533618330956,1.5824724733829498,7.487141162157059,11.208481565117838,8.905305415391922,2.396155923604965,0.26793206110596657,0.650124192237854,4.403494745492935,0.43404828757047653,2.50097393989563,0.0,0.8281250298023224,0.2356833927333355,1.5870430693030357,0.9297565743327141,0.5881346203386784,0.37046340107917786,0.811097763478756,1.4740197658538818,1.7026774883270264,0.9498599991202354,0.2219751477241516,0.8215686678886414,0.8482266068458557,2.6887485086917877,1.0650308653712273,1.6275079250335693,1.658439114689827,3.532342851161957,0.0,2.051143139600754,2.208512306213379,4.410656690597534,0.8296177163720131,0.7116910815238953,0.4603395164012909,0.46174734830856323,34.25152587890625,6.1099079847335815,0.5989028066396713,0.3376816064119339,9.21110462397337,0.05277276039123541,8.172740623354912,10.58389662206173,38.773520708084106,3.4332268238067627,5.073149621486664,0.6768240332603455,2.768241800367832,0.534738078713417,2.31375253200531,0.05683320760726929,0.08729144185781479,1.8233964443206787,1.922605276107788,1.9004279971122742,1.1292470395565033,2.1454524993896484,0.26071983575820923,12.429138004779816,0.6433124542236328,0.02147352695465088,0.13109207153320312,0.8323158025741577,0.3706884980201721,0.1546545922756195,0.17854933440685272,1.6614336296916008,0.00010907649993896484,0.6137262582778931,5.993451178073883,0.48436814546585083,1.0724666863679886,3.6860504150390625,1.4570239186286926,0.3591931238770485,1.54277765750885,4.58340160548687,0.523595541715622,0.31494898349046707,1.732168436050415,1.2952444553375244,4.248607389628887,0.0,25.685294777154922,20.81958323717117,10.150609999895096,1.2951258793473244,8.813637018203735,0.4948468506336212,0.24533535540103912,15.142012119293213,0.04683975130319595,2.204016298055649,16.20900270342827,3.111683838069439,8.242822363972664,0.0,8.27350489795208,1.6211776733398438,5.778091341257095,3.174668882042169,7.380328506231308,1.7694549858570099,0.12629955634474754,8.00553098320961,1.5431088656187064,22.381184175610542,0.0,10.470466613769531,5.592385612428188,1.1460639238357544,13.455063071101904,7.800240829586983,1.4965831190347672,1.9074001908302307,0.09211057424545309,0.03869146108627319,7.467095375061035,4.4950587674975395,6.819780349731445,2.8312583416700363,9.52026191353798,9.030730191618204,4.754082337021828,37.69941721111536,33.919962644577026,4.013613693416119,28.43077540397644,1.3990515768527985,8.21505132317543
TEST_01+4일,1.8465388417243958,0.0,4.987540006637573,0.7488694563508034,0.2374463528394699,0.2240469604730606,3.23778796195984,2.337265193462372,3.409514144062996,0.7525074481964111,0.5039634369313717,0.18995355069637299,0.21085569262504578,2.9369876980781555,13.680265322327614,0.7272939383983612,9.796671867370605,0.08626798540353775,1.1578398942947388,2.5588362514972687,2.981720194220543,1.6962639763951302,0.5169103145599365,0.945180281996727,16.998389065265656,16.447361558675766,4.059560537338257,23.16777229309082,3.3358306884765625,2.588481158018112,0.7634120583534241,2.8155418038368225,3.243308112025261,1.282006986439228,0.8400408178567886,0.1406211405992508,26.62610363960266,0.04289370775222778,0.49987586215138435,20.41758167743683,8.33437031507492,1.0023386031389236,0.2556800842285156,0.8974677547812462,0.524292379617691,2.4252051264047623,0.5114872008562088,0.8818697333335876,0.7086423635482788,2.8014690577983856,5.262179017066956,0.8717949539422989,7.351455330848694,0.5231320783495903,9.488786458969116,3.1364614963531494,0.12055210024118423,1.177282691001892,1.286026954650879,0.4967370331287384,8.650207370519638,2.5164391100406647,5.584169611334801,9.41594272851944,6.642327681183815,1.4149861931800842,0.5075954832136631,0.8504282236099243,0.5651124566793442,0.3381194546818733,1.8877315521240234,0.0,0.6824370473623276,0.4438270032405853,1.2784221768379211,1.2796128541231155,0.40098256431519985,0.5322660058736801,1.5240843445062637,2.1122571229934692,0.5128686130046844,0.5445156879723072,0.48934921622276306,0.45905303210020065,0.6367945969104767,1.6936174929141998,1.1291347742080688,1.1903266310691833,2.518895447254181,5.448767840862274,0.0,1.5341389775276184,1.991972804069519,3.4225452691316605,0.9205611944198608,1.1035101860761642,0.31374824047088623,0.47532910108566284,15.940210342407227,7.44872510433197,1.6641468107700348,0.0992339551448822,11.438960414379835,1.1621787548065188,26.782286122441292,13.06546813249588,36.54365694522858,2.6945509910583496,4.185562163591385,1.5280127376317978,1.8944580107927322,0.5248954147100449,1.649288535118103,0.0004360079765319824,0.3194921985268593,1.1904598474502563,3.586487889289856,2.3404619097709656,0.6674620695412159,2.1434011459350586,0.20441743731498718,9.781315937638283,0.5960701704025269,0.007462263107299805,0.19521798193454742,0.5297478437423706,0.4914376735687256,0.0,0.452640563249588,4.931433439254761,0.0,0.7286940813064575,0.0,1.5318003296852112,1.2945186644792557,5.932831764221191,1.3942059874534607,2.8076318502426147,1.3330761194229126,8.930301666259766,0.35538261383771896,0.5587733387947083,1.9576717615127563,1.6886730194091797,4.366701789200306,0.0,33.894160870462656,21.126466691493984,10.411320134997368,0.9252534471452236,8.722542002797127,0.8796952664852142,0.22344785928726196,14.08266544342041,0.0,3.578790955245495,15.07346811890602,3.73353011906147,7.223322093486786,0.0,7.404818572103977,1.2100657597184181,5.315689295530319,3.0305334180593486,7.399725906550884,1.4245378375053406,0.0,9.325752705335617,2.3025884553790097,20.301461152732372,1.4749951511621475,12.114008903503418,7.169738855212927,1.097583532333374,17.287693582475185,2.9815281331539154,1.055390827357769,2.200923502445221,4.384581223130227,1.699349582195282,8.850112900137901,7.989494875073433,7.7323150634765625,6.3300726339221,9.03077557682991,13.316218376159668,3.5071448236703873,39.74826239049435,38.01900118589401,6.1544041484594345,44.6941351890564,0.0028284788131713867,16.967624098062515
TEST_01+5일,2.3374359011650085,4.6623805314302444,2.2515091747045517,0.9166987240314484,0.07440662384033203,0.3361947685480118,3.834002792835237,3.926458775997162,3.675300359725952,0.47930535674095154,0.6678618304431438,0.8982760906219482,0.37231215834617615,3.952655553817749,28.330015629529953,1.0592252016067505,14.14515495300293,0.30794281139969826,1.385776162147522,0.8236854672431945,4.976584866642952,1.000707883387804,1.175060212612152,0.8113556429743767,11.593216225504875,32.95498117804527,6.7630325853824615,46.101505011320114,3.0521280169487,4.935498669743538,1.7545614503324032,7.478176116943359,3.727543354034424,0.9197231456637383,0.8813543990254402,0.0,21.6497642993927,0.0,0.11317860335111618,17.515358209609985,9.417368710041046,0.9272552281618118,0.0,0.8662019968032837,0.4699220210313797,1.993553176522255,0.47419313341379166,1.8615408092737198,0.8324080035090446,3.743878774344921,5.703724697232246,0.9561296291649342,6.552650570869446,0.26938333734869957,3.0480703711509705,0.8677918910980225,0.9373424053192139,1.3252408653497696,0.9863827675580978,0.5092485100030899,7.500837832689285,4.121805243194103,7.2455060333013535,9.854856103658676,6.323563903570175,2.6791270673274994,0.5814207717776299,1.6488463878631592,2.048453450202942,0.2875898405909538,1.2032074481248856,0.2278633415699005,0.702316015958786,0.3945601209998131,2.558409199118614,2.125624358654022,0.46587400138378143,0.5101079195737839,0.7689084112644196,2.6887176632881165,0.9462803229689598,0.4822586327791214,1.4007757604122162,0.39586974307894707,0.8655352592468262,1.0656455382704735,0.9643508046865463,1.4315773844718933,2.912398546934128,4.8002945482730865,0.0,1.017612211406231,2.53342866897583,2.726479396224022,0.8848018869757652,1.6552594304084778,0.2186293601989746,0.8407373428344727,17.16126823425293,6.447610557079315,1.6606526970863342,0.870941162109375,11.226025577634573,1.2812831401824953,13.28046178817749,14.304040491580961,41.357422828674316,2.2640128135681152,10.375465750694275,1.032776765525341,2.7191966772079468,0.7222460955381393,1.4191094934940338,0.16498726606369019,0.5879496037960052,0.23883819580078125,4.469871550798416,2.2447798252105713,0.5362148135900497,1.5498257875442505,0.3865679055452347,23.25442546606064,0.14971545338630676,0.08722615242004395,0.25378721952438354,0.6281633377075195,0.45402640104293823,0.25408583879470825,0.5202383995056152,3.767973154783249,0.6701050996780396,0.343156099319458,0.0,1.3033756464719772,0.23127633333206177,6.9335432052612305,1.0414902120828629,3.5146778225898743,1.231266975402832,12.999778985977173,0.4642116129398346,0.9825979471206665,3.291998863220215,4.94900369644165,6.728310272097588,0.14139550924301147,35.77938840538263,9.401996135711666,11.615219056606293,1.005812857300043,9.760920241475105,1.5939738601446152,0.31523647159338,16.132678985595703,0.37950072437524796,5.72415678948164,16.220254004001617,4.802139103412628,10.036434307694435,0.0,7.088916972279549,1.2592598870396614,6.0704971849918365,3.512222953140735,6.360180146992207,1.5290450379252434,0.04655526950955391,9.34594988822937,3.056986749172211,22.30640546232462,0.338597908616066,12.335776329040527,5.078733701258898,1.7847235724329948,13.568855464458466,6.042914800345898,0.8658777475357056,1.6043863892555237,5.369922488927842,0.2988070249557495,11.038587614893913,13.205158784985542,12.95397663116455,7.903251931071281,12.221923902630806,18.459512673318386,6.520788073539734,54.71443094313145,29.234565943479538,5.72969738394022,52.369144916534424,3.9694312065839767,25.334685489535335
TEST_01+6일,3.957311064004898,13.456207372248173,7.615949511528015,1.9177007973194122,0.09906020760536194,0.3679683580994606,7.580290019512178,4.887369453907013,4.322820618748665,0.05703100562095642,0.5495499819517136,1.0962819457054138,0.6318458318710327,5.841799676418304,35.57925420999527,3.0398988723754883,14.062894821166992,1.2825157940387726,1.1196803078055382,17.45911444723606,5.1194257736206055,0.4658949077129364,0.785172700881958,0.639276746660471,6.229812242090702,51.133234798908234,7.346535801887512,10.933669090270996,3.317501664161682,9.6468026638031,1.906515296548605,7.887054920196533,4.043860346078873,1.138148732483387,0.8339656516909599,0.1024249941110611,21.555959403514862,0.0,0.48978494480252266,20.760885536670685,10.541022136807442,0.25624893605709076,0.0,1.2984823361039162,0.5033632591366768,2.0896561443805695,0.5015961825847626,3.79079070687294,0.5651866495609283,3.486366778612137,6.875472009181976,1.0554563701152802,5.6099549531936646,0.3086116164922714,1.2812636196613312,0.1808738261461258,1.7233911752700806,1.0303354039788246,0.4881873205304146,0.5342523343861103,7.368440315127373,8.159424662590027,10.838852792978287,11.855808004736902,7.399633303284645,3.879158705472946,0.7472889125347137,1.4679746627807617,3.1675019711256027,0.48729531466960907,1.6629834473133087,0.35052206367254257,0.5559134483337402,0.35641551297158003,3.6331813037395477,2.8045593202114105,0.7014464400708675,1.501947283744812,0.7698218375444412,4.326463222503662,1.8427643179893494,0.5801367312669754,1.5617406368255615,0.6631194055080414,0.9422891736030579,0.657686322927475,1.0021326169371605,2.0555280447006226,2.8920782804489136,2.5087898671627045,0.0,0.8331419080495834,2.560112714767456,3.9012976735830307,0.36483731865882874,2.0320092141628265,0.3627557158470154,1.3050625324249268,25.05878257751465,5.108155578374863,1.1546853482723236,1.5332621037960052,7.467388212680817,0.3347201347351075,0.0,13.636648938059807,36.56137025356293,7.089289665222168,10.768181264400482,0.9831098020076752,3.0849501490592957,0.8452033996582031,1.1032682061195374,0.3767603039741516,0.8578829169273376,0.12055908143520355,3.4752499759197235,1.719712734222412,0.5971154011785984,1.4601633548736572,0.26650142669677734,18.349609047174454,0.00807294249534607,0.28413140773773193,0.26546812057495117,0.6952897906303406,0.3971327543258667,0.8602197170257568,0.29178761690855026,2.8998924419283867,0.6027568578720093,0.03378981351852417,13.773991167545319,0.35030069947242737,3.510107457637787,5.3100996017456055,2.045949399471283,0.6588788777589798,0.7077291458845139,9.153927862644196,1.0031974911689758,0.5828934609889984,3.8538461923599243,3.1283950805664062,5.343751810491085,0.02214731276035309,25.920358777046204,9.399923384189602,12.374324083328247,2.2664209194481373,9.49790170788765,2.0388828217983246,0.3729633763432503,13.760892391204834,0.07494427263736725,4.750370308756828,15.665557771921156,6.4282795041799545,8.507621940225363,0.0,9.550966545939445,1.3992144390940666,6.6400450468063354,3.076782681047916,9.324899934232235,1.7659088596701622,0.6238155663013458,13.324543535709381,3.672212854027749,24.17797064781189,2.077434651553631,16.2098970413208,4.989642418920994,2.0276917219161987,15.646534275263548,10.225193567574024,0.27238893508911133,1.1670954823493958,5.695090979337693,0.696369856595993,9.93561751395464,12.011494226753712,18.957037925720215,9.308651372790337,17.90691101551056,17.542450226843357,7.654711753129959,46.01544372737408,28.600623607635498,5.605910494923592,42.07833909988403,7.217909619212151,34.957548558712006
TEST_01+7일,5.604488521814346,25.772733874619007,11.629602789878845,3.9363120794296265,0.25631412863731384,1.218892589211464,4.855902612209321,5.055384397506714,3.470917373895645,0.3368303179740906,0.20458783954381943,1.6283276081085205,0.8529741168022156,6.344459295272827,32.9711779654026,4.8898109793663025,7.060519695281982,1.6208558976650238,0.7120106220245361,21.188509449362755,4.013108357787132,0.005835004150867462,0.3222388029098511,0.42773174308240414,6.1527078449726105,41.9121578335762,2.685165971517563,0.0,3.8725364804267883,8.10484093427658,0.9511301442980766,3.743207573890686,3.515362560749054,1.5030948966741562,1.0443447157740593,0.06744176149368286,26.499950289726257,0.22988086938858032,1.2495198100805283,32.48983931541443,12.824953585863113,0.3165041282773018,0.0,0.7012599278241396,0.40543127804994583,3.2709826678037643,0.5020918324589729,5.779077887535095,0.16144530847668648,3.737873837351799,7.3221096098423,1.1426890566945076,4.524268627166748,0.3844757191836834,0.41189034283161163,0.1291128695011139,2.5595485866069794,1.5444185361266136,1.4057499021291733,0.7196427658200264,7.204987570643425,7.732443809509277,15.828947901725769,12.912318021059038,7.765789031982422,3.9312891960144043,0.6473302245140076,1.3393172025680542,1.8571094274520874,0.68475641310215,2.001974880695343,0.8557647466659546,0.5058714002370834,0.4777542483061552,3.2944920659065247,3.0275325626134872,0.5346286296844482,2.0198861360549927,0.6238501742482185,6.304382801055908,1.4692921116948128,0.9217622503638268,0.9631205350160599,0.8609596453607082,0.8969471454620361,2.146621994674206,0.5495359301567078,2.7733924984931946,2.5888098180294037,6.433961749076843,4.095406755805016,1.2692149579524994,2.705322265625,7.650602757930756,0.5432345829904079,2.1046414971351624,0.5857970714569092,1.5198168754577637,8.433533668518066,3.2955368161201477,0.9743550717830658,2.2053310573101044,8.481720946729183,0.0,124.21810579299927,13.118646889925003,31.70948588848114,9.524038314819336,6.354708641767502,1.3854427188634872,3.373119980096817,0.967867448925972,1.7377270460128784,0.39758598804473877,1.041479229927063,0.40887831151485443,2.802736759185791,1.310031846165657,1.5593766868114471,2.7234253883361816,0.10956984758377075,11.042392820119858,0.04852816462516785,0.5265076160430908,0.23910227417945862,0.4177134037017822,0.5037024021148682,0.7461084127426147,0.27319246530532837,0.8146238327026367,0.17926862835884094,0.0,16.187024116516113,0.07431474328041077,11.60973060131073,4.116971015930176,5.5578941106796265,0.8112483844161034,1.0112024545669556,5.827780067920685,2.5185266733169556,0.6857889890670776,3.870828151702881,1.13111412525177,5.883192367851734,0.3259143978357315,14.159145049750805,0.0,12.341693669557571,1.112678200006485,9.305304527282715,2.3942233622074127,0.23880712687969208,18.253979206085205,0.8424986153841019,3.3099812045693398,15.319355964660643,6.570120602846146,9.083393812179565,0.012774109840393066,11.041766908019781,1.2597566470503807,7.107082158327103,2.6378203779459,10.384199358522892,0.22821807861328125,0.2440182901918888,15.171957314014435,11.723618514835836,24.41597991809249,0.7938594371080399,23.527734756469727,7.03983337059617,1.7112703621387482,17.64136504754424,8.327954612672329,0.0,2.119954466819763,7.423470325767995,3.1648120284080505,12.873609818518162,13.538507968187332,16.169759273529053,6.55203852802515,16.453887678682804,16.207371793687344,8.499804213643074,51.19352474808693,34.07108075916767,5.292767271399498,57.181220054626465,9.024836987257004,38.37020766735077
TEST_02+1일,10.098266959190369,0.7925920933485031,13.340133965015411,2.430845022201538,0.7472020983695984,1.09548831731081,2.583076417446138,1.1344863921403885,2.1649705693125725,0.07867518067359924,4.705325067043304,0.24616777896881104,1.0732909440994263,5.006622850894928,23.341747105121613,1.866140365600586,3.9627156257629395,0.14002161473035812,1.3020775616168976,0.0,3.930213049054146,1.8212186247110367,1.1462541818618774,1.15133460983634,6.6943837851285934,29.538336396217343,1.5368680357933044,4.5571119338274,6.889661192893982,8.34745991230011,3.4060836881399155,5.5165064334869385,1.5574823468923569,0.9396729916334152,0.025246739387512207,10.830470323562622,45.336623430252075,2.9456514716148376,0.6919300183653831,52.01158547401428,17.6423242688179,0.9032561630010605,0.0,1.0409206449985504,0.3053826503455639,2.3247003480792046,0.4123687744140625,6.257101953029633,0.8985408842563629,4.079235762357712,31.324020385742188,1.0872103422880173,10.925026774406433,1.2534311413764954,2.884789824485779,1.971640169620514,1.041466347873211,0.7390543296933174,1.049887754023075,2.280209541320801,15.429699182510376,7.877140939235687,17.04244112968445,20.242025792598724,13.885329365730286,0.8824899792671204,0.8312950953841209,0.902353048324585,3.6956938803195953,0.5491484701633453,3.001783788204193,0.15082098543643951,0.06648119539022446,0.6560495998710394,2.753744423389435,3.3973820954561234,0.7284911535680294,0.9289109408855438,1.2158297300338745,6.120693683624268,1.2606788724660873,1.7736530900001526,1.086377501487732,1.1765509843826294,1.248639464378357,1.7896891608834267,1.1498507261276245,3.002999782562256,4.307930916547775,3.065810650587082,5.147268280386925,0.7411610260605812,6.622522354125977,3.365645445883274,0.9208554998040199,0.5276748538017273,0.388436496257782,0.20814248919487,9.93867301940918,9.634870409965515,0.03966832906007767,0.08366826176643372,7.324224011972547,0.36305186152458196,208.42608165740967,17.345069974660873,52.004613518714905,7.465441703796387,1.6368201076984406,1.8194684982299805,2.4280067533254623,0.6563477963209152,0.27021145820617676,1.0600529909133911,0.8916724920272827,0.6987853199243546,2.770097494125366,1.650255799293518,1.9000897705554962,0.6410026550292969,0.4831189513206482,6.450176879763604,0.09599481523036957,0.03474259376525879,0.2515689730644226,0.0,0.14659282565116882,0.05697867274284363,0.4170761704444885,1.35544528439641,0.304390013217926,0.16426780819892883,48.52471351623535,3.451253056526184,1.7527650147676468,5.77642822265625,1.5426182746887207,0.1570948213338852,1.378178671002388,9.943943470716476,1.2301783561706543,0.1796131655573845,2.492774248123169,0.8800901174545288,11.550639599561691,0.0,22.787821553647518,22.209372818469998,12.270075291395187,0.0,8.942291170358658,1.1060312017798424,0.118889719247818,23.80908465385437,0.0,1.537820741534233,25.38784033060074,7.186802439391613,0.0,0.0,16.591479741036892,1.1105651706457138,7.268109858036041,2.737176574766636,9.372857630252838,2.207792580127716,0.0,18.272430896759033,0.0,8.309359431266785,0.0,17.792202949523926,7.604526747018099,2.1335598304867744,15.688485577702522,7.861197032034397,0.5768079832196236,4.636583596467972,0.11320561170578024,1.0711640119552612,79.16689741611481,33.17818805575371,75.53334045410156,5.9195443615317345,28.213360711932182,92.11665505170822,21.416701897978783,151.81222446262836,99.76402580738068,11.877676777541637,58.421250343322754,25.315558075904846,79.25720024108887
TEST_02+2일,5.858102858066559,0.0,9.967165768146515,3.1048163771629333,1.6863434314727783,0.4142828956246376,0.0,0.6367416679859161,1.627024069428444,0.21633967757225037,2.5790919363498688,0.03506679832935333,0.37991711497306824,2.594286471605301,16.279278427362442,0.4366195946931839,4.832571029663086,0.20722337812185287,1.10212592035532,1.577717453241348,4.83771400898695,1.9807615876197815,0.8018355667591095,0.7641462162137032,9.31897696852684,35.33231019973755,2.4846421480178833,0.0,8.755123615264893,4.756088435649872,2.282212808728218,3.302487015724182,0.7621645852923393,1.0963894724845886,0.5658809840679169,5.078137516975403,38.81431782245636,2.4574778079986572,0.7597676105797291,45.250486850738525,14.407629758119583,0.7465852797031403,0.0,1.0629606284201145,0.8043576776981354,2.161707065999508,0.3411438316106796,6.660465717315674,1.1229352205991745,4.338253900408745,28.209736585617065,0.9367583729326725,7.226047039031982,0.713980033993721,2.8950154781341553,1.3157903552055359,1.358348309993744,0.5741868317127228,0.9747477471828461,1.51850163936615,19.565769463777542,16.05387657880783,19.239535480737686,22.76482301950455,21.96588099002838,0.7463736161589622,0.9040838107466698,1.0844285488128662,2.225600481033325,0.30018072575330734,3.734486401081085,0.26938579976558685,0.5792789906263351,0.41768145002424717,2.162875458598137,1.4577879086136818,0.879882350564003,2.3071213960647583,1.1128825098276138,5.11024010181427,1.5692399218678474,1.5334805846214294,0.8233681321144104,1.1993839591741562,1.556232511997223,1.420243464410305,1.4372447282075882,3.8783665895462036,3.1423593163490295,3.761462092399597,12.465158566832542,1.6404506713151932,6.406980514526367,3.1630102172493935,1.1956376358866692,0.8473989367485046,0.139131098985672,0.1894751787185669,16.195720672607422,7.475344955921173,0.11260121315717697,0.07520715147256851,7.18745531514287,0.20249795913696295,163.0115805864334,39.220472276210785,25.864361464977264,5.5980448722839355,3.1604703068733215,3.764544665813446,2.7485020458698273,0.16847990453243256,1.2944004535675049,0.829624593257904,0.5506519675254822,0.7946028113365173,7.562917470932007,1.1465341746807098,0.9981767907738686,1.2961952686309814,0.4616292342543602,4.4911003708839425,0.0,0.09788501262664795,0.03203856945037842,0.6201407313346863,0.20371711254119873,0.0773354321718216,0.11509231477975845,1.3399142920970917,1.1382371187210083,0.1389864981174469,15.443003177642822,0.6803931593894958,1.1942696124315262,1.3998991250991821,2.035539150238037,0.0,1.239748254418373,10.60568317770958,0.38390037417411804,0.06733079999685287,0.7549782693386078,1.351693868637085,10.91922914609313,0.0,10.86829849332571,7.5571697950363115,11.381057918071747,0.47851379960775375,10.26972384750843,1.4339975640177727,0.23512700200080872,27.075918436050415,1.3302918523550034,3.1816492825746536,23.899169117212296,9.503102749586105,0.0,0.0,15.947416052222252,1.9042553454637527,7.914106488227844,2.597668670117855,10.50006414949894,2.0400848127901554,0.0,16.781006157398224,0.0,14.201022148132322,0.0,12.656377792358398,7.335990987718105,0.9460349902510643,14.575692400336266,10.34183844178915,1.199030950665474,3.1324980407953262,2.299439445137978,0.0,88.7639827132225,37.192832231521606,67.49187469482422,7.972296990454197,37.432870268821716,106.35292679071426,27.067734748125076,156.66861787438393,37.34412297606468,12.342914916574955,60.14638900756836,25.93640524148941,48.896774053573616
TEST_02+3일,3.5597665905952454,18.507151141762733,4.654989883303642,1.9815264791250229,0.9741671085357666,0.040102407336235046,2.4633852839469923,0.0,0.9675723388791084,0.820635974407196,0.44106876477599144,0.0,0.5234397947788239,1.8488313257694244,17.217754796147346,0.5071577057242393,0.0,0.24531271681189537,0.7353436946868896,11.6099556684494,4.010481625795364,1.9169393628835678,0.49735862016677856,0.5839579850435257,7.089999504387379,31.63107186555862,3.3394595682621,14.656046375632286,8.356470465660095,4.090159133076668,1.596035409718752,2.9401001930236816,1.694988489151001,1.4970910847187042,0.1495629921555519,0.0,29.902227103710175,2.6856476068496704,1.3003210723400116,35.37934350967407,13.269055590033531,1.6345632076263428,0.0,0.37462895177304745,0.6515842527151108,2.0053162425756454,0.309317447245121,5.479415833950043,1.2393038496375084,4.082269296050072,18.5680273771286,0.5478182677179575,6.469182372093201,0.30733662843704224,3.1815580129623413,1.5916473269462585,1.7213341519236565,0.0,1.026543214917183,0.6521785780787468,17.65770074725151,21.140596121549606,19.78563767671585,26.663063526153568,20.037640929222107,2.978000044822693,0.6841261088848114,0.8398642539978027,0.5078917294740677,0.4289821535348892,4.393147826194763,0.005236081779003143,1.9309833645820618,0.3389195054769516,2.8665791451931,0.8700204268097878,0.9055096842348576,2.768912136554718,1.0400973409414291,4.5336949825286865,1.6070943772792816,0.622232660651207,0.7215677201747894,1.1085128411650658,0.9854464530944824,1.3079510256648064,2.274021729826927,2.3988085985183716,3.6564569771289825,6.672905445098877,9.587080657482147,1.4993616044521332,3.615353584289551,3.6453289166092873,0.6746469624340534,0.3023873083293438,0.0,0.31007808446884155,12.341728210449219,4.907697081565857,0.2794865146279335,0.09589917212724686,7.683887789025903,0.035900950431823786,61.758355259895325,30.81385064125061,19.74536883831024,4.31003475189209,4.288747221231461,2.459917336702347,2.582218311727047,0.2914875000715256,4.040554046630859,0.464511513710022,3.12585711479187,1.1386411786079407,10.290831327438354,0.6900533176958561,2.3128722310066223,0.6964614391326904,0.6434822678565979,11.863648861646652,0.0,0.45217907428741455,0.1502208709716797,1.208146095275879,0.07017731666564941,0.0,0.026825666427612305,2.551591619849205,1.1658201217651367,0.11489906907081604,0.0,1.4894629120826721,0.7888913601636887,0.1521141529083252,4.238661527633667,0.0,1.3234201669692993,10.41962057352066,0.2425965964794159,0.19102241098880768,0.7260147929191589,1.2822372913360596,9.212078981101513,0.0,28.002194695174694,20.016285479068753,8.97126880288124,1.2878797240555286,9.910201177001,0.4948468506336212,0.24533535540103912,23.92297077178955,0.05301386117935181,2.5245440304279327,19.235774666070938,8.262667506933212,8.242854326963425,0.0,10.584151558578014,1.2941393591463566,7.867379873991013,2.519559681415558,9.851181328296661,1.7679397389292717,0.20286763831973076,10.4052072763443,1.789541475474835,22.70121878385544,0.0,6.824121475219727,5.3311326541006565,1.3299164101481438,12.285794530063868,8.197822235524654,1.514036551117897,0.8281913101673126,0.0,0.287436842918396,66.63136541843414,26.71551175415516,17.66705846786499,6.480225458741188,24.191508188843727,69.06249549984932,24.518673568964005,83.93163397908211,76.80836856365204,12.988259710371494,56.94160318374634,23.535972833633423,11.310289017856123
TEST_02+4일,4.018326014280319,28.905300870537758,5.031711995601654,1.0188600420951843,0.8655093908309937,0.02855934202671051,5.972287416458131,0.0,1.8853362873196602,0.7263911962509155,1.0016657039523125,0.06970064342021942,0.6650285571813583,1.7672559022903442,19.732014387845993,0.16794078052043915,0.0,0.2757764533162117,0.5842906683683395,15.006106808781622,4.766790747642517,1.510570302605629,0.0,0.9454108346253633,2.1502953991293907,17.260998487472534,3.2768818885087967,14.65953927487135,6.523772478103638,3.08565217256546,2.503542512655258,6.1671552658081055,1.7767288982868195,1.4075069576501846,0.01963730901479721,2.7853694558143616,25.426916122436523,1.3901579976081848,1.3414568826556206,38.348379492759705,2.2211195528507233,2.1199852228164673,0.2556800842285156,0.9030036479234695,0.48130932822823524,2.030890166759491,0.2058095671236515,3.073007822036743,0.4583147093653679,4.04721574485302,14.746833682060242,0.5153394285589457,6.378551602363586,0.20515630021691322,3.15863236784935,1.4802605509757996,1.8245169967412949,0.0,1.214559093117714,0.6573354676365852,14.907992899417877,15.481026470661163,6.545108050107956,22.525968253612522,21.51526317000389,3.031243175268173,0.5589230731129646,0.8008952140808105,1.0482909828424454,0.338083878159523,0.9932910650968552,0.0,0.0,0.6563511472195387,4.464687556028366,1.6509890332818031,0.7489752396941185,2.2793930768966675,1.733923926949501,3.9945709705352783,1.647726610302925,0.23214378207921982,0.5055591464042664,0.6698665022850037,1.0884339809417725,0.774687647819519,2.5728352069854736,0.6597995460033417,4.4467286467552185,4.661381840705872,10.452333897352219,1.530745655298233,3.14467453956604,4.4782911241054535,0.7435530684888363,1.9432012736797333,0.13166767358779907,0.7940046787261963,18.216575622558594,4.8206756711006165,0.260656401515007,0.1045575812458992,7.983025712892413,0.0,57.703513860702515,29.230271369218826,32.965180456638336,2.836822509765625,4.662132292985916,1.3790155351161957,3.501186892390251,0.1823689043521881,1.8867430686950684,0.2275211215019226,0.2771443873643875,1.4544055759906769,8.186312735080719,0.6064617186784744,2.8758974075317383,0.8666632175445557,0.4613388925790787,8.81187579035759,0.4470401406288147,0.2351013422012329,0.5980252027511597,0.6839886903762817,0.0,0.27273473143577576,0.04933074116706848,3.878951132297516,1.168050765991211,0.1951245367527008,0.0,1.712526261806488,0.5778444856405258,0.0,3.0562204122543335,0.1429189294576645,1.1597543209791183,9.921780228614807,0.690140426158905,0.0,1.4371201694011688,1.1442867517471313,8.444274500012398,0.0,18.450641073286533,22.081985771656033,7.284180477261543,0.9178289249539375,7.539181277155876,0.8796952664852142,0.22344785928726196,17.245004177093506,0.0,4.007413432002068,13.840492635965346,4.040731750428677,7.223332989960909,0.0,7.265093103051186,0.6125001311302185,6.397808194160461,2.1161059364676476,7.340008668601513,1.4246459752321243,0.056799933314323425,7.306525185704231,2.746628157794476,20.393260695040226,1.4749951511621475,8.665799140930176,7.344718527048826,1.213590882718563,15.530550427734852,2.808833733201027,1.060709796845913,1.1420330107212067,3.273988172411919,1.896425187587738,32.20578882098198,24.26006093621254,27.68605899810791,5.2215686067938805,16.53601374477148,60.71066598594189,16.562053188681602,67.95479342341423,110.3334429860115,11.30324299633503,43.95320749282837,27.296962559223175,21.52410598099232
TEST_02+5일,5.30569389462471,94.14054214954376,5.23616424202919,1.1502944827079773,0.4359251856803894,0.1402985155582428,12.112440824508669,0.444904625415802,3.6698021292686462,0.34663012623786926,1.6088613867759705,0.06097564101219177,0.6752641797065735,2.2213367223739624,18.30795545876026,0.30861761420965195,6.804935932159424,0.06143905222415924,1.0105730071663857,32.40495800971985,9.585681840777397,1.3611090332269669,0.0,0.8110387399792671,0.0,1.289275847375393,2.9702982902526855,22.58195722103119,4.625930309295654,3.2262835651636124,3.9955089390277863,9.78270149230957,2.8677884936332703,1.352187640964985,0.06751030683517456,3.207085132598877,19.931066036224365,1.3477553129196167,1.0114286094903946,29.225180983543396,2.0038206428289413,3.2369160652160645,0.0,0.8635244444012642,0.6180385202169418,2.0613186433911324,0.18019279465079308,2.5099859684705734,0.11333262920379639,3.2360579818487167,13.770101428031921,0.6524425782263279,7.784712553024292,0.2212771140038967,2.973765939474106,1.7885191440582275,2.185817413032055,0.3496711067855358,1.0595754235982895,1.9357536882162094,13.544741034507751,11.67766347527504,4.846394121646881,17.75779837369919,13.031401187181473,2.0887044072151184,0.3275510296225548,0.9497638940811157,1.4305433630943298,0.2873755432665348,1.7601260542869568,0.1622842624783516,0.31060194596648216,0.6752197835594416,3.8217079639434814,2.789230093359947,0.6415744498372078,1.2777957916259766,0.9971490949392319,2.020127534866333,1.522008329629898,0.43340253084897995,0.21528296172618866,0.4098626598715782,0.986498236656189,0.15246476978063583,2.2159251421689987,1.5281285047531128,4.854654103517532,1.7401922941207886,12.64823742955923,1.0804017037153244,3.9396538734436035,11.078664362430573,0.45168494060635567,1.4275525510311127,0.251729816198349,1.4935405254364014,18.459577560424805,5.256669849157333,0.4949573501944542,0.010901086032390594,9.72291024401784,0.3147758543491364,12.182640552520752,64.7661383152008,37.257991433143616,2.769763946533203,4.693001955747604,1.1849995255470276,5.615250766277313,0.3145478665828705,0.5469734072685242,0.19636285305023193,0.400788813829422,1.3147518038749695,2.8597058057785034,0.5024124979972839,4.375566065311432,0.9669481515884399,0.32463641464710236,13.731707602739334,0.8808541297912598,0.3434063196182251,0.5959419012069702,0.9676064252853394,0.008793562650680542,1.0231289863586426,0.0,4.2760456800460815,1.670828104019165,0.09411384165287018,0.0,2.742118000984192,0.40442001819610596,1.1242064237594604,2.6443058252334595,0.6220993623137474,1.0186951383948326,8.462197333574295,0.6829427182674408,1.6717345118522644,1.9401161670684814,0.7424017786979675,8.078048788011074,0.14139550924301147,42.56196457892656,13.935219943523403,6.981582328677177,0.9955376498401165,7.032809071242809,1.5939738601446152,0.31523647159338,16.496185302734375,0.3928413614630699,6.238477885723114,13.148037388920784,1.8802592530846596,10.036435760557652,0.0,4.392738230526447,0.6552180461585522,5.548094242811203,2.3431137576699257,3.9871902018785477,1.5300182774662971,0.15076713636517525,2.9179317504167557,3.4607858657836923,22.28998515754938,0.338597908616066,9.165596961975098,5.280335873365402,1.7935770526528358,11.377089038491249,5.565411269664764,0.864632748067379,1.0083761811256409,4.94190013408661,0.2959984540939331,44.7567472755909,23.92172284424305,22.440226078033447,5.7273082211613655,13.121755182743073,62.12979644536972,9.816722422838211,74.11774888634682,80.08796900510788,4.684010952711105,42.818493127822876,28.497687220573425,35.420916736125946
TEST_02+6일,3.9007748663425446,128.48619398474693,4.997572645545006,5.760930091142654,0.7619765996932983,0.019134603440761566,22.66896122694016,0.7807962000370026,5.625245809555054,0.4484069347381592,2.195814549922943,0.41805025935173035,1.758720338344574,2.922660142183304,17.391346782445908,0.13636834919452667,12.304035186767578,0.5217354372143745,0.8220235034823418,62.50859892368316,10.470118775963783,0.864176020026207,0.015956014394760132,0.6394628416746855,0.0,1.1980494484305382,5.948508560657501,64.716492831707,5.105257868766785,3.5637247413396835,2.1377991437911987,6.152918100357056,2.6092020869255066,1.1367832347750664,0.0,0.8973000943660736,31.07759988307953,0.5188325643539429,1.3760006055235863,26.031113386154175,11.074780277907848,4.320515394210815,0.0,1.279986061155796,0.4269249960780144,2.0800971537828445,0.32452505081892014,3.544760912656784,0.2238924205303192,1.994164302945137,15.355341047048569,0.8508080840110779,8.95404303073883,0.6747620478272438,2.7540742456912994,1.4102672338485718,1.69387286901474,0.5801287144422531,0.8748237937688828,2.0988091081380844,15.058966398239136,9.82959195971489,3.0151679813861847,16.566192537546158,11.87745988368988,0.7799300849437714,0.6766767427325249,0.25308847427368164,0.9146171063184738,0.48332367092370987,2.3134782910346985,0.2502444200217724,1.1802324652671814,0.6668593380600214,3.9545662701129913,4.841834932565689,0.5830490961670876,1.714002549648285,1.061016023159027,2.93768048286438,1.7627684772014618,1.0646988451480865,0.3913582116365433,0.6579380482435226,0.9937019348144531,0.7132900804281235,2.03385329246521,2.6463979482650757,2.29141828417778,4.038210451602936,7.557371996343136,0.510112326592207,4.064299583435059,13.375249803066254,0.02916596084833145,0.006608776748180389,0.10930788516998291,1.1199482679367065,15.52200984954834,3.204223409295082,0.6576799303293228,0.0,5.3131729597225785,0.5194567441940309,10.844897642731667,97.9523366689682,32.95809745788574,3.3139331340789795,3.796477645635605,1.1729549691081047,5.262530222535133,0.5841772258281708,2.693269729614258,0.1333969235420227,0.23536907136440277,1.012437880039215,1.68474979698658,0.5440662801265717,5.641855686903,1.815809965133667,0.14051274955272675,4.527698874473573,0.5827799439430237,1.201155185699463,0.5957748293876648,0.8000020980834961,0.04702296853065491,0.6795752048492432,0.18771296739578247,2.1175796762108803,1.216952919960022,0.0709916353225708,20.408473908901215,4.403366804122925,1.286791816353798,4.10541296005249,4.477069675922394,0.3367420770227909,1.4899830669164658,8.600516617298126,0.9853768050670624,2.1146864891052246,3.7853736877441406,0.41935497522354126,7.07634611427784,0.02214731276035309,79.09400111436844,27.398244738578793,8.401263311505318,2.2688231393694878,6.523092225193977,2.0388828217983246,0.3729633763432503,13.770371913909912,0.09721331298351288,5.2320776879787445,17.218937158584595,1.2920225411653519,8.507593609392643,0.0,6.061904244124889,1.1684712059795856,4.31415468454361,2.2448738291859627,4.316798150539398,1.7686037309467793,0.7094777449965477,3.2342709228396416,4.058965042233468,24.083715230226517,2.077434651553631,15.1187105178833,5.843939166516066,2.0138485729694366,14.703739181160927,9.710376799106598,0.2891869619488716,1.4531805217266083,6.748030483722688,0.5718810856342316,39.26535712182522,21.611546277999878,18.398521900177002,11.119013786315918,8.451988860964775,49.30719032883644,8.180520385503769,59.30927064269781,81.35058850049973,4.903352275490761,41.56580877304077,22.79484647512436,36.82953119277954
TEST_02+7일,6.244790434837341,32.943618804216385,8.96810781955719,4.552291959524155,0.5399556159973145,0.5088131949305534,24.05283230543137,2.5441728830337524,5.0755999982357025,0.5811941623687744,2.054573893547058,1.1816084682941437,1.7005409002304077,3.931142210960388,25.538693100214005,1.024768352508545,7.037504196166992,1.264539122581482,0.6523647308349609,28.49120897054672,7.91866097599268,0.9530040100216866,0.16680751740932465,0.42748494632542133,0.2369464635848999,5.986985564231873,3.499847710132599,32.75410182774067,7.209621787071228,3.121213838458061,0.5717453435063362,3.3092719316482544,2.576315850019455,1.2827908545732498,0.01057501882314682,1.9496434926986694,47.5204336643219,2.4571834802627563,1.9803520292043686,37.67898762226105,19.257478713989258,4.389420449733734,0.0,0.6859682332724333,0.42816753685474396,2.1949897706508636,0.4914003983139992,6.0125473737716675,0.09576039388775826,2.3282950818538666,17.659234821796417,1.0451779961585999,8.803113520145416,0.8400575369596481,2.55887970328331,1.8811342120170593,1.151882253587246,1.2851822078227997,1.5441643595695496,2.339731216430664,18.7740678191185,9.137984365224838,5.039938405156136,14.38401058316231,16.375356763601303,1.1029061898589134,0.6766302734613419,0.5344932675361633,2.29627588391304,0.6825032830238342,3.117324113845825,0.226668082177639,0.2651204541325569,0.7271553799510002,4.873019456863403,6.710299953818321,0.34336681477725506,1.847908616065979,0.7191870212554932,5.160691738128662,1.6942342147231102,1.8060960173606873,0.8688092231750488,0.835120864212513,1.1897081136703491,1.0832995437085629,1.2561078369617462,4.284558534622192,2.2641209065914154,6.563751637935638,3.358299180865288,0.8357643485069275,5.181612491607666,9.845708906650543,0.5917642880231142,0.034542009234428406,0.19747963547706604,0.6930406093597412,12.007848739624023,4.941282212734222,0.6597514003515244,0.05910656601190567,7.32172254472971,0.42222353816032415,107.59653151035309,36.03420224785805,40.40896117687225,4.697504997253418,4.967281222343445,1.1427176520228386,3.2683387398719788,0.6872358918190002,1.6680119633674622,0.8292585611343384,0.7104982137680054,0.694070041179657,4.655223190784454,0.7885883897542953,3.105282038450241,2.694784164428711,0.10053175687789917,8.118665933609009,0.16885460913181305,1.0383000373840332,0.3743525743484497,0.19079993665218353,0.08550092577934265,0.017945170402526855,0.5021822601556778,0.1608233004808426,0.21791578829288483,0.05473104119300842,30.50314486026764,6.748265266418457,2.5530068427324295,6.614869594573975,5.801672339439392,0.2694939225912094,2.6394234895706177,8.656945824623108,3.9439984560012817,0.24190972745418549,4.4081525802612305,0.387127161026001,10.048226024955511,0.3259143978357315,67.8758630156517,77.06570073962212,10.005944609642029,1.1150593981146812,7.449869468808174,2.3942233622074127,0.23880712687969208,20.983547687530518,0.8528251200914383,3.7150971442461014,21.886283218860626,2.6189055666327477,9.083393812179565,0.012774109840393066,9.792239740490913,1.2044783122837543,5.10167595744133,2.5921898782253265,5.169224828481674,0.2358655259013176,0.33727608248591423,7.36127182841301,12.757518820464613,25.448146652430296,0.7938594371080399,24.93496322631836,8.44677759334445,1.798369288444519,17.583911761641502,8.123561300337315,0.03978859633207321,3.8125664591789246,8.584488838911058,3.18283274769783,34.11569865047932,25.167762860655785,17.576469898223877,18.018194526433945,10.418851561844349,54.88364093005657,12.429381310939789,94.0266203135252,67.05256640911102,10.306646682322025,46.061062812805176,13.333224892616272,33.9580494761467
TEST_03+1일,2.951778322458267,0.0,7.218562006950378,2.2622014582157135,0.8116527795791626,0.6935323998332024,3.41890847682953,8.475055456161499,2.824337363243103,1.6259682178497314,0.4601171426475048,0.954995334148407,1.221752643585205,1.4349020421504974,21.690964490175247,1.2634488940238953,19.791588306427002,0.1267876774072647,0.697849228978157,0.0,3.5726450383663177,0.33430755883455276,1.2186630964279175,1.1580665186047554,3.7004686146974564,7.899677753448485,0.0,0.0,12.04443621635437,3.3802518248558044,3.343316748738289,5.683049440383911,1.5318098664283752,1.029403567314148,0.0,6.252145171165466,33.434037029743195,8.209605932235718,3.0733144283294678,18.55423140525818,34.69985902309418,1.123400405049324,0.0,0.9580241367220879,0.7841593623161316,0.20972955226898193,0.13536658138036728,6.000808596611023,0.24026723019778728,1.8457030393183231,29.536734580993652,1.1773874796926975,8.765358746051788,0.8174572438001633,1.284865289926529,0.0837215781211853,1.3253805860877037,0.23310494050383568,1.0327490419149399,0.4244653210043907,9.735143095254898,6.22089296579361,10.039631947875023,14.149035871028902,13.040575683116913,2.4674753546714783,0.7583511471748352,0.49063432216644287,3.970527172088623,0.5626019462943077,0.5857186019420624,0.15082098543643951,0.0,0.5630249083042145,2.2498132288455963,1.4974597916007042,0.7153321802616119,0.5988650768995285,1.8236177563667297,4.792036771774292,2.3002430498600006,1.1380352675914764,0.27113355696201324,0.5072840675711632,1.80996572971344,1.2290245220065117,1.8839512914419174,2.525511860847473,1.7907719612121582,3.8368350863456726,13.670348659157753,4.988310545682907,3.5076217651367188,7.524896860122681,1.1920710057020187,1.2031029164791107,0.025163382291793823,1.3118267059326172,16.372053146362305,7.053528070449829,0.835010290145874,0.11873571574687958,5.565606579184532,0.10049203038215643,213.107825756073,3.954796254634857,35.43456208705902,2.7948691844940186,1.6391594111919403,0.9485392868518829,2.1446052938699722,0.44446535408496857,1.546934187412262,1.666731357574463,0.16635777801275253,3.6175371408462524,2.0955790579319,1.3839521706104279,2.023007810115814,0.004591464996337891,0.4307728558778763,11.861394852399826,0.007776021957397461,0.0,0.17578056454658508,0.0,0.3531798720359802,0.0,1.1055473685264587,0.0,0.23256757855415344,0.22670142352581024,12.085293233394623,0.7627040594816208,2.5600239485502243,1.111777901649475,0.3817978501319885,0.44179123640060425,0.0,2.5895610451698303,0.45542263984680176,0.3204168677330017,0.6454601883888245,0.7868889570236206,6.993722029030323,0.0,49.316700756549835,21.236952096223828,12.771457090973854,0.0,9.860743775963783,1.1060312017798424,0.118889719247818,21.519668102264404,0.0,2.5718023627996445,21.537522733211517,7.044348232448101,0.0,0.0,11.726762987673283,1.1958540678024292,6.992338567972183,2.615190826356411,10.211854688823223,2.2831256724894047,0.0,11.056586503982544,0.0,17.09099578857422,0.0,25.12104892730713,6.4077967666089535,6.250752836465836,31.7213601693511,15.453991025686264,7.515300907194614,3.4673948287963867,2.0642009973526005,3.7234698981046677,93.23647609353065,90.29824167490005,105.466552734375,70.99526876211166,87.73866200447083,146.3206226825714,95.44281423091888,662.041757106781,107.3688930273056,97.09053075313568,66.21897172927856,21.489574313163757,115.04857945442201
TEST_03+2일,1.4971341043710709,3.8788142055273056,2.6778865605592728,0.0,0.28935056924819946,0.586556613445282,16.757716894149784,3.355967789888382,4.6605362594127655,0.2880565822124481,1.8090055882930756,0.3661820590496063,0.8801039457321167,1.0196211338043213,7.342733725905418,0.10797813534736633,23.11195707321167,0.41555317863821983,0.41346848756074905,31.660574018955227,13.07277987897396,0.09228675067424774,1.1966636180877686,0.7721836874261498,0.0,8.095543831586838,15.010985255241394,24.517639219760895,9.244947910308838,3.636941447854042,4.23886513710022,9.049211025238037,0.6560745760798454,1.4371841102838516,0.46289339661598206,3.4717226028442383,25.687570810317993,6.4763288497924805,2.3858262598514557,12.158123016357422,30.820719122886658,0.6142666935920715,0.0,1.0186788812279701,1.132416307926178,0.29378704726696014,0.13671275228261948,4.173275589942932,0.0,1.9106977805495262,17.397422432899475,1.2165101617574692,9.586858749389648,1.1292035579681396,0.006696537137031555,0.0,1.473858430981636,0.9441899247467518,0.8302242234349251,0.6057454571127892,4.061543375253677,7.126997485756874,5.492169454693794,16.22743332386017,11.005483791232109,1.6344978511333466,0.5046591684222221,2.5073537826538086,0.2945253998041153,0.31693562865257263,0.7930007576942444,0.26938579976558685,0.0,0.3768543731421232,2.3606474697589874,2.1336546912789345,0.7912987098097801,0.6196979284286499,1.3379282355308533,2.173272728919983,1.6778744459152222,0.6401445865631104,0.0,0.6474858149886131,1.7542110085487366,1.0884062871336937,1.4706863760948181,2.097569525241852,2.8515770733356476,1.112640231847763,32.25392434000969,5.4054564237594604,1.797865867614746,5.816738083958626,1.0669514387845993,1.0592125356197357,0.19122843444347382,0.4890536665916443,14.37303638458252,3.813080444931984,1.4288415759801865,2.0341691374778748,7.934683188796043,0.12064346671104437,16.054024517536163,96.67665266990662,21.142881453037262,1.8768670558929443,1.8343878090381622,1.2560762017965317,1.5724366530776024,0.08895017206668854,0.46414902806282043,0.9029173851013184,0.5583010911941528,1.4894015192985535,3.824412703514099,1.7686145603656769,4.1024099588394165,0.8055179119110107,0.377463161945343,20.0873481631279,0.5876572132110596,0.1146235466003418,0.4429572522640228,0.11376318335533142,0.5641692280769348,0.12012207508087158,1.0791252851486206,0.28471602499485016,0.27523091435432434,0.3111938238143921,17.42803454399109,0.13748958706855774,0.5104907602071762,0.0,0.13768017292022705,0.29735076427459717,0.0,0.13762898743152618,0.0,0.2530544847249985,0.718870997428894,0.5924577713012695,6.576350346207619,0.0,12.700248096138239,101.43005222082138,11.282222896814346,0.47851379960775375,8.329809129238129,1.4339975640177727,0.23512700200080872,21.356216430664062,1.4178894460201263,4.617351479828358,18.550278335809708,4.392542578279972,0.0,0.0,8.74186523258686,1.2378756366670132,6.264679908752441,2.628096856176853,7.817091777920723,2.0962854400277138,0.03578103706240654,7.162207067012787,0.0,18.813218660652637,0.0,17.054869651794434,6.343965724110603,5.545672506093979,18.137669805437326,15.714204229414463,6.963488474488258,1.5332278609275818,2.6454112827777867,0.3759549558162689,129.68039923906326,91.52919948101044,100.15506362915039,48.296420246362686,53.92646539211273,110.98923778533936,75.35237073898315,615.042764544487,95.66369131207466,113.0656381249428,150.16333961486816,35.2221143245697,56.86117398738862
TEST_03+3일,0.0,16.93012174218893,2.1541319489479065,1.2444959878921509,0.13021531701087952,1.177629679441452,8.880701899528505,3.3040824234485626,5.41426494717598,0.11830216646194458,1.599961370229721,0.17901411652565002,0.2505621314048767,2.083587408065796,4.08048315346241,0.0,22.2341365814209,0.5958191901445389,0.001039758324623108,32.402458012104034,9.293332859873772,0.5173444151878357,0.5444039851427078,0.5843551112338901,0.0,5.040831305086613,7.530106008052826,67.88211005926132,10.356231689453125,2.766367629170418,5.028214439749718,7.926887512207031,0.6037095114588737,1.5569161176681519,0.06793249398469925,0.05158074200153351,21.30019962787628,5.9305644035339355,1.2120584025979042,16.621152698993683,23.837137937545776,1.2761060893535614,0.0,0.3612293656915426,0.6512654423713684,0.8173927441239357,0.08966749534010887,3.5638242959976196,0.1771002970635891,1.3929629176855087,8.896692365407944,0.8364978730678558,11.9864262342453,0.9881564453244209,0.30138950049877167,0.4791186600923538,1.4019462764263153,1.308806762099266,0.9928051829338074,0.516490064561367,1.7679514437913895,6.834563612937927,3.744326025247574,16.449438989162445,12.706627249717712,0.8202536106109619,0.2639883756637573,1.2917356491088867,0.7035825252532959,0.4441015422344208,1.246258169412613,0.005236081779003143,0.0,0.4525282233953476,5.921487808227539,1.7833399549126625,0.9364570677280426,1.775997519493103,0.6300624012947083,2.025592625141144,1.6518539488315582,0.3710262179374695,0.22800229489803314,0.8889846503734589,1.4033376574516296,1.1039469987154007,0.6158581934869289,2.1454131603240967,3.8575238585472107,2.146615669131279,66.00447881221771,3.227622151374817,1.319238543510437,3.205181211233139,0.3295857198536396,0.0,0.0,0.33979085087776184,17.590089797973633,2.1879466623067856,0.38301126658916473,1.3251290023326874,7.083336617797613,0.30852568149566656,4.759026676416397,43.12832123041153,0.023072630167007446,1.5280404090881348,1.4323305785655975,3.2540360391139984,0.6230877712368965,0.3596577048301697,0.16025054454803467,0.19763052463531494,0.6926354169845581,0.5890338867902756,2.5418841540813446,2.1886686980724335,5.070694863796234,0.4265555143356323,0.46336648613214493,14.762955695390701,0.6996085047721863,0.0,0.6378246545791626,0.40792301297187805,0.5313274264335632,0.35326144099235535,0.5663301050662994,2.845265343785286,0.5898692607879639,0.5226175785064697,32.549044489860535,0.06792274117469788,0.468565970659256,0.0,0.19845589995384216,0.5981908440589905,0.0,0.8814927190542221,0.3709947019815445,0.0,1.3492922186851501,0.7819178700447083,5.212254635989666,0.0,194.24764055013657,181.13703399896622,9.063345685601234,1.2878797240555286,6.524347141385078,0.4948468506336212,0.24533535540103912,17.722818851470947,0.11656880378723145,3.6054813489317894,15.20396415889263,1.6522105783224106,8.278647065162659,0.0,5.23676298558712,0.8559540249407291,5.827272474765778,2.7611254155635834,6.547728717327118,1.7408327758312225,0.1831800565123558,6.954440921545029,4.144035771489144,26.889122508466244,0.0,11.645753860473633,5.469339542090893,5.767175942659378,12.321465272456408,10.772206008434296,5.853937014937401,0.0,0.6935291588306429,1.580851674079895,167.5192893743515,53.38891804218292,111.23539352416992,33.63144913315773,68.46800523996353,21.921195834875107,44.003408551216125,496.63985192775726,111.7148020863533,89.23718678951263,186.31988525390625,20.582502007484436,49.0519903600216
TEST_03+4일,0.2778807580471039,24.011526435613632,1.9797495156526566,1.7646118253469467,0.16145101189613342,0.3072701469063759,9.132587164640428,1.675636649131775,5.146114945411682,0.3463052213191986,1.1221171170473099,0.19817575067281723,0.022090137004852295,2.9303303360939026,4.602936007082462,0.43897513300180435,87.81248474121094,0.8766671568155289,0.0,60.2508738040924,11.068917825818062,1.3297972902655602,0.42636215686798096,0.9427747260779142,0.0,11.47984005510807,2.434136152267456,39.71420583128929,13.426647424697876,3.7959601283073425,5.230247229337692,5.598230838775635,0.5666067749261856,1.6657078713178635,0.0050036609172821045,0.9930707514286041,22.16411864757538,3.0271875858306885,1.2711406499147415,27.44023561477661,20.73042407631874,2.1969105303287506,0.2556800842285156,0.9145068414509296,0.475641593337059,1.5751868560910225,0.4010530561208725,3.5359928905963898,0.18901694752275944,1.4397995322942734,9.182409942150116,0.6900060251355171,9.032034158706665,1.0920110419392586,0.6789245009422302,0.43956881761550903,1.9954100400209427,1.5330789312720299,1.209870994091034,0.6787503324449062,2.5777561962604523,7.182648628950119,3.7438787817955017,13.590679049491884,11.906403601169586,0.7909379750490189,0.36968786269426346,2.7519376277923584,2.711281806230545,0.33879354596138,1.412661224603653,0.0,0.0,0.8197473641484976,8.66140902042389,1.6990261897444725,0.6601138785481453,1.8580816984176636,1.1794694811105728,3.2543728351593018,1.6994833797216415,0.3491992726922035,0.7022067904472351,0.4585987329483032,0.2831266522407532,1.583973377943039,0.7964931428432465,4.975938320159912,2.2374714761972427,2.2629996985197067,62.54090487957001,1.8280650675296783,1.8679720163345337,0.6325323134660721,0.46429236605763435,0.34439653158187866,0.044551849365234375,0.15503907203674316,13.857522964477539,1.2400670051574707,0.08195757865905762,0.0,8.771487791091204,0.17851203680038458,8.098885536193848,37.036613911390305,0.0,0.9998667240142822,1.3811394274234772,4.069931536912918,0.0,0.4654150456190109,0.03356015682220459,0.0736839771270752,3.2914702892303467,0.45141667127609253,3.248453378677368,3.028077855706215,3.552889823913574,0.6777616143226624,0.27962057292461395,8.16210661828518,0.40018343925476074,0.0,1.1322685480117798,0.29735952615737915,0.5129769444465637,0.38515570759773254,0.3922922909259796,10.902020454406738,1.2297102212905884,0.6404833793640137,35.8360230922699,0.9300207644701004,0.1676996499300003,0.5131382942199707,0.07094398140907288,0.5394545719027519,0.3127214312553406,1.0713078081607819,0.7504903078079224,0.0,1.990071415901184,0.5281996726989746,4.564959235489368,0.0,111.72236096858978,184.23711478710175,8.214604899287224,0.9178289249539375,5.057022862136364,0.8796952664852142,0.22344785928726196,15.811149597167969,0.0,4.334105245769024,15.115834325551985,0.8719000220298767,7.2551230899989605,0.0,3.9311056584119797,0.22173966467380524,5.341993272304535,2.6467775478959084,5.86151135712862,1.303480289876461,0.0713544711470604,6.648861914873123,6.494288824498654,24.87459670007229,1.4749951511621475,13.641133308410645,7.371566466987133,6.336296774446964,17.644094429910183,7.0660107880830765,6.004217736423016,0.30279529094696045,5.3647420704364785,3.3544188737869263,171.7099939584732,81.22555077075958,90.87224578857422,34.365034222602844,84.90197825431824,79.70118120312691,58.38877260684967,603.5008260607719,105.98418653011322,59.89076349139214,169.43035507202148,16.7816401720047,53.532187104225166
TEST_03+5일,1.8162945806980133,38.94755432009697,0.4462483376264572,0.8985106199979782,0.3029385507106781,0.4602823108434677,31.386298656463627,0.0,3.273547887802124,0.23938187956809998,0.422566719353199,0.0,0.3069784641265869,4.851661860942841,6.481041245162487,0.4967319965362549,107.72268676757812,1.573161631822586,0.0,77.63123416900635,19.921067535877228,1.5862813889980316,0.6413887739181519,0.8073497079312801,0.8294726312160492,1.8058246001601217,13.350134074687958,37.293458074331284,15.666603565216064,6.3656482100486755,5.781747072935104,4.663521766662598,1.5860324651002884,1.592835545539856,0.17558448016643524,1.2826699018478394,30.18124932050705,2.3515448570251465,0.9748837351799011,33.82221269607544,19.039135321974754,2.1304571628570557,0.0,0.8898993209004402,0.2809273973107338,2.24499873816967,0.6337994337081909,0.27300459146499634,0.515064999461174,1.7784207910299301,12.402156502008438,0.6525926068425179,6.680635392665863,0.7917075678706169,1.1115331649780273,0.9310827255249023,2.961618721485138,1.6777346283197403,1.1334710866212845,0.7970049232244492,4.149495914578438,6.654146164655685,4.694977223873138,10.149183809757233,16.307836174964905,2.849309504032135,0.37561648339033127,3.289949893951416,2.667336568236351,0.2922665700316429,2.2089944779872894,0.1622842624783516,0.294797420501709,0.8356724940240383,6.644314527511597,1.4485348910093307,0.5878068879246712,1.2186135649681091,0.1849711686372757,1.3389955759048462,3.1186664402484894,0.6811100319027901,1.0988985002040863,0.0,0.7681267261505127,2.5069221407175064,0.8808752745389938,4.6591386795043945,2.0728343725204468,1.6304949223995209,43.283641278743744,1.690025269985199,3.62363862991333,1.2057174742221832,0.6000515893101692,1.3092193007469177,1.7920132875442505,0.3037679195404053,13.83759880065918,1.3143912702798843,0.6510485038161278,0.0,8.891706336289644,0.1479369997978211,3.6827919632196426,74.01043903827667,0.0,2.89982271194458,1.9720541536808014,1.813857764005661,0.6494699046015739,0.3789962828159332,0.4102775752544403,0.5859133005142212,0.47378821671009064,0.32113462686538696,4.515686631202698,3.1026920676231384,2.2761922776699066,0.5131859183311462,0.3918900191783905,18.449795871973038,0.4724215269088745,0.10435199737548828,1.4622242450714111,0.16430674493312836,0.9366199970245361,0.7138752937316895,0.39608466625213623,8.67425987124443,1.0517287254333496,0.7576779127120972,96.18440270423889,1.7745099067687988,0.2696016803383827,0.0,0.64463771879673,0.21378597617149353,0.0,2.0843226462602615,0.6506867408752441,0.5048323273658752,3.6829075813293457,0.6800627112388611,5.826793000102043,0.14139550924301147,139.65014949440956,136.27844870090485,8.987191200256348,0.9955376498401165,6.613961860537529,1.5939738601446152,0.31523647159338,17.915029525756836,0.23933518677949905,6.134684160351753,16.366532385349274,2.1551525965332985,10.087735634297132,0.0,2.9371707513928413,0.1580209583044052,5.598355710506439,3.1970798224210735,5.9329585656523705,1.4585774838924408,0.2098742388188839,9.539954662322998,7.249230079352857,29.517052464187145,0.338597908616066,13.651320457458496,5.9080272652208805,7.608807519078255,18.034762296825647,10.484183616936207,6.181907378137112,0.520140528678894,6.6439009606838235,2.2482963651418686,118.23397970199585,88.13849687576294,93.08760452270508,36.747349858284,81.12623637914658,113.99783158302307,58.80006968975067,577.6964300870895,98.17848712205887,62.83832490444184,100.52846431732178,32.96254920959473,40.4371001124382
TEST_03+6일,5.427576422691345,37.01659718155861,7.0734734535217285,0.8388842195272446,0.46397218108177185,0.1449287235736847,26.68482327461243,0.5925406813621521,2.3926294445991516,0.5645166635513306,0.614570640027523,0.06340956687927246,0.7308326214551926,5.663968920707703,17.621284246444702,1.2503346800804138,13.262576580047607,2.471444249153137,0.2217780500650406,48.53301358222961,14.189014181494713,1.5044661909341812,0.19717812538146973,0.6336933262646198,0.042611539363861084,0.0,20.562824606895447,29.532500684261322,14.434305667877197,10.03322359919548,5.0034569799900055,3.110533118247986,0.9700051918625832,1.9299470782279968,0.014758296310901642,0.28093568980693817,44.399195194244385,2.5064486861228943,0.9175295569002628,29.405893921852112,23.205417469143867,0.8441868424415588,0.0,1.3076321110129356,0.26037353463470936,2.702491767704487,0.7025937736034393,0.6626793444156647,0.35153260454535484,2.404840648174286,16.248596847057343,0.7998837791383266,7.870073318481445,0.7222278937697411,3.3051394522190094,0.6846672892570496,2.4338191747665405,1.4296809136867523,0.9103139117360115,0.6450590156018734,10.435886442661285,5.525070950388908,6.38667494058609,10.376978889107704,18.545133769512177,3.7763932645320892,0.6337901651859283,1.0437326431274414,2.7786501049995422,0.49350637942552567,2.8719907999038696,0.2502444200217724,0.3107777424156666,0.8229171819984913,5.469724237918854,1.1838499456644058,0.7594000920653343,1.600623607635498,0.20315124094486237,4.834976434707642,3.502784788608551,0.9239138513803482,1.2580376863479614,0.9709842503070831,1.2935187220573425,2.1980683878064156,0.7373348921537399,4.414063811302185,2.4109159409999847,3.4455701112747192,6.083352476358414,1.585043728351593,4.2134904861450195,4.581920728087425,0.263095423579216,0.6339491903781891,2.5724925994873047,0.7942497730255127,17.198532104492188,9.762304425239563,2.149324491620064,0.28857406973838806,4.115371853113174,0.1168206930160523,7.138561353087425,79.52733016014099,3.6217997074127197,6.797896862030029,2.023111641407013,1.4213038831949234,1.2279834598302841,0.43173544108867645,0.39069414138793945,1.1146095991134644,0.7712910175323486,0.495175302028656,3.959047257900238,2.1941640079021454,1.775731846690178,1.1965811252593994,0.3336980789899826,11.4357198625803,0.28810766339302063,0.25555360317230225,0.796715497970581,0.9253654479980469,0.17247873544692993,0.6896305084228516,0.24992577731609344,3.4434865713119507,0.3011952042579651,0.7126522064208984,108.18716287612915,4.713225364685059,2.4295846223831177,4.582218170166016,2.1508724987506866,1.1217122972011566,4.5497512221336365,8.732590824365616,0.33596963435411453,1.0302227139472961,6.412475109100342,1.858020544052124,4.389412879943848,0.02214731276035309,215.49485185742378,78.28266739845276,10.457980200648308,2.2688231393694878,7.90078916400671,2.0388828217983246,0.3729633763432503,15.572152137756348,0.0,5.235407799482346,16.375755101442337,4.55613449215889,8.525365758687258,0.0,6.375593580305576,0.7331425175070763,5.379258751869202,2.902120985090732,8.357525177299976,1.7211523689329624,0.7277048639953136,15.42921245098114,7.817290283739568,31.67570409178734,2.077434651553631,17.995298385620117,5.868773270398378,9.065425291657448,23.73974059522152,16.619436874985695,8.169920906424522,1.3510752320289612,6.719499289989472,3.03425595164299,176.19062620401382,97.18501448631287,81.47300720214844,41.195284098386765,77.49692976474762,122.73732751607895,70.7642474770546,617.7678817510605,93.04834574460983,60.133891761302955,93.7205924987793,24.334768295288086,52.92226207256318
TEST_03+7일,6.886888921260834,13.796812646090984,11.916078448295593,4.518220961093903,1.7423722743988037,0.43464774638414383,5.1135074496269235,5.097379267215729,1.157234251499176,0.8436407446861267,0.8255110122263432,0.0,1.311558723449707,3.6670603156089783,27.803404569625854,3.6794814467430115,0.4021425247192383,2.8440385162830353,0.5439299941062927,0.0,4.20547878742218,1.0217597782611847,0.15858976542949677,0.44414258748292923,1.9083029478788376,1.2351181358098984,14.796102583408356,15.124560222029686,12.15811038017273,8.583558857440948,3.4190061166882515,3.752597451210022,1.1938358172774315,2.2768954634666443,0.2799481526017189,5.193179249763489,35.890227258205414,5.5412750244140625,0.8957977965474129,23.299721360206604,21.883797079324722,0.4449308291077614,0.0,0.6771116610616446,0.39630838483572006,1.9266282469034195,0.6312193721532822,5.578904986381531,0.21323712170124054,2.111724704504013,20.87855178117752,1.0465059764683247,9.766571044921875,0.6480571031570435,5.665076494216919,0.9129499197006226,1.826012022793293,1.2112668231129646,1.6436493694782257,0.44358621165156364,15.638947606086731,5.632298961281776,9.825819462537766,11.130922839045526,21.388504654169083,3.108181208372116,0.5774503648281097,0.6362546682357788,4.003354132175446,0.6897495687007904,2.812829613685608,0.226668082177639,2.2275739908218384,0.8375387080013752,6.28633439540863,1.1938251480460167,0.5388138815760612,1.1490716636180878,0.15077343583106995,3.3991910219192505,1.9722930341959,0.49527328088879585,0.662805438041687,1.353369578719139,0.8349428772926331,1.4048588946461678,0.9495296478271484,1.3482922911643982,2.8349320590496063,4.566884517669678,17.66706094145775,1.4802188873291016,3.3839573860168457,8.30084502696991,0.8776715286076069,0.5095043405890465,2.035259962081909,1.2121844291687012,14.218324661254883,17.97344696521759,2.2700937688350677,0.19750822335481644,6.749531254172325,0.19932141900062567,156.4144320487976,0.0,18.8930983543396,6.843788146972656,5.176207214593887,2.082543909549713,2.5770269334316254,0.514000877737999,0.7029491364955902,1.682159185409546,1.007635474205017,0.6975018829107285,2.8912829160690308,1.5524316132068634,2.879881352186203,1.7303118705749512,0.3268817514181137,7.399173066020013,0.028397202491760254,0.11902046203613281,0.09666693210601807,1.025409460067749,0.0,0.39591869711875916,0.17355669289827347,0.0,0.0,0.17904077470302582,46.00444734096527,7.30430269241333,3.4238080382347107,7.490516662597656,1.8289080262184143,1.9712717533111572,3.547256827354431,11.698715388774872,1.3218708336353302,0.02740323543548584,7.01348876953125,2.1350440979003906,6.045256868004799,0.3259143978357315,0.0,42.08766043186187,11.663852244615555,1.1150593981146812,9.844404622912407,2.3942233622074127,0.23880712687969208,21.431511878967285,0.5501160398125648,4.2011629194021225,15.81929188966751,6.417822763323784,9.099125415086746,0.012774109840393066,9.945905227214098,0.8939538225531578,6.130224972963333,2.740447774529457,8.628964863717556,0.012526173144578934,0.3245054818689823,10.919561088085175,17.97468823194504,30.89489708840847,0.7938594371080399,25.042816162109375,8.04272922500968,8.746934965252876,29.62672171741724,16.0633562207222,10.537520438432693,3.6881397664546967,8.951590716838838,6.7647430300712585,175.5301759839058,91.02422952651978,92.98905944824219,51.562644600868225,93.2326637506485,148.98547172546387,77.12545096874237,564.1253596544266,87.19760164618492,56.68417745828629,105.98353385925293,23.733757853507996,65.42462015151978
TEST_04+1일,4.6763133108615875,7.327347502112389,4.881503790616989,4.546256363391876,1.5864849090576172,2.534240961074829,5.825995594263078,0.2879367470741272,1.1419131010770798,0.9590938091278076,2.468549832701683,1.038912981748581,0.4362007677555084,0.43294288218021393,0.8100133985280991,0.017936304211616516,0.0,0.11687209457159042,0.6306234151124954,2.292763888835907,3.629802666604519,0.6395697668194771,0.6766158789396286,1.1512376200407743,3.8647860884666443,2.143082767724991,0.0027840882539749146,0.0,8.599644422531128,3.9726521968841553,4.510078847408295,4.070095539093018,1.112843632698059,0.5233411863446236,0.0,12.294464111328125,49.970558404922485,1.9545353651046753,1.8117306008934975,31.346165776252747,0.07654969394207001,0.19447267055511475,0.0,1.058860931545496,0.6983002126216888,1.6747858077287674,0.0,1.2198865562677383,0.010354023426771164,0.7402452751994133,8.106732845306396,0.98091596737504,1.9383267760276794,0.5876186192035675,2.222102478146553,0.8703565299510956,2.6230435222387314,0.6742372140288353,1.3330214023590088,1.141601026058197,5.391692817211151,6.344460994005203,11.861242353916168,8.76201494038105,9.699952751398087,0.3890965096652508,0.9910773038864136,1.0228618383407593,8.830486357212067,0.549531951546669,1.78057461977005,0.15082098543643951,0.5593270808458328,0.2401534952223301,2.34735868871212,1.324023999273777,0.6788665428757668,2.111100196838379,0.9498087465763092,4.278350830078125,0.15342756547033787,0.664791002869606,0.8188312500715256,0.8880789019167423,0.7561511993408203,0.09822509437799454,2.7522639632225037,2.6761119961738586,2.0143378376960754,1.955189511179924,3.3392761945724487,4.828149735927582,3.245680332183838,5.027841106057167,0.6143556237220764,0.5389212816953659,0.37957319617271423,0.8062764406204224,16.910411834716797,2.4499621093273163,0.0,0.5419084206223488,7.0807974599301815,0.23026329278945928,160.75256288051605,6.313038915395737,46.06263542175293,1.9660308361053467,0.699407771229744,2.1969081461429596,2.562887594103813,0.4868767410516739,2.136697769165039,0.28635919094085693,0.480813592672348,0.7248395830392838,1.0323803052306175,1.2333422675728798,0.2821037583053112,0.23738130927085876,0.28750157356262207,35.76226282119751,0.05289599299430847,0.1402587890625,0.15920981764793396,0.2336101233959198,0.22271396219730377,0.494200736284256,0.7306667268276215,0.9529592208564281,0.13186249136924744,0.20016096532344818,9.350937604904175,0.23686185479164124,1.6420696377754211,1.2277621030807495,0.0,0.0,0.51587925106287,1.210280880331993,0.23955126106739044,0.29802802205085754,1.4542019963264465,0.48402297496795654,4.754416935145855,0.0,0.0,24.697333276271817,8.282638728618622,0.0,7.752500802278519,1.1060312017798424,0.118889719247818,15.274114608764648,0.0,1.4610886722803116,10.946482807397842,5.5930400639772415,0.0,0.0,7.617517039179802,0.7201027050614357,4.5944037437438965,2.7561801597476006,5.884210892021656,2.207792580127716,0.0,4.184976927936077,0.0,6.610090926289558,0.0,15.096667289733887,5.209142301231623,1.8522456362843513,12.997780106961727,6.858079232275486,0.4115034267306328,1.0745221376419067,0.0,0.34089595079421997,15.607415825128555,9.03358917683363,32.89940071105957,3.077258877456188,15.070915959775448,18.362307891249657,6.16879515349865,229.61457133293152,6.343421638011932,96.36257100105286,12.988138675689697,7.222937643527985,32.985256254673004
TEST_04+2일,1.267543539404869,0.0,0.2934264987707138,0.7463210597634315,0.34653186798095703,1.9010416567325592,3.4005053341388716,0.4746270179748535,1.7433517053723335,0.03000098466873169,0.0,0.36174309253692627,0.37515436112880707,0.36260300874710083,0.0,0.004323124885559082,24.369014739990234,0.047196559607982635,0.5301657691597939,20.081552356481552,0.1743956357240677,0.6999871656298637,0.205171599984169,0.7640746375545859,5.025193572044373,3.570886887609958,2.3926132768392563,14.920419976115227,7.170413613319397,1.9627245664596558,3.0473229438066483,1.3547440767288208,0.3777979016304016,1.287278264760971,0.46289339661598206,1.61285862326622,27.661022007465363,1.1289763748645782,1.2192263826727867,8.813102126121521,0.5529282987117767,0.1417398452758789,0.0,1.1252978183329105,0.5010325014591217,0.6831586882472038,0.18449045717716217,1.1824106872081757,0.0,0.3714875429868698,4.5775399804115295,0.7352917045354843,1.8526816964149475,0.9014684557914734,1.8232082426548004,0.9863117337226868,3.5113534331321716,0.43528544902801514,1.2862451523542404,0.705642007291317,1.8482623994350433,1.3247430324554443,8.841645509004593,6.6854085624218,9.589042067527771,0.5566051192581654,0.26542121171951294,0.09654343128204346,5.95955154299736,0.3006395697593689,1.4226174354553223,0.26938579976558685,0.5162358283996582,0.0,1.0596448928117752,1.6890974566340446,0.5666371621191502,0.5258941054344177,0.7154736518859863,0.17656999826431274,0.0,1.1357922703027725,0.5506447330117226,1.000693067908287,0.9561047852039337,0.4890241399407387,0.9439594820141792,1.164374202489853,1.9243556261062622,0.6659204363822937,22.02899483591318,4.628834426403046,1.2483148574829102,3.23159359395504,0.8127434998750687,0.3215406835079193,0.38704007863998413,1.0874590873718262,10.122358322143555,2.5025092363357544,1.1929779052734375,0.1623941957950592,4.807680188678205,0.10625171661376959,22.95037031173706,58.21560382843018,16.747692435979843,1.2883442640304565,0.9821822196245193,1.2858031764626503,1.6470806673169136,0.2920544892549515,0.9328037202358246,0.7322801351547241,0.5988982915878296,0.31493671238422394,0.26883499324321747,0.6723356992006302,0.7874394655227661,0.0,0.23773470520973206,31.930024474859238,0.11234018206596375,0.5632840394973755,0.3960467576980591,0.06674522161483765,0.13898256421089172,0.3540700376033783,1.0036418437957764,0.4494326338171959,0.445548415184021,0.2871580421924591,4.93227019906044,0.6685892343521118,0.5116878151893616,0.054103851318359375,0.0,0.0,0.5949818193912506,0.5585648119449615,0.0,0.0,0.8269038498401642,0.6961374878883362,4.231536917388439,0.0,0.0,153.78940224647522,8.744984596967697,0.47851379960775375,7.457335859537125,1.4339975640177727,0.23512700200080872,17.06809091567993,1.3275878503918648,3.1764426082372665,9.36372795701027,3.699554428458214,0.0,0.0,6.763814836740494,0.9259239956736565,4.638533234596252,3.0909726619720455,5.874688915908337,2.0400848127901554,0.03578103706240654,2.7994199842214584,0.0,12.816437311470507,0.0,11.172111511230469,5.782596208155155,0.6712997183203697,11.128222733736038,9.149979956448078,1.0406942442059517,1.0721111595630646,1.4299886524677279,0.0,2.5386184751987457,2.050914987921715,0.0,5.39009902626276,4.573632508516312,9.072509195655584,5.819418281316757,66.6653348132968,5.3157054260373116,109.80554765462877,0.4896979331970215,2.754568576812744,8.846423923969269
TEST_04+3일,0.0,9.188958808779716,2.030514195561409,1.04706871509552,0.12595108151435852,1.0854628384113312,8.018991440534593,0.4584369361400604,1.6395335346460342,0.14086031913757324,0.0,0.0,0.3567880690097809,0.395453080534935,0.06240615248680115,0.03974743187427521,79.89246368408203,0.22693344205617905,0.4202345609664917,24.642357319593426,2.340682774782181,0.5204344093799591,0.0,0.5839567501097918,5.681219443678856,1.48556437343359,4.703907519578934,40.879053592681885,3.8032437562942505,1.8203685730695724,1.8707902058959007,0.9851102828979492,1.3435780704021454,1.1758523732423782,0.06793249398469925,0.4125509411096573,12.408734500408173,0.9520824551582336,0.5380714684724808,10.872593522071838,0.0,0.07545895874500275,0.0,0.4475001897662878,0.5415020324289799,0.13931189477443695,0.8251820504665375,0.874467596411705,0.0,0.2041613906621933,5.990339353680611,0.5747951865196228,1.8214977979660034,0.8956471234560013,1.7876884192228317,1.3499800264835358,3.8578370809555054,0.38087646663188934,1.296138882637024,0.29787594452500343,0.5121213048696518,0.07223054766654968,3.187202289700508,4.943785756826401,8.348419815301895,0.2535152807831764,0.5882970839738846,0.4974336624145508,2.4098183065652847,0.42899519205093384,1.6016936302185059,0.005236081779003143,0.5445524677634239,0.0,1.4515677094459534,1.3949711099267006,0.6992269679903984,0.9978382587432861,0.38971326500177383,3.061077833175659,0.4988163970410824,0.8566376119852066,0.35891812294721603,1.3270119577646255,0.7011416405439377,0.2601342499256134,0.3949732333421707,1.2914287447929382,3.488370329141617,1.7717430591583252,52.73523287475109,2.601687952876091,0.9193062782287598,3.101709634065628,0.40477387979626656,0.3215103968977928,0.5891869068145752,0.7380765080451965,13.62138557434082,0.0,0.7034055590629578,0.003374524414539337,6.314856521785259,0.11884710192680364,5.294883489608765,28.852284938097,4.51621600985527,1.1690282821655273,3.522657871246338,0.7825226932764053,1.697201281785965,0.6265196949243546,0.956229954957962,1.0442510843276978,0.0,0.6904555857181549,0.8368246704339981,0.6859976500272751,0.0,0.2106001377105713,0.37265945971012115,23.5941299200058,0.3869163990020752,0.36024677753448486,0.7004615068435669,0.007917940616607666,0.05589719116687775,0.4617524743080139,0.9626650214195251,1.4927407428622246,0.3767454922199249,0.2744766175746918,9.531334042549133,0.3219558000564575,0.22619380801916122,0.1938614845275879,0.28542160987854004,0.0,0.965218797326088,1.1894423514604568,0.0,0.015247441828250885,1.030560851097107,0.9901609420776367,3.6391738057136536,0.0,58.93721780180931,197.5521606206894,8.779139578342438,1.2878797240555286,6.678577423095703,0.4948468506336212,0.24533535540103912,14.43480634689331,0.04515498876571655,2.4041312485933304,8.38863742351532,1.287970021367073,8.242717757821083,0.0,5.430882573127747,0.827372819185257,5.206728518009186,3.454092118889093,6.070918790996075,1.7679397389292717,0.1831800565123558,2.6444050669670105,1.4186785817146308,21.69009728729725,0.0,6.169800758361816,4.712435480207205,1.0798504650592804,10.974642105400562,7.354759573936462,1.343846656382084,0.7763070464134216,0.0,0.0,0.0,0.0,8.870607376098633,2.767395980656147,0.552265539765358,4.239231422543526,2.24476158618927,16.294603124260902,0.0,67.14478194713593,3.598160743713379,1.965805560350418,3.795627295970917
TEST_04+4일,0.1663307547569275,8.63944298028946,1.7720523327589035,1.4280909895896912,0.20082584023475647,1.3349477499723434,19.96087318658829,0.33859628438949585,2.1824390590190887,0.15605874359607697,0.7723857834935188,0.030966952443122864,0.3440188318490982,0.34570154547691345,0.36815909296274185,0.1396504044532776,0.0,0.4489520937204361,0.43248729407787323,21.508308202028275,4.292091056704521,0.5931352004408836,0.0,0.9453365486115217,1.3295885175466537,14.292213320732115,2.180461496114731,27.70207379758358,2.858384430408478,0.7857554703950882,1.2694271430373192,2.0202171206474304,1.2905472069978714,0.9053786396980286,0.0050036609172821045,3.0702951550483704,12.196989834308624,1.58527672290802,0.7144112884998322,19.981849908828735,0.0,0.22457152605056763,0.2556800842285156,0.9213149361312389,0.4842010363936424,0.0013503432273864746,0.5513763427734375,0.7959659993648529,0.0,0.13180581480264664,5.219710469245911,0.631206888705492,1.786377489566803,0.8824430778622627,1.722983479499817,1.1675028204917908,4.825282156467438,0.2764437794685364,1.2570109516382217,0.2626652717590332,0.25222672522068024,1.9977937638759613,1.4823166579008102,6.088991217315198,4.9266453087329865,0.43059156090021133,0.9656193852424622,1.367514729499817,5.44359216094017,0.3383057564496994,1.575147807598114,0.0,0.6376083195209503,0.1817839164286852,2.5746311992406845,1.6954086273908615,0.4854961484670639,1.2098245918750763,1.2099294364452362,1.833177924156189,0.8182175680994987,0.578955352306366,0.41844069957733154,1.3565504550933838,1.6255263090133667,0.7106527984142303,1.0093512535095215,1.4517126381397247,2.117366522550583,2.3051406741142273,27.18692898750305,1.7970875203609467,0.7427852153778076,1.3773763179779053,0.6560333147644997,1.2085213512182236,0.6506614089012146,0.7826594710350037,12.012186050415039,1.086128905415535,0.49273963272571564,0.06139419972896576,5.160252507776022,0.03581914305686956,16.619168370962143,28.012221544981003,17.34957066178322,0.5040791034698486,3.433793395757675,1.0273978039622307,2.3443451151251793,0.6079087033867836,1.0569085478782654,0.9551743268966675,0.11978298425674438,1.4092395901679993,3.394377887248993,1.076395459473133,0.5970840193331242,0.5932738780975342,0.3177509307861328,19.905225187540054,0.7020333409309387,1.0647754669189453,0.8700625896453857,0.15120141208171844,0.08521410822868347,0.11350178718566895,0.8830000162124634,1.741617113351822,0.0,0.4185042977333069,4.864741861820221,0.9102490544319153,0.06061887741088867,0.5173590183258057,0.2344394475221634,0.0,0.6842194497585297,1.233120635151863,0.0,0.0,1.299374520778656,0.8256289958953857,3.5477349758148193,0.0,77.68254587054253,254.75386500358582,10.284559339284897,0.9178289249539375,5.9761407896876335,0.8796952664852142,0.22344785928726196,12.796260833740234,0.0,3.665973499417305,11.113391250371933,1.3591022044420242,7.22330030053854,0.0,4.885044768452644,0.6355402022600174,5.272702366113663,3.3709328994154926,6.102917812764645,1.4246459752321243,0.0713544711470604,3.3690015599131584,2.220345221459866,19.421791724860668,1.4749951511621475,7.721551895141602,6.405050251632929,0.8531925603747368,15.73466082289815,2.0779310464859004,0.9254745468497276,1.642968237400055,3.558755621314049,1.1979404091835022,0.0,0.9371745958924294,18.045859336853027,2.9203460961580276,0.0,3.4467955976724625,0.0,78.45876585692167,0.0,35.422010242938995,0.0,9.530188590288162,19.063231483101845
TEST_04+5일,1.5996179580688477,39.75208653509617,1.7872358113527298,0.871329665184021,0.29845982789993286,1.2030247673392296,46.95717179775239,0.5443471968173981,2.771305203437805,0.28362536430358887,3.722164034843445,0.0,0.36467286944389343,0.3656988739967346,1.46340923756361,0.03472864627838135,28.7268648147583,0.4254358783364296,0.5079189911484718,18.910988062620163,10.538001477718353,0.7019186243414879,0.0,0.8111270852386951,0.0,22.950656712055206,5.683436572551727,63.855592787265785,1.4737128019332886,1.2472356110811234,2.2860750555992126,1.1644374132156372,2.381904736161232,0.5613141879439354,0.17558448016643524,2.893575429916382,3.1249676942825317,3.1608821153640747,0.6328812427818775,34.308720111846924,1.2359788864850998,0.20466312766075134,0.0,0.8697050921618938,0.2658066488802433,0.594500258564949,0.17566604539752007,1.3784528225660324,0.030218489468097687,0.10118546336889267,6.868433952331543,0.8511775434017181,0.6469686627388,0.5379035733640194,2.7919135093688965,1.515038788318634,5.900033324956894,0.9933367297053337,1.1339321583509445,0.3975658491253853,1.5088296085596085,2.161484621465206,1.385111689567566,7.596340626478196,4.021295830607414,1.3292858749628067,0.8086182251572609,0.14985620975494385,4.716904848814011,0.2875339239835739,1.7359939217567444,0.1622842624783516,0.3436756134033203,0.4543404243886471,2.397581934928894,1.646407887339592,0.5716931819915771,1.996275007724762,0.6002761721611023,1.1140033900737762,0.7447830885648727,0.9210627973079681,0.24646706879138947,0.8955090120434761,1.7935048341751099,0.40930772572755814,0.735063225030899,0.7311579287052155,0.33232269808650017,2.195536285638809,76.48770606517792,1.2301646247506142,0.9839646816253662,2.515948563814163,1.0573485046625137,0.5763832479715347,0.40464404225349426,0.9908552765846252,9.118860244750977,2.105381652712822,0.34498511999845505,0.37113872542977333,6.992642395198345,0.17747402191162115,1.5133077800273895,56.04480862617493,15.190710067749023,0.9386279582977295,2.1077170968055725,1.1892130672931671,2.9964208602905273,0.5997278168797493,1.0035796165466309,0.8594427704811096,0.420878604054451,1.2118502855300903,5.098977506160736,1.4272823631763458,1.7397006452083588,0.18666362762451172,0.5858776345849037,33.738473415374756,0.6956465244293213,1.4749901294708252,0.9542615413665771,0.0,0.0463830828666687,0.0,0.7951333522796631,5.763693943619728,0.0,0.7261278629302979,9.53432321548462,1.7289011776447296,0.3485214188694954,0.296459436416626,0.26567935943603516,0.0,0.7495013326406479,1.4384623616933823,0.0,0.15760432183742523,1.3640121817588806,1.1308469772338867,5.847126223146915,0.14139550924301147,40.106915324926376,269.41588938236237,11.579014465212822,0.9955376498401165,7.066287025809288,1.5939738601446152,0.31523647159338,13.92841625213623,0.3774840384721756,5.7733738124370575,13.797464385628698,2.54109263420105,10.0363958068192,0.0,4.868266023695469,0.7972645312547684,6.28327202796936,3.7704440206289287,5.837552927434444,1.5300182774662971,0.2098742388188839,4.598894789814949,2.81650622189045,21.227030351758003,0.338597908616066,8.83820629119873,4.595267336815596,1.402597837150097,12.956111252307892,4.903056778013706,0.7937687486410141,1.865620881319046,4.167777597904206,0.0,0.0,4.110098630189896,1.049717903137207,0.825172446668148,1.8090466409921646,3.401862919330597,4.806611388921738,90.11205017566681,0.0,50.783882200717926,16.622310400009155,20.35361158847809,18.67880828678608
TEST_04+6일,5.06139349937439,107.59508863091469,7.562170892953873,2.297526389360428,0.2545839846134186,0.8036385923624039,28.314516305923465,0.3005809783935547,3.067673981189728,1.0141910314559937,1.7082154378294945,0.1321054995059967,0.4816707372665405,0.47790688276290894,1.4100344628095627,0.02312570810317993,131.95196914672852,1.032139465212822,0.08371603488922119,32.6528679728508,9.732846722006798,0.7401617616415024,0.6519735753536224,0.63943353574723,0.0,32.58983641862869,2.839943379163742,93.62838041782379,1.5306233167648315,3.6490911096334457,3.4464273303747177,3.4234042167663574,2.162321701645851,0.45030613988637924,0.014758296310901642,0.727425292134285,23.661917805671692,4.134129524230957,1.23075719922781,46.618202209472656,7.295360565185547,0.36638878285884857,0.0,1.2541328147053719,0.5355161838233471,2.4097224473953247,0.5141721665859222,1.8528709709644318,0.4359568879008293,0.5378517135977745,15.655825793743134,0.9142121821641922,0.5513318181037903,0.6128912642598152,3.220342218875885,1.2000141441822052,4.744711846113205,1.105348665267229,0.8744914010167122,0.5456987656652927,6.74449148774147,4.136785045266151,0.19429460167884827,6.783914029598237,5.462121181190014,3.282160848379135,1.0571142956614494,0.6433812379837036,1.0347971767187119,0.4832654818892479,2.20447838306427,0.2502444200217724,0.3435084968805313,0.8143610525876284,3.22573721408844,1.1160963401198387,0.9390177950263023,4.171386480331421,0.7954624965786934,5.135574102401733,1.2771702408790588,1.1248248517513275,0.5465990677475929,0.29879098758101463,1.445849061012268,1.3479037955403328,1.4663951396942139,1.1104483902454376,0.6524024233222008,3.3837316036224365,36.75246125459671,1.7463786453008652,1.690537691116333,6.434172838926315,0.5723373014479876,0.18506430089473724,0.07797625660896301,1.344583511352539,17.953815460205078,11.009263753890991,0.4818259924650192,0.9527256190776825,4.509186972863972,0.23157471418380743,0.0,58.69581902027131,13.31659322977066,3.9320883750915527,3.441280871629715,2.2694100439548492,3.4401264041662216,0.4507836699485779,1.0513923168182373,0.7593588829040527,0.9963578581809998,0.6445796191692352,5.798601150512695,1.4708244800567627,5.251563161611557,0.962488055229187,0.6316133588552475,15.436715006828308,0.36419400572776794,0.7188645601272583,0.6958985328674316,0.02502492070198059,0.07110752165317535,0.0,0.3142599016427994,7.6475240886211395,0.3226622939109802,0.735716700553894,17.507848143577576,3.752615511417389,1.924257442355156,5.10513973236084,2.009424567222595,0.5454808175563812,1.5598839819431305,6.720446795225143,0.32537759095430374,0.6847887486219406,4.6677374839782715,1.8135149478912354,4.675696425139904,0.02214731276035309,128.14223152399063,96.30088329315186,11.675578191876411,2.2688231393694878,7.388731069862843,2.0388828217983246,0.3729633763432503,10.1665678024292,0.07301978766918182,4.843538053333759,13.207872599363327,4.4299450889229774,8.507709112018347,0.0,6.764459908008575,0.9923092722892761,6.026117920875549,3.3814740478992458,6.566783934831619,1.7686037309467793,0.7277048639953136,6.258114278316498,3.1633968725800523,22.963423803448677,2.077434651553631,13.27987003326416,4.422569554299116,1.627237357199192,16.43227704614401,8.935290589928627,0.22205165028572083,1.5228652656078339,4.597977906465531,0.03198996186256409,0.0,9.122443720698357,0.5262107849121094,4.832172274589539,0.0,7.239145435392857,9.198648557066917,18.93557533621788,0.0,47.75515007972717,13.454020738601685,30.79422515630722,14.758140772581102
TEST_04+7일,8.699111223220825,58.35943575203419,10.868855744600296,4.527396708726883,0.4535592794418335,1.0252421870827675,0.0,0.34641772508621216,2.681042492389679,0.9647567868232727,0.39580073207616806,0.08920888602733612,0.6275043189525604,0.29781264066696167,1.2277974262833595,0.12300670146942139,0.0,1.6559420228004456,0.07029245048761368,14.088575810194014,6.448779292404652,0.6960146799683571,1.3220109343528748,0.4275286914780736,3.1686846390366554,26.30416452884674,5.809712827205658,26.953481540083885,0.9607129096984863,3.346098765730858,2.8476063013076782,7.40983772277832,2.2751752734184265,0.8469747975468636,0.2799481526017189,3.052908778190613,45.541603684425354,4.230559587478638,1.8089117109775543,45.2223037481308,7.164500817656517,0.32596930861473083,0.0,0.666079031303525,0.45852262526750565,3.4839455038309097,0.7503184676170349,2.170525401830673,0.3503599986433983,0.13920972496271133,20.276750802993774,0.8843262419104576,1.5515903234481812,0.6951583698391914,4.448598682880402,1.2819370329380035,3.1653318405151367,1.9309667870402336,1.3549043387174606,1.0530685782432556,9.734089702367783,3.9166152477264404,3.0129573941230774,7.316508725285531,7.069293782114983,4.518466055393219,1.223226249217987,1.8185498714447021,2.05877885222435,0.6824448704719543,2.462649941444397,0.226668082177639,0.47761693596839905,0.8361769672483206,4.2758908867836,1.0224770531058311,0.7236198149621487,3.688347101211548,0.9960446804761887,6.090479850769043,1.4420393407344818,1.4402592033147812,0.8458185940980911,0.624917708337307,1.3611933588981628,1.8293610736727715,1.5789122432470322,1.611360490322113,2.32828226685524,3.8638428449630737,0.0,2.552784413099289,2.8617308139801025,12.030415534973145,0.9423606730997562,0.9211121499538422,0.0,1.5792217254638672,11.613057136535645,19.211681962013245,0.4797520413994789,1.1271563470363617,6.444293400272727,0.18751093745231634,108.45783722400665,6.2548962235450745,24.5453360080719,4.589502811431885,9.345546126365662,1.0598184391856194,3.0395425856113434,0.4133118689060211,1.3179024159908295,0.8927087783813477,2.183470666408539,0.39589494466781616,5.230334401130676,1.4810938015580177,7.468638241291046,3.979504108428955,0.557221531867981,3.4032470136880884,0.14441794157028198,0.05652022361755371,0.28505104780197144,0.16053739190101624,0.13274887204170227,0.0,0.0,4.955212026834488,0.35728919506073,0.26977837085723877,19.835472106933594,5.834859013557434,2.346849486231804,6.929660797119141,2.8209882974624634,0.6029431223869324,1.6362022161483765,9.817790985107422,1.4759767055511475,0.5958097279071808,5.961034297943115,2.3590948581695557,5.325259253382683,0.3259143978357315,0.0,2.4916943907737688,10.565073296427727,1.1150593981146812,7.795394234359264,2.3942233622074127,0.23880712687969208,13.176526546478271,0.8415699005126953,3.452760860323906,11.10173836350441,6.1386676877737045,9.083382915705442,0.012774109840393066,7.848423607647419,0.6464088261127472,5.461512804031372,2.8281306177377696,6.073298580944538,0.2358655259013176,0.3245054818689823,7.472671866416931,11.163979329168798,23.529368609189987,0.7938594371080399,21.003905296325684,6.483585733920336,1.3471534475684166,17.72398741170764,7.043614409863949,0.0,2.16677463054657,6.418144389986993,2.4995629489421844,0.0,10.804479718208313,16.27133846282959,3.488030180335045,0.0,11.500849898904562,11.185726597905159,32.26679369807243,0.0,57.986152350902564,1.1363062858581543,21.578354716300964,13.966947406530382
TEST_05+1일,1.2514439523220062,5.618078760802746,2.8758852630853653,5.8077197670936584,0.379363089799881,1.5900845378637314,2.308301985263826,0.2879367470741272,2.540543168783188,0.1210627555847168,0.38078293204307556,0.03423088788986206,0.48778000473976135,0.43187257647514343,0.9068532586097717,0.017936304211616516,0.6362714767456055,0.7852514088153839,0.3156437650322914,11.2381794154644,5.581547401845455,1.570556789636612,0.0,1.1512912921607494,11.075211018323898,0.0,1.216670349240303,9.313741281628609,15.581214427947998,6.890562951564789,3.487604074180126,2.2832926511764526,2.584648311138153,0.8242456242442131,0.0,3.1922495365142822,40.96647119522095,11.140053749084473,1.6612304002046585,23.20866847038269,28.594286859035492,0.40553905069828033,0.0,0.9963287301361561,0.660480085760355,1.7230722308158875,0.7867947220802307,7.588369369506836,0.3564674239605665,5.618812084197998,18.465804636478424,1.263663873076439,8.45411467552185,0.6053594201803207,1.448427066206932,1.705511748790741,1.8288380056619644,0.5162232518196106,0.6220816522836685,1.7353738248348236,25.47305965423584,12.214972972869873,14.151843905448914,19.685346871614456,6.93372555077076,1.7468062937259674,0.5260030813515186,0.4073141813278198,2.392245054244995,0.5726485699415207,1.655629575252533,2.6669155806303024,0.8908728510141373,1.1886433213949203,1.3313032686710358,2.645278349518776,0.6631015241146088,1.0229142308235168,1.511537328362465,1.7661981582641602,0.90190814062953,0.5301401540637016,1.3849826157093048,1.37950100004673,1.3174771070480347,1.9438162818551064,2.854534387588501,2.0759595036506653,3.7219483256340027,4.59864217042923,13.155014246702194,2.124240204691887,3.7635767459869385,5.494984537363052,0.7102671153843403,1.7167671024799347,0.5055555105209351,0.9601490497589111,5.271610260009766,6.594508647918701,0.0,0.5617458447813988,4.974240348674357,0.12476208806037908,135.77061086893082,5.662524402141571,45.064669489860535,5.369519233703613,7.150799036026001,3.0764195024967194,10.952688753604889,0.5087962001562119,1.3794416785240173,1.1193020343780518,0.40747931599617004,1.392227053642273,0.8985235244035721,1.4943266734480858,0.9879487305879593,0.5786968469619751,0.6678392589092255,15.61963465809822,0.7028629779815674,0.11058652400970459,0.266728937625885,0.07698476314544678,0.04059024155139923,0.23708434402942657,0.20575730502605438,1.5163188204169273,0.0,0.2538091242313385,27.907979488372803,2.1082913279533386,5.4566168785095215,5.084323883056641,5.817101001739502,0.7079507410526276,1.5014150440692902,8.811847120523453,1.6690687537193298,1.1339987218379974,2.3428489565849304,2.134230136871338,56.070545732975006,48.71266007423401,25.754855625331402,9.691803604364392,72.37562155723572,52.18841189146042,59.657767325639725,1.1060312017798424,2.2785971760749817,196.8104591369629,131.2949225306511,140.87819808721542,76.3677287697792,23.604707419872284,0.0,73.65340340137482,80.83541333675385,10.288902163505554,36.55908274650574,11.814782246947287,106.69215112924576,40.10162843763828,23.635927319526672,0.0,598.1874675750732,263.88735195994377,98.64366316795349,276.7742118835449,44.33664210140705,104.41070759296417,89.9339707493782,177.39659228920934,67.41565561294556,6.384170383214951,85.09187269210815,95.49636960029602,3.0940226912498474,1.439632773399353,1.229933738708496,2.634313851594925,2.8165639638900757,5.544082835316658,2.6055312901735306,20.36244660615921,1.9815020263195038,0.8729365766048433,7.973338842391968,0.8177087008953094,7.2846651673316964
TEST_05+2일,2.1894396543502808,5.975191086530685,5.639563515782356,2.5836971402168274,0.5085783004760742,0.997159831225872,1.753984272480012,0.4746270179748535,3.5747019946575165,0.10894441604614258,0.2997935190796852,0.14845016598701477,0.47455456852912903,0.36254605650901794,0.09812848269939423,0.004323124885559082,9.67262077331543,1.2795711755752563,0.2717356011271477,1.2353036999702454,3.1867011338472366,1.6146707460284233,0.5649709850549698,0.7641193801537156,3.8722519874572754,0.0,2.981437772512436,5.939377695322037,19.778019428253174,8.546412765979767,5.180227875709534,1.3878114223480225,2.0601205229759216,1.179297499358654,0.46289339661598206,1.8142539262771606,46.225542426109314,11.446337699890137,0.9932740777730942,21.578320264816284,27.63359820842743,0.6457304954528809,0.0,1.0443296618759632,0.2933903820812702,0.8130990639328957,1.1378233134746552,4.820558279752731,0.32082338631153107,5.397388607263565,21.125968396663666,1.270527146756649,8.020530223846436,1.1606112867593765,1.1532479524612427,1.9169526100158691,0.9645829237997532,1.0663689151406288,0.7986546903848648,1.5720348060131073,26.518504679203033,11.009735092520714,9.549450561404228,15.437552511692049,6.948715075850487,2.9848401248455048,0.43429000675678253,1.4492385387420654,1.908055528998375,0.3209914267063141,1.117904782295227,1.2005721218883991,0.5542155727744102,0.8951450139284134,2.326950430870056,2.60851813852787,0.7416343130171299,1.8210049867630005,1.5163447856903076,4.632790446281433,0.6641090475022793,0.3273102343082428,1.7219483852386475,1.1378324031829834,1.356238692998886,1.8462277874350548,1.9155338406562805,2.418968081474304,3.702757090330124,1.8341754972934723,20.641508400440216,1.9185360670089722,1.6270837783813477,4.937131106853485,0.8963805884122849,3.984818458557129,0.5417651534080505,0.6569445133209229,6.811748504638672,5.572965383529663,0.6774905249476433,0.5391324684023857,6.0170496720820665,0.0,20.469019159674644,78.56194257736206,38.18089199066162,2.374117136001587,4.745757162570953,1.443985641002655,8.300728350877762,0.6158079206943512,1.0250015258789062,0.6294358968734741,0.22875653207302094,1.5478541851043701,2.7138789296150208,2.0682896822690964,1.3166177719831467,0.38142871856689453,0.2926904857158661,19.264304459095,0.10559862852096558,0.11328327655792236,0.0,0.06391999125480652,0.05215904116630554,0.5234123468399048,0.0783209502696991,0.8363028988242149,0.22888493537902832,0.38749638199806213,12.587815523147583,3.0000014901161194,2.064261242747307,7.464027404785156,3.3558979630470276,2.8455301225185394,1.1198430508375168,7.071457803249359,0.5864074230194092,2.9102883338928223,2.364382266998291,2.2860755920410156,51.23746418952942,43.55060839653015,8.8168900385499,22.744433283805844,67.21181774139404,47.46572524309158,48.631118059158325,1.4339975640177727,4.998856008052826,149.3763027191162,70.4729899764061,85.04384756088257,81.96276211738586,20.840094685554504,0.0,79.89714646339417,63.00572067499161,10.683216035366058,26.39477151632309,10.128422990441322,81.85540714859962,30.28948013484478,17.880523413419724,0.3673800081014633,378.4524784684182,182.07623085379598,82.81835800409317,244.0717010498047,37.048999674618244,78.15477705001831,58.24708198010921,137.28629571199417,59.584607154130936,7.277597188949585,50.480026632547386,74.03478860855103,4.814958423376083,1.5583410859107971,4.8778839111328125,3.9431081861257553,2.5850417464971542,8.83678688108921,3.5670633614063263,21.581435725092888,4.720579236745834,2.0422467589378357,6.939534425735474,1.7074452638626099,5.091177731752396
TEST_05+3일,2.7381005585193634,6.5290846824646,7.564572036266327,0.6244343668222427,0.5139209628105164,4.4695669412612915,3.8234795629978193,0.4584369361400604,3.4690640568733215,0.34541937708854675,0.4166746884584427,0.23445166647434235,0.34811094403266907,0.3953603506088257,0.17858442664146423,0.03974743187427521,14.806745052337646,3.843880534172058,0.15178386121988297,2.5675862431526184,2.7155217230319977,1.1955759152770042,1.5835145115852356,0.5839609773829579,1.3465692177414894,0.5478557199239731,3.3632965832948685,5.163753435015678,17.377558946609497,5.043575823307037,6.063232392072678,2.106581747531891,2.492769241333008,1.1947825998067856,0.06793249398469925,0.17057731747627258,40.39282560348511,10.148228645324707,0.8949964866042137,23.029172897338867,22.250891864299774,0.9543368220329285,0.0,0.38000102154910564,0.5523836687207222,0.7163450866937637,0.7240645587444305,3.54744416475296,1.0175454914569855,3.3852907940745354,24.12015438079834,1.2570349387824535,9.63240373134613,1.2057493776082993,3.2811664044857025,2.2888099551200867,0.57895552739501,1.210887297987938,1.0305828228592873,1.097108155488968,21.496360540390015,7.476931214332581,5.9983875304460526,11.53285449743271,8.16215381026268,3.0091867446899414,0.3124251142144203,0.7151856422424316,1.1650178879499435,0.46037621796131134,1.9587013125419617,1.5440372750163078,0.7903292030096054,0.6928191650658846,4.711805284023285,1.4702328220009804,0.804965179413557,1.6126887202262878,1.3953275382518768,6.323397874832153,0.7537226788699627,0.6143476366996765,3.5275647044181824,1.05120699852705,0.8501964211463928,2.733024835586548,1.585353523492813,3.6211817264556885,4.201101094484329,2.9094771444797516,23.44662605971098,0.6301229894161224,2.2426888942718506,6.823615059256554,0.23085319995880127,4.512326419353485,0.44326701760292053,0.26036810874938965,7.808769226074219,4.050799489021301,2.5930489003658295,0.4990561902523041,6.300647156313062,0.05549314618110662,0.2574138790369034,71.83978527784348,31.155338287353516,2.313832998275757,3.19058758020401,0.3911578357219696,5.094016715884209,1.13305002450943,0.9192518591880798,0.21867698431015015,0.4208323359489441,2.3565863370895386,3.4968876242637634,2.802575469017029,1.0960601568222046,0.36892005801200867,0.5070798844099045,17.28414276242256,0.0,0.09380853176116943,0.04163274168968201,0.1938660889863968,0.18995407223701477,0.8287875652313232,0.13348806649446487,2.5970410630106926,0.7478360533714294,0.611875057220459,1.5013158321380615,2.43589186668396,1.5039424747228622,7.45536994934082,2.324802875518799,3.33341908454895,1.4557724297046661,6.161033362150192,0.19380667805671692,0.8693674206733704,2.9389429092407227,1.8593733310699463,50.21074891090393,44.85406315326691,4.438903383910656,37.23074838519096,60.989144682884216,44.733552038669586,44.83747035264969,0.4948468506336212,5.695208430290222,112.68447494506836,67.42484718561172,56.206485986709595,76.35232162475586,20.684175342321396,8.265694063156843,66.45733523368835,55.50746187567711,11.606104612350464,25.968772411346436,7.914411798119544,70.15283372998238,32.41325497627258,19.683146104216576,1.019570231437683,275.51734682917595,144.44063238054514,59.945817947387695,269.44830322265625,32.381661750376225,48.59145323932171,56.12959222495555,90.47322568297385,41.90330320596695,7.796062469482422,51.50723516941071,50.77842324972153,6.056333810091019,1.9716409966349602,4.614646911621094,3.3454064205288887,2.7213437855243683,8.12730685994029,4.146481156349182,29.36588853597641,3.5436873883008957,2.6506863981485367,7.924978017807007,2.411660760641098,6.805534392595292
TEST_05+4일,4.39552965760231,2.1937645375728607,5.124705746769905,0.6959702149033546,0.45474591851234436,4.493795871734619,6.440741926431658,0.33859628438949585,2.487792432308197,0.33170562982559204,0.7393157668411732,0.3355169892311096,0.35570865869522095,0.34576277434825897,0.47895146906375885,0.1396504044532776,21.565555572509766,0.4772357642650604,0.3525915965437889,8.718555986881256,3.850866474211216,0.967300046235323,0.3529800921678543,0.9453814812004566,19.618314743041992,2.302846312522888,2.232628181576729,23.171847574412823,12.299984455108643,7.30599707365036,1.1842586174607277,3.5576337575912476,2.6977033466100693,1.2207855582237244,0.0050036609172821045,0.39127402007579803,34.03500908613205,8.188060283660889,0.8732889778912067,28.905874848365784,15.386949017643929,0.8314765244722366,0.2556800842285156,0.9201534353196621,0.4654388427734375,0.6167449355125427,0.1919742487370968,3.9977007508277893,0.9908297583460808,3.0509064123034477,22.488077223300934,1.048593696206808,10.363779902458191,1.2768461555242538,6.60588812828064,1.7277957201004028,0.4204249382019043,1.4656634628772736,1.5602884590625763,1.2071829810738564,15.275269478559494,5.119465626776218,4.863174080848694,10.606700852513313,7.307984903454781,1.598320335149765,0.6198204830288887,0.829542338848114,1.5422053933143616,0.3395233675837517,1.6644293069839478,1.653282344341278,0.6788192689418793,0.8396532610058784,3.238992467522621,0.7270336747169495,0.5590747855603695,0.8517687320709229,2.0911418199539185,4.974644422531128,1.0242841839790344,1.3194735646247864,2.0980125665664673,0.7811382785439491,0.9980067014694214,2.623909592628479,2.239131420850754,2.548179030418396,4.17462557554245,4.9355448782444,32.832161039114,0.7433190196752548,2.5965042114257812,9.290163815021515,0.47783444821834564,1.179332584142685,0.46653416752815247,0.13356590270996094,10.75943660736084,2.8622485995292664,2.5201373398303986,0.8498526141047478,6.375471642240882,0.02393928170204168,13.156127899885178,54.69696235656738,23.980504631996155,1.483496904373169,2.3103752434253693,0.9247350543737411,5.826903879642487,1.2114343047142029,1.2164593040943146,0.2733592391014099,0.6306748688220978,5.1274824142456055,3.0114839673042297,2.6444535851478577,0.8475745394825935,0.5137540698051453,0.4855303466320038,12.078445255756378,0.0,0.12256407737731934,0.17824402451515198,0.18874621391296387,0.5065138339996338,0.23428358137607574,0.1097060814499855,3.0597544610500336,0.13023719191551208,0.6957979202270508,0.0,2.4379628002643585,1.6276980936527252,5.825222969055176,2.0768505334854126,1.2522857338190079,1.214328020811081,6.687651574611664,0.32409100234508514,2.4488561153411865,4.2651718854904175,1.0862528085708618,65.02634266018867,56.77651804685593,18.95359241589904,78.88167321681976,55.848084926605225,49.21857753396034,41.86313146352768,0.8796952664852142,4.624501705169678,111.18425369262695,61.00679039955139,71.04044967889786,79.235848903656,21.595775336027145,7.29165606200695,64.06735521554947,53.329375982284546,11.041895508766174,27.780881762504578,14.102882891893385,69.4047404229641,33.647805377840996,24.842952758073807,0.5818474292755127,355.8069044053555,157.0856563299894,49.060508251190186,279.70154190063477,35.64861519634724,48.862801149487495,66.14408928155899,96.83449068665503,26.580570966005325,6.737339735031128,45.34342390298844,44.1150039434433,4.598591148853302,2.4689601361751556,5.462222099304199,4.848340146243572,1.3783936351537704,8.005302555859089,2.4047722667455673,20.28551995754242,7.671042233705521,3.2088003903627396,9.671577453613281,1.6346542239189148,5.725002974271775
TEST_05+5일,5.491755083203316,7.126724772155285,4.745805948972702,1.1333245933055878,0.4645037353038788,3.2851752042770386,7.13027346134186,0.5443471968173981,2.4235358983278275,0.18133826553821564,0.46865779906511307,0.3516722694039345,0.4348026216030121,0.3655306249856949,1.535172164440155,0.03472864627838135,28.8021183013916,0.0,0.3480439782142639,16.959339424967766,5.5777540653944016,0.9249378368258476,0.3098156601190567,0.8110467195510864,38.45702505111694,3.657885733991861,3.2125461995601654,19.9201757311821,9.198277950286865,6.4546008706092834,2.6846556067466736,4.946879625320435,3.012900471687317,1.2458083182573318,0.17558448016643524,0.8079947531223297,25.417944967746735,5.2944663763046265,0.6619319133460522,30.402249813079834,19.22723539173603,1.616952121257782,0.0,0.8894578889012337,0.2769529428333044,1.452347606420517,0.07960952818393707,5.720221400260925,0.9477826803922653,3.8772653341293335,15.938177704811096,0.8242405094206333,11.469719052314758,1.0015294700860977,1.6756443679332733,1.1857196688652039,0.33975114673376083,1.4882209300994873,1.6346749663352966,1.7937886118888855,12.920348167419434,4.624042510986328,6.894719794392586,15.786549985408785,7.254837602376938,1.1972845420241356,0.8694781512022018,2.7300877571105957,2.495130240917206,0.2866451255977154,1.8114377558231354,1.874365285038948,0.7038651406764984,0.6146099735051394,1.0373493656516075,0.9910131320357323,0.5556631274521351,0.3254871815443039,1.0885402262210846,2.8681551218032837,1.3560452684760094,1.3264261186122894,1.1000630259513855,0.6378074549138546,1.1270186305046082,6.790443152189255,2.4801677763462067,0.6930824518203735,4.458402842283249,5.219373524188995,76.04248476028442,0.7127272412180901,3.2923965454101562,15.162546634674072,1.1031119301915169,0.5459020659327507,0.6452383995056152,0.12864232063293457,12.318452835083008,4.143318444490433,1.7681674361228943,1.396685630083084,8.156891241669655,0.14689728617668157,0.0,49.093037366867065,28.932364583015442,1.4580823183059692,2.292112946510315,1.6054077595472336,5.485229939222336,0.623176172375679,1.2353405356407166,0.590697705745697,1.4550806879997253,1.8869463801383972,1.7759560346603394,2.0085465908050537,1.538360632956028,0.5660061240196228,0.6171033158898354,10.487942978739738,0.3461059629917145,0.21886944770812988,0.173500195145607,0.043502986431121826,0.5375756025314331,0.0,0.2997721955180168,8.698383301496506,0.11037838459014893,0.31696975231170654,10.937976092100143,1.5660033822059631,0.8158410787582397,4.910101890563965,1.4908681809902191,1.015676200389862,1.2927173227071762,6.960076093673706,0.22716336697340012,1.1721206903457642,5.266215562820435,0.8436352014541626,58.68704009056091,70.05584245920181,25.177001632750034,109.84567523002625,59.41216617822647,47.88588631153107,42.038740396499634,1.5939738601446152,6.891194701194763,155.3487491607666,55.36940395832062,87.72676539421082,72.40735816955566,22.779333889484406,10.135721527040005,66.84581869840622,49.05929088592529,8.036969393491745,25.986759543418884,20.44891619682312,71.21732926368713,37.409154653549194,19.55054211616516,1.0851531848311424,384.624204158783,217.4764181524515,56.26920944452286,283.61308670043945,34.53624089062214,62.11356317996979,83.23932805657387,119.51531556248663,27.267623156309128,3.980242371559143,68.54882073402405,46.61759912967682,4.240492582321167,4.438617117702961,5.197088241577148,3.834908865392208,2.03277026116848,6.738607347011566,5.399051383137703,30.877836868166924,6.38759158551693,1.7920627743005755,13.479310512542725,1.5294881165027618,4.388568013906479
TEST_05+6일,3.248981326818466,6.80292796343565,7.586365342140198,1.7530508190393448,0.5107819437980652,2.223812624812126,7.634200632572176,0.3005809783935547,2.069584481418133,0.1303442418575287,0.3260580450296402,0.392671599984169,0.5139276087284088,0.4776356816291809,1.474720984697342,0.02312570810317993,29.44772243499756,0.3287741616368294,0.2590276300907135,34.696319460868835,4.793845288455486,0.5052786022424698,0.48904524743556976,0.6394562870264053,52.459492683410645,6.967478804290294,4.577003538608551,38.28096631169319,9.662718653678894,4.854432836174965,5.830641150474548,3.5038397312164307,2.6529443114995956,1.305221512913704,0.014758296310901642,1.440795511007309,20.463971197605133,6.4515345096588135,1.243363581597805,25.883606553077698,22.268762439489365,1.7388129234313965,0.0,1.2891022488474846,0.56431545317173,3.0503379553556442,0.0,5.675957083702087,0.26377557404339314,4.649731338024139,14.336547672748566,0.7511539533734322,10.626161098480225,0.7457970678806305,0.7194273322820663,0.7282932847738266,0.3217737451195717,0.8726858906447887,1.5142496824264526,1.2175652384757996,12.347836822271347,7.198788151144981,10.445001110434532,19.62480080127716,7.126688361167908,0.9324481338262558,1.0803149342536926,2.355268716812134,4.092719942331314,0.5075608193874359,2.9074135422706604,2.40916945040226,0.683656632900238,0.39411934185773134,2.3837395012378693,1.5918634235858917,0.6592686474323273,1.3454855382442474,0.9636693149805069,3.525415778160095,2.329617500305176,0.797520250082016,1.2074167281389236,0.22712018340826035,1.5202242136001587,2.191870704293251,2.4205241799354553,1.1809889674186707,1.691797986626625,4.5860611498355865,30.740696385502815,1.7854362726211548,3.9621469974517822,13.915203958749771,0.6838758215308189,2.8213462233543396,0.7378264665603638,0.17268523573875427,9.9484224319458,13.317567944526672,1.204861968755722,1.036438524723053,2.988039320334792,0.16472548246383673,0.0,77.13724625110626,27.357349276542664,2.942996025085449,3.2233430594205856,1.4194293767213821,6.099032610654831,0.17649412155151367,0.967671811580658,1.1313974857330322,2.031010150909424,0.6558768153190613,0.7217686325311661,1.2064042463898659,1.6109044179320335,0.8747047185897827,0.6315896809101105,25.776554942131042,0.6666263937950134,0.26635146141052246,0.7213274836540222,0.21269729733467102,0.29451388120651245,0.15890835225582123,0.6211007684469223,7.259767085313797,0.7060880661010742,0.046909332275390625,22.6887047290802,2.2251637876033783,1.2998050972819328,2.923197031021118,2.386457324028015,1.410858392715454,1.1703849881887436,8.688661456108093,0.14541497826576233,1.0790973901748657,4.2635722160339355,2.3817787170410156,48.84481117129326,103.13054311275482,22.422296456992626,77.52849578857422,69.8845921754837,62.57748368382454,48.132728815078735,2.0388828217983246,6.348900854587555,186.7532196044922,65.6064972281456,110.99031233787537,75.125119805336,24.90826666355133,8.591463770717382,71.08171105384827,57.01621741056442,7.639612659811974,34.66387581825256,22.314842909574505,76.38421654701233,55.86123830080032,23.714797139167786,1.4442751184105873,520.0621732771397,279.7549951672554,89.26642093062401,279.40943908691406,36.47087064385414,75.79969909787178,100.28073427081108,168.82650732994077,37.740551471710205,3.737037718296051,85.2126402258873,57.72392272949219,2.9264167100191116,4.775524362921715,10.439806938171387,4.917370565235615,2.5041166841983795,7.1170099675655365,5.81958532333374,19.564068540930748,4.946625865995884,2.2299033403396606,9.017242908477783,2.680713415145874,4.21503210067749
TEST_05+7일,1.2292338907718658,12.604417718946934,5.297611027956009,4.050221353769302,0.4924250543117523,1.5786499828100204,6.181346595287325,0.34641772508621216,2.4113497585058212,0.3920861780643463,0.0,0.22505778819322586,0.5053515136241913,0.2957480698823929,1.3183490931987762,0.12300670146942139,13.909521102905273,0.7444490939378738,0.24459996074438095,40.05483430624008,5.580256000161171,0.38158823549747467,0.15199501812458038,0.4274950632825494,38.831920087337494,8.090734295547009,5.741554141044617,73.35727629065514,10.875654458999634,4.464927703142166,2.8748124837875366,0.8639726042747498,2.10965695977211,1.625241756439209,0.2799481526017189,3.9680004119873047,21.16308832168579,4.25865375995636,1.6337282583117485,23.406421780586243,19.90916022658348,1.035069227218628,0.0,0.6694088354706764,0.45337896049022675,3.84563048183918,0.0,5.308063060045242,0.07113690488040447,4.904774054884911,16.41793704032898,0.834921158850193,9.330453515052795,0.7375903129577637,0.0,0.5809960663318634,0.6192742325365543,1.0382046401500702,1.9018406867980957,0.9151954427361488,16.76606774330139,10.900940671563148,12.193878710269928,20.33440962433815,8.74539278447628,1.5457276105880737,0.7089071050286293,1.0517468452453613,5.04837229847908,0.6943370401859283,3.379059135913849,3.4149423241615295,0.5649348348379135,0.48861151188611984,3.083948493003845,1.7888014018535614,0.529871005564928,2.048479735851288,0.39733610302209854,2.7361210584640503,2.367734521627426,0.06435377150774002,2.1497008204460144,0.4642541706562042,1.5352116823196411,3.831457182765007,2.0581550002098083,1.125451147556305,1.5516574829816818,5.148638069629669,17.249777525663376,2.586025595664978,3.9217331409454346,11.959323287010193,1.1895716041326523,2.8394901752471924,0.7042274475097656,0.21089410781860352,9.341110229492188,8.72320306301117,0.6157097965478897,0.7929250448942184,6.715562744066119,0.13246780633926397,73.30444812774658,24.117890387773514,18.83737814426422,5.228599548339844,5.079508125782013,1.5135989040136337,6.036385148763657,0.0,0.9294330775737762,1.3622511625289917,1.6647101640701294,0.7568707466125488,0.9562882483005524,0.7323337681591511,1.9990289807319641,1.6423650979995728,0.5047470331192017,94.30946320295334,0.537874162197113,0.49991416931152344,0.7573524713516235,0.42234957218170166,0.12279312312602997,0.49835628271102905,0.8774693012237549,3.6181982159614563,0.3683183491230011,0.002956092357635498,28.90620529651642,2.4834476113319397,6.018706560134888,2.4908015727996826,4.206909239292145,0.40513282269239426,2.2555312514305115,9.842123091220856,1.4576817154884338,1.0692523419857025,2.467806100845337,4.473446369171143,47.13009041547775,104.26205348968506,26.54707593843341,47.9697224497795,73.29017543792725,66.3835020661354,49.91470980644226,2.3942233622074127,4.417797803878784,252.44868850708008,115.84518402814865,189.99738776683807,74.73065650463104,27.40008980035782,9.150768164545298,73.88435733318329,64.15014326572418,8.933063253760338,39.295194149017334,20.560928285121918,96.187932908535,61.96567100286484,29.69862949848175,1.591522991657257,758.844113469124,277.1507455855608,112.07369962334633,313.58263778686523,44.423356644809246,99.01683327555656,105.59377297759056,202.62933894991872,51.32103091478348,5.319983720779419,103.46943062543869,82.05862641334534,6.563563421368599,5.085005313158035,9.622867584228516,4.77243459969759,3.4235564321279526,10.399523451924324,6.872143968939781,32.41115026175976,3.1304465979337692,3.7556746602058415,10.876053094863892,2.22041192650795,9.555714711546898
TEST_06+1일,2.714966505765915,5.618078760802746,5.141472280025482,1.0083128213882446,0.04748740792274475,0.29769403487443924,4.366878092288972,0.2879367470741272,1.8204682096838951,0.2911578416824341,0.37870869040489197,0.06610018014907837,0.5111389607191086,0.43187257647514343,0.9068532586097717,0.017936304211616516,11.30364203453064,0.2310289964079857,0.3105466291308403,8.986657172441483,5.403291538357735,0.5115394219756126,0.3872208595275879,1.1519360225647688,0.06515825539827347,11.567947268486023,3.4603629112243652,7.993230313062669,10.931967496871948,5.943042874336243,1.9861187636852264,0.7323782444000244,1.8611706644296646,0.8818035125732422,0.0,2.3105981945991516,24.987715661525726,5.722859859466553,3.843449503183365,13.114556729793549,12.859657779335976,0.6752272695302963,0.0,1.0083442144095898,0.5194155648350716,1.5694350451231003,0.0,1.4100153744220734,0.5242867097258568,3.053885668516159,19.856477737426758,1.0894248709082603,9.287619709968567,0.7745675146579742,2.72147735953331,1.928251326084137,2.0512431263923645,0.058903828263282776,1.040223352611065,0.597124844789505,11.357324570417404,8.38146060705185,4.256239727139473,22.830192506313328,0.6176289170980453,2.0459041595458984,1.2011184096336365,0.9237396717071533,7.11976432800293,0.5611978843808174,3.258904814720154,4.154945537447929,0.0,0.3908786131069064,1.8402903154492378,1.421500839293003,1.3601481914520264,2.5778170824050903,0.92386794090271,3.106753349304199,2.112800881266594,0.7090210318565369,0.8398956060409546,0.9039509855210781,2.0056005120277405,0.0,2.3558953404426575,1.915393352508545,2.8823254704475403,0.24115592241287231,6.02609920501709,2.698636621236801,4.728282451629639,4.624320939183235,1.171590805053711,2.1808642148971558,1.3109058141708374,0.18910521268844604,10.02579116821289,14.911897540092468,0.15984591096639633,0.46998807042837143,4.352559614926577,0.16676351428031927,65.10661080479622,7.301245778799057,39.70609152317047,3.704421043395996,2.504006654024124,0.8043821826577187,1.53187345713377,0.6937186419963837,0.4011695981025696,0.6545523405075073,0.35192815214395523,2.645675003528595,3.1676909923553467,1.62027557939291,0.929206371307373,1.2468829154968262,2.366864502429962,27.206665515899658,0.17074067890644073,0.039733171463012695,0.1908917874097824,0.7502930760383606,0.09384429454803467,0.45474064350128174,0.9070122241973877,3.677006423473358,0.18928122520446777,0.8405450582504272,18.88391077518463,2.8625778257846832,2.7300249338150024,7.669569969177246,3.2842350006103516,2.2940401136875153,1.229219377040863,6.839980930089951,0.0,0.4063851088285446,3.853102684020996,1.3877310752868652,78.68718713521957,38.23286384344101,14.617792192846537,46.42071843147277,79.08796083927155,58.36556339263916,48.637677520513535,26.257887855172157,4.6002888679504395,133.4094352722168,67.08569526672363,117.65898662805557,57.18469500541686,23.86991113424301,0.0,48.58228397369385,75.13985857367516,4.170567415654659,23.270455420017242,16.33099329471588,70.86817887425423,47.273182690143585,34.90962356328964,0.0,319.3630506545306,214.6030620038509,53.92700529098511,181.59005737304688,27.995180413126945,34.78829017281532,85.04045358300209,111.38481634855269,24.516147285699844,11.890129506587982,69.60318368673325,41.966832280159,3.0940226912498474,1.439632773399353,1.229933738708496,2.634313851594925,2.8165639638900757,5.544082835316658,2.6055312901735306,20.36244660615921,1.9815020263195038,0.8729365766048433,7.973338842391968,0.8177087008953094,7.2846651673316964
TEST_06+2일,3.1917953193187714,5.975191086530685,5.470715433359146,0.7439559400081635,0.4977029860019684,7.081134080886841,3.660936236381532,0.4746270179748535,2.1292207464575768,0.1310279369354248,0.35016607493162155,0.06224338710308075,0.5207709074020386,0.36254605650901794,0.09812848269939423,0.004323124885559082,17.558602809906006,0.2621123231947422,0.283599816262722,14.86052906513214,5.344150632619858,0.6266523227095604,1.067627102136612,0.7659461796283722,6.92563059926033,15.588873624801634,2.428874172270298,0.0,12.482890844345093,4.532326281070709,2.539857380092144,0.10949993133544922,0.9320834279060364,1.0378221347928047,0.46289339661598206,1.7994359135627747,45.24416506290436,3.3789632320404053,3.72733511030674,9.681091785430908,13.763431191444397,0.2807304635643959,0.0,0.9632027372717857,0.5299552381038666,3.2295038253068924,0.0,0.585576742887497,0.31459956243634224,3.6308619752526283,16.095016062259674,1.0419312603771687,9.852964997291565,1.0929160863161087,6.033109903335571,3.230699300765991,0.8583541810512543,0.27335958927869797,1.6947758942842484,0.7995972670614719,2.4793107360601425,8.629413396120071,4.096255362033844,24.67717403173447,8.685963749885559,0.42155705764889717,1.116041287779808,0.9291917681694031,1.7513386607170105,0.3142305091023445,2.734868824481964,3.9188407361507416,0.015079732984304428,0.2894252557307482,0.7627950422465801,1.7701959908008575,0.8867467381060123,1.0138386189937592,1.431106373667717,0.0,1.0452085211873055,1.7561296820640564,0.8294971287250519,0.620136447250843,2.0999375581741333,0.7846141904592514,2.0077321529388428,1.8724186420440674,1.7783813029527664,1.6661396622657776,16.938761562108994,2.866960287094116,4.508781909942627,3.2519154250621796,1.6616211608052254,5.546655654907227,1.5121220350265503,0.7134574055671692,12.285138130187988,10.66273045539856,0.855676107108593,0.3184941001236439,5.032707434147596,0.3058918416500092,21.79223057627678,132.37037205696106,53.171897292137146,1.7488086223602295,1.7241898775100708,1.2208306938409805,1.2037703767418861,0.5103060603141785,0.9072226881980896,0.7211973667144775,0.31711381673812866,1.461746335029602,5.199725031852722,1.3313497081398964,0.9153319150209427,1.3285235166549683,0.7330885827541351,41.623998463153846,0.10717998445034027,0.09814369678497314,0.06316809356212616,0.6501439809799194,0.2795391082763672,0.5006430149078369,0.7280732095241547,0.6492858156561852,0.24831809103488922,1.0398616790771484,27.77160406112671,4.18069064617157,2.345016121864319,4.942683696746826,4.182288348674774,0.6068620830774307,0.7148202359676361,5.133821815252304,0.6575982570648193,3.279730439186096,3.112273693084717,1.785081386566162,65.84279662370682,28.627195715904236,17.097896207123995,44.99607950448989,84.49313378334045,40.17677718400955,34.36000198125839,21.490596160292625,4.923642039299011,116.9216079711914,8.309626020491123,54.98864620923996,51.18492692708969,28.086569607257843,0.0,52.57626610994339,52.45844155550003,4.5359426736831665,9.311723589897156,14.331929236650465,45.2916694432497,29.69739706814289,16.685747757554054,0.3673800081014633,157.79517267644405,146.3689515888691,43.99586020410061,73.34488296508789,20.215126890689135,21.052273884415627,59.54517793655395,60.25994909554719,20.438535124063492,7.247717022895813,47.653699979186065,16.929244101047516,4.814958423376083,1.5583410859107971,4.8778839111328125,3.9431081861257553,2.5850417464971542,8.83678688108921,3.5670633614063263,21.581435725092888,4.720579236745834,2.0422467589378357,6.939534425735474,1.7074452638626099,5.091177731752396
TEST_06+3일,3.418503552675247,6.5290846824646,4.236572325229645,0.6522704064846039,1.2991129159927368,2.1988118290901184,4.940836846828462,0.4584369361400604,1.7929769158363342,0.1409038007259369,0.4534146934747696,0.15288039296865463,0.3270484507083893,0.3953603506088257,0.17858442664146423,0.03974743187427521,16.291940689086914,0.30074531584978104,0.23962412774562836,11.728126287460325,4.1164664179086685,0.49021778255701065,0.25521712750196457,0.5850112410262227,8.20692990720272,13.162457942962646,4.640232726931572,15.974275186657907,12.458974242210388,3.5130786448717117,3.10513261705637,0.12420344352722168,1.3656919077038765,0.9141241014003754,0.06793249398469925,2.626275420188904,55.385714530944824,2.7972294688224792,3.4147940576076508,6.360926806926727,13.238910093903542,1.3333803415298462,0.0,0.4244237579405308,0.27632310800254345,3.9295529425144196,0.28072983026504517,0.45472943782806396,0.25662005320191383,3.140620157122612,15.256121814250946,0.6641080528497696,10.911423683166504,1.2781299948692322,2.151012808084488,5.1295634508132935,0.12271472811698914,1.1315111964941025,1.8750730454921722,0.8706487193703651,3.227290168404579,7.433514297008514,2.627887189388275,23.82342201471329,2.030736654996872,0.3733300268650055,0.654085099697113,1.4865241050720215,0.14554202556610107,0.4428645223379135,1.4766338467597961,2.515771798789501,0.1946697197854519,0.39038512855768204,1.1972884833812714,1.2937666699290276,0.9766685217618942,0.7197751700878143,1.11322683095932,5.247187614440918,0.3302047196775675,1.7346536368131638,1.266581267118454,0.8559411764144897,2.1691932678222656,0.29852673411369324,1.173780433833599,1.8179622888565063,1.5718644857406616,3.957559883594513,62.660804986953735,1.7694683820009232,2.8380730152130127,3.0396421253681183,1.095266617834568,7.089634537696838,1.1360054016113281,0.8954863548278809,10.936737060546875,5.845329195261002,0.8152713775634766,0.26028116792440414,5.439725513570011,0.6724011301994325,3.982613369822502,112.69578766822815,42.89012145996094,1.8018747568130493,2.4761568158864975,1.362687200307846,1.4355244114995003,0.6050993874669075,0.313372939825058,0.9418851733207703,0.3347635790705681,0.7404027879238129,4.384761303663254,1.2472707703709602,1.2098933458328247,0.8110663890838623,0.2070135623216629,59.0749558210373,0.09924763441085815,0.3410581350326538,0.3357895314693451,0.30450811982154846,0.22941413521766663,0.41157206892967224,0.4146288335323334,0.6624125242233276,0.346569299697876,0.8165731430053711,35.16966700553894,5.5591559410095215,1.9059351086616516,3.4266276359558105,3.466925024986267,0.4909576028585434,0.8688288554549217,4.850691184401512,0.44959352910518646,0.6832373142242432,2.9876176714897156,1.182478427886963,39.19173453748226,25.483328580856323,33.76146252080798,66.42215073108673,88.37115669250488,36.26686008274555,31.342646151781082,25.200092270970345,4.990297615528107,107.46663856506348,24.97798092663288,32.52683936059475,44.369943261146545,34.851054251194,8.222499713301659,46.34475839138031,40.13543836772442,4.529883414506912,12.025520473718643,9.589019402861595,39.37919819355011,31.71196335554123,13.898371204733849,1.019570231437683,81.35138780623674,85.87310698628426,19.75999551638961,34.86479663848877,15.22464319691062,12.702528297901154,27.501385875046253,25.763342913240194,19.39291587471962,4.567383527755737,33.338519662618644,7.785018682479858,6.056333810091019,1.9716409966349602,4.614646911621094,3.3454064205288887,2.7213437855243683,8.12730685994029,4.146481156349182,29.36588853597641,3.5436873883008957,2.6506863981485367,7.924978017807007,2.411660760641098,6.805534392595292
TEST_06+4일,3.874502122402191,2.1937645375728607,4.337156444787979,0.7398740723729134,0.5616509914398193,0.7723883762955666,7.365694016218187,0.33859628438949585,1.3035555556416512,0.1771301031112671,0.42177826166152954,0.26217030733823776,0.5680983066558838,0.34576277434825897,0.47895146906375885,0.1396504044532776,16.042622566223145,0.40949858725070953,0.458901084959507,24.371287733316418,6.744265675544739,0.6379348784685135,0.0,0.9446428008377552,10.625252574682236,17.128700762987137,3.3911465406417847,13.924167647957802,11.570355772972107,3.925594449043274,3.7026535272598267,2.48660409450531,1.2770134955644608,1.3575648814439774,0.0050036609172821045,2.7946484088897705,49.95820748806,0.7529624104499817,2.6888499408960342,13.045689225196838,11.608117014169693,3.106645345687866,0.2556800842285156,0.9123089350759983,0.3991743177175522,2.7241315320134163,0.44378094375133514,4.158992230892181,0.07213913835585117,2.697337828576565,9.882189393043518,0.681773729622364,9.475552439689636,1.356660783290863,1.9547494053840637,4.4896087646484375,0.0,0.8140902407467365,1.8826044201850891,0.7933435142040253,4.917645514011383,7.801681011915207,5.377570688724518,19.29126513004303,7.414179593324661,0.9506096690893173,1.1835719347000122,0.5041900873184204,2.5752444118261337,0.3387829661369324,1.6618095338344574,1.4943359419703484,0.2534685283899307,0.8142686672508717,1.114049255847931,1.4218782261013985,1.1560886353254318,0.7030380517244339,1.8985706567764282,2.077917516231537,0.7828106246888638,1.0234430506825447,1.6202321648597717,0.7049288414418697,1.7420876026153564,0.8227439373731613,0.9158167243003845,1.7240869402885437,2.130129098892212,2.694136470556259,74.46673607826233,1.656750649213791,2.4593615531921387,2.8058714419603348,0.776730515062809,1.3280640542507172,0.3835391700267792,0.6354671716690063,13.774373054504395,4.475606054067612,0.658730685710907,0.08260369300842285,5.993507578969002,1.0212411880493166,11.289463177323341,103.63921391963959,25.813666999340057,0.8619105815887451,2.5557003021240234,0.8157938718795776,1.2688765302300453,0.43691083788871765,0.6994614601135254,1.3266911506652832,0.5816278606653214,0.5846959054470062,4.084527164697647,0.8300668597221375,2.0163120478391647,0.8753798007965088,0.0,42.616233736276634,0.07228580117225647,0.12620389461517334,0.8522194027900696,0.4159635901451111,0.22008338570594788,0.6035431623458862,0.44516193866729736,2.4169348776340485,0.10138043761253357,0.35343778133392334,31.65600895881653,4.007590889930725,1.7623593211174011,2.7355573177337646,2.1000877022743225,0.3050037734210491,1.5769789069890976,4.716129973530769,3.4114683866500854,0.1638554111123085,2.9046006202697754,1.0336004495620728,38.58645540475845,27.374261617660522,44.893458142876625,73.65558862686157,76.62268316745758,36.80517138540745,30.16442769765854,27.025536447763443,1.8256611227989197,111.0431489944458,28.400174528360367,48.577299535274506,47.43292224407196,31.765573769807816,7.252363376319408,47.70240032672882,40.396697744727135,4.714174211025238,14.488255470991135,11.700217500329016,46.058178663253784,28.228454187512398,23.002982050180435,0.5818474292755127,117.1713178306818,91.39816309511662,7.5303535759449005,60.629685401916504,19.32365734130144,12.215267077088356,27.97621324658394,33.38504505902529,15.421243160963058,5.992934465408325,28.21205608546734,6.237705647945404,4.598591148853302,2.4689601361751556,5.462222099304199,4.848340146243572,1.3783936351537704,8.005302555859089,2.4047722667455673,20.28551995754242,7.671042233705521,3.2088003903627396,9.671577453613281,1.6346542239189148,5.725002974271775
TEST_06+5일,4.432604119181633,7.126724772155285,3.8870109617710114,2.294155463576317,0.11196759343147278,0.8979679346084595,3.0348943471908583,0.5443471968173981,1.0106980577111244,0.29583919048309326,0.14592591673135757,0.21757011115550995,0.7125754058361053,0.3655306249856949,1.535172164440155,0.03472864627838135,7.760833740234375,0.6182143017649651,0.35100413113832474,34.72600069642067,2.2398715764284134,0.8265062049031258,0.1266128271818161,0.810330742970109,8.605873718857765,12.527051568031311,1.783843606710434,12.57296458631754,10.775126457214355,3.1522823572158813,2.931153893470764,2.960179567337036,2.3393279016017914,1.5298398807644844,0.17558448016643524,1.9577816128730774,43.33446502685547,0.7999060750007629,1.507725901901722,48.397337675094604,9.173576980829239,5.683004856109619,0.0,0.8889016434550285,0.6852037459611893,1.9701399728655815,0.09249435737729073,2.9558423161506653,0.28338532894849777,2.8085320591926575,9.258596122264862,0.7906636595726013,7.949106216430664,1.0275684222579002,0.4175646901130676,2.7818201780319214,0.2395072504878044,1.542365476489067,1.448855683207512,0.7351903393864632,6.162370175123215,7.061486542224884,8.425122171640396,17.070019781589508,4.536123052239418,1.4855155646800995,0.531787097454071,0.8418498635292053,1.8689702153205872,0.29086004942655563,1.7180781066417694,0.3980953246355057,0.48330172896385193,0.7828535791486502,0.32295551151037216,1.3186406046152115,1.265425756573677,1.6667418479919434,1.1930210888385773,3.1849876642227173,1.5340142920613289,1.0778784826397896,1.35358527302742,0.5763742513954639,1.60745108127594,1.4669981002807617,0.4923523776233196,1.2631888389587402,2.6648263335227966,2.389977812767029,110.82965779304504,1.2643423229455948,2.3187596797943115,4.150752127170563,0.6684684604406357,3.310863673686981,0.14020982384681702,0.26575183868408203,16.013469696044922,3.7167680263519287,0.5012796856462955,0.12795905768871307,6.921270238235593,0.6997292637825013,9.364413753151894,85.38571572303772,25.950089693069458,2.386981248855591,4.311479687690735,0.6021430380642414,1.8715932965278625,0.29784470796585083,0.4169752299785614,0.895510733127594,0.5387720167636871,0.05591091513633728,2.414699971675873,0.8492572456598282,5.529195249080658,0.8556749224662781,0.0,34.5880843102932,0.0038451552391052246,0.18046879768371582,0.714099109172821,0.696142852306366,0.4108332395553589,0.8301007747650146,0.88068026304245,2.4302690103650093,0.07585704326629639,0.09869574010372162,6.732955574989319,1.9338810443878174,1.6009199917316437,2.4808664321899414,1.307780146598816,0.0,1.625276505947113,5.687455460429192,3.6487112045288086,0.5100083649158478,3.238165855407715,2.95108699798584,36.11243949830532,31.20329910516739,58.20083610713482,158.33223432302475,69.90929639339447,36.29205568134785,32.4318268597126,31.214182674884796,2.585432767868042,171.50408554077148,31.80210068821907,63.20768991112709,48.96038210391998,23.71960759162903,10.062644686549902,48.91421753168106,37.40872487425804,4.484266400337219,15.308269739151001,17.34874454140663,48.83145350217819,17.031425580382347,17.17236913740635,1.0851531848311424,117.92050164937973,128.34123162925243,0.0,72.5017728805542,22.29894271865487,16.82599836587906,5.680826880037785,40.42887706309556,17.115019410848618,5.420223534107208,34.48462113738061,7.869291380047798,4.240492582321167,4.438617117702961,5.197088241577148,3.834908865392208,2.03277026116848,6.738607347011566,5.399051383137703,30.877836868166924,6.38759158551693,1.7920627743005755,13.479310512542725,1.5294881165027618,4.388568013906479
TEST_06+6일,3.028315022587776,6.80292796343565,3.395134389400482,4.821173131465912,0.10623076558113098,1.6978101432323456,11.60901838541031,0.3005809783935547,1.2978952378034592,0.3480399549007416,0.3145092912018299,0.19411812722682953,0.7251405268907547,0.4776356816291809,1.474720984697342,0.02312570810317993,12.081971168518066,0.7233214303851128,0.1855316162109375,34.32132813334465,5.676365837454796,0.728368878364563,0.08179959654808044,0.6389587987214327,10.413751885294914,11.68949156999588,0.10657954216003418,82.79113039374352,10.313798308372498,3.042895644903183,2.8172903656959534,2.9738178849220276,2.1852777153253555,1.7568514049053192,0.014758296310901642,2.6509886980056763,36.56856727600098,1.2477765083312988,1.010376289486885,48.84731864929199,7.860001660883427,2.0546525716781616,0.0,1.3209906555712223,0.6682253740727901,1.955756589770317,0.0,0.0,0.33672725036740303,3.7898758202791214,16.103506445884705,0.8819394074380398,7.500626921653748,0.7224059253931046,1.0314456224441528,1.3834850192070007,0.8303266540169716,1.4052197337150574,0.928501769900322,0.4038805738091469,13.98724165558815,7.174181565642357,10.078746527433395,16.25395554304123,22.312855571508408,1.2191288694739342,0.5593127310276031,0.6248449087142944,0.964349776506424,0.49307942390441895,2.3736223578453064,1.0664146393537521,0.5133047699928284,0.8003191351890564,3.1460094451904297,0.633268341422081,1.4936361461877823,3.953892230987549,1.0312924832105637,7.842355012893677,2.6443204134702682,1.78838150203228,0.5779639631509781,0.7164237275719643,1.3822897374629974,2.6916941106319427,0.6877146437764168,1.0888866484165192,1.0914521291851997,4.503288626670837,81.8642105460167,1.8612613379955292,2.3150928020477295,8.944985270500183,0.3021329306066036,1.9114460051059723,0.0,0.1497061848640442,15.175760269165039,4.216941267251968,0.5036086812615395,0.293218519538641,3.183744912967086,0.3703157305717469,1.5697320103645325,18.337624490261078,30.973927974700928,2.5080173015594482,4.649946451187134,0.4813682958483696,2.1117087453603745,0.45700281858444214,0.27384504675865173,0.4053441882133484,0.5196582823991776,0.3128541111946106,2.126915842294693,1.268905647099018,5.65702822804451,0.6384536623954773,0.0,10.829189777374268,0.0,0.6442800760269165,0.37838155031204224,0.4693678617477417,0.41472065448760986,0.7048721313476562,0.8389686048030853,2.0359182953834534,0.27224212884902954,0.11376580595970154,4.1259706020355225,2.6044619381427765,2.7996855676174164,4.030845642089844,1.890397071838379,0.22184625640511513,1.233696386218071,8.465065062046051,1.6649778485298157,0.814119815826416,2.66544646024704,3.435026168823242,40.524502113461494,43.55504107475281,34.44943426549435,196.35775208473206,65.43622022867203,61.1775838136673,39.02666747570038,40.40626905858517,3.7115694880485535,197.833646774292,84.13378894329071,72.27947616577148,53.9830195903778,20.232704877853394,8.538910076022148,48.913682878017426,42.89383202791214,3.3501238748431206,27.036422610282898,22.490981876850125,46.881417006254196,31.007026702165604,20.787018209695816,1.4442751184105873,160.77388779073954,210.93516746163365,3.119785465300083,81.83463668823242,25.12850059568882,14.434331685304642,0.18892066180706027,59.76537295430898,13.457001820206642,8.089493572711945,42.92423069477082,8.077800869941711,2.9264167100191116,4.775524362921715,10.439806938171387,4.917370565235615,2.5041166841983795,7.1170099675655365,5.81958532333374,19.564068540930748,4.946625865995884,2.2299033403396606,9.017242908477783,2.680713415145874,4.21503210067749
TEST_06+7일,2.1383476704359055,12.604417718946934,3.8077533543109894,3.5415467023849487,0.27847832441329956,2.072382301092148,13.104052364826204,0.34641772508621216,0.8269143253564835,0.0011319518089294434,0.10891880840063095,0.20602188259363174,0.769343912601471,0.2957480698823929,1.3183490931987762,0.12300670146942139,15.250436782836914,0.7411986961960793,0.07829173654317856,17.251548126339912,8.884439244866371,0.571325458586216,0.013696923851966858,0.43224086612463,8.854812920093536,11.736699566245079,0.896602526307106,82.66906422376633,10.239668607711792,3.4609560817480087,4.001678556203842,1.3813172578811646,2.4874407202005386,2.0078678131103516,0.2799481526017189,1.9197088479995728,30.343592762947083,4.907615303993225,1.2465154007077217,31.28751838207245,7.460683703422546,0.08530601859092712,0.0,0.6974745541810989,0.4872126877307892,1.6812616288661957,0.0,0.2752878963947296,0.13668348267674446,3.622288443148136,19.61854374408722,1.0924259573221207,9.036323547363281,0.6048889607191086,1.7901886403560638,1.116763561964035,1.2696522548794746,2.8564360439777374,1.0286199823021889,0.1640160046517849,19.83534449338913,7.677359953522682,8.14633572101593,14.808006852865221,4.471799656748772,1.864170789718628,0.5234314799308777,0.38138699531555176,2.860471874475479,0.6889697164297104,2.8199660778045654,0.2515813335776329,1.4534997940063477,0.7686787415295839,4.9924953281879425,0.5673135593533516,0.9478486329317093,4.10563051700592,0.901103213429451,4.929219961166382,2.8782791793346405,3.0398625433444977,0.517549067735672,0.8025119639933109,1.1821981966495514,2.2131105214357376,1.6427279114723206,1.127120018005371,1.1141152828931808,6.358168005943298,31.96468311548233,2.390493720769882,2.572662353515625,10.351344645023346,0.6976477988064289,0.0,0.0,0.197618305683136,10.986093521118164,2.6517966389656067,0.5955775380134583,0.48263266682624817,5.16847038641572,0.3727505505084992,44.503033965826035,0.0,33.04922568798065,3.2845869064331055,2.3230527341365814,1.0039178729057312,2.1932927891612053,0.7021515816450119,0.6039397716522217,0.3147928714752197,0.5699467957019806,1.30653977394104,3.7070295810699463,1.5430401116609573,2.9706717431545258,0.6958129405975342,0.0,3.6849690228700647,0.0,0.6951167583465576,0.1277877688407898,0.41842836141586304,0.1386766880750656,0.5414338111877441,0.7856253683567047,1.7631475254893303,0.0,0.15671813488006592,3.373090922832489,2.402535170316696,6.139132618904114,8.433531761169434,2.7211764454841614,2.1239713430404663,2.082975894212723,8.113111555576324,0.2064816802740097,0.6187824010848999,2.552693009376526,2.2532999515533447,56.97499170899391,41.19508022069931,29.494557738304138,166.34030014276505,53.059220373630524,79.97130900621414,40.76657992601395,39.176867976784706,4.209763526916504,200.49576377868652,110.73463708162308,140.92594468593597,53.02633547782898,15.28558649122715,9.114495255053043,48.4042072892189,49.1291019320488,2.907828003168106,34.64376258850098,22.289127856492993,51.32056733965874,48.681505143642426,39.85673010349274,1.591522991657257,232.2284956723452,214.12895259261128,12.040504563599825,40.584954261779785,28.449977450072765,12.732678428292274,22.665026772767305,65.40722636133431,13.19054939597845,11.15494430065155,62.60929203033448,11.58415012061596,6.563563421368599,5.085005313158035,9.622867584228516,4.77243459969759,3.4235564321279526,10.399523451924324,6.872143968939781,32.41115026175976,3.1304465979337692,3.7556746602058415,10.876053094863892,2.22041192650795,9.555714711546898
TEST_07+1일,2.257948324084282,8.281341187655926,4.597150295972824,0.5514975339174271,0.10581958293914795,0.5614455454051495,3.0646430850029005,0.2879367470741272,2.1375877112150192,0.11666789650917053,0.37870869040489197,0.11721579730510712,0.52876415848732,0.43187257647514343,0.9068532586097717,0.017936304211616516,7.0261430740356445,0.3325912654399872,0.24259500950574875,12.666750669479368,6.2765461429953575,0.5671263337135315,0.043290406465530396,1.1513331849128008,14.755234569311142,1.294894516468048,1.9721652567386627,5.07404151558876,1.3965915441513062,3.7097239196300507,2.5882089138031006,3.225625991821289,0.1536717638373375,0.43966997042298317,0.0,1.0204782336950302,10.97206798195839,0.984732449054718,0.0,58.296420097351074,3.2849395126104355,0.7687000930309296,0.0,0.9495686404407024,0.3711649030447006,1.6957510858774185,0.25701532140374184,0.5226860344409943,0.2982013616710901,4.52559620141983,5.567474365234375,1.0621053539216518,6.60009241104126,0.30452339351177216,0.46240103244781494,1.9633271098136902,1.5939773544669151,0.45982661098241806,1.223060354590416,0.36878545209765434,7.134107813239098,2.5179042667150497,11.211147725582123,4.429657459259033,3.4840641170740128,1.9203954935073853,0.8496751338243484,0.5364977121353149,6.039753079414368,0.5491799861192703,0.5185862630605698,0.0934261828660965,0.437394455075264,0.6120556723326445,3.9611229300498962,1.6199535951018333,0.5100586451590061,0.18363744020462036,1.0009205639362335,0.6806192994117737,1.686554193496704,0.6263655424118042,0.7141400873661041,1.1479255557060242,0.3251078724861145,0.6197280064225197,1.6086825728416443,0.82008495926857,0.7057726681232452,3.5919652581214905,3.371784709393978,1.579832285642624,3.0523500442504883,6.109343245625496,0.571928296238184,0.0,0.3458526134490967,0.5989001989364624,9.167797088623047,0.0,0.0,0.30869967117905617,3.3605774212628603,0.22689417004585272,70.56876650452614,11.970107302069664,10.698849856853485,1.5308351516723633,0.22835232317447662,0.5735820159316063,1.4929207041859627,0.4427293688058853,0.5836983025074005,1.323333740234375,0.40621979534626007,2.4503855109214783,0.6011291742324829,0.7963282279670238,7.506343722343445,0.6515501737594604,0.19347332417964935,19.15619459748268,0.035505324602127075,0.016804218292236328,0.08962954580783844,0.4011656641960144,0.0,0.3947163224220276,0.12612104415893555,1.2626833617687225,0.1194111704826355,0.11478716135025024,15.91373085975647,0.0,0.1922701746225357,1.024956226348877,0.30111148953437805,3.786743462085724,0.101192906498909,1.5468332916498184,0.027198269963264465,0.822317898273468,1.1279618740081787,0.0,4.136150881648064,0.5540501475334167,20.935666631907225,26.718043237924572,10.302555978298187,1.0361358672380447,4.919626668095589,1.3648495078086853,0.0,10.146767616271973,0.0,2.90994706004858,5.682859122753143,3.816899284720421,0.0,0.9661325365304947,8.011910580098629,1.243703331798315,4.6450342535972595,2.458042971789837,2.1051255762577057,2.542540166527033,0.0,0.0,0.0,4.570047318935394,0.026802711188793182,22.72807025909424,5.726567577570677,1.440824769437313,18.226149767637253,3.3096193745732307,0.5094959735870361,1.1554446816444397,0.7766997665166857,0.0,3.0940226912498474,1.439632773399353,1.229933738708496,2.634313851594925,2.8165639638900757,5.544082835316658,2.6055312901735306,20.36244660615921,1.9815020263195038,0.8729365766048433,7.973338842391968,0.8177087008953094,7.2846651673316964
TEST_07+2일,1.6614496260881424,14.012241002172232,5.069883868098259,0.0,0.20475783944129944,0.6290987804532051,1.4714909195899974,0.4746270179748535,1.8591634929180145,0.10124769806861877,0.35016607493162155,0.13304033875465393,0.5244505852460861,0.36254605650901794,0.09812848269939423,0.004323124885559082,12.590303421020508,0.2742179334163666,0.33324267715215683,5.255042105913162,4.624372154474258,0.660981722176075,0.020172446966171265,0.7641463587060571,22.05203604698181,3.926486894488334,2.4191764891147614,8.446228832006454,1.984783411026001,1.6476990878582,1.7844472080469131,1.1225833296775818,0.0,0.8680313378572464,0.46289339661598206,1.0802634060382843,1.887050986289978,1.1297288239002228,0.08828110992908478,34.65352511405945,5.632989965379238,0.36660589277744293,0.0,1.0033387765288353,0.7361416891217232,1.8128964453935623,0.08895503357052803,1.289012998342514,0.15418026596307755,2.8819743394851685,5.449912577867508,0.9023010581731796,4.329222679138184,0.6915703117847443,0.43801720440387726,1.7824525237083435,0.6245817095041275,0.44493311643600464,1.0003836303949356,0.3298559822142124,0.4590857923030853,2.8297415748238564,9.818858996033669,5.3787935227155685,2.41778913885355,0.7603252977132797,0.7400680705904961,0.28911805152893066,3.444204807281494,0.30016370117664337,0.18858745694160461,0.0,0.38087479770183563,0.4004456754773855,1.3210505247116089,1.8579619601368904,0.5594335310161114,0.06184074282646179,0.8530479893088341,0.1613377332687378,0.6720302924513817,0.5455196388065815,0.7018604874610901,1.3707175478339195,0.5900615751743317,0.7119502052664757,0.7618252635002136,0.5228719711303711,0.38220328092575073,3.884522706270218,13.158021450042725,1.593870759010315,2.1716935634613037,2.617543116211891,1.2442832440137863,0.18380176275968552,0.035233378410339355,0.530102550983429,9.554222106933594,0.0,0.11321771889925003,0.21514297276735306,4.4468205608427525,0.061473131179809626,65.77558228373528,18.285386994481087,9.239675402641296,1.5570865869522095,0.4894306808710098,0.3690051883459091,1.494677271693945,0.3764989972114563,0.39096736907958984,1.2890079021453857,0.345560722053051,0.8180403113365173,0.5343228578567505,0.8886635452508926,0.0,0.7702946662902832,0.09675830602645874,18.183968514204025,0.45062798261642456,0.1250516176223755,0.19248604774475098,0.5242682695388794,0.0,0.8774282932281494,0.03851871192455292,0.011071264743804932,0.39094841480255127,0.07310166954994202,15.155994892120361,2.0327613949775696,0.21729932725429535,0.5235855579376221,0.11680714786052704,0.3174532875418663,0.0,2.803236059844494,0.0,0.7383100837469101,1.2546739876270294,0.037284135818481445,2.697704538702965,0.5598766952753067,0.0,25.31167164444923,9.83739173412323,0.0,5.191685646772385,1.7576979100704193,0.3280644714832306,12.278789043426514,0.707000121474266,4.0225991904735565,6.031339645385742,3.290458172559738,0.0,0.0,7.097530327737331,0.6549532637000084,4.547053128480911,2.645841434597969,1.2867735475301743,2.6678553074598312,0.0,0.3673800081014633,0.0,9.274133004248142,0.0,17.0688419342041,6.187785521149635,0.0,13.931687321513891,5.190109081566334,1.2164997085928917,0.962405651807785,2.5537622123956685,0.0,4.814958423376083,1.5583410859107971,4.8778839111328125,3.9431081861257553,2.5850417464971542,8.83678688108921,3.5670633614063263,21.581435725092888,4.720579236745834,2.0422467589378357,6.939534425735474,1.7074452638626099,5.091177731752396
TEST_07+3일,1.302412211894989,11.524431221187115,2.811217188835144,0.4580022841691971,0.1072646975517273,1.3713501542806625,2.43653440475464,0.4584369361400604,1.548368513584137,0.08984890580177307,0.4534146934747696,0.1802176907658577,0.3923465609550476,0.3953603506088257,0.17858442664146423,0.03974743187427521,13.791129112243652,0.1369420737028122,0.12081125378608704,4.013277769088745,0.759885311126709,0.4455506056547165,0.0402420312166214,0.5839564651250839,11.913437530398369,4.046282451599836,2.984864294528961,18.146847367286682,2.2442102432250977,0.7131656110286713,1.1668022871017456,0.29790472984313965,0.0,0.7666942253708839,0.06793249398469925,0.9619936347007751,3.566995620727539,1.8109236359596252,0.26002608239650726,16.38070112466812,4.175307735800743,0.35470113158226013,0.0,0.34197939187288284,0.6145763136446476,1.4354781694710255,0.1882677525281906,1.8314213454723358,0.11101923510432243,2.190005302429199,5.150007098913193,0.601311394944787,3.6068179607391357,0.7119457125663757,0.6657327264547348,1.8634464740753174,0.3627903461456299,0.2874442748725414,1.005321443080902,0.18527739867568016,0.0,6.08368456363678,3.627237945795059,4.537232935428619,2.3670072108507156,0.0,0.2955583781003952,0.5719083547592163,1.7099566608667374,0.4290032759308815,0.0,0.0,0.46502139419317245,0.26128708105534315,0.0,1.2194405794143677,0.6733242608606815,0.0,0.5925074592232704,0.0,1.0375708043575287,0.04838524013757706,0.6254233419895172,1.4395462721586227,0.5891770720481873,0.7717142999172211,0.4483497068285942,0.3997977375984192,0.22658728063106537,0.7838572859764099,16.74293765425682,0.8605246841907501,2.175006628036499,0.28398774564266205,0.7638982199132442,0.1990731991827488,0.0,0.2023068368434906,11.0454683303833,0.0,0.23188655823469162,0.4082212299108505,4.9487360287457705,0.08517634868621832,22.703230902552605,22.64429223537445,8.1124906539917,1.8376106023788452,1.4846047908067703,0.33180129155516624,1.1718431487679482,0.4459243267774582,0.4027668535709381,0.3675864338874817,0.08690263330936432,0.29280728101730347,0.4933157041668892,1.2180060371756554,0.48409082740545273,0.8125647306442261,0.3456371873617172,17.842573553323746,1.03671395778656,0.1405329704284668,0.08641654253005981,0.09331652522087097,0.0,0.7422739267349243,0.08294203877449036,1.6964178755879402,0.05095100402832031,0.022771984338760376,15.96287488937378,0.0,0.22736144065856934,0.0,0.2261149138212204,0.0,0.0,0.7600456476211548,0.04767550528049469,0.42418621480464935,1.1141915917396545,0.5022693276405334,1.2098369970917702,0.0,10.316249132156372,28.17008316516876,7.936764121055603,0.0,4.7116910219192505,1.2081054598093033,0.40331290662288666,10.268773078918457,0.0,3.776834711432457,6.471214324235916,2.248566374182701,8.242861591279507,0.0,5.839919783174992,0.6380832716822624,4.3750492334365845,2.8572017513215537,1.244793489575386,1.5560102351009846,0.0,1.019570231437683,1.3300120159983642,18.924252904951572,0.0,11.64632797241211,4.899213619530201,0.10675900429487228,8.907578505575657,4.203295320272446,1.4277304112911224,0.31290605664253235,0.988696336746216,0.0,6.056333810091019,1.9716409966349602,4.614646911621094,3.3454064205288887,2.7213437855243683,8.12730685994029,4.146481156349182,29.36588853597641,3.5436873883008957,2.6506863981485367,7.924978017807007,2.411660760641098,6.805534392595292
TEST_07+4일,0.861682802438736,22.388478510081768,2.3628178983926773,2.3107874244451523,0.03857770562171936,1.0374322980642319,5.974206268787385,0.33859628438949585,1.6047754883766174,0.024044722318649292,0.42177826166152954,0.3169481232762337,0.30070656538009644,0.34576277434825897,0.47895146906375885,0.1396504044532776,15.178470611572266,0.18807798624038696,0.2638772651553154,17.339725703001022,2.8347774520516396,0.44467731565237045,0.042596831917762756,0.9454108346253633,15.617651402950287,10.468237102031708,2.6674006283283234,19.457360312342644,2.9905428290367126,0.2765917629003525,0.0,0.8733265399932861,0.0,0.8358083814382553,0.0050036609172821045,0.2273886650800705,2.997704863548279,2.4892956018447876,0.2111900970339775,17.87510061264038,1.6151830404996872,0.45287445187568665,0.2556800842285156,0.9103038981556892,0.4455861784517765,1.2860859110951424,0.21322745829820633,2.9952794015407562,0.0,1.2687472887337208,5.247260332107544,0.5439951941370964,0.8842261433601379,0.6431370601058006,1.1284265220165253,1.3784276247024536,0.39351432770490646,0.2812182791531086,1.1175052374601364,0.28073588758707047,0.0,12.319280058145523,2.4101847112178802,3.4964081496000294,2.2498074173927307,0.0,0.31419557332992554,0.4458152651786804,0.47872889041900635,0.33808380365371704,0.0,0.0,0.46148549765348434,0.585341926664114,0.0,1.250912144780159,0.44320905581116676,0.0,1.3813592195510864,0.3648487329483032,2.6501320749521255,0.11697864532470703,0.6636112928390503,1.1853637173771858,0.9507678151130676,1.6088010594248772,0.8055431768298149,0.3950986862182617,0.4393420033156872,1.4783700704574585,22.70111933350563,0.733747661113739,1.605360507965088,1.1707820743322372,0.6506189592182636,0.3425763174891472,0.1030767560005188,0.1417323350906372,11.642091751098633,1.387682244181633,0.0,0.5181327909231186,5.288196308538318,0.07034131884574896,14.781708002090454,24.23027938604355,5.2388434410095215,1.7959785461425781,2.4047642797231674,0.2458852231502533,1.0598763823509216,0.5684605985879898,0.52217236161232,0.25693726539611816,0.15010374784469604,0.15367385745048523,0.2765195220708847,1.6679973900318146,0.0,1.1097692251205444,0.5101962983608246,10.211377501487732,0.8977180123329163,0.08685874938964844,0.12598635256290436,0.0,0.27151936292648315,0.5099713206291199,0.31945688277482986,2.560625806450844,0.2081913948059082,0.1160094290971756,14.533193409442902,0.26357850432395935,1.157998912036419,0.43354129791259766,0.034903138875961304,0.0,0.0,0.19320249557495117,0.3139808177947998,0.12620551139116287,1.611728310585022,0.37769418954849243,1.002684362232685,0.0,38.27365344762802,21.145160198211666,6.7670707404613495,0.0,4.167619943618774,1.6749688982963562,0.36802107095718384,8.233669757843018,0.0,0.0,8.098793089389801,2.539748251438141,7.223407085984945,0.0,4.561905413866043,0.6275109946727753,4.0650011003017426,2.4363079592585564,0.48415911197662354,1.073924995958805,0.0,0.5818474292755127,3.042357534170151,15.235313124954699,0.0,11.903923988342285,6.688129618763924,0.0,14.568493530154228,0.0,1.165179766714573,0.9903420805931091,4.827114194631577,0.42869776487350464,4.598591148853302,2.4689601361751556,5.462222099304199,4.848340146243572,1.3783936351537704,8.005302555859089,2.4047722667455673,20.28551995754242,7.671042233705521,3.2088003903627396,9.671577453613281,1.6346542239189148,5.725002974271775
TEST_07+5일,0.9626274704933167,28.853308126330376,2.8085257560014725,4.807857632637024,0.930578887462616,0.6126370206475258,8.10038384795189,0.5443471968173981,1.0968045368790627,0.031187623739242554,0.14592591673135757,0.6622686982154846,0.32114750146865845,0.3655306249856949,1.535172164440155,0.03472864627838135,18.53952169418335,0.35262351110577583,0.2040683627128601,18.442823320627213,7.116467408835888,0.6520698890089989,0.07509246468544006,0.8110401649028063,6.899519294500351,10.108693689107895,1.8838692605495453,26.786546871066093,2.3861218690872192,0.0,0.40647919476032257,0.16982173919677734,0.9825497940182686,0.7043162696063519,0.17558448016643524,0.3782506287097931,10.781996071338654,2.435651957988739,0.11321648955345154,21.07365107536316,2.6518269032239914,0.2584284543991089,0.0,0.8913075849413872,0.498308639973402,1.8675947710871696,0.1926671527326107,1.3969157934188843,0.039923446252942085,0.9846902564167976,6.933396935462952,0.714185694232583,0.7105681300163269,0.22362622618675232,1.133213996887207,1.3735479712486267,0.8145542070269585,0.6129544526338577,0.8459038138389587,0.5013233348727226,0.0,16.848466247320175,3.3116077333688736,3.1833562999963765,2.0473026484251022,0.055480457842350006,0.1652946174144745,0.5264200568199158,0.0,0.2873596176505089,0.0,0.0,0.4499582201242447,0.5566966384649277,0.4869353771209717,1.3306103646755219,0.4761650785803795,0.0,0.7387327998876572,0.4514177441596985,3.103585809469223,0.5292474813759327,0.516827180981636,0.8758177421987057,1.631713628768921,1.9260918498039246,0.5522030368447304,0.1319083571434021,0.623320035636425,0.9506758153438568,39.90863110125065,0.8573728054761887,1.590574026107788,0.3918313980102539,0.9260655827820301,0.5858257412910461,0.2801927626132965,0.3037382960319519,12.857324600219727,1.48052316904068,0.0,0.5293209329247475,6.399168465286493,0.21186682581901556,14.671953618526459,23.912722289562225,1.5075327157974243,1.5771193504333496,2.0375031232833862,0.045480385422706604,1.8445894122123718,0.4796124994754791,0.533640593290329,0.0,0.2577795088291168,0.0,0.711446687579155,1.9576872736215591,0.1745692640542984,0.7925612330436707,0.665962390601635,13.940215602517128,0.22810471057891846,0.33876264095306396,0.7734050750732422,0.39086511731147766,0.29433879256248474,0.5289821624755859,0.8874539136886597,3.9262213706970215,0.8483004570007324,0.10928860306739807,12.64965832233429,0.23633739352226257,2.1110742390155792,1.0839685201644897,0.1494389772415161,0.16991043090820312,0.5854774117469788,3.085504472255707,0.1745988428592682,0.23763786256313324,2.639013648033142,0.7658843994140625,4.734271869063377,0.0,41.40209522098303,22.000606060028073,7.425725430250168,0.0,4.487471215426922,2.416737452149391,0.5839088559150696,7.750277519226074,0.0,0.0,9.532488286495209,2.826727479696274,10.036668218672276,0.0,2.9484843090176582,0.560528889298439,4.684068888425827,2.818190217018127,0.0,1.0200460329651833,0.0,1.0851531848311424,2.0823614001274113,18.67800211161375,0.0,13.587847709655762,4.937197454273701,0.0,14.600882768630981,2.2676418200135227,1.1396171599626541,1.2330268025398254,6.0570824444293985,0.0,4.240492582321167,4.438617117702961,5.197088241577148,3.834908865392208,2.03277026116848,6.738607347011566,5.399051383137703,30.877836868166924,6.38759158551693,1.7920627743005755,13.479310512542725,1.5294881165027618,4.388568013906479
TEST_07+6일,2.0939505100250244,14.568794310092926,6.612118065357208,6.541234940290451,1.3452098369598389,0.6134640015661716,5.6219249963760385,0.3005809783935547,1.410093680024147,0.06649062037467957,0.3145092912018299,1.0637422800064087,0.38952916860580444,0.4776356816291809,1.474720984697342,0.02312570810317993,12.670123100280762,0.630214273929596,0.1890697181224823,24.62731575965881,4.955529578030109,0.4282066896557808,0.11933957040309906,0.6394655015319586,3.57924622297287,14.346776157617567,4.698467642068863,58.015220046043396,3.0003352761268616,1.7412679344415665,0.7345269694924355,1.3525264263153076,0.03212687373161316,0.7726853005588055,0.014758296310901642,0.5637507140636444,28.839285790920258,2.087765693664551,0.4905210994184017,22.5608628988266,2.9248159676790237,0.09565398097038269,0.0,1.3171736225485802,0.44760333001613617,2.9864403307437897,0.2316700480878353,0.7463046908378601,0.21230646595358849,2.424219325184822,8.900326877832413,0.7333907708525658,2.5616801977157593,0.2853909619152546,2.287343055009842,0.9570004642009735,1.2641792222857475,0.3647560626268387,0.4440042972564697,0.7765687070786953,5.794195264577866,14.45170059800148,5.02935129404068,3.938508659601212,2.0397113263607025,0.6447292156517506,0.4407295882701874,0.3902129530906677,0.0,0.483347587287426,0.0,0.0,0.39429329335689545,0.5518598612397909,0.0,1.0182541832327843,0.720135010778904,0.0,0.8686682879924774,0.37960606813430786,2.4957734644412994,0.8320329710841179,0.5377908796072006,0.9562654048204422,1.6970329284667969,1.5760840401053429,0.849572442471981,0.1924881935119629,0.8132433891296387,0.9944372177124023,27.931344389915466,1.020711064338684,1.5995665788650513,1.8148685991764069,0.4725585039705038,1.1601237952709198,0.16232991218566895,0.4111761748790741,13.915114402770996,0.0,0.9505611956119537,0.6815777868032455,2.379309283569455,0.20650616288185125,4.295285865664482,22.045550480484962,4.191948562860489,1.9711904525756836,1.6761721670627594,0.09430934488773346,3.231332451105118,0.4724738746881485,0.5047378242015839,0.5023785829544067,0.44371524453163147,0.0,0.9049584791064262,1.7726666927337646,2.4235201627016068,0.9617606401443481,0.538633406162262,19.153415948152542,0.0447310209274292,0.45153868198394775,0.8455603122711182,0.5005623698234558,0.20661677420139313,0.358651340007782,1.0483302175998688,7.375404328107834,0.7874715924263,0.048374712467193604,10.834745317697525,2.6009747087955475,2.1127854883670807,4.133627414703369,1.8587857484817505,0.34886109083890915,2.3903321027755737,4.770545661449432,0.44206850230693817,0.4735414534807205,2.7137274742126465,1.0811327695846558,3.8486620411276817,0.0,52.368602111935616,42.22697064280509,7.3233810514211655,0.024069976061582565,3.820174939930439,2.9669253528118134,0.46877530217170715,3.9669666290283203,0.0,0.0,8.328863024711609,3.5872626304626465,8.507798463106155,0.0,5.049817748367786,0.3661041334271431,4.41869992017746,2.5813078209757805,1.5204858183860779,0.7925268933176994,0.0,1.4442751184105873,0.0,19.80325010418892,0.0,16.058551788330078,4.749201390892267,0.0,20.945466205477715,6.201245337724686,0.7182673290371895,1.078946202993393,7.317623719573022,0.0,2.9264167100191116,4.775524362921715,10.439806938171387,4.917370565235615,2.5041166841983795,7.1170099675655365,5.81958532333374,19.564068540930748,4.946625865995884,2.2299033403396606,9.017242908477783,2.680713415145874,4.21503210067749
TEST_07+7일,3.2498854398727417,16.695647187530994,7.703876733779907,4.524421215057373,0.5890195965766907,0.8523567467927933,2.890871644020082,0.34641772508621216,0.6248673796653748,0.0885697603225708,0.10891880840063095,0.729889914393425,0.4121615141630173,0.2957480698823929,1.3183490931987762,0.12300670146942139,7.849668502807617,1.3385837078094482,0.6275581866502762,22.988334506750103,2.94025157392025,0.213229700922966,0.05421361327171326,0.42749045602977276,3.5090709924697876,13.792450726032257,4.726169586181641,50.59386107325554,3.456438422203064,3.3018770813941956,0.0,2.6492863297462463,0.4352544769644737,1.045041024684906,0.2799481526017189,2.1563363075256348,30.17472928762436,0.8088861107826233,0.3479848802089691,25.719232082366943,3.042585074901581,0.0,0.0,0.6824428606778383,0.4620099924504757,3.167870596051216,0.3810516744852066,2.189549446105957,0.0,3.8810864686965942,7.9409763514995575,0.8078422360122204,2.4417291283607483,0.42346256598830223,4.017504930496216,1.0257500410079956,1.033193662762642,0.4579728692770004,1.4470236003398895,1.1635842025279999,11.078504800796509,8.416732996702194,7.262415423989296,5.092934176325798,1.7875521630048752,0.9774962812662125,0.26378586888313293,0.46054142713546753,1.11305071413517,0.6825117766857147,0.0,0.26915669441223145,0.3371412307024002,0.5808308869600296,1.136050745844841,0.9912211373448372,0.532710961997509,0.0,0.893785685300827,0.8493869304656982,2.849022775888443,0.722176730632782,0.6705862283706665,0.9404033794999123,1.4794517755508423,1.4631564170122147,0.5351385697722435,0.3403572142124176,0.6649232693016529,2.4181734323501587,11.946606770157814,1.1262032762169838,2.0338146686553955,5.404900908470154,0.9559028968214989,1.432589739561081,0.19817689061164856,0.4141637086868286,10.01994800567627,3.3832685351371765,1.4297536611557007,0.6852137595415115,4.5152707025408745,0.13415402173995977,19.932967633008957,11.113687172532082,10.314117729663849,3.4985601902008057,1.4854406714439392,0.19178114086389542,2.8007464483380318,0.8633589744567871,1.1483621299266815,0.6996603012084961,0.8295639753341675,0.0,0.9946606010198593,1.4854737967252731,1.7363073378801346,1.3575208187103271,0.11121635138988495,27.74238619208336,0.1939745843410492,0.35657739639282227,0.2208082377910614,0.34740179777145386,0.09728659689426422,0.2994478940963745,0.7084168195724487,6.669232651591301,0.2748047709465027,0.0013987421989440918,10.578732937574387,1.9399498999118805,1.6057321429252625,3.588386058807373,2.6109901070594788,2.8390740752220154,1.786525011062622,1.1898249387741089,0.31851551681756973,0.7196802198886871,1.2193434834480286,1.4717397689819336,3.714193895459175,0.0,59.579103372991085,75.59095740318298,7.839670166373253,0.0,3.8318090587854385,3.3296125382184982,0.2743893787264824,3.674877166748047,0.0,0.0,6.802741020917892,4.4089701026678085,9.083522390574217,0.0,6.00653562694788,0.13978225737810135,4.702601373195648,2.4796553403139114,2.6339951679110527,0.0,0.0,1.591522991657257,8.052648536860945,20.14857843518257,0.0,20.04055881500244,6.643345478922129,0.0,23.3420966938138,4.442382164299488,0.37293368577957153,1.994092345237732,10.27334610372782,2.0009906589984894,6.563563421368599,5.085005313158035,9.622867584228516,4.77243459969759,3.4235564321279526,10.399523451924324,6.872143968939781,32.41115026175976,3.1304465979337692,3.7556746602058415,10.876053094863892,2.22041192650795,9.555714711546898
TEST_08+1일,2.6932708770036697,9.817116469144821,6.939051926136017,7.874651789665222,0.9101417660713196,0.0,2.764336168766023,0.2879367470741272,2.098240114748478,0.17610801756381989,0.44616736471652985,0.4649064838886261,0.44528692960739136,0.43187257647514343,0.9068532586097717,0.017936304211616516,21.61922264099121,0.285607285797596,0.8355514258146286,13.161378800868986,2.9106087386608124,0.5956849977374077,0.04738958179950714,1.1524792034178972,0.0,2.8498982079327106,6.756620764732361,0.0,12.947551012039185,4.054100513458252,2.591239906847477,3.393358826637268,1.4956908151507378,0.7226746492087841,0.0,4.717756807804108,27.28487378358841,0.0,1.8533885478973389,38.728885650634766,11.890416115522385,0.5162444710731506,2.3558908700942993,1.0051137581467628,0.25297797471284866,3.481520712375641,0.0,4.198877453804016,0.32012107223272324,2.9644574001431465,16.313855469226837,1.1246091946959496,3.43421271443367,0.5809289216995239,3.9935667514801025,0.7662019729614258,1.3601621314883232,0.0,0.9781074821949005,0.5930789113044739,12.929118752479553,7.060697972774506,20.422394454479218,11.153257608413698,15.88047981262207,1.5029447376728058,1.0314934328198433,0.8803948760032654,1.1674732267856598,0.5493593961000443,2.251458168029785,1.0742195881903172,0.6035112589597702,0.2240192536264658,2.0189492404460907,1.4705707803368568,0.477069653570652,0.39351144433021545,1.3753362596035004,1.5777111053466797,1.098597303032875,0.7950167432427406,1.2826228141784668,1.0520729050040245,1.0634753108024597,1.8376705646514893,2.143629938364029,3.1873247623443604,2.8464721739292145,7.9577115178108215,6.270911425352097,0.6819813027977943,1.8397403955459595,4.0285449847579,0.6400140561163425,0.8645440638065338,0.32103651762008667,0.5871403813362122,14.939279556274414,6.0680995881557465,0.0,1.1602051258087158,6.5099438559263945,0.17658504843711859,199.5536768436432,2.594964474439621,44.421578764915466,2.582736015319824,0.52603779733181,0.5484695546329021,3.7693027406930923,0.13313941657543182,0.7875512838363647,0.21634608507156372,0.5771827697753906,0.6143982857465744,2.926754057407379,0.669337086379528,1.5149232372641563,0.7763035893440247,0.22218100726604462,20.70597168803215,0.0,0.0,0.22154654562473297,0.3630366921424866,0.0,0.15268470346927643,0.15420332551002502,0.9506716132164001,0.5521863102912903,0.04460728168487549,13.01157921552658,0.6272714287042618,1.367295689880848,1.374044418334961,0.34704990684986115,0.15819065645337105,0.18810700625181198,1.3953477144241333,0.002776622772216797,0.17012319713830948,0.9316891729831696,0.0,4.478490203619003,0.0,0.0,50.53746446967124,9.583710685372353,0.0,7.487593583762646,1.1060312017798424,0.118889719247818,13.412423133850098,0.0,1.5652154088020325,13.914047181606291,5.060022808611393,11.82793015614152,0.0,8.12210887670517,0.49017228931188583,7.730375349521637,2.6110389456152916,6.970339983701706,2.207792580127716,0.0,2.314111813902855,0.0,8.23100446164608,0.0,14.16811466217041,5.2102502547204494,2.605731301009655,17.252109419554472,12.376998595893383,1.2653332576155663,2.616140380501747,0.0,1.1822865903377533,24.436822071671486,17.795518413186073,37.70368766784668,8.37085235118866,21.142762050032616,23.810124196112156,5.2348533272743225,101.14248029887676,59.886614978313446,80.1730620265007,132.66868019104004,17.862488865852356,66.19518554210663
TEST_08+2일,2.690423846244812,29.463543131947517,1.9097102284431458,2.2696394324302673,0.10987204313278198,7.666496098041534,5.841903358697892,0.4746270179748535,2.068115785717964,0.022016525268554688,0.5238481052219868,0.0,0.4086833596229553,0.36254605650901794,0.09812848269939423,0.004323124885559082,48.980403900146484,0.2253093384206295,0.5618639141321182,25.387658715248104,19.19047462940216,0.8707032576203346,0.8776077032089233,0.7654896816238761,1.6216271966695786,4.436524026095867,0.0,15.784801773726942,10.921751976013184,2.4281340688467026,2.4876218885183334,1.3820772171020508,0.8703628927469254,1.1371451914310455,0.5062871426343918,2.494378387928009,13.331647843122482,0.0,1.747092492878437,13.339702129364014,7.899056106805801,0.5173403024673462,1.8679643049836159,1.05749636515975,1.0223147049546242,1.8330707103013992,0.0,4.927297949790955,0.17625973094254732,2.9469594955444336,10.932238280773163,1.1001325957477093,2.544135868549347,0.5041781142354012,2.4343026280403137,0.6323183476924896,1.1143787018954754,0.28746381029486656,1.1399109363555908,0.5768420994281769,5.531116157770157,7.065739184617996,14.593722999095917,7.725425064563752,12.11542010307312,0.0,1.116650551557541,1.233963966369629,1.6606823205947876,0.3004835918545723,2.2366011142730713,0.7817663252353668,0.8784996718168259,0.20268593542277813,1.4414532110095024,1.7134445384144783,0.4146445356309414,0.7031020671129227,1.0468021631240845,1.5673645734786987,0.7649677954614162,1.1245346367359161,1.388116478919983,1.0861464589834213,0.9549844264984131,1.1152251660823822,2.580447643995285,0.8135620951652527,4.158976823091507,2.0522549152374268,11.841990046203136,0.9134434312582016,0.8099316358566284,1.465860903263092,0.8202285394072533,1.192762479186058,0.22100578248500824,1.2774643898010254,16.43608856201172,4.799948543310165,0.5600904710590839,0.8483986631035805,6.271502384915948,0.05093741416931158,29.215548381209373,23.45269623398781,18.340925484895706,1.0765564441680908,0.9088992178440094,0.38575953245162964,2.306400239467621,0.12441419064998627,0.5773615390062332,0.2626410722732544,0.1674247607588768,1.7186429500579834,1.8825407177209854,0.4273282364010811,0.7304032035171986,0.2168915569782257,0.1931881457567215,15.138049066066742,0.46909552812576294,0.12774384021759033,0.23045358061790466,0.8552275896072388,0.0008423030376434326,0.7346269488334656,0.5424374341964722,0.46580855548381805,0.8234273195266724,0.09048524498939514,1.2404829263687134,0.28701236844062805,0.44145840406417847,0.6321789026260376,0.29109396040439606,0.0,0.030379638075828552,0.3442935645580292,0.022962570190429688,0.22377555817365646,0.5564019978046417,0.013416707515716553,3.790182039141655,0.0,95.15903429687023,102.32714682817459,9.582788944244385,0.47851379960775375,6.805169798433781,1.4339975640177727,0.23512700200080872,15.291601657867432,1.3275526463985443,3.294672816991806,12.706533417105675,3.947245329618454,0.0,0.0,6.640559360384941,0.6859335005283356,5.936749219894409,2.4864007607102394,5.768048979341984,2.0400848127901554,0.0,0.7428256422281265,0.0,13.73100885003805,0.0,10.80849838256836,5.807272229343653,1.2122578024864197,12.689479123800993,12.029969550669193,1.7289382442831993,1.8991917073726654,1.6796910464763644,0.0,12.523851431906223,4.489618316292763,11.695687294006348,9.135334521532059,22.58500112593174,20.899070270359516,4.947470277547836,24.14187729358673,39.27897937595844,62.39163890480996,83.0097451210022,22.722130179405212,45.251319646835334
TEST_08+3일,1.653972014784813,35.12496095895767,3.251494884490967,1.803638517856598,0.22849354147911072,1.081779882311821,9.058354556560518,0.4584369361400604,2.662870019674301,0.13598214089870453,0.39181726053357124,0.0,0.28624802827835083,0.3953603506088257,0.17858442664146423,0.03974743187427521,1.753066062927246,0.025515802204608917,0.4414515048265457,30.077845484018322,11.925666749477386,0.8431385643780231,0.7950886487960815,0.584011847153306,1.929095283150673,6.403863988816738,0.00841328501701355,110.27775347232819,8.172107100486755,2.2303079292178154,2.6352667957544327,1.3624480962753296,1.4370872527360916,0.85806043446064,0.0929802656173706,1.5498848259449005,12.9206682741642,0.0,2.4677565693855286,13.405491948127747,8.085255339741707,0.7582711428403854,2.3066094517707825,0.3894025720655918,0.9237251877784729,1.1549847200512886,0.24727152660489082,4.329874575138092,0.1820456013083458,3.5657075196504593,9.172304630279541,0.6201614923775196,2.245160222053528,0.4804370775818825,2.092087894678116,0.880110114812851,1.2312365546822548,0.2573069930076599,1.1290698498487473,0.4559716284275055,4.552721127867699,5.6255169957876205,9.472053736448288,7.640101850032807,9.978767037391663,0.0,0.5153909884393215,0.5089915990829468,2.021951675415039,0.4289966821670532,3.265540897846222,0.7368450984358788,1.0755937546491623,0.9656024873256683,4.420863389968872,1.338332511484623,0.43320363387465477,1.4771703779697418,0.5522534400224686,2.1272109746932983,0.30182698741555214,1.0999303311109543,1.5833684802055359,1.043754480779171,0.4956776797771454,1.2179619520902634,2.627067059278488,1.5080825686454773,3.4176042675971985,4.192242234945297,8.392881408333778,0.9772354960441589,1.1839194297790527,1.8476787209510803,0.33454523980617523,1.1865425109863281,0.2902946472167969,0.7171823978424072,17.476890563964844,4.629835724830627,0.12857859581708908,0.35376811027526855,6.822241758927703,0.13617551326751715,5.574950814247131,11.828111499547958,9.887317657470703,0.7332072257995605,1.7570183873176575,0.38574478030204773,1.400463655591011,0.1386357843875885,0.5061340928077698,0.6839865446090698,0.04948246479034424,1.782807469367981,1.146062046289444,0.7171617597341537,1.1252001374959946,0.3878505229949951,0.2860449105501175,18.187514692544937,0.765308141708374,0.226240873336792,0.33556079864501953,0.3884506821632385,0.008365154266357422,0.7051552534103394,0.8939595222473145,1.4190807491540909,0.15727853775024414,0.6233083009719849,5.898889899253845,0.0,0.492761954665184,0.46749353408813477,0.20219020545482635,0.0,0.31294727325439453,0.0,0.39565980434417725,0.24768293648958206,0.958041250705719,0.5799424052238464,3.174333393573761,0.0,154.42285805940628,172.8110235929489,8.473332837224007,1.2878797240555286,7.384575963020325,0.4948468506336212,0.24533535540103912,12.817996978759766,0.04525892436504364,2.5217111855745316,13.153214409947395,2.250223606824875,13.874816112220287,0.0,5.310381054878235,0.4642423540353775,5.6724415719509125,2.494225725531578,6.245830535888672,1.7679397389292717,0.13290724530816078,1.9333475083112717,1.816884174942971,22.468520119786263,0.0,5.785726547241211,4.782380886375904,1.4324395805597305,12.446849379688501,8.460584849119186,1.9376014173030853,1.0556829571723938,0.0,0.0,28.711886137723923,1.9890040159225464,23.533613204956055,8.342297732830048,20.95238907635212,25.14125431329012,5.9645140916109085,105.79920411109924,36.615175008773804,52.29642015695572,68.17496252059937,20.758650541305542,53.45749664306641
TEST_08+4일,1.5942282378673553,80.82787191867828,2.087602525949478,1.8146964311599731,0.21394789218902588,3.333259344100952,16.242774814367298,0.33859628438949585,3.067471832036972,0.3608350455760956,0.09453780949115753,0.07378028333187103,0.32584959268569946,0.34576277434825897,0.47895146906375885,0.1396504044532776,38.4008846282959,0.14521021395921707,0.3482552021741867,40.39855349063873,16.322047352790833,1.0592110231518745,0.2432141751050949,0.9450155608355999,0.0,8.241471648216248,4.938539162278175,44.76337489485741,7.452371001243591,5.58017686009407,3.852346658706665,2.0164185762405396,1.5123620331287384,0.9730547517538071,0.0,1.1457011848688126,16.619243681430817,0.05206489562988281,2.276872470974922,17.10607123374939,9.773061484098434,1.6725045442581177,2.767487093806267,0.9224401079118252,0.5172548666596413,0.7821088582277298,0.30326511710882187,2.647126704454422,0.0,4.481176435947418,11.193259835243225,0.6631523165851831,3.4511119723320007,0.4126781076192856,1.604090005159378,0.670734241604805,1.376508042216301,0.519962515681982,1.3540228307247162,0.6153155155479908,6.711827337741852,4.724686034023762,5.549257069826126,12.02313368022442,5.627237632870674,0.36109959334135056,0.44867999106645584,0.7076464295387268,1.7812672555446625,0.33819012343883514,2.657749652862549,0.6670280359685421,1.2185049057006836,1.5705032497644424,4.9539171159267426,1.4757536128163338,0.3740994818508625,1.2694487571716309,1.252370223402977,2.475280523300171,0.6469782367348671,1.0298609733581543,1.6007599234580994,0.9304581955075264,0.7403991222381592,1.374853476881981,3.2204185128211975,2.1186659932136536,0.8867708891630173,4.79817259311676,9.802847497165203,1.7790054827928543,0.009627342224121094,1.0897158831357956,0.5995352454483509,3.1284528970718384,0.4390079081058502,0.4519199728965759,18.686891555786133,4.328744947910309,0.0,0.25086986273527145,6.677222121506929,0.0,9.800558596849442,15.765355095267294,26.561333656311035,0.6548826694488525,2.3735465109348297,0.5192403011023998,0.6821909919381142,0.5723170191049576,0.5911792516708374,1.0633020401000977,0.26544123888015747,1.0472944378852844,1.5832547396421432,1.0592597126960754,1.40055500715971,0.9316738843917847,0.23273751139640808,8.696882456541061,0.38994553685188293,0.14846563339233398,0.43456608057022095,0.39479130506515503,0.35542386770248413,0.7713965177536011,1.311000108718872,1.5826033726334572,0.04413685202598572,0.8885520100593567,6.637647747993469,0.8178546875715256,0.781055673956871,0.3911246061325073,0.17648451030254364,0.1216316744685173,0.767826721072197,0.0,0.8949623107910156,0.0,0.9928243160247803,0.6156554222106934,3.7106693610548973,0.0,376.9590328335762,311.6801452636719,8.68875190615654,0.9178289249539375,7.8917117565870285,0.8796952664852142,0.22344785928726196,11.27730417251587,0.0,3.762977622449398,16.221169620752335,2.695874869823456,11.899291165173054,0.0,5.356637351214886,0.17361348867416382,5.566398561000824,2.4804722741246223,6.267520420253277,1.4246459752321243,0.0,2.860284298658371,2.591617897152901,20.365439392626286,1.4749951511621475,7.426505088806152,6.527178067713976,1.3479448109865189,17.002639897167683,5.379107519984245,1.3602498173713684,2.080078601837158,3.90685485303402,1.6715073585510254,37.35524022579193,8.559231720864773,27.227279663085938,14.343573540449142,30.620463639497757,28.29613111168146,8.149948865175247,87.50143229961395,40.12873291969299,61.058000862598426,79.10563135147095,16.780941903591156,73.93522554636002
TEST_08+5일,1.6471860259771347,91.12487152218819,0.31000658869743347,0.6827247589826584,0.058639347553253174,0.6418368108570576,21.690585851669315,0.5443471968173981,3.503249913454056,0.21496208012104034,0.0,0.5198324471712112,0.4340266138315201,0.3655306249856949,1.535172164440155,0.03472864627838135,124.67695999145508,0.3837120793759823,0.28759992867708206,53.615846872329705,18.054787933826447,0.9001999050378799,0.41874879598617554,0.8104308675974607,0.0,6.248759105801582,0.0,21.589984983205795,9.36832857131958,10.993574678897858,3.528976909816265,2.5559223890304565,2.3248196095228195,0.7776960805058479,0.1633160188794136,1.3448143005371094,6.9898271560668945,0.0,1.1490468308329582,20.80088585615158,20.408291682600975,2.494104653596878,4.136582911014557,0.883836142718792,0.6032928042113781,1.1866937950253487,0.09186429902911186,1.960223838686943,0.1641515325754881,6.802016332745552,14.48709723353386,0.7599634006619453,4.540919780731201,0.4112953618168831,1.834619164466858,1.0962976813316345,2.177795432507992,1.295200765132904,1.4138753861188889,0.8249853253364563,8.134228110313416,4.246700964868069,5.4308836460113525,17.88084003329277,2.694762423634529,0.4988282434642315,0.36614949256181717,0.8847043514251709,3.241166979074478,0.28750356286764145,1.938168704509735,1.4621205627918243,1.2279516458511353,1.6640396565198898,3.2791290432214737,1.4050923585891724,0.5443469993770123,1.2680291533470154,0.4326970800757408,4.592049837112427,0.6212360113859177,0.7355850264430046,1.4261388778686523,1.2435000389814377,1.1643218994140625,0.6403295248746872,2.8049710988998413,0.2388322949409485,0.7869548946619034,3.855417788028717,13.098137684166431,1.9884743690490723,0.2760202884674072,2.4079781770706177,1.077639862895012,5.22161066532135,0.34366801381111145,0.15562236309051514,14.842528343200684,3.538894757628441,1.136174350976944,0.5656589642167091,7.54862142726779,0.10857477784156805,0.0,18.297049209475517,24.7028728723526,1.8574485778808594,2.0180006623268127,0.5383248701691628,1.6585081815719604,0.8965302258729935,0.6808242201805115,1.2214666604995728,0.22988677024841309,0.5270808935165405,1.214877337217331,1.7213519513607025,2.6374335438013077,0.774724006652832,0.40691664814949036,84.33408296108246,0.2495345175266266,0.5396387577056885,0.44268786907196045,1.2206470966339111,0.7847368717193604,0.83437180519104,1.2903198301792145,3.5041371807456017,0.7194510102272034,1.1719261407852173,23.439542949199677,1.1621719598770142,0.6037489324808121,0.0,0.3321331739425659,0.10132100433111191,1.3108439594507217,0.0,0.4145142138004303,0.0,1.1220837235450745,1.3892366886138916,6.507054045796394,0.14139550924301147,72.54365426301956,271.0542154312134,9.46403083205223,0.9955376498401165,9.723471090197563,1.5939738601446152,0.31523647159338,12.755906105041504,0.37781093269586563,5.87253350764513,17.823811024427414,3.379983603954315,20.018261298537254,0.0,6.263607554137707,0.49270378053188324,5.728464245796204,3.201609335839748,5.266389258205891,1.5300182774662971,0.056882914155721664,3.8034644722938538,3.335187703371049,22.505017653107643,0.338597908616066,8.746975898742676,4.760115969926119,2.130218155682087,13.83415199816227,9.140541516244411,1.2646697387099266,2.372737169265747,4.5049442797899255,0.2313956618309021,49.73921102285385,17.661510780453682,33.30392074584961,18.549814447760582,40.36488914489746,30.77718049287796,14.802698716521263,108.45692247152328,38.534000515937805,91.3350539803505,73.2742600440979,15.259893000125885,94.8167286515236
TEST_08+6일,3.4609104990959167,2.8585241585969925,7.453706800937653,0.8605108857154846,0.0,0.03057882934808731,24.508875191211704,0.3005809783935547,1.7360509783029556,0.02870127558708191,0.7248617894947529,0.5283816754817963,0.4846886694431305,0.4776356816291809,1.474720984697342,0.02312570810317993,37.67297172546387,0.6724898368120193,0.05592244863510132,84.84525167942047,15.885043412446976,1.4798579290509224,0.3820200115442276,0.6385223446413875,0.0,3.87746337801218,4.173323571681976,40.9367762953043,11.053764343261719,10.204438209533691,2.881905511021614,5.518717288970947,1.8116824626922607,1.035155065357685,0.036513060331344604,1.413428634405136,21.387330532073975,0.0,0.271650105714798,30.668691039085388,26.26281040906906,2.3869216442108154,4.374827370047569,1.2778437621891499,0.31666238978505135,2.2615867108106613,0.11128107085824013,0.3220520466566086,0.37735567428171635,10.561804413795471,18.602092385292053,0.8849397227168083,6.000053286552429,0.6578148454427719,3.694701075553894,0.8601838946342468,2.443347930908203,1.207731619477272,1.491086795926094,0.567256398499012,14.182430744171143,6.016911640763283,6.1016431003808975,16.75143626332283,4.897471591830254,0.49380091577768326,0.5765456557273865,0.2774308919906616,4.118771910667419,0.48328205943107605,4.014783799648285,1.9582945853471756,1.2079836428165436,1.6397929564118385,5.719215273857117,0.8637132793664932,0.836244709789753,2.272158622741699,0.5009755641222,3.3897006511688232,0.8314433917403221,1.1383163630962372,1.070239096879959,1.0462897270917892,1.3151608407497406,0.15712863951921463,1.315900757908821,0.3477290868759155,2.5405666828155518,5.904932022094727,27.250416547060013,2.168221116065979,1.040842056274414,8.369136080145836,0.6104509457945824,1.4941486716270447,0.3644760251045227,0.25049811601638794,23.39112091064453,6.2648307383060455,4.28562605381012,0.6197121664881706,4.01893675327301,0.1783775687217713,0.0,25.283603370189667,23.35035252571106,4.936481952667236,1.817568302154541,3.1281585693359375,1.8573898822069168,1.601678729057312,1.2739956378936768,1.1329567432403564,0.2620954290032387,0.6887917220592499,0.9657522886991501,1.9333394169807434,3.3600999116897583,0.9625860452651978,0.2844344973564148,56.20023906230927,0.0990939736366272,0.8355374336242676,0.39875203371047974,0.7687535285949707,0.5287331342697144,0.3249269127845764,0.5635930448770523,3.8130567967891693,0.5279595851898193,0.5251158475875854,23.669327795505524,3.6779563426971436,4.32526895403862,3.7499256134033203,2.2789712250232697,1.3171507865190506,1.9293129444122314,7.885954529047012,3.9745116233825684,0.9545338153839111,4.545896530151367,2.504086971282959,5.6032857075333595,0.02214731276035309,197.48939114809036,105.95475256443024,10.287771821022034,2.2688231393694878,10.002854019403458,2.0388828217983246,0.3729633763432503,9.609512329101562,0.07355958223342896,4.954485893249512,17.106621503829956,4.668325558304787,16.176559701561928,0.0,8.665238209068775,0.9781039208173752,6.4538127183914185,3.0529973655939098,7.688370488584042,1.7686037309467793,0.6336187720298767,6.092710793018341,4.057213224470616,24.30477985739708,2.077434651553631,13.308175086975098,4.576056852936745,2.376107007265091,17.080399617552757,14.842718459665775,0.9856726601719856,2.235450118780136,4.667291283607484,0.6344142556190491,63.723794639110565,27.549724280834198,48.49398994445801,18.348175272345543,50.10312730073929,32.93575279414654,23.487200438976288,210.92151999473572,44.63439300656319,87.33917313814163,99.9362907409668,16.25509661436081,92.31737315654756
TEST_08+7일,5.746707424521446,3.517428047955036,12.710686206817627,3.4210222363471985,1.0665395259857178,0.573055773973465,12.43468400835991,0.34641772508621216,1.3527039885520935,0.0,2.591484636068344,0.738157331943512,0.454371839761734,0.2957480698823929,1.3183490931987762,0.12300670146942139,7.908865928649902,0.9581749886274338,0.0,43.35508060455322,8.870851323008537,1.069810688495636,0.1979484111070633,0.4302061703056097,1.4524444043636322,6.19004275649786,1.3786312490701675,17.894937857985497,11.7986478805542,5.885410636663437,2.9923440143465996,4.2758095264434814,1.6019406393170357,1.4441295713186264,0.3001296892762184,3.1913888454437256,42.376636028289795,0.23162484169006348,0.7414839416742325,44.477081537246704,22.774148747324944,2.285003364086151,4.109208285808563,0.6725402865558863,0.4010012075304985,3.522808998823166,0.4340813308954239,0.703651636838913,0.1204636450856924,7.315122365951538,19.817930102348328,1.1932895705103874,6.447531044483185,0.7697982117533684,6.600794076919556,0.8494663238525391,1.9402253031730652,1.8113119006156921,1.5425417572259903,0.31162869930267334,19.347836315631866,8.058195412158966,11.473156780004501,14.300049841403963,8.631530329585075,1.1417120471596718,0.4806859865784645,0.3986762762069702,2.6363169699907303,0.6824855506420135,3.3133819699287415,2.151736803352833,1.32877916097641,1.5063909441232681,6.849035918712616,0.7858420461416245,0.6741274148225784,2.3081669211387634,0.5140031278133392,3.7123475074768066,1.006835900247097,1.384849190711975,1.0986534506082535,0.796531867235899,1.2309080064296722,0.780530296266079,0.8443274796009064,0.3960524797439575,1.7049373984336853,6.939567446708679,13.01093040406704,2.0945796966552734,3.092683792114258,13.770928084850311,1.0152635425329208,0.31822320073843,0.2968132197856903,0.2723568081855774,15.760984420776367,9.201940894126892,3.45313623547554,0.8138226047158241,6.546987788751721,0.15709763765335089,131.5982265472412,0.0,34.65947234630585,4.295126914978027,1.4300743788480759,2.9253801107406616,2.975468523800373,0.799153596162796,1.5763773322105408,0.943396270275116,0.3202587962150574,0.6852182596921921,1.7535443007946014,2.0392194390296936,2.8411441445350647,2.0174756050109863,0.13048863410949707,44.91870903968812,0.0,0.29867875576019287,0.3917529284954071,0.0,0.0,0.0,0.05160972476005554,2.1381894275546074,0.0634121298789978,0.0,21.817082166671753,6.234949111938477,5.548021197319031,6.018745422363281,2.7567696571350098,1.5155899077653885,3.4740400314331055,11.749942600727081,1.8201693892478943,1.376148372888565,5.895095586776733,3.2797815799713135,5.76285508275032,0.3259143978357315,105.53941801190376,56.44790574908256,10.380901381373405,1.1150593981146812,9.920869767665863,2.3942233622074127,0.23880712687969208,12.283054828643799,0.8418180048465729,3.5811895355582237,15.22382317483425,5.840690769255161,12.1449775993824,0.012774109840393066,10.254407115280628,0.7161140143871307,8.27146202325821,3.2100218832492824,8.221623681485653,0.2358655259013176,0.2555001229047775,6.931332498788834,11.947933144867422,24.19886351376772,0.7938594371080399,21.491212844848633,6.5950409062206745,2.1842429861426353,19.754513055086136,13.203757219016552,0.9650828391313553,3.3434318900108337,6.467556715011598,3.190208077430725,68.17187717556953,22.4432435631752,60.43239212036133,12.531049229204655,42.189130663871765,33.030003041028976,21.38692170381546,223.5165499150753,46.97310470044613,71.0228676199913,86.29850149154663,20.111892700195312,61.93129706382752
TEST_09+1일,2.9944707602262497,7.303876765072346,4.665114715695381,4.276273250579834,0.9011338949203491,1.436366155743599,0.0,0.6810678243637085,1.6115210130810738,0.10405245423316956,0.5978172272443771,0.4728655368089676,1.1145625412464142,0.49388355016708374,19.363726302981377,3.50982666015625,0.0,0.1957794725894928,2.5125104784965515,5.970714926719665,6.624182790517807,0.6704324074089527,0.20388230681419373,1.15129385702312,12.457406342029572,3.6969375796616073,3.8613445311784744,3.5524443238973618,5.418890297412872,5.031035453081131,2.2952158451080322,5.820754766464233,1.723117470741272,1.0569418147206306,0.0,1.3712750375270844,40.33029878139496,0.0,1.8719161301851273,16.410316824913025,15.094602420926094,4.424381852149963,2.740895301103592,1.3878342732787132,0.6882065460085869,1.8199022933840752,0.2783295698463917,3.329956829547882,0.16161473654210567,1.6954162046313286,40.90674960613251,1.07870352268219,6.465078055858612,0.3571625165641308,5.957542419433594,1.5850392580032349,1.5555431097745895,0.19010577723383904,0.6883566230535507,0.7601374536752701,8.434500187635422,15.190564692020416,19.54010358452797,9.305884718894958,5.778494775295258,1.6881763339042664,1.0073647499084473,1.621939778327942,1.0827401131391525,0.5502129718661308,0.47078944742679596,1.8831247463822365,0.9133006632328033,0.16749330796301365,2.3629727214574814,1.3450562730431557,0.5983110889792442,1.2607336342334747,0.7948166728019714,2.3596075773239136,0.11627103760838509,0.3491499200463295,0.7138197869062424,1.201067492365837,1.4220418632030487,0.3185571953654289,3.765048533678055,1.0267712473869324,2.064662665128708,0.6227731108665466,5.854653045535088,6.3297887444496155,5.986522674560547,4.3937139213085175,0.5351761505007744,0.5137213319540024,0.638450026512146,0.36331385374069214,15.587449073791504,8.04226490855217,0.0,1.8896856904029846,5.880478685721755,1.3908027410507204,197.39665699005127,5.492046594619751,37.34796667098999,6.544528961181641,10.501118659973145,0.6234185062348843,2.0126622170209885,0.2527260035276413,0.0,0.5272572040557861,0.1218646690249443,2.639255940914154,0.9034633487462997,0.7404827326536179,0.9354040920734406,1.4601829051971436,0.200133815407753,18.793371975421906,0.03881308436393738,0.2476344108581543,0.0,0.10468721389770508,0.09415890276432037,0.11764489114284515,0.0,1.2937481552362442,0.14170658588409424,0.3483431935310364,35.94499230384827,0.49612075090408325,1.2694983631372452,1.695467233657837,0.05351804196834564,0.6717394441366196,0.30959008634090424,7.7033475041389465,1.2679973244667053,0.21450859308242798,0.7141090929508209,1.7071493864059448,8.168799072504044,0.0,15.947534143924713,86.93814843893051,10.579137951135635,0.0,6.28214380890131,1.1060312017798424,0.118889719247818,17.431009769439697,0.0,1.5652154088020325,18.3318303078413,6.558121889829636,0.0,0.0,12.015690132975578,0.8499051034450531,7.7693425714969635,2.6328349336981773,6.403133243322372,2.207792580127716,0.0,8.886315077543259,0.0,6.74604244530201,0.0,16.33958625793457,5.5392272137105465,3.5690016970038414,17.193621437996626,11.683887161314487,0.9851227328181267,3.1282998472452164,0.0,1.4141947031021118,29.23080638051033,12.764244340360165,28.51410484313965,7.657297268509865,13.57044306397438,20.965379767119884,7.547817602753639,120.54488688707352,41.11910328269005,49.26568239927292,182.20434761047363,16.600989282131195,24.68873363733292
TEST_09+2일,6.787130773067474,51.21992897987366,1.6909625083208084,0.17791956663131717,0.3671303987503052,0.27797627076506615,0.0,1.0818688869476318,1.0662824921309948,0.2497474104166031,0.4560448229312897,0.24814961850643158,0.6571241319179535,1.1779877841472626,1.2119145691394806,1.2842752039432526,7.450166702270508,0.34081434458494186,0.8091305941343307,15.30263091623783,0.0,0.7046043202280998,0.46692270040512085,0.7641042284667492,24.121190786361694,3.5441737622022624,0.0,38.83235117793083,5.267608880996704,2.65901842713356,2.0926157981157303,3.303477644920349,0.8193476349115372,1.2333964109420776,0.46289339661598206,1.5759481489658356,17.795315384864807,0.0,1.2197184562683105,3.3684661388397217,11.436194375157356,1.492152065038681,1.750708930194378,1.0008334442973137,0.812919907271862,0.8405148014426231,0.09572561830282211,3.388664811849594,0.026031555607914925,1.3438704386353493,43.87084138393402,0.8447217717766762,5.540463209152222,0.5468063279986382,1.3476520478725433,1.2741156220436096,3.9421496987342834,0.41253814846277237,0.8147170320153236,0.6674289926886559,3.1049203872680664,3.764384798705578,16.43455269932747,6.523307889699937,2.9494911432266235,0.0,0.7909024357795715,0.3483678102493286,1.36544269323349,0.30191026628017426,0.08718930184841156,0.7234463468194008,0.8522364497184753,0.0,1.137983277440071,1.4917056486010551,0.6516830809414387,0.8362922072410583,0.6870407164096832,0.8881879448890686,0.4239532891660929,0.5617863312363625,0.7340748608112335,1.1378084868192673,1.3028361797332764,0.9999166987836361,4.054138869047165,0.6131338477134705,1.2312716096639633,3.5964482128620148,21.70569622516632,5.915036976337433,2.1828246116638184,2.368985190987587,0.9622804336249828,0.7291162014007568,0.2295869141817093,0.5390162467956543,11.808361053466797,1.5074229389429092,0.0,1.7392278909683228,5.346321202814579,1.6753536462783816,13.39543342590332,16.217086598277092,15.319565087556839,4.1871209144592285,16.900859475135803,0.206424780189991,0.7330123335123062,0.1509537547826767,0.0,0.5117008686065674,0.21992453187704086,1.0184190273284912,1.9364368915557861,0.6813542991876602,0.20011011511087418,0.6886880993843079,0.17464706301689148,8.019943729043007,0.08859430253505707,0.16947054862976074,0.0,0.1227143406867981,0.05108429491519928,0.27876120805740356,0.0816292092204094,0.8912450224161148,0.1646493375301361,0.5391703844070435,42.99575984477997,0.09746885299682617,0.6057260483503342,0.12449407577514648,0.0,0.8504355922341347,0.09249436855316162,7.592744380235672,0.5730334371328354,0.011251017451286316,0.2351621389389038,0.7334669828414917,6.835393399000168,0.0,39.12254053354263,104.76239740848541,9.889943942427635,0.47851379960775375,6.624387040734291,1.4339975640177727,0.23512700200080872,18.038403511047363,1.3275526463985443,3.294672816991806,12.719442695379257,4.399772994220257,0.0,0.0,9.764015804976225,0.9553629532456398,6.642573893070221,2.4454064816236496,6.512419112026691,2.0400848127901554,0.0,4.588874951004982,0.0,12.673709727823733,0.0,11.846285820007324,5.916930757462978,1.0406249463558197,14.94145518541336,11.424212895333767,1.5366638079285622,2.3723524510860443,1.647959038615227,0.0,4.9009169191122055,9.001563154160976,9.528688430786133,5.7041285783052444,9.310349836945534,17.66547990590334,6.942763105034828,21.278938353061676,0.0,11.795033030211926,46.58345937728882,0.13979235291481018,14.107825428247454
TEST_09+3일,3.578220024704933,16.27579829469323,2.2913689762353897,0.35026565194129944,0.0,0.06837195158004761,0.0,0.7253997176885605,0.9260317496955395,0.4805200695991516,0.5116583034396172,0.0,0.0961293876171112,1.5662652999162674,3.42932166159153,0.0,0.0,0.4738774597644806,0.3640940487384796,13.49008136987686,0.0,0.4663343131542206,0.4402797371149063,0.5839704293757677,23.20198494195938,2.8953837230801582,0.2202724814414978,36.21967926621437,4.937146544456482,2.3800659626722336,1.869754545390606,2.2788498401641846,0.32760554552078247,1.0110767632722855,0.06793249398469925,1.1735619604587555,11.907492309808731,0.0,1.2088873609900475,6.724350094795227,7.852925822138786,0.9772060811519623,1.3648585602641106,0.18797334656119347,0.524169322103262,0.388718917965889,0.19825998693704605,2.5655281394720078,0.1273778211325407,1.7667455896735191,18.656752347946167,0.5225040875375271,5.51847231388092,0.5113545656204224,0.23589491844177246,1.1240950226783752,4.9448853731155396,0.30235235020518303,0.9993053823709488,0.3116722125560045,1.3433758020401,0.5708247050642967,8.713562801480293,5.865310207009316,2.7167538553476334,0.0,0.3985922187566757,0.6818040013313293,1.6759832948446274,0.429312065243721,0.5089594423770905,0.6986010819673538,0.9245353937149048,0.0,0.16305316239595413,1.2158554047346115,0.7550593838095665,0.14507979154586792,0.5624393373727798,1.2598233819007874,0.6597447283565998,0.9953137189149857,0.9087845683097839,1.1910058557987213,0.9818601608276367,1.4629415273666382,2.346854567527771,0.560415118932724,1.4965336173772812,6.832571625709534,23.996515825390816,2.8508830666542053,2.0908010005950928,1.9268611073493958,0.24398832954466343,1.3734808564186096,0.0,0.45768243074417114,16.245901107788086,0.6081902980804443,0.0,0.6835369542241096,6.152654588222504,0.8491134643554689,1.740175649523735,12.152855187654495,3.754872679710388,2.716597557067871,12.013780951499939,0.48347822204232216,1.1844692751765251,0.36854907870292664,0.0,0.469590425491333,0.664681613445282,0.4571484625339508,1.6108884662389755,0.6421329006552696,0.463121023029089,0.7029569149017334,0.26071983575820923,18.084189742803574,0.0,0.169472336769104,0.12119989097118378,0.013485550880432129,0.3180161118507385,0.4558638334274292,0.4336807429790497,1.21873839199543,0.29561930894851685,0.7903093099594116,37.8262996673584,0.5028231739997864,0.15745723247528076,0.6909706592559814,0.1599639654159546,1.3537851572036743,0.5595698207616806,8.13445970416069,0.06540249288082123,0.0,0.11533766984939575,1.038560152053833,4.565006956458092,0.0,6.958367392420769,89.2859560251236,8.309616833925247,1.2878797240555286,5.8558473363518715,0.4948468506336212,0.24533535540103912,14.071199893951416,0.04525892436504364,2.5217111855745316,8.54565766453743,1.7283212393522263,8.242798391729593,0.0,6.563999876379967,0.7427906058728695,5.484281063079834,2.302380010485649,6.240493610501289,1.7679397389292717,0.13290724530816078,2.157631628215313,1.840292967855931,21.543228775262833,0.0,6.595705032348633,4.88290498405695,0.5378823727369308,11.875170804560184,7.392766401171684,1.7303509265184402,0.6472997665405273,0.0,0.38026124238967896,4.934099331498146,4.159341007471085,11.612096786499023,3.1864488646388054,9.841946616768837,13.5426529571414,5.653940513730049,49.11898039281368,14.76304292678833,45.944885432720184,63.27885913848877,4.087035834789276,2.6870209574699406
TEST_09+4일,0.1528077870607376,20.0091515108943,2.0554475635290146,0.6778247952461243,0.0,0.16775570809841156,6.2270466089248675,0.14166754484176636,1.519358977675438,0.19760170578956604,0.3214229643344879,0.021036073565483093,0.4803740680217743,2.3683158457279205,10.308632858097553,0.0,16.527743339538574,0.5265991687774658,0.18076539784669876,32.13925150036812,2.0905242413282394,0.4802602380514145,0.1443336233496666,0.945356972515583,20.039418876171112,7.802850008010863,4.030384719371796,4.280413568019867,5.670563697814941,2.2834766656160355,0.16529640555381775,2.7630495429039,0.22697772085666656,1.7209281027317047,0.0050036609172821045,1.270459145307541,16.696749716997147,0.04289370775222778,1.230437457561493,9.280799329280853,4.870585836470127,0.950455442070961,1.4162086695432663,0.6772615611553192,0.5403460375964642,0.6249619796872139,0.2895429730415344,2.3419086635112762,0.05515226162970066,2.1817463487386703,7.61436265707016,0.6163664795458317,2.898328810930252,0.38878197222948074,0.63212451338768,0.6873292475938797,4.673748999834061,0.3424585722386837,1.5093358755111694,0.3428889885544777,1.5188323557376862,3.473826125264168,3.414776161313057,7.081345632672311,2.819385901093483,0.0,0.49831319600343704,0.8051872253417969,2.30363492667675,0.33845819532871246,0.8569516241550446,0.7681354880332947,0.9109316021203995,0.0,2.176288068294525,1.3609851747751236,0.5418762378394604,0.0,1.4190734922885895,1.23719921708107,0.9174176417291164,1.0631736069917679,1.0268871486186981,1.2580965086817741,1.0489458739757538,2.2808483242988586,1.6227990686893463,0.8703140616416931,3.0978333950042725,4.993764400482178,11.652942046523094,1.7283182442188263,1.8109067678451538,0.6980696320533752,0.5223554633557796,0.9773661196231842,0.09922510385513306,0.42366889119148254,12.920249938964844,0.0,0.0,0.25942664965987206,5.9254951775074005,0.3666910827159882,10.329960525035858,13.76895260810852,9.143570825457573,1.3287264108657837,4.977843344211578,0.6780983731150627,0.9700996801257133,0.5495432764291763,0.21338805556297302,0.5800369381904602,0.7747770845890045,0.0,1.0804224908351898,0.8453349992632866,0.9288450926542282,0.6739176511764526,0.20441743731498718,7.3956778943538675,0.49425116181373596,0.5200420618057251,0.7724853754043579,0.0,1.0229265689849854,0.5596083998680115,0.8590904474258423,0.7063568457961082,0.3043292462825775,0.85631263256073,35.29217839241028,0.6949854493141174,0.05514140427112579,0.29382753372192383,0.18855683505535126,0.9791019111871719,0.0,8.440880477428436,0.04428201913833618,0.0,0.02454400062561035,0.9036464095115662,3.2951860651373863,0.0,21.001859240233898,160.80587923526764,8.1327553242445,0.9178289249539375,4.9721104726195335,0.8796952664852142,0.22344785928726196,10.864811420440674,0.0,3.762977622449398,5.957922786474228,1.9330839067697525,7.223326452076435,0.0,5.16677413135767,0.3557587340474129,4.976124703884125,2.1104899495840073,4.722176358103752,1.4246459752321243,0.0,1.5896840393543243,3.1905346810817727,19.285284496843815,1.4749951511621475,8.455053329467773,6.646214336156845,0.3914295583963394,13.977686569094658,3.0534364879131317,1.1803415343165398,0.8390052616596222,3.7957869917154317,2.053971290588379,7.911319240927696,7.7716123685240746,14.24563980102539,5.428526148200035,11.973183333873749,12.750104159116745,3.9035213738679886,62.36155912280083,26.318835094571114,83.16932010650635,94.19278717041016,7.79099178314209,8.218767121434212
TEST_09+5일,0.0,99.93594127893448,4.628317177295685,1.216228798031807,0.10164481401443481,0.1337466761469841,12.859461784362795,0.48679184913635254,1.2351555302739143,0.08458864688873291,0.09377840906381607,0.10489962995052338,0.9125795066356659,4.1855743527412415,17.733151987195015,0.0,52.14869499206543,0.8927067220211029,0.8065502420067787,50.422856569290154,9.993027970194817,0.6630596965551376,0.24080074578523636,0.8110016919672489,11.096738338470459,7.245736196637153,0.0,13.095376640558243,5.584289193153381,3.0529903173446655,0.7440490871667862,3.9633679389953613,1.2911851108074188,1.376134991645813,0.17558448016643524,1.234302967786789,3.2340487241744995,0.0,1.1861838027834892,9.415553987026215,12.384812034666538,2.1469268202781677,1.6436251625418663,0.7259709946811199,0.3563821017742157,1.7112070322036743,0.48137038946151733,2.9730262756347656,0.1443030722439289,1.8759231232106686,13.243313312530518,0.8022730126976967,1.4096735715866089,0.06299285218119621,0.4223729521036148,0.5697861760854721,3.8117603808641434,0.720590028911829,1.6290710270404816,0.5881537050008774,3.5948749482631683,1.7843596637248993,2.7910618484020233,9.593301489949226,4.067777842283249,0.5101172439754009,0.5884371623396873,0.0,3.7668547332286835,0.2881864830851555,1.7360299825668335,1.3762880116701126,0.8705364912748337,0.2817315487191081,2.8224577009677887,1.3648841679096222,0.5493198148906231,0.0,0.9018106311559677,1.848315954208374,0.9396795704960823,0.6997396498918533,0.6928300857543945,0.8706220798194408,1.397982805967331,1.9861229285597801,1.8531184792518616,0.9617881178855896,3.6601732075214386,3.8415357768535614,33.47308661043644,1.2040797099471092,2.8744163513183594,2.5413934886455536,1.3871592357754707,0.42159244418144226,0.019354581832885742,0.41643011569976807,10.65469741821289,0.31973764300346375,0.0,0.3321775011718273,6.795507203787565,0.4361348152160645,6.139910623431206,19.478559896349907,4.505775153636932,1.934430718421936,3.7723395824432373,0.9722268134355545,1.9273031502962112,0.5103739351034164,0.02290785312652588,0.6961724758148193,0.14914731681346893,0.0,0.8278864771127701,1.1009846851229668,2.0492933988571167,0.3599427044391632,0.3865679055452347,11.494180798530579,0.7938592433929443,0.47548842430114746,0.4537315368652344,0.19421373307704926,1.140291690826416,0.38621312379837036,1.3131642043590546,1.1030651740729809,0.3802677094936371,0.5877867937088013,16.774387657642365,1.3422955125570297,0.4641161486506462,0.7823575735092163,0.523221343755722,0.3519553132355213,0.0,8.723926544189453,0.29565198719501495,0.24800028651952744,0.0,0.5264648199081421,4.85970439016819,0.14139550924301147,68.8339799568057,171.46983712911606,9.270975977182388,0.9955376498401165,6.110307738184929,1.5939738601446152,0.31523647159338,11.014744758605957,0.37781093269586563,5.87253350764513,8.410707458853722,3.2509228587150574,10.036493875086308,0.0,3.9399464428424835,0.4858773276209831,4.771214693784714,2.6423956230282784,2.822739265859127,1.5300182774662971,0.056882914155721664,0.0,3.8511338904500017,21.38771988451481,0.338597908616066,9.449381828308105,4.949290093034506,0.8529575988650322,9.495529763400555,6.516851969063282,1.1227515190839767,0.9598706960678101,4.677399322390557,0.415603369474411,5.143803089857101,10.596560016274452,8.895861625671387,6.780151434242725,12.697490684688091,8.832792609930038,6.11627459526062,42.126282788813114,14.315787702798843,87.43826502561569,114.92168426513672,15.349143505096436,11.800611697137358
TEST_09+6일,0.3992152661085129,6.033251591026783,12.285773634910583,3.209683656692505,0.3955017030239105,0.396696038544178,16.76826405525208,2.0372518599033356,1.880050115287304,1.3988699913024902,0.5009867437183857,0.6825164258480072,1.1991493105888367,9.873769044876099,31.528703659772873,0.5204088240861893,20.868382930755615,1.5762498825788498,1.4719418585300446,35.80874356627464,8.962659150362015,0.44906075298786163,0.40283507108688354,0.6393982451409101,12.517096608877182,9.281392022967339,8.619941532611847,22.503201887011528,5.670833230018616,5.650499582290649,0.8722527250647545,10.048893928527832,0.7115336582064629,1.701229602098465,0.014758296310901642,1.4340578019618988,4.492911159992218,0.0,2.892516553401947,8.371638596057892,19.03394602239132,2.4631699919700623,1.964578926563263,1.3650179281830788,0.3568723648786545,2.2682822197675705,0.7662954926490784,3.3429741263389587,0.19520706497132778,1.5476574301719666,13.292379230260849,0.9091265462338924,3.5155831575393677,0.2458181194961071,1.1371147334575653,0.4169172942638397,1.7464337721467018,0.5045745484530926,1.402920439839363,0.6303548291325569,7.0562804043293,3.7740085646510124,1.9631924331188202,10.134866163134575,5.442484728991985,0.8726348876953125,0.8485075682401657,0.33995509147644043,4.705212593078613,0.4832499101758003,2.4593091011047363,2.1110491827130318,0.8357188105583191,0.5265939049422741,1.896677166223526,1.3468705862760544,0.7478507235646248,0.010047823190689087,1.103825643658638,3.856226921081543,0.7461633011698723,0.5604817047715187,0.7232000678777695,0.5952504649758339,1.1748618185520172,1.4142223075032234,1.9488379657268524,1.3735934793949127,2.4861591160297394,3.520685851573944,38.484694451093674,2.7184526920318604,4.287311553955078,7.763238325715065,0.9009428881108761,0.5844161659479141,0.006656825542449951,0.3430987000465393,17.674283981323242,1.6650498807430267,0.0,0.45559094101190567,3.811206859536469,0.3732036650180817,2.186669647693634,35.499824941158295,7.952709406614304,4.469254493713379,4.608201622962952,1.776583343744278,2.134276181459427,0.47243867069482803,1.5006476640701294,0.4921623468399048,0.05033603310585022,0.4015386700630188,0.6936442628502846,1.319655030965805,4.751551955938339,0.4841814935207367,0.26650142669677734,2.0913091897964486,0.5352734327316284,0.09474003314971924,0.007421612739562988,0.28636014461517334,0.4352101683616638,0.0358407199382782,0.6321063190698624,1.712385106831789,0.36033397912979126,0.2755110561847687,8.632088452577591,3.754947006702423,1.4765655994415283,4.130031108856201,2.4795468151569366,1.0123693197965622,1.9592048227787018,9.845735132694244,0.6152370125055313,1.1222993731498718,3.870481252670288,3.2740578651428223,4.685935981571674,0.02214731276035309,113.61249768733978,108.34116756916046,10.278350874781609,2.2688231393694878,6.455308720469475,2.0388828217983246,0.3729633763432503,8.988813877105713,0.07355958223342896,4.954485893249512,11.627124533057213,5.329421907663345,8.507702574133873,0.0,7.217259965837002,0.8883348107337952,4.410335540771484,2.5613993033766747,4.512830883264542,1.7686037309467793,0.6336187720298767,3.39687243103981,4.170169614255429,23.412508383393288,2.077434651553631,14.396350860595703,4.861580315977335,0.6343144923448563,13.476309105753899,12.422977015376091,0.8048457279801369,1.388860136270523,5.103356510400773,0.8840543031692505,7.423611402511597,13.359605930745602,15.229033470153809,9.3192920088768,18.457377031445503,8.756784655153751,8.6508908867836,77.97505900263786,25.390821620821953,78.69305089116096,149.4518165588379,23.162464141845703,24.194107323884968
TEST_09+7일,3.5659932494163513,0.0,13.181384325027466,8.851040303707123,3.369091510772705,1.2606119960546494,20.780962824821476,3.640024483203888,0.9037477076053619,1.3408839702606201,0.5944398790597916,1.6132299900054932,2.1342846751213074,8.915810704231262,41.66341978311539,2.433387339115143,0.0,1.1813333630561829,2.402523547410965,3.42461147904396,14.998229339718819,0.259553425014019,0.8427169919013977,0.4274205397814512,9.59483191370964,14.602493494749067,1.89699487388134,11.060845732688904,6.835876166820526,6.058441698551178,0.6833952739834785,13.3470139503479,1.2353244572877884,1.6892020255327225,0.2799481526017189,3.038260340690613,27.074873983860016,0.22988086938858032,4.674863219261169,21.097981929779053,20.17984962463379,1.968090683221817,2.3049110546708107,0.8045515455305576,0.3748767077922821,2.29970683157444,1.1147452145814896,3.9690596163272858,0.05266316793859005,1.241061732172966,16.1821870803833,1.0680621154606342,8.91854077577591,0.42339108511805534,2.070045903325081,0.6176683902740479,1.4087874963879585,0.5313351042568684,1.7056248933076859,0.6871906444430351,11.014069706201553,5.022419281303883,4.987235441803932,10.701436519622803,5.099090561270714,1.8837878704071045,0.7660975009202957,1.7495150566101074,3.368399441242218,0.6826207041740417,3.3344173431396484,3.691261261701584,0.88881716132164,0.4934580959379673,2.0092349499464035,0.9704027026891708,0.5632657930254936,0.17708882689476013,1.1335576325654984,2.4206650257110596,0.5205952450633049,0.7133260443806648,0.8367295563220978,0.7382747903466225,1.0031947195529938,2.212224632501602,1.6102797389030457,1.5285844802856445,1.3488203436136246,4.964939594268799,8.574823677539825,3.429271250963211,4.200786590576172,11.998988538980484,1.2403603047132492,1.4526447653770447,0.25065380334854126,0.30779701471328735,14.78358268737793,9.415260434150696,0.0,0.782844603061676,5.638659605756402,0.5242748856544496,136.46157163381577,6.190809607505798,25.354108929634094,6.391390800476074,5.104457467794418,1.7548753917217255,2.603405714035034,1.0101524740457535,0.0,0.23161393404006958,0.12058693170547485,0.4863261580467224,0.945815697312355,1.3393971174955368,4.2610432505607605,2.0345895290374756,0.10956984758377075,0.0,0.20181316137313843,0.0874474048614502,0.0,0.20980846881866455,0.0,0.0,0.0005431920289993286,1.6801091507077217,0.04418712854385376,0.0,0.0,6.3899993896484375,1.843957394361496,6.077662467956543,3.103477358818054,1.6942822486162186,2.788428246974945,9.982094168663025,1.203358143568039,0.9346861839294434,4.554547548294067,2.24491024017334,7.1988008469343185,0.3259143978357315,62.19315002858639,76.12502992153168,10.76009738445282,1.1150593981146812,7.3346037939190865,2.3942233622074127,0.23880712687969208,14.1869535446167,0.8418180048465729,3.5811895355582237,13.708281248807905,7.361145541071892,9.083433039486408,0.012774109840393066,9.110531732439995,0.7373653911054134,5.998258262872696,2.772550016641617,4.814299575984478,0.2358655259013176,0.2555001229047775,6.716476529836655,13.294609755277635,23.8352281562984,0.7938594371080399,22.548867225646973,6.986072883009911,1.209448054432869,18.28650701418519,11.613576874136925,0.6483634486794472,3.4290384650230408,7.047133535146714,3.893200159072876,26.050353541970253,17.50912271440029,31.720842361450195,11.598033711314201,25.8584895581007,15.884362399578094,10.664752274751663,137.6624746620655,32.75499299168587,62.954752594232566,96.48190116882324,9.283132374286652,42.58028537034989
