영업일자,느티나무 셀프BBQ_1인 수저세트,느티나무 셀프BBQ_BBQ55(단체),"느티나무 셀프BBQ_대여료 30,000원","느티나무 셀프BBQ_대여료 60,000원","느티나무 셀프BBQ_대여료 90,000원","느티나무 셀프BBQ_본삼겹 (단품,실내)",느티나무 셀프BBQ_스프라이트 (단체),느티나무 셀프BBQ_신라면,느티나무 셀프BBQ_쌈야채세트,느티나무 셀프BBQ_쌈장,느티나무 셀프BBQ_육개장 사발면,느티나무 셀프BBQ_일회용 소주컵,느티나무 셀프BBQ_일회용 종이컵,느티나무 셀프BBQ_잔디그늘집 대여료 (12인석),느티나무 셀프BBQ_잔디그늘집 대여료 (6인석),느티나무 셀프BBQ_잔디그늘집 의자 추가,느티나무 셀프BBQ_참이슬 (단체),느티나무 셀프BBQ_친환경 접시 14cm,느티나무 셀프BBQ_친환경 접시 23cm,느티나무 셀프BBQ_카스 병(단체),느티나무 셀프BBQ_콜라 (단체),느티나무 셀프BBQ_햇반,느티나무 셀프BBQ_허브솔트,담하_(단체) 공깃밥,담하_(단체) 생목살 김치전골 2.0,담하_(단체) 은이버섯 갈비탕,담하_(단체) 한우 우거지 국밥,담하_(단체) 황태해장국 3/27까지,담하_(정식) 된장찌개,담하_(정식) 물냉면 ,담하_(정식) 비빔냉면,담하_(후식) 된장찌개,담하_(후식) 물냉면,담하_(후식) 비빔냉면,담하_갑오징어 비빔밥,담하_갱시기,담하_공깃밥,담하_꼬막 비빔밥,담하_느린마을 막걸리,담하_담하 한우 불고기,담하_담하 한우 불고기 정식,담하_더덕 한우 지짐,담하_들깨 양지탕,담하_라면사리,담하_룸 이용료,담하_메밀면 사리,담하_명인안동소주,담하_명태회 비빔냉면,담하_문막 복분자 칵테일,담하_봉평메밀 물냉면,담하_생목살 김치찌개,담하_스프라이트,담하_은이버섯 갈비탕,담하_제로콜라,담하_참이슬,담하_처음처럼,담하_카스,담하_콜라,담하_테라,담하_하동 매실 칵테일,담하_한우 떡갈비 정식,담하_한우 미역국 정식,담하_한우 우거지 국밥,담하_한우 차돌박이 된장찌개,담하_황태해장국,라그로타_AUS (200g),라그로타_G-Charge(3),라그로타_Gls.Sileni,라그로타_Gls.미션 서드,라그로타_Open Food,라그로타_그릴드 비프 샐러드,라그로타_까르보나라,라그로타_모둠 해산물 플래터,라그로타_미션 서드 카베르네 쉬라,라그로타_버섯 크림 리조또,라그로타_빵 추가 (1인),라그로타_스프라이트,라그로타_시저 샐러드 ,라그로타_아메리카노,라그로타_알리오 에 올리오 ,라그로타_양갈비 (4ps),라그로타_자몽리치에이드,라그로타_제로콜라,라그로타_카스,라그로타_콜라,라그로타_하이네켄(생),라그로타_한우 (200g),라그로타_해산물 토마토 리조또,라그로타_해산물 토마토 스튜 파스타,라그로타_해산물 토마토 스파게티,"미라시아_(단체)브런치주중 36,000",미라시아_(오븐) 하와이안 쉬림프 피자,미라시아_(화덕) 불고기 페퍼로니 반반피자,미라시아_BBQ Platter,미라시아_BBQ 고기추가,미라시아_공깃밥,미라시아_글라스와인 (레드),미라시아_레인보우칵테일(알코올),미라시아_미라시아 브런치 (패키지),미라시아_버드와이저(무제한),미라시아_보일링 랍스타 플래터,미라시아_보일링 랍스타 플래터(덜매운맛),미라시아_브런치 2인 패키지 ,미라시아_브런치 4인 패키지 ,미라시아_브런치(대인) 주말,미라시아_브런치(대인) 주중,미라시아_브런치(어린이),미라시아_쉬림프 투움바 파스타,미라시아_스텔라(무제한),미라시아_스프라이트,미라시아_애플망고 에이드,미라시아_얼그레이 하이볼,미라시아_오븐구이 윙과 킬바사소세지,미라시아_유자 하이볼,미라시아_잭 애플 토닉,미라시아_칠리 치즈 프라이,미라시아_코카콜라,미라시아_코카콜라(제로),미라시아_콥 샐러드,미라시아_파스타면 추가(150g),미라시아_핑크레몬에이드,연회장_Cass Beer,연회장_Conference L1,연회장_Conference L2,연회장_Conference L3,연회장_Conference M1,연회장_Conference M8,연회장_Conference M9,연회장_Convention Hall,연회장_Cookie Platter,연회장_Grand Ballroom,연회장_OPUS 2,연회장_Regular Coffee,연회장_골뱅이무침,연회장_공깃밥,연회장_돈목살 김치찌개 (밥포함),연회장_로제 치즈떡볶이,연회장_마라샹궈,연회장_매콤 무뼈닭발&계란찜,연회장_모둠 돈육구이(3인),연회장_삼겹살추가 (200g),연회장_야채추가,연회장_왕갈비치킨,연회장_주먹밥 (2ea),카페테리아_공깃밥(추가),카페테리아_구슬아이스크림,카페테리아_단체식 13000(신),카페테리아_단체식 18000(신),카페테리아_돼지고기 김치찌개,카페테리아_복숭아 아이스티,카페테리아_새우 볶음밥,카페테리아_새우튀김 우동,카페테리아_샷 추가,카페테리아_수제 등심 돈까스,카페테리아_아메리카노(HOT),카페테리아_아메리카노(ICE),카페테리아_약 고추장 돌솥비빔밥,카페테리아_어린이 돈까스,카페테리아_오픈푸드,카페테리아_진사골 설렁탕,카페테리아_짜장면,카페테리아_짜장밥,카페테리아_짬뽕,카페테리아_짬뽕밥,카페테리아_치즈돈까스,카페테리아_카페라떼(HOT),카페테리아_카페라떼(ICE),카페테리아_한상 삼겹구이 정식(2인) 소요시간 약 15~20분,포레스트릿_꼬치어묵,포레스트릿_떡볶이,포레스트릿_복숭아 아이스티,포레스트릿_생수,포레스트릿_스프라이트,포레스트릿_아메리카노(HOT),포레스트릿_아메리카노(ICE),포레스트릿_치즈 핫도그,포레스트릿_카페라떼(HOT),포레스트릿_카페라떼(ICE),포레스트릿_코카콜라,포레스트릿_페스츄리 소시지,화담숲주막_느린마을 막걸리,화담숲주막_단호박 식혜 ,화담숲주막_병천순대,화담숲주막_스프라이트,화담숲주막_참살이 막걸리,화담숲주막_찹쌀식혜,화담숲주막_콜라,화담숲주막_해물파전,화담숲카페_메밀미숫가루,화담숲카페_아메리카노 HOT,화담숲카페_아메리카노 ICE,화담숲카페_카페라떼 ICE,화담숲카페_현미뻥스크림
TEST_00+1일,4.334282398223877,0.0,1.969945192337036,1.445804238319397,0.0903069078922271,0.5538694262504578,0.0,0.7938020825386047,1.0406389236450195,0.2202048152685165,0.1895954608917236,0.2289280444383621,0.2565755844116211,1.4336830377578735,7.614192485809326,0.1961825788021087,0.4366264343261719,0.3440783321857452,0.7648965120315552,0.7511615753173828,0.0,0.7356517314910889,0.2981033325195312,0.0,4.239157676696777,0.0,0.0,16.403316497802734,6.8493194580078125,2.7026844024658203,1.4374457597732544,1.2754502296447754,0.6792941093444824,0.6180963516235352,0.1007800102233886,0.0,14.160514831542969,0.0,1.005206823348999,9.536479949951172,10.429447174072266,0.310421347618103,0.1918287277221679,0.2686771750450134,0.0382848978042602,2.13840651512146,0.0606676489114761,3.624812364578247,0.7221052050590515,3.1733219623565674,10.421453475952148,0.3496461510658264,6.765576362609863,0.3531125783920288,0.1616621017456054,0.2725333869457245,0.3032581806182861,0.1482661962509155,0.662098228931427,0.9778014421463012,5.898163318634033,14.210765838623049,21.04174423217773,8.685279846191406,12.644268035888672,1.563304424285889,0.4002041816711426,0.0569649934768676,2.39298152923584,11.592144966125488,0.9645291566848756,2.77151107788086,0.1265170127153396,0.9177369475364684,2.748509407043457,0.6549031734466553,0.1899847686290741,1.4073078632354736,0.1134978532791137,1.5389282703399658,1.976110577583313,0.6322190761566162,0.0173506736755371,0.4492470026016235,0.4808000922203064,1.966607689857483,0.5486094951629639,0.6978861093521118,0.8879765272140503,2.2743873596191406,0.0,0.6483155488967896,1.160936951637268,3.7526602745056152,0.2864256501197815,0.3782243132591247,0.0485018491744995,0.2323811650276184,10.566329956054688,2.362660646438598,0.8362265825271606,0.0551514327526092,3.126115083694458,0.4323469698429107,170.289794921875,8.894380569458008,46.059837341308594,1.5731769800186155,3.004697799682617,0.252707839012146,2.1469409465789795,0.5870645046234131,0.9756659865379332,0.5507632493972778,0.0647491514682769,0.183483213186264,0.5227189660072327,1.2508262395858765,1.5187809467315674,0.2093056738376617,0.0095016956329345,0.0,0.0518151521682739,0.1038229316473007,0.0,0.2223533391952514,0.1308773607015609,0.0250355899333953,0.1123149693012237,0.0223667621612548,0.0980620384216308,0.0256605446338653,0.0,0.1012563705444336,0.4112346768379211,0.0242872238159179,0.0,0.0,0.0,0.0,0.0110190510749816,0.1829677373170852,0.0,0.0593048930168151,4.151823043823242,0.0,0.0,6.331432342529297,9.013927459716797,0.0,6.452003479003906,0.0,0.0,13.326011657714844,0.0,0.0,18.824954986572266,4.821043968200684,0.0,0.0,9.341256141662598,0.5762238502502441,4.591750144958496,1.2809762954711914,4.461582183837891,0.0,0.0,3.701810598373413,0.0,0.0,0.0,2.68328857421875,0.0,0.1560993194580078,5.638668060302734,0.1937522888183593,0.0941009521484375,1.8503718376159668,0.0,0.0,17.3831844329834,5.966657638549805,19.49409866333008,4.546745300292969,16.842090606689453,12.180866241455078,4.847827911376953,50.19289016723633,30.36478614807129,3.714106559753418,24.678327560424805,7.6253662109375,19.721742630004883
TEST_00+2일,0.345071792602539,2.097646713256836,0.8888862133026123,0.1795961856842041,0.0,0.2395907640457153,1.1316943168640137,0.2311739921569824,0.340967059135437,0.0,0.1633639931678772,0.0,0.1083288788795471,0.2261044979095459,1.2768354415893557,0.0,1.7648258209228516,0.0,0.1113296747207641,3.7138519287109375,0.6826028823852539,0.0,0.0171284079551696,0.0,1.892698049545288,19.00462913513184,0.0,12.259872436523438,1.5528407096862793,0.4332966804504394,0.5784376859664917,0.5847856998443604,0.5266581773757935,0.3653931021690368,0.1120860576629638,0.0,7.272022247314453,0.0,0.296438992023468,5.138483047485352,2.8877553939819336,0.0,0.0361609458923339,0.2020973563194275,0.0383601784706115,0.464801549911499,0.0,0.7583522796630859,0.0,0.2771399021148681,5.285170555114746,0.1334792375564575,3.0030970573425293,0.0,0.5052973031997681,0.0,0.0,0.000807762145996,0.3818756341934204,0.0,1.7283611297607422,2.3172709941864014,3.1720118522644043,4.160325527191162,1.812973976135254,0.0,0.2381494641304016,0.1508255004882812,0.6787642240524292,0.0,0.5461686849594116,0.1986602544784546,0.0,0.1395587921142578,0.0413366556167602,0.6611049175262451,0.1883750557899475,0.5388704538345337,0.044423758983612,0.4798791408538818,0.0130925178527832,0.511716365814209,0.0276350378990173,0.2988757491111755,0.7370145320892334,1.197480320930481,0.0474293828010559,0.6593629121780396,0.460932046175003,2.247553586959839,32.83129119873047,0.077609121799469,0.652046799659729,1.696873664855957,0.0,0.0,0.0,0.0,9.95141887664795,1.0993032455444336,0.2364864945411682,0.0,0.670536994934082,0.0184922218322753,0.0,19.73534774780273,7.212005615234375,0.9941985607147216,0.3886392116546631,0.256378173828125,0.72715163230896,0.0684148073196411,0.3084863424301147,0.0,0.0,0.1812214255332946,0.0,0.0,0.2071828246116638,0.0,0.0053398609161376,11.652203559875488,0.3895918428897857,0.1809989362955093,0.136099174618721,0.3262011706829071,0.1949255317449569,0.5747351050376892,0.9793171882629396,5.2728471755981445,0.7021116018295288,0.0560298413038253,54.90119934082031,0.1405391693115234,0.0045392513275146,0.0118665695190429,0.1417763233184814,0.0,0.0468217134475708,0.2571396827697754,0.0,0.0,0.0,0.0,3.187429428100586,0.0,0.0,40.61205673217773,2.374919891357422,0.0,1.0630617141723633,0.0,0.0,2.549114227294922,0.0,0.0,5.230167388916016,0.3445501327514648,0.0,0.0,0.0,0.0,1.042856216430664,1.105316162109375,1.0705795288085938,0.0,0.0,1.2064621448516846,0.0,0.0,0.0,0.67022705078125,0.0,0.0590591430664062,0.0,0.0,0.0257577896118164,0.0,0.0,0.0,2.7592029571533203,1.1539192199707031,1.807777404785156,0.4204492568969726,1.7536983489990234,1.446516036987305,0.4577312469482422,5.849639892578125,3.5195541381835938,1.9766387939453125,13.433738708496094,2.408752918243408,0.0
TEST_00+3일,1.638857364654541,0.0,1.3358545303344729,0.5300257205963135,0.0,0.302173912525177,0.0,0.9674033522605896,0.5795570611953735,0.0176138281822204,0.2672017216682434,0.0818327665328979,0.1823752522468567,1.0531136989593506,3.891780376434326,0.0,0.0,0.128096342086792,0.307246446609497,0.0,0.0,0.041606068611145,0.1774332970380783,0.5742509365081787,27.45368766784668,36.44256210327149,0.2182564735412597,64.41693115234375,2.5808346271514893,1.08192241191864,0.819327712059021,0.7188026905059814,0.6247467994689941,0.4503286182880401,0.1547005176544189,0.0,7.471181869506836,0.0,0.5936939120292664,5.500185012817383,4.2661895751953125,0.0954911112785339,0.2345075607299804,0.8213948607444763,0.071864366531372,0.6722698211669922,0.0,1.3827475309371948,0.000296413898468,0.8270432949066162,5.865084648132324,0.2631927728652954,3.16099214553833,0.0508231520652771,0.4970875978469848,0.073485791683197,0.0,0.0778744220733642,0.5409294366836548,0.0,1.7395715713500977,1.699160099029541,2.848982334136963,4.153857707977295,2.2104477882385254,0.4552711546421051,0.3005712926387787,0.1806942224502563,0.9699530601501464,0.0,0.7569530010223389,1.047753930091858,0.0,0.2262035310268402,1.221253514289856,0.6637625694274902,0.1894932687282562,1.0743478536605835,0.1993065476417541,2.1202316284179688,0.8464605808258057,0.5126196146011353,0.0859677791595459,0.3808760643005371,0.6309608221054077,1.6054459810256958,0.1644476354122162,0.7641099691390991,1.3388113975524902,2.4313018321990967,117.30224609375,0.108624517917633,0.7315760850906372,1.7927098274230957,0.0,0.0,0.0,0.0318539142608642,10.337973594665527,1.6179943084716797,0.3980587124824524,0.0211531817913055,1.3366026878356934,0.0745257139205932,0.0,10.562274932861328,4.532436370849609,1.206904649734497,0.8791640996932983,0.2806381583213806,1.1303316354751587,0.1885908842086792,0.4188748598098755,0.1537554860115051,0.049622893333435,0.3108304738998413,0.1071298122406005,0.2669804692268371,0.616071343421936,0.0100015997886657,0.018050193786621,2.475924491882324,1.166487216949463,0.4606192111968994,0.3273419439792633,0.2789911031723022,0.1397060751914978,0.3824831247329712,1.572564959526062,4.29417610168457,1.4928597211837769,0.0545209944248199,42.96453857421875,0.1944386959075927,0.183389663696289,0.0826444625854492,0.2145990133285522,0.0,0.0964148044586181,0.8326056003570557,0.0,0.0,0.1246471405029296,0.0,3.8590898513793945,0.0,72.14860534667969,56.80134963989258,4.368997573852539,0.0,2.5528640747070312,0.0,0.0,6.029384613037109,0.0,0.0,6.748931884765625,1.252582550048828,0.0,0.0,1.775655746459961,0.1268951892852783,2.1007614135742188,1.2622389793395996,2.27484130859375,0.0,0.0,1.9071683883666992,0.0,0.0,0.0,2.4464569091796875,0.0,0.2559127807617187,1.1836318969726562,0.5109214782714844,0.1443128585815429,0.0,0.0,0.0,6.538776397705078,2.9499902725219727,5.896982192993164,1.660386085510254,5.988136291503906,4.443403244018555,1.9999656677246092,18.43426513671875,13.566143035888672,2.9082088470458984,18.661386489868164,4.191328048706055,4.481223106384277
TEST_00+4일,1.5487520694732666,0.9718914031982422,1.6786012649536133,0.7215359210968018,0.0,0.3213204741477966,0.8398427963256836,1.1437928676605225,0.4324878454208374,0.0243237912654876,0.3425112962722778,0.02440145611763,0.1939979195594787,0.3518061637878418,3.4742956161499023,0.0,0.7838783264160156,0.0921192169189453,0.3627199530601501,3.1307449340820312,0.0,0.0,0.1236486434936523,0.7312848567962646,21.67926406860352,33.00220489501953,0.8999626636505127,47.286415100097656,2.381098747253418,0.9089860916137696,0.7523583173751831,0.6573245525360107,0.5189346671104431,0.477450430393219,0.1202030181884765,0.0,7.785884857177734,0.0,0.4836297631263733,6.036092758178711,4.039210319519043,0.0447654724121093,0.1491503715515136,1.09587824344635,0.0677233934402465,0.6365201473236084,0.0,1.2118035554885864,0.0,0.656916618347168,5.579620361328125,0.2141734957695007,3.095734119415283,0.0303120017051696,0.7095348834991455,0.0216592550277709,0.077405571937561,0.034547209739685,0.5019710063934326,0.0,1.657360553741455,1.7365069389343262,2.50898551940918,4.2354512214660645,2.0499186515808105,0.2873120903968811,0.2628560066223144,0.1513572931289672,0.8969521522521973,0.0,0.8350081443786621,0.6021660566329956,0.0,0.2448097169399261,0.8595622777938843,0.7133753299713135,0.1887068152427673,0.9175254106521606,0.1108021140098571,1.9874048233032229,0.6942076086997986,0.5388962030410767,0.0546211004257202,0.3638253808021545,0.7964352965354919,1.492650270462036,0.146169364452362,0.7526432275772095,1.6058194637298584,2.5279037952423096,52.17203521728516,0.0604467988014221,0.7001872062683105,1.7205266952514648,0.0,0.0,0.0,0.0007606744766235,10.47553825378418,1.3401501178741455,0.2532925605773926,0.0072552561759948,1.0686569213867188,0.0507339239120483,0.0,35.035308837890625,4.865898132324219,1.1300228834152222,0.7563663721084595,0.2640768885612488,1.001678228378296,0.1669610142707824,0.3377730846405029,0.1183264255523681,0.0169216096401214,0.2913596332073211,0.0669591426849365,0.1997209787368774,0.3632333278656006,0.0805610418319702,0.0118637084960937,11.826579093933104,0.954868733882904,0.5392168164253235,0.1944802105426788,0.4753448665142059,0.275090754032135,0.7623586654663086,1.052553415298462,5.1819167137146,1.0069347620010376,0.0634853392839431,46.71800994873047,0.1737926006317138,0.1309694051742553,0.0745611190795898,0.2731993198394775,0.0,0.1771368980407714,0.9749593734741212,0.0,0.0,0.2634506225585937,0.0,3.520820617675781,0.0,24.459007263183597,41.01649475097656,3.627969741821289,0.0,2.0041894912719727,0.0,0.0,4.7469482421875,0.0,0.0,6.329111099243164,0.9812068939208984,0.0,0.0,1.0630645751953125,0.0523536205291748,1.687297821044922,1.195878982543945,1.77362060546875,0.0,0.0,1.7648258209228516,0.0,0.0,0.0,1.2714157104492188,0.0,0.1422367095947265,0.3674659729003906,0.0534629821777343,0.0592317581176757,0.0,0.0,0.0,5.965883255004883,2.532068252563477,5.176044464111328,1.307469367980957,4.990591049194336,4.029951095581055,1.6429080963134766,15.77690887451172,11.340560913085938,2.563108444213867,17.021787643432617,3.749832153320313,3.41360855102539
TEST_00+5일,1.1109673976898191,2.6358566284179688,1.275729417800903,0.4454705715179443,0.0,0.2879724502563476,0.6597747802734375,1.7632777690887451,0.6499117612838745,0.0,0.2115355134010315,0.0212401151657104,0.1859928965568542,0.7074692845344543,2.443808078765869,0.0,7.085731506347656,0.0958867073059082,0.2536240220069885,7.695547103881836,1.4028892517089844,0.0,0.1317854225635528,1.1772621870040894,19.11377716064453,25.791170120239254,1.283325433731079,57.33988571166992,2.4973630905151367,1.0397205352783203,0.6234171390533447,0.9719178676605223,0.6048587560653687,0.4594891369342804,0.1187536716461181,0.0,9.018850326538086,0.0,0.4615351557731628,7.091670989990234,4.127128601074219,0.0301229953765869,0.2536582946777344,1.2626863718032837,0.0620766282081604,0.6734747886657715,0.0,1.259987711906433,0.0,0.6184005737304688,5.894115447998047,0.1859137415885925,3.3657684326171875,0.0,0.4692749977111816,0.0424003601074218,0.0144069194793701,0.021803855895996,0.4600449800491333,0.0,1.956309795379639,2.0226926803588867,3.389975547790528,4.760833740234375,2.195054531097412,0.1739482283592224,0.2612425088882446,0.2615259289741516,0.8835904598236084,0.0,1.1747424602508545,0.7809141874313354,0.0,0.4715729355812073,1.4209272861480713,0.689159631729126,0.266367107629776,1.1045763492584229,0.2889313101768493,2.419144868850708,1.156789779663086,0.609350323677063,0.2490361332893371,0.4771226644515991,1.1555607318878174,1.444770336151123,0.0833874344825744,0.7670733332633972,2.394310474395752,2.6546618938446045,100.67536926269533,0.0669500231742858,0.8379404544830322,2.074100971221924,0.0,0.2902584373950958,0.0,0.0,12.638044357299805,1.228794813156128,0.2955811619758606,0.0,0.6330552101135254,0.0633850991725921,0.0,59.552528381347656,5.790743827819824,1.2179440259933472,0.9542194604873656,0.4602158367633819,0.9981155395507812,0.1699444651603698,0.3515838980674743,0.103954017162323,0.0,0.2948342263698578,0.0486459732055664,0.135838508605957,0.3940366804599762,0.0,0.0074770450592041,12.325838088989258,0.9385775327682496,0.3311095833778381,0.5256832242012024,0.4719345271587372,0.3610658347606659,0.7025245428085327,1.6241015195846558,8.80275821685791,1.1229809522628784,0.4337157905101776,45.21867370605469,0.2686192989349365,0.1888070106506347,0.1496763229370117,0.2226247787475586,0.0,0.0933167934417724,0.7281491756439209,0.0,0.0,0.0,0.0,3.4980525970458984,0.0,46.1142578125,67.64501190185547,3.746793746948242,0.0,2.248044967651367,0.0,0.0,4.393169403076172,0.0,0.0,7.380426406860352,1.3146562576293943,0.0,0.0,1.3321819305419922,0.0,1.7740745544433594,1.1591854095458984,1.6139392852783203,0.0,0.0,2.1364569664001465,0.0,0.0,0.0,0.3514175415039062,0.0,0.0285606384277343,0.1928291320800781,0.0,0.0187835693359375,0.0,0.0,0.0,5.590715408325195,1.9317197799682615,4.822872161865234,0.9482498168945312,4.95775032043457,3.339151382446289,0.963205337524414,13.486831665039062,12.681529998779297,2.0105514526367188,16.076160430908203,3.32861328125,3.255844116210937
TEST_00+6일,6.875435829162598,12.326621055603027,6.6573920249938965,3.7206199169158936,0.7281475067138672,0.767461895942688,3.6370348930358887,1.887962818145752,1.8418184518814087,0.3576966226100921,0.2717952728271484,0.1229830980300903,1.1098791360855105,4.120374202728272,18.33560943603516,1.2543392181396484,14.573911666870115,0.6226033568382263,1.1158877611160278,15.907617568969728,5.46419095993042,1.0359312295913696,0.2582510113716125,2.5115766525268555,31.783750534057617,42.08494567871094,1.1856892108917236,103.9910888671875,3.340029716491699,1.3165562152862549,0.8269243240356445,2.338134765625,1.7735228538513184,1.2159385681152344,0.0990407466888427,0.0,36.67924118041992,0.0,0.6067870259284973,35.85065078735352,5.243270397186279,0.4500475823879242,0.367741584777832,1.8692415952682493,0.0597426295280456,0.8919894695281982,0.1773097068071365,1.768820881843567,0.3505161106586456,0.7867976427078247,6.978603363037109,0.3392664194107055,3.7775707244873047,0.0879120826721191,4.00196647644043,0.3227587640285492,2.23136305809021,0.1067593097686767,0.5960520505905151,0.0655320286750793,5.365927696228027,1.7184629440307615,3.4578442573547363,5.798165321350098,2.2549777030944824,1.3351103067398071,0.2670913934707641,1.4373966455459597,1.1004747152328491,0.0,0.9998728036880492,3.1480846405029297,0.0,0.180084228515625,2.779581308364868,0.6345267295837402,0.2798347771167755,0.9078091382980348,0.6663005352020264,3.8417482376098633,1.5546478033065796,0.5612313151359558,0.2465679049491882,0.7204313278198242,1.1256835460662842,1.2853498458862305,1.2978601455688477,0.8787133097648621,1.918290972709656,5.646511554718018,93.17024230957033,0.5686221122741699,2.5170013904571533,6.964189529418945,0.0,0.3663804829120636,0.0,0.1130486130714416,17.04146957397461,3.264385223388672,0.5848790407180786,0.0805352330207824,1.699772834777832,0.1526043862104416,0.0,53.67071533203125,5.097919464111328,2.349287986755371,1.5662097930908203,0.6006283760070801,1.5107498168945312,0.2827551960945129,0.8861895799636841,0.3644232451915741,0.0383483469486236,1.1160192489624023,0.2139070034027099,0.3201689124107361,0.6366441249847412,1.0186054706573486,0.0125385522842407,11.283561706542969,0.9400640726089478,0.6226305961608887,0.7659095525741577,0.5810424089431763,0.4103972911834717,0.8501847982406616,1.5762267112731934,5.744236946105957,1.2779881954193115,0.4113788902759552,45.65498352050781,3.2031307220458984,0.7007412314414978,3.576188564300537,2.225187301635742,0.2388894110918045,1.9434051513671875,7.9359660148620605,1.2977747917175293,0.3958682417869568,2.7945356369018555,0.097209632396698,4.185976028442383,0.0,166.0514373779297,136.8920440673828,5.639331817626953,0.0,3.709904670715332,0.0,0.0,7.807109832763672,0.0,0.0,9.620647430419922,2.3571815490722656,0.0,0.0,3.699274063110352,0.1976227760314941,2.826873779296875,1.2552127838134766,2.920217514038086,0.0,0.0,3.7957730293273926,0.0,0.0,0.0,1.7177505493164062,0.0,0.1089649200439453,2.559345245361328,0.1205558776855468,0.0676002502441406,0.2858901023864746,0.0,0.0,8.209291458129883,3.4641008377075195,7.861318588256836,2.0700225830078125,6.809162139892578,5.87379264831543,2.357023239135742,24.127052307128903,17.9318790435791,2.7785472869873047,20.61746406555176,4.2715163230896,5.373783111572266
TEST_00+7일,14.168054580688477,1.7941551208496094,9.959985733032228,6.212347984313965,1.3503859043121338,0.7663841247558594,1.042466163635254,1.2222286462783811,2.4324305057525635,1.1657476425170898,0.16614431142807,0.5325499773025513,1.5561586618423462,5.103328227996826,32.13337707519531,2.375027894973755,1.464191436767578,1.100849151611328,2.109716892242432,2.9020767211914062,1.1892004013061523,1.9152677059173584,0.6221418380737305,0.0,13.076419830322266,0.0,0.0,30.34326934814453,6.638901233673096,3.176424503326416,1.3340928554534912,3.4616541862487797,1.3480297327041626,1.1310306787490845,0.1277403831481933,0.0,41.78137969970703,0.0390033721923828,1.197665452957153,37.59567642211914,10.443359375,1.1333619356155396,0.7614250183105469,0.1938782930374145,0.0364779233932495,2.348686695098877,0.2931762635707855,3.868432521820069,1.493346929550171,2.529331684112549,12.91667366027832,0.456457257270813,6.693942070007324,0.2783124446868896,4.02001953125,0.7453767657279968,3.212571144104004,0.2531861662864685,0.8125016689300537,1.1401410102844238,11.278708457946776,9.257905960083008,15.923521041870115,10.956961631774902,9.110435485839844,3.2627475261688232,0.3350595831871032,1.0182595252990725,1.963286519050598,4.619174480438232,1.036847710609436,6.025849342346191,0.081778272986412,0.502815306186676,4.782902717590332,0.7071738243103027,0.1845780611038208,1.1974681615829468,0.1308276057243347,3.879705667495728,2.624107837677002,0.5751959085464478,0.012907862663269,0.6560986638069153,0.528008222579956,1.705151081085205,2.014209985733032,0.8101059198379517,0.8141195774078369,5.57048225402832,2.887126922607422,0.980788230895996,2.809584856033325,9.290763854980469,0.2790910005569458,1.0448734760284424,0.0677037239074707,0.4566534161567688,13.92770767211914,5.00000524520874,1.4933611154556274,0.1464355587959289,3.0430469512939453,0.4291841685771942,105.77175903320312,6.22685432434082,33.96345901489258,3.117119312286377,3.929789066314697,0.2865464687347412,3.106348752975464,0.780893862247467,1.515267014503479,0.8983690738677979,0.1845221221446991,1.2764408588409424,0.6497291922569275,1.2726832628250122,1.7739379405975342,1.4252573251724243,0.0529190301895141,0.0,0.1251558512449264,0.0905336588621139,0.0454179346561431,0.1295821368694305,0.0383206456899642,0.1103190034627914,0.0480976104736328,0.0,0.0715103149414062,0.0401277393102645,3.404510498046875,2.905495405197144,0.9668259620666504,3.2562098503112797,1.7461161613464355,0.3954533338546753,2.032628059387207,6.740130424499512,2.522618770599365,0.9465423822402954,3.3597517013549805,0.5680750608444214,5.088570594787598,0.2210254669189453,64.1961669921875,19.96807098388672,11.52867031097412,0.0,8.40792465209961,0.1825542449951172,0.0,17.580169677734375,0.0,0.0,22.42694664001465,6.7007737159729,0.0,0.0,11.47903060913086,0.7592837810516357,6.133304595947266,1.7275419235229492,6.546306610107422,0.0,0.0,5.642739295959473,1.3126983642578125,1.6006393432617188,0.4810981750488281,5.251983642578125,0.1742534637451172,1.1431427001953125,9.894119262695312,2.2309646606445312,0.5711097717285156,2.2871639728546143,0.6606407165527344,0.7451934814453125,16.906620025634766,7.336513519287109,18.065357208251957,5.170653343200684,18.730449676513672,12.763808250427246,5.652284622192383,53.83324813842773,39.0602912902832,4.565883636474609,28.182491302490234,7.211751937866211,17.79398536682129
TEST_01+1일,3.8773844242095943,1.8853530883789065,8.075867652893066,3.120561122894287,0.4262545704841614,1.4470398426055908,0.7063713073730469,3.3283562660217285,2.722134590148926,0.8326873183250427,0.5953966379165649,0.1715099215507507,0.5739281177520752,1.149601936340332,12.993318557739258,0.4524232745170593,1.6107940673828125,0.4128161072731018,0.7992022037506104,1.664407730102539,0.838557243347168,0.7163934707641602,0.2683708071708679,0.1119798421859741,0.0,0.0,0.0,9.258018493652344,5.014556884765625,4.882765769958496,2.6193065643310547,4.987804412841797,3.065956354141236,0.8449509739875793,0.98891019821167,0.009753406047821,41.99422073364258,0.0170190334320068,2.0986874103546143,28.77592086791992,15.013107299804688,0.2365989983081817,0.1962060928344726,0.0,0.4423187375068664,3.3359689712524414,0.1599656641483307,1.9947468042373655,0.7416436076164246,4.767446517944336,10.95004653930664,1.5667572021484375,4.899713516235352,0.3816459774971008,1.2408208847045898,0.7645062208175659,2.1879396438598637,0.8303373456001282,1.3535703420639038,0.9622203707695008,11.842707633972168,7.204879283905029,11.161608695983888,9.037588119506836,8.583219528198242,1.04002583026886,0.5117365121841431,1.6865391731262207,3.592933654785156,0.1493092179298401,1.549997329711914,0.0837163925170898,0.4614645838737488,0.1686244010925293,2.66365385055542,2.562184810638428,0.1170430779457092,0.2362093925476074,0.0654295682907104,2.3557629585266118,1.4703640937805176,1.300670504570007,1.3939703702926636,1.326263189315796,1.0094764232635498,1.716627836227417,1.1443722248077393,1.3297183513641355,0.8809275031089783,4.124135971069336,0.0,1.1997623443603516,3.1071488857269287,7.7795867919921875,0.5965200066566467,1.0228054523468018,0.3329176604747772,0.3878778219223022,14.618967056274414,7.999696731567383,1.4889495372772217,1.338498830795288,3.4984660148620605,0.0088150203227996,164.28494262695312,1.4109458923339844,40.266868591308594,4.642531394958496,3.228309631347656,1.1536623239517212,2.9403860569000244,0.4403173327445984,3.0081567764282227,0.4641466736793518,0.5591202974319458,1.0749468803405762,2.3974485397338867,1.03272545337677,2.256821393966675,1.8346326351165767,0.030647873878479,0.0,0.0589444637298584,0.0196090340614318,0.0082893073558807,0.0836123526096344,0.0,0.0718914717435836,0.0236855149269104,0.3627519607543945,0.0729762911796569,0.0081904232501983,0.0,3.0196895599365234,3.821396350860596,3.0690135955810547,2.6976804733276367,0.1572581529617309,1.0068362951278689,5.829320430755615,0.6046908497810364,0.5315693616867065,4.6097517013549805,1.6923376321792605,7.664626121520996,0.1135540008544921,0.0,0.1564102172851562,12.336671829223633,0.0,8.935800552368164,0.0633373260498046,0.0,19.44633674621582,0.0,0.0,19.97064208984375,6.835068225860596,0.3682851791381836,0.1711082458496093,13.724830627441406,1.2074856758117676,7.154201507568359,2.8736228942871094,10.447400093078612,0.0,0.0,11.877005577087402,0.489166259765625,1.0951156616210938,0.2501773834228515,9.587791442871094,1.3179950714111328,0.6884384155273438,6.379985809326172,1.6210212707519531,0.2809991836547851,1.5315756797790527,1.7035751342773438,1.004779815673828,8.034381866455078,5.809107780456543,9.434537887573242,3.718020439147949,10.370359420776367,8.577924728393555,3.518539428710937,27.2705078125,26.90333366394043,1.4998836517333984,25.254093170166016,5.672506332397461,21.811586380004883
TEST_01+2일,2.9280924797058105,1.158769607543945,2.7396061420440674,1.525011658668518,0.0816329717636108,0.3752099573612213,1.00677490234375,0.0,0.7729331851005554,0.0193642377853393,0.1945515871047973,0.0,0.2546513080596924,0.4713280200958252,3.712318420410156,0.0664166212081909,2.186391830444336,0.0869370698928833,0.3522811532020569,2.6562576293945312,1.196335792541504,0.7119995951652527,0.1076821088790893,0.0,0.0,0.0,0.0,11.756664276123049,1.8733124732971191,1.406464695930481,0.8055340051651001,3.065149068832397,0.1483991146087646,0.3237693905830383,0.5231573581695557,0.0012682080268859,23.236722946166992,0.0293197631835937,0.4443504214286804,20.80238151550293,4.280801773071289,0.2251051068305969,0.0350666046142578,0.0471488237380981,0.1761415004730224,1.8389530181884768,0.0,1.6342649459838867,0.0567931830883026,2.0291786193847656,9.628650665283203,0.1186797022819519,4.219001770019531,0.0600898265838623,1.3115249872207642,0.2254681587219238,0.6001845598220825,0.3207257986068725,0.4512051343917846,0.0519596934318542,6.230743885040283,3.271503448486328,5.667496681213379,9.169368743896484,4.4386091232299805,0.2703921198844909,0.0,0.8142303824424744,1.6826894283294678,0.0,0.2048030495643615,0.0,0.0,0.0099797844886779,0.0,0.0,0.1067826151847839,0.2127400040626526,0.1094017028808593,0.3882931470870971,0.012158989906311,0.3276161551475525,0.1186719536781311,0.4842895865440368,0.4166359901428222,0.5822142362594604,0.016870379447937,0.4864593744277954,0.0491429567337036,2.290998935699463,1.2348766326904297,0.387763112783432,1.9343860149383545,4.921045303344727,0.3211296200752258,0.0,0.1717613935470581,0.2100480496883392,15.25726318359375,2.318045854568481,0.6525720357894897,0.3478693664073944,2.578827381134033,0.0775941014289856,0.0,0.5797615051269531,15.398561477661133,1.4838758707046509,1.0892304182052612,0.5815157890319824,1.7882453203201294,0.0768057107925415,1.2027606964111328,0.1574289202690124,0.0,0.3380372524261474,0.8449335098266602,0.1167957186698913,0.2061907649040222,0.3835616707801819,0.0276110172271728,0.0,0.0874919593334198,0.0459894835948944,0.0073956847190856,0.0802571028470993,0.0353505909442901,0.0878053307533264,0.1512725949287414,0.7413100004196167,0.1341340839862823,0.0230718255043029,0.0,1.2886912822723389,0.8387229442596436,1.4085450172424316,0.6516526341438293,0.1114841997623443,0.8950442671775818,2.100255250930786,0.0675976872444152,0.13371542096138,0.9678068161010742,0.3176460862159729,7.171858787536621,0.2037525177001953,0.0,5.1210479736328125,10.152475357055664,0.070892333984375,8.672100067138672,0.2051639556884765,0.0,16.602863311767578,0.0884933471679687,0.4564666748046875,17.122739791870117,5.64949369430542,0.0,0.0734272003173828,9.896546363830566,1.295635223388672,5.468445777893066,2.379434108734131,7.675161361694336,0.0313663482666015,0.0975651741027832,2.1126108169555664,1.6024551391601562,1.84075927734375,0.3788337707519531,4.7327728271484375,1.0358734130859375,0.6302127838134766,4.0954437255859375,1.60272216796875,0.2796039581298828,1.471024990081787,1.301666259765625,0.975576400756836,7.149692535400391,3.256797790527344,8.456748962402344,2.531651496887207,7.874442100524902,7.496786117553711,2.7162322998046875,26.330711364746094,9.787150382995604,1.469961166381836,14.858854293823242,5.132388114929199,6.16909122467041
TEST_01+3일,2.8827836513519287,1.275381088256836,2.9814484119415283,1.10677969455719,0.1488968431949615,0.1746777296066284,0.9244861602783204,0.774829626083374,0.5558818578720093,0.1111209541559219,0.1783987283706665,0.0551719963550567,0.2980630993843078,0.610887348651886,3.339227199554444,0.2305047214031219,1.9188594818115237,0.1547813713550567,0.6235262751579285,2.413297653198242,1.1525049209594729,0.8009989857673645,0.098931223154068,0.2095021605491638,0.0,0.0,0.4387626647949219,11.004194259643556,2.8824260234832764,1.0592446327209473,1.1685683727264404,3.5458972454071045,0.7317657470703125,0.4894615113735199,0.8214595317840576,0.0,23.34162330627441,0.010737657546997,0.7574090957641602,24.79217338562012,7.085404396057129,0.221695065498352,0.1770553588867187,0.2013802528381347,0.4119508266448974,1.7414449453353882,0.1887073963880539,1.5276000499725342,0.1964265704154968,1.6503643989562988,10.14773941040039,0.496804416179657,4.414402008056641,0.3006235957145691,1.313032865524292,0.2939381599426269,1.248081088066101,1.183752179145813,0.701751172542572,0.1482148766517639,5.999992847442627,3.605316877365112,6.8114776611328125,10.42660427093506,5.143396377563477,0.3858146071434021,0.2408722341060638,0.5919210314750671,1.8911411762237549,0.0,0.4115500450134277,0.0,0.0416482537984848,0.0194009542465209,0.143244981765747,0.5031123161315918,0.1470258831977844,0.2108155488967895,0.1137428879737854,0.8610027432441711,0.1529206931591034,0.4602409899234772,0.3745050132274627,0.5115044116973877,0.6692575216293335,1.3249807357788086,0.2328124046325683,1.1109477281570437,0.0,3.6472597122192383,3.1009769439697266,0.119052767753601,1.688205003738403,4.520776748657227,0.275695264339447,0.0420509576797485,0.1222040951251983,0.2082261741161346,12.644922256469728,2.3980259895324707,0.4064812660217285,0.1706707775592804,2.385591983795166,0.0630546808242797,0.3440513610839844,1.0353927612304688,14.58487033843994,1.259883999824524,1.377571940422058,0.2384740710258484,1.7963603734970093,0.2217814326286316,0.7332911491394043,0.0992970466613769,0.0,0.2939000129699707,0.5849318504333496,0.047941505908966,0.2579265236854553,0.1984838843345642,0.0218744277954101,0.0,0.0602793097496032,0.035642385482788,0.0063290894031524,0.3375215530395508,0.1066056862473487,0.0789769887924194,0.0824101567268371,1.1054105758666992,0.3327158093452453,0.0223321914672851,0.0,1.5020055770874023,0.599565327167511,1.2320442199707031,0.6876508593559265,0.0653819143772125,0.4959107637405395,2.6321911811828613,0.0310730934143066,0.069238394498825,0.918612003326416,0.3651650547981262,7.056390762329102,0.0367870330810546,0.4115142822265625,2.090682983398437,9.921308517456056,0.0,7.927834510803223,0.0,0.0,16.969905853271484,0.0,0.0514144897460937,18.856704711914062,6.850388050079346,1.224924087524414,0.0,12.161298751831056,1.2224807739257812,5.615199089050293,2.4582858085632324,8.45804214477539,0.0,0.0016369819641113,2.5297329425811768,0.0316619873046875,0.3873977661132812,0.1446132659912109,5.598114013671875,0.6520843505859375,0.4832649230957031,4.590843200683594,1.3404464721679688,0.2112607955932617,1.4115095138549805,0.8081779479980469,0.6543388366699219,7.44120979309082,4.130785942077637,8.792407989501953,2.797914505004883,8.713940620422363,7.689388275146484,2.795818328857422,26.19027709960937,17.063003540039062,1.3562583923339844,22.230369567871094,6.207094192504883,13.549461364746094
TEST_01+4일,2.341042280197144,0.6145801544189453,2.534442663192749,1.0718647241592407,0.1022540032863617,0.1974698305130005,0.9254770278930664,0.2820905447006225,0.3066716194152832,0.0829213857650756,0.0174593329429626,0.0,0.2872871160507202,0.5185188055038452,1.8723645210266116,0.0629373788833618,1.829683303833008,0.0839588046073913,0.4923440814018249,2.476181030273437,1.1443500518798828,0.7214417457580566,0.0464259386062622,0.0165692567825317,0.0,1.4385364055633545,0.0,11.02861785888672,2.2514195442199707,0.7193065881729126,0.9094866514205932,3.075808048248291,0.5005913376808167,0.2436493635177612,0.5773677825927734,0.0,20.96234893798828,0.0,0.6246877908706665,20.68575096130371,6.068382740020752,0.1789007782936096,0.0810284614562988,0.1343039274215698,0.2829784750938415,1.3306254148483276,0.1853739619255066,2.383819341659546,0.3917490243911743,1.9368363618850708,9.733713150024414,0.192878246307373,4.280135154724121,0.1783122718334198,1.847334623336792,0.2351171374320984,1.4476031064987185,0.7132201790809631,0.4765880703926086,0.0313098430633544,5.186558246612549,3.1076388359069824,5.684463977813721,9.84002685546875,4.34295129776001,0.4962175190448761,0.0280934572219848,0.587068498134613,1.4260456562042236,0.0,0.2067605853080749,0.0,0.0512059181928634,0.0,0.0947506427764892,0.3705165386199951,0.087650179862976,0.8848560452461243,0.0770527720451355,0.4825135469436645,0.0141593813896179,0.2960842847824096,0.185355544090271,0.4844140410423279,0.5169376730918884,0.8312975168228149,0.1508581340312957,0.8103635907173157,0.0241031646728515,3.304552793502808,3.011873245239258,0.0429765582084655,1.6708028316497805,3.954935550689697,0.1980019211769104,0.0,0.1090701222419738,0.2346888482570648,16.972686767578125,2.216846704483032,0.4436303675174713,0.1168880760669708,2.362292766571045,0.122345358133316,0.0,0.6874580383300781,13.876398086547852,1.2017791271209717,0.8216512203216553,0.1075954437255859,1.620204210281372,0.1664948463439941,0.5220151543617249,0.0876546502113342,0.0,0.13696950674057,0.51090407371521,0.0269287824630737,0.1591672897338867,0.0470426082611084,0.0191749334335327,0.0,0.0509353876113891,0.0404585897922515,0.0054931342601776,0.1849294006824493,0.1734838634729385,0.0830340236425399,0.1530695855617523,1.1385105848312378,0.2445147484540939,0.023278921842575,8.954458236694336,1.5408315658569336,0.4477217197418213,1.3114473819732666,0.50246661901474,0.371351420879364,0.7519807815551758,2.238946914672852,0.0814773440361023,0.0,0.8088157176971436,0.3356784582138061,6.884003639221191,0.0,0.0,3.0754051208496094,9.461135864257812,0.0,7.623016357421875,0.0,0.0,16.222553253173828,0.0,0.0,17.482585906982422,6.075258255004883,0.0,0.0,10.495426177978516,1.1964778900146484,5.366355895996094,2.386460304260254,7.692903518676758,0.0,0.0,2.035615921020508,0.0,0.0,0.0,4.113372802734375,0.400461196899414,0.4000873565673828,4.434024810791016,0.9622802734375,0.1429176330566406,1.3048992156982422,0.4774932861328125,0.4791183471679687,6.830293655395508,3.37288761138916,8.030607223510742,2.300048828125,7.907283782958984,7.103878021240234,2.475326538085937,24.721176147460938,12.32970905303955,1.260507583618164,19.00455665588379,5.446688652038574,8.883511543273926
TEST_01+5일,2.676889419555664,1.3052825927734375,3.1230945587158203,1.1237279176712036,0.126530110836029,0.1743607521057129,1.479686260223389,0.4493120908737182,0.2954659461975097,0.1186332106590271,0.0,0.0483224093914032,0.2792820930480957,0.7479184865951538,2.858458995819092,0.2265553176403045,2.513374328613281,0.091642677783966,0.4479827284812927,3.4194393157958984,2.100464344024658,0.7029839754104614,0.0666911602020263,0.0,2.8687283992767334,0.0,1.083200454711914,16.323017120361328,2.147576808929444,1.163230061531067,1.016637682914734,3.1774141788482666,0.4928195476531982,0.172247052192688,0.466048002243042,0.0,20.904579162597656,0.0013158321380615,0.6845018863677979,21.905202865600582,5.816075801849365,0.4058587551116943,0.1163206100463867,0.2282990217208862,0.1988039016723632,1.46960711479187,0.0,1.0154680013656616,0.0,1.7910737991333008,10.10903263092041,0.3612982630729675,4.368646144866943,0.2981791496276855,1.4689337015151978,0.3262349367141723,1.7491168975830078,1.0540130138397217,0.4239279627799988,0.0108264684677124,5.471093654632568,3.402846574783325,6.479964733123779,11.207215309143066,4.415931701660156,0.5491206645965576,0.2490405142307281,0.4324069619178772,1.5982820987701416,0.0,0.2947391271591186,0.0,0.0,0.0,0.3325243592262268,0.447002649307251,0.0757308006286621,0.6279132962226868,0.0748121738433837,0.6276407241821289,0.1103565692901611,0.3715472817420959,0.2578395009040832,0.5086439847946167,0.42743980884552,0.9586186408996582,0.2865346670150757,1.065080642700195,0.0911214351654052,4.4256978034973145,6.749164581298828,0.0789559483528137,1.885645866394043,4.462968826293945,0.2809246182441711,0.0468509197235107,0.0751183032989502,0.3355597555637359,16.526979446411133,3.0583596229553223,0.4374942183494568,0.1361269652843475,2.1049838066101074,0.2216549217700958,0.0,0.8476181030273438,13.569375038146973,1.6670119762420654,0.8920434713363647,0.1518184542655944,1.853289604187012,0.2118988633155822,0.5820578932762146,0.0713552236557006,0.0,0.2526145875453949,0.3964471817016601,0.0,0.2412103712558746,0.1006430387496948,0.0214245319366455,4.528653144836426,0.0452926158905029,0.0867875069379806,0.0060408413410186,0.2818444967269897,0.1550073623657226,0.0846339911222457,0.1751760840415954,1.802921295166016,0.5449226498603821,0.0604380518198013,3.296926498413086,1.374382495880127,0.7208170890808105,1.2006969451904297,0.7365729808807373,0.2893261313438415,0.6926970481872559,2.381300687789917,0.156175285577774,0.0668646395206451,0.6972497701644897,0.2776712775230407,6.981581687927246,0.0,6.727420806884766,10.472541809082031,9.649093627929688,0.0,7.694140434265137,0.0,0.0,16.598438262939453,0.0,0.0894718170166015,17.19506072998047,6.802638530731201,0.0,0.0,10.470788955688477,1.206878900527954,5.439094543457031,2.361477851867676,8.067710876464844,0.0,0.0042829513549804,2.32364821434021,0.0,0.0,0.0258541107177734,4.486839294433594,0.382669448852539,0.4999008178710937,4.398384094238281,1.194061279296875,0.2028923034667968,1.294548511505127,0.3910064697265625,0.4596500396728515,7.370231628417969,3.606724739074707,8.512205123901367,2.3567676544189453,8.598997116088867,7.355545043945312,2.511892318725586,26.23348999023437,15.109436988830566,1.3562583923339844,20.28573036193848,5.283547401428223,10.752917289733888
TEST_01+6일,4.117210388183594,1.50262451171875,4.155919551849365,3.408933162689209,0.3149016499519348,0.635654628276825,1.2506661415100098,0.5374008417129517,1.1459722518920898,0.1105947941541671,0.0056129097938537,0.7289623618125916,0.2775887250900268,0.7789986729621887,6.795280456542969,0.6434754133224487,2.386363983154297,0.1824194490909576,1.0415061712265017,2.890644073486328,1.7447247505187988,0.7130279541015625,0.0661793947219848,0.0037070512771606,3.093306303024292,0.0,5.845148086547852,12.021652221679688,2.432771682739258,1.6125433444976809,1.0486230850219729,3.322749614715576,1.055773138999939,0.6995171904563904,0.5631629228591919,0.0,24.148143768310547,0.0115230083465576,0.7488678693771362,24.072460174560547,6.522340774536133,0.9207849502563475,0.2933273315429687,0.3434761166572571,0.3187414109706878,2.1905999183654785,0.1706483066082,4.449141979217529,0.1912040114402771,2.3232758045196533,11.014759063720703,0.573112428188324,4.351018905639648,0.4799128174781799,1.915022850036621,0.5481410026550293,1.4189473390579224,1.1705840826034546,0.4504474401473999,0.6508066654205322,8.158430099487305,4.714916229248047,8.86516284942627,13.335237503051758,4.693696022033691,1.3251838684082031,0.6309329867362976,1.2083802223205566,2.057633638381958,0.0,0.6870846152305603,0.1051981449127197,0.1622008383274078,0.0,0.9354664087295532,0.9191348552703856,0.0794909000396728,1.2795640230178833,0.0638891458511352,1.3063218593597412,0.428642988204956,0.7987879514694214,0.6075891256332397,0.5135797262191772,0.4907951951026916,1.879276156425476,0.255759596824646,1.866595268249512,1.173606514930725,5.7280354499816895,5.117282867431641,0.5553847551345825,2.1746411323547363,6.347372055053711,0.1962361335754394,0.1428502798080444,0.0892503857612609,0.8492665886878967,18.02642822265625,3.562269687652588,0.572411298751831,0.4254924654960632,4.358462810516357,0.6790453195571899,0.0,1.6346206665039062,16.675214767456055,1.8928766250610352,2.324369430541992,0.2403540015220642,1.991517782211304,0.219357430934906,0.7120851874351501,0.0899831056594848,0.2727671563625335,0.4346703886985779,0.9183705449104308,1.193392992019653,0.6180926561355591,0.5598058700561523,0.0340223312377929,0.0,0.0495702028274536,0.0677867382764816,0.0096153318881988,0.5211067199707031,0.1285944581031799,0.0835483074188232,0.0871569514274597,1.636533260345459,0.5374374389648438,0.0455862283706665,10.289861679077148,1.741561770439148,1.3391852378845217,2.23752236366272,1.0452723503112793,0.1020930111408233,0.8579578399658203,3.412490129470825,0.5305396914482117,0.1622939258813858,1.2741611003875732,0.8798233270645142,6.908397674560547,0.0502204895019531,11.311710357666016,7.820240020751953,9.666378021240234,0.0,7.650958061218262,0.0119514465332031,0.0,16.39501953125,0.0,0.0,19.456449508666992,8.307537078857422,0.0,0.0,12.78481674194336,1.231841802597046,5.508005142211914,2.416908264160156,8.646553039550781,0.0,0.0,3.752116441726685,0.0,0.2357406616210937,0.1611080169677734,4.268226623535156,0.2759208679199219,0.6995277404785156,4.858146667480469,1.541728973388672,0.3102893829345703,1.3457837104797363,0.4774932861328125,0.6446037292480469,7.496978759765625,3.687987327575684,8.593931198120117,2.3441638946533203,9.083402633666992,7.121854782104492,2.516195297241211,25.75819396972656,17.210250854492188,1.4599876403808594,23.35902404785156,5.472496509552002,12.48076629638672
TEST_01+7일,5.351380825042725,5.048830032348633,7.8423004150390625,4.684881210327148,0.6876623630523682,1.588040113449097,0.878880500793457,4.018290519714356,3.103980541229248,0.5314055681228638,0.9063053727149964,1.0113768577575684,0.5668467879295349,0.9688912034034728,16.134368896484375,1.1830148696899414,2.532291412353516,0.7157626748085022,1.348770022392273,2.1789112091064453,0.999608039855957,0.7889391779899597,0.4010157585144043,0.1457670927047729,0.0,0.1590428352355957,3.481595516204834,8.006689071655273,6.799137115478516,4.191077709197998,3.3439760208129883,4.375393867492676,3.430940628051758,1.2788169384002686,1.4113962650299072,0.0644200444221496,41.22190856933594,0.1332221031188964,2.3454110622406006,37.01104736328125,18.029102325439453,0.6405737400054932,0.6634829044342041,0.0,0.6214838624000549,4.062258720397949,0.5283685922622681,3.5749785900115967,0.7603263854980469,4.398979187011719,15.115370750427246,2.1824445724487305,5.219629287719727,1.0760916471481323,1.363296389579773,1.047487497329712,3.2728991508483887,1.94434654712677,1.552142858505249,1.252281665802002,14.371828079223633,9.717134475708008,14.868535995483398,9.538031578063965,11.172433853149414,2.0166473388671875,1.7716691493988037,1.8978359699249268,2.914905309677124,0.2395247220993042,2.077583312988281,1.1767250299453735,0.401213675737381,0.241544634103775,3.053013801574707,4.334212779998779,0.1659494340419769,0.472827672958374,0.0678102374076843,3.005929946899414,1.0701501369476318,1.5229538679122925,2.19738245010376,1.3044731616973877,1.162763237953186,3.550142288208008,1.3116086721420288,3.156285285949707,1.2683080434799194,8.270864486694336,0.0,1.3322319984436035,3.224471092224121,8.724209785461426,0.5416796207427979,1.0816538333892822,0.321320503950119,0.9110583662986756,13.14118480682373,7.957994937896728,1.066635012626648,1.0742371082305908,3.956797599792481,0.0,99.15557861328124,3.299755096435547,32.53410339355469,4.880864143371582,4.20958137512207,1.042478084564209,2.726623296737671,0.9185975790023804,2.0545742511749268,0.4252850413322449,0.8276432752609253,1.0343170166015625,1.852486252784729,1.7815382480621338,2.0151069164276123,1.3675169944763184,0.0882377624511718,0.0,0.0711400806903839,0.0183972120285034,0.0237403512001037,0.2447216808795929,0.0,0.0728628784418106,0.0038506686687469,0.4794263839721679,0.0542978346347808,0.0044922530651092,0.0,2.533145904541016,3.555575370788574,3.314616441726685,2.9315783977508545,0.2847946882247925,0.7256103754043579,5.517224788665772,1.010356068611145,0.7694015502929688,3.354442596435547,1.8952937126159668,8.726598739624023,0.9330320358276368,0.6717567443847656,0.0,13.960776329040527,0.5147333145141602,9.28078556060791,0.9410190582275392,0.0726276636123657,22.80278587341309,1.010732650756836,0.6386032104492188,26.300586700439453,11.136680603027344,1.8192167282104488,0.7683582305908203,21.02510452270508,1.2644319534301758,8.30286979675293,3.4411988258361816,14.204337120056152,0.7013101577758789,0.175631046295166,9.245139122009276,7.016365051269531,6.655807495117188,1.6818885803222656,16.852096557617188,2.408363342285156,2.124643325805664,9.437923431396484,4.890323638916016,0.9476947784423828,1.853994607925415,4.410121917724609,2.740762710571289,11.002779006958008,8.126750946044922,12.522602081298828,5.214767456054688,14.666374206542969,10.753044128417969,5.152188301086426,35.353294372558594,38.65451431274414,2.4733428955078125,41.108619689941406,6.621861457824707,31.77130508422852
TEST_02+1일,8.166263580322266,2.3458213806152344,12.845991134643556,6.785552024841309,2.736018657684326,1.315192937850952,0.5794687271118164,1.499481439590454,1.9932103157043457,0.9783269166946412,2.716454267501831,0.3999705910682678,1.513516545295715,4.888359546661377,40.39144515991211,1.4936068058013916,1.6432209014892578,1.73744797706604,0.795190155506134,2.9220848083496094,0.9353914260864258,2.852752685546875,0.5178093314170837,0.0,0.0,0.0,0.0,2.024393081665039,11.578140258789062,7.671163558959961,3.560277223587036,5.540850162506104,3.0767693519592285,1.4114370346069336,0.0,4.001670837402344,57.20333099365234,8.215876579284668,2.0272507667541504,33.5992431640625,23.688962936401367,1.3008350133895874,0.1163206100463867,0.0,0.3537514209747314,1.7327083349227903,0.2406692653894424,5.446414947509766,0.0318320095539093,6.0482683181762695,20.08714866638184,1.1784870624542236,10.097500801086426,1.4981368780136108,1.0184882879257202,1.6139953136444092,1.661515712738037,2.140957832336426,0.4933206439018249,0.5242427587509155,16.41714096069336,18.87660217285156,23.896150588989254,23.50146102905273,11.289118766784668,0.4051316082477569,0.2808060646057129,1.1201854944229126,1.4418516159057615,0.0,1.3176668882369995,0.0,1.008029222488403,0.1072920560836792,2.333404064178467,3.999917984008789,0.32058185338974,2.3301005363464355,0.1215850710868835,3.886533975601196,2.9956939220428467,1.9281878471374512,1.5307931900024414,0.5537946224212646,2.682243824005127,0.9045968055725098,0.9977288246154784,3.812049627304077,1.5338562726974487,2.82690978050232,0.0,2.0618247985839844,3.633176803588867,0.3637318611145019,0.3784403502941131,0.0,0.1623525321483612,0.4969167709350586,6.546709060668945,9.069372177124023,0.0,0.0008231699466705,1.6572256088256836,0.1925583481788635,216.94805908203125,7.321754455566406,48.67101287841797,5.42652702331543,9.35809326171875,2.016615390777588,3.004514694213867,0.3455935716629028,1.0062260627746582,0.6064251661300659,0.9067437648773192,0.078524112701416,3.3649415969848637,1.256999969482422,1.042940974235535,1.235912561416626,0.1919445991516113,0.0,0.0103439390659332,0.0461139976978302,0.0337143540382385,0.0001039505004882,0.0,0.0,0.0187352895736694,0.0,0.0,0.0,0.0,1.8246722221374512,0.6049029231071472,1.5366449356079102,1.790730357170105,0.06902676820755,0.4593789577484131,1.9497807025909424,0.1385607123374939,0.0,2.3269972801208496,0.3165420293807983,6.108259201049805,0.0,0.0,0.0,6.322029113769531,0.0,7.417263031005859,0.0,0.0,16.168380737304688,0.0,0.0,22.67742729187012,6.759664535522461,0.0,0.0,14.007214546203612,1.1071147918701172,4.824004173278809,1.9352107048034668,6.466464996337891,0.0,0.0,13.26484489440918,0.0,0.0,0.0,6.600090026855469,2.146574020385742,0.3557262420654297,10.72097396850586,0.7305030822753906,0.099679946899414,5.143908977508545,1.5407752990722656,0.1351661682128906,46.19133758544922,31.22855567932129,49.10654067993164,21.855445861816406,22.482534408569336,44.91164779663086,25.26898002624512,123.86965942382812,81.22297668457031,5.002743721008301,92.95803833007812,26.76984596252441,75.56483459472656
TEST_02+2일,1.979255437850952,8.026922225952148,2.6701157093048096,2.0950021743774414,0.4452015161514282,0.0755211114883422,3.766416549682617,0.0,0.679524302482605,0.0,0.3746659159660339,0.0,0.1542037725448608,0.599604606628418,8.524724006652832,0.1849455833435058,5.650789260864258,0.1798581480979919,0.150278627872467,9.047552108764648,3.611083507537842,0.0440367460250854,0.0906921029090881,0.0,0.0,0.0,0.0,0.0,3.82825231552124,2.8972949981689453,1.1601909399032593,1.762387990951538,0.452898621559143,0.184092104434967,0.0,1.552934169769287,32.47636413574219,5.146310806274414,0.8962822556495667,15.323707580566406,7.35232400894165,0.5774717926979065,0.0,0.0,0.0,1.2970850467681885,0.0151836574077606,1.7916134595870972,0.0,1.7582876682281494,12.520618438720703,0.0,6.24538516998291,0.7562688589096069,0.7378500699996948,0.3883214294910431,0.6456190347671509,0.7117637991905212,0.4100368022918701,0.0961738228797912,9.054208755493164,4.110757827758789,8.933684349060059,11.989317893981934,4.922944068908691,0.4939615130424499,0.0,0.8923145532608032,1.382212519645691,0.0,0.5176762342453003,0.0,0.0347110778093338,0.0875735282897949,0.3531880378723144,0.4573385715484619,0.0069424510002136,0.6710031032562256,0.1420307159423828,0.9120839834213256,0.1997968256473541,0.2041983604431152,0.2394922971725464,0.3802030086517334,0.1602131128311157,0.5697511434555054,0.0312545895576477,1.7068334817886353,0.3180972933769226,2.6774067878723145,0.0,0.5008962154388428,1.5441088676452637,0.1463675498962402,0.0870308279991149,0.0,0.0898841023445129,0.1046680212020874,8.308904647827148,3.6741690635681152,0.0,0.0,0.2481045722961425,0.0369497537612915,17.840309143066406,16.32672691345215,18.90261459350586,2.196707248687744,2.657566547393799,0.5574348568916321,2.006263256072998,0.3524927496910095,0.9696910977363586,0.4261682629585266,0.1996292471885681,0.1490978002548217,1.724146842956543,0.1717665195465088,0.2446825504302978,0.3799392580986023,0.2480722069740295,0.0,0.0271812081336975,0.0343683958053588,0.0478681921958923,0.0434927642345428,0.0003874003887176,0.0,0.0472499430179595,0.0013144016265869,0.1234409511089325,0.0234860181808471,0.0,0.8805162906646729,0.0,1.0135990381240845,0.9132002592086792,0.0,0.2167419791221618,1.318264722824097,0.0,0.0,0.5822214484214783,0.1386104822158813,2.683277130126953,0.0,0.0,0.0,5.209405899047852,0.0,2.500790596008301,0.0,0.0,4.291461944580078,0.0,0.0,11.516897201538086,1.843876838684082,0.0,0.0,2.763050079345703,0.6056938171386719,3.2454423904418945,1.44102144241333,4.108953475952148,0.0,0.0,2.950523376464844,0.0,0.0,0.0,0.0,0.0,0.0,0.6312065124511719,0.0,0.0,0.2838201522827148,0.0,0.0,18.774858474731445,10.708084106445312,18.69581413269043,7.308638572692871,8.927407264709473,17.227039337158203,10.509138107299805,44.586517333984375,13.885367393493652,3.085744857788086,27.28261947631836,5.257739543914795,10.198578834533691
TEST_02+3일,2.55037784576416,4.573410034179688,2.897951602935791,1.1804343461990356,0.2911438047885895,0.0349454879760742,1.8978519439697263,0.0,1.236533522605896,0.2833868861198425,0.0915600657463073,0.0,0.1813746094703674,0.0629030466079711,5.002553462982178,0.3651604056358337,3.971961975097656,0.1974297761917114,0.2444953918457031,6.189191818237305,1.6866240501403809,0.2715834379196167,0.1290220022201538,0.0,0.0,0.0,0.0,5.065057754516602,3.5432746410369877,1.390982985496521,1.0922032594680786,1.948598861694336,0.5838121771812439,0.0,0.0,0.3248864412307739,21.15694808959961,2.918823719024658,0.7018144726753235,15.60421085357666,8.189613342285156,0.0926148891448974,0.0380764007568359,0.0601669549942016,0.0653893947601318,1.5824795961380005,0.0,1.6308661699295044,0.0,1.3287601470947266,11.016573905944824,0.0436775684356689,4.168370246887207,0.0424008965492248,0.9373964071273804,0.2174202799797058,0.786541223526001,0.4041035175323486,0.4532256722450256,0.1535438895225525,5.901366233825684,2.6695480346679688,6.3886027336120605,7.9459638595581055,5.369620800018311,0.2856482863426208,0.2315946519374847,0.8021765351295471,1.4627090692520142,0.0,0.7408851385116577,0.0,0.0,0.1530032753944397,0.7420810461044312,0.8614749908447266,0.3224250376224518,0.3035665154457092,0.3884987831115722,0.7558765411376953,0.0082026124000549,0.2242342829704284,0.2248473763465881,0.6601930856704712,0.2028946876525879,0.7045142650604248,0.0560494661331176,0.9674197435379028,0.5699288845062256,2.7788643836975098,6.15089225769043,0.2193718254566192,1.7116246223449707,0.2487287521362304,0.2670023441314697,0.0,0.0,0.2287374138832092,7.539920806884766,2.710714101791382,0.0,0.0,1.581248760223389,0.0867520570755004,12.87896728515625,24.40800666809082,11.995410919189451,2.6256678104400635,1.3825960159301758,1.01676344871521,2.3974685668945312,0.3534250855445862,1.3977771997451782,0.4384530186653137,0.2721039354801178,0.6089903116226196,1.0899081230163574,0.3470445573329925,0.1564887166023254,1.6216652393341064,0.2776545286178589,0.0,0.0331576764583587,0.1097810566425323,0.0420164167881011,0.1191722601652145,0.0,0.0530464351177215,0.0783690214157104,0.1967444419860839,0.0439323782920837,0.0506749004125595,0.0,1.429560899734497,0.7200204730033875,2.322692394256592,1.125707745552063,0.0,0.6566113233566284,5.298758029937744,0.1588334441184997,0.0833873152732849,0.8696768283843994,0.240180492401123,3.738743782043457,0.0,13.263534545898438,12.78194808959961,5.423288345336914,0.0,3.0862960815429688,0.0,0.0,7.665599822998047,0.0,0.0,11.864395141601562,2.4463138580322266,0.0,0.0,4.015769958496094,0.7128252983093262,3.484076499938965,1.491767406463623,4.62126350402832,0.0,0.0,2.273663282394409,0.0,0.0,0.0,0.0,0.3877525329589844,0.0,1.7895164489746094,0.0,0.0,0.5110139846801758,0.3401298522949219,0.0,15.39073371887207,7.849794387817383,13.322347640991213,4.578255653381348,9.893138885498049,10.216325759887695,6.882630348205566,37.35980987548828,13.734746932983398,3.9335336685180655,19.53075408935547,4.7678542137146,7.194562911987305
TEST_02+4일,1.774925708770752,2.60969352722168,2.740053415298462,1.0477492809295654,0.1738275587558746,0.0,0.9909114837646484,0.0,1.738522171974182,0.1887388229370117,0.0,0.0470051765441894,0.2627332806587219,0.1505430936813354,4.8325371742248535,0.1160191893577575,0.3974437713623047,0.1759268939495086,0.399660050868988,2.396146774291992,1.3584060668945312,0.2437244653701782,0.0841929018497467,0.0,0.0,0.0,0.0,7.500802993774414,4.429136753082275,1.6596765518188477,2.014982223510742,1.7999436855316162,0.1271594762802124,0.0,0.0,0.0617075562477111,18.41280174255371,2.103177785873413,0.4427137970924377,14.467434883117676,9.68251132965088,0.0,0.0435476303100585,0.0043435096740722,0.0,1.390877604484558,0.0,1.304373264312744,0.0,1.0474618673324585,8.777788162231445,0.0,3.777945756912232,0.0009785890579223,0.93002450466156,0.2973089814186096,0.438116192817688,0.2817676663398742,0.4054274559020996,0.0472135543823242,4.5144572257995605,2.4381237030029297,5.8985114097595215,6.976171016693115,6.242908477783203,1.0323554277420044,0.0667163729667663,0.5908796191215515,1.7421655654907229,0.0,0.59521484375,0.0,0.0,0.0859090089797973,0.3495768904685974,1.082221746444702,0.1781391203403473,0.5968399047851562,0.1811015009880066,0.4848380088806152,0.0,0.2088788747787475,0.1637173295021057,1.0036745071411133,0.1989599466323852,0.5436592102050781,0.0589104294776916,0.4971531629562378,0.4754509329795837,2.709096193313598,1.7644119262695312,0.1944363713264465,1.7150399684906006,0.2621865272521972,0.0169437527656555,0.4149264991283417,0.0,0.3056810796260834,10.840082168579102,2.955437421798706,0.0,0.0,0.2683653831481933,0.0176543295383453,0.0,10.271635055541992,7.021533012390137,2.3785619735717773,1.6081786155700684,0.9143522381782532,1.7367839813232422,0.347831130027771,1.7791906595230105,0.2776269316673279,0.2031302154064178,0.6513410210609436,1.2604119777679443,0.5575001239776611,0.0,0.9089351892471312,0.3237714171409607,3.743630409240722,0.0254822969436645,0.0822509378194809,0.0428235530853271,0.0624198019504547,0.0,0.0132234096527099,0.0664405822753906,0.1096189022064209,0.0,0.032302439212799,0.0,1.1162126064300537,0.251105785369873,1.4473347663879397,0.8334140777587891,0.0280140936374664,0.4727128148078918,2.420153379440308,0.0711811482906341,0.0769326090812683,0.475348949432373,0.2029197812080383,3.3923416137695312,0.0,4.1850433349609375,5.736499786376953,5.40168571472168,0.0,3.2133045196533203,0.0,0.0,6.980155944824219,0.0,0.0,12.019622802734377,2.412093162536621,0.0,0.0,3.809194564819336,0.6053471565246582,3.4394121170043945,1.490206241607666,4.463800430297852,0.0,0.0,1.9375262260437007,0.0,0.0,0.0,0.0,0.0,0.0,2.363323211669922,0.0,0.0,0.5788097381591797,0.0,0.0,9.879806518554688,5.538784980773926,10.453189849853516,3.224881172180176,8.427095413208008,6.805986404418945,4.656393051147461,29.3121337890625,10.205289840698242,3.498668670654297,17.146188735961914,4.529593467712402,4.167854309082031
TEST_02+5일,4.684464454650879,13.806696891784668,5.295650005340576,2.4211082458496094,0.5997229218482971,0.4398139417171478,3.304410457611084,0.0,1.7688302993774414,0.2966400980949402,0.5911657810211182,0.1355758309364318,0.2892113924026489,1.1941710710525513,12.577723503112791,0.515687108039856,15.71970272064209,0.2858239412307739,0.6220837235450745,12.234623908996582,4.046329498291016,0.6666585206985474,0.150873601436615,0.0,0.0,0.0,0.0,13.796266555786133,3.4990234375,2.139379978179932,1.804878115653992,2.806487560272217,1.070103883743286,0.1858217716217041,0.0,0.6582417488098145,27.917356491088867,3.0618529319763184,0.8542777895927429,22.351055145263672,7.121448516845703,0.2100704312324524,0.0380764007568359,0.096132218837738,0.2176264822483062,1.9741188287734983,0.0,1.9385902881622317,0.0340137779712677,1.9269704818725584,12.599414825439451,0.1461358070373535,4.049105644226074,0.1011121273040771,1.354919195175171,0.5493628978729248,1.0802313089370728,0.3763109445571899,0.5416239500045776,0.113909363746643,7.040307998657227,4.4296875,7.569618225097656,11.761951446533203,7.763258457183838,0.2344089746475219,0.3907123208045959,0.7843394875526428,2.356643915176392,0.0,0.5889073610305786,0.0,0.0979684293270111,0.1594053506851196,0.9378337860107422,1.8783867359161377,0.0459691882133483,0.5809745788574219,0.7810972332954407,1.3528895378112793,0.5086591243743896,0.2989582419395447,0.4221420288085937,0.3885600566864013,0.6707247495651245,0.6604001522064209,0.1002352237701416,1.3434398174285889,0.6206397414207458,2.806464910507202,13.467636108398438,0.3997209668159485,3.3116443157196045,0.3237662315368652,0.3638473749160766,0.0615239739418029,0.1099098026752471,0.6325854063034058,22.030916213989254,5.244841575622559,0.0,0.0,3.2102439403533936,0.1560504287481308,24.32333755493164,46.60977935791016,11.956021308898926,3.7589828968048096,3.367983818054199,1.2311644554138184,3.134751558303833,0.3582731485366821,1.270982265472412,0.4115549921989441,0.5345815420150757,0.2345204651355743,1.807294249534607,1.1028928756713867,0.1812901496887207,1.0600042343139648,0.4581571817398071,0.0,0.0843368619680404,0.1051201969385147,0.0714195221662521,0.2263108193874359,0.0,0.0758342295885086,0.0827153027057647,0.978590488433838,0.0955008566379547,0.1069757342338562,0.0,2.251392364501953,0.7610484957695007,2.7513022422790527,1.3092985153198242,0.2617435455322265,0.9589781165122986,4.894307613372803,0.3396898806095123,0.4199214279651642,1.7110378742218018,0.2751412391662597,3.885110855102539,0.0,12.672983169555664,12.33721160888672,5.384401321411133,0.0,3.3403120040893555,0.0,0.0,9.177989959716797,0.0,0.0,12.14662742614746,2.401747703552246,0.0,0.0,3.81488037109375,0.6441779136657715,3.53256893157959,1.5760841369628906,4.572471618652344,0.0,0.0,4.671288967132568,0.0,0.0,0.0,0.0,0.0675048828125,0.1394634246826172,2.5450897216796875,0.04736328125,0.0132045745849609,0.4768571853637695,0.1671562194824218,0.0,15.281731605529783,7.122991561889648,12.496334075927734,4.13395881652832,9.4973783493042,8.940017700195312,5.518925666809082,33.20094299316406,20.804903030395508,4.368399620056152,21.80712509155273,5.944408893585205,12.972431182861328
TEST_02+6일,8.450459480285645,24.55295181274414,7.456873416900635,4.014242172241211,0.7663277983665466,1.6736292839050293,6.5944671630859375,0.1487376689910888,4.335983276367188,0.5610169768333435,1.5768383741378784,0.7720094919204712,0.7793644666671753,2.679182529449463,16.393644332885742,1.200317144393921,24.4860897064209,0.4544519186019897,2.2021305561065674,22.90202522277832,8.022407531738281,1.43960702419281,0.720845103263855,0.0,5.4173078536987305,0.8864645957946777,9.258241653442385,37.18476867675781,3.3159942626953125,2.097980737686157,1.7075225114822388,4.353987693786621,2.212652921676636,1.7173045873641968,0.0,0.3887337446212768,36.79782485961914,2.153689384460449,1.0877548456192017,32.21296310424805,7.0600762367248535,1.0482091903686523,0.1874513626098632,0.2525700330734253,1.1082358360290527,3.419368028640747,0.3412394523620605,2.596949338912964,0.1664738357067108,3.181142568588257,14.125696182250977,0.3834640979766845,4.795450210571289,0.2669346332550049,2.283287286758423,1.4001185894012451,1.3538434505462646,0.5809323191642761,0.7954534292221069,0.6129207611083984,8.929290771484375,7.827396392822266,9.694598197937012,14.936384201049805,5.03619384765625,0.1597918272018432,0.846434473991394,0.7528089284896851,2.5825719833374023,0.0,0.6267454624176025,0.0,0.4313188195228576,0.1339249014854431,2.107652425765991,4.263928413391113,0.0929094552993774,0.6854602098464966,1.4644160270690918,1.912710428237915,1.0603036880493164,0.4374850988388061,0.5309091806411743,0.3273122310638428,1.7046858072280884,1.2066259384155271,0.7686641216278076,1.718106985092163,1.1482642889022827,3.038130760192871,35.1403694152832,0.7791112065315247,4.324545383453369,0.7735843658447266,0.6993414759635925,0.0,0.1979342252016067,1.3960707187652588,21.032201766967773,8.49337100982666,0.3827379047870636,0.0,6.809355735778809,0.2922396659851074,52.4365463256836,45.1462287902832,16.608306884765625,4.145806312561035,4.374569892883301,1.338230848312378,4.144989967346191,0.3602309823036194,1.2457603216171265,0.5492568016052246,0.4722654521465301,1.526544213294983,2.217862129211426,1.2466987371444702,0.7470104694366455,1.5435705184936523,0.1922820210456848,0.0,0.0709580779075622,0.5401644706726074,0.0783379077911377,0.3555309176445007,0.0161299556493759,0.0826911777257919,0.1109587252140045,0.5083414316177368,0.1336511671543121,0.083425834774971,0.0,3.994632005691528,2.6761417388916016,5.002982139587402,1.3620566129684448,0.9088832139968872,2.406175136566162,9.952167510986328,1.239160418510437,1.3747053146362305,2.8147714138031006,0.6808693408966064,5.654522895812988,0.0,90.45573425292967,50.78165054321289,6.14271354675293,0.0,4.483382225036621,0.0,0.0,14.990970611572266,0.0,0.0,13.212055206298828,3.3559374809265137,0.0,0.0,5.939388275146484,0.7058913707733154,4.082577705383301,1.8563590049743648,5.381965637207031,0.0,0.0,7.10468339920044,0.0,0.0,0.1248207092285156,2.5284347534179688,0.6292095184326172,0.8742008209228516,4.548072814941406,1.651519775390625,0.3326053619384765,0.7371730804443359,0.8743171691894531,0.3298568725585937,19.88895797729492,8.222939491271973,15.27792739868164,5.400679588317871,11.80067539215088,11.014982223510742,7.764520645141602,40.19000244140625,27.88629722595215,5.9911651611328125,24.407604217529297,7.108520984649658,20.240421295166016
TEST_02+7일,16.184959411621094,3.77431869506836,15.06924819946289,9.31590747833252,2.21430778503418,3.628866195678711,0.7727975845336914,4.42015266418457,4.323264122009277,1.688729166984558,3.92805552482605,1.4456944465637207,2.7252755165100098,5.874392032623291,36.7615966796875,2.1635000705718994,2.426898956298828,2.232044219970703,2.8901381492614746,4.720708847045898,1.3887300491333008,5.455985069274902,1.229586124420166,0.5375840663909912,0.0047307014465332,0.1017336845397949,8.773748397827148,41.59587478637695,7.996558666229248,4.600913047790527,3.4638214111328125,8.862470626831055,4.866983413696289,2.4828591346740723,0.3022571802139282,1.9056984186172483,63.75545883178711,4.070320129394531,2.4645791053771973,54.98393249511719,16.626800537109375,1.586972951889038,0.3680152893066406,0.0,1.8932881355285645,5.033724784851074,0.6594357490539551,5.985288619995117,0.9977031946182252,6.714622497558594,18.421363830566406,2.3053946495056152,7.4939188957214355,0.7192465662956238,3.3274502754211426,2.7869207859039307,1.772871017456055,1.762238383293152,0.6898805499076843,1.760322093963623,15.892095565795898,15.123455047607422,20.077224731445312,25.31144142150879,8.286901473999023,0.6346229910850525,1.6512625217437744,1.0717928409576416,1.6758456230163574,1.1396750211715698,1.2864285707473757,0.0199121236801147,1.3711191415786743,0.1250900030136108,3.796444892883301,8.754758834838867,0.7232970595359802,1.4749701023101809,0.7167494297027588,4.34368896484375,2.6149725914001465,2.4218590259552,2.100462913513184,0.5551407337188721,4.392024517059326,3.1175193786621094,1.7243800163269043,3.3114733695983887,1.7579519748687744,3.351320266723633,9.01241683959961,1.7732970714569092,5.726310729980469,1.2751946449279783,1.5209623575210571,0.0214461982250213,0.1841190159320831,1.974484205245972,7.659602165222168,10.766725540161133,1.373901605606079,0.0356253981590271,10.750158309936523,0.6754341125488281,160.45852661132812,7.330038070678711,33.80617141723633,6.063857078552246,9.348767280578612,2.211143016815185,3.739422559738159,0.371978223323822,1.1695560216903689,0.7414773106575012,0.8808084726333618,0.4256233274936676,3.7068352699279785,2.478499412536621,1.4502794742584229,1.5658676624298096,0.1623623371124267,0.0,0.0226609110832214,0.5526555776596069,0.0402868092060089,0.0425177216529846,0.0098967552185058,0.0,0.0697294175624847,0.0,0.0,0.0,0.0,5.394193649291992,3.9042739868164062,5.529379844665527,2.59309196472168,1.1586368083953855,2.734614849090576,8.870660781860352,1.5692065954208374,0.6572259664535522,4.004833698272705,1.5329904556274414,11.8328275680542,0.5376863479614258,59.83709335327149,12.778282165527344,8.071979522705078,0.2363920211791992,8.664480209350586,0.5360927581787109,0.013548731803894,38.07706069946289,0.4349842071533203,0.4782142639160156,19.650484085083008,8.635415077209473,12.139925003051758,0.1166830062866211,16.67753791809082,1.2973687648773191,5.977618217468262,2.4738998413085938,8.511268615722656,0.3017864227294922,0.1213817596435546,15.484540939331056,4.759300231933594,5.126617431640625,0.9957237243652344,15.453887939453123,4.420078277587891,1.6810264587402344,13.00908088684082,4.048599243164063,0.6492166519165039,4.323629856109619,4.944309234619141,2.234569549560547,45.00879669189453,21.381681442260746,35.579471588134766,15.469850540161133,28.295394897460938,29.33014678955078,21.427377700805664,110.63150024414062,73.95133972167969,9.335440635681152,63.81990814208984,20.995832443237305,60.69630432128906
TEST_03+1일,3.595236301422119,8.507574081420898,9.826391220092772,2.589972496032715,0.3783468008041382,1.2021914720535278,0.9636478424072266,1.78988778591156,3.085994243621826,0.4968242645263672,0.6414527297019958,0.1898194253444671,0.8284721970558167,1.1046583652496338,14.367145538330078,0.54360032081604,2.318805694580078,0.7490891814231873,0.7912231087684631,6.033411026000977,1.3996877670288086,0.344129204750061,0.6518743634223938,0.055107831954956,0.0,0.5720386505126953,8.168132781982422,19.945518493652344,6.236075878143311,4.715821266174316,6.391885280609131,3.166996479034424,1.8257532119750977,0.817358672618866,0.152381420135498,4.983444213867188,30.46956443786621,8.535696983337402,0.4696160554885864,23.47122383117676,12.074557304382324,0.4386735260486603,0.1858100891113281,0.5120770335197449,1.532723903656006,1.6472506523132324,0.0,2.996718168258667,0.4793621301651001,1.6786987781524658,15.586767196655272,2.1254563331604004,5.9392523765563965,0.8048022985458374,3.326256513595581,1.4079136848449707,2.1741771697998047,0.6397033333778381,0.6172045469284058,0.185101568698883,5.685696125030518,9.41002082824707,27.43756484985352,12.055146217346191,14.009174346923828,1.0844407081604004,0.5589310526847839,0.5318789482116699,1.6551918983459473,0.1862098574638366,2.190030574798584,0.0841972827911377,1.926926612854004,0.4512782096862793,4.854663848876953,1.406771183013916,0.6271433234214783,1.978904604911804,0.5961411595344543,3.922021627426148,2.328848361968994,0.4647572934627533,0.0758479833602905,3.106516599655152,0.7690257430076599,0.4401884078979492,1.0472614765167236,1.543931245803833,4.931694984436035,4.429147720336914,0.0,1.32488214969635,3.430734872817993,8.118301391601562,0.7987332940101624,1.5369093418121338,0.707068920135498,1.087840557098389,15.879741668701172,4.609218597412109,3.9056684970855713,3.026120901107788,4.168013572692871,0.1349493563175201,195.82192993164065,4.572765350341797,21.07281875610352,4.153395652770996,1.005958914756775,0.2856960296630859,4.914028167724609,0.2284941673278808,1.6469595432281494,0.8330109119415283,1.2037081718444824,0.5110459923744202,0.3538812398910522,0.6730232238769531,5.306254863739014,2.460806608200073,0.3273707628250122,5.992613792419434,0.0271053612232208,0.0465953946113586,0.0729473382234573,0.0880286693572998,0.0206045657396316,0.0538348108530044,0.228374108672142,0.0,0.2037773877382278,0.0,27.76792907714844,0.065079927444458,0.187213659286499,0.5538392066955566,0.2674750089645386,0.0,0.3465118408203125,1.5467631816864014,0.0,0.2657097578048706,0.0905954837799072,0.3505827188491821,8.749366760253906,1.1460580825805664,0.0,0.0,13.309406280517578,0.815643310546875,12.745241165161133,1.1897296905517578,0.1000187397003173,30.47972297668457,1.5760574340820312,1.7803592681884766,29.443952560424805,7.313406944274902,2.7476882934570312,1.195244312286377,14.579562187194824,2.989632606506348,7.589677810668945,3.9931602478027344,12.246027946472168,1.0066232681274414,0.3893194198608398,14.311134338378906,19.948753356933597,17.01891326904297,1.9787864685058596,20.190486907958984,2.807401657104492,13.691913604736328,31.105440139770508,19.97730255126953,8.70117473602295,4.177687168121338,6.251792907714844,6.910366058349609,140.0203094482422,83.2109375,120.60560607910156,48.42980194091797,65.4898910522461,141.039306640625,76.7286605834961,546.9237060546875,113.67234802246094,74.27114868164062,89.86567687988281,16.265792846679688,145.10537719726562
TEST_03+2일,0.7927970886230469,23.373374938964844,2.1745121479034424,0.0,0.0,0.4425401091575622,19.922739028930664,1.8554126024246216,0.2994298934936523,0.0,0.5353182554244995,0.0,0.0307418704032897,0.8563449382781982,2.834845542907715,0.0,39.59047317504883,0.0530446767807006,0.2447658777236938,39.955360412597656,21.443422317504883,0.0,0.1204757988452911,1.0964175462722778,7.0362868309021,16.380664825439453,12.18868637084961,11.149652481079102,3.468715190887451,1.4560061693191528,4.460666656494141,3.160822868347168,0.4033232927322387,0.3481513261795044,0.0,3.398876905441284,23.5407829284668,7.532595634460449,0.7035022377967834,21.19361114501953,7.501857280731201,0.4815985858440399,0.0,0.4863442182540893,0.1579965353012085,1.4370709657669067,0.0763234719634056,2.3969149589538574,0.0,0.8227118253707886,9.117165565490724,0.4989138841629028,5.010727882385254,0.0,1.4222724437713623,0.2041054964065551,0.4023593664169311,0.5337213277816772,0.1337289810180664,0.1437185406684875,2.7132906913757324,2.7117207050323486,21.388267517089844,14.186060905456545,12.276480674743652,0.5299729108810425,0.0,0.5069458484649658,1.6686758995056152,0.4447650015354156,0.4108295440673828,0.0,0.9917781352996826,0.0,3.275991439819336,0.7647597789764404,0.0,2.7639083862304688,0.2201722860336303,2.24507737159729,1.7703357934951782,0.5867688655853271,0.0941952466964721,0.4829557538032532,0.0790014266967773,0.3302618265151977,1.0918867588043213,0.8370335102081299,3.0570759773254395,2.483180522918701,93.3668975830078,0.2096362113952636,3.6970930099487305,3.2901997566223145,0.0,0.2048010826110839,0.0,0.4786069989204407,15.341522216796877,0.9741647243499756,1.3155887126922607,1.8402886390686035,2.3886313438415527,0.1159253418445587,0.0,112.77879333496094,4.448261260986328,2.917719602584839,0.8978168964385986,0.2882921099662781,3.5363481044769287,0.1462635397911071,0.4214215278625488,0.3327879607677459,0.6642134189605713,0.0,0.1050622463226318,0.2343825697898864,4.4237213134765625,2.023287534713745,0.0232242345809936,38.32921600341797,0.5005432963371277,0.1662395596504211,0.1780850887298584,0.053461730480194,0.2242775410413742,0.3808688819408417,0.6016417741775513,5.250998020172119,0.8064041137695312,0.4278375506401062,52.43190002441406,0.3314716815948486,0.0,0.3388936519622803,0.2469383478164672,0.0,0.0883599519729614,0.3912131786346435,0.0,0.0,0.0,0.0,4.024971961975098,0.0,96.83670043945312,134.940185546875,5.738712310791016,0.0,5.059998512268066,0.0,0.0,14.83840560913086,0.0,0.0,21.57672119140625,2.145493507385254,0.0,0.0,6.718313217163086,0.6816220283508301,3.563196182250977,2.263108253479004,4.12004280090332,0.0,0.0,7.619574069976807,0.0,0.0,0.0,0.0,0.0,2.074735641479492,1.1052207946777344,0.0,0.3507375717163086,0.0,0.0,0.0,118.8587646484375,49.87708282470703,102.7799072265625,17.47943115234375,69.01824951171875,72.80976867675781,47.80774688720703,466.2552185058594,71.98990631103516,95.91754913330078,48.145545959472656,9.753724098205566,78.36273193359375
TEST_03+3일,1.7289628982543943,19.450050354003903,3.348461151123047,0.2828178405761719,0.0500058531761169,0.750090479850769,9.978461265563965,1.7950400114059448,1.0143553018569946,0.0,0.6719149947166443,0.0040633976459503,0.090779423713684,1.6821368932724,6.330569267272949,0.1484841704368591,24.97521209716797,0.1790242493152618,0.3769398331642151,26.174848556518555,10.123207092285156,0.0,0.1309154629707336,0.9389996528625488,0.3701109886169433,20.56620407104492,19.634464263916016,27.74960327148437,4.260703086853027,1.7086446285247805,3.961094379425049,3.405626058578491,0.2705271244049072,0.3762971758842468,0.0,2.3485260009765625,28.725017547607425,9.000247955322266,0.9543174505233764,23.86688232421875,8.812100410461426,0.513803243637085,0.0856795310974121,0.5163244605064392,0.2074622809886932,1.5644038915634155,0.1471743881702423,1.7264723777770996,0.0,1.0946255922317505,10.250036239624023,0.0546599626541137,5.178936958312988,0.1004454493522644,1.3819777965545654,0.4840530455112457,0.8087242841720581,0.6106667518615723,0.2434691190719604,0.1778574585914611,2.903336524963379,3.4565589427948,18.211156845092773,12.590323448181152,10.942611694335938,0.9242367148399352,0.0272867679595947,0.8080927133560181,2.140248537063598,0.2698471546173095,1.0432640314102173,0.0,1.482573628425598,0.0439750552177429,5.107677459716797,0.9685261249542236,0.0,4.49240779876709,0.4113951325416565,3.522669792175293,2.846174955368042,2.0193347930908203,0.5816726088523865,0.7353506684303284,0.5479485392570496,0.6471301317214966,1.5001531839370728,1.356935739517212,4.999515533447266,3.5981922149658203,86.56378173828125,0.3500520884990692,3.3068668842315674,3.7387945652008057,0.0,0.0088804364204406,0.0,0.33663010597229,15.321575164794922,1.1014797687530518,1.3676482439041138,1.462259292602539,3.569567918777466,0.115028440952301,3.441322326660156,60.02024459838867,4.55833625793457,2.4340054988861084,0.9715399742126464,0.32817342877388,2.5499722957611084,0.1475687623023986,0.4954709410667419,0.3291747868061065,0.6544182896614075,0.0,0.8206022381782532,0.670326292514801,4.044557094573975,1.7575366497039795,0.0232242345809936,26.75858688354492,0.9687177538871764,0.2796226441860199,0.2603183388710022,0.2100794315338134,0.2313476949930191,0.3651835918426513,0.4896174073219299,4.554640769958496,0.5379214286804199,0.5723081231117249,60.618499755859375,0.5130857229232788,0.1743077039718628,0.9694368839263916,0.3555231094360351,0.0,0.3715934157371521,1.4181034564971924,0.0591689348220825,0.0299254059791564,0.5329015851020813,0.1898555159568786,4.714522361755371,0.0,137.82752990722656,154.20086669921875,6.676340103149414,0.0,5.942702293395996,0.0,0.0,18.02680969238281,0.0,0.0,23.042125701904297,2.810799598693848,0.0,0.0,7.988089561462402,0.7100517749786377,4.231884002685547,2.655024528503418,5.561607360839844,0.0,0.0,8.347519874572754,1.3126983642578125,1.3478775024414062,0.1512126922607422,0.0,0.0,4.065460205078125,5.246623992919922,3.060489654541016,1.235015869140625,0.0,0.0,0.3363456726074219,142.3638458251953,59.93665313720703,111.889404296875,22.10280418395996,88.17584991455078,88.04036712646484,55.18444061279297,543.828857421875,98.30684661865234,106.94876861572266,81.03854370117188,18.10721206665039,108.01820373535156
TEST_03+4일,2.3087317943573,21.83106803894043,4.603670597076416,0.3990559577941894,0.1066182553768158,0.8056917190551758,14.564066886901855,1.3297595977783203,1.173995018005371,0.0,0.7879618406295776,0.0583333671092987,0.2003865242004394,1.6464160680770874,7.0332441329956055,0.1568766832351684,42.96805953979492,0.2537185251712799,0.516146183013916,43.02470397949219,16.292587280273438,0.0066419839859008,0.1802735030651092,0.7444350123405457,10.725923538208008,6.054309844970703,18.066850662231445,15.78701877593994,4.656696319580078,1.942016839981079,3.51369857788086,3.603259801864624,0.4963433742523193,0.4455961287021637,0.0,2.220414161682129,28.1853084564209,9.212239265441896,0.7203289866447449,24.16583824157715,10.082890510559082,0.5249812006950378,0.0837640762329101,0.627005934715271,0.2961542904376983,1.6207396984100342,0.0775890946388244,1.7820165157318115,0.0056216418743133,1.298921823501587,10.99307346343994,0.2317186594009399,5.431906700134277,0.2458679378032684,1.4824211597442627,0.7332839369773865,1.1726083755493164,0.6833643913269043,0.3636907935142517,0.2199066281318664,3.3837900161743164,4.4869537353515625,17.75728416442871,11.380600929260254,10.059589385986328,1.1849735975265503,0.1299449205398559,0.751656711101532,2.3091444969177246,0.0,1.2867547273635864,0.0,1.3073335886001587,0.1810445785522461,5.0394673347473145,0.9519884586334229,0.0830298662185669,3.497279405593872,0.5272771120071411,3.7856500148773193,2.6965670585632324,0.8677639365196228,0.233650803565979,1.0054693222045898,0.6080361604690552,0.9075108766555786,1.3292114734649658,1.5527406930923462,5.253898620605469,4.1514811515808105,48.77143096923828,0.5017042756080627,2.7861244678497314,3.83789324760437,0.0282174944877624,0.1503038704395294,0.0,0.3893011510372162,16.37841033935547,1.5247750282287598,1.780841588973999,1.2289233207702637,4.144650459289551,0.1138010919094085,11.335086822509766,79.54103088378906,5.607285499572754,2.5470118522644043,0.9870840311050416,0.3036448359489441,2.4499690532684326,0.2030418515205383,0.5731934905052185,0.4196645617485046,0.5777921676635742,0.0,0.5280357003211975,0.7801036834716797,3.5634591579437256,1.762112379074097,0.0618050098419189,27.92285919189453,0.426087737083435,0.2456760853528976,0.1991645395755767,0.1934752613306045,0.1446431279182434,0.2175875604152679,0.4537791013717651,4.241862773895264,0.7080445289611816,0.7374088764190674,51.66344451904297,0.7076722383499146,0.2154154777526855,1.2629971504211426,0.4433351159095764,0.1282964348793029,0.4163040518760681,2.047230958938598,0.0,0.0284286737442016,0.4853514432907104,0.2091758847236633,5.444729804992676,0.0,49.23717880249024,74.8956069946289,7.724149703979492,0.0,7.191189765930176,0.0,0.0,20.72877311706543,0.0,0.0,25.027013778686523,3.830246925354004,0.0,0.0,9.381054878234863,1.035607099533081,4.640242576599121,2.758078098297119,6.847925186157227,0.0,0.0,9.41279411315918,1.4194488525390625,1.6132736206054688,0.0,1.8361663818359373,0.0,4.56452751159668,9.805017471313477,5.091606140136719,2.207164764404297,0.6114139556884766,0.0,0.9301490783691406,137.0785369873047,60.802345275878906,107.99868774414062,25.778499603271484,76.91651153564453,96.70232391357422,55.76089859008789,531.8978271484375,107.99374389648438,87.42769622802734,82.85276794433594,20.636829376220703,127.39302825927734
TEST_03+5일,1.863210678100586,52.994720458984375,4.012931346893311,0.2236897945404052,0.0784416198730468,1.017033576965332,36.77752304077149,1.8534728288650515,1.8944354057312007,0.0,0.702256441116333,0.0245068371295928,0.1578983664512634,2.408210277557373,9.125448226928713,0.201542466878891,83.27276611328125,0.1490631699562072,0.4341009855270386,79.33464050292969,39.063743591308594,0.0,0.1892034858465194,0.9428391456604004,30.015893936157227,12.83163070678711,16.81466293334961,20.969669342041016,5.590909004211426,2.972983360290528,4.3384222984313965,3.326608180999756,0.5530146956443787,0.5407715439796448,0.0,2.9603612422943115,32.97274398803711,10.815919876098633,1.513230323791504,25.21514320373535,12.268415451049805,0.5505400896072388,0.2016777992248535,0.6201659440994263,0.1927806735038757,1.500536561012268,0.393729031085968,2.08691668510437,0.1301691532135009,1.1320137977600098,10.555545806884766,0.313953161239624,5.247757911682129,0.1183121800422668,1.6141536235809326,0.7356856465339661,1.2678133249282837,0.5968918204307556,0.3548707365989685,0.1676574051380157,3.013841152191162,5.838363170623779,19.34123039245605,13.31123161315918,13.054935455322266,1.5912787914276123,0.0853660106658935,1.943436861038208,2.6483216285705566,0.3162078857421875,1.6085997819900513,0.0,1.5041342973709106,0.0818116068840026,5.478061676025391,1.0405826568603516,0.0480827689170837,3.7570855617523193,0.5788114070892334,4.573660850524902,3.215427160263061,1.1988898515701294,1.626560926437378,0.8183605670928955,0.686797022819519,0.9500614404678344,1.79439377784729,2.224771022796631,5.702024459838867,4.057945728302002,74.11972045898438,0.5056966543197632,3.3717994689941406,3.594428539276123,0.0,0.2184009850025177,0.0,0.4820381700992584,17.476688385009766,1.310747146606445,1.9791525602340696,1.4256622791290283,3.289212465286255,0.1151818633079528,1.5867652893066406,122.84690856933594,5.951539993286133,3.0485169887542725,0.9713178873062134,0.3585208058357239,3.0940773487091064,0.1650031805038452,0.5811763405799866,0.4178981184959411,0.8709814548492432,0.0,1.0515835285186768,0.9633083939552308,4.078882217407227,2.225632905960083,0.057755708694458,53.664180755615234,0.8738071918487549,0.7329841256141663,0.7093086242675781,0.2349713742733001,0.5139191150665283,0.5299363136291504,0.8213505744934082,6.450625419616699,0.9690085649490356,1.3262598514556885,71.15827941894531,0.7512487173080444,0.2314083576202392,0.9442321062088012,0.4298800826072693,0.2178084552288055,0.3602423071861267,1.5036113262176514,0.3289310336112976,0.0442380607128143,0.6897863745689392,0.1725591421127319,5.34877872467041,0.247894287109375,137.8700714111328,162.5534210205078,7.7284698486328125,0.0,6.738088607788086,0.1948871612548828,0.0,19.985843658447266,0.1900959014892578,0.3422908782958984,25.12226676940918,2.8927693367004395,0.0,0.0,8.871248245239258,1.0799851417541504,4.892914772033691,2.894702434539795,6.666067123413086,0.0156641006469726,0.0188379287719726,8.990812301635742,4.362785339355469,3.8122711181640634,0.6064567565917969,2.8290252685546875,0.0,5.684656143188477,6.829051971435547,5.7442474365234375,2.179269790649414,0.2838201522827148,0.3859176635742187,1.455810546875,141.8467254638672,73.4983901977539,121.9358367919922,31.571701049804688,90.89652252197266,118.0561065673828,67.67207336425781,588.1856689453125,126.0153350830078,101.0750961303711,110.7762680053711,29.20452690124512,146.01199340820312
TEST_03+6일,4.711541652679443,47.47769546508789,6.0007500648498535,3.626680850982666,0.6231261491775513,1.2256492376327517,22.12470245361328,2.236074447631836,2.012885808944702,0.0966747403144836,0.8398202657699585,0.1371565163135528,0.3657208681106567,4.440456867218018,18.584022521972656,1.410716533660889,32.91738510131836,0.4405733048915863,0.5373562574386597,48.98170471191406,24.427711486816406,0.1943634748458862,0.2127950489521026,0.0,8.947468757629395,7.500193119049072,16.913074493408203,58.22317886352539,4.949841499328613,2.6947715282440186,4.219976425170898,3.901004314422608,1.3192837238311768,0.6593879461288452,0.0,2.603011131286621,44.83566665649414,9.925193786621094,1.9901577234268188,32.9941291809082,13.68922519683838,0.6606199741363525,0.3067331314086914,0.9226161241531372,0.5166797041893005,1.5925467014312744,0.2770564556121826,2.808480024337769,0.4757481217384338,1.927451729774475,11.815597534179688,0.3854730725288391,5.476161956787109,0.3289125263690948,4.068397998809815,2.075338363647461,3.2775495052337646,0.7429546117782593,0.6256023645401001,0.2525467872619629,5.134242534637451,5.759997844696045,19.801342010498047,11.008455276489258,12.781431198120115,2.031480312347412,0.187828779220581,3.392690658569336,2.9802474975585938,0.2888926565647125,1.4456381797790527,0.0,1.6154135465621948,0.3619685769081116,4.775874137878418,1.0476701259613037,0.4087114930152893,3.0881612300872803,0.6673158407211304,4.690041542053223,2.8880903720855717,2.12920355796814,4.0067667961120605,1.7949604988098145,2.881096839904785,1.731332540512085,1.5876703262329102,2.344592332839966,4.530742645263672,5.257803440093994,131.8160858154297,0.881662130355835,4.134748458862305,5.067042350769043,0.17626953125,0.4775992631912231,0.0581344664096832,0.9665950536727904,14.409869194030762,2.6408677101135254,2.1519808769226074,1.214910626411438,4.155350685119629,0.0969013571739196,5.044380187988281,95.37359619140624,7.944760322570801,4.362011432647705,1.2699851989746094,0.5269979238510132,3.348217248916626,0.2490984201431274,0.9028408527374268,0.4660335481166839,1.0448951721191406,0.0757378935813903,3.2702746391296387,1.9211697578430176,3.9506094455718994,2.218442440032959,0.1477398872375488,1.3753013610839844,1.0902342796325684,1.125723361968994,0.8275120258331299,0.6721574664115906,0.4227985143661499,0.9735226631164552,0.3940372765064239,5.935735702514648,0.2635209262371063,0.8732942342758179,71.2846450805664,5.032426834106445,2.8102993965148926,5.118390083312988,1.4057265520095823,1.3629448413848877,1.8884832859039309,9.087217330932615,2.0516517162323,1.034101963043213,4.549583435058594,1.778083324432373,6.547360420227051,0.2632465362548828,190.76705932617188,201.02203369140625,9.450334548950195,0.0,8.65304946899414,0.1825542449951172,0.0,24.014467239379883,0.1197566986083984,0.1519966125488281,26.85270500183105,6.193835735321045,0.0,0.0,10.973014831542969,1.2717127799987793,5.465892791748047,3.103151798248291,8.868332862854004,0.0,0.0,8.691544532775879,6.863861083984375,6.226119995117188,0.560272216796875,7.829780578613281,0.6165008544921875,6.879644393920898,16.380651473999023,9.544200897216797,3.695375442504883,1.8467493057250977,1.8663749694824217,2.8283729553222656,124.07310485839844,66.89704895019531,111.52748107910156,37.81747055053711,73.41028594970703,97.9914779663086,67.66212463378906,479.8525390625,102.8951416015625,66.45591735839844,119.96563720703124,27.525758743286133,111.1551284790039
TEST_03+7일,8.126443862915039,9.838895797729492,13.298662185668944,7.821140289306641,1.2630329132080078,1.6873551607131958,0.0,2.1143596172332764,3.862281322479248,0.4696197211742401,0.9419655799865724,0.2882956862449646,0.7605835199356079,4.197620868682861,32.31708908081055,2.112957239151001,3.332181930541992,0.8988350629806519,0.7854529023170471,5.097297668457031,0.0,0.5751349925994873,0.3689292073249817,0.3599730134010315,0.0,0.0,21.60698699951172,43.58462142944336,7.151407718658447,4.893402099609375,6.457055568695068,3.85213041305542,2.5733892917633057,0.8956798315048218,0.1706447601318359,4.588328361511231,51.20345687866211,11.226033210754396,1.260522723197937,33.343833923339844,16.239328384399414,0.6521657109260559,0.7176520824432373,0.752498209476471,1.339151382446289,1.659401535987854,0.1375547796487808,3.2520346641540527,0.8393698930740356,2.4898078441619877,14.37164306640625,1.220876693725586,6.226632595062256,0.7702244520187378,6.751635074615479,4.283264636993408,5.2487640380859375,0.7030255198478699,0.712990403175354,0.3034221231937408,8.818252563476562,9.96686553955078,26.996580123901367,13.335859298706056,15.60305404663086,2.923332691192627,0.4635335803031921,0.7580381631851196,2.159476518630981,0.4478974938392639,3.2701878547668457,0.098465085029602,3.2999095916748047,0.5919328331947327,6.7786407470703125,1.3980594873428345,0.8715274333953857,3.102477550506592,0.7528794407844543,6.580802440643311,3.655360221862793,1.5515296459197998,0.2867899239063263,5.246601104736328,5.383770942687988,0.8885023593902588,2.0012166500091557,2.8251662254333496,7.117575645446777,7.704030990600586,0.0,1.543913960456848,4.6870622634887695,6.7631378173828125,0.6690518856048584,1.1389801502227783,0.6956064701080322,1.3041877746582031,15.896936416625977,5.914062023162842,3.63896107673645,1.889570355415344,5.351736068725586,0.1266174912452697,137.04248046875,4.106086730957031,18.666412353515625,5.603946685791016,1.4083269834518433,0.4757699966430664,4.13072681427002,0.3976753354072571,1.5252089500427246,0.6271406412124634,1.4831231832504272,0.865454912185669,2.842796802520752,2.1782238483428955,5.255064964294434,3.344923973083496,0.4304026961326599,7.354469299316406,0.1200895011425018,0.0834938287734985,0.09687340259552,0.5696520805358887,0.0102093964815139,0.0786055773496627,0.1411686837673187,0.5624935626983643,0.2323383837938308,0.0794466137886047,44.51511001586914,5.716586112976074,3.9718308448791504,5.539434432983398,1.085047483444214,1.304553508758545,2.149510145187378,12.126964569091797,1.6412842273712158,2.1299777030944824,5.289803981781006,2.6838414669036865,9.329955101013184,1.4819097518920898,0.0,0.0,13.766878128051758,0.969106674194336,11.83840560913086,1.5247697830200195,0.1005558967590332,31.03692054748535,1.6985015869140625,1.8646316528320312,29.727066040039062,10.243769645690918,3.173776149749756,0.9814467430114746,14.589037895202637,2.407862663269043,7.4400529861450195,3.9974541664123535,12.696239471435549,1.116535186767578,0.4085049629211426,13.100582122802734,22.404075622558597,19.319015502929688,2.582479476928711,22.085128784179688,3.203899383544922,11.875863075256348,30.144933700561523,20.218231201171875,7.340585231781006,4.531157493591309,7.34051513671875,7.379243850708008,158.1196746826172,99.1209945678711,143.09259033203125,67.1029052734375,84.18669128417969,155.01193237304688,98.07659912109376,605.9931640625,138.75677490234375,75.25433349609375,172.5319061279297,30.92534828186035,168.86412048339844
TEST_04+1일,2.370622158050537,0.0,7.748515605926514,4.566272258758545,1.2441712617874146,0.175818920135498,0.0,0.0,0.332421064376831,0.0410778522491455,0.1923757195472717,0.979710578918457,0.1925162076950073,0.0,0.0,0.0,0.0,0.5379543304443359,1.1099371910095217,1.5700817108154297,0.0,0.3104974031448364,1.067669153213501,0.0897829532623291,2.028454065322876,0.0,5.386569023132324,8.719345092773438,5.063124179840088,1.1470602750778198,0.8587098121643066,3.109915256500244,0.6821300983428955,0.8849694728851318,0.0,3.980135917663574,26.349733352661133,3.033979892730713,1.858293056488037,23.353487014770508,3.8989315032958975,0.0621098279953002,0.0205669403076171,0.2490397095680236,0.4189904928207397,1.017916560173035,0.6330493688583374,1.0954416990280151,0.0,0.5293819904327393,8.121842384338379,0.044079303741455,4.380647659301758,0.12337327003479,3.549259185791016,0.4611313939094543,1.1707231998443604,0.7671668529510498,0.2963186502456665,1.4074420928955078,6.585211753845215,5.812766075134277,11.874883651733398,7.293713569641113,10.062063217163086,0.4109548926353454,0.7882070541381836,0.3574692606925964,1.3013901710510254,0.0,2.168063163757324,0.0,1.1245901584625244,0.0,2.772886037826538,0.250324010848999,0.0944823026657104,0.4560998678207397,0.0,1.9867268800735476,0.5115930438041687,0.2485401034355163,0.884093701839447,0.3915327191352844,0.5314760804176331,1.074462890625,1.6054916381835938,0.916491687297821,2.192255973815918,2.342111110687256,0.0,1.0990393161773682,1.9395599365234373,4.496103763580322,0.0,0.6306518912315369,0.2321870625019073,0.0729067325592041,12.91454792022705,3.140153169631958,1.273593187332153,0.2733995318412781,2.5850954055786133,0.0862328112125396,171.19595336914062,7.013856887817383,25.50171661376953,3.0324506759643555,1.1536825895309448,0.0,0.8708477020263672,0.2693297863006592,2.1143722534179688,1.0401859283447266,1.0055618286132812,0.1597018837928772,0.3313175439834595,2.093446016311645,2.368675947189331,0.674741804599762,0.2595452070236206,0.0,0.1013713181018829,0.0141092240810394,0.025585263967514,0.1193013191223144,0.0,0.1910168528556823,0.0747050940990448,0.0,0.1547614783048629,0.0,0.0,0.6986280679702759,0.1197364330291748,0.0,1.7690134048461914,0.0,0.0,0.5084083080291748,0.3503225445747375,0.0230672657489776,0.0,0.2947835922241211,3.060577392578125,0.1365833282470703,0.0,0.0,6.27665901184082,0.0,4.200155258178711,0.1044464111328125,0.0,9.027633666992188,0.0,0.0,11.243484497070312,5.056607246398926,0.0,0.0,3.6045150756835938,0.3224363327026367,3.767375946044922,2.0085973739624023,3.924877166748047,0.0,0.0294227600097656,3.563182830810547,0.0,0.0,0.32275390625,0.041717529296875,0.0,0.0,0.203521728515625,0.0,0.0,0.2481107711791992,0.0,0.0,11.476810455322266,3.379521369934082,6.127565383911133,0.0407485961914062,3.7510986328125,2.139883041381836,2.0967578887939453,20.732444763183597,2.926065444946289,1.821044921875,0.0,1.3137693405151367,5.419978141784668
TEST_04+2일,0.3721489906311035,4.83952522277832,1.5924205780029297,1.2775012254714966,0.2427279949188232,0.0,2.661468982696533,0.0,0.0,0.0,0.1611881256103515,0.1800982654094696,0.0,0.0,0.0,0.0,10.91426944732666,0.0,0.3586374521255493,8.918926239013672,2.9638209342956543,0.1889412403106689,0.2117203772068023,0.0,0.0,0.3947029113769531,0.6071996688842773,5.771022796630859,1.6725831031799316,0.2048554420471191,0.3003644943237304,1.1787314414978027,0.6183748841285706,0.7851999402046204,0.0,1.3273169994354248,14.449371337890623,0.6147842407226562,0.7113274335861206,12.633828163146973,2.7971582412719727,0.0391873717308044,0.0,0.3377392888069153,0.5117858052253723,0.3726155757904053,0.7892350554466248,0.978080153465271,0.0,0.407862901687622,8.003647804260254,0.0,5.080674171447754,0.0,2.148287773132324,0.3593322932720184,1.0450400114059448,0.7422263622283936,0.4320021867752075,0.3798600435256958,1.3616151809692385,1.8023881912231443,5.724271297454834,7.216598033905029,5.530974388122559,0.1905298233032226,0.0689853429794311,0.3094754219055176,0.9956989288330078,0.0,0.4796137809753418,0.0,0.0567109733819961,0.0,0.3106977343559265,0.1865363121032714,0.0261117815971374,0.0207135677337646,0.0,0.4630264043807983,0.3045485019683838,0.0,0.1914438605308532,0.24121755361557,0.4775906205177307,0.2053784132003784,0.0,0.7522566914558411,1.134981632232666,2.2610983848571777,26.12085723876953,0.1355609893798828,0.8568062782287598,2.2111258506774902,0.0,0.0360802412033081,0.2018633186817169,0.1201539039611816,9.204445838928224,0.9154038429260254,0.1821601390838623,0.2481144070625305,0.3960065841674804,0.0,2.9774208068847656,30.73716926574707,8.154118537902832,1.0484100580215454,0.9400078058242798,0.011137306690216,0.6929101943969727,0.2148823142051696,0.6896058917045593,0.9097706079483032,0.0,0.215377390384674,0.1264766454696655,1.7510979175567627,1.1523151397705078,0.0360755920410156,0.2182649374008178,3.768824577331543,0.177290678024292,0.1553176194429397,0.184073805809021,0.1665902435779571,0.1898439526557922,0.18815977871418,0.4651713967323303,1.6140861511230469,0.1945157647132873,0.0240407288074493,0.0,0.431962251663208,0.2181240320205688,0.3113415241241455,0.3305014371871948,0.0,0.0,0.581496000289917,0.0280447900295257,0.0270254611968994,0.0304701328277587,0.1253162026405334,2.6621341705322266,0.4973831176757812,11.499385833740234,64.57508087158203,6.50782585144043,0.0,2.705272674560547,0.4127655029296875,0.0,8.20510482788086,0.0442066192626953,0.0,10.89069366455078,0.6891403198242188,0.0,0.0,2.658815383911133,0.2364537715911865,3.810763359069824,1.971123218536377,3.7164039611816406,0.0331106185913085,0.0942573547363281,1.7035598754882812,1.3737030029296875,0.36212158203125,0.9825267791748048,0.5882492065429688,0.0,0.0,0.0,0.0,0.0,0.0700817108154296,0.0959320068359375,0.0,1.058269500732422,0.0,0.0,0.0,0.0,0.0,0.0,0.0,0.0,0.0,0.0,0.0980415344238281,0.0
TEST_04+3일,0.36737060546875,8.343868255615234,1.96964693069458,0.962286114692688,0.1759551167488098,0.0,17.661785125732422,0.0,0.0,0.0,0.250399112701416,0.0130798518657684,0.0,0.0,0.0,0.0,49.36652374267578,0.0,0.2066283822059631,44.16858673095703,14.297541618347168,0.2588692903518677,0.0,0.0,0.0,0.0,3.6267881393432617,15.52537727355957,1.5155768394470217,0.2264151573181152,0.306761622428894,0.90606689453125,0.6461795568466187,0.8818421363830566,0.0,1.0613560676574707,12.337671279907228,0.2797844409942627,0.9529365301132202,11.113204956054688,3.06992244720459,0.0426737070083618,0.0,0.3909149169921875,0.5303072333335876,0.3420877456665039,0.9400925040245056,1.0074706077575684,0.0,0.4314448833465576,7.949734210968018,0.0,8.06342887878418,0.0,2.081730365753174,0.4121700823307037,0.9215563535690308,0.8449011445045471,0.4975510835647583,0.0897623300552368,0.6686944961547852,1.321495532989502,4.441616058349609,7.069331645965576,5.133500576019287,0.2897937297821045,0.3427236676216125,0.313375174999237,1.151477575302124,0.0,0.534206211566925,0.0,0.0857293307781219,0.7480166554450989,0.4515106081962585,0.2089800834655761,0.0833247900009155,0.0777207016944885,0.0,0.6116015911102295,0.4479468464851379,0.0,0.1695588231086731,0.3839048147201538,1.510417938232422,0.1625924110412597,0.0,0.7790554165840149,1.584777593612671,2.246531248092652,36.27581405639648,0.1059308648109436,0.6193567514419556,1.859591007232666,0.0,0.0380314588546752,0.365174263715744,0.1590204834938049,9.270477294921877,1.092411756515503,0.1959567070007324,0.276025116443634,0.2055573463439941,0.0,1.3056755065917969,18.642173767089844,2.932032585144043,1.2138042449951172,1.328386306762695,0.0410818457603454,0.7198283672332764,0.2038809061050415,0.4619724154472351,0.6221826076507568,0.0,0.2968009710311889,0.1167293787002563,1.8310213088989256,1.5157055854797363,0.1293543577194214,0.2558333873748779,21.873411178588867,0.2309727072715759,0.2523721754550934,0.2202511727809906,0.4302784204483032,0.2114040851593017,0.2686004638671875,0.6556196212768555,6.6027936935424805,0.3129507601261139,0.6935043334960938,0.6858892440795898,0.5974065065383911,0.3885298371315002,0.4715895652770996,0.4405024647712707,0.071021556854248,0.0,0.7892944812774658,0.138409286737442,0.084182471036911,0.1965110301971435,0.2445046305656433,2.46697998046875,0.2171878814697265,86.50953674316406,103.68406677246094,6.430049896240234,0.0,2.6087474822998047,0.1989974975585937,0.0,8.788837432861328,0.0,0.0,11.035337448120115,0.0,0.0,0.0,2.783897399902344,0.273897647857666,3.780137062072754,2.0663695335388184,3.809551239013672,0.0,0.0849952697753906,1.567821025848389,0.489166259765625,0.0,0.4810981750488281,0.078155517578125,0.0,0.0,0.0,0.0,0.0,0.1746220588684082,0.0,0.0,1.8542346954345703,0.0,0.2053680419921875,0.0,0.8341503143310547,0.0,0.0,1.36669921875,0.5363750457763672,0.0,0.0,0.2436704635620117,0.0
TEST_04+4일,0.0,12.248879432678224,1.8628904819488523,0.7618964910507202,0.1544629335403442,0.0,12.78098201751709,0.0,0.0,0.0,0.0177010893821716,0.0554222762584686,0.0,0.0192703008651733,0.0,0.0,35.54946517944336,0.0,0.1783182621002197,33.24357604980469,11.99593734741211,0.3192617893218994,0.0248430073261261,0.0,0.0,5.147160530090332,3.429574489593506,18.496450424194336,1.2090167999267578,0.2027912139892578,0.2229998111724853,1.0552606582641602,0.6208850741386414,0.9379123449325562,0.0,0.9357479810714722,12.898662567138672,0.1889681816101074,0.8487030267715454,11.50295639038086,2.903341293334961,0.0517571568489074,0.049839973449707,0.3145714998245239,0.5331306457519531,0.4631948471069336,1.002395510673523,1.04365873336792,0.0,0.4403481483459472,8.143269538879395,0.0,9.21388816833496,0.0,2.1018357276916504,0.384866327047348,0.9131984114646912,0.8157735466957092,0.3361926078796386,0.0,0.8710184097290039,1.4129743576049805,4.646853923797607,7.233016014099121,5.1527419090271,0.4204159677028656,0.1937280893325805,0.2323662638664245,1.0669074058532717,0.0,0.5840306282043457,0.0139805078506469,0.0706665962934494,0.0,0.4857012033462524,0.3430523872375488,0.0629758238792419,0.0671829581260681,0.0,0.8392491936683655,0.3591178357601166,0.0,0.1797608733177185,0.5734814405441284,0.9732303619384766,0.2108309268951416,0.0784254670143127,0.7611466646194458,2.047698497772217,2.388878583908081,43.16485595703125,0.0480560064315795,0.5860162973403931,1.485626220703125,0.0,0.0,0.2535039782524109,0.1120389997959137,9.59787940979004,0.4592819213867187,0.1449328660964965,0.2601171731948852,0.4223451614379883,0.0,0.3728485107421875,22.46397018432617,3.3798866271972656,1.0491986274719238,0.6586611270904541,0.0086084008216857,0.6327400207519531,0.2318505048751831,0.4008522033691406,0.564592719078064,0.0,0.2058714032173156,0.0318098068237304,1.6383421421051023,1.7323706150054932,0.1356504261493683,0.2585328817367553,47.03392028808594,0.3533689677715301,0.4851197898387909,0.2768377661705017,0.2438631355762481,0.2667798399925232,0.2244302332401275,0.7334585785865784,4.449657440185547,0.5547189116477966,0.5151345729827881,0.0,0.4763609170913696,0.1244367361068725,0.2263686656951904,0.2072813510894775,0.0,0.0062748193740844,0.5848398208618164,0.0,0.0114090144634246,0.0598620176315307,0.0980146527290344,3.237844467163086,0.8140439987182617,23.598201751708984,125.52964782714844,7.197004318237305,0.24090576171875,3.083756446838379,0.7827491760253906,0.0,9.96072006225586,0.4714565277099609,0.3422908782958984,11.127063751220703,0.7257490158081055,0.0,0.0,3.4737472534179688,0.3470523357391357,4.162973403930664,2.18113374710083,4.477106094360352,0.3192319869995117,0.1868777275085449,1.5375549793243408,4.4390411376953125,2.9655303955078125,1.5400371551513672,2.4646759033203125,0.1564617156982422,0.6607112884521484,0.3104438781738281,1.6698150634765625,0.1122331619262695,0.2331023216247558,1.0625534057617188,0.3979969024658203,1.3497848510742188,0.0,0.0185661315917968,0.0,0.0829124450683593,0.0,0.0,0.0,0.172189712524414,0.0,0.0,0.3634920120239258,0.0
TEST_04+5일,0.0,38.87232208251953,2.3558194637298584,0.435985803604126,0.0453552305698394,0.0,26.32588195800781,0.1232794523239135,0.0,0.0,0.1769028306007385,0.0,0.0,0.1059740781784057,0.0,0.0423440933227539,71.90132141113281,0.0,0.0439804792404174,70.80242919921875,24.11554718017578,0.3652572631835937,0.0,0.0,0.0,16.399221420288086,3.808472871780396,64.28309631347656,1.5111050605773926,0.2752685546875,0.3141582012176513,0.8201518058776855,0.5363125801086426,0.8774694800376892,0.1807911396026611,0.9054934978485109,12.675178527832031,0.4946553707122803,0.8921762704849243,10.35879898071289,2.9169797897338867,0.0215815901756286,0.1146788597106933,0.3585351705551147,0.6046847105026245,0.3057355880737304,1.4086625576019287,0.9712824821472168,0.0,0.407862901687622,7.911027431488037,0.0,13.051002502441406,0.0,1.6963763236999512,0.3487141728401184,0.7822365760803223,0.7162542939186096,0.4525942802429199,0.0723598003387451,0.4658365249633789,1.3235936164855957,4.432153224945068,7.044455528259277,4.593090057373047,0.3691766262054443,0.0978768467903137,0.3055756688117981,1.1635358333587646,0.0,0.6051110625267029,0.1148169040679931,0.1202527210116386,1.1331363916397097,0.676497220993042,0.3829195499420166,0.079761266708374,0.2331583499908447,0.0,0.8549008965492249,0.3719204068183899,0.0,0.1604263186454773,1.0076497793197632,1.081601619720459,0.2678564786911011,0.6315373182296753,0.8452792763710022,2.108220100402832,2.2071750164031982,62.38085174560547,0.2326861321926117,0.5960997343063354,1.667918682098389,0.0,0.0,0.3008908033370971,0.1678869128227234,9.20169448852539,1.1500842571258545,0.3495167195796966,0.2471955418586731,0.0880465507507324,0.0,3.2859840393066406,47.50724029541016,2.8597278594970703,1.2778723239898682,0.9081425666809082,0.565849781036377,0.6129472255706787,0.2490051984786987,0.3617705702781677,0.5270960330963135,0.0863544642925262,0.3013245165348053,0.0,2.167647123336792,1.8539471626281736,0.172328233718872,0.3142105937004089,82.08544921875,0.8716228604316711,1.058575987815857,0.7602019309997559,0.4848657250404358,0.5716265439987183,0.2926284074783325,1.6259324550628662,7.967901229858398,0.6991450786590576,0.7868237495422363,9.14571762084961,0.3177683353424072,0.1231621503829956,0.6744965314865112,0.0,0.0,0.0560414791107177,1.0255954265594482,0.0,0.0,0.2646816968917846,0.0851573944091796,3.673691749572754,1.9137191772460935,103.77818298339844,225.60491943359372,8.452215194702148,1.167707443237305,2.993580818176269,1.9954710006713867,0.0894562005996704,11.13702392578125,2.065834045410156,1.957059860229492,11.102367401123049,0.1686735153198242,0.0,0.0,3.5514488220214844,0.4625048637390136,4.806138038635254,2.5683655738830566,4.993852615356445,1.3904447555541992,0.6334404945373535,1.8110504150390625,12.247276306152344,9.271858215332031,3.4302902221679688,7.028205871582031,1.633159637451172,0.6024875640869141,0.8628692626953125,3.481353759765625,0.0759687423706054,0.2760572433471679,3.8861083984375,1.7089080810546875,2.039285659790039,0.0,0.0506744384765625,0.0,0.6986808776855469,0.0,0.0,0.0,0.0305614471435546,0.0,0.0,0.0915899276733398,0.0
TEST_04+6일,3.147894859313965,11.887829780578612,3.7281479835510254,1.6322695016860962,0.4126060903072357,0.8979219794273376,21.77720642089844,1.2790855169296265,0.0471266508102417,0.0,1.243082880973816,0.1114968359470367,0.0871617794036865,0.8966069221496582,0.2392635345458984,0.4796929359436035,56.71620559692383,0.0894983410835266,0.4290520548820495,56.76788330078125,18.004776000976562,1.616857886314392,0.0,0.0,0.0,1.2594609260559082,11.268906593322754,91.88463592529295,1.2209415435791016,0.2888007164001465,0.2299966812133789,2.283794641494751,0.588832437992096,0.7927276492118835,1.5812747478485107,0.5368066430091858,16.047210693359375,0.5742177963256836,1.786293625831604,12.90842628479004,2.773778915405273,0.0,0.5918047428131104,0.4683616161346435,0.7432283163070679,0.5931386947631836,0.5975530743598938,1.0132687091827393,0.0369775593280792,0.4377012252807617,8.146034240722656,0.0,9.624378204345703,0.0,1.6308661699295044,0.3662424981594085,0.9974375367164612,0.9757325649261476,1.2292364835739136,0.3476362228393554,2.0433249473571777,1.6937050819396973,4.93235969543457,7.501180171966553,4.263236999511719,0.9040737152099608,1.030372142791748,0.8035060167312622,1.83015775680542,0.0,0.6943946480751038,0.9005070924758911,0.2624090909957886,3.2562806606292725,0.6400247812271118,0.8952884674072266,0.1102601289749145,0.0235298871994018,0.1920245289802551,0.6260136365890503,0.3610737919807434,0.1824380755424499,0.2276447415351867,1.0777103900909424,2.582659244537353,0.4801779985427856,0.5352981686592102,0.7560574412345886,1.6723116636276243,2.5202369689941406,46.71630096435547,0.7317030429840088,1.2864924669265747,4.967535972595215,0.0064850449562072,0.3036296963691711,1.061638116836548,0.493941068649292,10.392999649047852,4.473696708679199,0.7990579605102539,0.2425437569618225,0.3524465560913086,0.0,0.0,22.466732025146484,3.636728286743164,2.42321252822876,4.789151191711426,1.534638285636902,1.2552244663238523,0.4922475218772888,0.542780339717865,0.7236523628234863,1.3653271198272705,0.8182200789451599,0.9188135862350464,2.363468885421753,1.9332621097564695,0.6732529401779175,0.8118231296539307,23.37384033203125,0.6281272768974304,0.5602993965148926,0.4015127420425415,0.7246943712234497,0.4087689518928528,0.177145779132843,1.3535680770874023,7.372132301330566,0.1648682057857513,0.6170263290405273,0.0,3.290648937225342,1.6799968481063845,5.134679794311523,0.8440512418746948,1.2754030227661133,0.7057335376739502,6.30064868927002,0.6120344400405884,0.7864372730255127,3.676445245742798,1.489749550819397,8.85670280456543,11.254241943359377,156.74147033691406,107.84275817871094,18.82876968383789,8.582117080688477,4.77677059173584,11.991174697875977,0.9308825731277466,22.02447891235352,14.88858413696289,14.790943145751951,11.231136322021484,2.6993846893310547,0.0,5.145003318786621,5.954549789428711,1.3850849866867063,9.76259422302246,5.076784610748291,11.041768074035645,10.008994102478027,4.022685527801514,1.864612340927124,82.10960388183594,65.52330017089844,19.34074592590332,47.189109802246094,13.718698501586914,5.038640975952148,3.810321807861328,21.694297790527344,0.9937219619750975,0.3366074562072754,27.82274627685547,13.76344108581543,1.3928794860839844,0.59503173828125,0.0,0.0,0.0,0.0,0.0,0.0,0.1362209320068359,0.0,0.0,0.365335464477539,0.0
TEST_04+7일,10.765439987182615,1.424882888793945,9.330480575561523,6.198877334594727,1.509885311126709,2.30369234085083,1.3993802070617676,3.624884605407715,2.334053039550781,0.3173951506614685,2.248610496520996,0.7049986124038696,0.7575046420097351,2.7239389419555664,3.8634443283081055,1.3711285591125488,0.0,1.0576646327972412,1.790461778640747,4.271230697631836,1.323749542236328,4.150442600250244,0.64051353931427,0.0,0.1808600425720214,0.0,20.975555419921875,31.91178321838379,1.2040481567382812,0.454397439956665,0.1038541793823242,7.083077430725098,0.7768999934196472,0.7372663021087646,4.48631477355957,2.2210075855255127,28.071287155151367,1.870117425918579,2.784900188446045,27.57137107849121,2.9793262481689453,0.0,2.632720708847046,0.0650211572647094,0.4062287807464599,1.8780667781829836,0.4692655801773071,1.2046059370040894,0.1218459159135818,0.6299660205841064,8.882158279418945,0.1856458783149719,4.836987018585205,0.1203566193580627,3.652655601501465,0.5358796119689941,1.9278697967529297,1.068819522857666,1.579862117767334,1.7756431102752686,10.211033821105955,3.8355872631073,9.472719192504885,7.705163955688477,8.098884582519531,0.8185713887214661,2.40234112739563,1.0286294221878052,2.429318904876709,0.0,1.7172951698303225,2.548997640609741,1.0254179239273071,0.8299638032913208,1.5795786380767822,2.608106136322021,0.0255219340324401,0.2582236528396606,0.056467056274414,1.5490787029266355,0.6406412720680237,0.4311622977256775,0.8779436945915222,1.22499680519104,1.588912010192871,1.1074588298797607,1.338141918182373,0.9419738054275512,2.4706921577453613,2.864221572875977,0.0,1.549262762069702,3.267406940460205,11.415879249572754,0.329347163438797,1.377183437347412,1.241235852241516,0.3890013098716736,12.99571132659912,10.033122062683104,1.8772953748703003,0.2592557072639465,3.048111915588379,0.0833768248558044,112.69121551513672,7.381124496459961,17.62704086303711,4.888355255126953,6.7485857009887695,0.77317875623703,1.8824591636657717,1.2943226099014282,2.2730495929718018,0.974968194961548,2.453652620315552,0.7196529507637024,2.248728513717652,3.4767916202545166,2.7278995513916016,1.6702542304992676,1.8052486181259155,0.0,0.072110891342163,0.0470770001411438,0.0524804592132568,0.1806851625442505,0.0151985585689544,0.221416026353836,0.017785906791687,0.0255372524261474,0.1852067112922668,0.0759185552597045,1.2370424270629885,6.5414323806762695,2.827188491821289,7.90723705291748,3.6436939239501953,2.339893102645874,1.6591802835464478,12.44582748413086,1.554775953292847,1.247961401939392,5.258373260498047,2.9109020233154297,24.87085723876953,31.99837684631348,20.16047096252441,0.0,43.34103393554688,24.23091697692871,12.117822647094728,34.01338195800781,2.6629676818847656,53.09926986694336,42.04509735107422,42.11969757080078,11.564523696899414,12.998902320861816,0.0,15.81573486328125,15.820911407470703,3.8099348545074463,21.588409423828125,10.859498977661133,28.065528869628903,28.25449752807617,11.007587432861328,3.199989318847656,237.1609649658203,191.33392333984372,55.12360382080078,139.2704315185547,39.12755584716797,19.772216796875,18.62598991394043,72.93574523925781,5.299351692199707,0.8530988693237305,80.05599975585938,43.36924743652344,3.239572525024414,3.5320959091186523,1.1014328002929688,0.0,0.0,0.0,0.0,0.0,0.5498638153076172,0.0,2.0900115966796875,1.2022428512573242,1.047136306762695
TEST_05+1일,2.099566698074341,0.0,6.981240272521973,1.416946530342102,0.1183471381664276,0.5707178115844727,0.0,0.0,0.7092362642288208,0.1008007377386093,0.0,0.0161292552947998,0.0,0.0,0.0,0.0,0.0,0.3733246326446533,0.2540522813796997,0.0,0.0,0.670024037361145,0.1329240500926971,0.0,0.0,0.0,0.0,2.8487987518310547,10.625917434692385,2.850305318832397,1.9622063636779783,2.6004457473754883,1.0045626163482666,0.8999868035316467,0.0,3.268608808517456,29.61971473693848,5.903069972991943,1.061939358711243,20.565061569213867,12.998790740966797,0.6061901450157166,0.0,0.0,0.2450321614742279,1.8919122219085691,0.23761086165905,1.868988037109375,0.5526833534240723,2.3798391819000244,15.511857986450195,0.7726717591285706,6.629058837890625,1.791826248168945,0.976937174797058,0.3015225231647491,0.4451544284820556,0.6867625713348389,0.486059308052063,0.8195862174034119,17.560104370117188,10.544063568115234,6.018587112426758,12.18583869934082,4.276431083679199,0.6878645420074463,0.2801001369953155,1.2956310510635376,3.530279874801636,0.2109564542770385,1.741546392440796,3.051466464996338,0.1936390697956085,0.2786769270896911,2.28383731842041,0.7721426486968994,0.4395544528961181,1.0171294212341309,0.6650751829147339,1.6553090810775757,2.237185478210449,0.670853853225708,1.1928088665008545,1.5220375061035156,2.075798749923706,3.261876344680786,2.507326364517212,1.253960371017456,2.9506044387817383,3.2723522186279297,0.0,1.893202781677246,4.221758842468262,6.042123794555664,0.0,0.7873544692993164,0.020649641752243,0.2228011488914489,6.919507026672363,6.212399959564209,2.3386449813842773,0.4912132918834686,0.1660494804382324,0.0,89.64176940917969,3.4516334533691406,44.65367889404297,3.1429436206817627,2.536933898925781,0.7038900256156921,5.436262130737305,0.3666639924049377,1.451649188995361,0.3977546989917755,0.7487469911575317,0.3937291502952575,2.7828729152679443,0.6252755522727966,2.3010175228118896,1.2903664112091064,0.6343293786048889,0.0,0.0,0.0,0.0,0.0517805218696594,0.0,0.0,0.0,0.0,0.0200280845165252,0.0,0.0,5.1765851974487305,2.641407251358032,1.7899737358093262,1.4450294971466064,1.2129645347595217,0.8332728147506714,8.110166549682617,1.0385527610778809,1.6379456520080566,1.184600591659546,1.5075979232788086,54.31335067749024,52.3126220703125,0.0,0.0,69.27918243408203,49.405006408691406,46.88240432739258,0.0,2.024848699569702,177.98216247558594,109.76963806152344,108.96408081054688,61.42795181274414,24.822416305541992,0.0,50.67289352416992,56.85746765136719,5.252701759338379,39.03171157836914,18.51318359375,88.68218994140625,70.71219635009766,22.76839256286621,0.0,495.4426574707031,237.4750061035156,68.37722778320312,318.2956848144531,27.74796295166016,93.52604675292967,61.81846618652344,182.256103515625,54.96681213378906,6.357507705688477,83.77494812011719,66.21607971191406,0.0,0.0,0.0,0.0,0.0,0.0,0.0,0.0,0.0,0.0,0.0,0.0,0.0
TEST_05+2일,2.112593173980713,0.0,7.139436721801758,0.8008443117141724,0.0786325633525848,2.2462525367736816,0.0,0.0,1.808404922485352,0.0710018277168273,0.0,0.0098592340946197,0.0,0.0,0.0,0.0,0.0,0.378938615322113,0.2627076506614685,0.0,0.0,1.25655996799469,0.1510271430015564,0.0,0.0,1.2784819602966309,0.0,3.437660217285156,9.774866104125977,2.625963926315308,1.578181505203247,2.5819249153137207,1.1931973695755005,1.118742823600769,0.0,2.825155258178711,29.20999336242676,5.359545707702637,1.563403606414795,20.3159294128418,12.297152519226074,0.7087744474411011,0.0,0.0,0.2605419754981994,1.9779348373413088,0.1448043286800384,1.7752187252044678,0.4605800807476043,1.958132266998291,15.66938591003418,0.8024047613143921,6.150123119354248,1.0410693883895874,1.1280629634857178,0.248431921005249,0.4548320174217224,0.7478091716766357,0.4799977540969848,1.0727555751800537,13.668697357177734,7.653460502624512,5.518054485321045,10.733015060424805,4.28962516784668,0.8206300139427185,0.2550911009311676,0.6250026822090149,2.6061179637908936,0.6910408139228821,2.0579676628112797,2.0948331356048584,0.1365647614002227,0.3749648928642273,2.7831509113311768,0.8539445400238037,0.4423779845237732,0.8942907452583313,0.5027703642845154,2.019250631332397,1.8597315549850464,0.8317978978157043,0.577888011932373,0.6451334953308105,1.9108911752700808,2.426936626434326,2.23796010017395,1.136393666267395,3.0144152641296387,3.392465591430664,0.0,0.9035961031913756,2.5641660690307617,5.608618259429932,0.0,0.9196743369102478,0.1330407857894897,0.2146482765674591,7.286803245544434,4.303127288818359,2.534864902496338,0.7184616327285767,0.1174240112304687,0.0,8.935651779174805,70.28614807128906,35.112770080566406,3.104699850082397,2.4209086894989014,0.4004162847995758,4.555876731872559,0.3584595918655395,1.3978017568588257,0.2032960653305053,0.2971273064613342,0.7654127478599548,2.0689942836761475,0.7262585759162903,2.620373010635376,1.0901635885238647,0.5615265369415283,0.0,0.0,0.0,0.0,0.0621043443679809,0.0,0.0,0.0,0.0,0.0190277397632598,0.0,3.932182312011719,2.849768877029419,1.1584229469299316,1.6999858617782593,1.1798230409622192,0.6054584980010986,0.7947086691856384,5.293781757354736,0.7104203701019287,0.5530149340629578,1.2704678773880005,0.9285843372344972,46.25179290771485,34.95771026611328,0.0,0.0,58.235050201416016,33.774261474609375,36.147705078125,0.0,1.4051247835159302,134.01666259765625,72.19236755371094,74.39334106445312,51.854976654052734,20.95552062988281,0.0,45.11912155151367,41.89873123168945,4.880731105804443,32.0328254699707,14.33228874206543,65.20687103271484,47.59564208984375,15.555249214172363,0.0,351.11236572265625,172.768798828125,42.317176818847656,211.48080444335935,20.955724716186523,67.36383056640625,45.06930541992188,131.61544799804688,39.69151306152344,5.856283664703369,58.36040115356445,46.24324798583984,0.0,0.0,0.0,0.0,0.0,0.0,0.0,0.0,0.0,0.0,0.0,0.0,0.0
TEST_05+3일,3.296250343322754,0.0,6.894575119018555,0.8218317031860352,0.0821239352226257,3.4469099044799805,0.3117828369140625,0.0,2.6295828819274902,0.072918951511383,0.0,0.0183948874473571,0.0,0.0,0.0,0.0,3.794282913208008,0.3490817546844482,0.2504459023475647,0.4581794738769531,0.848750114440918,0.370679497718811,0.1417644917964935,0.1223464012145996,0.806145191192627,12.169143676757812,2.223001003265381,12.709548950195312,10.14694881439209,2.505779981613159,1.746654748916626,2.6484193801879883,1.3458333015441897,0.98324453830719,0.0,2.6297879219055176,28.291730880737305,5.446109294891357,2.0359835624694824,20.006637573242188,11.452557563781738,1.1510984897613523,0.0,0.0,0.4358178675174713,1.7242730855941772,0.0165429413318634,1.3559563159942627,0.7329473495483398,1.822055101394653,15.603463172912598,0.8636118769645691,6.211630821228027,0.9419580698013306,2.384777784347534,0.3252868950366974,0.6855862736701965,0.7740240097045898,0.6941741704940796,0.793773889541626,13.791830062866213,6.759025573730469,5.375791072845459,10.095752716064451,4.049931526184082,1.1239489316940308,0.3420177698135376,0.6114863753318787,2.6417527198791504,1.633103847503662,2.982055187225342,1.6507682800292969,0.11167012155056,0.4083199501037597,4.029483795166016,0.7080597877502441,0.469660073518753,0.8784254789352417,0.6576531529426575,2.9773383140563965,2.110182046890259,1.2247352600097656,0.4296290278434753,0.5011281967163086,1.9787315130233765,2.0930323600769043,2.4751408100128174,1.2137621641159058,3.3166275024414062,3.5414576530456543,26.4157772064209,0.7745320200920105,2.4427578449249268,5.7876482009887695,0.0,1.042961359024048,0.472590684890747,0.0,7.361087799072266,3.4161839485168457,2.962655782699585,1.2183276414871216,0.0080170631408691,0.0,9.503776550292969,82.12847900390625,34.29584503173828,3.1683735847473145,2.121131181716919,0.335849791765213,4.317867755889893,0.3616294860839844,1.324731707572937,0.0877349376678466,0.1618072092533111,0.8085501790046692,1.8660733699798584,0.914950966835022,3.3093440532684326,1.0750021934509275,0.8018124103546143,3.0434741973876958,0.0,0.0,0.0156880617141723,0.1542733311653137,0.0,0.4639952182769775,0.0158872008323669,1.312888264656067,0.0200625658035278,0.226589098572731,34.97432327270508,2.650431871414185,0.9668458700180054,1.7978228330612185,1.0694679021835327,0.5466649532318115,0.7208023071289062,4.889689922332764,0.6337035894393921,0.4695362448692322,1.4193507432937622,0.8623889684677124,46.521759033203125,32.14423370361328,0.0,3.25124740600586,58.54399108886719,35.168975830078125,35.23197937011719,0.0,1.529548406600952,135.06472778320312,77.45745849609375,74.34712219238281,51.38311767578125,21.08882141113281,0.0,48.215816497802734,39.14584732055664,4.885065078735352,31.573102951049805,13.738754272460938,63.95603942871094,50.45424270629883,15.88868236541748,0.0,352.0426330566406,152.51019287109375,36.583946228027344,209.59982299804688,16.840795516967773,67.6604995727539,39.86760711669922,130.77679443359375,39.791805267333984,5.224642753601074,48.30497741699219,41.93827819824219,0.0,0.0,0.0,0.0,0.0,0.0,0.0,0.0,0.0,0.0,0.0,0.0,0.0
TEST_05+4일,4.995965003967285,0.0,7.527100086212158,0.8745020627975464,0.0815784335136413,2.088768482208252,0.2998857498168945,0.0,1.9614115953445437,0.040160983800888,0.0,0.0725788176059722,0.0,0.0,0.0,0.0,1.4999980926513672,0.3574804067611694,0.2419708967208862,0.2237930297851562,0.5256290435791016,0.40545654296875,0.1338835954666137,0.1288734674453735,0.5832076072692871,2.6920642852783203,1.0878589153289795,8.135168075561523,10.565797805786133,2.838808536529541,1.7185425758361816,2.508357048034668,1.1479182243347168,1.005606174468994,0.0,3.108642816543579,26.3579044342041,5.689245700836182,1.576701283454895,19.026351928710938,11.382417678833008,1.2191249132156372,0.0,0.0,0.3190425634384155,1.5858938694000244,0.0344925671815872,1.306572437286377,0.7098941206932068,1.781388282775879,16.047103881835938,0.7378493547439575,6.0949907302856445,1.1179667711257937,2.0081779956817627,0.3536861538887024,0.5800124406814575,0.7387068271636963,0.6190356612205505,0.911397099494934,15.531522750854492,7.615903854370117,5.305964469909668,9.9121675491333,3.964169502258301,1.032806634902954,0.2987560927867889,0.5629608035087585,2.7317512035369877,1.7413623332977295,2.926266670227051,1.958888411521912,0.2261387109756469,0.4882184565067291,3.950324535369873,0.7340471744537354,0.4045827388763428,0.975729525089264,0.6132608652114868,3.3272554874420166,2.096001386642456,0.908492624759674,0.5761705040931702,0.6410110592842102,2.081084012985229,2.346329689025879,2.7811827659606934,1.1525630950927734,3.539513111114502,3.2870469093322754,15.132615089416504,0.8716956377029419,2.629871368408203,5.667751312255859,0.0180982947349548,1.2451257705688477,0.1901077330112457,0.0,7.596322059631348,3.379276990890503,3.0928242206573486,1.3570197820663452,0.0,0.0,12.308334350585938,43.7534408569336,35.269248962402344,3.27896499633789,1.991227626800537,0.3675175905227661,4.193470001220703,0.355755865573883,1.4982728958129885,0.0765742659568786,0.1428164839744568,0.578177809715271,1.9137760400772093,1.000080704689026,3.819459438323975,1.022963285446167,0.7089037895202637,0.0,0.0011517107486724,0.0,0.0,0.1052637547254562,0.0,0.1675174832344055,0.0222275555133819,0.7690836191177368,0.0197866261005401,0.0636332631111145,15.751009941101074,2.413090944290161,1.229405403137207,1.5528113842010498,1.0596716403961182,0.5926030278205872,0.6626834273338318,4.576797962188721,0.7892905473709106,0.5720282793045044,1.1507461071014404,0.6638489961624146,47.575191497802734,32.27665328979492,0.0,0.0,57.99308013916016,34.93426513671875,36.44426727294922,0.0,1.0162783861160278,145.90353393554688,85.29386901855469,78.25083923339844,52.2942008972168,22.019535064697266,0.0,50.01767349243164,40.1153564453125,4.5927934646606445,31.68061637878418,13.806676864624023,67.1208267211914,54.91966247558594,16.072599411010742,0.0,349.10693359375,141.9196014404297,34.28875732421875,199.89434814453125,14.115196228027344,66.50570678710938,34.6534309387207,125.20188903808594,40.21860122680664,4.302411079406738,42.21525192260742,39.39757537841797,0.0,0.0,0.0,0.0,0.0,0.0,0.0,0.0,0.0,0.0,0.0,0.0,0.0
TEST_05+5일,5.338638782501221,0.0,7.209048271179199,1.1279656887054443,0.0771050751209259,2.341097831726074,0.5735197067260742,0.0,2.9355711936950684,0.0577069222927093,0.0,0.0725463032722473,0.0,0.0,0.0,0.0,2.489053726196289,0.3766006827354431,0.2433233261108398,0.3066864013671875,0.5796518325805664,0.4774413108825683,0.1278449594974517,0.0,0.0,3.025163173675537,0.0,8.865890502929688,10.776962280273438,2.9557814598083496,1.8209208250045776,2.511958360671997,1.1179896593093872,1.32306969165802,0.0,3.303870916366577,26.78215217590332,6.301012992858887,2.1668126583099365,19.05071258544922,11.467169761657717,1.1151460409164429,0.0,0.0,0.2950249314308166,1.7564074993133545,0.0590992420911788,1.3039733171463013,0.9314457178115844,1.7769064903259275,17.100141525268555,0.7180273532867432,6.062736988067627,1.4362701177597046,2.4916999340057373,0.2807919085025787,0.591198205947876,0.8008456230163574,0.5388457179069519,0.9945483207702636,17.652191162109375,8.759807586669922,5.217213153839111,10.814173698425291,3.886653900146485,0.936137080192566,0.2476287186145782,0.6282377243041992,3.029294967651367,2.223012924194336,2.720104217529297,2.2577104568481445,0.3257883191108703,0.3188182413578033,3.513247013092041,0.7446784973144531,0.381579577922821,1.0961743593215942,0.5869336128234863,3.2685227394104004,2.1503679752349854,0.5502279996871948,0.6165570616722107,0.4780200719833374,2.229535818099976,2.9059152603149414,2.721420764923096,1.1583609580993652,2.836294651031494,3.429266452789306,18.994653701782227,0.8221133351325989,3.215038061141968,5.438967704772949,0.0,1.2677597999572754,0.0,0.0,8.185096740722656,3.824766397476196,3.252891778945923,1.5112178325653076,0.0,0.0,19.889305114746094,104.66575622558594,38.31142044067383,3.843503475189209,2.0833606719970703,0.4932040572166443,4.7145161628723145,0.3592987060546875,1.4641376733779907,0.1091730594635009,0.1199740469455719,0.5162250995635986,2.1914262771606445,0.8128422498703003,3.548950433731079,1.2286224365234375,0.6395034193992615,0.0,0.0178979337215423,0.0,0.0018897950649261,0.1939054131507873,0.0,0.0696058124303817,0.0474194884300231,0.8810657262802124,0.015060931444168,0.0595578849315643,9.893680572509766,2.8132266998291016,1.3955092430114746,1.8016180992126465,1.0884112119674685,0.6646789312362671,0.7763187885284424,5.691106796264648,1.1097513437271118,0.5882586240768433,1.720886468887329,0.8197921514511108,51.138816833496094,39.33104705810547,0.0,0.0,63.58644104003906,40.686153411865234,40.27291870117188,0.0,1.9217963218688965,152.66839599609375,91.65184020996094,85.46174621582031,56.754356384277344,25.407543182373047,0.0,49.15610122680664,45.95917510986328,5.282561302185059,36.809349060058594,17.082923889160156,71.90071868896484,59.110084533691406,18.916748046875,0.0,405.58697509765625,182.53317260742188,41.18092346191406,237.15408325195312,17.29416275024414,75.30177307128906,42.81862258911133,152.21939086914062,41.685543060302734,4.299564838409424,55.7988510131836,50.64800262451172,0.0,0.0,0.0,0.0,0.0,0.0,0.0,0.0,0.0,0.0,0.0,0.0,0.0
TEST_05+6일,3.6894373893737793,0.0,7.220100402832031,1.1973856687545776,0.1054726243019104,1.1964855194091797,2.248167037963867,0.0,2.360684633255005,0.0659589171409607,0.0,0.0,0.0,0.0,0.0,0.0,8.39366340637207,0.3235284686088562,0.2313320636749267,1.415729522705078,2.463339328765869,0.5806506872177124,0.1654072403907776,0.4885488152503967,0.3680925369262695,10.262176513671877,4.369056224822998,32.650535583496094,10.37252140045166,2.194311141967773,2.262019634246826,2.582696914672852,1.2168989181518557,1.886788249015808,0.0,2.767845630645752,25.181190490722656,5.560611248016357,2.26245379447937,18.979846954345703,11.34613037109375,1.79201078414917,0.0,0.0,0.4146612882614136,1.5836845636367798,0.0997037291526794,1.247791767120361,1.388512372970581,1.6793605089187622,15.240477561950684,0.594139814376831,5.825331687927246,1.3959367275238037,5.511883735656738,0.3578996956348419,1.2081767320632937,0.4992536902427673,0.6949319243431091,0.1801576614379882,13.555523872375488,9.613224983215332,5.589838981628418,9.256932258605955,3.853668451309204,1.340411901473999,0.3643544912338257,0.4601485729217529,2.9155569076538086,0.4131895899772644,3.4577269554138184,3.161230087280273,0.5923264622688293,0.424229234457016,3.724831581115722,0.7550144195556641,0.3881659507751465,1.3835334777832031,0.4806442260742187,3.361038446426392,2.7692039012908936,0.6663376092910767,0.8886599540710449,0.4949585795402527,2.229535818099976,2.28849720954895,2.8457727432250977,1.0746147632598877,2.6137242317199707,3.557558059692383,33.001861572265625,1.293405055999756,4.188255786895752,5.542552471160889,0.0,1.4725584983825684,0.1579303443431854,0.0,7.004796981811523,4.214986324310303,2.83571195602417,1.0631532669067385,0.2643132209777832,0.0,33.2717170715332,48.3411865234375,36.16010284423828,4.739126205444336,2.2517011165618896,0.7346850037574768,5.883381843566895,0.3675031065940857,1.6620007753372192,0.1813560724258422,0.1782343834638595,0.5830291509628296,2.4278719425201416,1.2117087841033936,2.9382898807525635,1.2669979333877563,0.8181220293045044,4.011492729187012,0.0556528568267822,0.0056886076927185,0.1946243345737457,0.3204872012138366,0.0,0.3927685618400574,0.0098519921302795,1.647947072982788,0.0195796489715576,0.2064710855484008,25.32082748413086,4.714510917663574,2.8203372955322266,2.7260665893554688,1.108888864517212,1.3431363105773926,1.0431822538375854,8.504107475280762,1.205445408821106,1.131624460220337,2.483074188232422,1.4782493114471436,44.55068588256836,48.332298278808594,0.4365386962890625,0.0,58.49214172363281,34.0672721862793,36.10301208496094,0.0,3.063271760940552,131.0139923095703,75.61053466796875,76.1834487915039,49.93226623535156,22.51612663269043,0.0,40.25247573852539,43.97396469116211,6.071486949920654,38.76372909545898,18.33967018127441,64.52157592773438,50.9181022644043,16.08053970336914,0.0,415.40826416015625,254.27081298828125,55.78337860107422,251.09063720703125,21.26262855529785,78.15200805664062,62.60968017578125,151.99066162109375,35.02311706542969,4.198905944824219,86.47132110595703,66.32315063476562,0.0,0.0,0.0,0.0,0.0,0.0,0.0,0.0,0.0,0.0,0.0,0.0,0.0
TEST_05+7일,1.996548414230347,1.5175762176513672,9.454235076904297,1.6786839962005615,0.2216705381870269,0.4399724304676056,4.567986488342285,0.1448583602905273,1.0868464708328247,0.1717763543128967,0.0149208307266235,0.0202917158603668,0.0238144397735595,0.1018542051315307,0.3828325271606445,0.0549445748329162,9.104377746582031,0.387761652469635,0.303640067577362,6.509328842163086,4.237959861755371,0.6207565069198608,0.2453421801328659,0.6934661865234375,1.5601210594177246,1.314204216003418,5.570194721221924,39.60177612304688,15.503547668457031,3.3120899200439453,3.2427220344543457,3.0215325355529785,1.3880712985992432,3.049400568008423,0.1690503358840942,4.724508285522461,33.71617126464844,9.880276679992676,2.192845344543457,21.749530792236328,15.12391757965088,1.386641502380371,0.2200078964233398,0.3955485224723816,0.3459964990615845,1.975524663925171,0.5192979574203491,1.7464282512664795,2.661914110183716,2.2566356658935547,18.546470642089844,1.0285496711730957,6.673138618469238,2.6260499954223637,5.221109390258789,0.600641667842865,1.808313608169556,0.9253661632537842,0.7950745820999146,0.7979891896247864,20.989206314086918,17.36174774169922,6.850632667541504,11.537196159362791,4.507328510284424,1.14690363407135,0.4162382185459137,0.7472251653671265,4.285789966583252,0.3980283439159393,4.869299411773682,6.521855354309082,0.8482403755187988,0.6129318475723267,5.041316986083984,1.041173219680786,0.6288145184516907,1.8477342128753664,0.7721347808837891,3.709754467010498,4.957467555999756,0.8876355886459351,2.276366233825684,1.837475061416626,3.210411548614502,3.9262776374816895,5.063266277313232,1.3156747817993164,4.166508197784424,3.605635166168213,7.894792556762695,3.536961078643799,7.547353744506836,6.683410167694092,0.331995815038681,1.4707682132720947,0.1664381027221679,0.0475827455520629,8.11906623840332,5.883593559265137,3.799282550811768,0.8178145885467529,2.1313223838806152,0.0264700353145599,103.17854309082033,0.0,60.666351318359375,7.23383903503418,3.544158458709717,1.2504113912582395,10.584203720092772,0.4849404692649841,2.1569066047668457,0.4547122716903686,0.4563229382038116,0.5919942855834961,3.920389652252197,1.3890037536621094,4.031883716583252,2.15514612197876,0.9158673882484436,2.783568382263184,0.149319589138031,0.0759432464838028,0.2445231527090072,0.167178139090538,0.0,0.0662059038877487,0.0032403767108917,0.7906429767608643,0.0342050790786743,0.0113634467124938,11.649171829223633,9.819073677062988,6.884422779083252,4.253210544586182,1.651694655418396,2.694132089614868,1.6479034423828125,16.1800479888916,2.1364102363586426,3.159154891967773,3.0667564868927,3.4382567405700684,80.00804138183594,99.5471420288086,10.025506973266602,2.776470184326172,106.52880859375,72.14323425292969,67.42211151123047,1.0725688934326172,4.903668403625488,247.04806518554688,149.25912475585938,158.38038635253906,83.7525405883789,39.615142822265625,0.0,66.27763366699219,85.62361145019531,10.838324546813965,72.15727233886719,33.336509704589844,127.56671142578124,99.77799224853516,33.49846649169922,0.1220183372497558,869.8717651367188,498.7326965332031,114.41421508789062,530.61376953125,37.52632141113281,160.6630096435547,109.5301284790039,311.9181213378906,70.94799041748047,7.375223159790039,165.20022583007812,134.66082763671875,0.847869873046875,0.6381511688232422,0.993438720703125,0.7119216918945312,0.6904716491699219,1.0433349609375,1.0320358276367188,4.132080078125,0.7229633331298828,0.8176631927490234,1.3350334167480469,0.3192501068115234,0.9758167266845704
TEST_06+1일,1.566500186920166,0.0105876922607421,7.537835121154785,1.0486574172973633,0.2102689743041992,0.0438848137855529,2.531591892242432,0.0,0.3027091026306152,0.1149291843175888,0.0,0.0190798640251159,0.1074052453041076,0.0,0.0,0.0,4.096944808959961,0.1366736888885498,0.1691219806671142,4.225498199462891,2.2951526641845703,0.267470121383667,0.105302482843399,0.2908867299556732,4.948848724365234,3.5280590057373047,0.0,1.1544837951660156,12.305288314819336,3.5483436584472656,2.903876781463623,2.964941501617432,1.7620341777801514,0.6980780363082886,0.0,2.279566764831543,28.92873764038086,7.257463455200195,3.203317642211914,22.889917373657227,13.68727684020996,0.6586371660232544,0.0,0.989085614681244,0.416769415140152,1.996261477470398,0.1364960968494415,3.433400154113769,0.1294983774423599,2.6036264896392822,27.182281494140625,0.9333906769752502,8.95723819732666,0.5336018204689026,3.033219814300537,0.0,1.0485591888427734,1.6323171854019165,0.8191946744918823,0.3334810435771942,17.548892974853516,5.179128646850586,5.31510066986084,13.974427223205566,3.9223880767822266,0.5466954708099365,0.481786161661148,0.5789919495582581,3.616438865661621,0.6753157377243042,2.177456378936768,2.2798333168029785,0.8708294630050659,0.3565907776355743,2.736154556274414,0.4348948001861572,0.5835884213447571,1.8366918563842771,0.7940508127212524,4.108757972717285,3.6540935039520255,1.7273364067077637,1.3478965759277344,0.7845677137374878,1.783246636390686,1.546831727027893,3.822886228561402,1.7418780326843262,3.0448718070983887,3.22520112991333,0.84027099609375,1.3145885467529297,3.3270134925842285,8.789154052734375,0.5599144697189331,1.382022500038147,0.6824803948402405,0.2956911623477936,7.539920806884766,5.9427170753479,1.1674222946166992,0.6827118396759033,0.9539313316345216,0.0,53.39183044433594,4.188930511474609,26.638078689575195,5.496509552001953,2.107863426208496,1.7981860637664795,4.265169620513916,0.2249513268470764,1.5710489749908447,0.450697660446167,0.4297435581684112,1.0013903379440308,1.8498278856277464,0.5974618196487427,2.3600449562072754,1.2729535102844238,0.6050844788551331,4.791211128234863,0.0,0.0,0.2310323119163513,0.055021047592163,0.0,0.0,0.0182605981826782,0.3117702007293701,0.0,0.0113560259342193,5.8306379318237305,4.640239238739014,3.638428211212158,5.621252536773682,3.162439107894897,1.8013763427734375,1.867962121963501,9.060465812683104,3.122321844100952,1.214109182357788,4.258434295654297,3.0199012756347656,80.8187484741211,47.01191711425781,2.193180084228516,11.099712371826172,67.98075866699219,68.19831085205078,51.795780181884766,29.30020904541016,5.436273574829102,196.92686462402344,147.01084899902344,134.284912109375,64.15502166748047,28.178394317626957,2.574129104614258,58.04624938964844,74.71015930175781,4.617755889892578,45.69051361083984,21.480268478393555,82.38158416748047,91.4595184326172,31.34404945373535,0.0,439.8242492675781,258.06219482421875,74.24385833740234,217.67025756835935,32.93864440917969,80.53366088867188,57.31709289550781,198.31594848632807,46.66519165039063,8.436519622802734,65.03773498535156,78.42636108398438,0.0,0.0,0.0,0.0045108795166015,0.0,0.0,0.0060310363769531,0.0,0.0,0.0,0.0,0.0,0.0054550170898437
TEST_06+2일,1.873677492141724,0.1511211395263672,3.943002700805664,1.3247228860855105,0.1782463490962982,0.2259678244590759,2.2624192237854004,0.0146573781967163,0.6077784299850464,0.1655248403549194,0.0060964226722717,0.0240853428840637,0.1024020910263061,0.0027910470962524,0.0409107208251953,0.0052949786186218,3.7834739685058594,0.1597848236560821,0.1775969862937927,4.448450088500977,2.580687522888184,0.3984450101852417,0.1476495862007141,0.5971916913986206,6.2686848640441895,8.374229431152344,0.0,5.886787414550781,6.235206127166748,2.642047643661499,2.8797876834869385,2.657808303833008,1.2350974082946775,0.5156424045562744,0.0056943893432617,1.4334509372711182,22.41119766235352,5.129429817199707,2.2880263328552246,20.13064956665039,11.465221405029297,0.5468795299530029,0.0,1.1347118616104126,0.3340253233909607,1.782315969467163,0.2031144648790359,2.3736226558685303,0.2384261041879654,2.1250102519989014,17.713579177856445,0.2718983888626098,6.972602844238281,0.3979571163654327,1.508725643157959,0.0423898696899414,0.7061982750892639,0.5628489255905151,0.7194308638572693,0.3134140074253082,9.106524467468262,4.9319682121276855,5.542852878570557,9.687536239624023,2.2846646308898926,0.713300883769989,0.3263870775699615,0.3650472164154053,2.08337950706482,0.5533995032310486,1.4233988523483276,1.2998448610305786,0.4414757490158081,0.33687224984169,2.1727182865142822,0.4363713264465332,0.4483280777931213,1.1145977973937988,0.812255859375,1.732986569404602,1.5968118906021118,0.6151803731918335,1.4078350067138672,0.4707286357879638,1.3790054321289062,1.4588921070098877,2.133177757263184,1.222265601158142,2.826352119445801,3.158627510070801,11.02108383178711,0.5257546901702881,2.554275751113892,5.533172607421875,0.4704720079898834,1.9750330448150637,0.2355141192674636,0.2260653376579284,7.718754768371582,3.348536491394043,0.9128111600875854,0.6983039379119873,1.091449737548828,0.0,12.73736572265625,44.60223007202149,24.00922966003418,2.998445510864258,0.7779059410095215,0.951749324798584,2.3358139991760254,0.2704485654830932,1.063942551612854,0.4655919373035431,0.1797648668289184,0.6488498449325562,1.5252134799957275,0.397465705871582,1.6468554735183716,1.4588302373886108,0.6074466109275818,15.456645965576172,0.12028668820858,0.0361084640026092,0.2894061505794525,0.0533864498138427,0.0326150208711624,0.0014362335205078,0.2553630471229553,0.7286913394927979,0.1716635078191757,0.0236339271068573,7.020514965057373,2.026110410690308,2.5703251361846924,3.3250162601470947,1.8563385009765625,1.1784698963165283,0.8114627599716187,6.648571491241455,1.5091496706008911,0.7951136827468872,2.1136515140533447,1.87091326713562,53.48963165283203,24.04852104187012,8.128732681274414,25.301979064941406,55.68357849121094,45.22913360595703,37.72831726074219,14.827197074890137,3.8411436080932617,136.4953155517578,99.68494415283205,78.86793518066406,53.15412902832031,16.107379913330078,4.037553310394287,42.96767044067383,44.85712432861328,4.00408935546875,36.61729049682617,15.927668571472168,62.12525177001953,63.21283721923828,19.98548126220703,0.0,269.09539794921875,136.62588500976562,28.518205642700195,107.85401916503906,11.499839782714844,41.7672233581543,17.5621280670166,89.69091796875,23.922361373901367,2.688764333724976,37.89597702026367,32.97484588623047,0.0645790100097656,0.0742874145507812,0.1002922058105468,0.0754098892211914,0.0233879089355468,0.1239814758300781,0.1028251647949218,0.5241241455078125,0.0462970733642578,0.1194839477539062,0.0767364501953125,0.0298357009887695,0.1027069091796875
TEST_06+3일,1.951723337173462,0.1571006774902343,4.807529449462891,1.7731274366378784,0.1837016642093658,0.8155820369720459,3.1710634231567383,0.0219311714172363,1.5541887283325195,0.2871377766132355,0.0089975595474243,0.02440145611763,0.1068664193153381,0.0084089040756225,0.0522451400756835,0.0090563297271728,4.1942291259765625,0.1498970687389373,0.1761544346809387,4.699985504150391,4.196167945861816,0.5292329788208008,0.4070031940937042,0.6624864935874939,10.801624298095703,15.506628036499023,5.432766437530518,50.45021057128906,6.7750396728515625,2.796463251113892,3.195843458175659,2.84558653831482,1.421668529510498,0.7010669708251953,0.0143911838531494,1.725945234298706,24.55178451538086,5.238304615020752,2.469182014465332,21.409154891967773,12.464282035827637,0.5508015751838684,0.0,1.436113953590393,0.3700894117355346,1.958854913711548,0.1997162401676178,2.688300609588623,0.2813017666339874,2.256154537200928,17.094266891479492,0.471725583076477,7.540612697601318,0.4464016556739807,1.9130123853683472,0.4612999260425567,0.7939251065254211,0.8791260719299316,0.7307963371276855,0.2796081304550171,9.20261573791504,4.872381210327148,5.433218479156494,10.602229118347168,5.072615146636963,0.7385116815567017,0.4799709916114807,0.6609869599342346,2.538494348526001,0.5769871473312378,1.665747880935669,1.3905214071273804,0.5443044900894165,0.5248385667800903,2.509348630905152,0.4599964618682861,0.7084900140762329,1.0592570304870603,0.962657392024994,1.772154688835144,1.4731202125549316,0.9603888392448424,1.430088996887207,0.8144554495811462,1.574723720550537,1.5446546077728271,2.1905558109283447,1.3809967041015625,2.873222827911377,3.468111515045166,52.5971908569336,0.6349050402641296,2.74601411819458,6.434032440185547,0.5450413227081299,5.809427261352539,0.2350705116987228,0.2390613555908203,7.614205360412598,4.007237434387207,1.0687651634216309,0.9058539867401124,1.4444899559020996,0.0102311968803405,19.27217483520508,52.86714553833008,24.480825424194336,3.221353054046631,1.112324357032776,0.6991902589797974,2.871506929397583,0.342423677444458,1.161769151687622,0.4482487142086029,0.1685413420200348,0.7400949001312256,1.57808518409729,0.5252305865287781,1.7337596416473389,1.535163640975952,0.5975483059883118,8.85688591003418,0.6303191184997559,0.6705441474914551,0.2789421081542969,0.2380111813545227,0.2743873298168182,0.0021790564060211,0.858511209487915,2.114898681640625,0.3552748560905456,0.242328479886055,5.942116737365723,1.9754996299743648,3.029540538787842,3.304315090179444,1.8714330196380613,1.3439571857452393,1.0618788003921509,6.8359880447387695,1.650335431098938,0.8703018426895142,2.0783591270446777,1.996955633163452,51.51612091064453,22.444828033447266,22.22191429138184,46.25075912475586,60.26234436035156,46.71337127685547,38.9329833984375,17.046581268310547,4.116665840148926,140.55267333984375,113.24496459960938,80.63995361328125,56.22957992553711,14.96492862701416,4.99056339263916,44.334842681884766,43.96733093261719,4.3984222412109375,37.87044143676758,16.607080459594727,63.23248291015625,71.30537414550781,20.85611343383789,0.0,285.337158203125,139.20245361328125,26.4556884765625,102.17010498046876,14.002727508544922,41.45669174194336,23.282394409179688,86.34232330322266,22.251283645629883,3.760561227798462,41.16977310180664,31.483442306518555,0.0848579406738281,0.0676536560058593,0.1236419677734375,0.1226758956909179,0.0480194091796875,0.1342544555664062,0.145843505859375,0.5457305908203125,0.0552902221679687,0.1194839477539062,0.1224937438964843,0.033522605895996,0.16754150390625
TEST_06+4일,1.964693069458008,0.0105876922607421,4.735476493835449,1.4445934295654297,0.1707725822925567,0.6006442904472351,2.5752148628234863,0.0,1.1559094190597534,0.1999082118272781,0.0,0.0182895064353942,0.1087137460708618,0.0,0.0,0.0,3.6618690490722656,0.1295854747295379,0.1710153222084045,4.371274948120117,3.5213842391967773,0.4596788883209228,0.2692407965660095,0.6351063251495361,9.211915969848633,26.88394927978516,6.810931205749512,20.10979652404785,6.516550540924072,2.7715206146240234,3.081695556640625,2.6938204765319824,1.147242546081543,0.6446093320846558,0.0,1.8643854856491089,23.83572196960449,5.03285551071167,2.6166586875915527,20.57355117797852,11.778900146484377,0.6550418734550476,0.0,1.357564091682434,0.3529232144355774,1.954436421394348,0.1888081431388855,2.3483309745788574,0.2271596044301986,2.050414562225342,16.662614822387695,0.3774371743202209,7.123372077941895,0.4675572514533996,1.8056159019470213,0.1449474096298217,0.7926682829856873,0.8106762170791626,0.8018938302993774,0.2861028611660003,9.518647193908691,5.245849609375,5.4123358726501465,10.77735710144043,3.086758613586426,0.5923230051994324,0.4585922658443451,0.6317386627197266,2.4081356525421143,0.4901233613491058,1.8483930826187132,1.2886229753494265,0.4828550815582275,0.3725960850715637,2.271260499954224,0.4328277111053467,0.5539067387580872,1.1222254037857056,0.9298883676528932,1.7863342761993408,1.5063714981079102,0.8232990503311157,1.355712652206421,0.5488027930259705,1.4534480571746826,1.4989266395568848,2.2415759563446045,1.3857637643814087,2.9959826469421387,3.196195125579834,37.8176383972168,0.589555561542511,2.9447410106658936,6.031520843505859,0.4105720520019531,2.951260805130005,0.2717632055282593,0.2281301319599151,7.66648006439209,3.706904649734497,0.9188105463981628,0.984704613685608,1.2732882499694824,0.0,18.925567626953125,35.91482162475586,24.30599975585937,3.47481632232666,1.0703555345535278,0.8407889604568481,2.696538209915161,0.3015880584716797,1.193063735961914,0.4480078518390655,0.1773671209812164,0.6956339478492737,1.6368643045425415,0.45262411236763,1.6676886081695557,1.5807430744171145,0.5993480086326599,14.513823509216309,0.3845558166503906,0.2613831758499145,0.3015961945056915,0.1338550597429275,0.1429497003555297,0.0,0.4961103200912475,1.2545510530471802,0.1747334748506546,0.1631582081317901,9.302824020385742,1.887341856956482,2.7763614654541016,2.957326650619507,1.8801946640014648,1.1691443920135498,0.880709707736969,6.754779815673828,1.6697670221328735,0.808280348777771,2.057738780975342,2.029616355895996,52.44310760498047,23.87459945678711,17.677663803100586,28.04513168334961,59.95691680908203,45.401405334472656,39.28479766845703,13.384777069091797,3.98910927772522,139.32772827148438,110.57463836669922,78.11976623535156,56.884559631347656,15.441276550292969,3.3129801750183105,45.75306701660156,45.64741516113281,4.33571195602417,36.36334228515625,15.578154563903809,62.90702438354492,70.43828582763672,19.869415283203125,0.0,278.52020263671875,132.2515869140625,28.311613082885746,102.21564483642578,12.337312698364258,41.81435775756836,22.56157112121582,86.42771911621094,22.953197479248047,3.367241144180298,37.86545181274414,32.25895690917969,0.0,0.0,0.0,0.0076627731323242,0.0,0.0084209442138671,0.0425987243652343,0.0,0.0,0.0,0.0,0.0,0.0097770690917968
TEST_06+5일,2.601346731185913,0.1870021820068359,4.530313014984131,2.0956075191497803,0.1454599797725677,1.369819402694702,3.015408992767334,0.0219311714172363,2.3920860290527344,0.3873705267906189,0.0114152431488037,0.021661639213562,0.1137169003486633,0.0112179517745971,0.0,0.0091503858566284,3.969934463500977,0.1479314267635345,0.1829164028167724,4.64567756652832,4.546811103820801,0.6240285634994507,0.433307021856308,0.9611005783081056,9.974920272827148,25.53670692443848,6.595860004425049,37.42298889160156,6.061306953430176,2.89329195022583,3.906719207763672,2.909122467041016,1.2022725343704224,0.7090097665786743,0.0225083827972412,1.4701735973358154,25.09757423400879,5.678915977478027,2.9003090858459477,22.04840850830078,12.05507469177246,0.5465744733810425,0.0,0.7044525742530823,0.3872179388999939,1.752792477607727,0.3443413972854614,2.4851861000061035,0.2057080864906311,2.173963785171509,16.618722915649414,0.251406729221344,7.211508274078369,0.4589794278144836,1.249198079109192,0.4885194003582001,0.7212802767753601,0.6936804056167603,0.7878764271736145,0.289266973733902,9.75620460510254,4.830418586730957,5.816938400268555,11.190299034118652,5.064781188964844,0.5429166555404663,0.545644998550415,0.8128566145896912,2.264089345932007,0.5337275266647339,2.528460025787353,1.462000608444214,0.5562083721160889,0.5024311542510986,2.128625869750977,0.4481840133666992,0.6323472857475281,1.0528968572616575,0.959296464920044,1.9051170349121092,1.4448368549346924,0.5801997184753418,1.103211760520935,0.8206040859222412,1.3119319677352903,1.7631404399871826,1.9220240116119385,1.2622060775756836,2.985954761505127,3.3786654472351074,84.90135192871094,0.6175695061683655,2.678011894226074,6.285384178161621,0.4146468937397003,2.518014907836914,0.2211919426918029,0.2362070679664611,7.871450424194336,3.54150390625,0.8700340390205383,0.892013430595398,1.3036789894104004,0.0,17.93647003173828,83.92753601074219,24.765724182128903,3.205188274383545,0.894041895866394,0.6937742233276367,2.892289400100708,0.4246543049812317,1.17136812210083,0.5041323900222778,0.1349217444658279,0.7838019132614136,1.791214942932129,0.4916946589946747,1.434852957725525,1.4253299236297607,0.6508639454841614,26.230817794799805,0.6007401943206787,0.6409167051315308,0.3672559261322021,0.2277446836233139,0.3724770545959472,0.0006362497806549,0.9061148166656494,3.433574676513672,0.5427839756011963,0.3499006330966949,2.7043628692626958,1.8985785245895384,4.083612442016602,2.9742817878723145,1.9402852058410645,1.271856665611267,1.1576975584030151,6.627712249755859,1.8549472093582156,0.8205591440200806,2.4587607383728027,2.261461019515991,44.36203384399414,25.355674743652344,29.67888832092285,62.35799407958984,53.96819686889648,43.79417419433594,34.71696090698242,15.337465286254885,4.109102249145508,126.60948181152344,103.58361053466795,79.8876953125,49.04147338867188,14.768808364868164,3.354027271270752,39.361122131347656,38.52149963378906,4.073863506317139,37.826416015625,15.262699127197266,57.86487579345703,61.3521728515625,19.98581314086914,0.0,285.5048828125,152.1310577392578,34.15927505493164,113.00051879882812,13.174785614013672,44.194801330566406,26.41695785522461,91.3377685546875,21.308425903320312,3.6503281593322754,46.874122619628906,36.66543197631836,0.0,0.0,0.0,0.0612297058105468,0.0,0.0366687774658203,0.1006736755371093,0.0,0.0,0.0436820983886718,0.0,0.0,0.0832576751708984
TEST_06+6일,2.2368295192718506,0.0,5.009226322174072,4.1824445724487305,0.1364587545394897,1.0395402908325195,6.320832252502441,0.0,2.723985433578491,0.5149432420730591,0.0,0.0165507793426513,0.1444284319877624,0.0,0.0,0.0,3.651058197021485,0.2483874559402465,0.1728185415267944,4.076862335205078,9.787089347839355,0.554100513458252,0.6299203634262085,0.4401577413082123,10.426149368286133,17.932031631469727,6.621482372283936,60.35913848876953,7.1181182861328125,3.158763885498047,4.96788501739502,3.401719570159912,2.9741673469543457,1.2593334913253784,0.0,1.4801888465881348,33.76026153564453,8.884175300598145,4.388165473937988,29.96155548095703,11.48080825805664,0.5272254943847656,0.0,1.2512128353118896,0.3477281928062439,1.613308668136597,0.4232152104377746,4.519719123840332,0.1300322562456131,3.853226661682129,23.761550903320312,0.7140094041824341,6.984041690826416,0.4405349493026733,2.481660842895508,1.4256948232650757,0.7612475156784058,1.0750091075897217,0.6900068521499634,0.2306479215621948,14.599709510803224,4.955047607421875,5.452143669128418,12.92615032196045,16.078594207763672,1.3139039278030396,0.8089208602905273,2.15260648727417,2.369842767715454,0.2999816238880157,3.590292930603028,2.8093647956848145,1.1225180625915527,0.6017920970916748,2.895360946655273,0.4786012172698974,1.3864905834197998,1.2174640893936155,0.8436245322227478,2.773091077804565,2.197533130645752,1.2045146226882937,1.2237441539764404,1.8560962677001955,1.961642265319824,2.197758436203003,2.7405335903167725,1.278439998626709,2.7747998237609863,4.739270687103272,46.023834228515625,1.2337214946746826,3.647854804992676,8.891107559204102,0.5665020942687988,3.0966646671295166,0.1773381531238556,0.2069964110851287,7.801292419433594,4.112607955932617,1.4979534149169922,0.7138673067092896,1.7656192779541016,0.1336275935173034,22.209880828857425,46.11686706542969,25.64666175842285,4.38862419128418,1.740968942642212,0.7068106532096863,3.680439949035645,0.4011598825454712,1.1275113821029663,0.4402194619178772,0.1077301949262619,1.0439378023147583,1.897138357162476,1.0131198167800903,1.9616351127624512,1.295795440673828,0.7256633043289185,8.095732688903809,0.5074223279953003,0.7897378206253052,0.2837273180484772,0.7833108901977539,0.5480746030807495,0.0,0.8731796741485596,3.93375301361084,0.6083872318267822,0.4405795931816101,1.8129558563232424,3.773621082305908,6.958831310272217,6.0768723487854,2.5538923740386963,3.1800942420959477,2.869058609008789,10.483566284179688,2.4046835899353027,1.702685832977295,3.921736240386963,2.826812267303467,53.14810943603516,42.36180877685547,37.816497802734375,81.23768615722656,65.5049057006836,59.47983551025391,43.909786224365234,34.23845291137695,6.596098899841309,156.26254272460938,128.3329315185547,111.93707275390624,57.68351745605469,18.26087188720703,1.7317686080932615,44.72981643676758,50.33422088623047,4.900233268737793,49.81494140625,22.82855224609375,76.35543060302734,67.0842056274414,25.94527244567871,0.0,459.0855712890625,298.2129211425781,61.22981262207031,214.40020751953125,31.311988830566406,71.46726989746094,57.309967041015625,153.59481811523438,29.247407913208008,7.289572715759277,90.56166076660156,67.71842956542969,0.0,0.0,0.0,0.0,0.0,0.0,0.0,0.0,0.0,0.0,0.0,0.0,0.0
TEST_06+7일,1.5214474201202393,0.0,7.820233345031738,2.4764082431793213,0.2420733869075775,0.073302149772644,6.336695671081543,0.0,0.5101959705352783,0.257172167301178,0.0,0.0149700939655303,0.1264941096305847,0.0,0.0,0.0,3.745639801025391,0.1809898912906646,0.1535243988037109,3.816751480102539,6.961559295654297,0.2712095975875854,0.2828532755374908,0.3469548523426056,10.965136528015137,9.376541137695312,0.0,14.187055587768556,13.139012336730955,4.090303421020508,4.445273399353027,3.9900062084198,4.482497215270996,1.6643893718719482,0.0,1.9721887111663816,40.93399810791016,14.303582191467283,7.24582052230835,34.04288101196289,15.434309005737305,0.615461528301239,0.0802078247070312,1.2293689250946045,0.3314278125762939,1.8795228004455569,0.2402248829603195,6.0968017578125,0.280097097158432,5.759029388427734,38.75066757202149,1.5597927570343018,9.94148063659668,0.4874683618545532,4.137510299682617,0.4736034870147705,1.045574188232422,2.19180965423584,0.7696915864944458,0.2947624921798706,23.99631118774414,5.199690341949463,5.1271562576293945,16.774477005004883,6.037299633026123,1.6067888736724854,0.9673452377319336,1.7983031272888184,4.320172309875488,0.6785735487937927,4.1523118019104,4.198410034179688,1.837860465049744,0.3749008476734161,4.597618103027344,0.4340088367462158,2.194086790084839,1.7376394271850586,0.8475456237792969,4.841405868530273,4.358457565307617,2.6123640537261963,1.4334622621536257,1.7286087274551392,3.35006046295166,2.2736356258392334,4.868324279785156,1.6300125122070312,3.206052303314209,5.179090976715088,2.9584102630615234,2.0845284461975098,4.984362602233887,11.968465805053713,0.99639630317688,0.9360547065734864,0.4036611914634704,0.2655999362468719,7.41611385345459,7.270638465881348,2.4034457206726074,1.00618314743042,1.4292945861816406,0.1630841195583343,49.15223693847656,5.089149475097656,33.415245056152344,6.5162763595581055,3.3928542137146,1.4139984846115112,5.750373840332031,0.2428519129753112,1.5426437854766846,0.3718101680278778,0.2803302705287933,1.490062952041626,2.519216060638428,1.638553261756897,3.033440589904785,1.845000505447388,0.7136279344558716,4.343005180358887,0.0,0.0618674606084823,0.2488471418619156,0.3397583961486816,0.0205524563789367,0.0,0.1087887585163116,0.724189281463623,0.0166476666927337,0.0306160748004913,6.041162490844727,6.317337989807129,7.071538925170898,9.830141067504885,4.482334136962891,4.940404415130615,3.9551851749420166,16.598609924316406,4.49302864074707,2.7668025493621826,5.906686782836914,4.606587886810303,81.92625427246094,70.0897445678711,8.964513778686523,20.60696792602539,96.10958862304688,101.4382781982422,64.03607940673828,53.83521270751953,10.23007583618164,251.3287506103516,213.1664123535156,181.1434631347656,80.40985107421875,29.16362190246582,2.8917999267578125,70.05773162841797,79.13069152832031,6.370952606201172,76.24532318115234,34.82258987426758,120.31454467773438,106.05086517333984,45.27845764160156,0.0,667.7575073242188,446.51275634765625,102.8450698852539,320.3975524902344,59.3946647644043,108.73651123046876,103.72521209716795,236.0194396972656,50.92340087890625,12.646486282348633,141.10333251953125,110.88680267333984,0.0,0.0,0.0,0.0,0.0,0.0,0.0,0.0,0.0,0.0,0.0,0.0,0.0
TEST_07+1일,0.9844555854797364,0.0,4.39343786239624,1.1552090644836426,0.4667772054672241,0.3873826563358307,0.134317398071289,0.0224161148071289,1.273366093635559,0.0351180732250213,0.0123822689056396,0.1180039644241333,0.0557575225830078,0.0112179517745971,0.2071495056152343,0.0079279541969299,0.0,0.4770269393920898,0.2505360841751098,0.0,0.4267559051513672,0.0230957269668579,0.0203268229961395,0.0,0.0,0.0,0.0,2.1046924591064453,2.867520332336426,2.865184783935547,1.62855863571167,1.543998956680298,1.2499651908874512,0.5148121118545532,0.0204789638519287,1.092758059501648,28.57146644592285,1.4603805541992188,0.5624826550483704,22.00116539001465,8.475528717041016,0.5317140817642212,0.0,0.0158171653747558,0.1660902500152588,0.8558380603790283,0.1120767667889595,4.72705078125,0.2404179275035858,3.3471784591674805,11.46723461151123,0.6653919219970703,4.799201011657715,0.3848904073238373,2.358850240707397,0.0924466848373413,0.4065697193145752,0.8934471607208252,0.2023007869720459,0.2027539014816284,10.34449291229248,3.702460527420044,4.0745368003845215,7.2733154296875,3.808038711547852,0.2793033123016357,0.1462814807891845,0.1314152479171753,0.0510871410369873,0.3743467926979065,0.1893606185913086,0.178781509399414,0.0382507592439651,0.0889819860458374,0.8614857792854309,0.1605486869812011,0.1304370462894439,0.1410645246505737,0.0256586074829101,0.8001973032951355,0.0722155570983886,0.0,0.323247879743576,0.0426669120788574,0.2064292430877685,0.1590058803558349,0.3439945578575134,0.2915242910385132,0.0774968266487121,0.5871753692626953,1.0948562622070312,1.2659683227539062,2.704684257507324,8.464534759521484,0.338821142911911,0.2534446716308594,0.8572617769241333,0.4071592688560486,2.373016357421875,5.737416744232178,0.4105655252933502,0.5253838300704956,0.9845752716064452,0.0175481140613555,63.32930755615234,1.4772224426269531,11.19736671447754,2.852961540222168,1.85754919052124,0.0642676353454589,1.6320799589157104,0.3469920754432678,0.976498544216156,1.3239198923110962,0.2380252182483673,0.4043168127536773,1.5385791063308716,0.5575939416885376,0.6327884793281555,0.5738233327865601,0.7801599502563477,0.0,0.0,0.0,0.0,0.0014517605304718,0.0,0.0,0.0,0.0,0.0030915439128875,0.0,0.0,2.047122001647949,0.2710223197937011,0.989152193069458,0.5887442827224731,0.7584267854690552,0.7116321325302124,2.3469064235687256,1.369242548942566,0.4926481246948242,0.8342161774635315,0.239697515964508,2.118951797485352,0.3265800476074219,0.2413558959960937,0.0,2.984161376953125,0.9314937591552734,1.8886127471923828,2.433283805847168,0.18980073928833,5.454498291015625,1.5864791870117188,0.646759033203125,4.097709655761719,1.5780725479125977,0.0,0.3510456085205078,2.825592041015625,0.375828742980957,2.0752391815185547,0.9757184982299804,3.097640991210937,0.8722848892211914,0.745246410369873,0.0123267173767089,14.199333190917969,13.012687683105469,3.697498321533203,10.671745300292969,2.545612335205078,2.945331573486328,4.854579925537109,6.0614166259765625,1.6353130340576172,0.8111791610717773,5.3716583251953125,3.675273895263672,0.3687686920166015,0.3495864868164062,0.46221923828125,0.3369464874267578,0.2820110321044922,0.560546875,0.45343017578125,2.338905334472656,0.3025760650634765,0.4426422119140625,0.5800552368164062,0.1662473678588867,0.4614601135253906
TEST_07+2일,0.9503250122070312,0.5667381286621094,1.069969654083252,0.7070062160491943,0.0261525511741638,0.529238760471344,0.9373741149902344,0.1849853992462158,0.986581027507782,0.0,0.0902303457260131,0.1445330083370208,0.0538332462310791,0.0700191259384155,0.2099828720092773,0.0728402733802795,1.4999980926513672,0.0056906938552856,0.2117674350738525,1.0670089721679688,1.3064212799072266,0.1005027294158935,0.022322654724121,0.0528521537780761,4.5144548416137695,4.698080062866211,0.0,4.029197692871094,0.1571741104125976,0.0,0.0752673149108886,0.3658821582794189,0.2287236452102661,0.001102864742279,0.1874587535858154,0.4388100504875183,3.1291961669921875,1.4355337619781494,0.5395824313163757,3.9854660034179688,0.0,0.009728193283081,0.0,0.1404820084571838,0.1309672892093658,0.7998037338256836,0.0,0.947290301322937,0.0,0.2548213005065918,2.93441104888916,0.0022923946380615,1.7849421501159668,0.0,0.2849752902984619,0.0993568897247314,0.1789575815200805,0.0,0.1954814195632934,0.1143257021903991,0.9516277313232422,3.1498115062713623,1.7774381637573242,2.422484397888184,1.54854154586792,0.0643067359924316,0.0266816616058349,0.0697278976440429,0.0,0.2050673961639404,0.1466219425201416,0.0614329576492309,0.0,0.1888551414012909,0.0573164224624633,0.1236345767974853,0.1374412178993225,0.1405012607574463,0.1717188954353332,0.0372912883758544,0.0857293605804443,0.0,0.0,0.0421060323715209,0.1990933418273925,0.1864427328109741,0.0,0.1273819208145141,0.0688170790672302,0.1542553901672363,2.7012805938720703,0.0680659413337707,0.5009572505950928,1.0211267471313477,0.3104204535484314,0.2977760732173919,0.0,0.0149105191230773,2.522960662841797,0.715181827545166,0.0,0.0254603922367095,1.4227099418640137,0.0195307731628417,7.495990753173828,8.830867767333984,4.597186088562012,0.400829553604126,0.3524439334869385,0.0716083049774169,1.4046603441238403,0.2735252380371094,0.0,0.0,0.0109527111053466,0.2394373416900634,0.5667294859886169,0.2138857841491699,0.4727563858032226,0.0,0.3290579915046692,1.3089990615844729,0.0075832307338714,0.0,0.0212900936603546,0.0551644265651702,0.0073696225881576,0.1075190901756286,0.0420284867286682,0.0165328979492187,0.0289964973926544,0.0096992552280426,5.146340370178223,0.4188071489334106,0.1467432975769043,0.518351674079895,0.0,0.1242904067039489,0.1849191188812255,1.4612553119659424,0.0,0.1501328647136688,0.4735311865806579,0.1717311739921569,1.933553695678711,0.3860721588134765,1.6476707458496094,13.801837921142578,2.813488006591797,1.0593795776367188,1.7628746032714844,2.437394142150879,0.1831991672515869,5.118412017822266,0.9977054595947266,0.2281150817871093,3.817241668701172,0.6636743545532227,0.4334259033203125,0.2379417419433593,2.6474437713623047,0.4302613735198974,2.0165367126464844,0.9686927795410156,2.815980911254883,0.9909210205078124,0.0426545143127441,0.0097589492797851,13.63506317138672,12.658828735351562,3.5556468963623047,9.933929443359377,3.0031089782714844,2.895423889160156,3.7247848510742183,5.512466430664063,1.5837068557739258,0.7144017219543457,5.442882537841797,3.509786605834961,0.3966541290283203,0.367828369140625,0.4943275451660156,0.3952407836914062,0.3374309539794922,0.6042022705078125,0.5480728149414062,2.392913818359375,0.3183135986328125,0.4765529632568359,0.6753807067871094,0.1892900466918945,0.5414237976074219
TEST_07+3일,1.0017485618591309,11.55518627166748,1.93438458442688,1.4942368268966677,0.15784353017807,0.5390339493751526,5.376000881195068,0.333249568939209,0.7886338233947754,0.0,0.1630013585090637,0.2917468249797821,0.0586824417114257,0.1720786094665527,0.3318281173706054,0.1326160430908203,14.290165901184082,0.1590700447559356,0.5142529010772705,15.870458602905272,5.613010406494141,0.1829580068588256,0.0246255099773406,0.1277216672897339,0.0,1.0460548400878906,3.778968572616577,33.30363464355469,0.132331371307373,0.0576074123382568,0.073268175125122,0.5047867298126221,0.3538445234298706,0.3861218690872192,0.3680634498596191,0.4737939238548279,5.412691116333008,1.3882280588150024,0.5662801265716553,5.612384796142578,0.1883621215820312,0.1033352613449096,0.0036048889160156,0.4661551713943481,0.2579821050167084,0.8482062816619873,0.0544636994600296,1.08404541015625,0.0417894423007965,0.8150116205215454,3.36848258972168,0.0439454317092895,1.7980685234069824,0.0,0.4099640846252441,0.1146098971366882,0.2082417011260986,0.0703498125076294,0.2049527168273925,0.2000061273574829,1.6797819137573242,3.0293784141540527,1.4563665390014648,2.309049606323242,1.34952974319458,0.0837082862854003,0.0541110038757324,0.0855042934417724,0.0320219993591308,0.1518151760101318,0.1534731388092041,0.1000682115554809,0.0,0.2966669201850891,0.0280201435089111,0.1505079269409179,0.150466501712799,0.1628441214561462,0.2742272615432739,0.0530980825424194,0.1314274668693542,0.0,0.0,0.063194990158081,0.2081631422042846,0.2065271139144897,0.0,0.1400082111358642,0.0822838544845581,0.2288794517517089,13.065393447875977,0.2536195814609527,0.82330322265625,1.8791661262512207,0.4487395882606506,0.220664381980896,0.0,0.1208826601505279,2.44729995727539,1.11852765083313,0.0919548273086547,0.1872391700744629,1.975316047668457,0.0305297672748565,4.90911865234375,12.539447784423828,4.046811103820801,1.124503254890442,0.578498363494873,0.0942569375038147,2.186872959136963,0.2920783758163452,0.2794933915138244,0.2083343863487243,0.1114033460617065,0.3698330819606781,0.708508312702179,0.3234521448612213,0.5361363887786865,0.0640378594398498,0.5262358784675598,6.141131401062012,0.0907380580902099,0.1239500641822815,0.0424776375293731,0.3275705277919769,0.2501058876514435,0.1515464782714843,0.2281367778778076,0.7650253772735596,0.2974629700183868,0.10931296646595,2.85463809967041,0.8324633836746216,0.4609463214874267,0.6851428747177124,0.433184802532196,0.2068410962820053,0.2872281074523926,1.9211187362670896,0.0,0.1731921136379242,0.5806056261062622,0.3259262442588806,2.164487838745117,0.5779886245727539,30.70985221862793,26.720447540283203,2.91718864440918,1.1075258255004885,1.8289194107055664,2.7436580657958984,0.2070769071578979,5.534099578857422,2.046844482421875,1.2502574920654297,3.873687744140625,0.7289314270019531,2.5330820083618164,0.5978164672851562,2.8218002319335938,0.4694390296936035,2.144148826599121,0.9967975616455078,3.175264358520508,1.324148178100586,0.2808213233947754,0.0431432723999023,14.702598571777344,14.491325378417969,3.9548110961914062,10.726394653320312,3.630895614624024,3.239225387573242,4.034854888916016,5.7442474365234375,1.751077651977539,0.7501111030578613,6.404415130615234,3.960817337036133,0.6171913146972656,0.5286960601806641,0.7657737731933594,0.6520519256591797,0.5160026550292969,0.9457511901855468,0.9072818756103516,3.46234130859375,0.5363750457763672,0.7618083953857422,0.94610595703125,0.2584180831909179,0.8936939239501953
TEST_07+4일,0.953965663909912,12.117317199707031,1.665182113647461,1.148953199386597,0.1419686079025268,0.4955419898033142,5.41664981842041,0.3356741666793823,0.6522966623306274,0.0,0.1625178456306457,0.2694592475891113,0.0549877882003784,0.1119664907455444,0.2090387344360351,0.1364714503288269,14.009122848510742,0.1106438636779785,0.41120046377182,17.29821014404297,5.660918235778809,0.1324751377105713,0.0198150873184204,0.5563974380493164,4.607313632965088,3.397521734237671,2.498633861541748,30.699262619018555,0.1636328697204589,0.130772590637207,0.0718686580657959,0.4986133575439453,0.2954355478286743,0.2883726954460144,0.3526989221572876,0.3897770047187805,5.423334121704102,1.346811056137085,0.5609610676765442,5.451465606689453,0.1347827911376953,0.0443297028541564,0.0,0.5319076180458069,0.219433456659317,1.069733500480652,0.0154624879360198,1.0578540563583374,0.0,0.7442659139633179,3.3857622146606445,0.0557314157485961,1.7699403762817385,0.0,0.4089587926864624,0.1667735576629638,0.2436844110488891,0.0697430372238159,0.2067207098007202,0.1450507640838623,1.7224888801574707,2.9941296577453613,1.1209373474121094,2.485172271728516,1.2687153816223145,0.0487403273582458,0.0180091857910156,0.0738935470581054,0.0,0.0994400382041931,0.137921929359436,0.0362639427185058,0.0,0.3475638031959533,0.0331987142562866,0.1301314830780029,0.1130126118659973,0.1343053579330444,0.2476198673248291,0.0670450925827026,0.1598776578903198,0.0,0.0,0.048724353313446,0.2148321866989135,0.1665375232696533,0.0,0.1581746339797973,0.0581909418106079,0.2457461357116699,9.557226181030272,0.2236816585063934,0.7841076850891113,1.97133207321167,0.4405220448970794,0.2443471550941467,0.0,0.0948299169540405,3.114486694335937,1.0568649768829346,0.0,0.1027604341506958,1.958094596862793,0.0224575400352478,5.902442932128906,18.38260078430176,3.755435943603516,0.9484637975692748,0.5098826885223389,0.0899599194526672,2.016159772872925,0.2874168157577514,0.2754775285720825,0.1922758817672729,0.0571732819080352,0.2980465888977051,0.6921151280403137,0.2273001670837402,0.5351319313049316,0.0,0.4686459898948669,8.607588768005371,0.0692895054817199,0.1291585713624954,0.087598443031311,0.4738823175430298,0.3345698714256286,0.0846339911222457,0.2274671345949173,0.9466317892074584,0.1539336144924163,0.0689882040023803,14.244839668273926,0.5988682508468628,0.2710223197937011,0.537278413772583,0.2788056135177612,0.0874808132648468,0.1868026852607727,1.4583892822265625,0.0,0.0749915242195129,0.4419561624526977,0.2496567368507385,2.19538688659668,0.3265800476074219,21.090856552124023,15.073768615722656,2.9971237182617188,0.7629842758178711,2.047372817993164,2.275012969970703,0.1864887475967407,5.631385803222656,1.114938735961914,0.0541324615478515,4.589853286743164,0.9597196578979492,6.465587615966797,0.2549600601196289,2.840753555297852,0.5599288940429688,2.141596794128418,1.0319299697875977,3.053285598754883,0.9734745025634766,0.0486087799072265,0.0,11.042488098144531,11.180191040039062,3.0608158111572266,8.649581909179688,2.9853172302246094,2.640344619750977,4.017032623291016,4.53045654296875,1.4456253051757812,0.7816801071166992,5.000270843505859,3.175569534301758,0.3408851623535156,0.3412933349609375,0.3863334655761719,0.4062700271606445,0.2635383605957031,0.5810909271240234,0.6104488372802734,2.1876754760742188,0.3183135986328125,0.4765529632568359,0.5648040771484375,0.163482666015625,0.5565509796142578
TEST_07+5일,0.9152841567993164,32.365962982177734,2.098172187805176,1.2189785242080688,0.1511880457401275,0.5806873440742493,12.313028335571287,0.4891513586044311,0.6974111795425415,0.0,0.2339591383934021,0.3125590682029724,0.0425954461097717,0.1511049270629882,0.1457548141479492,0.2021066546440124,30.987916946411133,0.0669828653335571,0.5502265691757202,43.77949142456055,12.668682098388672,0.179592490196228,0.0177169144153594,0.8245837688446045,19.773632049560547,18.01739501953125,6.550050735473633,31.432662963867188,0.1348156929016113,0.1025617122650146,0.0278887748718261,0.6256852149963379,0.2399227619171142,0.3234649896621704,0.5130109786987305,0.331911027431488,6.387205123901367,1.5454554557800293,0.5697324275970459,6.148294448852539,0.3393564224243164,0.0427608489990234,0.0,0.8383845686912537,0.267242819070816,1.2318118810653689,0.0290902554988861,1.0542552471160889,0.0229252427816391,0.8487000465393066,3.931807518005371,0.0,1.801069259643555,0.0,0.4379440546035766,0.1387113332748413,0.2272199392318725,0.0559073686599731,0.2414486408233642,0.1632859706878662,1.6792478561401367,3.0944206714630127,1.2566757202148438,3.056325912475586,1.252223014831543,0.0480635166168212,0.02345472574234,0.0697278976440429,0.0,0.2222960591316223,0.1742443442344665,0.0755404233932495,0.0,0.3878331482410431,0.004790186882019,0.1006000041961669,0.1405377984046936,0.157680869102478,0.308589220046997,0.0585218667984008,0.4161071181297302,0.0,0.0,0.0589323639869689,0.2499110698699951,0.1963056325912475,0.0,0.1689972877502441,0.0799692869186401,0.3377480506896972,27.7548885345459,0.2610848248004913,0.7031146287918091,1.7910785675048828,0.515295147895813,0.3127027750015259,0.0,0.0668338537216186,4.503883361816406,0.7518165111541748,0.0,0.1828745305538177,2.155634880065918,0.0154710412025451,2.871746063232422,38.75631713867188,3.563344955444336,0.8926752805709839,0.4463741779327392,0.0681170225143432,1.9210551977157595,0.280424416065216,0.2699923515319824,0.1632099747657776,0.1054854840040206,0.3993343710899353,0.6563750505447388,0.2386507987976074,0.5600574016571045,0.0711555480957031,0.4652715921401977,10.334108352661133,0.0548261404037475,0.2810519933700561,0.2542953789234161,0.4175887107849121,0.2105313092470169,0.7245596647262573,0.4503715634346008,2.2361388206481934,0.5022191405296326,0.3459658026695251,23.350170135498047,0.903720498085022,0.3314092755317688,0.6918460130691528,0.5051812529563904,0.2595763504505157,0.2843531966209411,1.6771745681762695,0.1331602334976196,0.1934449672698974,0.5770663022994995,0.4421245455741882,2.616598129272461,0.9004058837890625,53.74139404296875,53.94682693481445,3.269338607788086,1.298603057861328,2.193431854248047,2.7292699813842773,0.2554141283035278,6.418537139892578,2.0371761322021484,1.016469955444336,4.662174224853516,0.9756364822387696,8.188680648803711,0.7027654647827148,3.17999267578125,1.008910894393921,2.258999824523926,1.102193832397461,3.561159133911133,1.4514532089233398,0.2834672927856445,0.0,15.144859313964844,14.036361694335938,4.020788192749023,11.072532653808594,3.710957527160645,3.388946533203125,4.198799133300781,6.323692321777344,1.8305788040161133,0.8225646018981934,6.053379058837891,4.003000259399414,0.1254158020019531,0.2169113159179687,0.2053680419921875,0.39208984375,0.1116485595703125,0.4167366027832031,0.6190528869628906,1.4531173706054688,0.0890102386474609,0.3668384552001953,0.3283958435058594,0.0879030227661132,0.5371017456054688
TEST_07+6일,0.9252958297729492,35.15269470214844,5.115684509277344,4.288390636444092,0.3067187070846557,0.794026255607605,13.859657287597656,0.685786247253418,0.7667722105979919,0.0,0.3271592855453491,0.7049887776374817,0.0446736216545105,0.1864980459213256,0.1325311660766601,0.2845738530158996,35.303550720214844,0.6465483903884888,1.336057424545288,44.74847412109375,14.471843719482422,0.1343449354171753,0.005997896194458,1.0292270183563232,6.439262866973877,10.460504531860352,9.221749305725098,39.41708755493164,0.0,0.0,0.0,0.964972734451294,0.1242631673812866,1.136787176132202,0.7081104516983032,0.5387540459632874,8.711368560791016,1.7642521858215332,0.5290465950965881,10.246597290039062,0.0,0.1422946453094482,0.0711793899536132,1.5087064504623413,0.4816696941852569,1.3129514455795288,0.2400941848754882,1.0802466869354248,0.2489396780729293,2.3798391819000244,4.224184036254883,0.0,1.8535757064819336,0.0,0.2628593444824219,0.0889915823936462,0.3222362995147705,0.0186483860015869,0.2094988822937011,0.2554610967636108,1.758255958557129,3.068823337554932,1.6828136444091797,3.360311508178711,1.4495854377746582,0.0,0.0,0.107573390007019,0.6688244342803955,0.2279971837997436,0.1363994479179382,0.0559823513031005,0.0,0.6736239790916443,0.0,0.1206812858581543,0.1250057220458984,0.1392808556556701,0.3939602971076965,0.0363615751266479,0.2335814237594604,0.089484691619873,0.0,0.0283084511756896,0.2313712835311889,0.2108309268951416,0.0,0.2075204849243164,0.0613472461700439,0.6232094764709473,27.81853485107422,0.455719918012619,1.3658591508865356,4.300353527069092,0.7968656420707703,0.3970339298248291,0.0,0.2554581761360168,3.843576431274414,1.6517274379730225,1.3384135961532593,0.6516137719154358,2.95896577835083,0.0222687125205993,0.0,16.016067504882812,3.915152549743652,2.3782663345336914,0.6015923023223877,0.039828598499298,3.991397619247437,0.3051308989524841,1.20246684551239,0.5040520429611206,0.3573517799377441,0.6799901127815247,0.5962667465209961,0.4175403714179992,0.6067336201667786,0.8958618640899658,0.6354541778564453,14.370609283447266,0.0363734364509582,0.2439515590667724,0.0333107709884643,0.2195429652929306,0.1957787573337555,0.6165821552276611,0.2748588025569916,1.6210612058639526,0.505185604095459,0.3225490152835846,23.003511428833008,2.8232758045196533,1.4916661977767944,1.258265495300293,2.165111780166626,0.9128071069717408,0.6679129004478455,3.4739537239074707,0.6909719705581665,0.739617109298706,1.0793439149856567,1.5906755924224854,2.379159927368164,0.5069789886474609,73.14078521728516,49.50092697143555,3.3579158782958984,0.7855520248413086,2.3051986694335938,1.972860336303711,0.1394046545028686,6.104560852050781,0.4636421203613281,0.4020957946777344,5.119037628173828,1.3926467895507812,15.13459014892578,0.2733974456787109,2.9146652221679688,0.3588402271270752,2.174776077270508,1.154500961303711,3.2307090759277344,0.4832286834716797,0.1488370895385742,0.0,8.114402770996094,8.134445190429688,2.335063934326172,7.711372375488281,3.10223388671875,2.393585205078125,5.100498199462891,4.146190643310547,1.261516571044922,0.8846678733825684,4.242233276367188,2.718050003051758,0.1989288330078125,0.2169113159179687,0.2549896240234375,0.3243427276611328,0.189645767211914,0.4038963317871094,0.4276180267333984,1.4747238159179688,0.1564521789550781,0.3349227905273437,0.3474617004394531,0.0998849868774414,0.4441719055175781
TEST_07+7일,0.9962878227233888,0.0,7.484606266021728,3.676324367523194,0.6262902021408081,0.4406222701072693,0.1452226638793945,0.0521477460861206,1.120732069015503,0.0358682572841644,0.0267521142959594,0.1679270267486572,0.0498307347297668,0.020768404006958,0.1561441421508789,0.0203873515129089,0.0,0.8952909708023071,0.5788972973823547,0.0,0.3554039001464844,0.0,0.0187915861606597,0.0,0.0,0.0,0.0,3.33059310913086,1.3168344497680664,1.2580697536468506,0.6046257019042969,2.1196813583374023,0.9242260456085204,1.4814002513885498,0.0552666187286376,1.4509775638580322,29.901731491088867,1.755615472793579,0.5571763515472412,25.11918067932129,4.052848815917969,0.8486185669898987,0.3288931846618652,0.0103009939193725,0.4106708765029907,1.0390048027038574,0.4105633199214935,3.805953025817871,0.6825698018074036,5.042428016662598,10.00811767578125,0.3391324877738952,3.7715466022491455,0.217690110206604,1.1619070768356323,0.0619406700134277,0.5948744416236877,0.4343234300613403,0.1987648010253906,0.4348986744880676,9.45832347869873,3.3978111743927,3.951850891113281,7.547449588775635,3.3885746002197266,0.2172634005546569,0.127928078174591,0.2339615821838379,1.5480940341949463,0.4688851237297058,0.1622275114059448,0.3178523182868957,0.2011425048112869,0.0869333148002624,0.3212792873382568,0.1824018955230713,0.1632460653781891,0.1453828811645507,0.0206872224807739,0.4061144590377807,0.0310516953468322,0.2551092505455017,0.236283540725708,0.0680185556411743,0.2118978500366211,0.212624192237854,0.1673880517482757,0.3768163919448852,0.1514326930046081,1.542461633682251,0.3871116638183594,1.368557691574097,3.461595296859741,11.060266494750977,0.9028111696243286,0.2539910078048706,0.6449638605117798,0.643395185470581,3.0443286895751958,5.94008731842041,1.974501609802246,1.039836883544922,1.3148221969604492,0.0242041647434234,35.18016815185547,0.0,7.600505828857422,4.970362663269043,2.108029842376709,0.0555841326713562,4.979640960693359,0.3830728530883789,2.109572649002075,1.5797321796417236,0.444283127784729,0.7508587837219238,1.3361749649047852,1.105613350868225,0.7797235250473022,1.4677455425262451,1.2321617603302002,0.0,0.0,0.0,0.0,0.0,0.0,0.0,0.0,0.0,0.0037124454975128,0.0,0.0,4.087996959686279,1.191325068473816,2.0334694385528564,2.3617444038391118,1.453573226928711,1.0829980373382568,5.281879425048828,1.1274501085281372,0.8736695051193237,1.6782606840133667,1.2336163520812988,2.476736068725586,0.9771728515625,1.322368621826172,0.4494819641113281,3.539392471313477,2.041849136352539,2.270906448364258,2.2421255111694336,0.1324226856231689,6.179740905761719,3.4517955780029297,6.22369384765625,5.059064865112305,2.081828117370605,0.0,1.2810468673706057,3.1136608123779297,0.2555224895477295,2.2743139266967773,1.163869857788086,3.295024871826172,1.8178834915161133,1.3906948566436768,0.0,18.11488342285156,14.737770080566406,4.076868057250977,11.514312744140623,2.367696762084961,3.552530288696289,6.565315246582031,8.296863555908203,1.6785507202148438,0.9716124534606934,5.0409698486328125,3.675273895263672,0.191324234008789,0.2053031921386718,0.2462310791015625,0.3101625442504883,0.1629619598388672,0.4270095825195312,0.3738441467285156,1.39910888671875,0.145212173461914,0.370828628540039,0.2978935241699219,0.1017284393310546,0.4247207641601562
TEST_08+1일,1.465501308441162,0.0,3.723972797393799,2.4310028553009038,0.5673729777336121,0.3884604275226593,2.71798038482666,0.078424334526062,1.0528242588043213,0.2012001872062683,1.7880194187164309,0.339219868183136,0.0412099361419677,0.0793824195861816,0.4196701049804687,0.0311541557312011,4.940074920654297,0.6241520047187805,0.0698562860488891,6.377843856811523,2.773209571838379,1.235805869102478,0.4013899862766266,0.0,2.137462615966797,0.0504698753356933,0.4146933555603027,7.65069580078125,15.549009323120115,1.628483772277832,3.033480167388916,1.9671435356140137,0.5926942229270935,0.6068602204322815,0.1967353820800781,5.826900482177734,16.399921417236328,0.1287727355957031,2.125487327575684,12.546724319458008,13.658052444458008,0.876291036605835,3.393960475921631,0.0,0.4778298735618591,1.7680562734603882,0.4790158867835998,1.7325327396392822,0.2253936529159546,1.4731391668319702,7.581326484680176,1.39143967628479,3.5439159870147705,0.1326233148574829,2.77195405960083,0.8350356221199036,1.0403740406036377,1.2488038539886477,0.3116620779037475,0.194926917552948,5.167873859405518,14.864754676818848,16.93470001220703,7.345953464508057,22.084815979003903,1.027956247329712,0.3825818598270416,1.218832015991211,3.2658350467681885,0.2479980885982513,1.2217223644256592,1.824466586112976,1.2705655097961426,0.8860144019126892,4.080419540405273,0.4272167682647705,0.0350574254989624,1.9808759689331052,0.3551652431488037,1.7646387815475464,0.636907160282135,0.7781156897544861,1.0688620805740356,1.8490853309631348,1.2366557121276855,0.3933844566345215,2.8776206970214844,1.1752389669418335,2.786451578140259,2.863455057144165,0.6518783569335938,0.8401899337768555,1.2219256162643433,2.5214719772338867,0.0624459981918334,0.4912772178649902,0.2946406602859497,0.6244173645973206,11.819538116455078,2.283043384552002,1.8214887380599976,0.5173436999320984,3.586915969848633,0.1339108347892761,184.63754272460935,3.829944610595703,41.58237457275391,1.6346330642700195,1.2035900354385376,0.4769561290740967,1.0925273895263672,0.1797338128089904,0.3866496086120605,0.5953447818756104,0.3443937003612518,0.960973620414734,0.5605266690254211,0.6822162866592407,1.1719083786010742,1.0007387399673462,0.0539313554763793,0.0,0.1262631565332412,0.0161289274692535,0.0142564177513122,0.0522393584251403,0.0,0.0,0.118697702884674,0.0888204574584961,0.0097833573818206,0.0979226231575012,0.0,0.2889001369476318,0.3508477807044983,0.0,0.1760041713714599,0.1008452177047729,0.172527015209198,0.03294038772583,0.0398088693618774,0.1459232717752456,0.0,0.2434926033020019,2.8621692657470703,0.8447504043579102,7.032707214355469,10.18532943725586,5.889942169189453,0.5764198303222656,3.6832332611083984,0.8875770568847656,0.0572313070297241,10.14202880859375,1.0159416198730469,1.0436553955078125,12.972158432006836,2.943702220916748,6.148809909820557,0.6095170974731445,5.850315093994141,0.3782558441162109,5.926572799682617,2.736999034881592,4.984981536865234,0.687352180480957,0.2589893341064453,2.978771686553955,7.977149963378906,6.769554138183594,1.4608631134033203,4.987823486328125,1.046039581298828,2.945331573486328,6.351474761962891,8.818367004394531,1.327070236206055,0.9188246726989746,2.35986328125,2.5006465911865234,30.775192260742188,12.967681884765623,37.85210418701172,6.117542266845703,13.288527488708496,23.996356964111328,13.005520820617676,270.818115234375,40.578857421875,83.06907653808594,56.036582946777344,11.108945846557615,62.85638427734375
TEST_08+2일,0.0,0.9539508819580078,0.7795205116271973,0.0,0.0,0.0,4.933393955230713,0.0229010581970214,0.0,0.0,0.0,0.0,0.0140390992164611,0.033502459526062,0.0881376266479492,0.0075517892837524,36.184513092041016,0.0,0.034062922000885,19.46127319335937,5.522801399230957,0.0546941757202148,0.0,0.039989948272705,6.871259689331055,4.78669023513794,0.0,31.01243019104004,0.6536569595336914,0.2949934005737304,0.2808734178543091,0.6910219192504883,0.0,0.0,0.0161306858062744,0.0,5.993446350097656,0.1279876232147216,0.336536705493927,5.266923904418945,2.877038955688477,0.0,1.4825851917266846,0.0,0.0691539049148559,0.1271884441375732,0.0,1.4429277181625366,0.0,0.6595034599304199,3.5398988723754883,0.0,2.6944327354431152,0.1394455432891845,0.3246834278106689,0.0,0.3444823026657104,0.0,0.0,0.1861840188503265,0.1060295104980468,2.3751795291900635,6.034902095794678,3.774746894836426,2.8421173095703125,0.1339042782783508,0.0881959199905395,0.2717185020446777,0.9047737121582032,0.0,0.3119760155677795,0.0,0.0,0.0,0.0,0.3855774402618408,0.038694679737091,0.0191176533699035,0.2859904766082763,0.1700986623764038,0.0552343130111694,0.2469799518585205,0.0912333130836486,0.0,0.2558131217956543,0.3971951007843017,0.0,0.3394527435302734,0.316479742527008,1.93755841255188,1.970624923706055,0.0,0.2389495372772216,0.5929231643676758,0.0,0.0,0.0,0.0150319933891296,11.99699592590332,0.0,0.0,0.0,0.8721294403076172,0.0,0.0,58.177345275878906,6.09506893157959,0.2846198081970215,0.0,0.0,0.0201518535614013,0.0795093774795532,0.1273785829544067,0.0,0.0,0.1456232070922851,0.2483178377151489,0.0,0.0,0.0,0.025923728942871,10.979232788085938,0.7585856914520264,0.1722287535667419,0.2867829203605652,0.6909124851226807,0.2884299159049988,0.1922882348299026,1.0924434661865234,0.1674487590789795,0.5552449226379395,0.2923072874546051,16.872098922729492,0.0,0.0,0.0,0.0,0.0,0.0,0.0,0.0,0.0,0.0,0.0,1.517221450805664,0.3592052459716797,26.215648651123047,14.102237701416016,3.3622360229492188,0.2228517532348632,1.2751646041870115,0.3675460815429687,0.0148019790649414,6.153205871582031,0.388092041015625,0.383066177368164,11.12353515625,0.1081914901733398,20.020998001098636,0.2535419464111328,1.3738746643066406,0.2621097564697265,1.3427448272705078,0.0927362442016601,2.0841102600097656,0.2738714218139648,0.0942573547363281,1.3942954540252686,3.173255920410156,2.4600143432617188,0.6064567565917969,1.863487243652344,0.4030017852783203,0.3169097900390625,0.3995437622070312,0.5719184875488281,0.3061046600341797,0.0783619880676269,0.9608039855957032,0.6802978515625,6.687068939208984,6.536118507385254,7.77667236328125,5.811890602111816,10.799345016479492,4.964712142944336,6.833158493041992,2.128257751464844,7.037771224975586,0.0,26.29504776000977,7.359224319458008,3.206136703491211
TEST_08+3일,0.2475500106811523,2.300222396850586,1.2861666679382324,0.0965545177459716,0.0,0.7884470820426941,4.000889301300049,0.0,1.7190454006195068,0.0229067802429199,0.6270073056221008,0.1145001053810119,0.027739942073822,0.0110306739807128,0.0069074630737304,0.0,1.7269935607910156,0.1974000036716461,0.1000597476959228,14.37553596496582,3.838389873504639,0.3699315786361694,0.0702221989631652,0.0947502851486206,7.157280921936035,11.92140769958496,0.0,42.84051513671875,6.094347953796387,0.8768758773803711,1.392066478729248,0.8510193824768066,0.0,0.0628741979598999,0.0,1.0166003704071045,5.671142578125,0.1128079891204834,0.8972907662391663,4.977561950683594,4.94225549697876,0.4366689324378967,1.5482447147369385,0.0,0.164019763469696,0.2497012615203857,0.0529998540878295,2.081118583679199,0.0,0.908376693725586,3.4928979873657227,0.0,2.733438014984131,0.2382679283618927,1.4933115243911743,0.6198133230209351,1.4453407526016235,0.0,0.127162218093872,0.1300629377365112,0.0,2.222015619277954,7.720528602600098,4.011566638946533,2.7569050788879395,0.6235967874526978,0.1848034858703613,0.7169132828712463,2.0447301864624023,0.0027089715003967,1.0665364265441897,0.7488517761230469,0.5180932283401489,0.6694625616073608,1.7693760395050049,0.2698147296905517,0.183201789855957,1.0417723655700684,0.7709444761276245,1.174444317817688,0.224335104227066,0.3656350970268249,0.5360924601554871,0.2110984325408935,0.7488853335380554,1.0916781425476074,1.855506896972656,0.5321977138519287,1.392244577407837,1.971292495727539,0.3769283294677734,0.0469785332679748,0.3710918426513672,0.4436635971069336,0.0336505770683288,0.8502601385116577,0.0241668224334716,0.062582790851593,10.915742874145508,0.3343415260314941,0.8057412505149841,0.2038937211036682,1.0575132369995115,0.0,0.0,34.69358444213867,1.530195236206055,0.4282310009002685,0.0,0.0,0.0,0.1690121293067932,0.2039747238159179,0.0,0.013044387102127,0.450404405593872,0.2991219758987427,0.0,0.3194588124752044,0.0045180916786193,0.0238990783691406,0.0,0.6328978538513184,0.2498863935470581,0.0019474625587463,0.0707649141550064,0.1272136569023132,0.0108645260334014,0.5915378928184509,0.1857109069824218,0.3840427994728088,0.457783430814743,1.6490192413330078,0.0,0.0,0.0,0.0,0.0,0.0,0.0,0.0,0.0,0.0,0.0,1.1887092590332031,0.1250686645507812,47.19464492797852,81.2560043334961,3.102985382080078,0.0573511123657226,1.168478012084961,0.120889663696289,0.0,5.551788330078125,0.127573013305664,0.0785980224609375,10.10044288635254,0.1272907257080078,49.95069122314453,0.0,1.1881465911865234,0.2135713100433349,1.3172225952148438,0.0739994049072265,1.6139392852783203,0.0924282073974609,0.0267767906188964,1.6015722751617432,1.2516937255859375,1.1456680297851562,0.1973953247070312,0.952606201171875,0.0217552185058593,0.1505546569824218,0.0,0.0,0.1638393402099609,0.0028033256530761,0.3401298522949219,0.3428363800048828,30.706748962402344,14.731412887573242,30.23373413085937,6.7808380126953125,20.740936279296875,22.808643341064453,13.417226791381836,194.99981689453125,40.30459213256836,63.5529899597168,99.84815979003906,20.293495178222656,46.60660552978516
TEST_08+4일,0.0,35.45767974853516,1.2503821849822998,0.4254920482635498,0.0,0.6158739924430847,14.256227493286133,0.0,1.527408242225647,0.0,0.34432452917099,0.0055913925170898,0.0130384564399719,0.0,0.0,0.0,42.38908386230469,0.109020709991455,0.0612009763717651,37.85411071777344,14.86427879333496,0.2727053165435791,0.0189962983131408,0.1880971491336822,9.466268539428713,6.0360426902771,0.0,12.09258270263672,6.588967323303223,0.6275632381439209,1.2669235467910769,0.6722440719604492,0.0,0.0506555438041687,0.0,0.8037847280502319,8.044336318969727,0.1196126937866211,0.7430373430252075,5.802831649780273,5.33386754989624,0.2162913084030151,1.5714991092681885,0.0,0.1453477442264557,0.2683794498443603,0.0993203371763229,1.9249696731567385,0.0,0.6631731986999512,5.347378730773926,0.0,2.7191858291625977,0.2447123825550079,1.5809376239776611,0.4395159482955932,1.209559202194214,0.0,0.022347092628479,0.0903452038764953,0.3302412033081054,2.2790849208831787,8.499714851379395,5.47179126739502,3.369333267211914,0.6022635102272034,0.1270204782485962,0.6990984082221985,1.889939308166504,0.0184966921806335,0.8024919033050537,0.4192498326301574,0.3177745044231415,0.7007689476013184,0.9104609489440918,0.2680428028106689,0.0834230780601501,0.935626208782196,0.9183395504951476,0.7755574584007263,0.1897503435611724,0.3287657499313354,0.4785001873970032,0.5124579668045044,0.6685906648635864,0.4724669456481933,1.0747857093811035,0.5109390020370483,0.7898162603378296,2.044382810592652,1.295976638793945,0.1980535387992859,0.4580211639404297,0.7674670219421387,0.0,0.8029043674468994,0.0,0.0288782119750976,10.421887397766112,0.358853816986084,0.315357506275177,0.1324801743030548,0.7384099960327148,0.0,0.0,70.07904052734375,2.3589954376220703,0.3316359519958496,0.0,0.0,0.0047135353088378,0.0358418226242065,0.1398180723190307,0.0,0.0,0.3336284458637237,0.2486132383346557,0.0,0.1804965138435363,0.0957769155502319,0.012088656425476,25.990802764892575,0.6739292144775391,0.4189667105674743,0.1234226822853088,0.4894541203975677,0.2491419315338134,0.092548057436943,0.7425537705421448,0.3077118396759033,0.797245979309082,0.7536068558692932,35.05458068847656,0.0,0.0,0.0,0.0,0.0,0.0,0.0,0.0,0.0,0.0,0.0,1.7644176483154297,0.0,65.49488830566406,160.9025115966797,3.3298301696777344,0.0,1.618085861206055,0.0,0.0,5.737518310546875,0.0,0.0,10.68783950805664,0.6183128356933594,86.18382263183594,0.0762643814086914,1.7965030670166016,0.1844480037689209,1.813633918762207,0.2496595382690429,1.9687862396240237,0.0,0.0,1.4548275470733645,0.290924072265625,0.1978225708007812,0.0,0.2147903442382812,0.0,0.0840110778808593,0.3389549255371094,0.2913436889648437,0.1498918533325195,0.0726690292358398,0.0,0.2097969055175781,31.102197647094727,14.280322074890137,27.5484619140625,5.537750244140625,20.482568740844727,20.969776153564453,11.79110622406006,180.0278778076172,35.2975959777832,33.09046173095703,129.2322235107422,29.07686996459961,32.1397819519043
TEST_08+5일,0.0,50.50064086914063,1.604945182800293,0.3548612594604492,0.0541928112506866,1.8067045211791992,22.435516357421875,0.0,3.0722811222076416,0.0034436881542205,0.9406359195709229,0.115343153476715,0.0334358215332031,0.0016673803329467,0.0276880264282226,0.0,115.60084533691406,0.0902578234672546,0.2894850373268127,93.8122329711914,24.53856086730957,0.1135908365249633,0.0182798504829406,0.2473208308219909,22.0310173034668,24.130083084106445,1.4714157581329346,104.8502960205078,8.626571655273438,0.6004989147186279,2.023378372192383,0.8368716239929199,0.0,0.01925790309906,0.0,0.6745860576629639,6.400888442993164,0.0827102661132812,0.9140663146972656,4.948036193847656,4.436667442321777,0.3836553990840912,1.6483755111694336,0.8201261162757874,0.1671819388866424,0.146669864654541,0.1321524679660797,1.9681556224823,0.0,0.796483039855957,4.502044677734375,0.0,2.834325790405273,0.6737798452377319,1.8532406091690063,0.6305999755859375,1.701231598854065,0.0,0.0,0.1487144827842712,0.7108678817749023,1.4935426712036133,8.355493545532227,4.446400165557861,1.989445686340332,0.6829577088356018,0.1536430120468139,1.15244722366333,2.661683320999145,0.0,1.3279438018798828,0.7871663570404053,0.4401655197143554,1.0480841398239136,2.7597546577453613,0.3498444557189941,0.3225479125976562,1.655778169631958,0.6653552651405334,1.5440422296524048,0.265321135520935,0.4665535390377044,0.5551801919937134,0.6516677141189575,0.5522833466529846,1.7625352144241333,2.030620813369751,0.4820789098739624,1.3072354793548584,1.9176247119903564,6.881547927856445,0.1371771693229675,0.2705011367797851,0.7589030265808105,0.0,2.2158901691436768,0.0,0.0284531116485595,10.548446655273438,0.0,1.0455200672149658,0.1069527864456176,0.5793647766113281,0.0,0.0,132.28750610351562,0.864349365234375,0.2876753807067871,0.0,0.0,0.1575140953063964,0.1347959637641906,0.1911433935165405,0.0,0.0,0.2482877373695373,0.1966277360916137,0.0903422236442565,0.7156118750572205,0.3505969941616058,0.0330100059509277,70.07009887695312,1.1511820554733276,0.7376605272293091,1.1333764791488647,1.6392722129821775,0.9907224178314208,0.8263283967971802,1.6638389825820925,0.8149924278259277,1.6401231288909912,1.0045346021652222,84.3517837524414,0.0,0.0,0.0,0.0,0.0,0.0,0.0,0.0,0.0,0.0,0.0,2.175870895385742,0.0598163604736328,143.35520935058594,71.8359375,3.539392471313477,0.0,1.6422176361083984,0.0592269897460937,0.0,6.277027130126953,0.0,0.0,10.668434143066406,0.5148563385009766,98.42572021484376,0.0,1.9879169464111328,0.2329866886138916,1.765141487121582,0.2972822189331054,2.1949996948242188,0.0,0.0,2.219000816345215,0.6416778564453125,0.3873977661132812,0.1413154602050781,0.533599853515625,0.0,0.3363170623779297,0.9733543395996094,0.6695060729980469,0.2684459686279297,0.1761746406555175,0.0552291870117187,0.3168773651123047,39.83881378173828,22.58403587341309,42.284812927246094,9.971273422241213,30.6414737701416,37.32441329956055,16.583431243896484,262.979736328125,76.66362762451172,50.36813735961914,171.60939025878906,40.90256118774414,64.66905975341797
TEST_08+6일,4.5877604484558105,34.05235290527344,4.811816215515137,3.5790557861328125,0.8651232719421387,3.682565212249756,16.44827651977539,0.0187791585922241,5.425885677337647,0.1192218959331512,1.1597347259521484,0.4277905225753784,0.0680729150772094,0.0447384119033813,0.2931022644042969,0.0063293576240539,55.71971893310547,0.6083673238754272,0.7333406805992126,93.16053009033205,16.316797256469727,1.4907208681106567,0.0925343930721283,0.3728471994400024,19.931846618652344,24.867725372314453,12.72762680053711,114.29080200195312,11.218169212341309,3.361631393432617,3.6300454139709473,3.846857309341431,1.2530546188354492,0.1594057083129882,0.0312051773071289,0.5775631666183472,32.13429641723633,0.1073119640350341,1.5393142700195312,28.169286727905277,14.02043914794922,1.7651662826538086,3.524048328399658,1.636460304260254,0.8144153356552124,1.0426199436187744,0.5037270784378052,3.1507678031921387,0.1663403660058975,1.8254239559173584,8.161240577697754,0.1369614601135254,8.274768829345703,1.7733373641967771,3.891721725463867,1.4718751907348633,3.322166919708252,0.8923700451850891,1.401865839958191,0.8196694850921631,6.572666645050049,0.9345993995666504,10.00849151611328,8.95195198059082,1.5529394149780271,0.543480634689331,0.2137454450130462,2.1132099628448486,3.443265438079834,0.0,1.040327787399292,1.061300277709961,0.4333095550537109,1.8530231714248655,3.048057079315185,0.762397289276123,1.5521361827850342,1.24881911277771,0.8334016799926758,2.6720521450042725,0.2709222733974457,1.0996546745300293,0.4874681234359741,1.8842523097991943,0.833314836025238,4.271838188171387,1.4699840545654297,0.6381043195724487,1.0577843189239502,4.98358678817749,17.197290420532227,1.1192800998687744,3.3134331703186035,7.908379077911377,0.1474740505218505,2.8577589988708496,0.2521811127662658,0.0201331973075866,14.436006546020508,4.86978816986084,2.1712100505828857,0.3313871026039123,0.8609862327575684,0.0060298442840576,0.0,92.0433349609375,0.1941871643066406,2.102477788925171,1.6777796745300293,1.1420023441314695,2.7868926525115967,1.6101926565170288,0.8375579118728638,1.1251957416534424,0.0,0.3304980099201202,0.8232605457305908,1.052612543106079,1.6467561721801758,1.6151831150054932,0.0667541027069091,30.765914916992188,0.8362798094749451,0.5475907921791077,0.9947061538696288,0.5198090672492981,0.5179052352905273,1.0546936988830566,1.1528464555740356,1.180234432220459,0.7647871375083923,0.8928500413894653,26.116605758666992,3.007630586624145,1.5439271926879885,4.283177852630615,2.2122044563293457,0.7047721743583679,1.4326530694961548,6.198421478271484,0.7662755250930786,0.841208815574646,2.626032590866089,0.8738892078399658,3.5240726470947266,0.5261707305908203,227.774169921875,99.36711120605467,4.66497802734375,0.2860422134399414,2.9529380798339844,0.5484256744384766,0.0124746561050415,8.457172393798828,0.5079307556152344,0.5081157684326172,14.81802463531494,1.583643913269043,52.16032791137695,0.0,3.723911285400391,0.3331842422485351,3.0501956939697266,0.9398059844970704,3.676485061645508,0.357614517211914,0.1273360252380371,7.907652378082275,3.996780395507813,3.395225524902344,0.966033935546875,2.8290252685546875,0.5910835266113281,1.165323257446289,3.1153335571289062,3.3471641540527344,0.7189540863037109,0.506873607635498,1.215179443359375,1.160531997680664,63.63795852661133,42.68119812011719,65.3291015625,29.527557373046875,60.47547912597656,68.22547912597656,38.16502380371094,257.98504638671875,83.39319610595703,45.2796630859375,192.1765594482422,43.554534912109375,67.70819854736328
TEST_08+7일,8.490506172180176,0.0,9.029891967773438,8.054323196411133,1.864043474197388,1.4086833000183103,3.4873290061950684,0.0,2.59440541267395,0.533489465713501,2.4283318519592285,0.7052654027938843,0.0325891375541687,0.0132778882980346,0.2846012115478515,0.0,5.007633209228516,1.2965195178985596,0.423822820186615,8.034976959228516,3.156470775604248,2.7143924236297607,0.6145167946815491,0.0371103882789611,3.483920097351074,2.872067451477051,12.106651306152344,24.2512321472168,18.31872940063477,5.836696624755859,4.4314799308776855,7.517941951751709,2.846367120742798,1.318669319152832,0.1602084636688232,3.087221384048462,63.22525024414063,0.0479018688201904,3.3284056186676025,49.43587112426758,28.72000503540039,2.773752212524414,3.732243776321411,0.2918450236320495,1.0185273885726929,4.083949565887451,1.0352624654769895,3.0997555255889893,0.6184753179550171,3.837886333465576,12.791566848754885,1.845872402191162,8.250765800476074,1.1684473752975464,6.140681266784668,2.1559011936187744,3.573658943176269,3.281060218811035,2.1263530254364014,0.5108786225318909,13.94896125793457,8.39179515838623,19.424638748168945,11.562444686889648,10.967512130737305,1.1474394798278809,0.4483567178249359,2.0132339000701904,4.787508010864258,0.2798711061477661,1.5985947847366333,2.9048306941986084,0.9836932420730592,1.7470040321350098,4.742508888244629,0.3888258934020996,1.3284450769424438,1.9627577066421509,0.5894542932510376,3.995243787765503,0.5838853716850281,1.960541009902954,1.2746310234069824,3.739074468612671,2.378988027572632,1.3361886739730835,1.770334005355835,1.6324927806854248,2.2330245971679688,6.18446683883667,0.0586986541748046,2.579697370529175,6.061830520629883,13.67190170288086,0.6837213039398193,1.1634092330932615,0.6347609162330627,0.3914304673671722,11.116586685180664,11.43576431274414,2.620516777038574,1.268951654434204,3.978070974349976,0.0722716450691223,125.50299072265624,5.276927947998047,31.04647445678711,4.908266067504883,4.2924089431762695,2.162086009979248,5.53413724899292,1.6447467803955078,1.6877062320709229,3.165832281112671,0.2935816943645477,1.1505358219146729,1.7883903980255127,1.8999693393707275,2.790399074554444,2.8928062915802,0.0352596044540405,0.0,0.1491072326898574,0.007055789232254,0.0,0.0773607045412063,0.0137005001306533,0.0025790333747863,0.1440506875514984,0.0807039737701416,0.0,0.0832631140947341,1.392867088317871,5.658575534820557,4.399796962738037,6.005108833312988,2.9044322967529297,1.3585119247436523,3.3097312450408936,10.698490142822266,1.1456871032714844,2.052638053894043,4.847502708435059,3.040440559387207,3.132135391235352,0.247894287109375,33.70265197753906,9.370590209960938,7.532951354980469,0.0302696228027343,5.745840072631836,0.2154407501220703,0.0,11.221046447753906,0.0442066192626953,0.0514144897460937,15.062442779541016,5.37254810333252,0.0,0.0308809280395507,7.851635932922363,0.3168890476226806,7.304145812988281,3.410751342773437,6.050628662109375,0.057535171508789,0.0135450363159179,8.388700485229492,3.295257568359375,2.7380523681640625,0.5008926391601562,2.2824935913085938,0.0954627990722656,2.340904235839844,7.221096038818359,8.220623016357422,1.1415672302246094,1.0057692527770996,0.5639801025390625,1.611562728881836,61.566925048828125,34.91688537597656,71.47895812988281,20.052261352539062,38.72854232788086,57.868629455566406,34.57508087158203,290.218994140625,51.83040618896485,57.94536972045898,60.20802307128906,12.226741790771484,73.14784240722656
TEST_09+1일,7.219474792480469,2.6567859649658203,4.423258304595947,2.161697626113892,1.375521183013916,1.63647723197937,0.0,1.2984822988510132,3.201960325241089,0.7974495887756348,0.0811641812324523,0.3702011406421661,0.6433562636375427,2.107719898223877,14.533855438232422,1.904832124710083,0.1258583068847656,0.2010334432125091,1.4470438957214355,0.0,0.0,0.2751359939575195,0.2230300009250641,0.0200247764587402,0.0,0.0,3.1275429725646973,6.505092620849609,12.341559410095217,5.7388176918029785,3.075298547744751,5.957306861877441,4.461386680603027,1.4601454734802246,0.0,4.770898342132568,45.04394912719727,0.0151870250701904,5.178231716156006,26.21019172668457,20.13718032836914,3.0922255516052246,3.248552083969116,0.1686695218086242,0.9197841882705688,1.18180251121521,0.8173401355743408,2.466991901397705,0.4922713935375213,1.8502089977264404,13.174144744873049,0.9738382697105408,6.028232574462891,0.6672464609146118,6.222108364105225,0.3554558157920837,7.583704948425293,1.204991102218628,0.9242308139801024,0.0769394040107727,6.996800422668457,16.787696838378906,27.500375747680664,14.85653305053711,8.385307312011719,0.7653862237930298,0.7694912552833557,0.5772304534912109,2.686207056045532,0.4742729961872101,1.5123019218444824,1.9622550010681152,0.8087197542190552,0.2375112771987915,2.8657689094543457,0.7310941219329834,1.0431663990020752,0.6117194890975952,0.5603262186050415,1.6901768445968628,0.4444794952869415,0.7122805118560791,2.2749674320220947,0.9123075604438782,2.463817596435547,4.236398696899414,1.3644964694976809,0.5007606744766235,1.639223337173462,1.8304784297943115,2.7445602416992188,1.35024094581604,3.577880382537842,4.639654159545898,0.3169189691543579,0.735470712184906,0.2687529921531677,0.1698302626609802,13.706916809082031,2.715588092803955,1.5979297161102295,1.126325607299805,3.1333961486816406,1.3862379789352417,204.58856201171875,9.996185302734377,30.792869567871094,3.220613956451416,1.235788345336914,0.5270874500274658,1.3448859453201294,1.6946609020233154,0.9800246953964232,1.5313156843185425,0.1290038824081421,0.7348952889442444,2.383861541748047,1.4435055255889893,1.204646110534668,1.2349684238433838,0.0105140209197998,2.588639259338379,0.1712914556264877,0.035518079996109,0.0001313686370849,0.0051224827766418,0.0022762417793273,0.062520295381546,0.2430086433887481,0.0205912590026855,0.0707859396934509,0.0240703225135803,7.147950172424316,0.2645995616912842,0.2446677684783935,0.4347589015960693,0.1028275489807128,0.0630833804607391,0.0,0.4450337886810303,0.2237398624420166,0.4769848883152008,0.796197235584259,0.2044838070869445,10.526910781860352,0.0886039733886718,8.997045516967773,0.0,12.094703674316406,0.0,8.506990432739258,0.0736141204833984,0.0,18.840496063232425,0.0,0.0,28.202129364013672,8.570953369140625,0.0,0.0,12.26742935180664,0.666020393371582,10.303668975830078,5.387507438659668,7.565103530883789,0.0,0.0,10.330774307250977,2.4869842529296875,2.0935134887695312,0.2006950378417968,4.09515380859375,0.4512939453125,10.059812545776367,20.824996948242188,23.27405548095703,3.428976058959961,3.91581916809082,0.9964141845703124,2.604480743408203,35.22905349731445,19.257244110107425,38.22826385498047,8.89361572265625,17.778060913085938,27.51070022583008,13.370981216430664,186.5443420410156,48.99784851074219,74.36016845703125,96.20606994628906,25.868881225585938,58.49137878417969
TEST_09+2일,0.0,12.660011291503906,1.645798921585083,0.3070342540740967,0.0,0.0,4.431169509887695,0.0,0.0,0.0,0.0,0.0,0.0,0.0,0.0,0.0,8.335562705993652,0.0292187929153442,0.0,6.559349060058594,4.43570613861084,0.0,0.0,0.0,0.0,6.602960109710693,0.0,6.917295455932617,1.284538745880127,0.4877119064331054,0.1962120532989502,1.065035343170166,0.0,0.0,0.0,0.6944426894187927,10.835611343383787,0.0,0.2442966699600219,8.049812316894531,3.152726173400879,0.4218085706233978,2.834076404571533,0.0,0.0,0.3585567474365234,0.0615041404962539,1.7804170846939087,0.0,1.8533371686935425,7.300009250640869,0.0,5.158496856689453,0.0,0.8069624900817871,0.0473618507385253,1.557874321937561,0.0,0.3625542521476745,0.02015221118927,2.507763385772705,3.2750701904296875,5.140819549560547,6.671314716339111,2.92897891998291,0.1545466184616089,0.0,0.4233666062355041,0.7670007944107056,0.0,0.0,0.0,0.0,0.0,0.0,0.4933669567108154,0.0,0.0,0.0253784656524658,0.1251580715179443,0.077727735042572,0.1004059314727783,0.0,0.1006756424903869,0.4505144357681274,0.0935519933700561,0.003042459487915,0.3943387269973755,0.0,1.082963228225708,2.973684310913086,0.0,1.0943372249603271,2.241304397583008,0.0,0.0,0.2474915236234665,0.1219757795333862,12.494977951049805,0.5853276252746582,0.0,0.0683602094650268,0.4770488739013672,0.0,0.0,17.819271087646484,4.93145751953125,0.4530696868896484,0.177018404006958,0.0,0.84709632396698,0.0,0.3894901275634765,0.0,0.0,0.1577187180519104,0.4703272581100464,0.0,0.2878370285034179,0.0,0.0,3.4121170043945312,0.2629331648349762,0.2024155706167221,0.0239133238792419,0.0873404145240783,0.0331857502460479,0.1381325423717498,0.326895534992218,0.0,0.066663920879364,0.1375965178012848,2.791881561279297,0.0212292671203613,0.0,0.0,0.0,0.0,0.0,0.1619186401367187,0.0,0.0,0.0,0.0,1.1952133178710938,0.0,7.150318145751953,14.273681640625,2.869657516479492,0.0,1.7095317840576172,0.0,0.0,4.468349456787109,0.0,0.0,9.55185317993164,0.938232421875,0.0,0.0,1.2866973876953125,0.3210494518280029,1.7804546356201172,0.8687620162963867,2.221612930297852,0.0,0.0,1.384206771850586,0.0,0.0,0.0,0.0,0.0,0.0,0.0,0.0,0.0,0.0,0.0,0.0,3.801057815551758,3.382838249206543,6.077945709228516,2.107834815979004,5.208162307739258,3.9466495513916016,2.3828353881835938,9.036300659179688,3.852266311645508,5.620133399963379,10.625452041625977,2.8474841117858887,0.0
TEST_09+3일,0.0,46.804931640625,2.554124116897583,0.3428540229797363,0.0,0.0329167246818542,16.941017150878906,0.0,0.4782978296279907,0.0079031288623809,0.0,0.0707416832447052,0.0,0.6932371258735657,4.057073593139648,0.0423440933227539,40.402862548828125,0.1675282418727874,0.0786918997764587,15.69609832763672,15.825489044189451,0.0,0.0,0.1210505962371826,7.50184440612793,7.94556188583374,0.0,15.790365219116213,4.960026741027832,1.7136905193328855,1.1645702123641968,1.02439284324646,0.0661718845367431,0.1332802176475525,0.0,0.4306030869483948,9.891504287719728,0.0,0.2332237958908081,7.558193206787109,4.792235374450684,0.6616658568382263,3.035706043243408,1.8343796730041504,0.2495495676994323,0.3822560310363769,0.1350453197956085,2.339133977890014,0.0,1.9051933288574217,7.300009250640869,0.0,4.919590950012207,0.0,0.5731531381607056,0.0343735814094543,1.1892614364624023,0.006269097328186,0.3825070261955261,0.0281457304954528,2.0833630561828613,2.0759854316711426,5.58396577835083,8.855432510375977,2.7569050788879395,0.3298376798629761,0.0,0.4816859364509582,1.737928867340088,0.0,0.6014136075973511,0.1793426275253296,0.0513684302568435,0.1549238562583923,0.7835102081298828,0.4552714824676513,0.0595352053642272,0.0794808864593505,0.1280268430709839,0.5200157165527344,0.2867254614830017,0.2015707492828369,0.3332339823246002,0.3370154500007629,1.2837388515472412,0.5712753534317017,0.7840814590454102,0.3899581432342529,0.4551455378532409,1.0998303890228271,7.535829544067383,0.1775433719158172,1.0498560667037964,1.7013592720031738,0.0501196384429931,0.0,0.2114325761795044,0.1340001225471496,14.104476928710938,0.1740021705627441,0.0129274725914001,0.2841801047325134,1.0169925689697266,0.0,5.342376708984375,22.894752502441406,6.41989803314209,1.331098198890686,0.0,0.0,0.7333865165710449,0.0,0.5069310069084167,0.1776626110076904,0.903274655342102,0.2143284678459167,0.8623974323272705,0.0643339157104492,0.5414066910743713,0.0,0.0,10.246587753295898,0.3184202909469604,0.4150981903076172,0.0252104997634887,0.174103707075119,0.198208212852478,0.2060164362192154,0.6668424010276794,0.0,0.3614320158958435,0.2405829429626464,12.488067626953123,0.0,0.0983859300613403,0.0,0.0,0.0,0.0,0.0434494018554687,0.0,0.0,0.0,0.0,0.4438648223876953,0.0,36.644622802734375,55.945579528808594,2.3209095001220703,0.0,1.1811790466308594,0.0,0.0,4.393169403076172,0.0,0.0,7.683826446533203,0.0,1.8495559692382808,0.0,0.6006374359130859,0.370281457901001,1.138566017150879,0.7750768661499023,2.221612930297852,0.0,0.0,2.763056993484497,0.0,0.0,0.0,0.2967681884765625,0.0,0.0,0.0,0.0,0.0,0.0,0.0,0.0,9.737852096557615,5.02799129486084,9.942405700683594,2.835726737976074,7.25251579284668,6.092075347900391,3.1958961486816406,59.00212860107422,15.3173828125,21.487735748291016,49.79562759399414,12.131461143493652,13.956300735473633
TEST_09+4일,0.1125268936157226,40.842018127441406,2.5621755123138428,0.2014033794403076,0.0,0.0,13.182510375976562,0.0,0.2440801858901977,0.0908816456794738,0.0,0.0554354488849639,0.0342055559158325,0.4282571077346802,3.51015853881836,0.0,35.694122314453125,0.2746853232383728,0.0252273082733154,29.92506217956543,13.565166473388672,0.0,0.0,0.0451732277870178,7.394349575042725,11.61649227142334,0.0,12.878177642822266,4.224804878234863,1.4455703496932983,1.127587080001831,0.916356086730957,0.0,0.0619885921478271,0.0,0.3568100929260254,10.505706787109377,0.0,0.2735260128974914,9.828794479370115,4.131511688232422,0.7901822328567505,3.101365566253662,1.3149794340133667,0.144896000623703,1.1713588237762451,0.1837009936571121,2.6388356685638428,0.0,1.9871283769607544,7.734080791473389,0.0,4.631366729736328,0.0,0.6552503108978271,0.038092017173767,1.5101382732391355,0.000200867652893,0.293856143951416,0.0523760318756103,3.185736656188965,2.029826402664185,5.550683975219727,8.418267250061035,2.6683945655822754,0.202035367488861,0.0,0.5442596077919006,1.954976201057434,0.0,0.4685757160186767,0.0785863399505615,0.0633129775524139,0.1080603599548339,0.5053430795669556,0.6959519386291504,0.0,0.184342086315155,0.0194969177246093,0.3749659061431885,0.1946402192115783,0.2929639220237732,0.3389623463153839,0.1810914874076843,0.9644272923469543,0.4550724029541015,0.6441333889961243,0.4499976634979248,0.2963321208953857,2.0134599208831787,6.844316482543945,0.1251712441444397,0.9859398603439332,1.6503829956054688,0.0,0.0,0.2215721756219864,0.1501540541648864,15.232501983642578,0.1823444366455078,2.9861927032470703e-05,0.1728243827819824,0.4831271171569824,0.0,2.0813140869140625,24.087682723999023,5.305119514465332,1.1333248615264893,0.1167299747467041,0.0,0.5828619003295898,0.0,0.4275923371315002,0.1184067130088806,0.3207732737064361,0.161881685256958,0.6754266023635864,0.0,0.4067846238613128,0.0,0.0,13.436406135559082,0.3884996771812439,0.5051226615905762,0.1945378631353378,0.1809522211551666,0.1942856013774871,0.3540695905685425,0.6310040950775146,0.0,0.3193925023078918,0.3953584432601928,11.306355476379396,0.1765332221984863,0.0638108253479003,0.1319324970245361,0.0,0.0812419056892395,0.0,0.7574479579925537,0.0,0.0,0.0,0.0,0.2015457153320312,0.0,35.153812408447266,58.44035339355469,2.033571243286133,0.0,0.9106521606445312,0.0,0.0,3.911151885986328,0.0,0.0,7.44569206237793,0.0,0.0,0.0,0.1969623565673828,0.3123819828033447,0.893549919128418,0.6548471450805664,2.035318374633789,0.0,0.0,2.675743818283081,0.0,0.0,0.0,0.0,0.0,0.0,0.0,0.0,0.0,0.0,0.0,0.0,8.118034362792969,3.724472999572754,8.07438850402832,1.904592514038086,6.558750152587891,4.124967575073242,1.9763050079345703,45.24546051025391,11.675522804260254,21.74306869506836,38.89134979248047,9.512784957885742,11.090599060058594
TEST_09+5일,0.4379076957702636,69.62353515625,3.7815260887146,0.6022708415985107,0.0,0.3078798055648803,28.375659942626957,0.0,0.376442551612854,0.1757356524467468,0.0,0.0677383840084075,0.124646782875061,1.6044687032699585,4.518021583557129,0.0,68.13426208496094,0.3511069715023041,0.0858145356178283,52.72901916503906,28.80718231201172,0.0,0.0093114674091339,0.1691878139972686,12.127389907836914,21.54555320739746,0.0,20.77695083618164,3.6709353923797607,1.4417859315872192,1.082607626914978,1.2039399147033691,0.0,0.1457894444465637,0.0,0.2805827856063843,13.885435104370115,0.0,0.4456802010536194,11.23463249206543,3.605710029602051,0.7265110015869141,3.287605762481689,0.638920783996582,0.2091563045978546,1.261435866355896,0.2118627279996872,2.7605457305908203,0.0,1.979187488555908,8.165388107299805,0.0389899015426635,4.631929397583008,0.0,0.215611457824707,0.1683746576309204,1.3935593366622925,0.034547209739685,0.3462637066841125,0.089845597743988,3.0656232833862305,1.2178478240966797,4.726958751678467,8.890756607055664,2.024080276489258,0.2578713297843933,0.0,0.6375883221626282,2.228729486465454,0.0,0.4823325276374817,0.0653204917907714,0.0147628635168075,0.268433541059494,0.468056857585907,0.8802273273468018,0.0395794510841369,0.2547501921653747,0.0680903196334838,0.6431375741958618,0.3279546201229095,0.3353348970413208,0.2994705140590668,0.2563612461090088,1.068046808242798,0.261400818824768,0.9159632921218872,0.4398192167282104,0.2899670004844665,1.9687368869781492,14.156922340393066,0.1359457969665527,1.1685807704925537,2.5071983337402344,0.1673048734664917,0.0,0.2337396889925003,0.1476034224033355,15.632813453674316,0.4347982406616211,0.0571702718734741,0.1653585433959961,1.0382657051086426,0.0,0.0,54.584747314453125,3.32053279876709,1.482693076133728,0.5136575698852539,0.0,1.0099912881851196,0.0178830623626709,0.5227987170219421,0.2084146738052368,0.3319712877273559,0.2256045043468475,0.6935920119285583,0.0,0.7142849564552307,0.0,0.0,29.337757110595703,0.5014989376068115,0.9272952079772948,0.3521327972412109,0.4438213109970093,0.2838315665721893,0.6672754883766174,1.0163590908050537,0.0,0.518258810043335,0.6949836015701294,16.357234954833984,0.4202687740325928,0.4261322617530823,0.525030255317688,0.0315392017364501,0.302920401096344,0.0304641723632812,1.01827073097229,0.0,0.0,0.2456001043319702,0.0,0.5381908416748047,0.0,74.8536376953125,121.95709991455078,2.52614974975586,0.0,1.2459535598754885,0.0,0.0,4.906147003173828,0.0,0.0,6.219745635986328,0.0,8.824020385742188,0.0,0.8962879180908203,0.350172758102417,1.056894302368164,0.9210691452026368,2.4500465393066406,0.0,0.0,2.295675039291382,0.0,0.0,0.0,0.3332061767578125,0.0,0.0,0.0,0.0,0.0,0.0,0.0,0.0,9.453939437866213,4.185513496398926,7.697866439819336,2.509593963623047,7.568610191345215,4.991676330566406,2.847440719604492,43.24703979492188,11.151723861694336,24.229581832885746,29.646690368652344,8.471720695495605,9.287649154663086
TEST_09+6일,2.7610788345336914,38.59648895263672,6.214262962341309,3.3794732093811035,0.2847883701324463,1.3784416913986206,21.44160842895508,0.2319014072418213,1.2297918796539309,0.53446364402771,0.0245913863182067,0.2168226838111877,1.1133428812026978,4.580296993255615,14.143290519714355,0.5769233703613281,30.83523368835449,0.7467364072799683,0.6606720685958862,9.60493278503418,21.151390075683597,0.0436627864837646,0.5244492292404175,0.1055787801742553,4.532749176025391,26.930572509765625,4.763483047485352,27.939645767211918,3.781237363815308,1.752108097076416,1.4560372829437256,2.492987632751465,0.4801903963088989,0.9167130589485168,0.0,0.5241484642028809,24.864967346191406,0.0,1.1790999174118042,27.202287673950195,4.448357582092285,0.7690874338150024,3.4356818199157715,0.5826561450958252,0.4579720497131347,2.3737916946411133,0.5318509936332703,1.8527934551239011,0.0,1.8923194408416748,8.508913040161133,0.4244474172592163,5.018979072570801,0.0319119691848754,0.3999112844467163,0.6592520475387573,1.160165786743164,0.2474213242530822,0.4464063644409179,0.2582088410854339,4.50805139541626,1.17588472366333,5.392105579376221,8.974838256835938,3.079061985015869,0.3619856238365173,0.3664721846580505,0.7987198829650879,3.785212516784668,0.0,0.7577958106994629,0.4646182060241699,0.1411963105201721,0.5450693368911743,0.5808033347129822,0.7807068824768066,0.0851680040359497,0.3864603638648987,0.2428585886955261,1.265410304069519,0.5227063894271851,0.3701513409614563,0.3774668872356415,1.292414307594299,0.9744307994842528,0.2592488527297973,0.8721351623535156,0.9113742709159852,0.3902314305305481,3.17217230796814,27.276269912719727,0.4588753283023834,2.9083054065704346,6.43566370010376,0.6985265016555786,0.2171522080898285,0.2060459107160568,0.1574415266513824,17.54082679748535,2.3584892749786377,0.8683143258094788,0.2656878232955932,2.1485438346862797,0.0,0.0,42.85149383544922,4.379194259643555,3.362943649291992,4.638734817504883,0.1093858480453491,2.781771183013916,0.4483352899551391,0.7942888736724854,0.5378552675247192,1.591328263282776,0.4943941235542297,0.6786757111549377,0.5590948462486267,0.8985471129417419,0.7267081141471863,0.0,20.82185173034668,0.3490307331085205,0.200543463230133,0.1090958714485168,0.2838949263095855,0.0711735337972641,0.241401195526123,0.5917074084281921,0.0,0.4996665716171264,0.0612664371728897,9.497499465942385,2.754211187362671,1.5214612483978271,3.100459337234497,1.6433147192001345,1.154876947402954,0.6861540079116821,4.036044597625732,0.3097434043884277,0.0523298382759094,1.5526912212371826,1.0416085720062256,2.6198501586914062,0.0,107.95208740234376,84.30908203125,5.114347457885742,0.0,2.9097557067871094,0.0,0.0,8.06801986694336,0.0,0.0,8.989151000976562,1.293169021606445,2.768657684326172,0.0,2.95635986328125,0.370281457901001,2.8153886795043945,1.619023323059082,3.512367248535156,0.0,0.0,3.4358816146850586,0.0,0.0,0.0,0.0,0.0,1.1486892700195312,0.98760986328125,1.102569580078125,0.3116836547851562,0.0395474433898925,0.0,0.0,11.55539321899414,5.836471557617188,11.503950119018556,3.352499008178711,10.23488998413086,6.732797622680664,4.361712455749512,56.35017395019531,12.199320793151855,23.821645736694336,27.27880477905273,7.560155868530273,11.695183753967283
TEST_09+7일,8.460471153259277,9.462148666381836,9.112568855285645,6.945116996765137,1.7411900758743286,3.2284669876098637,2.571496963500977,1.5920405387878418,3.848866224288941,1.1288635730743408,0.1277037858963012,0.6246376037597656,1.5699748992919922,5.968211650848389,31.093914031982425,2.8706305027008057,9.209769248962402,0.8183183670043945,2.0639607906341557,5.21449089050293,2.696761131286621,0.2930854558944702,1.0185158252716064,0.226971685886383,0.1119728088378906,0.0,13.966519355773926,9.778646469116213,11.78098201751709,4.446841239929199,4.3061370849609375,7.087193012237549,3.281200885772705,2.2958292961120605,0.0167105197906494,2.896618366241455,53.22013854980469,0.0269641876220703,5.086810111999512,45.85280990600586,14.666306495666504,1.9927343130111692,3.5837574005126958,0.5831249952316284,1.06373929977417,1.659602403640747,0.9611114263534546,2.411760091781616,0.4874937534332275,2.0291786193847656,11.894739151000977,1.0106027126312256,6.130245208740234,0.3824626207351684,4.510382652282715,0.6423135995864868,6.827972412109375,1.156262993812561,0.9089386463165284,0.3091674745082855,9.225570678710938,7.472811222076416,16.524551391601562,13.393322944641112,10.224241256713867,0.704403817653656,1.791938543319702,0.9544450044631958,5.206204414367676,0.498643696308136,2.2486467361450195,2.4397449493408203,0.9730385541915894,0.6758006811141968,2.5464682579040527,0.6681923866271973,0.6978240013122559,0.7451663017272949,0.7588310837745667,2.429450273513794,0.6278609037399292,0.7504225969314575,1.6834949254989624,2.586246490478516,2.0788164138793945,2.080838203430176,2.614532470703125,1.5366356372833252,1.7856746912002563,3.927609920501709,10.063848495483398,1.993290901184082,5.712446212768555,9.969773292541504,1.0611181259155271,1.0441515445709229,0.2813007533550262,0.2451342344284057,17.866853713989258,5.457758903503418,3.013933658599853,1.0202677249908447,4.606654167175293,0.8726134300231934,128.02223205566406,13.35406494140625,18.74505615234375,6.503684043884277,7.130829811096191,0.9885645508766174,4.35240650177002,1.788149356842041,1.3588424921035769,1.565440058708191,1.1564418077468872,1.1450002193450928,1.758705496788025,2.127450942993164,1.5958638191223145,2.615652561187744,0.0269360542297363,8.275278091430664,0.2650719583034515,0.0828723758459091,0.0041959285736083,0.0416860878467559,0.0445473194122314,0.0818054974079132,0.2731550335884094,0.0385997295379638,0.1518639922142028,0.0238114595413208,13.537861824035645,3.3680496215820312,1.7090749740600586,4.004207134246826,2.1347198486328125,1.1779035329818726,1.3117311000823977,4.444316387176514,1.3524858951568604,0.6872777938842773,2.555746078491211,1.5993237495422363,8.18178939819336,0.1711273193359375,41.64508056640625,28.244421005249023,11.690702438354492,0.0799198150634765,7.58237361907959,0.1804981231689453,0.0092521905899047,18.855972290039062,0.156229019165039,0.1628704071044922,26.138303756713867,8.794578552246094,0.0,0.2719793319702148,9.05887222290039,0.6646335124969482,7.637851715087891,3.832334041595459,7.568706512451172,0.1116199493408203,0.0400080680847168,11.174053192138672,3.1427536010742188,2.561119079589844,0.3557415008544922,4.5597076416015625,0.7385005950927734,7.265035629272461,12.643766403198242,14.716529846191406,2.685567855834961,2.203324794769287,1.276226043701172,2.601236343383789,32.17953872680664,16.437721252441406,35.157711029052734,7.906549453735352,21.00263786315918,20.332103729248047,10.827478408813477,161.75857543945312,33.93358612060547,72.39791107177734,83.63711547851562,22.75628662109375,44.26120376586914
