영업일자,느티나무 셀프BBQ_1인 수저세트,느티나무 셀프BBQ_BBQ55(단체),"느티나무 셀프BBQ_대여료 30,000원","느티나무 셀프BBQ_대여료 60,000원","느티나무 셀프BBQ_대여료 90,000원","느티나무 셀프BBQ_본삼겹 (단품,실내)",느티나무 셀프BBQ_스프라이트 (단체),느티나무 셀프BBQ_신라면,느티나무 셀프BBQ_쌈야채세트,느티나무 셀프BBQ_쌈장,느티나무 셀프BBQ_육개장 사발면,느티나무 셀프BBQ_일회용 소주컵,느티나무 셀프BBQ_일회용 종이컵,느티나무 셀프BBQ_잔디그늘집 대여료 (12인석),느티나무 셀프BBQ_잔디그늘집 대여료 (6인석),느티나무 셀프BBQ_잔디그늘집 의자 추가,느티나무 셀프BBQ_참이슬 (단체),느티나무 셀프BBQ_친환경 접시 14cm,느티나무 셀프BBQ_친환경 접시 23cm,느티나무 셀프BBQ_카스 병(단체),느티나무 셀프BBQ_콜라 (단체),느티나무 셀프BBQ_햇반,느티나무 셀프BBQ_허브솔트,담하_(단체) 공깃밥,담하_(단체) 생목살 김치전골 2.0,담하_(단체) 은이버섯 갈비탕,담하_(단체) 한우 우거지 국밥,담하_(단체) 황태해장국 3/27까지,담하_(정식) 된장찌개,담하_(정식) 물냉면 ,담하_(정식) 비빔냉면,담하_(후식) 된장찌개,담하_(후식) 물냉면,담하_(후식) 비빔냉면,담하_갑오징어 비빔밥,담하_갱시기,담하_공깃밥,담하_꼬막 비빔밥,담하_느린마을 막걸리,담하_담하 한우 불고기,담하_담하 한우 불고기 정식,담하_더덕 한우 지짐,담하_들깨 양지탕,담하_라면사리,담하_룸 이용료,담하_메밀면 사리,담하_명인안동소주,담하_명태회 비빔냉면,담하_문막 복분자 칵테일,담하_봉평메밀 물냉면,담하_생목살 김치찌개,담하_스프라이트,담하_은이버섯 갈비탕,담하_제로콜라,담하_참이슬,담하_처음처럼,담하_카스,담하_콜라,담하_테라,담하_하동 매실 칵테일,담하_한우 떡갈비 정식,담하_한우 미역국 정식,담하_한우 우거지 국밥,담하_한우 차돌박이 된장찌개,담하_황태해장국,라그로타_AUS (200g),라그로타_G-Charge(3),라그로타_Gls.Sileni,라그로타_Gls.미션 서드,라그로타_Open Food,라그로타_그릴드 비프 샐러드,라그로타_까르보나라,라그로타_모둠 해산물 플래터,라그로타_미션 서드 카베르네 쉬라,라그로타_버섯 크림 리조또,라그로타_빵 추가 (1인),라그로타_스프라이트,라그로타_시저 샐러드 ,라그로타_아메리카노,라그로타_알리오 에 올리오 ,라그로타_양갈비 (4ps),라그로타_자몽리치에이드,라그로타_제로콜라,라그로타_카스,라그로타_콜라,라그로타_하이네켄(생),라그로타_한우 (200g),라그로타_해산물 토마토 리조또,라그로타_해산물 토마토 스튜 파스타,라그로타_해산물 토마토 스파게티,"미라시아_(단체)브런치주중 36,000",미라시아_(오븐) 하와이안 쉬림프 피자,미라시아_(화덕) 불고기 페퍼로니 반반피자,미라시아_BBQ Platter,미라시아_BBQ 고기추가,미라시아_공깃밥,미라시아_글라스와인 (레드),미라시아_레인보우칵테일(알코올),미라시아_미라시아 브런치 (패키지),미라시아_버드와이저(무제한),미라시아_보일링 랍스타 플래터,미라시아_보일링 랍스타 플래터(덜매운맛),미라시아_브런치 2인 패키지 ,미라시아_브런치 4인 패키지 ,미라시아_브런치(대인) 주말,미라시아_브런치(대인) 주중,미라시아_브런치(어린이),미라시아_쉬림프 투움바 파스타,미라시아_스텔라(무제한),미라시아_스프라이트,미라시아_애플망고 에이드,미라시아_얼그레이 하이볼,미라시아_오븐구이 윙과 킬바사소세지,미라시아_유자 하이볼,미라시아_잭 애플 토닉,미라시아_칠리 치즈 프라이,미라시아_코카콜라,미라시아_코카콜라(제로),미라시아_콥 샐러드,미라시아_파스타면 추가(150g),미라시아_핑크레몬에이드,연회장_Cass Beer,연회장_Conference L1,연회장_Conference L2,연회장_Conference L3,연회장_Conference M1,연회장_Conference M8,연회장_Conference M9,연회장_Convention Hall,연회장_Cookie Platter,연회장_Grand Ballroom,연회장_OPUS 2,연회장_Regular Coffee,연회장_골뱅이무침,연회장_공깃밥,연회장_돈목살 김치찌개 (밥포함),연회장_로제 치즈떡볶이,연회장_마라샹궈,연회장_매콤 무뼈닭발&계란찜,연회장_모둠 돈육구이(3인),연회장_삼겹살추가 (200g),연회장_야채추가,연회장_왕갈비치킨,연회장_주먹밥 (2ea),카페테리아_공깃밥(추가),카페테리아_구슬아이스크림,카페테리아_단체식 13000(신),카페테리아_단체식 18000(신),카페테리아_돼지고기 김치찌개,카페테리아_복숭아 아이스티,카페테리아_새우 볶음밥,카페테리아_새우튀김 우동,카페테리아_샷 추가,카페테리아_수제 등심 돈까스,카페테리아_아메리카노(HOT),카페테리아_아메리카노(ICE),카페테리아_약 고추장 돌솥비빔밥,카페테리아_어린이 돈까스,카페테리아_오픈푸드,카페테리아_진사골 설렁탕,카페테리아_짜장면,카페테리아_짜장밥,카페테리아_짬뽕,카페테리아_짬뽕밥,카페테리아_치즈돈까스,카페테리아_카페라떼(HOT),카페테리아_카페라떼(ICE),카페테리아_한상 삼겹구이 정식(2인) 소요시간 약 15~20분,포레스트릿_꼬치어묵,포레스트릿_떡볶이,포레스트릿_복숭아 아이스티,포레스트릿_생수,포레스트릿_스프라이트,포레스트릿_아메리카노(HOT),포레스트릿_아메리카노(ICE),포레스트릿_치즈 핫도그,포레스트릿_카페라떼(HOT),포레스트릿_카페라떼(ICE),포레스트릿_코카콜라,포레스트릿_페스츄리 소시지,화담숲주막_느린마을 막걸리,화담숲주막_단호박 식혜 ,화담숲주막_병천순대,화담숲주막_스프라이트,화담숲주막_참살이 막걸리,화담숲주막_찹쌀식혜,화담숲주막_콜라,화담숲주막_해물파전,화담숲카페_메밀미숫가루,화담숲카페_아메리카노 HOT,화담숲카페_아메리카노 ICE,화담숲카페_카페라떼 ICE,화담숲카페_현미뻥스크림
TEST_00+1일,7.5829773,0,6.3838854,3.8310661,1.0600481,1.2692727,0,0.91961664,2.085097,1.0273765,0.7058704,0.6471616,1.0187302,2.5198636,15.382288,1.2404069,0,1.0441889,1.4704987,2.9263642,0.09669609,1.1209912,0.65722096,0.2968324,2.003191,1.870546,0,3.987285,7.3309937,3.083839,1.9577732,1.8893124,1.9258509,1.5575856,0.22223215,0.1506687,25.249323,0.015739515,1.667825,19.713324,11.809729,0.88522,0.046090253,0.78672314,0.28853115,2.3036404,0.4163804,3.9607735,0.98605937,2.9601908,10.007083,0.6914267,5.418323,0.5948661,2.2218087,0.6980297,2.3830597,0.34425303,0.91245997,1.2437146,7.212255,8.553977,11.815624,8.759597,7.9669237,1.7889742,0.78658295,0.62296593,2.1963162,11.644966,1.4974166,3.1325035,0.51619065,1.9517952,3.3574746,0.91794604,0.55627066,1.8278859,0.6176638,2.7628143,2.60721,0.9588521,0.26051217,0.6274293,0.365117,2.3494813,1.526635,0.6832592,1.3674219,3.8860795,0,1.1224629,2.2395303,5.8542376,0.7195955,0.5904472,0.3628138,0.7483553,15.071723,4.0583315,1.8019927,0.29695892,4.7646,0.70451915,115.60266,9.062629,31.359129,2.3921897,3.603064,0.71150047,2.7373092,0.7663639,1.7657413,0.90314436,0.42368737,0.66322815,0.8204481,1.3815349,2.0089226,0.9136221,0.14165631,0,0.100486554,0.26268747,0,0.15751266,0.21504585,0.119521454,0.31123215,0,0.14850311,0.034067355,12.974609,1.0385224,0.81202364,1.4332796,0.84567434,0.1866333,0.849579,2.667528,0.821582,0.6439086,1.4443351,0.31618637,5.076076,0.13113138,30.415089,28.204248,8.442038,0.09655078,5.2040443,0.0816584,0.10989908,14.036255,0.09444641,0.055177897,15.999068,4.2643194,0.6076457,0.034127183,7.3246217,0.7487055,4.194834,1.6684498,5.047516,0.04499608,0.072676405,5.6384664,0.023530101,1.707888,0.08895367,5.846058,0.7886266,0.42184716,6.671314,1.3643255,0.33824396,1.6147238,1.134789,0.97150433,18.886301,10.467523,22.044134,6.2484994,19.124083,17.040487,7.0180435,61.413055,38.646084,6.33416,34.926605,9.592996,22.673325
TEST_00+2일,0.48270637,1.3575081,0.7199646,0.18512726,0.22001903,0.33256745,1.5186614,0.44942838,0.45755345,0.13824843,0.3401687,0.27015254,0.24908943,0.4509057,0.7421606,0.017146124,1.1006745,0.38303518,0.3996907,1.9755703,1.3942626,0.04598285,0.19248016,0.3860479,0,3.2504215,0,5.9488807,2.4366398,1.2331771,0.93784964,0.4324256,1.0252364,0.5338217,0.21160157,0.032464977,4.476276,0,0.7989835,2.6772172,3.9264278,0.27544686,0.005092882,0.09633944,0.120642714,0.6446757,0.060390472,1.6884731,0.3259034,0.58966666,4.555918,0.14771168,2.7900956,0.070934914,0.9970865,0.15335383,0.55828714,0.056608893,0.21879826,0.3109328,2.3748922,2.4724867,2.7290554,4.2077127,1.3548695,0.39842334,0.28551623,0.12146328,0.5371291,1.104384,0.51860636,0.6369998,0.08099246,0.6550044,0.7754983,0.33001503,0.22954321,0.7531163,0.13631533,0.66437984,0.47336885,0.38780406,0.14613062,0.12259169,0.70243883,1.0786802,0.40882418,0.12012227,0.64265054,1.4325199,21.459904,0.27088118,0.58422166,0.92416936,0.11842682,0.15964442,0.032990526,0.13965984,6.436359,0.76636636,0.80667204,0.08895877,2.5919034,0.16408406,8.905705,42.9321,6.3570495,0.97736496,0.51364464,0.12919755,1.0117369,0.13848816,0.63625807,0.113025345,0.09797002,0.0766043,0.058928575,0.3626525,0.57497275,0.109751225,0.022313535,4.647552,0.38798475,0.26894307,0.12088352,0.25206336,0.3684595,0.38888654,0.65642303,2.9731858,0.60996425,0.14592405,23.056448,0,0.10081732,0.118894815,0.073779166,0,0,0,0.016146231,0.040048156,0.0545367,0.11322402,1.340652,0,1.0626442,29.27674,2.790888,0.08168756,0.85572225,0,0,3.1486268,0.028147487,0,4.8253818,0.5787296,0.404635,0,0.8970093,0.16044697,0.96756643,0.8842718,1.2742958,0.011061269,0,1.9264542,0,0.049132455,0.05309511,0.27977487,0.11142098,2.3171306e-05,0.23521891,0.29952145,0.056421794,0.19167118,0.0922953,0.07993185,4.391408,2.5676358,5.9707932,0.53426194,6.4611573,3.4325585,1.0883162,14.5146055,7.4700217,1.7432892,5.758247,1.760395,2.6990795
TEST_00+3일,3.6774018,24.04669,2.0429554,1.2475493,0.36754894,0.6268387,5.2836614,1.7043877,1.351849,0.39691272,0.5163261,0.35451004,0.47777373,2.3025806,7.285441,0.3488254,5.968435,0.62378806,0.8356137,18.396788,6.0112977,0.72824126,0.39946997,0.41126728,4.2572827,10.306154,0,33.204292,3.0147789,1.5266751,1.0317624,0.83091986,1.4157674,0.86660117,0.24076524,0.015432227,7.712448,0.010866387,1.094082,5.581304,4.1554775,0.43247887,0.03195411,0.5749453,0.23391154,0.9518973,0.12368067,1.8744261,0.3502046,1.0415989,4.699361,0.238232,2.8756137,0.10629046,1.1064132,0.2657699,0.88799137,0.07556867,0.36922994,0.31275025,2.7548158,1.8116833,2.9025643,4.393322,2.5364938,0.88358516,0.3837989,0.31924722,1.0413483,1.7470301,0.8340232,1.7196182,0.13081785,0.78013164,1.6871493,0.5680682,0.43559447,1.1320702,0.69962186,1.5684456,1.1130456,0.5522792,0.3248496,0.40457144,0.8029705,1.4133319,0.74477786,0.6477459,1.4455837,2.5903206,31.195072,0.45629874,1.0139723,2.3648973,0.14851555,0.41421032,0.040704362,0.19713397,8.13197,2.1420584,1.0726875,0.13341658,2.3503225,0.24723502,4.491839,29.681868,6.013561,1.4999853,1.4873623,0.26670468,1.3317233,0.20626588,0.9280734,0.2610138,0.12904589,0.5425326,0.21301584,0.41175118,0.97918874,0.2993833,0.020794539,10.242991,0.62535477,0.47453204,0.27695817,0.48869786,0.4415503,0.58839184,0.88000154,2.611022,0.79455477,0.29531917,34.645252,0.5353486,0.504399,0.6432433,0.31790018,0.042082973,0.19506463,0.91539395,0.1462646,0.121880986,0.592554,0.22341843,2.239693,0,34.666756,55.92881,3.2739708,0.112570524,1.5550598,0,0,3.6304169,0.022511238,0,6.316451,1.2696021,0.4805332,0,2.0063055,0.20345025,1.1908463,1.3150162,1.8465067,0.015986666,0.017454008,2.8674562,0.011243669,0.25649086,0.10764372,1.0532217,0.23244627,0.005607444,0.6670548,0.34189484,0.08617312,0.31586295,0.21064262,0.19533013,7.0297165,4.849365,8.978553,2.013023,9.775458,5.7362733,3.4634635,27.066523,19.941452,3.4621994,20.887436,4.379932,8.2378645
TEST_00+4일,4.1989684,43.408108,1.8261063,1.1169441,0.3569524,0.5344124,8.09439,1.6927303,1.5662565,0.4101165,0.47692743,0.32073864,0.5468152,2.1125755,10.894167,0.4620185,13.055976,0.64169407,0.90662974,34.326954,8.04865,0.5900231,0.3197641,0.6769256,2.4102602,10.024401,0.07481437,26.941425,2.815374,1.2310889,0.8231244,0.8643611,1.4984758,0.8108177,0.23675881,0,7.7244005,0,0.8718551,6.59391,3.5340135,0.3944931,0,0.44172388,0.17350996,0.9240801,0.17986022,1.8052323,0.36697602,0.9260729,4.3802667,0.1779133,2.720884,0.16624393,0.90739536,0.2869092,0.78752464,0.075923644,0.43486354,0.40170774,2.7647479,2.269464,2.789449,4.2162595,2.257708,0.9338612,0.3728399,0.34781212,0.970426,1.4811276,0.77771705,1.8522247,0.047864433,0.703739,1.7201529,0.5130658,0.3640866,0.9527162,0.6542907,2.1012952,1.1926173,0.59005076,0.31592926,0.40800324,0.72821677,1.2252452,0.7835066,0.5869152,1.471315,2.6177766,32.943806,0.4488198,0.95221484,2.6061854,0.09111166,0.44937363,0.045346476,0.19119652,8.73185,2.2817872,0.899158,0.14409646,2.233233,0.24124832,5.479854,36.92828,6.5783706,1.4777354,1.5553863,0.29433852,1.3805816,0.20209125,0.9507893,0.17972635,0.13900329,0.54080915,0.26424176,0.48654103,0.7113871,0.3553773,0.03279221,15.293091,0.55822736,0.50933665,0.32646823,0.37209636,0.44329998,0.84359217,0.89686126,4.1924977,0.801308,0.3005788,39.79713,0.55706203,0.38960558,0.45644903,0.37346217,0.08203091,0.2748809,0.96819746,0.17127745,0.13169476,0.58863705,0.15524824,1.980037,0,42.59043,56.50169,3.4750803,0.09485479,1.7938814,0,0,3.8848202,0,0,6.5952272,1.5407242,0.4242458,0.007332393,2.086186,0.17104642,1.155854,1.0331334,2.0097206,0.02084287,0,3.0435104,0,0.17385231,0.08442464,0.9802496,0.30338672,0.005671388,0.910161,0.27123138,0.044749703,0.42156848,0.26153648,0.23777972,9.063048,5.1984344,10.586402,2.2548797,9.312721,7.856285,3.1682222,28.539112,20.231974,3.4374235,24.14075,4.814998,8.202406
TEST_00+5일,4.5806804,75.82059,2.0646136,1.0680649,0.50368136,1.1093692,19.734537,3.5081422,2.0680683,0.4260275,0.9814364,0.45460078,0.6652903,4.540626,13.80264,0.6391634,28.639013,0.724036,0.81679595,62.524727,18.5761,0.7191267,0.39512208,2.1307397,14.205014,25.253218,2.206532,78.70023,3.2784564,1.6929524,1.046339,1.1925905,1.8848156,1.1044912,0.5437391,0.016415738,11.662337,0.00084666,1.2151126,8.605904,3.9925334,0.6121013,0.01669249,1.7948996,0.40032235,0.98396933,0.2746971,2.0744874,0.6030287,1.0131158,5.1829343,0.273694,2.902703,0.17564046,1.9540347,0.4056542,0.80533594,0.112354994,0.53725976,0.42756853,3.0936556,1.8039831,2.5032914,4.8144517,1.9382775,0.9285965,0.5103728,0.53671014,1.2538661,3.2143114,1.1653714,2.106111,0.13860731,0.9283523,2.132731,0.6691428,0.5796253,1.1996723,1.4901644,2.1518626,1.3403466,0.8635764,0.7394091,0.76692325,2.5991786,1.5783106,1.1136305,0.8498238,2.2805595,3.0577385,95.30444,0.5627391,0.9515832,3.2531407,0.31671712,1.0194464,0.1550229,0.31428608,11.211271,2.4177575,1.0997291,0.24970488,2.3968139,0.25571194,7.947409,63.030617,4.9687605,1.5814008,1.9768937,0.58798665,1.7417837,0.26117238,1.0886935,0.19496495,0.28461304,0.7331056,0.30295482,0.47010404,1.0452842,0.40812507,0.11428799,43.994736,1.0576394,0.81141406,0.6834244,0.82291126,0.9457485,1.3952655,1.538023,8.959525,1.6003809,0.60610676,73.3323,0.65956855,0.48419854,0.70530456,0.41219813,0.25545606,0.4842359,1.4827482,0.31022677,0.15260969,0.8831253,0.4006436,2.1840436,0.005120659,95.96726,122.93172,3.3499608,0.112378314,1.8984867,0.058575716,0.06434683,4.9837227,0.0730264,0.07915946,5.784887,1.7039922,0.8407056,0.04928534,2.5919387,0.2681786,1.2125624,1.5683658,2.2621047,0.04776926,0.034168515,3.23424,0.008896589,0.32881173,0.17637558,1.4195423,0.29745615,0.07524911,1.3769667,0.45931754,0.10942786,0.60509616,0.1800432,0.36023527,9.419224,5.311309,10.301233,2.4169898,10.144426,8.217239,3.8287861,29.251501,20.62869,4.2402377,31.53419,5.4999294,10.735038
TEST_00+6일,9.62771,44.035065,5.9599614,3.4158044,0.9393107,1.7756348,10.220434,4.357658,3.4905336,0.98124355,0.9263781,0.63605493,1.2554201,7.305176,26.936834,1.5766267,16.001434,1.0662965,1.5201408,36.25555,10.229962,1.7471619,0.8569539,1.500007,12.782987,16.406067,1.0005485,98.33519,4.6812887,2.429569,1.357501,1.9652693,3.0852,1.5743617,0.48993707,0.101770215,22.996593,0.03310469,1.6399142,18.833763,7.157004,0.9905459,0.09379058,1.5472227,0.34410012,1.590581,0.5342917,3.1477273,1.2322582,1.765392,7.0963855,0.54491705,4.154512,0.27877375,3.0983276,0.67312026,1.650824,0.25162745,0.84058,0.7585424,5.524608,3.5159607,5.1843233,6.7429156,3.9513738,1.7760807,0.7184454,0.88946,1.7323264,5.637379,1.5567952,3.5506089,0.25088724,1.2324144,3.6520329,0.73298043,0.67924184,1.4534943,1.4596386,3.389019,2.2949612,0.9344074,0.6970081,0.99910355,1.762081,1.7699627,1.9668106,1.1583394,2.542837,4.46223,78.05134,0.8534719,1.9575863,5.748629,0.6937568,1.5025424,0.2660323,0.57415575,15.713791,4.4180856,1.4173802,0.42214403,3.6022592,0.46318886,24.479351,38.812847,9.539768,2.3705044,3.0362172,0.8572306,2.5969372,0.5492295,1.6718342,0.6007544,0.44035777,1.2156756,0.64838904,1.0195436,1.6563028,0.8444912,0.18262148,25.61713,0.948043,0.6876661,0.5762896,0.7421529,0.8010687,0.81825125,1.1735226,5.025348,1.2926149,0.4467815,48.337963,1.9440358,1.1366497,2.305235,1.408058,0.5825427,1.4878473,5.065839,1.2989067,0.60424536,2.6177964,0.715118,4.3057747,0.04667302,106.48274,93.1226,5.93514,0.22769538,4.22533,0.12771629,0.12841724,9.187369,0.100842394,0.18009984,10.898635,3.2336068,0.81445944,0.11388023,5.219016,0.49761373,2.4768915,1.9164766,3.228661,0.1071425,0.054346483,5.0020294,0.06886043,1.1240315,0.19736138,4.6128135,0.69632834,0.2739531,3.781754,0.8052455,0.2116932,1.4259206,0.73621774,0.6104771,16.407412,8.256875,14.475116,4.7216115,16.809145,12.065787,7.0316467,52.123676,37.25522,5.348335,46.940487,9.438759,18.506819
TEST_00+7일,14.099219,0,10.746807,6.435428,1.6072922,1.9071497,1.6885922,3.3109157,4.402086,1.682854,0.6900603,0.80975,1.7364228,6.7706957,37.806652,2.6934192,4.6734776,1.5074904,2.401711,3.420763,1.6052532,2.6413465,1.1039681,0.65806115,10.31765,2.123924,0,51.002533,7.9062653,3.4201963,1.8788719,2.651748,3.3607183,2.2476437,0.2442967,0.13893221,36.524727,0,2.0714843,29.517939,12.003657,1.4318588,0.02523211,1.5793697,0.3003665,2.6583579,0.75778884,4.7010074,1.585206,3.698851,11.217574,0.9515421,5.782081,0.6396759,3.4875367,1.1234918,2.9952602,0.5052752,1.352273,1.4974705,8.952474,8.228524,12.213063,9.386081,9.763148,2.8567913,0.8010416,1.1464901,2.7042034,9.150922,1.8515383,5.38372,0.47665736,1.7953043,5.2372174,0.8567239,0.7357713,1.9501486,1.0555763,4.529697,3.6997056,0.89757997,0.40296778,1.1016808,0.29892334,2.3070383,2.598784,1.2598913,2.370529,5.6584005,4.397615,1.4116486,3.1904762,9.219772,1.1673717,1.4565159,0.43961546,1.045937,18.256672,6.943242,2.0467873,0.49346802,5.3616104,0.8255402,103.841736,6.353584,28.34318,3.354761,5.065307,0.9255921,3.5393503,1.0214051,2.3321924,1.2084706,0.662193,1.5490445,1.2594658,1.8632727,2.3888562,1.4977444,0.1302769,0,0.22238055,0.35743442,0.098656416,0.20259349,0.22208421,0.13133578,0.5002298,0.084331416,0.4002424,0.11567688,9.799321,2.7021348,1.76154,3.418005,2.0825796,0.65588677,2.1614425,7.1564455,2.2597587,1.2027758,3.8343704,0.8064232,7.414328,0.0438889,92.31581,37.120174,10.765624,0.14070217,7.6442986,0.05504651,0.039945044,16.25264,0.03521159,0.064868055,19.83512,5.7573295,0.7982791,0.003728026,10.158396,0.9366151,4.795212,2.0824723,5.951713,0.029051105,0.05707822,7.549424,0.001365154,2.6305687,0.16298841,10.324935,1.3627236,0.56102705,8.983486,1.6252213,0.3562835,2.434738,1.7237326,1.139054,27.035944,14.499933,26.063238,8.687157,25.266312,22.605682,11.614932,89.06898,61.223248,8.185715,62.04844,14.913342,32.966244
TEST_01+1일,4.6305375,0.86729175,11.314857,4.553804,0.7380602,1.9503511,0.096733384,2.5096881,3.5860581,0.96846575,1.2358432,0.5970076,0.89972633,2.9221292,17.108057,1.0863726,0.046513986,0.7065833,1.3821539,1.4529368,0.23174094,0.79005796,0.6525977,0.005507863,0.77050215,1.2704896,0.2765511,0.4583439,4.8893685,4.8534474,2.42962,5.330228,3.5768497,1.7542689,0.9811576,0.112218075,46.28198,0.003382832,1.9559752,30.433777,12.308234,0.7026265,0.008728272,0.036514692,0.39835092,3.214539,0.3503326,4.4836574,0.8936581,6.038693,10.447238,1.8972272,4.6653037,0.48757887,1.9275048,1.2390286,2.412647,0.68307394,1.233662,1.4040936,12.990402,8.262267,11.047702,8.145106,8.684766,1.0811403,0.5078549,2.3587239,3.560614,0.31170806,1.6125157,0.30982384,1.0178396,0.31902796,2.9466417,1.4500436,0.113735355,0.7310876,0.12675695,2.6308768,2.0844963,1.226229,1.6077206,1.2115388,0.81005174,1.6998643,1.262617,1.2228367,1.9576069,3.8093681,0.20111524,1.6949348,4.5207973,8.947816,0.8614792,1.0835478,0.40395615,0.6595779,19.965166,7.9284525,1.9031826,1.4415344,7.7030945,0.35641217,95.023254,0.118514016,50.49387,4.4448676,3.9486034,1.4523386,3.9863472,0.49864316,2.4102733,0.4344604,0.6723822,1.5138007,3.0935514,1.9779656,2.5135725,1.8085893,0.12350135,0,0.19137,0.124384426,0.06311505,0.14247833,0.052615225,0.25649107,0.26203343,0.13287003,0.14099777,0.0276525,6.8208604,4.3333807,4.426072,4.426929,2.680988,0.3569536,1.4560655,7.1420326,0.69636804,0.95256025,5.339709,2.3233874,6.9332385,0.102660134,4.84133,7.190309,11.606778,0.09625214,7.9794526,0.026980674,0.10276341,18.94259,0.08148066,0.06806355,17.889273,7.153562,0.14958844,0.007952797,12.628731,0.8646839,6.3850694,3.1350267,8.1251745,0.012949983,0,14.539233,0.033670615,1.0088052,0.08967211,8.921695,1.6919924,0.13758639,7.0155597,1.0713459,0.013071603,1.31799,1.9857931,1.047392,8.0139675,6.13732,9.624576,3.6915894,9.720118,8.45169,4.112085,26.000906,24.693083,1.2698975,21.597258,4.28993,20.607504
TEST_01+2일,1.2312739,0,5.07252,1.6384572,0.2685711,0.6708322,0.012211037,0.2691023,1.487019,0.1772929,0.05476719,0.09477054,0.5238931,1.576082,5.712625,0.24379955,0,0.2812699,0.66906303,0,0.059828904,0.3343515,0.18940608,0,0,0,0,0,2.6930115,1.697213,0.88748616,4.0421653,2.4002686,1.2784901,0.16500221,0,30.581434,0,0.82019943,22.362995,5.3217864,0.35728952,0,0,0.15347576,1.8119013,0.08589959,2.8306744,0.392382,4.240082,7.8336487,0.6498957,3.3214517,0.05818353,2.0011573,0.7323694,1.0345339,0.31325457,0.4676845,0.25622603,8.095667,5.0903473,5.8427677,6.865024,5.122242,1.1750449,0.011238122,1.0350392,2.1966035,0,0.9050619,0.04719857,0.3327038,0.12831469,1.4527024,0.099604465,0.0899902,0.9649858,0,0.8996016,1.1516705,0.73088986,0.68430376,0.9187919,0.4499746,1.1570945,0.39339212,0.38786608,0.3523748,1.9252678,1.5700405,1.092565,3.1046026,4.952726,0.51010674,0.27794215,0.048837658,0.1448317,23.116438,3.4323585,1.0206755,0.66109294,7.539168,0.2778947,4.171462,0,35.179127,2.5740783,2.0330884,0.46057993,2.7563946,0.12821817,1.1103528,0.078798294,0.061850786,0.57146835,1.9062815,0.52554667,0.7853136,0.5300706,0.029682964,0.03957348,0.010397273,0,0,0.07347419,0.004824858,0.017015195,0.10482321,0.4929517,0.095502205,0,7.631215,3.003601,1.8663867,3.276027,1.3491759,0.32044625,1.0573169,4.784243,0.14724277,0.18114395,3.4871309,0.84004986,4.8347526,0,0.781534,2.334025,7.504104,0.06360402,5.3003078,0,0,12.011752,0,0.103002205,14.173078,4.8592277,0.07639896,0,7.6064487,0.6984616,4.0802193,1.7020806,5.2683296,0,0,8.316727,0,0.23218778,0,1.8261929,1.0080367,0,3.234705,0.31057355,0,0.77123225,0.6387779,0.42188856,3.5120018,2.568053,5.3526287,1.4547077,4.698982,4.689018,1.8339703,14.583466,13.98116,0.28391692,8.902025,2.9242072,10.04433
TEST_01+3일,2.9359949,0,6.318687,2.4522254,0.5494025,1.0642718,0.46744153,0.34202668,1.8718948,0.31371894,0.30314723,0.2720053,0.5546271,1.7786072,8.166593,0.6530177,1.0136677,0.4174059,1.4237202,1.3728893,1.0660505,0.80878973,0.30559635,0.009776657,0.20307474,0,0.2861491,1.209616,3.0230331,1.9880507,1.1011217,4.2374444,2.7639427,1.3955985,0.29173225,0.015643654,31.666,0,1.2714539,25.354887,5.5743885,0.66642267,0.022172367,0,0.31331778,1.7321463,0.3942156,4.0182652,0.7792525,4.9198203,8.714002,0.8930945,4.0943494,0.22949715,2.5398176,0.91309357,1.57282,0.6900303,0.6800851,0.4911265,8.339052,5.4136786,6.5805697,8.299265,5.3312035,1.4210871,0.18057056,1.2652463,2.7497416,0.024551932,1.2973063,0.15087985,0.5875072,0.19124486,1.9789699,0.33631262,0.26804572,1.311867,0.05114124,1.3283398,1.4705242,1.0176976,1.0278125,1.210542,0.75521606,1.820731,0.6390638,0.74848557,0.883237,2.8304517,2.845347,1.2350749,3.3470714,5.8568,0.6122975,0.55427516,0.073074125,0.29870462,26.343042,4.7658653,1.1210291,0.92812264,8.415467,0.47653207,2.1969254,0.04693381,36.75195,2.656486,3.0906086,0.47695437,2.8004189,0.17210029,1.1841224,0.10086017,0.19891284,0.6204192,1.8823432,0.77876014,0.93871355,1.0573578,0.035397995,1.3554918,0.16646631,0.10840708,0.13207318,0.19599985,0.20113948,0.17336556,0.21385817,0.9807019,0.28202826,0.12351872,11.953393,3.8035753,2.7788925,3.9545434,1.5669775,0.67011327,1.5219074,5.7388763,0.628541,0.30982527,3.5018246,1.4981841,5.518287,0,7.3100295,2.4099615,7.8909373,0.1038271,5.898475,0,0,12.942087,0.014922519,0.22908321,15.08388,5.1128654,0.13678329,0,9.004972,0.972119,4.4491143,1.9243736,6.8200736,0.007163543,0.000245723,10.308372,0,0.76055545,0.08715745,4.060846,0.91833353,0.031510975,3.290205,0.48395538,0.007273639,1.0822285,0.90272856,0.4757316,5.2628703,3.6884885,7.164778,2.094138,6.684855,6.3497424,2.5385137,21.491116,20.224424,0.772894,14.723386,4.359652,14.876014
TEST_01+4일,3.010491,0.18090017,5.969566,2.1899586,0.45372972,0.8485792,0.50802153,0.43121997,1.6476281,0.27553263,0.07132911,0.23318867,0.49015394,2.0296142,9.229504,0.694457,0.8751319,0.38618815,1.4695026,1.6018782,0.8652734,0.64297026,0.24155433,0,0,0,0.21627176,2.1633415,2.5330572,1.7349361,0.85151404,3.6584861,2.6095464,1.2892736,0.23742476,0,28.340439,0,1.1371158,22.20087,4.8603635,0.55314845,0,0,0.20029545,1.3113438,0.26842406,3.4556847,0.767307,4.3790245,7.8800797,0.96507835,3.667854,0.24420436,2.4197335,0.8760349,1.5132741,0.54001504,0.54416245,0.52038664,7.461423,5.2930727,5.488853,7.7077637,4.6642246,1.256123,0.21243297,1.115102,1.9647444,0,1.0773143,0.12657733,0.50680643,0.102232985,1.7229804,0.28514978,0.23746489,1.4584637,0.031827874,1.4131958,1.225049,0.92041,0.9324741,1.153818,0.339076,1.4657677,0.57798785,0.7216975,0.8444714,2.6820595,3.2715116,1.0314559,2.9142053,5.4323936,0.58676594,0.4246436,0.024061177,0.18969741,28.462376,3.9230263,0.8879356,0.7910667,7.894469,0.43171015,2.6174583,0.09634204,33.206657,2.429324,2.7919743,0.2846698,2.3607788,0.15930182,1.0747378,0.07731696,0.15842837,0.50220436,1.7103958,0.7676713,0.6267918,0.89485687,0.00838245,0.14403668,0.17213361,0.12773912,0.1423686,0.19157863,0.15252618,0.16225763,0.16160029,0.7728452,0.27029765,0.13873723,11.170891,3.653608,2.2588108,3.5573075,1.4044117,1.0540173,1.6561083,5.933804,0.52102697,0.16228065,3.1037586,1.1888913,4.9788046,0,6.7418694,1.6282513,7.2578387,0.06651384,5.8511615,0,0,12.295079,0,0.34018508,14.46627,5.112272,0.0872736,0,8.735544,1.063028,4.053436,1.7483053,6.57188,0,0,10.054698,0,0.45989504,0.09759014,3.6920407,0.7691867,0.020963416,2.9324253,0.3173557,0.004945017,0.9663194,0.93769056,0.38810632,5.692853,3.4209106,7.1552653,1.986452,6.283535,6.476032,2.4403331,20.002272,17.881506,0.6786537,13.746597,3.5090241,12.741165
TEST_01+5일,3.8358006,1.7110455,6.264077,2.6780176,0.7581695,1.2605181,1.9031887,0.58372086,1.9429693,0.3282306,0.35891968,0.3486907,0.553462,5.209492,11.538485,0.9850364,3.5213344,0.59354347,1.7642365,4.9590406,2.9239814,1.0851572,0.4111437,0.10248673,1.1186069,4.211479,3.5285225,14.097358,2.7627327,2.3044524,1.0898492,3.9613228,2.7705677,1.6957089,0.4699895,0.031845845,30.738525,0,1.3290833,23.720812,4.747393,0.8945013,0.019563532,0.42208195,0.37783644,1.4425757,0.49955007,4.7869625,0.87147915,5.0074363,9.126479,1.0502231,4.1613417,0.4209809,3.2440522,1.3868798,1.722422,0.8901745,0.772511,0.66412157,7.981357,5.701562,6.031719,9.560247,5.142962,2.2062569,0.3838038,1.4279854,2.875685,0.10998299,1.4268106,0.5608732,0.6859066,0.20619884,2.6647518,0.29545805,0.37526014,2.3760593,0.23277378,1.5893805,1.7665013,1.14999,1.2375736,1.9370756,0.5668602,2.0794106,0.7675097,0.887527,1.227979,2.9724035,18.90849,1.3495444,3.5260513,6.720544,0.89012927,0.53942573,0.17278598,0.5768307,34.08087,4.797714,1.0858577,0.9916447,9.14496,0.73346776,8.1226425,0.07162434,33.233162,2.945417,3.5360813,0.61577934,2.9704006,0.3166891,1.2655805,0.08597731,0.29392576,0.73658323,2.5529354,0.7993498,0.9188631,1.0751197,0.114200614,17.168146,0.22954607,0.2782085,0.161557,0.2899708,0.4191892,0.22118981,0.3306532,2.3327198,0.64987487,0.149841,38.94102,4.1415043,2.6972547,4.2598,1.686953,1.8166872,2.3469973,8.036232,1.1926656,0.36237487,3.4988728,1.749194,5.8147917,0.014069683,31.72234,12.796344,8.1244755,0.19241202,7.3507967,0.061480254,0.049780328,14.781191,0.033541273,1.4069822,16.20176,6.326329,0.15774558,0.06229077,10.269797,1.4813622,4.476902,2.035155,7.8275957,0.0371267,0.25037226,10.439656,0.020888466,0.81000835,0.16529626,5.1162205,1.1500682,0.11936557,3.3266659,0.40753207,0.06269082,1.3857969,0.97605413,0.56284475,7.201857,3.6264744,8.030219,2.7296443,7.9062395,7.73918,2.8851733,24.109182,20.400406,1.3999252,15.784282,4.4675155,15.691782
TEST_01+6일,5.425575,4.340583,9.545216,4.4903984,0.9300213,1.790206,1.6973933,1.4954615,2.783647,0.5557057,0.9712906,0.66560435,0.64085865,5.737288,17.51739,1.5724468,3.6388493,0.71642876,2.053009,5.3157425,2.5261354,1.2123269,0.6100334,0.15302597,1.5292449,3.607399,2.9724236,11.905038,3.3669345,3.730014,1.6475537,5.26291,3.6123948,2.0390816,0.7451654,0.1977212,37.82071,0.028576512,1.6993891,30.492481,7.9497986,1.054461,0.14400816,0.10728228,0.5102925,2.056664,0.82274574,5.717848,1.0804858,5.456945,10.625635,1.3923042,4.8973427,0.6326362,3.2397149,1.6638644,2.542528,1.2232093,1.0420903,1.3137292,10.671953,7.5483093,8.710391,9.712996,6.190925,2.279103,0.83500147,2.3653371,4.4133134,0.32177782,1.9072697,0.79466385,0.8912107,0.3394148,4.3187075,1.16645,0.44251546,2.0672843,0.24527588,2.432074,2.4577384,1.6580677,2.349924,1.6784691,1.0836247,2.715741,0.9968529,1.329553,2.1914,4.2967124,17.172817,1.629365,4.005071,9.595779,0.8231497,1.0366228,0.31378642,0.8932071,29.276197,7.1572313,1.4801444,1.3562764,9.834991,0.7049074,26.833038,0.212515,37.1831,3.7477634,5.4891787,1.0371313,3.6669133,0.5389132,1.7704178,0.2956514,0.6967849,1.0586935,2.9537132,1.7670015,1.5384091,1.7342787,0.2377862,4.87321,0.33558917,0.25618586,0.2976024,0.40913972,0.4561029,0.3477395,0.31198978,1.4793917,0.5782296,0.23695476,20.625957,4.9619637,3.745098,5.0924964,2.385221,1.4137312,2.193187,9.439164,1.8455108,0.707738,4.765682,2.5029194,6.6718674,0.1280802,27.663391,10.242066,9.555412,0.19940226,7.919849,0.15830751,0.23845534,18.27926,0.09224367,0.7504899,19.657185,7.5960054,0.2619507,0.15887046,12.495465,1.3955489,5.6382675,2.2990284,9.587835,0.09804051,0.117959715,14.031723,0.13109861,1.4430994,0.22139755,8.985461,1.3640145,0.32236585,4.663962,0.7161717,0.19051969,1.7180089,1.6981831,0.79762065,10.1234865,5.5201573,10.268322,3.7101846,11.557109,9.262411,3.8247535,33.37287,28.997562,1.7147328,23.747076,6.284968,22.796629
TEST_01+7일,7.1134677,4.495277,14.4315405,6.470575,1.1207304,2.5481052,0.8531274,3.0934553,4.2661486,1.0196791,1.7258018,1.0467824,0.7774715,4.194295,23.782171,2.0247085,2.174474,0.92059594,2.2131767,2.9609654,1.111908,1.1500367,0.7626311,0.02198497,0.031018067,0.28721753,1.9210032,4.925045,4.9931545,5.6140437,2.5759206,6.0997787,4.5038643,2.1792543,1.1385897,0.21336801,49.389385,0.01892314,2.508129,37.035297,13.1720915,1.057222,0.063741505,0.006043303,0.4883363,3.288778,0.68344307,5.402021,1.2413138,6.166349,11.766433,2.1429155,5.367288,0.92331237,2.0035667,1.605719,3.491525,1.2198519,1.2798892,2.2050703,14.401662,9.677441,12.138392,8.810097,8.651883,1.5570024,1.1100906,3.0038774,4.904838,0.491227,2.1792676,0.899549,1.1441312,0.22836106,4.9094048,2.5219953,0.25959894,0.99632424,0.08891346,3.5086648,2.691911,1.7884353,2.998354,1.2473692,0.94488317,2.673585,1.4210997,1.9348105,3.211266,5.2946043,5.422025,1.8958145,4.620319,11.802637,0.75093025,1.5071391,0.40435645,1.1588773,17.503061,9.701308,2.0878513,1.7703732,7.4871492,0.42516407,89.91085,0.18891378,46.42306,4.5727057,6.5528903,1.4639125,4.100327,0.6053958,2.4558399,0.38786867,1.1340631,1.5983113,3.0902734,2.9046605,2.6896985,2.5747125,0.17224485,0,0.2447768,0.20554836,0.21431534,0.24704531,0.171014,0.39888987,0.26541802,0.16362314,0.34788376,0.14553949,5.1661057,5.000909,5.3241014,5.1262317,3.0607529,0.6839547,1.5891823,8.766855,1.865715,1.1553179,6.04355,3.211811,7.3389497,0.12527183,11.484748,6.0982337,12.2020645,0.14035226,8.247506,0.05038203,0.13628069,21.258484,0.050470363,0.21624218,20.371868,8.0333395,0.29453918,0.014547408,14.971361,1.0422493,6.9694824,3.1265876,11.395237,0.027906269,0.002722436,17.954697,0.0729688,1.9041985,0.18672878,12.950223,1.4108711,0.4070099,6.640371,1.3281742,0.12430465,1.441615,2.4871504,1.1209042,12.241826,8.113683,12.560208,4.7688537,13.5339575,10.366596,5.229161,37.179703,34.506134,1.8857052,31.50122,5.76016,27.55193
TEST_02+1일,7.6965227,0,11.8499155,5.1386294,1.9322373,1.7775776,0,1.442853,4.2649403,1.1093645,2.4095433,0.7619339,2.098791,5.006659,40.962933,2.0529993,0,1.5330871,1.5095153,9.313888,1.044549,2.189165,1.0427097,0.063252024,0,0,1.8100617,2.22072,9.365675,7.84852,4.393917,4.9532156,3.0005684,2.6156943,0.3086253,4.265928,53.85215,6.4952683,2.439031,35.499203,22.162922,1.6629356,0.09085395,0.39322528,0.6459466,2.2111897,0.8020224,5.338782,0.90939,6.8060684,18.546066,1.1114584,7.9998584,1.2302797,1.3788781,1.7168941,1.0224755,1.5279968,0.52554053,1.2260869,14.019928,17.921564,20.837103,18.972446,18.047743,1.03091,0.59335345,1.9980353,1.9525778,0.16043387,1.1898063,0.015074034,1.6442422,0.3208417,3.4146714,3.3455217,0.6719275,2.6041145,0.7312635,3.5989933,3.396363,1.3872856,1.7758106,0.4962023,1.875459,1.4736348,1.5868767,2.6877933,3.0661676,3.6679776,0,2.20915,5.0263886,0.7592663,0.78773093,0.11319279,0.4585495,0.92382544,7.471454,11.58667,0.5914945,0.1429116,4.0114775,0.4463069,186.42986,5.164314,38.70397,5.8919535,8.102405,2.2327576,4.1195526,0.551969,1.6443882,0.8572189,0.6648593,0.7012567,3.197383,1.5614036,2.6682727,1.5178813,0.23153241,1.1661161,0.20266318,0.51606274,0.11048951,0.0638343,0.19103222,0.22291803,0.34369755,0,0.20880166,0.052554797,2.7618616,2.5879867,1.8644001,2.6468217,2.275172,0.44099617,0.8700533,2.45067,0.3852886,0.36441824,2.8141696,0.6158727,7.3550386,0.14720716,20.179401,18.220453,7.7862215,0.17016558,7.0267653,0.08387155,0.1431558,17.579557,0.13915539,0.20454314,21.651152,6.177216,0.46981797,0.028988704,13.274424,1.3890158,5.7774386,2.9738312,8.07473,0.046772115,0.10818698,13.284514,1.5930194,3.2512767,0.17026697,12.3357725,5.550365,0.8772322,11.586732,2.658618,0.22677855,3.4884212,5.2279677,1.6610835,37.588898,25.961384,38.094467,15.728584,19.746023,35.05026,20.306732,95.03954,74.33892,6.8486223,71.853905,23.144226,68.72011
TEST_02+2일,2.9530153,0,6.9377017,2.9414587,0.9140167,0.74399805,1.9538721,0.057028927,2.2954638,0.5165016,1.271107,0.20563439,0.72874784,2.6275754,20.624474,1.4457315,1.8177754,0.69622004,0.6673652,4.898271,2.6752498,0.74094296,0.5383555,0,0,0,0,0,11.501021,8.329732,5.1002536,2.4191082,2.4012072,1.8669386,0.07808012,4.728842,41.383625,7.1149497,2.0815368,24.393448,23.272398,1.1767076,0,0.049143672,0.23186386,1.4925904,0.31863615,4.534328,0.35377508,5.1197495,16.576393,0.3608676,6.2970405,0.8680798,0.58335054,1.0645025,0.2923176,0.90735245,0.39070284,0.7942154,11.237726,12.465364,15.147178,14.762652,7.9871445,1.6756127,0.28047234,1.5292878,1.327778,0,1.1232594,0,0.99667627,0.14681649,2.4014475,1.20788,0.45754853,2.1320655,0.43224022,2.480154,2.25191,0.6335719,0.87877506,0.34799808,0.5296769,1.0213609,0.935668,1.927255,2.455934,3.0220554,0,2.4978633,3.841854,0.11037387,0.48853427,0.3737421,0.48524126,0.35163686,11.402457,9.951827,0.16786094,0.055416424,2.838144,0.1331483,95.56372,20.463488,27.649973,4.988234,5.4266553,2.0804431,4.208926,0.21293259,1.8148264,0.63087,0.6357734,0.71731275,2.4516752,0.6529942,2.7496815,1.097242,0.3610704,0,0.09233675,0.052590944,0.059672337,0.16570066,0.14194866,0.1096737,0.19262375,0.18029803,0.16106425,0.13842383,1.2728211,1.7744017,0.99357265,1.5512723,1.5234531,0.16120224,0.35335943,1.7237484,0.12821579,0.13383487,2.1108863,0.31104076,4.90966,0,7.3729243,12.989702,7.4856033,0.10773384,5.006099,0,0,11.956965,0,0.13130054,18.757765,4.556984,0.33024514,0,8.867625,1.4397824,5.440128,2.1890163,6.913873,0,0.026010964,9.119948,1.360621,2.0623817,0.08625132,7.476856,4.196277,0.2205263,6.1194797,1.5740027,0.000260668,1.4971677,4.623544,0.772205,30.623957,20.201176,28.932966,11.495868,14.76475,30.729399,16.967834,74.16564,51.082127,4.3338,49.48578,16.48726,46.815777
TEST_02+3일,4.2207236,4.904422,6.8826613,2.7358618,0.99710095,0.85566837,3.608322,0.16273916,2.991652,0.9473209,1.2562569,0.26614556,0.908868,2.312622,17.756208,1.2207804,6.132268,0.9148974,0.84439844,3.3409183,5.5471835,1.0821398,0.5631184,0.001511906,0.09341011,0,0,5.44735,9.867018,6.6200852,4.720638,2.5209656,2.6723092,1.8369583,0.122528754,3.7382348,35.452312,5.857467,1.8464869,19.723679,20.720078,1.1949071,0.001232699,0.16371094,0.33533823,1.9703219,0.32552966,4.0436683,0.5078405,4.4364023,16.471912,0.3039566,5.726297,0.5012692,0.9396559,1.1266401,0.668415,0.840624,0.37422404,0.68697166,8.947606,10.549985,12.607317,13.781161,9.28519,1.2321255,0.576038,1.3880861,1.6361513,0.007823586,1.051369,0,1.016984,0.19550322,2.9394817,1.4347881,0.6376143,2.1614296,0.55640996,2.4736974,2.1686537,0.7207606,1.041402,0.5719351,0.8636045,0.988708,1.1631575,1.7390906,2.9696891,3.0604637,0.7049015,2.131235,3.499318,0.48436198,0.6332607,0.15150905,0.3722259,0.4387556,7.32056,8.410389,0.34360406,0.069533184,3.3727708,0.2637537,70.573685,22.949945,27.64775,5.185592,5.5103126,2.144804,3.9973435,0.34951812,1.9435943,0.47948536,0.7824813,0.98455566,2.571213,1.1963277,2.3427591,1.7459564,0.4185424,2.9590595,0.17512873,0.19409934,0.19939424,0.19154121,0.17922667,0.14280598,0.27644014,0.37152368,0.2056901,0.18546662,4.7597404,1.7360882,1.5239592,1.8839226,1.5838815,0.32047603,0.63472635,2.7747586,0.39911297,0.2063758,2.0965219,0.7362375,4.865261,0,14.374036,29.226124,6.7550254,0.118290864,4.7802997,0,0,11.603766,0.017674109,0.2623097,15.643028,3.8531492,0.47498256,0,7.283774,1.1254529,4.526321,1.7814369,6.479221,0,0.022663353,9.172493,1.2367643,1.927068,0.12749664,6.985293,3.184982,0.27776915,4.979569,1.2524192,0.028770769,1.1812642,4.052429,0.7191755,24.098478,16.795923,23.400816,8.057796,12.512147,21.836985,13.003217,57.525967,45.857574,4.745973,35.430634,11.620519,32.740433
TEST_02+4일,4.124874,12.841768,5.381619,1.9777672,0.8400292,0.68131363,5.8783536,0.27518559,2.6969237,0.64277667,0.93844074,0.27781248,0.90250176,2.0828469,18.697493,0.9431209,9.007129,0.8974515,0.8201774,8.101842,7.0799913,0.7339197,0.45869562,0,0,0,0,9.710668,7.150445,5.5563965,3.2838027,2.4486873,2.3173244,1.7344494,0.08764141,2.8653693,30.394022,4.5659523,1.4065889,18.160765,14.999606,1.0820779,0,0.087339796,0.2979189,1.460606,0.28932616,3.2794378,0.39076495,3.7216797,13.30336,0.28023723,4.9947333,0.47631818,0.69766724,1.0686163,0.57390887,0.69965714,0.28137347,0.68034,7.1372485,9.601835,11.741142,11.293976,5.9571495,1.236776,0.44621468,1.4198024,1.780282,0,0.7348791,0,0.8646082,0.18110465,2.181151,1.3194075,0.4632015,1.8475987,0.47473416,2.2507942,1.7417631,0.6548805,0.9226579,0.4347109,0.6105329,0.78399915,1.0109816,1.3011831,2.385989,2.4150047,2.3520153,1.4793586,2.794481,0.4162159,0.43230134,0.67365533,0.402098,0.41582918,9.996084,7.522523,0.17694193,0.058982845,3.1233323,0.18362704,51.441357,29.777689,24.393919,4.4474277,4.66147,1.4994301,3.5898163,0.2307444,1.6715516,0.36943874,0.4819913,0.6851971,2.434602,1.0678986,2.1737783,1.1515521,0.26841274,3.1037195,0.1959193,0.2521863,0.21411009,0.18653128,0.19377811,0.13350992,0.28695568,0.41748682,0.1983128,0.16919585,10.859645,1.3171933,1.0232116,1.3266453,1.3292052,0.2358059,0.44583732,1.5097246,0.23838846,0.09148254,1.7947209,0.37040704,4.2010775,0,16.8338,27.859503,4.542958,0.09959375,3.4914403,0,0,8.623,0,0.2426259,12.811185,3.2861345,0.43665668,0,5.1082864,0.86927396,2.6576998,1.5865854,5.396424,0,0.017419426,7.4459405,0.95790464,1.4109406,0.113707855,3.8312886,2.7755907,0.24670683,3.8715348,0.97175866,0.011135799,1.1884928,3.3468137,0.53739613,20.086843,14.774182,22.271536,5.364301,10.291862,17.703754,9.816158,43.971966,37.970028,3.5484416,35.54613,9.336728,26.571436
TEST_02+5일,4.1159563,39.247723,5.308286,2.121664,0.86047757,0.92261374,17.3055,0.61330414,4.122629,0.7363881,1.1053526,0.3602027,1.0148814,2.489218,19.121952,1.418737,34.643353,0.88801545,0.9075845,42.44073,15.016136,0.98438877,0.58774036,0.055967238,4.904954,3.982784,1.7659546,27.277784,7.8601413,6.3938,3.828797,2.824912,2.7995331,2.1732209,0.3567872,3.2736604,33.88264,5.560838,1.8812348,22.299498,15.819542,1.3611069,0.044133563,0.6919705,0.4028853,1.9052553,0.48893413,3.650004,0.7780408,4.2464848,13.769849,0.35376596,5.6049113,0.7485108,1.4953963,1.1676677,1.0750374,0.81565726,0.55532247,0.9645338,7.517373,9.520508,12.50228,11.375014,13.35572,2.089052,0.6573397,1.6950697,2.6615324,0.16484047,1.0051451,0.024045229,0.94975454,0.56946445,2.6248896,1.537494,0.5394848,2.1611872,0.87738943,2.0873916,2.047538,0.7490638,1.0575713,0.8107134,0.7315101,1.5003687,1.3089865,1.4150313,2.5579917,2.7514665,16.962112,1.6290587,3.7536294,1.1739322,0.6495447,1.3692359,0.84051067,0.7067812,19.924103,8.972877,0.49021587,0.16080004,3.7495923,0.31574774,50.59147,58.14987,21.299854,4.769052,5.130919,1.6169919,5.096513,0.47945395,2.3582036,0.5690609,0.6928799,1.3453348,2.508021,1.3268087,3.5211282,1.4028846,0.5315183,4.2872205,0.29664776,0.40207973,0.351278,0.40969568,0.37548372,0.26432285,0.54099846,1.3259543,0.39431912,0.3959108,29.478575,1.5204266,1.3606981,1.7471701,1.3166665,0.7045218,0.6283475,1.9457773,0.54574627,0.5151213,2.3332589,0.7096906,4.051545,0.039646536,47.866924,56.73307,5.1201344,0.11193998,3.651873,0.05905504,0.08754102,11.196532,0.09946539,0.6298232,12.461725,3.6268623,0.5440595,0.041473623,5.639951,1.341202,3.1339777,1.9464725,5.7508736,0.040864017,0.20452519,8.615199,0.84738636,1.1515597,0.1866331,4.6683292,2.7704217,0.37797165,3.3894365,1.1896874,0.059725672,1.3819875,2.783988,0.55144185,21.933485,13.155525,19.747732,6.576923,11.375416,19.862654,10.748843,46.28947,36.642998,5.388546,35.149982,9.567752,28.439621
TEST_02+6일,6.6349487,22.68618,9.310339,3.9701252,1.4299506,1.4438992,6.919165,1.3225371,5.0728784,1.3417357,1.9558432,0.63322526,1.6236229,4.2383547,28.465292,1.8349257,18.609547,1.1638836,1.3802342,23.81893,5.7844253,1.8500439,0.9807002,0.07557421,3.1454122,1.2055016,5.045986,36.48332,9.227429,7.05675,4.3980637,4.129091,3.9994113,3.1961331,0.4208935,3.800076,44.62469,6.2205176,2.243784,31.202488,18.199013,1.8027565,0.16474721,0.43375015,0.6107585,2.5425966,0.84674454,4.7142043,1.0921623,5.2270193,17.183313,0.7322413,7.006767,0.9182564,1.7454464,1.6095221,1.3686764,1.1055124,0.7422563,1.1733418,10.665608,12.895667,14.44929,16.497898,14.9391165,1.7090307,1.0243791,1.6791728,2.385611,0.20149802,1.2340158,0.119869016,1.4021399,0.4749949,3.9162319,2.7223194,0.8159649,2.6123502,0.98994774,3.3115163,2.9329445,1.1459407,1.4599036,0.6354264,1.6475012,1.38927,1.5911244,2.1131709,3.6533844,3.6783016,18.065159,2.1579125,5.3875046,1.3528295,0.956512,0.6157252,0.76584244,1.1012444,16.429344,12.109761,0.6846618,0.24070178,4.829085,0.57312477,68.18359,41.29388,25.764997,6.614586,7.6649804,2.5128005,6.079704,0.74052954,2.9696853,0.8839275,0.86853373,1.6595591,2.9069073,2.33936,3.7530766,2.2945788,0.6102244,0,0.36618793,0.6447716,0.32603058,0.36045876,0.3713201,0.22720861,0.40749112,0.5679878,0.28134325,0.2603812,9.876466,2.738404,2.3953588,3.2727113,2.1162262,1.1904781,1.3249693,4.6837077,1.1691574,0.8899336,3.2579408,1.3265108,6.612152,0.063586,50.92722,46.527096,7.6866045,0.23567887,6.08688,0.16110055,0.18560386,17.317024,0.15383486,0.6388275,18.829302,5.186698,0.67603254,0.10861063,8.912516,1.6913255,5.243772,2.4250345,7.445527,0.11022148,0.23899607,11.766089,1.042898,2.3306203,0.24577025,9.006946,4.0278525,0.7075288,6.4422007,1.6502599,0.1619341,2.2083302,4.2114096,0.94802123,29.831842,18.047028,26.196766,10.224372,14.978084,25.419819,13.297549,72.371635,52.268898,6.815132,48.272655,14.782663,42.14781
TEST_02+7일,9.990337,0,14.287186,6.0448985,2.4289243,2.223646,0,2.1631858,5.730714,1.7273263,2.8590863,1.0668697,2.4394906,5.8682475,45.4527,2.1578717,0,1.7894322,2.044134,3.9802182,0,2.7085898,1.2287916,0.11172934,0,0,5.1109977,20.372995,9.689292,7.5181465,3.973922,5.768692,4.4505663,3.635798,0.46145612,4.2784595,57.003735,6.681588,2.6908174,40.018185,21.391493,1.9981273,0.17548585,0.07833792,0.91574776,2.9944477,1.0369738,5.5644236,1.1982055,6.8615136,20.83848,1.2858657,7.9924164,1.0621241,1.9913605,2.2335794,1.388297,1.4884564,0.76167816,1.3062693,13.614835,18.174534,19.56345,21.409159,19.750721,0.97667056,1.0677197,1.8824929,2.350477,0.17477983,1.1474661,0.16007224,1.8731865,0.23081389,4.5736394,4.404016,0.8017567,3.0741348,0.9903475,4.4512153,3.8436134,1.5836452,1.9922127,0.36707002,2.5846496,1.4949647,2.0189178,2.7447212,4.0669727,4.1704383,6.116337,2.4588437,6.2334666,1.5425013,1.2329333,0,0.6112377,1.4683574,8.438348,13.902961,0.9041012,0.30416724,5.7255297,0.6857714,153.46141,0.86858255,37.89204,7.5973306,10.535848,2.6615026,5.3977885,0.7850842,2.5726414,0.9489628,0.79143,1.2309602,3.5962684,3.0031457,3.2391813,2.2396276,0.26773676,0,0.25376403,0.8451886,0.2378662,0.055336248,0.2216023,0.18096514,0.41614556,0,0.27511272,0.09408708,2.8180866,3.2954633,2.9742665,3.9228356,2.6628904,1.1615556,1.6030401,5.236748,1.2183478,0.8235857,3.8105462,1.3054619,9.383979,0.16729449,42.456127,28.614838,8.611827,0.30126807,7.704896,0.20795207,0.16472845,21.813974,0.19390114,0.34203082,22.52922,6.3754106,0.6500194,0.1061963,13.072639,1.7081072,6.278949,2.9677875,8.97447,0.12766248,0.239464,15.69961,1.4166291,3.5483816,0.32545334,13.281549,5.2473984,1.1442035,10.545982,2.5104508,0.29170123,3.4035187,5.1739674,1.6504511,38.269344,24.194933,34.290844,13.753125,18.726639,31.540506,17.739542,95.25995,72.51632,8.413214,67.122856,20.200455,61.843666
TEST_03+1일,6.12679,2.2228882,9.552915,4.090322,1.0786284,1.6378638,0,2.146036,4.9529614,1.1358575,0.7325879,0.69953126,1.1872878,3.8768234,24.164042,1.478484,0,1.0980846,1.2298052,4.150501,0,1.2545044,0.89264625,0.2742524,0,1.2455708,3.1439588,25.899305,15.140754,8.016521,9.354412,3.4970596,2.4103122,1.5209975,0.08321914,4.736918,40.93339,9.103892,1.3095168,24.888931,24.537815,0.75059706,0.058360156,0.37518474,1.0311463,1.1989144,0.25583962,2.744223,0.6132653,2.1771867,16.132338,1.701209,6.6762195,1.0149325,4.322982,1.8520253,3.0132108,0.55472153,0.47907075,0.41996175,8.714356,12.13566,23.185383,13.2180805,15.131736,2.0307505,0.5076949,1.5010637,2.18048,0.448139,2.7649052,0,1.9280418,0.78247374,5.8561554,1.6469208,0.8421283,2.4193027,1.0630912,5.0109797,3.6536438,0.9348969,1.5433077,2.1589534,2.5411747,0.6062782,2.2095027,2.3516824,5.71258,5.06055,9.027453,1.7704766,4.631002,7.684781,0.7735756,1.3341147,1.1738894,1.5665894,15.621004,5.4571104,2.7512472,1.4067963,5.250577,0.16090088,114.2409,15.268829,26.04579,4.308745,1.9422554,0.9252717,4.4479103,0.6078858,1.5763699,0.67096466,1.5615218,1.1769618,1.8134133,1.6887244,4.2943616,1.6460594,0.633722,5.443503,0.1402023,0.04415599,0,0.24066369,0.28454968,0.15475114,0.26831806,0.32631803,0.22002628,0,48.361202,1.467307,1.5900048,1.857478,0.47370672,0.45725808,0.65833217,3.1156175,0.4573663,0.76099414,1.7640051,0.77288526,8.079678,0.13414171,10.820463,12.182468,13.09368,0.09023921,10.826553,0.053922266,0.13487975,28.138966,0.06865784,0.12243583,36.46075,8.632052,0.2282499,0.020358628,12.843129,1.8990755,7.636272,3.6411698,11.496635,0,0.09069033,16.805166,13.455924,11.773814,0.10927544,15.249735,2.511566,12.180615,28.534729,17.521982,6.58633,4.5353117,4.1520715,6.5531907,147.50403,78.88082,114.28658,44.489075,71.924866,132.37917,70.87465,562.7755,124.949585,71.265335,104.00604,22.941196,169.63385
TEST_03+2일,0.63927,4.945903,2.9050665,0.3169345,0.23120295,0.5020298,7.398599,0.47990566,1.8590583,0.25951633,0.21084695,0.25813946,0.33211046,1.7237462,8.339477,0.036320664,12.846895,0.35089937,0.39249068,13.765088,5.5251994,0.1851566,0.11380184,0.2437541,0.5954834,0,0.23251839,16.4802,10.578418,4.878334,5.8777757,2.6368856,0.85259324,0.7439212,0,2.8797219,29.26647,5.9981155,0.9822287,19.894136,15.058298,0.3742114,0,0.19911991,0.39731777,0.6121051,0.13223195,2.1445346,0.18455736,1.2299665,8.595028,0.8640677,5.0098834,0.14100106,2.53332,0.7425586,1.6505759,0.27506003,0.08290032,0.11421533,3.2144325,7.1316957,14.027626,11.977745,11.184033,0.94991416,0.06564683,0.76562935,1.5779644,0.34613964,1.6300827,0,0.7545918,0.22775379,2.505823,0.32299975,0.34717485,1.9545151,0.3443027,2.262212,1.7219015,0.7354123,1.0511106,0.7907621,0.8228037,0.12977237,0.9771847,1.0828512,2.4315763,2.655152,58.16004,0.7703636,3.5379941,4.996194,0.24178381,0.24408169,0.019162787,0.68027,12.147193,1.8016542,1.7054428,1.2563211,3.3711739,0.095605195,7.7997413,54.11584,8.1368475,2.7931423,0.44094753,0.18462881,2.5006218,0.032726884,0.3083813,0.109496884,0.8982455,0.12271898,0.58762443,0.51823807,3.2584305,0.39669752,0.12322729,14.506889,0.41762367,0.12897427,0.12016721,0.11246574,0.14987084,0.20935273,0.3132592,1.9605007,0.4761296,0.24072388,27.035116,0.020401264,0.27713534,0.26877362,0.083620995,0,0.003461051,0.18071203,0.049870886,0.17567587,0.23405099,0.08475351,3.9248657,0,75.95456,55.83158,5.962848,0.097163014,3.5517697,0,0,16.01233,0,0.21140666,26.70069,2.3799298,0.23763669,0,5.13701,0.7046103,3.1119645,2.3362124,4.2644954,0.015283453,0,9.596963,1.7039528,2.1884887,0.07241932,1.4896615,0.33149144,2.3662229,6.5376925,4.432998,1.362312,0.3330875,0.62206423,1.1149086,106.4106,46.634796,78.16082,24.611452,61.49519,72.88076,43.12957,372.65866,74.77584,69.58355,67.091606,18.622902,88.01906
TEST_03+3일,1.5618311,24.525007,3.2814739,0.86580145,0.3730676,0.7957847,8.038991,0.9134304,2.376457,0.24294274,0.24412361,0.37026665,0.41462374,2.4576201,12.170779,0.41975093,21.614193,0.431653,0.4948353,29.463278,10.292586,0.21887217,0.16863893,0.534969,5.5568843,2.4829195,2.1072876,45.975506,11.431859,5.169353,5.406836,3.0686395,0.9365864,1.0562633,0,2.7177267,31.893707,6.283258,1.3301222,22.678024,15.589292,0.62580854,0.011393104,0.264609,0.58419,1.0758313,0.22690439,2.4980724,0.2316753,1.5222912,8.423144,0.6489771,4.959251,0.21358572,2.977143,1.0002006,1.9483912,0.5154101,0.20779859,0.16464502,3.3998013,6.578975,14.25347,12.332576,11.482138,1.4089739,0.15437491,1.1565983,2.6982553,0.5095838,2.1819437,0,0.9885398,0.34398547,3.9582832,0.515233,0.48110223,2.8510435,0.98838407,3.4855125,2.4520824,1.4246557,1.7019932,1.2855107,2.0115087,0.45507643,1.3134687,2.0341973,3.8366413,4.2087398,70.74462,0.78125876,3.357901,5.698747,0.2105289,0.20251517,0.0997126,0.6852092,11.308135,2.089259,1.842746,1.3092747,3.6664116,0.0883199,3.9937027,47.945076,9.316842,2.837749,0.9033414,0.2069027,2.4132378,0.08989666,0.5198539,0.2864778,0.84287184,0.25363728,0.94447917,0.70588654,3.1826043,0.7127558,0.100866936,9.543581,0.6373608,0.39742628,0.38464063,0.31722155,0.393285,0.42764536,0.53551984,4.3292127,0.6318276,0.4189869,41.354885,0.71205133,0.71736354,0.8605032,0.15548468,0.09194984,0.30218485,0.97082025,0.21020606,0.2995822,0.8369644,0.31361184,4.1951947,0,59.98308,95.706825,6.291867,0.13423766,3.4566116,0,0,16.215223,0.14145236,0.5209738,26.482685,2.885764,0.37720522,0,5.9902487,0.42820007,3.3635342,2.5255685,5.500623,0.04185954,0.005837075,10.252301,2.2755477,3.5054765,0.1299575,3.5336816,0.49449608,3.1000538,9.143397,5.5357933,1.7662781,0.7696198,0.8347972,1.8641804,105.45933,50.60075,82.06547,24.871927,63.91346,72.10964,44.246975,380.8152,89.42393,68.386604,84.5754,21.356308,99.64452
TEST_03+4일,1.7294323,31.236958,2.1662014,0.6211085,0.3418655,0.4991869,13.712049,0.87965745,1.9864906,0.19246057,0.33306494,0.2925469,0.39310637,2.424491,12.6292305,0.2999204,42.150085,0.43803754,0.50485295,46.566334,15.595309,0.2702289,0.1814411,0.82333106,11.062301,0.60593796,4.964709,28.481375,9.568294,4.6859407,4.1815004,2.9257505,0.8143248,0.9824484,0,2.2879043,28.691687,5.576223,1.5333619,21.461416,12.877085,0.57738286,0,0.28465018,0.5097786,0.83745253,0.14804788,2.0623262,0.17227815,1.3733686,6.991472,0.5050878,4.701489,0.16403013,2.4599333,0.96067744,1.6697989,0.4014496,0.1403759,0.11871643,3.2379138,6.3070006,12.463592,11.761354,10.461623,1.3084129,0.0962878,1.1902246,2.5360887,0.41614538,1.8293705,0,0.9090638,0.24504419,2.9482682,0.3502454,0.4149424,2.4700067,1.0342562,3.3943937,1.9799031,1.3350465,1.4184471,0.7325709,1.6035293,0.48620674,1.2576946,1.6433527,3.3554497,3.8635743,83.664345,0.5170106,2.7062633,5.0858436,0.10236559,0.09070432,0.07058298,0.45656902,11.192315,1.8471806,1.6564333,0.8769631,3.77746,0.06737019,7.482017,51.196407,8.156688,2.565771,0.7595617,0.15809241,1.7075838,0.0791318,0.44631252,0.13007878,0.6512012,0.17566897,0.7534873,0.5448827,2.2682135,0.61204624,0.088271186,15.079529,0.61901057,0.42815986,0.31019235,0.3207235,0.38651663,0.3682889,0.42549196,4.8167396,0.83914155,0.5242533,46.288322,0.46885234,0.39517614,0.5551116,0.08316659,0.039937645,0.321225,0.73495424,0.029213322,0.21267238,0.52229285,0.18243532,3.359101,0,78.141136,94.111595,5.888537,0.11324792,3.004856,0,0,14.576935,0.11587596,0.47189173,26.181059,2.7042205,0.3716621,0,5.0784507,0.29967383,2.742558,2.230605,4.857368,0.052290358,0.00221337,9.496495,1.7449499,2.2934308,0.104857706,2.2005405,0.418883,2.2515073,7.9720645,3.521077,1.340997,0.5350612,0.7859702,1.560214,96.04858,48.274666,79.92287,21.344816,57.920147,67.860405,39.648224,344.98022,81.72443,65.23116,82.34059,21.113092,87.58917
TEST_03+5일,2.3650334,79.36417,2.5553303,0.7698086,0.45017168,0.95894414,36.01759,1.6573784,3.0588222,0.29134208,0.6470198,0.4922328,0.47400475,3.4544747,14.34728,0.70113057,79.421425,0.5883493,0.6540796,86.65786,34.30334,0.57752573,0.16438742,1.9965452,22.996145,1.6898901,9.3658905,40.602528,11.856458,5.0356636,4.8865547,4.0135922,1.0340605,1.3573707,0.02479606,2.5812957,36.56053,6.80529,2.137667,28.490019,14.329434,0.8480728,0.003344524,0.8869013,0.542822,1.2215756,0.5057147,2.6590753,0.35648984,1.6143074,8.436538,0.5505292,5.3087163,0.25523221,2.9526684,1.102986,1.9694477,0.73273784,0.35631934,0.31368765,4.0756364,7.1367226,11.61823,13.595774,11.719783,1.7543057,0.1619369,2.0671012,3.7926958,0.7980139,2.4221668,0,0.98182756,0.42352006,3.7557988,0.60877967,0.4946611,3.024779,1.9255322,4.0829325,2.691116,1.6794363,2.6057794,0.9868574,2.790066,1.3124688,1.5547043,2.527307,3.7208078,4.875642,144.97585,0.5151804,3.311386,5.7070436,0.24190398,0.2115676,0.17857091,0.6279179,13.644465,1.7788075,1.8017782,0.7936922,4.3496947,0.11212037,11.23349,79.205345,7.024759,2.6089745,1.7964327,0.44911262,2.2405832,0.13543327,0.5585469,0.19705017,0.8305869,0.26048946,1.7338316,0.8425892,2.5864828,0.82929003,0.16407625,42.55769,1.0352567,0.7733979,0.61537856,0.4330925,0.5967984,0.58747894,0.7183711,8.067731,1.1382378,0.92675704,78.27712,1.2914599,0.7721686,0.93044627,0.44120264,0.26269546,0.8600287,1.3617721,0.5842692,0.5143804,1.2306346,0.3609963,4.1279855,0.002699435,201.88365,148.05962,6.3558655,0.10344398,3.6999855,0,0,16.997274,0.34409985,0.80695075,28.963743,3.771425,0.5280634,0.024121007,6.9070315,0.51492757,3.245198,2.8480825,6.3111167,0.20483308,0.07216966,11.212389,2.5223596,2.1891084,0.109634064,2.7240732,0.7703714,4.1122713,9.551578,4.894091,1.8310741,1.6153443,0.68316394,1.5735652,97.856224,49.72959,81.9673,23.616539,66.51828,71.71931,43.26422,355.9749,85.76074,87.25638,96.2463,29.866812,106.898705
TEST_03+6일,5.0117335,53.401466,6.1902337,2.731395,0.7799565,1.4556884,20.429419,1.9630873,3.4391289,0.536802,0.52181554,0.5641406,0.7684501,4.4962854,23.806482,1.3320912,37.054626,0.7376647,0.8271305,50.012936,20.962744,0.8948521,0.43409783,1.1715478,12.51607,4.2034216,6.163383,77.01637,12.553018,6.1729555,6.241964,3.8041444,1.5977855,1.4730225,0.057378467,3.3716106,45.63641,9.355666,1.7574139,31.580435,17.868244,0.912292,0.05427886,0.5494341,0.8549902,1.4225094,0.49469072,2.9127858,0.84027207,2.0998223,10.517698,0.86183023,5.7245955,0.5004339,4.441003,1.7761967,2.919792,0.79299635,0.65735066,0.42753682,6.793017,8.600376,14.883197,12.372259,12.717999,2.3075693,0.29027948,2.163479,3.9359136,0.8353097,3.099903,0.0352283,1.5190291,0.63421273,6.341214,0.90375996,0.78724736,3.5264747,1.8718522,6.0471497,4.05691,2.1267307,3.0809124,1.9489459,3.5975099,1.0736158,2.1331298,3.685829,5.9563804,6.0275507,95.45702,0.96322125,4.2293963,7.8517427,0.45910054,0.7048775,0.4860117,0.94687426,12.223975,3.61591,2.5033987,1.1593145,4.4819674,0.13574627,33.324696,47.074657,12.668258,3.5241532,1.7775887,0.5660701,3.1178367,0.43284637,1.1696386,0.51584816,1.2819456,0.63791424,3.0342433,1.7258362,3.5649757,1.363165,0.26327935,17.180525,0.88901883,0.64010376,0.51265043,0.68453425,0.69136405,0.46732494,0.6542161,5.590383,0.6967364,0.49501663,83.27578,3.594525,2.1032023,2.7392151,1.1130594,0.9676251,1.7947508,4.929933,1.5129353,1.3100773,3.35128,1.279272,5.7643847,0.022481084,118.57668,116.174576,9.224135,0.16230088,7.0131326,0.04097411,0.03136456,22.679266,0.22561243,0.72019607,31.42072,6.7080965,0.44272906,0.051036622,8.468736,0.83990663,4.930341,3.107866,8.410138,0.19111864,0.08219534,14.3918,6.238639,7.2433257,0.15549777,8.505999,1.9512904,7.4356866,20.96662,10.008593,4.066127,3.718599,2.8268223,3.0308259,122.225426,66.39972,94.40649,34.087727,74.530876,95.633224,56.757946,457.9776,120.62801,79.802444,126.97202,33.895824,150.65552
TEST_03+7일,8.272662,0.80249786,11.0293455,5.677123,1.3799266,1.8855152,0,1.7800617,4.557944,1.0410804,0.6125764,0.73589844,1.2561957,4.9829392,34.65246,2.1737955,0,1.175619,1.240031,2.0261915,0.6556921,1.5283388,0.82542956,0.4095245,0,0,5.327666,65.302155,14.975245,8.296364,8.723734,3.7442474,2.5930393,1.4399136,0.055823028,4.677568,52.40151,10.956042,1.3544152,31.43375,24.514816,0.8052126,0.07187481,0.3901696,1.3794899,1.414154,0.33249918,2.7692828,0.99134886,2.6827953,15.676856,1.4353536,6.6769824,1.0791606,5.778871,2.6972177,3.986821,0.765121,0.8387975,0.49991676,10.796542,11.391218,22.894247,11.429904,14.815589,2.7404675,0.5259124,1.9707972,3.1633584,0.58086187,3.498635,0.013300583,2.496122,0.91111624,8.110224,1.5355138,1.0667871,2.9058752,1.4160986,7.325734,5.058883,1.6747162,2.4166884,3.194217,3.6645114,0.9062242,2.707209,3.9495835,8.163493,6.998208,9.565134,1.7385842,4.942276,9.802657,0.8222588,1.3420864,1.2363685,1.6201919,10.10139,6.3690133,3.5821347,1.4322361,4.760469,0.11776834,102.83364,4.5930085,24.825003,4.7673774,2.1663368,0.8470421,4.126314,0.8236101,1.9353908,0.72363585,1.8532696,1.377933,3.3622308,2.3535583,4.2378845,2.1433444,0.48786002,1.0023682,0.11742003,0.12627678,0.03041415,0.5171903,0.46401915,0.128821,0.3310861,0.72709954,0.20880716,0.026269734,58.73059,4.3201113,3.1032157,3.780365,1.3832678,1.342035,1.96283,7.5854983,1.6721878,1.6736649,4.3115244,1.7956775,8.365317,0.02882114,6.728687,35.411957,14.634368,0.1540913,11.425725,0.031318154,0.023831815,29.936771,0.012981487,0.14437255,35.551907,10.4180155,0.3143265,0.001045904,12.435689,1.5264524,7.8663774,3.6394165,12.860547,0.017665757,0.09790844,19.151989,13.733619,14.648117,0.17576025,17.798038,3.5259864,12.585617,35.840343,19.02822,7.233356,6.105846,5.481499,6.842515,155.65846,93.600876,121.04397,49.181866,75.54587,140.89433,78.02856,595.3574,155.90738,67.10708,143.8584,31.451323,206.13516
TEST_04+1일,6.5941734,0,9.167719,5.5211625,1.6946862,1.8850644,0,0.056198478,2.1661718,0.94883174,2.2928631,1.0223058,0.8518853,0.08300572,1.6090024,0.07229952,0,1.3523909,1.4942155,2.69818,0,0.78623974,1.1127805,0.38187814,4.553085,0.2781975,4.122711,7.6627097,12.059819,3.8207505,3.662073,3.1503327,1.6971239,1.8134024,0.098736465,5.776567,32.2422,4.990136,2.8289416,29.621866,12.629758,1.7125237,0.08021625,0.35760966,0.6834928,2.142227,0.5730461,2.0101607,0.4179028,1.574241,7.8962526,1.1948683,6.3012652,0.64664257,4.683848,0.928424,2.5090213,0.9907166,1.3503166,1.7854971,7.0203815,8.701863,15.470779,8.537572,14.107521,1.9686527,1.717734,1.6943188,3.0921128,0.38294968,2.979736,0,1.8103933,1.6317745,4.3293834,0.48602405,0.39109322,2.4013648,2.249149,4.591437,1.3880075,1.6578553,1.3026295,1.1597586,1.171625,2.6150749,4.081448,1.5521158,3.9900436,3.8922749,3.5222588,2.2489212,4.896634,7.644053,0.5658138,1.1864012,0.78435606,0.6946531,20.427618,6.8022966,3.2684953,0.7651424,5.855002,0.5771068,126.71584,25.316801,23.313385,4.6973906,5.0365257,1.1163936,3.099781,0.7132918,2.1163173,1.3116817,1.7421551,0.60787123,2.3958123,3.5312536,3.1589196,1.3335224,0.5987515,0.4713215,0.26189682,0.06835617,0.051529855,0.3111761,0.12957214,0.27802482,0.30849418,0.21204133,0.30456746,0.005914897,13.221595,2.4790165,1.7410138,2.8580081,1.6432962,1.0068381,0.430701,3.6305237,0.7570448,0.66884536,2.3070476,1.1097682,4.2788105,0.13683277,19.941206,38.64101,7.324041,0.11217002,4.971541,0.075714506,0.13659936,12.881612,0.14397167,0.09441201,14.27874,5.619921,0.19411193,0.03868009,6.19103,0.84411997,4.2589607,3.6837537,7.056478,0.048704397,0.106045656,7.5632844,3.1808918,3.6429155,0.12926231,2.5216768,0.49905753,2.5148294,6.1999826,5.8639603,1.4120883,1.1887187,1.3846684,2.7539291,52.94993,37.279675,51.664776,16.159197,36.020638,52.997597,30.831312,233.1335,38.191814,32.706665,38.073208,10.398401,64.540436
TEST_04+2일,1.04143,0,2.5177073,1.534832,0.5772299,0.5807481,0,0,0.40800896,0.22827244,0.971847,0.3544074,0.32499892,0,0,0,0,0.6194848,0.57377803,2.8370397,0.051171113,0.23386613,0.28490767,0.12626822,0,0,0,1.9442466,6.581577,1.7345552,1.2701894,1.1551627,0.7718649,1.1906917,0,3.3519006,12.370032,1.1548187,1.489423,11.669841,5.453899,1.0325893,0,0,0.40187678,0.76220566,0.3029324,0.9650589,0.2509233,0.2938039,4.237199,0.44894534,6.070707,0.21877654,2.392404,0.5967214,0.96793616,0.38716903,0.46502405,0.6406851,1.6244128,3.592592,7.578949,4.555465,9.250914,0.9300874,0.54896927,0.5985454,1.4204222,0.15500164,1.1076497,0,0.5008076,0.9623734,1.1570876,0.054844,0.19548133,0.8352569,0.5116292,1.1621732,0.49894196,0.299012,0.52183944,0.416759,0.43173105,0.28499255,1.419814,0.37998644,0.96449596,1.5733814,14.650757,0.89371824,1.9886398,2.6522033,0.10773504,0.358875,0.13714829,0.35709283,11.586725,2.3001237,1.180395,0.30552205,1.7163893,0.13424459,20.838316,28.518278,8.464192,1.903818,2.2189283,0.35237655,1.1357017,0.2104907,0.6543843,0.77590674,0.6620288,0.13055684,0.76727295,1.939926,1.4094076,0.18847713,0.17004254,2.4446716,0.1792804,0.11411104,0.18724486,0.159268,0.24540357,0.26591906,0.39043143,0.53975433,0.21453293,0.12584554,9.277984,0.86882585,0.7005692,0.8396102,0.38606668,0.28468096,0.03802548,1.0762296,0.13184619,0.13411139,0.6472903,0.33288527,1.7158273,0,2.4637926,81.26675,3.4729977,0.10495814,0.9919243,0,0,3.9348247,0,0.017207945,6.4854326,1.4813449,0.10519119,0,2.5183728,0.26134676,1.9307034,1.9459292,2.9555786,0,0,3.2300484,0.60222095,0.5424532,0.07897996,0,0.14780417,0.35442907,0.73514,2.056741,0.19270115,0.102015115,0.28049687,0.6853557,18.74009,11.804204,19.614525,3.8258648,15.67276,12.913257,9.899636,103.37603,10.766445,15.858591,9.440043,1.8074206,16.045103
TEST_04+3일,1.9133204,1.0447857,3.2735107,1.7411101,0.6681425,1.0023841,1.0904465,0,0.76480675,0.30258024,1.3330926,0.36514905,0.3802553,0,0,0,4.9092646,0.7485412,0.60786265,4.572681,1.5660353,0.36278453,0.29934078,0.024974246,0,0,1.5281956,13.658973,7.484012,1.9280682,1.6079024,1.2603158,1.0014782,1.3279232,0,3.3931825,13.21453,1.922357,1.747083,11.354431,6.110744,1.4519751,0.012910551,0.23495762,0.58978504,0.9893395,0.45463434,1.091349,0.32137558,0.56460726,5.809594,0.5530904,7.119378,0.24873891,2.8580866,0.7453246,1.354077,0.62792546,0.62598103,0.69045395,2.0839217,2.9026177,7.3642335,5.6892786,8.49388,1.1008743,0.96801865,0.85098404,2.203362,0.20694938,1.4184994,0,0.6456093,1.1796169,1.9007758,0.21503817,0.29000148,1.3958174,1.009989,2.3334503,0.6873388,0.48847848,0.69279623,0.88330805,1.070886,0.58374643,2.3486257,0.71541446,1.7226441,2.2546985,14.820314,0.9048647,2.2647238,3.4811828,0.13072963,0.4656194,0.3890679,0.44573808,12.594212,2.7634466,1.4521248,0.4983774,1.7636813,0.17174408,12.854561,29.491034,7.5092325,2.3752782,2.8111858,0.55793005,1.4705776,0.20808528,0.85584205,0.8623223,0.9492756,0.29179388,1.3272611,1.79096,1.9113811,0.36510417,0.14272818,7.7486377,0.25931007,0.21718433,0.19803336,0.33405918,0.22113071,0.23499453,0.46918803,1.686018,0.2771256,0.20099917,14.021176,1.692666,0.8576218,1.6132128,0.5189006,0.5296299,0.18343794,1.7908856,0.27401778,0.23445182,1.0804986,0.5921791,2.1047351,0,15.061996,82.54846,4.165699,0.11178056,1.436981,0,0,4.999004,0.023733247,0.021676227,7.2103877,1.7976583,0.12217771,0,3.1646492,0.34348398,2.431672,2.2637136,4.1793604,0.001649633,0.008978249,4.1071825,0.91925716,0.7699306,0.10741957,0.44760028,0.15464273,0.52443075,1.427945,2.1030977,0.29398105,0.21205953,0.2344816,0.8625361,20.284698,14.380542,26.329178,5.199212,19.826248,15.359176,13.381859,136.62045,18.543049,22.75044,11.143218,3.4368775,23.372213
TEST_04+4일,2.0250976,3.8824925,2.3874903,1.1494062,0.56524444,0.65335,4.2629395,0,0.49334547,0.18979004,0.80111504,0.20166449,0.3020304,0,0,0,10.230152,0.6576893,0.51594824,7.5440826,3.1487656,0.23357467,0.20650497,0.027657274,0,0.7320073,0.9873868,11.598021,7.464433,1.8799171,1.4446977,1.1453559,0.8463327,1.1861417,0,2.9928806,11.797088,1.7575575,1.7350425,10.453063,5.899478,1.2383258,0,0.091153935,0.49485412,0.7681591,0.54445285,0.83127326,0.32600698,0.47437745,5.318051,0.41964322,6.823154,0.20990515,2.553325,0.6271171,1.1583318,0.4318618,0.54456997,0.724259,2.0595815,2.8543057,4.430635,5.1637697,7.1802154,1.0046939,0.9492551,0.7871306,2.050232,0.167195,1.1195288,0,0.509864,0.8891825,1.4807929,0.15473516,0.25069258,1.2532412,0.8747787,2.2849808,0.5842359,0.5079984,0.44858485,0.7841803,0.84644425,0.5955524,2.1375792,0.5273582,1.448441,2.0716395,23.016539,0.77312636,1.7929665,2.9775324,0.025681878,0.29836372,0.40352592,0.28419003,12.201427,2.3748736,1.3029704,0.3408533,1.7014561,0.13495871,5.878087,33.894096,5.8054543,2.4136338,2.2892962,0.35083225,1.4716069,0.13977592,0.7571455,0.530098,0.83069116,0.24630661,0.86983216,1.3895458,1.7551082,0.28919825,0.12669674,13.566423,0.27377033,0.27021456,0.21205059,0.21631737,0.20916371,0.18695092,0.4470009,2.353619,0.2678333,0.23621845,16.356415,1.3847632,0.5746304,1.2167481,0.32411027,0.36018273,0.17994337,1.580361,0.21292876,0.18717626,0.60239697,0.4735857,1.679406,0,6.5238204,88.80419,4.166311,0.09691608,1.6066426,0,0,4.801891,0,0.011921939,8.254026,1.7445834,0.09073631,0,2.786206,0.22390237,2.539499,2.0984516,4.2114005,0,0,4.15855,0.61528546,0.5322196,0.08968587,0.28354397,0.09469829,0.6236345,1.7533013,1.9645805,0.6011577,0.33973056,0.20610952,0.8774086,24.212824,14.451133,31.5089,7.275268,24.061169,23.160025,13.4602785,150.72371,16.476873,32.054012,13.896918,2.6685476,21.08073
TEST_04+5일,2.8640409,16.043669,3.3216183,1.3604044,0.6953265,1.125561,8.869419,0,0.99094814,0.37313977,1.3473175,0.30910373,0.40117866,0,0.044156123,0,26.964664,0.85430115,0.55028135,15.989097,7.9403305,0.43654776,0.25664264,0.124841034,0.3164568,4.985746,5.048936,54.881344,8.907773,2.3475163,2.9359868,1.3368603,1.1254346,1.5677044,0.006938265,3.0188005,15.539673,2.6449277,1.9954096,13.143089,7.3733454,1.8420397,0,0.6593432,0.79869175,1.0213029,0.9384281,1.3124679,0.76825804,1.06892,7.2649155,0.577029,9.2046995,0.32778022,2.8282173,0.82579213,1.3455982,0.63702154,0.7694747,0.8618064,2.2737956,3.479902,5.7748637,6.9724593,7.68668,1.4795964,1.0874027,1.0997818,2.8891466,0.631119,1.5092514,0,0.548351,1.7425631,2.1162264,0.5250605,0.5005409,1.8884834,1.5926117,3.001015,0.9232851,0.7377445,0.62773955,1.6872879,1.3502039,0.86591524,2.7498782,1.3503145,2.2009504,2.7605784,37.430157,0.91838866,2.2595794,3.5831456,0.1799123,0.41984925,0.5349947,0.66546345,15.413162,2.872036,1.5749439,0.6192823,1.9570312,0.18719797,13.891665,43.624763,5.9567266,2.741635,3.9847996,0.9252578,1.9554081,0.27284366,0.86018276,0.6094894,1.0266614,0.53174883,1.6426996,1.7826653,2.3517728,0.60409117,0.32782507,30.758533,0.4329331,0.43875194,0.36571726,0.3826522,0.29236728,0.25093296,0.90811044,4.0813293,0.48334655,0.3766821,29.494654,1.8149382,0.73833483,1.8039106,0.74021953,0.53733826,0.44904318,2.3982887,0.375461,0.35787082,1.2948469,0.7092243,2.189074,0,53.574383,153.50137,5.381067,0.08878785,2.3371465,0,0,7.5707207,0.042067148,0.175662,11.628494,2.2605033,0.11193768,0.012479536,4.3771644,0.48970127,3.703407,2.6684856,5.711707,0.015049867,0.015265527,5.339855,1.6513189,1.3178558,0.09776327,1.0889807,0.1211982,1.7504845,3.841665,3.6439369,0.867089,0.9441263,0.323029,1.3511814,35.612953,18.458815,39.01752,9.339313,34.656296,35.126095,18.956175,165.01077,22.664165,39.675995,18.642082,3.5382028,42.987747
TEST_04+6일,6.0008774,4.585687,7.180918,3.3114355,1.1824616,2.000382,4.9183645,0.003921837,1.767908,0.6191651,2.4290037,0.51541924,0.6817704,0,0.30392528,0.052482713,16.600601,1.1728472,0.90077937,6.827011,4.450132,0.80057687,0.6872687,0.2150433,3.328846,2.2949574,9.235832,84.8432,10.821726,3.4316823,3.3890426,2.211277,1.594038,1.7304884,0.029180055,3.7198238,25.953217,4.2159476,2.6086638,23.434628,11.757895,2.1340017,0.04065665,0.8356599,0.9000207,1.7906792,0.7673476,1.9518601,0.9738421,1.5025282,8.528725,0.7627775,8.891659,0.48721322,3.56614,0.9754376,2.062183,0.84880984,1.3814768,1.3854192,5.0912538,4.8962526,8.600696,9.14041,8.079321,2.0391054,1.8892584,1.5445756,3.8017948,0.70514804,2.5325985,0.004910085,1.1150343,2.6329167,4.059207,0.8805149,0.69522864,2.6575315,2.0151005,4.9895377,1.2444624,1.3949201,1.017641,1.596064,2.0134773,1.5577414,4.1573076,2.2579305,3.8581784,3.9371197,24.813295,1.7155657,3.4433548,6.5045886,0.44546175,0.8084836,0.9218842,0.8974909,19.72698,6.0149965,2.559411,0.91005415,3.247401,0.41482544,35.189495,29.839054,10.682123,4.6172066,6.6467943,1.5994368,3.0104392,0.46525976,1.5986336,0.96279585,1.8157313,0.7643281,2.298218,3.1037817,3.5873756,1.2263248,0.47013435,8.101916,0.49933773,0.25501594,0.22642271,0.53960544,0.25108504,0.2755553,0.56570804,2.500837,0.43472844,0.27108473,20.529406,3.7921028,1.5821407,3.990774,2.0385673,1.5332822,0.8236041,5.021993,0.938793,0.7990374,3.1533763,1.4360963,3.4305255,0,58.50346,100.79301,7.0278153,0.12333714,3.9949014,0.031729724,0.05208825,11.18494,0.046609115,0.26459518,14.012552,4.0327387,0.118334584,0.036040213,6.029612,0.7790355,4.169026,2.984712,6.151224,0.029325683,0.023215098,7.0264773,2.810341,2.9079933,0.1284287,2.282869,0.21245332,2.3875892,6.5093474,4.683014,1.4680276,1.2947162,0.9276971,1.8574886,52.46413,24.237806,44.13285,13.431506,42.970837,45.603004,28.597214,226.97432,37.607334,34.00409,30.28426,8.094455,56.05554
TEST_04+7일,9.423964,0,11.968989,6.31023,2.0287366,2.722754,0,0.00677943,2.9306765,1.051165,3.1271858,0.9583581,0.93663305,0.01409654,0.8935701,0.10959803,0,1.6555737,1.5666971,0,0,1.1880859,1.159889,0.32156304,4.768414,0,11.385462,49.24165,13.221576,4.5729394,4.4957476,3.8328207,2.0661416,1.7595743,0.090263546,5.4027514,41.193783,6.6907473,3.631149,36.818893,15.595339,1.9544777,0.06038424,0.5914761,0.8228364,2.721522,0.7633148,2.5243156,0.87078583,2.3119447,10.071888,1.1707095,6.5782886,0.6728597,5.0088577,1.0239773,3.2040203,1.1372318,1.9190711,2.183033,9.248214,8.127434,14.402863,10.74827,11.681661,2.4658277,2.680413,2.2048843,4.641131,0.5885343,3.6642106,0.005559063,2.026634,2.6146474,6.0554466,1.1378015,0.77920693,3.264589,2.8004556,7.054532,1.6780792,2.0451062,1.3932322,1.2709807,2.1000388,3.3154943,5.734751,2.5781224,5.5514226,5.311456,0.5156151,2.6823196,5.505366,10.327995,0.7848638,1.3730671,1.3586291,0.98583764,23.595892,9.336509,4.217962,1.010094,5.9424963,0.68771183,116.04578,7.02734,21.47532,6.69428,8.347852,1.8643459,4.0025935,0.7083849,2.519427,1.3158114,2.7516453,0.96541446,3.0127761,4.209583,4.605288,1.9567451,0.6593257,0,0.25249392,0.08301746,0.05453998,0.44438934,0.059203137,0.2282062,0.34410653,0.5856588,0.34582797,0.1096184,7.374808,4.877669,2.4722195,5.289947,3.1615956,2.0951161,0.8334899,6.7317696,1.4836686,1.1555852,4.2817745,2.095888,5.3998857,0.020947142,36.418537,34.31316,9.133893,0.1431624,6.2400837,0.060947504,0.0502756,15.809928,0.073466696,0.20382777,16.447723,6.671018,0.23325415,0.013628694,8.397334,1.092322,4.5368266,3.730913,8.08037,0.043015096,0.10341761,9.865832,4.7498693,5.262014,0.16297129,4.0726886,0.49474812,3.4490182,9.7334385,6.9535484,1.8575585,1.4858892,1.5666451,3.3036587,71.45138,41.856396,60.668728,21.317682,48.06299,73.9848,44.95576,312.63885,53.49249,41.53739,56.96742,13.706781,83.95768
TEST_05+1일,2.525422,0,8.070245,1.5766784,0.38766548,1.5893071,0.031341027,0.03791104,1.8145624,0.4634922,0.0999169,0.26531932,0.18783915,0.020827144,0.080509536,0.050663304,0,0.62789124,0.32884532,1.8484268,0.34880397,1.2170364,0.37810555,0.114697255,1.581391,1.0003306,1.3061593,7.5894747,13.182169,4.3732553,3.6105783,3.1550288,1.5274669,1.9976,0.062226065,3.5577698,41.267178,5.5368557,2.129477,27.065702,21.98851,1.43826,0.06869742,0.3815138,0.49109426,2.899575,0.5296808,2.6264741,1.0888842,3.432003,21.041817,1.3281972,8.928466,1.4317309,2.5001132,0.6927848,1.3263115,0.9311619,0.47937846,1.2681124,20.502748,12.186524,8.994942,15.164734,6.585724,0.9670498,0.6311046,1.6224375,4.335719,1.639795,2.4270322,2.9694982,0.6712716,1.3567169,3.1368861,1.1996679,0.90550154,1.4354222,1.0555921,2.677876,2.243099,1.2406435,1.9095405,1.9017155,2.0135763,4.402669,3.4409542,1.3841845,3.211607,4.094126,0.22602959,1.8683556,5.0097537,8.103289,0.5695304,1.1370338,0.35433742,0.58821124,5.442942,7.2046294,3.0728881,0.84342307,2.0231302,0.16301739,86.07246,18.456505,43.64874,4.24792,4.085855,1.6803547,5.8812447,0.4406275,1.6704813,0.4877611,0.69390744,0.62874,2.664044,1.4404548,2.4957197,1.3000051,1.0920428,1.5741142,0.30914783,0.15487169,0.19869338,0.17097484,0.18048342,0.27149412,0.19645946,0.16740027,0.15892933,0.10196366,7.479165,5.4061275,3.8931215,3.7157466,2.0135329,1.5177996,1.7451088,9.493764,1.3968669,1.5867162,2.802326,1.8894806,54.7703,53.6813,5.9714823,4.964744,66.53141,43.628918,39.9343,0.055198856,2.7458522,170.83447,106.53191,99.24434,63.520424,26.367975,2.8545687,54.226215,54.57591,6.1562877,39.098118,20.895975,76.83951,66.38823,18.883469,0.13709608,466.60104,265.91653,64.04846,264.89767,39.096302,88.503555,72.15161,172.08223,47.65788,7.787236,89.93586,72.182304,0.04067393,0.12321364,0.05155934,0.044855095,0.09235229,0.054628875,0.15093778,0.06546813,0.092305124,0.029967511,0.08166381,0.007362193,0.08727066
TEST_05+2일,2.342007,0,6.707741,1.0169659,0.13137978,1.3120782,0,0,1.6107424,0.13936532,0,0.16732049,0.082992435,0,0,0,0,0.44383302,0.15110794,0.036325075,0,0.73569244,0.106360726,0.117058806,0,0,0,0,11.182776,3.4307067,2.5526562,2.8797865,1.3511533,1.5036769,0,2.918145,34.69636,4.252491,1.9612942,22.399567,17.580147,0.9308899,0,0.05558173,0.4685785,2.2205083,0.18567647,2.0169349,0.47712037,2.5453022,19.006948,1.2806981,7.7526507,1.0147349,1.514439,0.42503038,0.8228329,0.6857286,0.30714118,1.0747598,16.816721,9.835477,6.11462,14.11514,5.086929,0.89775676,0.3883341,1.033891,2.9451985,0.68347913,2.0594592,1.6549444,0.15961477,0.62300843,2.8062503,0.4956835,0.66080993,0.9823996,0.63608956,2.2349823,1.4924351,0.9801586,1.0102979,0.9245623,1.6365025,2.638664,2.365953,1.0053834,2.3938565,3.3482652,0.24833564,0.9902158,3.4753544,6.641427,0.16702531,0.63620657,0.2263278,0.10562589,4.2240767,5.2574954,2.7118766,0.7960754,0.92544216,0.05975021,22.341139,52.529842,38.13586,3.3019154,2.9042652,0.7513209,4.6217785,0.15848584,1.5829444,0.10920166,0.24284334,0.5956881,1.9398075,0.87956685,2.1453907,0.9911205,0.7325613,0.009337234,0.13326608,0.084971786,0.10136288,0.12252841,0.14835706,0.14183597,0.10218515,0.22095251,0.11870936,0.09614847,2.718314,3.6041696,1.6702045,2.340092,1.1511735,0.7207486,1.2403768,6.48963,0.7009353,0.77501976,1.9847075,1.1087645,46.614445,37.558258,1.0755714,2.606528,58.29307,37.01089,32.95935,0,1.9492172,142.36646,78.15679,81.220184,53.103756,22.77419,2.2300785,49.709713,43.325344,5.2396913,31.689642,17.255201,63.854168,54.199886,15.228793,0.008941627,362.56284,218.1243,51.426586,216.36803,33.000378,68.74813,59.81443,154.503,41.126354,7.3360786,73.3308,59.617916,0,0,0,0,0,0,0.009823105,0.008261131,0,0,0,0,0
TEST_05+3일,3.4097707,0,6.9488993,0.9793903,0.19170593,1.7104273,0,0,1.8388659,0.17784601,0,0.24674432,0.121426426,0,0,0,0.0847434,0.5172897,0.24535428,0.53821164,0.268876,0.57768637,0.17907374,0.18158926,0,0,0,7.1119356,10.951752,3.5135708,2.5985892,2.8556385,1.411298,1.5568355,0,2.6678607,31.64147,4.5188975,2.1451142,19.632929,15.887656,1.3324747,0.010436367,0.12116899,0.60638326,2.0690331,0.17438388,1.8639195,0.63729936,2.5813801,19.440914,1.3010322,7.860458,1.1522198,2.0763264,0.48748967,0.9365962,0.9552388,0.50969225,0.82036465,16.159824,9.110461,5.9981227,13.737625,4.8362093,1.0194906,0.4704228,1.129968,3.2649243,0.9976389,2.438329,1.8731161,0.23481202,0.8960662,3.101713,0.50437164,0.7435579,1.0891402,0.9570988,2.685265,1.7701412,1.1101787,1.2674806,0.9134429,1.915099,2.6047585,2.4932916,1.2534918,2.7514462,3.4618714,0.878833,0.95640844,3.5206666,6.523626,0.15682872,0.7755685,0.40497026,0.122038715,4.6372166,4.9369082,2.6319585,0.914583,0.9001047,0.086317755,15.110605,51.07008,37.011654,3.1735268,2.6476924,0.73702496,4.5090404,0.17816044,1.7723287,0.16112228,0.24110627,0.757101,2.1299217,1.0329984,2.6659594,1.1545023,0.8106925,1.135435,0.1920694,0.13845871,0.19978152,0.21017702,0.17741089,0.19273923,0.114487484,0.33654663,0.14641848,0.15138902,7.0336914,3.694297,1.6496325,2.1476457,1.0390037,0.73856753,1.0276995,5.632174,0.61940265,0.7017096,1.8131031,1.2704113,45.591724,32.249737,2.3265026,3.8376389,56.315,35.303642,31.779743,0,2.2012556,131.58665,78.86346,76.96952,50.124397,21.789557,2.3392334,45.71121,41.850246,5.5857434,31.22262,16.446188,63.34535,50.474293,15.569986,0.016997674,350.61115,206.24455,50.31728,199.39453,27.226622,66.1842,55.411335,142.19344,41.328857,6.94467,68.55013,56.347317,0,0.001213285,0.036276616,0,0,0.005438408,0.018460354,0.029364897,0,0,0,0,0
TEST_05+4일,4.2706594,0,6.707893,0.8737015,0.21400014,2.0179553,0.23266749,0,2.190165,0.17334194,0.006920588,0.28708205,0.07069564,0,0.0008412,0,2.4400966,0.6542994,0.2995239,3.654995,0.67011356,0.52385086,0.2350535,0.34970218,0,0.8967037,0.20641856,10.655825,10.061264,3.2832077,2.2110002,2.7654216,1.5274342,1.5582306,0,2.4903777,27.63744,4.492929,2.1215727,18.209976,14.110176,1.5664093,0,0.1060004,0.7307795,1.8428215,0.13743168,1.7333812,0.7196087,2.421887,17.808893,1.2564675,7.451154,1.2930206,1.9891323,0.4488225,0.9583287,1.0611085,0.7027796,1.0778661,15.0281925,8.996756,5.5770097,12.297046,4.2293167,1.0200882,0.51874965,1.0956193,3.250155,1.195021,2.573914,1.8019202,0.28386784,1.0924739,3.0091758,0.4810648,0.75581306,1.0479118,1.034657,2.7871423,1.7481219,1.4423388,1.2051684,0.99343985,1.968366,2.364434,2.4942384,1.3206401,2.7437184,3.5589025,3.723107,0.89366454,3.189803,6.213689,0.13570641,0.79270315,0.85422796,0.13590299,6.272361,4.792705,2.4481804,1.2521771,0.91728383,0.07398349,15.6770935,57.648205,33.873867,2.9834278,2.4637449,0.5856822,4.498956,0.22975259,1.9526303,0.12803732,0.24820255,0.94195396,2.1258676,1.2755934,2.638663,1.0341662,0.7860443,1.3768133,0.23007856,0.16319841,0.20645912,0.26200023,0.18828379,0.17990077,0.12694351,0.570517,0.14236781,0.14029412,14.867087,3.1611423,1.4762648,1.7815183,1.0716866,0.5586457,1.0468282,4.6504664,0.5641928,0.51405746,1.638373,0.98587173,40.586647,27.120264,5.057664,4.695026,52.72941,31.99565,29.242933,0,2.0007532,113.26226,66.49805,70.226135,48.52329,20.84854,2.434547,39.714058,37.855858,5.6276917,28.303562,15.426376,58.94477,44.50837,13.769777,0.025783122,299.19745,176.6074,44.578377,167.0584,24.421438,58.9,50.205997,127.106384,35.639946,6.257037,63.53802,49.353756,0.03483931,0.0361828,0.010911221,0,0,0.028502664,0.03456478,0.012473417,0,0,0,0.01493696,0.006213807
TEST_05+5일,4.972217,0,6.8126717,1.0389595,0.32356152,2.5425558,2.2924278,0,3.3060212,0.22776301,0.11049121,0.36641392,0.16320981,0,0.011937347,0.03862594,7.7921143,0.7542252,0.3372575,7.117265,2.770923,0.79903835,0.2613703,0.88963,0.9168383,3.077394,1.6162447,23.29417,10.694054,3.6141393,2.885496,2.8516476,1.8585821,1.7713677,0.046480875,2.7494373,30.493666,4.4738913,2.426959,19.723795,14.984126,2.1369038,0,0.34074545,0.9650475,2.0995073,0.2268186,2.0314424,1.1607131,2.6364563,17.82061,1.1958947,7.877496,1.3238696,3.1411138,0.65494406,1.3584474,1.1667591,0.795108,1.4258118,15.358368,8.886153,5.947276,12.325013,4.523269,1.2481769,0.7452712,1.2004322,3.3973832,2.9707232,2.8919938,1.9536667,0.3969038,1.6101512,3.2023904,0.57806885,0.80297625,1.3061353,1.0555661,3.334295,1.9796518,1.7380699,1.2820907,1.2839159,1.9364294,2.948367,2.7861962,1.3658104,2.746828,3.703537,14.413779,0.93333113,3.2500398,6.5271544,0.30663204,1.1021547,0.9791951,0.19443819,8.268198,4.7068253,2.6555994,1.4328884,1.191873,0.09031411,18.87382,73.11792,32.655037,3.3353012,2.8241425,0.75900215,5.333015,0.39388737,2.2227523,0.13542877,0.27733183,1.0827303,2.3601346,1.7533299,3.0299847,1.0855497,0.90710205,1.8301716,0.23842278,0.20259228,0.27582273,0.531958,0.2096854,0.27407953,0.2266234,1.4794239,0.15462415,0.20181075,27.260214,2.5375068,1.5618633,1.915932,1.2450763,0.56604666,1.3054389,4.4013233,0.8365928,0.61288947,2.15334,1.196064,37.76213,26.643604,10.613613,8.003756,50.540493,30.696918,29.2518,0,2.2451973,114.54446,71.89803,68.763535,45.46687,20.995409,2.88508,39.024326,37.521454,5.7383127,29.28812,15.437988,59.57095,47.211376,13.81107,0.12019537,291.32086,163.18329,43.84176,177.35857,25.844206,59.74356,49.820415,134.9428,34.76027,6.3428164,57.411327,47.32935,0,0.045973595,0.12181779,0,0,0.08643831,0.07715408,0,0.004104266,0.03055788,0,0,0.07440885
TEST_05+6일,4.3087096,0,7.5356307,1.4072105,0.3735433,1.8991159,2.5409286,0.002106023,2.824408,0.3247032,0.13402686,0.32743877,0.20116602,0,0,0.056687977,6.175473,0.70869654,0.38819134,4.542132,3.0903704,0.94371814,0.4488604,0.94656605,2.0510888,1.4296892,2.214978,35.093258,11.871002,4.1496177,3.411837,3.2357967,2.118018,2.2348104,0.0500206,3.1423013,35.261868,5.1762743,2.4236188,23.822903,17.53295,1.898042,0.06173978,0.42371258,0.8990044,2.372111,0.44438034,2.563872,1.5299873,3.1135044,19.08281,1.2484499,8.740606,1.4700474,3.4918587,0.80490905,1.6041206,1.0573181,0.74964166,1.2749224,17.871038,10.347205,7.4537272,13.848192,5.0462413,1.3924923,0.9840154,1.4729294,3.9733129,2.9416492,2.8070467,2.5028665,0.55947506,1.5807351,3.4543934,0.8039649,0.95280117,1.5037783,1.1499345,3.5089378,2.4032004,1.4060649,1.7206761,1.4492013,2.0106149,3.3253944,3.4714677,1.6387593,2.9287055,4.107653,10.2725935,1.4173812,4.0227084,7.803866,0.52836627,1.1723776,0.6465019,0.29046953,7.550033,5.919033,3.0969002,1.2278299,1.6925637,0.16479085,33.29358,48.73296,37.149647,4.0121803,3.2765958,1.1929795,6.1300282,0.5258713,2.2146146,0.36100158,0.44639775,0.8773181,2.524964,1.9687332,3.228215,1.2989136,1.0637873,2.9498577,0.29946467,0.15855463,0.33330283,0.46875402,0.23438516,0.24600473,0.18516219,0.97353154,0.16967385,0.18246067,21.631458,4.087782,2.6936233,3.1431983,1.7719237,1.2888807,1.6433144,6.9368105,1.2173027,1.0910755,2.8746104,1.9387001,46.47787,39.02589,10.229149,10.939774,59.70238,37.945324,35.993427,0.03547384,3.0989356,141.97383,90.0995,84.7441,53.34457,24.167261,2.9054272,48.50009,42.018475,6.0369897,34.42619,18.016254,67.93183,59.16285,16.605703,0.094285294,372.13516,219.02754,53.26136,221.57397,31.297483,76.72634,65.30025,152.09254,42.78155,7.3108187,76.421165,58.582966,0.03565562,0.052740198,0.094653055,0.001985321,0.018600935,0.084862106,0.06448231,0.032515105,0.003938512,0.023038361,0,0,0.031168753
TEST_05+7일,3.087061,0,8.101905,1.8913025,0.53262156,1.2687658,1.5005624,0,1.7293046,0.508847,0.07285988,0.30304626,0.26182425,0,0.003101638,0.08991753,2.28374,0.6839211,0.3722359,2.4519067,2.215057,1.0863522,0.5165782,0.58124393,2.0053654,0.823621,1.9142201,33.727474,13.504447,4.547423,3.735956,3.4130044,1.8198435,2.383323,0.057410236,3.6187274,41.153774,5.766342,2.3922317,27.030272,21.622396,1.5299623,0.059735026,0.47869602,0.60988516,2.7265923,0.59138,2.9016113,1.6201905,3.734084,21.059729,1.3274778,9.052595,1.6974782,3.3331819,0.8668895,1.6830025,1.0703796,0.65245694,1.0258433,20.61847,12.441716,9.591942,15.113329,6.38379,1.1757395,0.9452797,1.7898884,4.7739053,2.332206,2.6994827,3.3662326,0.8031737,1.3730301,3.3293183,1.2025031,1.013113,1.5354558,1.2823642,3.1794431,2.7614427,1.0778927,2.1641796,1.8590835,2.046791,4.3526673,3.991385,1.6719605,3.305093,4.3067355,1.680237,2.0937722,5.297559,8.677623,0.8124059,1.1135489,0.47919604,0.52246755,5.3380237,7.264885,3.3467653,0.93627673,2.5458953,0.17995776,82.09602,9.926467,43.11157,4.493103,3.848158,1.7552795,6.003392,0.5009994,1.9731159,0.5725116,0.7527749,0.63346803,2.9062653,2.0570295,3.031594,1.4905436,1.2192034,3.582877,0.30202246,0.12879613,0.27627447,0.18820257,0.13672796,0.22140007,0.19971141,0.38589677,0.22312048,0.15176295,13.6532135,5.774125,4.4270167,4.3576937,2.1909192,1.9102468,1.8390511,9.7708435,1.5768012,1.8260201,3.2415352,2.537976,57.346027,55.392242,10.09209,8.412707,68.87967,44.154335,42.01446,0.03160269,3.5392854,174.59776,116.2396,102.88344,61.95893,26.47721,3.141194,53.814667,53.003384,6.841661,41.08961,21.291449,79.477936,70.09551,20.770962,0.10168693,478.2132,278.0715,65.36663,281.35034,38.424274,94.67694,78.64435,181.14795,49.758137,7.8740997,94.797264,74.004486,0,0.09607785,0.09613409,0.03155075,0.030321298,0.118400455,0.10442877,0.09229622,0.031689323,0.0217759,0.058594346,0,0.023314307
TEST_06+1일,1.6523905,0.004050317,7.860785,1.5982289,0.6930515,0.19808204,1.9095011,0.051030096,0.5907798,0.5095063,0.114416495,0.20106499,0.42547628,0.066092744,0.09133486,0.052635815,1.6697625,0.6047601,0.40266138,2.3754876,2.2332184,0.1414347,0.49480554,0.18042609,4.3402057,1.134146,0,1.3545865,12.379453,4.354941,3.4162786,3.4168687,2.7413654,0.9426281,0.068403624,3.1563027,31.624018,8.004497,3.5921693,25.868265,17.366251,0.97689134,0.0504233,1.5807446,0.63254845,2.015081,0.22094348,4.7561073,0.33420867,4.146906,26.506779,1.2628931,9.712435,0.6403553,3.1318054,0.6435773,1.5273875,1.7046942,0.94508487,0.6724381,18.057013,6.583736,4.6753,13.914805,6.539567,1.0011734,0.6961514,1.5050627,4.0767646,1.0442107,2.2983997,2.2537744,0.9744687,0.46732026,2.5498343,0.44432017,0.9946845,1.6640385,0.5813991,3.1786222,3.0293756,1.7197548,1.4818277,1.1407216,2.213205,1.8182405,3.3753712,1.5532137,2.7900102,3.9542758,0.31112176,1.2963126,4.744378,9.3748045,0.9842189,0.6550099,0.6117193,0.53423107,6.729313,5.4689,1.6458082,1.050983,1.5440115,0.2663856,56.42655,12.328545,28.978977,4.920831,2.288505,1.6272678,4.630025,0.3501539,1.7151507,0.25663516,0.4784014,1.0978879,2.699951,1.5087563,2.3253477,1.2264041,0.90378743,1.6367172,0.122722246,0.04293534,0.15863727,0.20459838,0.061616164,0.19801301,0.25162172,0.5249368,0.18879816,0.045184053,22.293407,5.076318,5.3075767,7.051623,3.0236404,2.2335153,2.2862096,10.672713,2.874384,1.4840014,4.372255,3.1142628,74.51564,40.120342,6.3164077,24.286936,61.038208,71.525795,45.54891,37.960094,5.509446,175.50786,150.12332,134.75739,59.57837,22.454525,4.9683666,53.98686,56.20746,4.749965,44.130657,21.623907,80.670586,85.553825,32.380726,0.14593935,455.80637,269.43686,69.748375,219.73637,40.154003,71.59205,64.5071,186.78609,35.75247,9.3058195,77.763695,74.3626,0.022284513,0.15057528,0.0808892,0.056661695,0.08526511,0.032272283,0.14553066,0.022353744,0.122645535,0.048775923,0.062461507,0.03463249,0.11615677
TEST_06+2일,0.7733532,0,4.5403705,0.98481333,0.15883143,0.3733736,0,0,0.9276926,0.17766762,0,0.090441644,0.10274263,0,0,0,0,0.2329822,0.1257652,0,0,0.09204398,0.19226007,0.20507608,0,0,0,1.1972249,7.6919837,2.7709885,1.6438583,1.4127231,1.0257585,0.35549292,0,1.3460257,13.241092,4.407581,2.0112545,11.891866,10.804733,0.52113205,0,0,0.2852785,1.353527,0.07887956,2.141446,0.28641564,1.8633947,15.389414,0.23310696,8.556921,0.2652631,1.6692442,0.2868528,0.83951247,0.5089094,0.32723847,0.32314235,8.294614,2.05916,2.6989026,8.248914,4.136539,0.40244648,0.22591615,0.7279352,2.358092,0.54637015,1.1392695,0.8979951,0.37451172,0.24307247,1.3988571,0.08174898,0.43033418,0.92465335,0.22292481,1.1860756,1.2040164,0.8592966,0.6622124,0.39299017,1.4733685,0.9027214,1.3686994,0.80052596,1.4090128,2.2794192,14.845935,0.61877805,2.5033922,4.8328624,0.34771886,1.3791775,0.09472529,0.16799502,4.3368425,2.878384,0.92119694,0.7161598,0.15592578,0.09123127,6.5809264,40.20945,24.686224,2.9939837,0.47273728,0.36492953,2.254846,0.15501061,0.9858617,0.102177314,0.17099881,0.49812993,1.2419409,0.36764452,0.8246552,0.62209606,0.34355384,1.2967503,0.18136227,0.07579489,0.109930515,0.072053626,0.061547875,0.038927276,0.264138,0.14723091,0.14873162,0.05118505,7.657712,1.9855677,1.9554331,3.0312173,1.5004122,0.41957852,0.48959765,4.6633573,0.7335912,0.46213537,1.570004,0.96135944,49.570515,15.253619,0,17.107695,49.627796,43.88636,32.09932,17.632801,3.0381985,110.20394,88.42167,80.77291,47.673058,15.495628,2.106778,35.975624,37.761147,3.819845,29.366468,15.705754,55.465157,55.420685,17.193432,0,266.70877,154.00829,32.63959,63.068573,18.052195,40.255917,17.241758,108.00055,20.867563,2.9288807,32.84369,36.944515,0,0,0,0,0,0.004943606,0.014871619,0,0,0,0,0,0.006933394
TEST_06+3일,1.3934389,0,4.684895,1.5936264,0.23336545,0.5109284,1.5439771,0,1.1192542,0.28695747,0,0.1426509,0.22227795,0,0,0,1.71888,0.37248656,0.21635945,1.7268946,2.232882,0.1233866,0.3124259,0.33329153,1.8630984,4.5017686,0.5381021,15.139529,8.59996,3.2217157,2.3869808,1.9267495,1.5269234,0.60909396,0,1.7517201,17.641504,4.2345266,2.616856,14.298423,12.115321,0.80249256,0.013495742,0,0.46332794,1.8426571,0.15317498,2.9299886,0.25447413,2.5193074,15.837371,0.38100144,8.566335,0.32568994,1.966196,0.5131206,0.67319673,0.8496542,0.5870372,0.28380474,9.630031,2.6358068,3.7033043,9.469424,5.100649,0.63993233,0.5245399,1.2237513,2.556727,0.7449156,1.6346525,1.5382512,0.6063234,0.4505584,1.7169119,0.21335793,0.8334236,1.3908976,0.58010346,1.7841457,1.8740691,1.090711,1.1400791,0.86404324,1.9417031,1.2556345,1.8081032,1.1384825,2.0541046,2.973196,10.056811,0.85976905,3.4107912,6.2951035,0.5225621,2.982706,0.19831154,0.28437403,4.7077174,3.2903657,1.2359531,1.0935378,0.62747353,0.124072745,4.4106507,42.45475,23.68686,3.826454,0.9462914,0.65454334,2.8005884,0.2780006,1.3838316,0.3839006,0.23966102,0.70287985,1.7248827,0.5755159,1.2171098,1.2835133,0.45663482,8.279262,0.3499217,0.26384777,0.32421142,0.23071566,0.143776,0.13754459,0.47696447,0.58372766,0.24904172,0.14247027,18.75028,2.6434715,3.7528367,3.7338712,1.7566369,0.9543671,0.89572686,5.968698,0.94076484,0.8507865,1.7842451,1.8084694,52.41097,24.182377,2.588349,38.019115,54.85409,47.54709,33.301403,21.46507,3.7556343,116.022316,103.964615,88.99904,51.399952,15.918167,2.6666706,39.013855,42.772602,4.3940883,33.31576,16.01415,61.520813,63.30373,19.583515,0.021687144,298.04752,177.7923,44.289547,122.807,19.899117,45.21577,30.04759,120.925125,24.014362,4.6800103,43.49609,44.784435,0,0.013814727,0.035887983,0,0,0.02359483,0.032515988,0.023049079,0,0,0,0.000267188,0
TEST_06+4일,1.6179951,0,4.395453,1.411923,0.21933983,1.0102248,2.377999,0,1.7045888,0.24887848,0,0.103957646,0.19621928,0,0,0,2.3484404,0.37404704,0.23164041,2.7397516,2.9789526,0.24809363,0.2717538,0.7879209,0.15874825,14.231025,3.5831373,20.392784,7.559186,2.844956,2.0448883,1.8534349,1.5177246,0.5809523,0,1.7625303,16.444788,4.3283033,2.206947,13.936711,10.688171,0.7576601,0,0,0.37377214,1.5361801,0.1578274,2.9730897,0.24566053,2.2990491,15.11348,0.38724753,7.8402123,0.32700998,1.6917813,0.40819946,0.6446199,0.72954774,0.5618021,0.30568787,10.083054,2.6614308,3.5455112,8.913394,4.411817,0.5328893,0.60319984,1.2454895,2.340536,0.72117215,1.5945581,1.4632434,0.4642125,0.46631232,1.4166352,0.15302835,0.935514,1.3306699,0.76761484,1.6940712,1.6135725,1.0298988,0.9711264,0.7062899,1.7319717,1.2640743,1.8250602,1.0702316,1.9751129,3.030763,39.008522,0.70113224,3.1502519,6.370033,0.37603033,2.3243623,0.20444556,0.22602968,6.524002,3.1395621,1.1276277,1.1084113,0.5751988,0.116082706,8.369885,53.04917,22.253157,3.7184503,0.91814595,0.55095404,3.0172803,0.2618614,1.3114771,0.41086864,0.18357906,0.68342966,1.453575,0.51888067,1.029119,1.3691171,0.4702207,5.8154063,0.43209505,0.482447,0.38851067,0.21488002,0.22157402,0.12562867,0.62522936,0.9637108,0.32156643,0.18812247,36.41159,2.3828695,3.3382866,3.4879544,1.6458958,1.1151149,1.078411,6.42315,1.0251936,0.77565956,1.648349,1.3500777,50.62237,23.497269,2.5519643,32.97282,55.90979,50.059612,34.628246,20.598402,3.6584117,119.12261,100.31924,93.50939,52.494495,16.599104,2.3088667,40.033436,44.908245,4.691476,32.796696,15.565793,62.617794,61.195995,19.486603,0.0387948,312.98047,179.56706,48.13239,126.65685,22.535757,46.68632,34.409622,120.23086,24.445465,5.6408553,50.819225,47.99184,0.004202618,0,0.003274977,0,0,0.03708246,0.046276316,0,0,0,0.014271664,0,0
TEST_06+5일,2.4719427,0.05775664,4.622785,2.046949,0.36090207,2.1726086,2.725252,0,2.5274837,0.4646592,0.050226968,0.23965774,0.31702706,0,0.0455569,0.042069048,3.5815568,0.50995934,0.372115,6.5575104,4.796359,0.6253361,0.42277488,1.2912225,1.505526,18.206614,7.9654617,23.3671,8.42524,3.3233001,3.6021938,2.236035,1.8474474,0.86401224,0.054617852,2.0646176,20.918997,5.0133357,2.762245,16.999344,11.271662,1.2403231,0.04611109,0.7373194,0.57602865,1.865576,0.42687532,3.4313943,0.55507505,2.7588527,16.635595,0.342547,7.9610453,0.5261864,1.8616726,0.8783636,0.80179304,0.90326846,0.71143085,0.44395742,10.738253,4.380077,5.4068537,10.898052,10.559794,0.75956243,0.69591683,1.7791214,2.5272481,0.9648992,1.9921902,1.8545392,0.6371953,0.80525154,1.8903847,0.30520692,1.313683,1.4891001,1.2108781,2.0280106,1.7256075,1.329862,1.5221585,1.1382655,2.4710786,2.214392,2.2201588,1.3049726,2.4709396,3.211975,89.990845,0.8646202,3.680175,7.2282043,0.5220568,2.6058555,0.35444742,0.52102834,11.465768,3.5089154,1.3529767,1.6322182,0.8917286,0.17888133,9.713841,73.94412,23.463673,3.9848983,1.2521877,0.73424834,3.3341095,0.5243043,1.6172148,0.55713767,0.28701964,1.0628642,2.1428401,0.82434934,1.394301,2.037071,0.7623159,20.103727,0.65792316,0.9501404,0.49794117,0.48336336,0.43478376,0.18148655,1.0721495,2.7713835,0.61806154,0.4762772,87.226135,2.4748085,4.486324,3.7272573,1.7766984,1.254107,1.3083506,6.8623285,1.4556643,0.9525216,2.0100212,2.0668914,50.89889,28.733595,16.45893,70.884254,57.450386,48.90976,35.874096,21.95966,3.7543526,127.12266,107.78487,96.348656,55.093384,17.92229,3.2218778,41.78198,48.18951,5.573363,34.210186,16.228172,66.55595,68.04414,20.433657,0.19273682,315.02637,179.10086,55.368042,159.90428,24.215055,50.908375,38.545406,129.75607,24.045275,6.2622604,51.221992,49.40504,0.087701395,0.05185128,0.10860442,0.029406024,0.03936695,0.08262819,0.11247567,0.03297285,0.028761774,0.030378321,0.03433248,0.03789432,0.074974656
TEST_06+6일,2.4581773,0.17806362,5.9155126,2.8362777,0.5089803,1.27794,5.856217,0.050406214,1.6108402,0.56580913,0.06968122,0.28057814,0.44903025,0.047921516,0.046941143,0.12826127,6.750776,0.57104737,0.37743393,7.3965592,7.4921784,0.5632244,0.5759708,0.85956687,4.242931,8.363159,2.7675729,23.64725,9.141372,3.977718,4.079183,3.2215116,2.7493389,1.059667,0.11465056,2.465986,30.818624,6.654815,3.479709,25.96615,13.071314,1.2262162,0.10915051,1.2926522,0.6875381,1.9821205,0.41977644,4.7512426,0.52010095,3.800029,22.653715,0.68193954,8.513412,0.7434412,2.7445009,0.99599594,1.0461032,1.194993,0.9478489,0.5334147,15.222358,4.707599,4.767893,13.901331,16.606894,1.0786704,0.9313313,2.098045,3.054652,1.0523089,2.5776315,2.6494536,0.9342131,0.7864993,2.7034235,0.59931827,1.7065996,1.746458,0.8844351,3.238147,2.5427961,1.8777364,1.6628506,1.4870439,2.813031,2.0987165,3.0045354,1.6414107,2.6752067,3.7149217,57.86385,1.2175925,4.632356,9.387401,0.82577765,3.5526795,0.53433526,0.6249613,10.38752,4.8516855,1.6400086,1.7872761,1.7957348,0.3058643,23.146109,51.269234,24.782587,4.726768,1.8163598,1.0167434,4.0432696,0.5956165,1.7240912,0.5510141,0.4253524,1.147342,2.567232,1.525545,1.995964,1.9780186,0.90081036,12.1584425,0.6250505,0.6982638,0.5097694,0.6200236,0.39693785,0.21460815,0.74339134,2.1075704,0.50226194,0.4228425,70.04771,4.2324176,6.1179395,6.3375177,2.6268032,2.6145272,2.3785455,10.060276,2.3814213,1.6343327,3.2590072,3.4561555,61.847607,50.2262,17.23102,73.75387,63.674477,61.577236,41.90915,32.575996,5.081339,160.13232,139.46231,130.07579,61.626553,21.085188,4.13282,49.861744,54.160046,5.69943,43.237984,19.666891,76.4789,82.44059,27.640268,0.20079456,427.93887,258.39624,71.6975,243.92586,35.46561,67.90035,66.349434,167.89081,32.395813,9.291602,77.32782,64.77872,0.109324194,0.08323784,0.117575265,0.04510911,0.099124454,0.15378188,0.10232743,0.0723856,0.05449101,0.08066874,0.04030926,0.053136826,0.13187179
TEST_06+7일,1.9224056,0.044633318,8.1570425,2.9818895,0.76809466,0.37457743,8.106826,0.0383613,0.8088687,0.58300304,0.0881689,0.2787943,0.60277116,0.006500891,0.021597574,0.12762433,9.087882,0.7730271,0.42193443,6.4966927,9.383072,0.26162645,0.5714343,0.11940242,6.9508653,2.6440027,0.21824789,11.792262,12.409962,4.7395678,4.0823054,4.5560007,3.860693,1.394479,0.068849824,3.442186,44.995613,9.105989,4.7255607,35.285034,16.84052,1.1130033,0.060797054,2.1765492,0.72626036,1.9859943,0.3512685,6.447133,0.3081117,5.465533,32.57315,1.4497488,9.426731,0.8726137,4.1617904,0.9211227,1.4475001,1.9383763,1.1691173,0.5826391,22.474535,7.271943,5.12725,16.974638,13.948006,1.3326563,1.1176229,2.0563858,4.2934585,1.1639512,3.119913,3.430056,1.2217339,0.5820804,3.3409085,0.88002914,1.8629364,1.9921925,0.760348,4.447906,3.7529297,2.107622,1.9364799,1.7064103,2.4797113,2.2431781,4.104812,2.0509918,3.0815637,4.72227,0,1.6588055,5.862199,12.3675375,1.2867361,1.6124115,0.8552561,0.71065444,6.658273,6.8967204,2.1284106,1.3516678,2.7067637,0.47060665,56.17713,8.318788,27.05639,5.6182528,2.9946666,1.708292,5.1573277,0.44186077,1.8542311,0.40165663,0.5520474,1.2804384,3.1793942,2.2381647,3.0047498,1.6148614,1.1640639,0.33195344,0.16184829,0.21390589,0.24210142,0.43235284,0.1525238,0.2592289,0.34626192,0.86522025,0.3092123,0.16233973,30.034605,6.0198264,8.143262,9.430425,3.4792678,3.9479966,3.4313436,13.780452,3.6687107,2.2288272,5.20723,4.5733356,80.5648,67.98352,12.169028,40.591534,72.33181,78.98612,50.508842,45.173607,7.0286965,205.67671,185.87611,167.91577,69.27746,25.742178,5.056296,61.33605,66.06901,5.6739764,54.54328,23.960138,95.12916,98.26827,38.908817,0.18551509,574.92596,355.7734,95.795876,347.391,51.017223,89.60912,100.30823,228.83281,43.48062,13.1095705,106.81754,93.84066,0.046878662,0.1530747,0.13914959,0.054909505,0.056553703,0.11225744,0.16427948,0.09799743,0.087770276,0.104201965,0.067664996,0.057967376,0.10077965
TEST_07+1일,0.6430332,0.80057335,5.195436,2.2390656,0.6554055,0.76956064,0,0.041444838,1.5630482,0.48069125,0.11282122,0.35323167,0.3108603,0.04834843,0.07666887,0.054088812,0,0.80641997,0.6575106,0.085370734,0,0.14944175,0.2853632,0,0,0,0.18318692,0,5.2673926,2.4990132,2.168947,2.0056808,1.4536735,0.70621246,0.061020553,2.0816948,20.416964,2.5513756,1.7202809,14.666915,8.47406,0.98237056,0.054623198,0.08951087,0.4207456,1.4743376,0.37758034,2.784739,0.5879593,3.0857627,9.750232,0.68381697,4.506518,0.57583207,1.570555,0.2328733,0.6263759,0.5521737,0.69717205,0.5971773,8.324669,6.8340273,3.5662682,6.690316,3.1822815,0.4474782,0.6496436,0.7043368,1.4925336,1.0092448,0.836431,1.1654725,0.72713906,0.20715487,1.0986162,0.66063315,0.51509655,0.5358256,0.26935208,1.0095458,0.45775744,0.63204247,0.6051253,0.60200137,0.9639128,1.1303308,0.83986133,0.5610053,1.0761344,1.3696471,0.9572061,1.3294449,3.4530098,6.5341096,1.6895313,0.35780212,0.780536,0.5596472,5.346898,4.0102577,2.0090735,0.8030352,1.8350056,0.19854106,42.196186,10.323763,18.993,3.7022297,1.6638793,0.6961644,5.130937,0.5849328,1.079122,1.145614,0.41553435,0.72910535,1.422999,0.9589651,1.7117481,1.1038687,1.3572596,0,0.1391157,0.08785185,0.071095906,0.085855715,0.06534865,0.17717491,0.20527807,0.096349016,0.12608759,0.052916724,3.9802482,3.3384247,2.274495,2.568912,1.3681687,0.9811198,1.2389228,5.9044085,1.3793045,1.2386049,1.7228962,1.4475454,14.388618,20.258417,6.261548,13.1432495,13.26535,12.970207,5.9248176,5.5310974,0.9301451,28.18096,26.003168,34.318203,16.99912,7.744551,0.85420525,9.586712,12.446654,1.0053833,7.669492,5.0897756,18.148647,11.777043,6.4238863,0.15287344,76.492516,53.95714,17.89642,40.406483,8.820803,15.192996,17.880295,40.531662,7.157108,2.6319199,14.983296,17.745676,0.02284894,0.18441981,0.069304936,0.056512754,0.07471287,0.01815243,0.111763276,0.031650014,0.1126905,0.04188788,0.056049466,0.0338715,0.08393801
TEST_07+2일,0.13703077,0.8588387,0.8650304,0.6763843,0.1254876,0.21110514,1.9737891,0,0.3995668,0.10990433,0,0.17767802,0.19148353,0,0,0,1.4285848,0.3198401,0.2748207,4.92836,1.5632536,0.05284163,0.050320726,0,2.3034062,0.32931647,0,2.7138653,1.6765461,0.70302886,0.6929035,0.33817098,0.32844955,0.28669906,0,0.56262606,2.9971664,1.0947393,0.6654978,2.582854,2.4760478,0.28936476,0.000718783,0,0.10242075,0.55656433,0.043650277,0.6121812,0.091218606,0.5012006,1.807717,0.18202774,1.5883825,0.19282591,0.48736987,0.12494003,0.2936515,0.122511506,0.1798259,0.18473622,1.4060954,2.2409198,0.8212949,1.3257746,0.7417558,0.028181493,0.11182459,0.22553883,0.36219636,0.3056202,0.14205419,0.20628393,0.18354753,0.13956696,0.094271004,0.1644511,0.21110955,0.1522232,0.05215573,0.105899535,0.15572977,0.16945532,0.18823165,0.07881434,0.20796347,0.18499644,0.06732018,0.079435244,0.152859,0.2524775,2.517893,0.22060004,0.8072956,0.4925867,0.4709029,0.050237108,0.0627105,0.09847551,1.3541068,0.47321516,0.4841411,0.17190374,0.3153939,0.08947472,4.5584245,4.1124682,3.2824826,0.5977723,0.17162648,0.11921412,0.9707052,0.1278911,0.2700964,0.110083155,0.06409266,0.15398422,0.29412323,0.13323347,0.33343014,0.17357706,0.3313961,0,0.0938335,0.044727363,0.09374259,0.0859864,0.08042717,0.075532444,0.11288591,0.083488755,0.12431388,0.08391195,1.8939555,0.043948032,0.6419818,0.41801473,0.19990619,0.050593186,0.07211937,0.32421085,0.15186118,0.19319098,0.121613316,0.20664547,2.4946423,1.1864218,2.6600285,11.976105,1.5841153,4.105508,0,0.24065724,0.15343717,6.8102784,5.537076,7.037346,3.5843837,1.8992592,0.42214713,1.1925472,2.3183372,0.079921775,1.2696383,1.4300764,3.527074,2.5011919,0.9955354,0.020079706,13.377727,9.309099,4.820552,1.9419549,2.610936,2.416426,2.1219182,15.516141,1.6224415,0.48273063,1.6258866,4.8849854,0,0.000972927,0,0,0,0,0.001024395,0.017940905,0,0,0,0,0
TEST_07+3일,0.57530445,0.62870085,2.165035,1.7672857,0.21729122,0.39070305,0.46623442,0,0.6086913,0.18216738,0.026819443,0.29332078,0.27160704,0,0,0,1.3892244,0.47698602,0.4515248,1.8878716,1.123282,0.09990557,0.13259093,0.030583724,0.4226469,0,0,7.2342668,2.0981843,0.9436396,0.7277505,0.7310755,0.47544047,0.4420734,0.009199935,0.83158225,5.392315,1.7087059,1.0921358,4.753406,1.9287694,0.5116768,0.039825972,0.012788114,0.20456548,0.92984915,0.090657525,1.0839012,0.17308432,1.2515029,3.707386,0.24259344,2.8959877,0.26575866,0.6655164,0.22060104,0.5139032,0.20081063,0.302839,0.19452587,3.0205443,2.9242504,1.4001888,2.2119663,1.0811304,0.08701147,0.34569687,0.3157954,0.7394954,0.4168787,0.27492905,0.54394394,0.3207756,0.1757267,0.33510694,0.3704062,0.31683943,0.2789174,0.12910564,0.3393579,0.2588143,0.30682102,0.24828516,0.43756,0.37804207,0.4288164,0.20011006,0.20115042,0.25688872,0.53694105,5.1715293,0.5167116,1.5165403,2.7053373,0.90878487,0.20441781,0.1294452,0.12340343,1.7886795,1.5968331,1.1665089,0.4761148,0.66412395,0.13998283,3.6492639,13.324907,6.030377,1.4410416,0.7045931,0.22251366,2.4676602,0.22839521,0.490391,0.32267618,0.098464034,0.3708263,0.64528203,0.3658252,0.6791368,0.5389329,0.5014259,0.9204689,0.19226585,0.13560928,0.22575119,0.179013,0.14723219,0.14947966,0.20620589,0.21593557,0.22178414,0.18665974,3.3953779,1.0718049,1.6509707,1.0943164,0.5917568,0.38577533,0.24195361,1.8582276,0.4356052,0.64964527,0.68603283,1.0394729,5.507177,5.746948,6.755574,23.399872,6.8236656,5.7529817,1.2718128,1.9700702,0.29218894,10.141454,11.7419615,16.353683,6.943592,2.5515232,0.4000752,1.3109906,6.701574,0.33443695,3.3453681,2.119246,8.133924,2.9081938,2.0350602,0.03561841,31.630558,23.40702,10.051508,12.674145,4.0181155,4.449474,5.584866,23.904957,2.7668233,1.1783638,4.0227265,7.4033036,0,0.040710926,0.062233906,0.004941572,0.020835191,0.04971056,0.017868474,0.050334133,0.002718088,0,0.050211024,0,0.022297759
TEST_07+4일,0.44435525,3.048436,1.7444099,1.4339879,0.18303321,0.28759256,1.1359838,0,0.4877379,0.12916566,0,0.18790679,0.20328592,0,0,0,2.600307,0.44986302,0.379685,6.3199778,1.5163205,0.06429509,0.07994682,0.047768604,1.000201,2.2956283,0,7.1154976,1.4057449,0.61752576,0.6507284,0.6299697,0.45582137,0.41721496,0,0.7803001,4.7665677,1.4704943,1.0149379,4.824489,1.5832515,0.47086594,0,0,0.1587419,0.6190896,0.10143852,1.017292,0.2097523,1.0795892,3.154414,0.15977113,2.6077237,0.26375458,0.44622907,0.1614502,0.35355526,0.14525972,0.28859255,0.17296314,3.1998546,2.2614822,0.8788561,1.9203991,0.7817261,0.09832493,0.32780376,0.32600355,0.6268105,0.46618935,0.20019923,0.5080501,0.30989155,0.11061944,0.2633205,0.29149008,0.29303288,0.27948767,0.10703965,0.34671694,0.20131028,0.37712264,0.200845,0.4040149,0.24932197,0.41123876,0.2579976,0.23240058,0.32840058,0.763452,7.312659,0.41801053,1.3577791,2.7339249,0.58944225,0.1251851,0.09665307,0.10258456,2.0736492,1.6529541,1.0405654,0.40953705,0.63010675,0.095977955,3.2345836,12.994916,5.6549916,1.5172964,0.72500557,0.1503888,1.9550638,0.15714346,0.5342528,0.25040427,0.10103718,0.28342578,0.5701578,0.34519753,0.2753938,0.55348814,0.42058873,0.08605061,0.18713969,0.14564058,0.22353975,0.16827145,0.16097414,0.1493633,0.14699696,0.19608952,0.19230638,0.14669167,2.3127263,0.9559004,1.1777747,0.95659506,0.60737485,0.34162444,0.27238044,1.7369171,0.42614537,0.55223274,0.5483262,0.8785325,4.5152793,6.492275,4.7226977,17.27893,8.5377035,7.5426583,2.5798244,2.0771103,0.29914126,7.421018,6.8984485,19.81809,9.054677,3.8882263,0.37963432,3.25506,6.9362397,0.6870557,3.5462167,2.2400935,10.773334,4.867126,2.596381,0.020643411,31.33377,22.066217,10.404497,12.729311,4.2713914,5.091692,6.836557,19.275085,3.3236272,1.600964,6.808473,8.87694,0,0.018403709,0.03742076,0,0,0.031321064,0.033764385,0,0,0,0.03465548,0,0.002797172
TEST_07+5일,0.6442015,10.50064,2.34963,1.758489,0.27198824,0.5777396,5.654636,0.016752012,0.65018004,0.24881391,0.055521317,0.37682787,0.31210178,0.021818636,0.025004605,0.044582136,10.079758,0.5159716,0.50462943,20.922445,4.9027495,0.18074797,0.19372101,0.26369697,14.372512,12.4914465,2.6789577,25.442152,2.5692947,1.1512784,0.92416364,1.0203699,0.68701357,0.6210371,0.041108377,0.8685093,9.582601,2.6259995,1.5475159,8.518355,2.393372,0.60745835,0.033478588,0.19475237,0.30859667,1.3588415,0.13699327,1.2281989,0.31475922,1.3182513,4.835843,0.3342046,3.1787007,0.3520034,0.84058493,0.34404707,0.660034,0.27770346,0.5602107,0.30538413,4.0799646,4.802778,1.3030939,3.499715,1.1126899,0.30088893,0.566338,0.5154805,1.2917699,0.7653174,0.6506081,0.9853571,0.49501324,0.22457424,0.6151193,0.481748,0.4350967,0.45762977,0.39751592,0.7280574,0.42585468,0.6580921,0.31139922,1.0219924,0.6825661,1.1885744,0.4055365,0.46764436,0.58386344,0.98020786,21.816364,0.56904763,1.5865238,3.256609,1.3183635,0.313847,0.28270593,0.176778,6.73686,1.7659829,1.2226819,0.51886016,1.0438325,0.1908082,6.8943286,21.219013,6.376754,1.7363957,1.0158863,0.43019333,2.992914,0.300135,0.631978,0.23687868,0.14800964,0.5683145,0.8733843,0.49377176,0.9229364,0.68596905,0.77459234,3.3206933,0.28614303,0.27309966,0.32089546,0.34990102,0.2877914,0.31366947,0.38426661,0.63371354,0.39919767,0.20850845,9.271731,0.92757493,2.2818992,1.4507918,0.8357189,0.50451297,0.6105278,2.9432542,0.9390449,0.87667316,0.99662143,1.3524691,9.40318,13.238341,23.593084,40.974644,12.845659,9.695746,6.9494905,4.2436748,0.9803223,21.581633,21.91191,30.29951,14.660921,6.5099,0.6509587,7.04017,12.336818,1.6118596,6.502038,4.1397557,20.719404,10.64,4.400492,0.15335502,61.242737,38.610348,18.089298,32.299957,7.3644347,14.82735,11.0892,37.578136,5.883924,2.5214581,10.841867,13.2302265,0.07835444,0.08245766,0.12288692,0.016168201,0.06447474,0.12359059,0.115173675,0.06912048,0.03145617,0.035826467,0.029456599,0.033283968,0.119199924
TEST_07+6일,1.0432769,5.5126877,5.43876,3.268538,0.44303283,0.6792554,2.4341316,0.05434655,1.0336924,0.34607506,0.05962313,0.45934066,0.34623113,0.051060405,0.043090932,0.12248444,5.055844,0.76695496,0.83441925,9.330805,3.2764473,0.23958181,0.31899107,0.14719172,9.496386,4.441397,1.448475,23.858599,3.4363632,1.789378,1.3482927,1.8980528,1.1780448,0.9261101,0.109347716,1.4933704,19.219015,3.3754132,1.6492493,17.352575,5.4001737,0.8922146,0.09345112,0.32921967,0.42807338,1.9837555,0.3820646,2.2173605,0.6495525,2.5460734,8.150378,0.5092865,4.491643,0.5360388,1.329882,0.36327764,1.0632385,0.5317907,0.79360676,0.5442423,7.17144,6.15514,2.345093,5.8597503,1.9027203,0.43675137,0.68596107,0.574109,1.624513,0.89692396,0.91313183,1.3923035,0.5953657,0.32125854,0.9737758,0.61823267,0.58541816,0.5773985,0.35502276,1.2471331,0.61937267,0.8204098,0.522402,0.8713714,0.89930564,1.1127979,0.6640516,0.66669476,0.8771803,1.2137649,16.823326,1.056659,2.7427442,6.4731803,1.6091365,0.3958429,0.5887827,0.3844996,6.800321,3.6918743,2.1684854,0.939106,1.8301924,0.2921891,14.603574,15.87424,10.495301,3.2895467,1.596825,0.5054295,5.4110894,0.51466674,1.1034917,0.7682066,0.3585349,0.88064545,1.152207,1.0632561,1.725858,1.2528635,1.2798117,2.8667247,0.33015046,0.22635646,0.33722025,0.30832195,0.31138504,0.3864462,0.3436411,0.4200661,0.3726481,0.21816365,6.8389926,2.938435,2.8384118,2.7449975,1.7494888,1.2764994,1.1851287,6.220865,1.9151903,1.5540832,1.9036239,2.2574425,11.070653,15.303746,24.186766,39.946346,14.850455,12.943893,8.529147,5.0584307,0.8192108,25.4649,24.763199,37.977978,16.611197,7.394667,0.7541818,8.318164,12.623849,1.1924547,7.880713,4.520746,18.392664,12.748363,6.0509653,0.162391,74.4107,50.694622,18.674837,42.127525,8.415588,15.74014,16.34041,37.83866,7.539745,2.983345,12.750403,13.339925,0.078344636,0.10110327,0.10812318,0.039490055,0.10841495,0.16986167,0.10395781,0.102114014,0.05123849,0.084851466,0.04129102,0.039534505,0.13548987
TEST_07+7일,1.321203,0.4488692,9.275191,4.6943917,0.8823066,0.87014407,0,0.014315489,1.9350805,0.45825288,0.05761348,0.5014667,0.32597363,0.012848476,0.00447903,0.1134362,0,1.1671736,1.1145725,0,0.23659174,0.17417207,0.34108946,0,0.40224457,0,0.53185093,7.5567193,6.3422494,2.9913068,2.1367204,3.1351712,2.0057595,1.1164078,0.06780725,2.6542408,33.887814,3.8263156,2.2730908,26.133026,10.175723,1.3586941,0.03711113,0.36004892,0.5699225,2.2525535,0.6522244,3.9324682,1.0425955,4.753133,14.891901,0.76024604,6.641665,0.76303214,2.0150123,0.2663456,1.1346344,0.88227504,1.0270448,0.7941312,12.5291395,8.2105255,4.569715,9.431792,3.9212816,0.72004426,0.90534705,0.79920495,2.261953,1.3141253,1.3260709,2.1330345,0.81762356,0.1832718,1.4879001,0.97400343,0.74141234,0.74666417,0.28383085,1.8839171,0.650191,0.9561863,0.76702785,0.88960856,1.0777653,1.5436125,1.2056452,1.0740044,1.4960291,2.0428345,2.1346455,1.8982667,4.835194,11.819577,2.3784864,0.4301552,1.1292642,0.7730045,6.2154245,6.560884,3.5379322,1.3828455,2.7689168,0.35087696,48.41269,9.715433,22.505331,6.0515485,2.6758807,0.7030225,8.309687,0.77668905,1.7926095,1.5865,0.65245247,1.2146937,1.867041,1.6469971,2.6126134,1.9254802,1.946516,0.10754471,0.18139099,0.14494537,0.158137,0.11147606,0.11013656,0.27630755,0.25748223,0.16700944,0.22614133,0.11158725,3.1509328,5.603708,3.5421555,4.359884,2.55338,2.0507143,1.9210316,10.312738,2.7615042,2.232403,3.0228162,3.0644786,20.66208,25.867935,14.437761,20.005264,22.35269,17.324434,11.773794,8.341625,0.9020182,40.523525,40.282635,53.16287,23.938818,10.985488,0.9546502,12.525383,18.639938,1.3109137,11.230759,6.5309234,25.86176,16.928509,10.936786,0.09909979,119.233574,87.27785,25.646376,68.420334,11.733127,22.758604,26.999409,54.041744,10.1751995,3.7513885,20.988102,22.548185,0.013288433,0.1416323,0.0966782,0.0387741,0.018757274,0.12805259,0.1234228,0.11543498,0.047585756,0.053766347,0.045456816,0.043054376,0.07437108
TEST_08+1일,2.322516,0,6.196488,4.392835,1.0608848,0.75623375,1.8429345,0.035684958,1.7392323,0.6751261,1.9112176,0.5872494,0.16500919,0.035677936,0.07168883,0.032667127,0.38159713,0.9735862,0.29187685,3.33506,1.3086871,0.98866254,0.55040616,0.06070863,1.3224906,1.8868821,0.06980014,2.0992458,13.390617,2.1461606,3.0905466,3.710838,1.0505608,1.0426476,0.19863164,4.54431,30.246647,0.03394265,2.8273046,22.412882,15.104983,1.2268547,2.7149065,0.29094854,0.6598409,2.225226,0.6124659,1.9675308,0.4265085,2.1542194,8.440885,0.9614439,4.45441,0.6071059,3.352761,0.95881855,1.3627871,1.1481129,0.57845205,0.27558583,5.353497,9.182067,13.435816,7.175346,14.667956,0.96941435,0.58002675,1.7286919,3.5503063,0.42783737,1.4840733,1.7236294,1.3345462,0.8273122,3.1583455,0.12837659,0.3806958,1.5485871,0.49237156,1.538668,0.61048824,0.6562668,1.0091077,1.9259785,1.3801225,0.78989375,1.8877327,0.9389831,3.0211475,3.3070772,0.058534242,1.6233793,3.013451,4.2832146,0.2408249,0.6834445,0.2707537,0.5782611,9.241017,4.555906,2.3596413,0.6606638,3.4151535,0.28073025,103.17776,9.261852,22.451674,2.0474553,1.4550444,0.7601118,1.9782294,0.4612442,0.7946319,1.2196834,0.37128967,1.0692953,0.5581233,0.7577539,1.6054287,1.2716608,0.08168417,0,0.14045976,0.049841885,0.006587398,0.02547099,0.000473273,0.13769293,0.26468772,0.009496558,0.07315717,0.0899763,0,1.1056348,1.7172717,2.143771,0.7043579,0.24249864,0.76085263,2.7933848,0.27050826,0.88678616,1.2720734,1.0030905,1.7542266,0.11340993,17.562378,10.818051,4.900886,0.103819944,2.650438,0.032591123,0.111995235,7.5637317,0.08841695,0.022861866,12.990105,2.4955113,20.294672,0.011230665,4.7316933,0.2673048,4.921896,2.2427573,3.7067082,0.008980616,0.03236129,4.2243323,1.6846867,1.4908036,0.09710451,0.8008976,0.2590606,1.3501681,3.9543202,5.8667874,0.6431996,0.6338724,0.37770247,1.3722776,25.512428,18.042318,40.101814,6.997865,19.249441,28.047241,13.605845,219.52718,37.42917,63.989788,44.274036,9.9208975,52.109497
TEST_08+2일,0,8.087855,1.1761534,0.3222888,0.23274136,0.37974328,2.2060947,0,0.71365756,0.06012391,0.03132086,0.1391518,0.052265365,0,0,0,6.797319,0.30890614,0.13872707,4.4860516,2.083085,0.10094588,0.05266149,0,0,0,0,3.0145268,5.611973,0.8451115,0.9263445,0.8686348,0.35308906,0.2023406,0,1.2088519,6.20734,0,1.3075775,5.2294374,5.1608143,0.3836073,1.1402435,0,0.24621223,0.5490944,0,1.2934054,0.01716596,0.7239991,5.214334,0.13083135,2.6266983,0.46229386,1.3332024,0.36714068,0.8570051,0.16062425,0.18826993,0.13014159,0.8810221,2.6742675,4.7922273,4.083206,3.0730948,0.33648482,0.09352719,0.5914539,1.4151396,0.001497215,0.46799633,0.46824715,0.3966978,0.29000166,0.80453295,0.076792784,0.17243333,0.61514425,0.19112976,0.5478849,0.047585584,0.3158402,0.23587766,0.23731509,0.42260417,0.43996802,1.0682663,0.11584312,0.86526555,1.3089464,1.1441867,0.26358902,0.9058235,0.30940777,0,0.52262956,0.029325873,0.09960463,8.485106,0.59474903,1.3678919,0.1098576,1.1946945,0.055740606,5.875648,32.938103,3.6452026,0.46719608,0.059181582,0.16855381,0.35849428,0.12012422,0.28319988,0.12467189,0.049809765,0.29294825,0.11197793,0.20263997,0.39751112,0.26802793,0.006936344,2.7914693,0.659149,0.11002085,0.16020705,0.44673854,0.12429786,0.059582412,0.45660344,0.08121769,0.28927723,0.19722669,9.923281,0,0.124756716,0.09954395,0.070823334,0,0,0,0,0.061368275,0,0.053908683,0.69227344,0,41.51005,36.476086,2.5769517,0.07301431,0.5127539,0,0,3.3833234,0,0,7.951736,0.49845982,83.46098,0,1.1982825,0.018015414,1.5205812,0.55773216,0.93534565,0,0,1.6034431,0.017072845,0,0.028444791,0,0.109437756,0,0.13597885,0.65473896,0.027381165,0.02018202,0.008835289,0.09251311,13.16406,8.904955,20.563848,3.416793,12.364371,13.59005,6.004248,107.929985,23.256111,37.94368,45.21721,10.492123,25.631495
TEST_08+3일,1.0959249,2.6906166,2.401137,1.4624195,0.54059786,0.7956803,4.362062,0,1.3284688,0.15970361,0.6762911,0.26963657,0.0816448,0,0,0,8.325457,0.6529227,0.21451591,20.834354,4.9026275,0.39204153,0.20698781,0.03151635,0.86434025,1.4779981,0.18913917,16.037306,6.418532,1.5779768,1.403425,1.6118332,0.58136874,0.3733371,0.012118029,1.931626,10.644102,0,1.5615104,8.82941,6.8882217,0.62253374,1.6272999,0,0.2996378,0.8997219,0.08663317,1.824153,0.054424394,1.0513742,5.3234663,0.24679919,3.26419,0.4546171,1.957414,0.6368842,1.2632617,0.36546442,0.36040398,0.18278305,1.9316599,2.3933632,5.7542977,4.3978105,3.4251785,0.5147818,0.16897644,1.0415972,2.1680894,0.017473394,1.1077288,0.93173534,0.6106681,0.5191592,1.814579,0.18475898,0.37369037,1.1323599,0.5786922,1.2552634,0.09874038,0.638738,0.53387606,0.9942197,0.937576,0.7501018,2.04171,0.34578788,1.6179402,2.2054365,0.81302875,0.70773244,1.6487709,2.0998929,0.034933537,0.45673305,0.060402196,0.11551823,8.777645,2.0399685,1.8992027,0.3879595,1.1987098,0.08935877,2.7753015,35.15385,4.3525243,0.9371781,0.5617339,0.3097231,0.91056406,0.2763496,0.45074567,0.48639384,0.06465107,0.5377638,0.22999321,0.23178223,1.3229458,0.6225216,0.001862753,5.8222246,0.5124054,0.18332745,0.24491826,0.19547419,0.19434321,0.16507712,0.5124856,0.2962131,0.21448909,0.36678955,10.880967,0.40405485,0.52691334,0.7385626,0.23393993,0.036639024,0.14216058,0.6321227,0.019276142,0.2301374,0.3392702,0.188744,1.4433038,0,53.24658,52.473034,3.678101,0.09738964,1.1565814,0,0,4.2247972,0.001818174,0,9.163031,0.8609331,37.14343,0,1.7833008,0.024851918,1.9177557,0.6785421,1.7645069,0,0,2.7967432,0,0.17177197,0.071026914,0.04495374,0.141511,0.028797388,0.50758934,1.3273247,0.11912017,0.11063,0.07442369,0.20412503,20.465048,12.807902,27.024668,6.003184,15.146995,20.158985,11.648124,155.62791,33.615925,51.07137,66.727234,13.223482,36.91048
TEST_08+4일,1.0550711,14.402701,1.7481102,1.0991395,0.47139618,0.37940994,5.162858,0,0.6641735,0.13761815,0.4378066,0.21019483,0.034514505,0,0,0,24.792238,0.5722372,0.15981966,27.339056,5.6353736,0.21651359,0.11615839,0,0.47395268,0.8965624,0.027541637,12.320614,5.764713,1.2382885,0.9388477,1.5049311,0.43592486,0.38359055,0.021478875,1.3717927,10.544308,0,1.3226055,9.594421,5.3082595,0.5815324,1.2325953,0,0.23574613,0.78670496,0.10411056,1.6061283,0.06166947,0.9653659,4.36947,0.2047855,3.0135007,0.40143594,1.8652104,0.56544703,1.0058664,0.20698862,0.3570746,0.15489121,1.960219,2.4577558,5.480868,4.046635,3.23648,0.5245267,0.17914374,1.0034888,2.0317185,0.012195381,0.92014056,0.8184827,0.49678922,0.4108892,1.3965157,0.043830015,0.3461972,1.1046807,0.40563574,1.1889756,0.08039063,0.51276684,0.4230282,0.784854,0.75693285,0.55430907,1.5440376,0.26874027,1.4855366,1.8284315,0.993195,0.5477691,1.092142,1.7241185,0.030420426,0.23757921,0.04365198,0.10799537,7.769571,1.207487,1.4099925,0.2323524,1.2361187,0.06416111,4.292269,43.028282,3.679777,0.7386784,0.47517005,0.29292238,0.6592324,0.17306839,0.34986392,0.31599072,0.06799296,0.34327087,0.18446407,0.12700954,0.9850704,0.58210015,0,6.461128,0.5346045,0.2671896,0.15914343,0.22071584,0.1639473,0.14949584,0.5423827,0.21121192,0.27587232,0.28562084,19.985346,0.27658868,0.36732528,0.3529811,0.17170523,0.004898399,0.12637782,0.31947905,0.044763587,0.18687412,0.14858833,0.13739233,0.89315856,0,45.12001,48.680447,3.121577,0.067136206,1.1194947,0,0,3.264139,0,0,7.895266,0.9265815,66.47373,0,1.6375248,0.006580699,1.738854,0.5200095,1.72214,0,0,2.28498,0.07259174,0.101938084,0.06627648,0.07739083,0.11169898,0.04209992,0.70650774,0.95906657,0.16647322,0.17265056,0.10956746,0.24998231,15.163953,10.789466,24.53904,5.7150264,12.4227705,19.531895,9.316955,122.9532,28.497578,36.04256,69.5638,14.1300535,30.4048
TEST_08+5일,1.5688123,46.670483,2.4855638,1.448665,0.6852852,1.9027586,17.048666,0.007280232,1.9760071,0.2499638,0.91340584,0.38507706,0.12841146,0.009403243,0.005293487,0.033926163,67.65709,0.687627,0.49789402,58.478077,17.32228,0.3774157,0.17985682,0.20120172,6.237251,12.419804,2.7021697,49.7435,6.316568,1.7275639,1.1311258,1.8176813,0.87881947,0.44312558,0.13925233,1.4785308,14.982907,0.059176445,1.4639766,12.562807,5.6831393,0.7198826,1.7234153,0.5747669,0.3965896,0.8707609,0.110225394,2.1179812,0.14022942,1.261011,5.72758,0.2360475,4.1047173,0.7940206,2.2853482,0.77633923,1.3877442,0.295019,0.6901046,0.37538257,2.4960244,2.1751328,4.6447153,4.86742,3.1635208,0.7499609,0.27599397,1.4009777,2.6266208,0.16350928,1.6062279,0.9340434,0.5957674,0.59071726,1.8591298,0.4412445,0.60607207,1.3721803,0.8897212,1.7248509,0.27082065,0.9467975,0.6621493,1.7698708,0.8608891,1.7443374,2.44236,0.4863885,1.9949182,2.2644684,11.35298,0.6608452,1.4597098,2.8176448,0.20340295,1.3903646,0.09792238,0.20515947,10.543991,1.8857952,1.9874766,0.3652766,1.0136789,0.1042508,7.627228,60.847694,2.5851047,0.90618545,0.8347408,0.49977127,1.2566509,0.4931675,0.57943064,0.38615337,0.103918076,0.42727858,0.5276389,0.438421,1.512789,0.76781076,0.076699965,22.638456,1.1857884,0.65830946,0.62897676,1.0650634,0.55040216,0.2964528,1.0989212,0.8782155,0.7189681,0.5670559,54.695496,0.95372915,0.7725569,1.0642786,0.43039617,0.12225399,0.3492025,1.1155977,0.18700229,0.34966537,1.1256746,0.27012187,2.3680255,0,151.11821,114.62986,3.5232294,0.07604813,1.3420888,0.032374024,0.036736537,3.9687126,0.03194918,0.018159945,9.10866,1.0468754,168.83301,0.032076307,1.9555424,0.1770734,2.1072402,0.5797062,2.1650934,0.023451172,0.010125326,2.79533,0.09659006,0.18992686,0.106253184,0.32845932,0.19636329,0.38537508,1.2272708,1.4321493,0.21556368,0.2954617,0.09986007,0.359148,18.462896,13.632255,25.93992,10.047529,17.374125,25.370392,12.82434,142.78046,46.539936,45.48318,141.06555,29.049269,45.918148
TEST_08+6일,4.1160393,10.685252,6.326875,4.6546803,1.3677521,3.306989,11.917483,0.065138586,3.813238,0.542898,2.080168,0.69356716,0.19626342,0.07443254,0.0971324,0.09973544,31.482054,1.0510101,0.5930905,43.51648,11.195861,0.9955515,0.6909496,0.23190342,7.3424273,9.378913,5.8647556,53.930264,10.24211,2.8590052,2.4097364,3.6090233,1.692818,0.83568984,0.25595674,3.4207418,32.33006,0.068457425,2.2179697,26.374317,12.432383,1.2544578,3.0693376,0.96100837,0.6009744,1.8124628,0.55809,2.8939042,0.41157266,2.0753543,7.693666,0.689168,5.886816,1.1949563,3.7049654,1.2732677,2.298368,0.9626705,1.4786665,0.5040692,5.663627,4.277833,7.3828235,7.1310973,5.9851775,1.0018219,0.50009406,1.8125076,3.6214225,0.3113514,2.2580469,1.7561072,0.96161884,1.041446,3.7344978,0.582607,1.1597923,2.0948157,0.92699766,2.8189218,0.545869,1.3568028,1.2144289,2.9733021,1.6113014,1.7671986,3.3732126,0.9493371,3.1402392,3.782238,11.768855,1.5925007,3.5986335,6.74926,0.5366084,1.6843003,0.27338934,0.40164456,12.389737,6.1893783,3.767229,0.8995654,2.1910326,0.2637951,29.863892,40.164673,7.898038,2.1012142,1.8497629,1.276102,3.3114815,1.3210039,1.1212964,1.5414696,0.28863588,0.83743346,0.8294592,1.4316258,3.5084417,1.8631496,0.16965263,11.494398,0.8465311,0.40562445,0.5741777,0.7310107,0.48061296,0.3911285,0.6738897,0.8634645,0.51444703,0.49862114,21.789373,3.1685884,2.1615815,4.1519456,1.5365535,0.86821645,1.5367224,5.3577027,0.7523224,1.3347567,3.17023,1.258931,3.80383,0.063897155,153.99287,85.06102,5.5995526,0.21030973,2.961437,0.12160571,0.11910068,7.213852,0.0848724,0.15733503,12.432787,1.9768606,95.078415,0.10658009,3.5764015,0.3099858,3.9030704,1.2572501,3.3665044,0.10417511,0.052966166,4.978021,0.8448488,1.1337551,0.16209614,1.0330902,0.3282791,1.4193522,3.8797996,3.896317,0.59266657,0.76028895,0.35389617,0.8686866,31.999166,20.271173,38.61558,12.766456,25.612217,37.04711,19.313652,228.87161,60.49409,70.926956,146.25531,29.350489,63.038143
TEST_08+7일,5.7508883,0,9.917232,7.606495,1.9622828,2.4767654,3.5784073,0.035129238,3.6782463,0.9574756,3.2744215,0.9912058,0.24673708,0.06558311,0.07600006,0.16269992,0,1.5324728,0.5054983,2.9411678,3.5274475,1.7703259,1.0006335,0.12969044,3.9925408,1.927562,2.9414597,9.817673,16.356916,3.6649163,3.9938831,5.456615,1.905315,1.4003747,0.456983,6.5329204,50.29055,0.1021559,3.468776,38.149647,20.487051,2.164931,3.6313894,1.0183767,0.8991993,3.0945196,1.1166601,2.9586341,0.75682765,3.1398263,10.018764,1.4927073,6.3911166,1.0184176,5.274817,1.7177658,2.6490636,2.0502875,1.694373,0.4434541,9.060414,9.332829,15.232741,8.820262,13.791036,1.2769457,0.8046684,2.3335855,4.880716,0.5310659,2.6975708,2.5733285,1.5493486,1.3751029,5.231279,0.35822874,1.1227565,2.592889,0.64379805,3.1009693,0.9175108,1.1606287,1.6659107,3.6837735,2.2372139,1.2577157,3.3324475,1.481459,4.3162575,4.849574,1.246955,2.642445,5.2625856,9.732265,0.7998579,1.0126427,0.5975167,0.6954588,9.733508,9.633446,4.6997137,1.2343949,4.2301726,0.36931947,104.30105,5.518869,23.030783,3.2249799,2.9522622,1.539337,4.152431,1.3609277,1.381996,2.522841,0.5238715,1.4137739,0.92423576,1.7424748,3.8838384,2.5865827,0.1391126,0.29355773,0.069527104,0.08962885,0.09493814,0.013086951,0.050237037,0.24642769,0.25333244,0.22221528,0.093879014,0.15544216,0.6349377,3.863659,3.5129163,5.8422794,2.0246367,1.221599,2.2426414,8.203155,1.1575196,2.270868,3.9276052,2.308627,3.9605157,0.07974198,73.428986,26.347822,7.2910967,0.19399261,4.822502,0.10822805,0.05937133,10.333201,0.08270842,0.097589545,14.987601,3.3109243,25.613382,0.04928945,6.227761,0.44084874,6.8642006,2.6851609,5.6921234,0.06595164,0.11388159,6.594813,2.429794,2.711539,0.18970564,1.8558787,0.4071377,2.4710164,6.968754,8.913795,1.1074965,1.1654141,0.7919721,1.9312788,41.71078,25.086084,52.23727,12.3462305,27.39566,43.742535,23.459524,296.17587,57.217396,85.09704,92.058975,16.585455,71.605156
TEST_09+1일,7.331604,0,8.73649,5.39039,1.6996638,3.2362657,0,0.625795,3.2816389,1.3133644,0.2964891,0.80405664,1.032357,2.8533,20.800676,1.9475514,0,0.9251013,1.8723515,0.6355858,0,0.4500729,0.79976743,0.051429786,0,0.58666724,1.6717869,1.509921,11.583392,4.5100193,3.8275127,4.65081,2.99156,1.7961521,0.06472176,3.8013933,41.7795,0.012731153,4.156104,31.897755,16.293886,1.7872912,3.8818796,0.20362411,0.8302717,1.7916192,0.87212867,2.3075464,0.42324266,1.68393,15.057754,1.1257333,7.7466674,0.60513073,4.077781,0.8486204,4.41366,1.0223776,1.0554911,0.36471587,8.704196,11.253884,17.510592,13.447377,10.502753,0.64513975,0.9380395,1.226566,2.9986837,0.619012,1.711882,1.8073158,1.4309748,0.54414636,1.8011681,0.78318626,0.83839387,1.3285792,0.9677929,1.5943532,0.6119302,0.6002685,1.7952636,1.5375957,2.1787121,3.4352531,1.4521271,0.71614313,2.0731723,2.2938983,0.8410269,1.6712598,5.4736085,7.556558,0.60719395,0.9128683,0.33023062,0.3425829,14.964484,3.9703336,2.5555515,0.9250305,4.9178634,0.9424595,119.04071,9.519656,26.971436,4.354441,3.5583723,0.9995737,3.5766587,1.0724992,1.3423115,1.0947416,0.7854745,1.1986731,2.1327903,1.4608258,2.4401782,1.7863892,0.09296217,0.820929,0.2490567,0.07341729,0.021682434,0.025770772,0,0.13865454,0.24433962,0.046322674,0.13975814,0,4.3320074,1.631244,1.3907039,2.4941823,1.0056461,0.41499263,0.7998272,2.026901,0.7818704,0.6280622,1.4232358,0.80351305,8.731036,0.1246974,9.176362,14.934665,10.474028,0.110988274,6.3459253,0.0459226,0.12434423,19.767323,0.07037856,0.032493923,26.406727,7.0135546,15.834549,0.011439001,9.803719,0.7110273,7.6172295,4.6171417,7.699821,0.008266243,0.030262215,11.4945755,4.644957,4.1989074,0.12034058,6.358159,1.4424771,7.712715,12.940497,17.933393,2.7739131,2.2207086,2.4553437,4.241698,27.526068,16.011513,33.570427,7.4408617,17.347818,22.477835,10.88102,140.50589,36.869587,63.343655,71.49924,19.590298,50.49869
TEST_09+2일,0.43231207,15.212239,2.0631814,0.4241962,0.21357298,0.57856685,5.095092,0,0.80585825,0.19814105,0,0.19272229,0.24884818,0.5556177,2.6742947,0.05947659,11.528389,0.40867993,0.54868233,3.4870644,4.560574,0.008504069,0.10280116,0.011995948,0,0,0,0,4.1930246,1.9954388,1.4941231,1.4514731,0.57391834,0.5359313,0,1.5302904,10.780113,0,1.6458317,9.521869,4.542628,0.7055051,2.2712905,0.2515864,0.27900845,0.57666796,0.18721576,1.0890397,0.03636695,1.1783733,5.1281905,0.239917,6.3060236,0.09078443,1.1132729,0.3575779,2.0662289,0.11048736,0.23476318,0.11941637,1.966305,4.5071197,8.691302,3.6604378,4.6761026,0.0744403,0.15736133,0.25012612,1.3625277,0.08980995,0.61643296,0.29086345,0.20855346,0.2675853,0.27287924,0.2783575,0.28581333,0.40670052,0.11367082,0.21167088,0.13670562,0.15293808,0.51597404,0.20240216,0.9948077,0.38538134,0.56324375,0.046644356,0.49398574,0.704588,0,0.28753302,1.9681679,1.4309915,0.0971925,0.06464368,0.20522924,0.09685342,6.61602,0.89620227,0.71868896,0.25434452,1.2958393,0.18243584,8.146121,18.347898,2.1511037,1.5730445,0.70045227,0.14703695,0.99515647,0.09253153,0.40152988,0.46859428,0.5505146,0.16530585,1.1660254,0.1983873,0.5077628,0.4298322,0.02271819,0.15743962,0.25453338,0.15275756,0.069995664,0.16451544,0.11178201,0.10430229,0.15534416,0,0.11889403,0.16964442,3.9287832,0.04208417,0.2279232,0.35099593,0.19717728,0.012135363,0,0.13154304,0,0.002925927,0.06952858,0.089975215,1.8710012,0,6.930988,33.997147,3.511892,0.08010997,1.4998192,0,0,6.0180726,0,0,10.347711,1.2278694,8.95563,0,1.777345,0.09639756,1.7911398,1.3916936,2.9324117,0,0,4.3979664,0.2864276,0.33859083,0.05530184,0.08046236,0.19794838,0.80351794,0.5543146,3.840969,0.23871394,0.12491123,0.16297522,0.185755,11.412021,6.4568763,11.032726,1.3113308,7.364881,6.0450716,3.2788086,47.306004,12.325243,19.220407,36.27978,8.539016,11.468834
TEST_09+3일,1.128313,7.9120345,3.4603631,1.3554596,0.5951714,0.88204044,0.88631004,0.07468104,1.1628246,0.3777295,0,0.32010368,0.4427987,1.308515,6.774504,0.39870435,2.2706642,0.5821211,0.68187505,2.788967,1.6896235,0.02998887,0.20752163,0.033117305,0.8779969,5.1785316,0,5.72591,4.493211,2.1587808,1.7161118,1.7323754,0.71613973,0.9077215,0,1.5325117,11.38351,0,1.8415734,12.314254,3.9688466,0.9488328,2.5891488,0.3948868,0.47559378,0.8486943,0.3172285,1.3550907,0.07753847,1.5141572,6.7835555,0.3228155,5.648595,0.099914484,1.269923,0.46382418,2.7238195,0.25719556,0.31832203,0.14010182,2.5480444,3.3097694,8.177563,4.903237,4.402238,0.1353701,0.37668598,0.5409275,2.1751904,0.13756295,0.9199648,0.5098438,0.3576603,0.35812998,0.6552247,0.40255722,0.43318233,0.49832174,0.21870957,0.6302983,0.3857565,0.25355524,0.76031655,0.79822344,1.2078537,0.58481085,0.8067833,0.3926416,0.36260226,1.4500617,0.5977298,0.5443156,2.1903496,2.6102898,0.3167131,0.16159011,0.10222311,0.14210558,9.991977,1.2980676,1.0063994,0.34545848,1.3771155,0.21584728,2.2039223,22.147863,4.865134,2.2141595,1.7094307,0.19701673,1.2717875,0.17025791,0.6038107,0.5916244,0.8299395,0.32874233,1.0806344,0.3130242,0.9660848,0.707935,0.018175676,3.206248,0.33736584,0.253832,0.12991391,0.18087299,0.16827078,0.16560791,0.24417043,0,0.1853289,0.22110525,6.837363,0.6940154,0.58175635,0.85521585,0.3415745,0.18954721,0.14255007,0.60308504,0.07847142,0.041740384,0.43738398,0.35783544,2.1079795,0,17.35482,32.839314,3.9838784,0.11072487,1.7627903,0,0,6.0322757,0,0,10.173457,1.4854864,10.494179,0,2.7842927,0.13666737,1.8414978,1.4331044,3.7488155,0,0,4.723275,0.42664272,0.58775073,0.09423765,0.5533487,0.19210291,1.3484014,0.43020517,3.7782829,0.53020066,0.22520685,0.15038323,0.47218522,12.338798,7.9492984,13.981854,1.8384165,9.081733,6.890452,4.503782,66.33544,17.667347,28.107126,45.588573,11.214233,15.303443
TEST_09+4일,1.2876177,26.022924,2.662077,1.1782482,0.5834579,0.72314113,4.302404,0.11174506,1.0742475,0.310528,0.007705361,0.32182568,0.47974244,1.3560383,7.640786,0.3459444,15.343982,0.5842361,0.75724286,16.0913,6.1391387,0.043379653,0.22137757,0.084637046,0.34692773,4.958965,0,2.566263,3.6905491,1.8374627,1.3409842,1.7053626,0.710672,0.860407,0,1.2183697,10.264096,0,1.7503957,13.263824,3.2322476,0.9340498,2.5393925,0.04333614,0.42531404,0.65542215,0.30136016,1.3534695,0.10484906,1.5096987,4.8147874,0.33205694,5.199924,0.11904075,0.9091325,0.43692937,2.1129,0.20755477,0.31232738,0.16247761,2.6241326,3.249225,6.239122,3.7549114,3.6390007,0.12353482,0.49538812,0.4835951,2.1816459,0.095587455,0.77843964,0.50656736,0.31277952,0.35924047,0.4012637,0.29022723,0.45059615,0.4359331,0.20628023,0.5273571,0.30105576,0.21031527,0.7733788,0.6203066,1.1186703,0.4152662,0.90426904,0.28353405,0.35382888,1.3423111,0.3745616,0.44388524,2.0075452,2.607304,0.22009373,0.12769508,0.1162792,0.11849377,8.825401,0.9478844,0.82009363,0.26923504,1.1417596,0.21069701,3.4146004,22.784678,4.160773,2.2563407,1.8663205,0.17445107,1.1655102,0.15611915,0.5532832,0.4824303,0.6257679,0.27229533,0.8359974,0.323154,0.5978677,0.640502,0.007060848,2.392766,0.3744076,0.31735432,0.13108167,0.20108667,0.1938508,0.1595731,0.2117608,0,0.18395747,0.24996667,8.493953,0.48654723,0.28657028,0.5143046,0.2856735,0.13916811,0.14824957,0.43232438,0.085604355,0.048003413,0.28390637,0.29083,1.2591631,0,13.984992,44.429897,3.7010648,0.08935966,1.5961163,0,0,5.4093146,0,0,10.423918,1.9101069,10.238128,0,2.946143,0.10648184,1.0468882,1.2195151,3.5597503,0,0,4.2810397,0.70900416,0.34011394,0.0780128,0.5696925,0.1957494,1.0964276,0.9013634,3.1305456,0.5850232,0.39668503,0.21400373,0.5072221,13.567031,7.4201083,14.781662,2.0771492,8.72389,8.868401,3.6498601,63.38033,14.713443,26.634293,45.58777,9.994147,14.0474
TEST_09+5일,1.3811902,71.84397,3.7258916,1.4317325,0.69899195,1.0102774,28.42668,0.15314944,1.2057161,0.35413164,0.045890648,0.43848583,0.6173562,2.1390665,11.466037,0.60117507,70.7333,0.8337103,0.71622604,52.622322,27.431446,0.15069836,0.2540259,0.22733226,3.182602,14.349927,2.3646004,10.3168,4.412296,2.228288,1.776029,1.6810461,0.93952036,0.9915449,0.016970722,1.4209557,13.172622,0,2.0015798,15.349353,2.7719603,0.9157508,2.9904957,0.36540624,0.574725,1.3866967,0.41339943,2.5198505,0.21072307,1.7293421,6.6047206,0.3959805,6.3606753,0.16716968,1.0966309,0.6509512,2.2059343,0.3036948,0.4433529,0.35791215,2.9307106,3.9370441,7.102825,5.3654475,4.0402102,0.2842792,0.5864965,0.7824985,2.6291535,0.3037246,1.043308,0.5379379,0.3437849,0.77599424,0.76409006,0.9523601,0.49805543,0.69088393,0.5090947,0.83078927,0.6266662,0.4251918,0.7499818,1.2633783,1.6582686,1.1646286,1.2705336,0.60005563,0.59022635,1.8932894,6.583365,0.45802957,2.2316072,3.1403577,0.50455886,0.23269394,0.26582453,0.31189343,12.97478,1.3063582,1.2013024,0.4939551,1.3537518,0.2699654,10.95559,33.081005,3.952007,2.63606,2.7779198,0.31530935,1.7497815,0.17860754,0.8669262,0.6518627,0.83800405,0.40087223,1.0894203,0.3242003,1.1938037,0.90015614,0.06256502,21.742727,0.63383245,0.5846556,0.15370457,0.32549116,0.42392954,0.35077864,0.36120746,0.049857467,0.40095,0.37036794,25.168066,0.94119614,0.6978892,1.044939,0.6520332,0.50024384,0.4906105,0.97825927,0.20403968,0.09301367,0.53568894,0.5431446,1.8453697,0,47.49066,137.61562,4.6506915,0.07670627,2.292797,0.025609434,0.013649017,7.3171,0.015892737,0.009055543,10.171685,2.3233745,14.715869,0.00792826,4.0205073,0.27531865,2.0817103,1.538987,4.4978957,0,0,4.5568976,1.3632411,0.8049044,0.091529794,1.0644023,0.26644093,2.3203232,2.0266576,5.199236,0.8898159,0.71891415,0.22169259,0.7575702,14.530215,7.774443,16.135761,2.5490549,9.917093,10.944895,4.670606,71.12321,15.297561,31.813828,55.96942,13.1598425,20.061096
TEST_09+6일,4.1845527,31.051453,8.205604,4.056951,1.3946111,2.1547382,13.787625,0.5783743,2.1723177,0.919586,0.23041835,0.5885008,1.1272565,3.6715658,23.00208,1.5748173,28.550062,1.0688385,1.2142214,19.440432,13.9984455,0.23658085,0.87845343,0.12443949,3.1711757,9.498412,5.8508577,18.05995,6.1588783,2.994293,2.774866,3.1609483,1.8955902,1.5864671,0.03220662,2.1092877,28.18501,0.00061098,2.950816,29.350058,7.3136735,1.3168979,3.6280408,0.48536903,0.81230766,1.9287941,0.78242886,2.281939,0.45167685,1.5878052,9.8241,0.7716366,6.3504705,0.36379898,2.1135209,0.81551856,3.610585,0.65430844,0.74012125,0.5407409,5.9099593,5.2101245,10.14185,8.104823,5.6094594,0.43851835,1.0245955,1.1485609,3.7016644,0.44459006,1.5056849,1.2379841,0.6929446,0.95631903,1.5877887,1.2349653,0.77506584,1.0851842,0.59977245,1.5930915,0.88587886,0.62758785,1.1491464,1.7739279,1.8055861,1.7258825,1.5755247,1.0913275,1.1242769,2.9604936,15.372629,1.0667257,3.8444848,6.3413987,0.89885676,0.6717422,0.17153095,0.4798227,16.445547,3.1325288,2.2332666,0.7079968,2.8454454,0.6058731,33.43779,22.336824,10.373836,3.9334908,5.1265726,0.63789916,3.2437408,0.7041202,1.426982,1.1088212,1.32075,0.81196433,1.4014833,1.1558372,2.0744479,1.7166522,0.15289456,14.668347,0.63750154,0.32799512,0.18214634,0.25268063,0.28616652,0.29253182,0.3194177,0.040075306,0.29869452,0.24139085,18.903912,2.59518,1.6220524,3.2041404,1.5068469,1.1708907,1.2146773,3.2749577,0.7129633,0.3564476,1.9712976,1.1628728,4.396528,0.010799581,37.937794,93.83752,6.820854,0.13794975,4.1112094,0.0887964,0.063789956,11.925036,0.04686336,0.121682025,15.206909,4.225695,15.568286,0.048442103,6.6692314,0.43938312,4.370128,2.3716657,5.310631,0.049800787,0.003733024,7.210388,3.2684746,2.6006017,0.11940616,2.8452718,0.60527563,4.8939085,5.994474,8.260538,1.8828729,1.5411129,0.83234024,1.5390167,21.94885,10.515491,21.57559,4.115732,14.487218,13.476836,6.7756944,114.57235,24.33631,53.63174,59.425545,16.78408,29.610712
TEST_09+7일,8.720916,0,12.853747,7.9184694,2.6664052,4.0040016,0,1.3082212,4.1061378,1.6791762,0.45500398,0.98308957,1.6665468,4.690693,35.296253,3.021178,0,1.3318878,2.2102613,0,0,0.45003256,1.3445174,0.06612419,0,0.02842064,4.1424155,2.4364069,11.072678,4.584699,4.351163,5.634141,3.3870385,2.4771566,0.04993627,3.3217533,52.660683,0,5.0417495,47.46374,15.370959,2.067552,4.329099,0.060431637,1.1037505,2.2594864,1.1878232,1.8235905,0.6936912,1.6365334,16.764818,1.4336044,6.7869525,0.62833303,4.0086193,0.9774656,5.5644426,1.2875229,1.1557363,0.55605286,10.6200285,9.404804,16.473911,13.097699,10.1316805,0.7511696,1.4724524,1.7193136,5.0070148,0.6611263,2.1578453,2.3398628,1.4993838,0.8412964,2.491095,1.2029066,1.1041893,1.5460328,1.0124284,2.4382367,1.0258251,0.7531821,2.0212107,2.331006,2.1397176,3.6592262,1.8892729,1.4948314,2.1096132,3.8248138,8.78163,2.1096344,6.5211997,10.915445,1.3048977,1.239521,0.12967446,0.63542265,16.902336,5.1507697,3.5400033,1.0543619,5.4162226,1.069254,111.66736,2.4681706,26.397108,5.843262,6.8922668,1.1228667,4.5519404,1.4538622,1.8656143,1.4562514,1.0620395,1.5117918,2.0286334,2.209955,3.2462666,2.6108856,0.14794038,2.051169,0.24228616,0,0.076807566,0,0.01607496,0.06388302,0.27965304,0.07559065,0.28007826,0,7.834798,3.7390523,2.583372,4.7913766,2.0862534,1.3841766,1.6966778,4.94663,1.3850526,0.8210997,3.2052205,1.592727,9.504168,0.0326716,6.0438504,29.87883,11.416382,0.1542173,6.938764,0.063241795,0.026258498,20.214262,0.06692566,0.048561316,25.692762,7.605274,15.59202,0.002626735,11.63809,0.72919697,8.153441,4.244364,8.083729,0.021889398,0.06698144,12.553893,5.3041024,4.468473,0.15700959,6.6007533,1.3241154,8.739138,13.56314,17.360434,3.0137022,2.5432615,2.2235734,3.8585446,33.416454,17.351501,36.479156,8.002537,20.61066,23.546225,11.820347,181.4607,39.24055,87.113464,75.98164,20.593279,52.899963