영업일자,느티나무 셀프BBQ_1인 수저세트,느티나무 셀프BBQ_BBQ55(단체),"느티나무 셀프BBQ_대여료 30,000원","느티나무 셀프BBQ_대여료 60,000원","느티나무 셀프BBQ_대여료 90,000원","느티나무 셀프BBQ_본삼겹 (단품,실내)",느티나무 셀프BBQ_스프라이트 (단체),느티나무 셀프BBQ_신라면,느티나무 셀프BBQ_쌈야채세트,느티나무 셀프BBQ_쌈장,느티나무 셀프BBQ_육개장 사발면,느티나무 셀프BBQ_일회용 소주컵,느티나무 셀프BBQ_일회용 종이컵,느티나무 셀프BBQ_잔디그늘집 대여료 (12인석),느티나무 셀프BBQ_잔디그늘집 대여료 (6인석),느티나무 셀프BBQ_잔디그늘집 의자 추가,느티나무 셀프BBQ_참이슬 (단체),느티나무 셀프BBQ_친환경 접시 14cm,느티나무 셀프BBQ_친환경 접시 23cm,느티나무 셀프BBQ_카스 병(단체),느티나무 셀프BBQ_콜라 (단체),느티나무 셀프BBQ_햇반,느티나무 셀프BBQ_허브솔트,담하_(단체) 공깃밥,담하_(단체) 생목살 김치전골 2.0,담하_(단체) 은이버섯 갈비탕,담하_(단체) 한우 우거지 국밥,담하_(단체) 황태해장국 3/27까지,담하_(정식) 된장찌개,담하_(정식) 물냉면 ,담하_(정식) 비빔냉면,담하_(후식) 된장찌개,담하_(후식) 물냉면,담하_(후식) 비빔냉면,담하_갑오징어 비빔밥,담하_갱시기,담하_공깃밥,담하_꼬막 비빔밥,담하_느린마을 막걸리,담하_담하 한우 불고기,담하_담하 한우 불고기 정식,담하_더덕 한우 지짐,담하_들깨 양지탕,담하_라면사리,담하_룸 이용료,담하_메밀면 사리,담하_명인안동소주,담하_명태회 비빔냉면,담하_문막 복분자 칵테일,담하_봉평메밀 물냉면,담하_생목살 김치찌개,담하_스프라이트,담하_은이버섯 갈비탕,담하_제로콜라,담하_참이슬,담하_처음처럼,담하_카스,담하_콜라,담하_테라,담하_하동 매실 칵테일,담하_한우 떡갈비 정식,담하_한우 미역국 정식,담하_한우 우거지 국밥,담하_한우 차돌박이 된장찌개,담하_황태해장국,라그로타_AUS (200g),라그로타_G-Charge(3),라그로타_Gls.Sileni,라그로타_Gls.미션 서드,라그로타_Open Food,라그로타_그릴드 비프 샐러드,라그로타_까르보나라,라그로타_모둠 해산물 플래터,라그로타_미션 서드 카베르네 쉬라,라그로타_버섯 크림 리조또,라그로타_빵 추가 (1인),라그로타_스프라이트,라그로타_시저 샐러드 ,라그로타_아메리카노,라그로타_알리오 에 올리오 ,라그로타_양갈비 (4ps),라그로타_자몽리치에이드,라그로타_제로콜라,라그로타_카스,라그로타_콜라,라그로타_하이네켄(생),라그로타_한우 (200g),라그로타_해산물 토마토 리조또,라그로타_해산물 토마토 스튜 파스타,라그로타_해산물 토마토 스파게티,"미라시아_(단체)브런치주중 36,000",미라시아_(오븐) 하와이안 쉬림프 피자,미라시아_(화덕) 불고기 페퍼로니 반반피자,미라시아_BBQ Platter,미라시아_BBQ 고기추가,미라시아_공깃밥,미라시아_글라스와인 (레드),미라시아_레인보우칵테일(알코올),미라시아_미라시아 브런치 (패키지),미라시아_버드와이저(무제한),미라시아_보일링 랍스타 플래터,미라시아_보일링 랍스타 플래터(덜매운맛),미라시아_브런치 2인 패키지 ,미라시아_브런치 4인 패키지 ,미라시아_브런치(대인) 주말,미라시아_브런치(대인) 주중,미라시아_브런치(어린이),미라시아_쉬림프 투움바 파스타,미라시아_스텔라(무제한),미라시아_스프라이트,미라시아_애플망고 에이드,미라시아_얼그레이 하이볼,미라시아_오븐구이 윙과 킬바사소세지,미라시아_유자 하이볼,미라시아_잭 애플 토닉,미라시아_칠리 치즈 프라이,미라시아_코카콜라,미라시아_코카콜라(제로),미라시아_콥 샐러드,미라시아_파스타면 추가(150g),미라시아_핑크레몬에이드,연회장_Cass Beer,연회장_Conference L1,연회장_Conference L2,연회장_Conference L3,연회장_Conference M1,연회장_Conference M8,연회장_Conference M9,연회장_Convention Hall,연회장_Cookie Platter,연회장_Grand Ballroom,연회장_OPUS 2,연회장_Regular Coffee,연회장_골뱅이무침,연회장_공깃밥,연회장_돈목살 김치찌개 (밥포함),연회장_로제 치즈떡볶이,연회장_마라샹궈,연회장_매콤 무뼈닭발&계란찜,연회장_모둠 돈육구이(3인),연회장_삼겹살추가 (200g),연회장_야채추가,연회장_왕갈비치킨,연회장_주먹밥 (2ea),카페테리아_공깃밥(추가),카페테리아_구슬아이스크림,카페테리아_단체식 13000(신),카페테리아_단체식 18000(신),카페테리아_돼지고기 김치찌개,카페테리아_복숭아 아이스티,카페테리아_새우 볶음밥,카페테리아_새우튀김 우동,카페테리아_샷 추가,카페테리아_수제 등심 돈까스,카페테리아_아메리카노(HOT),카페테리아_아메리카노(ICE),카페테리아_약 고추장 돌솥비빔밥,카페테리아_어린이 돈까스,카페테리아_오픈푸드,카페테리아_진사골 설렁탕,카페테리아_짜장면,카페테리아_짜장밥,카페테리아_짬뽕,카페테리아_짬뽕밥,카페테리아_치즈돈까스,카페테리아_카페라떼(HOT),카페테리아_카페라떼(ICE),카페테리아_한상 삼겹구이 정식(2인) 소요시간 약 15~20분,포레스트릿_꼬치어묵,포레스트릿_떡볶이,포레스트릿_복숭아 아이스티,포레스트릿_생수,포레스트릿_스프라이트,포레스트릿_아메리카노(HOT),포레스트릿_아메리카노(ICE),포레스트릿_치즈 핫도그,포레스트릿_카페라떼(HOT),포레스트릿_카페라떼(ICE),포레스트릿_코카콜라,포레스트릿_페스츄리 소시지,화담숲주막_느린마을 막걸리,화담숲주막_단호박 식혜 ,화담숲주막_병천순대,화담숲주막_스프라이트,화담숲주막_참살이 막걸리,화담숲주막_찹쌀식혜,화담숲주막_콜라,화담숲주막_해물파전,화담숲카페_메밀미숫가루,화담숲카페_아메리카노 HOT,화담숲카페_아메리카노 ICE,화담숲카페_카페라떼 ICE,화담숲카페_현미뻥스크림
TEST_00+1일,3.7967916,0,3.3981721,2.2755547,0.4463377,0.38747105,0,0,0.6853349,0.23786874,0.160151,0.03166048,0.3782053,0.12305417,8.854932,0.54778224,0,0.2848811,0.8194426,0,0,0.14252554,0.05601461,0,0.020476151,0,0,0.011141205,7.5883446,2.5224943,1.6486992,1.1742272,0.7103856,0.5052851,0,0,18.10379,0,1.0904791,12.510138,11.90335,0.38214356,0,0,0,2.3450234,0,3.6107605,0.3220705,2.2976859,9.229608,0.04350294,5.571701,0.22524957,0.4067939,0.2773367,1.3614352,0.078276835,0.44258934,1.1407294,5.9931116,8.9646015,13.775782,7.0952606,7.106271,1.2262391,0.3957847,0.07116802,2.0493355,9.346728,0.80796987,1.9580446,0.0643018,0.68840426,1.711392,0.59747106,0.04115891,0.9554558,0.000458956,1.8605471,1.4153712,0.47375605,0,0.21298675,0,1.0242957,0.8384024,0,0,2.1085076,0,0.81464165,1.5201188,4.304548,0.40411732,0.16101748,0.059969384,0.41307268,10.08815,2.849712,1.0711621,0,4.3955927,0.21299532,125.83142,2.0680618,34.52308,1.9658962,4.0426807,0.058033545,1.6176335,0.30072293,1.4603977,0.5912671,0.062186506,0.069095016,0.32642576,0.8080573,1.9523236,0.6536041,0,0,0,0,0,0,0,0,0,0,0,0,0,0.2741048,0.21329574,0.19087034,0.20910509,0.004315317,0.17718683,0.48733947,0.32762128,0.11029585,0.36575875,0.00066914,3.8642678,0,0,0,7.1807895,0,4.230404,0,0,13.66701,0,0,11.953013,3.3239605,0.023532754,0,7.2438025,0.65866685,4.2427855,0.4124138,5.7519455,0,0,4.2208242,0,1.4808587,0,4.45396,0.11389392,0.30610892,6.2820845,1.352707,0.0994204,1.3675935,0.6557873,0.49721262,15.865763,5.816978,20.595768,5.0853815,13.35428,13.862628,4.8234324,51.51061,26.884779,4.3097,18.87476,8.181632,17.70686
TEST_00+2일,0.2463315,7.8340287,0.2697064,0.107863806,0,0,0.31079045,0.22800837,0.06483235,0,0.001460314,0,0.011525941,0,0.88750666,0,2.2512884,0,0.08297153,8.581403,0.8327963,0,0,0,0,3.573817,0,0.9605339,1.036663,0.3153519,0.42699337,0.1391171,0.046367574,0,0,0,2.8252122,0,0.18872601,0.9898731,2.0764492,0,0,0,0,0.2539024,0,1.0526897,0,0.18041149,3.7086651,0,1.9713563,0,0,0,0,0,0,0.060482442,1.4695996,1.183865,1.8848168,2.9110146,0.87321275,0.092495106,0,0,0.4795854,0,0.055535175,0.13440228,0,0,0.22586642,0.039427724,0,0.15476096,0,0.300477,0.08018539,0.051390875,0,0.016375685,0.7487661,0.20791629,0.004260182,0,0.04404526,0.37889478,14.198374,0.1134006,0.1799731,0.6340786,0,0,0,0,3.3888123,0.18359628,0.16461436,0,1.8347104,0,7.682361,39.735226,5.0140076,0.53350466,0.27584612,0,0.20634632,0,0.16066135,0,0,0,0,0.014413607,0.5603601,0.014274848,0,8.851497,0.19446675,0.027052928,0.060726035,0.054687716,0.09001014,0.41604564,0.5382401,3.1092675,0.35853693,0.025464851,5.744045,0,0,0,0,0,0,0,0,0,0,0,0.7949125,0,0,16.525705,1.5128433,0,0.6584239,0,0,2.350642,0,0,1.9853176,0.24048364,0,0,0.609811,0,0.9813639,0.22043084,1.1366907,0,0,1.0416954,0,0.02949593,0,0.13393818,0,0,0,0,0,0,0,0,2.167581,0.45129186,2.5003948,0.4287512,2.1172051,1.1134306,0.32061568,6.9658313,2.9602544,0.62755626,2.596874,1.3775984,1.1075033
TEST_00+3일,0.842651,4.3064423,0.56648123,0.14204447,0,0.111192204,1.3387119,1.6361723,0.55117446,0,0.12909803,0,0.04929173,1.2329984,2.4416568,0,4.3838573,0.08931669,0.2652726,6.1819873,1.1419894,0.009247601,0,0.4300777,6.785103,14.167624,0.15543643,28.285492,0.6921513,0.30015215,0.4002614,0.24272723,0.753997,0.2875568,0.12570907,0,5.797786,0,0.306157,2.6582544,1.115928,0.04279399,0,0.6928363,0.016097182,0.1491266,0,1.0765833,0.02186817,0.11860843,3.131502,0,1.4772679,0,0.056449175,0,0,0,0.07861582,0,1.4802595,0.25169736,0.3290988,3.2522473,0.6001365,0.37045914,0.035532605,0,0.44852862,0,0.2559941,0.8053152,0,0.047626425,1.0845522,0.11761347,0,0.35839638,0.21872611,1.0038115,0.37933323,0.1799713,0.05000292,0.12951197,0.48626563,0.7081098,0.12575717,0.32677013,0.77418154,1.6360075,27.229223,0.060784876,0.401198,1.0318692,0,0,0,0,5.0675483,0.40145287,0.25855047,0,1.0700685,0,0,29.576618,0.7230095,1.0593519,0.10977864,0.037807494,0.57785416,0,0.22013354,0,0,0.102226,0.003278232,0,0.5271471,0,0,9.070582,0.27076364,0.1800468,0.012621785,0.19051367,0.17102423,0.3298279,0.58719164,1.8347622,0.6098582,0.00733338,22.636879,0,0,0,0,0,0,0,0,0,0.04322052,0,1.2824327,0,1.5823311,27.31929,1.4822493,0,0.8720364,0,0,1.8179134,0,0,2.8049562,0.18957476,0,0,0.1434702,0,0.5237908,1.0536665,0.44197613,0,0,1.5823239,0,0,0,0,0,0,0,0,0,0,0,0,3.6166115,1.535924,2.9116225,0.31418,4.956447,1.8603638,0.7301637,12.813028,8.904963,1.3504385,10.27157,2.7545033,1.8586794
TEST_00+4일,1.914349,18.13254,1.4046482,0.6381554,0.009080487,0.14321372,4.0218554,1.8124068,0.5031464,0.041287974,0.56013805,0.014701271,0.1416415,0.73723906,4.689922,0.03870982,8.723219,0.21387492,0.42672846,16.197989,4.949188,0.013849628,0.036031444,0.68969184,6.4896364,15.500755,0.34391263,24.11031,1.739596,0.74205893,0.69379526,0.44844648,0.8195365,0.3458262,0.16019152,0,8.721318,0,0.40234146,5.2810855,2.6059554,0.15889001,0,0.62011486,0.014106318,0.5015803,0,1.4414678,0.07354522,0.4012088,4.200467,0,1.9781817,0,0.23564787,0.037698742,0.08898325,0,0.15882854,0.09191038,2.1842434,0.9863123,1.4080682,3.9881127,1.1418263,0.5953623,0.11567972,0.005508763,0.70441204,0.01368351,0.5259739,1.1067743,0,0.22889774,1.3206301,0.3773686,0,0.44793627,0.61698025,1.6168107,0.71636295,0.3861588,0.28903005,0.14537035,0.51370203,0.79421246,0.22376633,0.29218408,1.1263057,1.8590949,35.455994,0.23273115,0.684872,1.8113984,0,0.014419007,0,0.009522217,6.934655,1.1863208,0.4518036,0,1.1831728,0,6.2109046,38.152363,3.3246918,1.2648643,0.73984575,0.05098274,0.8870717,0,0.52124023,0.025561547,0,0.26312566,0.03102578,0.12216359,0.811113,0.056441147,0,25.039843,0.4378767,0.31331143,0.09736057,0.22396012,0.37748107,0.9182453,0.72141904,3.3491752,0.6822678,0.09554669,32.26907,0.11863158,0.03393476,0.037305295,0.03281119,0,0.021028673,0.13064003,0.025006974,0,0.21176794,0.006294406,1.7637249,0,13.688959,57.843422,2.4201086,0,1.6196336,0,0,3.818744,0,0,4.517299,0.6937764,0,0,0.9089209,0.02358743,1.0488749,0.7182168,1.1678946,0,0,2.209656,0,0.032699194,0,0.2822517,0.006379753,0,0,0,0,0,0.000838733,0,6.1248765,3.071574,5.822403,1.1790886,6.5753098,4.6811376,1.2571124,20.708681,14.488939,2.3287494,13.01411,4.2375703,4.093702
TEST_00+5일,1.2204882,58.196815,0.5962233,0.22343472,0.024281407,0.47084355,14.311388,4.313396,1.0792725,0,0.9005909,0.010552675,0.12268565,2.83929,3.1219923,0.025132751,27.018524,0.13593858,0.27679363,49.3558,17.713758,0.001164913,0.010699118,2.19613,16.153189,38.47719,2.097415,74.77559,0.97415274,0.59535956,0.4484273,0.6446892,1.3264364,0.4861693,0.27364936,0,7.614765,0,0.3832429,4.341176,1.6402234,0.109607875,0,2.0174994,0.099531986,0.19877064,0.014223603,1.0182484,0.14209013,0.07999122,3.8080423,0,1.5793146,0,0.5683374,0,0.04206276,0,0.1752988,0.038378146,1.6373478,0.08590484,0.18960038,3.8625963,0.11209684,0.29719886,0.1737269,0.022763371,0.41045055,0,0.86817855,0.8391304,0,0.29774827,1.6978781,0.3400962,0.117589496,0.41085777,1.823127,1.5188168,0.6375001,0.5850499,1.0397986,0.43006393,2.6552236,0.92899746,0.35871962,0.58612937,2.4724443,2.1885412,98.267845,0.12586968,0.45966622,1.2523361,0,0.27410033,0,0,7.8501215,0.4127012,0.20191763,0,0.8970607,0,0,75.88826,0.24761067,1.0899286,0.18944483,0.38376746,0.6739325,0,0.31472012,0,0,0.22971688,0.016513515,0,0.59581727,0,0,63.10444,1.1545258,0.718623,0.72353,0.71162647,1.1230471,1.791379,1.7281544,9.287327,1.7474251,0.6502357,74.83169,0.14862981,0.048493247,0.1385086,0.055967975,0.05229162,0.08184,0.4227148,0,0,0.17924194,0.13238227,1.4844195,0,69.098465,147.2586,1.1296796,0,0.7570397,0,0,2.0152287,0,0,1.6637563,0.17269813,0.17314981,0,0.112700276,0,0.5664012,1.0525988,0.45172358,0,0,2.027239,0,0.004224658,0,0,0,0,0,0,0,0,0,0,3.690773,2.6257017,2.9033763,0.41159782,4.697427,2.466557,0.80233985,12.842319,10.130179,2.2692773,17.465483,3.2868612,1.8383963
TEST_00+6일,11.145497,36.36625,6.302254,3.4626172,0.8176387,1.8785142,7.547071,6.16279,4.1776204,0.67508,0.8143234,0.6337609,1.2547064,9.430829,24.93268,1.5189905,18.456717,1.1597531,1.6404049,31.879032,10.526137,1.7336019,0.6844186,2.1487076,22.439034,44.032528,1.854955,111.094505,3.9291246,2.1269314,1.1097134,2.1880155,3.4318511,1.5512046,0.34416446,0.006909169,26.0443,0.006909169,1.4946331,21.862646,5.524852,1.1592139,0.006909169,2.0862496,0.22342673,1.2642846,0.5972735,2.7608593,1.4796141,1.5253662,6.935539,0.56462854,3.311847,0.011077665,4.129795,0.61189806,1.9392985,0.040421445,0.807518,0.5684015,6.0690527,1.6070946,2.851045,7.120418,2.8051517,2.153976,0.46814272,0.8261204,1.3185214,0.43442175,1.6034504,3.9901764,0.09675583,0.7884719,4.3554177,0.41618505,0.32817912,1.1840357,1.8991827,3.6282043,2.4826465,0.79869825,1.0040175,1.1130891,2.104075,1.8741852,1.9950278,1.3972143,3.6726682,5.2185974,94.58663,0.77552223,1.9556026,5.9378085,0.37711748,1.2689623,0.13763283,0.28799605,15.877314,3.9243076,0.8834407,0.3487948,3.4828107,0.148421,18.586588,47.47866,6.7081857,2.7090244,2.0207593,0.835351,2.6133459,0.20609938,1.5259758,0.42094955,0.20937811,1.406199,0.64463335,0.5626741,1.3858122,0.6121699,0.006909169,47.007027,0.97822124,0.7289242,0.48509502,0.7173753,0.86682904,1.047273,1.5060444,6.561297,1.7377417,0.32272664,50.513866,2.1595802,1.228434,2.9099586,1.5645846,0.8082159,1.7565403,6.086587,1.3430098,0.5684841,2.9790134,0.85353035,4.6017222,0.006909169,141.03691,124.26487,5.119162,0.006909169,4.5805297,0.006909169,0.006909169,8.259684,0.006909169,0.006909169,8.589736,2.836303,0.49673438,0.006909169,3.8364856,0.37251627,2.368358,2.4032726,2.5383246,0.006909169,0.006909169,4.953011,0.006909169,0.71455425,0.006909169,3.4347723,0.54527676,0.003268808,1.214947,0.18149059,0,0.17886387,0.62301654,0.17452405,14.434572,9.769923,12.84482,4.308768,18.234507,11.8252125,6.7401857,50.608356,39.97085,5.8094783,43.592598,8.274895,14.784551
TEST_00+7일,17.589895,0,11.079951,7.046355,1.7347443,2.1554747,0,2.3328133,4.5351644,1.4690869,0.7354431,1.0066652,1.9438208,7.697538,37.612774,2.9624813,0,1.807257,2.625607,0,0,3.0254204,1.1413414,0.5576819,11.69594,5.422896,0.36354136,56.315807,9.803014,4.3770785,2.2717044,3.1347427,3.3611443,2.001943,0.2000126,0.001441555,41.62674,0.001441555,2.3612485,35.13188,14.307782,1.9784237,0.001441555,0.5912293,0.11363305,3.2373726,0.77899873,5.334335,2.1694946,3.9655483,12.075774,0.97584534,6.6380053,0.6286842,5.3169427,1.3495991,4.2682014,0.6373052,1.3834857,1.8606719,10.839072,9.394739,14.287723,10.6690645,10.492592,3.875953,0.815077,1.2103338,2.8648155,10.597669,1.9706868,6.100764,0.45123926,1.548911,5.403123,0.7024542,0.39490137,1.8980376,0.7094623,4.7395835,3.8201363,0.8034472,0.19346666,1.1959925,0.071942165,2.2130573,2.8519094,1.1899678,1.8308773,6.4674172,5.570837,1.598484,3.4689317,10.334533,1.2798849,1.3657366,0.50498074,0.9637434,20.175686,8.007672,1.9336567,0.5415013,6.7173996,0.76688236,133.06221,4.120223,34.38164,4.148084,6.0430636,0.7236498,4.3681116,0.94931775,2.9207602,1.4070145,0.5859806,1.8020557,1.3307661,1.6994537,2.7082677,1.719627,0.001441555,0,0.020634532,0.11388656,0.009159649,0.0720567,0.13352285,0,0.06698268,0,0.054090362,0,0,3.1270962,1.727497,3.9585571,2.2609055,1.0406064,2.5421598,7.972066,2.5898683,1.3542489,4.11441,0.97598535,7.57606,0.001441555,68.80201,5.4587893,11.701694,0.001441555,9.018079,0.001441555,0.001441555,19.505432,0.001441555,0.001441555,20.093214,6.798365,0.4063916,0.001441555,11.984935,1.2772624,5.710026,2.2543914,7.1842575,0.001441555,0.001441555,7.8136935,0.001441555,2.979511,0.001441555,10.808837,1.2453383,0.60204595,10.712541,2.1468189,0.5023386,2.554724,1.9064232,1.1153269,28.406452,15.611602,30.204847,9.740695,30.569666,24.52598,12.133907,96.25594,63.932873,8.837014,54.91554,13.865557,32.3119
TEST_01+1일,3.1253994,0.2986476,9.6155615,3.8548741,0.27364802,1.6060919,0.049870994,2.3895829,3.0453556,0.5075676,0.5951531,0.1366653,0.45706025,0.84986657,15.538553,0.6661871,0.30488598,0.11536969,0.2049181,0.5278646,0,0.20308326,0.22873269,0,0.51968825,0.17959519,0,0,4.26755,4.698473,2.3947384,5.2189746,2.6733947,1.2098007,0.7503342,0,45.186855,0,1.6025542,28.380035,11.316332,0.09143727,0,0,0.026653329,3.1991305,0.050979923,1.9287113,0.81266975,5.6217785,9.418289,1.1762552,3.5035965,0.028377801,0.6562963,0.44711977,1.4727128,0,1.1822637,0.9568349,12.315013,7.561231,10.795158,5.4345474,7.5244584,0.037818458,0.14045312,1.914205,2.5295506,0.037654694,1.1100162,0,0.4817302,0.06645256,1.9420445,1.3709348,0,0.02389102,0,2.3435009,1.7460272,0.5149772,0.8033139,0.19740169,0.073402405,0.4569643,0.70364445,0.95720035,0.9253001,2.6802742,0,1.4849815,3.180061,7.8869205,0.1874523,0.91677475,0.1927218,0.25012663,8.877139,6.9873095,1.3134562,1.3927726,3.551743,0.019313907,101.32164,0,48.986946,4.461133,2.3778617,1.1657453,3.1991165,0.07113695,2.4892592,0.22622967,0.37563142,1.2733291,2.564429,1.6443322,2.4189403,1.9025654,0,0,0,0,0,0,0,0.001665938,0,0.002219915,0,0,0,3.5475376,3.1055067,3.6520584,2.3259046,0.033188403,0.6255913,5.771633,0.5390782,0.8112936,4.827917,1.421711,6.458646,0,0,0.4831627,11.064962,0,8.423189,0,0,16.470285,0,0,15.828467,6.141932,0,0,11.513474,0.56975394,6.3808055,2.7080295,6.341575,0,0,13.119553,0,0.44151717,0,7.9637117,0.902561,0,7.951033,1.0026332,0,0.50055915,1.721711,0.73021346,5.398929,4.7570205,6.192888,3.300763,5.7301126,6.1865096,3.2658556,16.87441,17.920803,0.3861453,16.982044,1.7192417,13.013591
TEST_01+2일,0.40184662,0,3.774952,1.2783588,0,0.34035844,0.16356315,0.08486008,0.86072314,0,0,0,0.26028752,0,6.1194396,0.04258274,0,0,0.028118372,0.20770322,0.1291072,0.013657487,0,0,0,0,0,0,1.7989124,0.508565,0.49165782,3.872519,1.4263363,0.7253608,0,0,29.282434,0,0.16812961,21.150448,3.3051968,0,0,0,0,1.7500584,0,0.75117314,0.18583755,3.6122906,6.831943,0.08933359,2.0442417,0,1.0274768,0.145107,0.031271864,0.040430594,0.30888525,0.012409306,7.225839,3.6821518,4.0173182,5.9333496,3.6584804,0.12681723,0,0.7175436,1.4157994,0,0.3429937,0,0.044988703,0.000154424,0.65791404,0.025954401,0,0.63488525,0,0.6749759,0.94664335,0.16760616,0.031543065,0.5202506,0.008936393,0.23628424,0.031053483,0.09638738,0.08944052,1.2769146,0,0.783125,2.1371613,4.4845967,0.11172571,0.10053773,0,0,19.051989,1.7746547,0.46953127,0.3913942,3.8510842,0.010824621,2.224767,0,31.186148,2.5863118,1.5644256,0.45620176,2.4479308,0,1.030632,0,0,0.33737054,1.2604668,0.23810492,0.5913114,0.61841804,0,0,0,0,0,0,0,0,0,0.23800826,0,0,6.2252083,2.2943494,0.6304521,2.3165061,0.830455,0.0917922,0.80096835,4.050471,0.036000133,0.02104262,2.8684194,0.2516777,4.1314936,0,0,0.6335053,6.2379446,0,5.326115,0,0,10.176867,0,0,12.166194,3.9626222,0,0,7.092089,0.35885674,3.6951714,1.047114,3.4232414,0,0,6.6555533,0,0.010024644,0,0.98484224,0.40759227,0,3.534314,0.22586016,0,0.23510365,0.5509419,0.1326067,1.9231132,1.1812142,2.8658795,1.0193743,2.1889045,2.7948182,1.0481638,10.294601,9.439649,0,5.0611567,1.4689032,6.6667914
TEST_01+3일,1.1980488,0,4.404205,1.6814785,0.001012862,0.24286513,0.50023854,0.00655036,0.70979923,0,0,0,0.11617199,0.073020175,7.6680374,0.20009927,0.61740965,0,0.50931066,0.76042336,0.6189419,0.1295494,0,0,0.03267479,0,0.3936753,2.5012212,1.9612648,0.19933262,0.43095437,3.3054664,1.7474384,0.7480876,0.003144932,0,27.624872,0,0.24624944,21.006948,3.564108,0.26463085,0,0,0,1.148052,0.0646714,1.994769,0.50707954,3.5205712,7.1432796,0.14947315,2.3812518,0.000934607,1.7843941,0.42178655,0.32427192,0.56780887,0.19923942,0.001721203,6.9822745,3.951168,4.423678,7.9322624,3.5676868,1.1177,0.003526777,0.59340477,1.7428566,0,0.70572144,0.010123468,0.09459951,0,1.1531023,0,0,1.2582387,0,0.9588181,0.94798726,0.59613866,0.11250359,0.7218737,0.15838315,1.0407898,0.04588255,0.17100076,0.298027,2.0136445,0.6422432,0.7491917,2.0115266,4.4544063,0.1820182,0.17457029,0,0.022485113,22.885962,2.1988442,0.40912113,0.3958135,5.44788,0.25278512,0,0,29.920095,1.961866,2.5895908,0.016319394,1.9388535,0,0.52978307,0,0.003125262,0.16472079,1.186099,0.33661333,0.50293845,0.6403472,0,0,0,0,0,0,0,0,0,0.50510174,0.00540688,0,9.198036,2.7571099,1.0824232,2.5990648,0.973532,0.5131581,1.2841132,4.786169,0.2528219,0.040888347,2.8970153,0.62552595,4.14475,0,0.28488597,0.104981236,5.225253,0,4.1506624,0,0,11.105459,0,0,12.904093,3.7260177,0,0,7.0244355,0.5388592,3.6108544,1.0616016,4.662809,0,0,7.472853,0,0.35133752,0,1.6786203,0.20206252,0,1.763241,0.18089937,0,0.3913319,0.62725824,0.04812796,3.544637,2.0883183,4.787313,1.2863754,4.0925,4.488935,1.4729337,15.87564,15.1379385,0.16177085,9.469916,3.5978742,10.729018
TEST_01+4일,2.4829488,0,5.711573,2.111902,0.10897686,0.50133467,0.43115678,0.25873622,1.1854438,0.003708899,0.027200961,0,0.13242392,0.93908185,9.396236,0.39440593,0.31839716,0,0.8053819,0.31399632,0.52728987,0.6541327,0.002819944,0,0,0,1.7202176,1.253249,2.3802278,0.9478448,0.76140815,3.1237996,2.0706756,0.89381564,0.05311821,0,30.040161,0,0.62996894,20.97214,4.611286,0.2504451,0,0.01639556,0,1.1049749,0.016370207,2.523132,0.6668896,4.298021,7.738979,0.54380196,2.7395701,0.04285508,1.9713993,0.6271963,0.9774332,0.4178877,0.34070227,0.14050648,7.698018,4.3895793,5.0487723,8.734294,4.237512,0.9413895,0.025305245,0.6571413,1.5033746,0,0.76949686,0,0.19729362,0,1.1104034,0.1431223,0,1.6388187,0,1.3805636,1.0728645,0.5666005,0.24211116,0.6591458,0.1218339,0.9075926,0.22481623,0.41990003,0.51513976,2.157109,0.7136194,0.79987556,2.738766,4.901952,0.3304814,0.23387896,0,0.020729994,29.16725,3.3990266,0.6332836,0.5398599,5.91176,0.31979915,3.4210846,0,32.85885,2.1126697,2.3880742,0.0979143,2.29168,0,0.65175134,0,0.006082642,0.3275334,1.4358737,0.59154403,0.91609764,0.7545206,0,0,0,0,0,0,0,0,0,0.31153187,0,0,4.885818,3.4709244,1.9066576,3.4586937,1.1924078,1.5551201,2.1329257,5.3415413,0.48954853,0.09552362,3.0707989,0.8768883,4.839472,0,9.326657,0,6.144288,0,5.3836355,0,0,12.892337,0,0,12.604663,4.086315,0,0,8.144412,1.0198293,3.924231,1.5205921,4.9939647,0,0,8.497027,0,0.29939213,0,2.8577573,0.38161474,0,2.3632607,0.23858686,0,0.3572589,0.73657024,0.09496037,4.9469147,2.4072487,5.302392,1.7002004,4.871679,5.6634107,2.107222,18.052526,16.565985,0.26828167,11.604261,3.7494812,11.232438
TEST_01+5일,2.5536582,0.225425,4.652926,2.0866826,0.12076298,0.52471715,1.4001809,0.027960444,0.90263855,0,0,0,0.08734696,4.45166,9.331075,0.46883202,1.502561,0.01952988,1.1735939,1.6842015,1.9637089,0.95923275,0.000801992,0.020133844,0,2.6801772,5.7607474,11.753602,1.6540598,0.7997866,0.5566929,2.8303623,1.8003889,1.2044315,0.030566812,0,27.078016,0,0.3586465,18.318905,3.1579168,0.48946795,0,0.2752408,0,0.6370915,0.16704355,3.388662,0.41478178,4.171947,8.994318,0.37017998,2.9308708,0.16172093,2.6056771,1.3201456,0.5990102,0.64329565,0.23684083,0.017503692,6.50069,4.297522,4.8604274,9.962802,3.3853166,2.3010812,0.029159823,0.7306313,1.8024511,0,0.84750575,0.22125946,0.26594034,0.06053405,1.579168,0,0.025663955,3.0456073,0.007570823,1.1526717,1.4901241,0.712209,0.26926413,1.6999491,0.12673014,1.273415,0.17243691,0.25536734,0.7665794,2.2667933,7.735151,0.8284975,3.618101,6.099205,0.71115273,0.1580951,0,0.08230884,38.84714,3.7485478,0.476464,0.5512303,8.171806,0.8455624,0,0,30.122486,2.266157,3.3169885,0.017545963,3.0025911,0.028798891,0.46609566,0,0.0095662,0.4549248,2.2537878,0.3786291,0.5326356,0.36853817,0,7.961198,0,0.002422096,0,0.08990016,0.10464517,0,0.023790902,1.3721428,0.4638999,0,27.542982,3.6027608,1.7495431,4.0544486,1.0714267,2.4732285,3.1395276,7.958439,0.8041774,0.07301427,2.9015973,1.1051593,5.4195533,0,29.172499,4.4085565,5.5318437,0.12474153,6.156747,0,0,13.402036,0,0.64223385,13.382194,5.1588664,0,0,8.441147,1.4343495,3.6965222,1.3292538,5.631689,0,0.17227285,7.718899,0,0.4528883,0,2.7244062,0.81921273,0,2.2894423,0.042332795,0,0.7865357,0.5208802,0.09179252,5.8908033,2.5701685,6.796599,2.0437179,6.80998,6.6032805,2.0052333,24.46411,19.546095,1.0476005,11.529418,5.0954895,14.25531
TEST_01+6일,4.8582897,3.4949276,8.187392,4.3906164,0.6166984,1.4291842,1.860495,0.86597866,2.424922,0.026973486,0.27752993,0.47182646,0.19262104,5.394419,15.238574,1.3405012,3.155084,0.30924472,2.3661168,3.3641164,2.7894263,0.8787271,0.225387,0.08296542,1.2855383,3.6665406,5.4277916,13.366295,3.0056145,2.2578137,1.3656384,4.0242534,3.1086423,1.8459214,0.48919532,0.010503737,32.352947,0.010503737,1.4458251,23.082685,6.61029,1.078566,0.010503737,0.15515636,0.33301914,1.4717515,0.57439053,5.246619,0.8584649,4.8525147,11.272951,1.1212609,4.0443254,0.58996624,2.3295975,1.737311,1.9423558,1.4536415,0.47645956,0.9015031,9.731647,6.7744584,8.967791,10.632491,5.342216,3.1004739,0.6511477,1.9603806,3.9403996,0.002979636,2.009396,0.9031691,0.63593686,0.050944455,3.9103997,0.81268734,0.12117989,2.944031,0.050935026,2.1802742,2.2827237,1.8037027,1.8619537,1.64137,0.8955389,3.0132248,0.8047616,1.0484232,2.3283067,4.3248754,7.000194,1.3503666,3.7076561,9.599457,0.56857634,0.9007372,0.049671624,0.62324256,28.593699,7.2029343,0.974981,1.0531366,8.831523,1.090489,17.466963,0.010503737,37.318142,3.4425087,6.577124,0.42472705,2.9928973,0.24747284,1.2212186,0,0.60320914,0.80217665,2.7733543,1.5798903,1.5114031,1.1876135,0.010503737,7.348224,0.008244491,0.028308759,0.010503737,0.29387218,0.1198627,0.13845077,0.035880763,1.3921537,0.45085785,0.015040472,29.940674,3.9688797,3.6299553,4.714357,2.083319,1.4788888,2.331202,10.285594,1.7433093,0.42551443,4.1055503,2.204123,6.141708,0.010503737,34.58572,5.1917167,7.256908,0.07178833,6.266165,0.010503737,0.010503737,17.057583,0.002655864,0.33894986,18.26474,7.132129,0.010503737,0.010503737,11.495843,1.1919714,5.2334857,1.9088469,9.567626,0.002655864,0.088736385,11.857427,0.010503737,1.5423183,0.010503737,8.481616,0.6885145,0.0475584,3.272704,0.50340325,0.010503737,1.4129508,1.5006293,0.58856237,10.578058,5.3196273,11.67986,3.419305,12.4263,9.727449,3.5919113,36.697704,32.421165,1.3170248,22.235199,7.8540764,26.062891
TEST_01+7일,6.7270203,4.3041716,13.395465,6.7297883,1.0369196,2.5783994,0.42938182,3.2247446,4.680584,0.73703766,1.3142833,1.1576072,0.49584857,3.9204812,22.015396,1.9337033,1.6287705,0.54960245,2.32741,1.6556643,0.4417737,0.6103088,0.6005837,0.000670923,1.9426006,1.0085287,2.4980197,3.5679443,5.461928,5.6213083,2.8789635,6.1461315,4.544885,2.2332706,1.2027107,0.012887812,47.216225,0.012887812,3.0310519,33.079624,14.29382,0.9638261,0.012887812,0,0.4381714,3.4164536,0.5523,5.0902967,1.519864,6.073513,12.636484,2.21605,4.9451666,0.62997395,1.2035512,1.3529097,3.4398758,1.0142239,1.1957139,2.3051403,15.300583,10.203628,14.569095,7.920078,8.858628,1.6043303,1.04891,3.051321,4.582719,0.34800738,2.5649314,0.84850883,0.930463,0.15948129,4.6653113,2.7356238,0.07306685,0.5787444,0,3.6168122,2.7506196,2.056998,2.8912175,0.9396149,0.94251204,2.776426,1.5716827,2.0721588,3.0378146,5.4853363,0,1.9910039,3.922469,12.000159,0.3542048,1.6646048,0.28636938,0.94671726,9.870399,11.373427,1.852863,2.0183666,6.2888284,0.24684396,117.60913,0.012887812,51.743874,5.272686,6.925075,1.3877243,3.3702934,0.46124122,2.7846622,0.26739022,1.0881032,1.627169,3.469582,3.0517025,3.3139827,2.742288,0.012887812,0,0.03350447,0,0.012887812,0.08331033,0,0.13918512,0,0,0.00657315,0,1.1848859,4.6056237,5.814562,5.0744042,3.5591016,0.2988289,0.92828906,10.002883,1.9137967,1.1257535,5.98425,3.017242,7.110393,0.012887812,10.940541,1.1782311,11.47199,0,8.2455635,0.012887812,0.012887812,20.610071,0.026949748,0,21.145172,8.621682,0.012887812,0.012887812,15.213984,0.8516261,7.516027,3.1477678,11.688337,0.026949748,0,17.544956,0.012887812,1.86609,0.012887812,15.022173,0.94979256,0.1871121,7.1262345,1.4652714,0.012887812,1.4205596,2.7297654,1.2184042,12.074068,8.168447,12.836949,4.682691,13.76973,11.005176,5.212926,35.72648,36.543205,1.1776516,30.943762,6.0994663,28.549597
TEST_02+1일,7.163045,0,9.82694,3.9882176,1.2117083,1.3471174,0,0.7830352,2.483813,0.3356413,1.8800305,0.21872273,1.6189419,4.508314,32.68199,1.3227025,0,1.3933429,1.0629894,0.03656235,0,1.700653,0.48055902,0,0,0,1.4666413,3.422503,6.3766913,5.06718,2.4740968,4.111452,1.8463815,1.9153128,0.07898934,2.4123802,42.709797,4.338163,1.4429803,28.058582,14.399909,1.3619798,0,0.03914484,0.16562162,0.8449804,0.37151894,4.3390756,0.13577609,5.6050262,13.506579,0.72909945,6.8374887,1.02174,0.090510786,1.2424654,0.54386324,1.5446268,0.08955191,0.7793521,12.259235,17.309958,22.180964,14.691405,3.746217,0.31746134,0.17951117,1.5677805,0.90613765,0,0.5157374,0,1.4856967,0,2.6844673,2.8759515,0.092796266,1.9528993,0.15953127,3.3364327,2.7913928,1.3951728,1.514456,0,1.3735361,0.30815932,0.93436444,2.8732746,1.9823502,2.1889036,0,1.6685276,4.368236,0.14736295,0.2472804,0,0.15920042,0.3696716,2.5466406,10.203579,0.052918732,0,2.6602821,0.04090735,168.16597,0,38.40332,5.083268,6.6712365,0.78186744,2.687066,0.06401472,0.95240325,0.3493985,0.002942997,0.20190811,2.8125904,0.9903597,2.101969,0.47857982,0,0,0,0.040407624,0,0,0,0,0,0,0,0,0,2.1152809,0.3959355,1.867854,1.7303246,0.21916793,0.57338905,1.2553533,0.18537553,0.046731662,2.298847,0.06552414,6.326156,0,6.1556964,0,5.546232,0,7.53958,0,0,16.797564,0,0.010917134,17.640978,5.7478776,0.0271815,0,12.730832,0.825905,4.1330495,2.607341,7.319303,0,0,11.033767,0.87241,2.4913523,0,12.2907915,3.7208443,0.63220805,12.091129,2.6613948,0.023544958,3.6395702,3.424394,1.5295025,28.600554,20.78697,32.593414,14.415927,15.728716,27.638975,14.441722,78.27993,63.707314,4.912366,61.7319,17.768341,56.153717
TEST_02+2일,2.839355,0.48900604,5.853021,2.0518062,0.21292904,0.28209057,0.39373818,0,0.41523972,0.065829396,0.7263951,0,0.13009284,2.3501618,18.574015,1.0438775,3.5684876,0.22085424,0.2043377,8.284047,0.3195339,0.33343098,0.035358816,0,0,0,0,0,7.0865207,4.7466784,3.0376995,1.9383491,1.3731741,1.0537971,0,2.3416882,32.170902,4.1033893,1.1278511,18.138624,13.394361,0.977083,0,0.04132837,0,0.4760151,0.002304304,3.6130593,0,3.8255365,12.3770685,0,4.392334,0.3312684,0.14969967,0.5727536,0.9346286,0.62683016,0.010059267,0.25127837,9.371239,9.293429,12.710369,10.856589,0.002637291,1.2373867,0.029681891,1.2428133,0.61102813,0,0.54273415,0,0.73331743,0,1.8988167,0.66078895,0.07505957,1.5228207,0.09339602,2.4568732,1.7210325,0.37536836,0.35196903,0.005958057,0.19316582,0.20166726,0.27370188,2.107196,1.6783543,1.8449277,0,1.60265,3.0032718,0,0.058502343,0.13417017,0.21492867,0,6.2527328,7.5331063,0,0,1.4818143,0,94.62353,12.237566,26.113724,4.3125014,3.8409593,0.66057503,2.6109648,0,0.9277399,0.20054327,0.14778219,0.21933404,2.1010969,0.3220885,1.6701304,0.37664554,0,0,0,0,0,0,0,0,0,0,0,0,6.8440604,1.4309348,0.037700094,1.0532513,1.1912178,0,0.16213098,0.8423112,0.011904341,0,1.5593147,0,4.0912337,0,0,0,5.07645,0,5.4235415,0,0,11.005663,0,0,14.515887,4.3191767,0,0,9.111207,0.96011496,4.0462565,1.5493873,5.666482,0,0,7.450916,0.6781856,1.1587995,0,7.282262,2.4442403,0.002895773,6.073623,1.0037336,0,1.1647129,2.6543405,0.525927,19.651337,13.731859,22.084639,8.895662,10.555068,20.344412,10.645305,57.257412,40.672657,1.8316859,38.228817,10.418818,33.016506
TEST_02+3일,3.1744008,6.4925156,5.1422896,1.627805,0.2594035,0.32599148,2.2269466,0.003062153,1.4080232,0.30221686,0.5893674,0,0.08857043,1.7754574,14.622398,0.68720156,7.997186,0.31598887,0.25606623,10.875732,3.392278,0.45564643,0.032974917,0,0,0,0,0.5631405,5.544906,3.4131153,2.720588,1.751227,1.8459523,1.1034824,0,1.5252479,25.837936,3.0346124,0.7334933,14.840822,10.309117,0.8040161,0,0.07249936,0,1.1785824,0.031904142,2.9226956,0,2.664825,11.438738,0,3.3462002,0.012330848,0.31635237,0.6811926,0.38271338,0.30389223,0.05501504,0.24783766,6.7679553,5.3745394,8.502936,9.249482,0.13727398,0.93109626,0.099221006,1.1288948,0.87501365,0,0.4947667,0,0.52809423,0,2.0580583,0.5696643,0.07959185,1.4837397,0.17035846,2.1822937,1.4422985,0.22179928,0.24763742,0.10446987,0.16306435,0.30135924,0.4470058,1.3733135,1.9098698,2.0218363,0,1.2726825,2.7480087,0.010055495,0.17229007,0.09380742,0.19885294,0.08525306,6.9117036,6.7263765,0,0,2.1529977,0,59.20233,14.873189,19.726442,3.950398,3.3965204,1.2869009,2.6782286,0.014056659,1.4152464,0.10260997,0.40320322,0.62015194,1.802987,0.7330565,1.6347307,0.83347315,0.06888693,0.14562225,0,0,0,0,0,0,0,0.026777864,0.020646507,0.006916005,6.9921203,1.1988236,0.43801665,1.3498176,1.1976007,0,0.34951648,1.9787511,0.20483659,0,1.4359859,0.13941878,3.6699378,0,0.12630844,9.30469,4.6631684,0,4.3254433,0,0,10.156939,0,0.040825743,11.459699,3.276233,0,0,6.1880364,0.6588271,3.164867,0.9566103,4.6791415,0,0,6.267741,0.51028025,0.9141914,0,5.0379777,1.7136849,0,2.9307656,0.41760713,0,0.38841224,2.1685264,0.37632546,14.7840395,9.192586,14.490689,4.699571,8.483123,10.252396,6.7939224,38.785816,29.511057,1.9621083,23.767557,6.7560782,18.612366
TEST_02+4일,3.9996762,7.134641,5.7596154,1.6677574,0.40296698,0.5382782,3.8251183,0.018706704,2.1452446,0.25782046,0.63553584,0,0.30992672,1.96147,17.18786,0.6507784,8.600757,0.54313004,0.36449882,9.931859,4.842095,0.5763545,0.081986986,0,0,0,0,0,4.235669,3.6285646,2.0958292,2.0817134,1.715105,1.1015638,0,1.4024162,27.672468,2.478108,0.744342,16.59125,8.538488,0.8319244,0,0.034790553,0,1.1233066,0.071988195,2.772796,0,3.029087,11.265193,0.004126507,3.4942029,0.1307081,0.28553557,0.74875844,0.5564149,0.40584078,0.069034144,0.33250636,6.62487,5.800538,11.212938,9.568244,0.4742031,1.3928041,0.08454918,1.3851557,1.7511396,0,0.40430555,0,0.5332451,0,1.9375781,0.9408248,0.043339916,1.5599154,0.29939818,2.1913605,1.4518024,0.33917603,0.41449386,0.109428704,0.2485297,0.22422028,0.5915487,1.2551451,1.7276725,1.9640969,0,1.1112686,2.7845395,0.002857351,0.2366023,1.3715744,0.46399435,0.12970154,10.616702,7.0563493,0,0,2.159442,0,64.30347,26.424286,20.468441,3.9661973,3.6067817,1.1243299,2.639429,0.019294053,1.3132781,0.13616137,0.28205884,0.4907194,2.1615708,0.97586054,1.7676331,0.5383444,0.050737657,0,0,0,0,0,0.023523515,0,0,0.031840064,0,0.061418425,9.500628,1.2275395,0.29501176,1.235949,1.420599,0.028736824,0.2973898,1.438383,0.17822258,0,1.5065119,0.104359545,3.7019029,0,0,7.5394692,3.7827477,0,3.8740013,0,0,10.044923,0,0.031409275,10.622258,3.069473,0,0,6.053324,0.38066897,2.396445,1.1029176,4.428048,0,0,6.3087864,0.67534345,0.93652785,0,4.1973853,1.907271,0.044149686,3.431989,0.5543211,0,0.7201305,2.4544983,0.41947013,15.182189,9.530252,14.30852,4.608486,8.701121,9.112271,7.3744006,38.689236,30.749603,2.1983793,25.986267,7.3367805,19.932678
TEST_02+5일,2.943953,34.92461,5.134746,1.6645817,0.20297728,0.35237852,15.604764,0.00168643,2.2347698,0.17501952,0.5313112,0,0.080702476,1.8447144,15.351989,0.7081755,30.510893,0.21273954,0.25083312,32.881935,16.244854,0.47533178,0.035588004,0,4.1775055,1.8015136,0.06321593,12.824611,3.9292896,3.6793423,2.0936885,1.9145387,2.0813706,1.4942924,0.002607626,1.86842,28.558332,3.2795427,0.74849254,17.37732,7.505883,0.9744983,0,0.24928044,0,1.1163502,0.12945609,2.5476968,0,2.8736553,10.975371,0,2.5327992,0.12880175,0.48376784,0.74176294,1.2730258,0.3510218,0.13948579,0.2945931,6.2141514,3.4301732,8.696723,8.883613,1.3910847,2.5374954,0.13400863,1.5670074,2.3681812,0,0.44005227,0,0.43910828,0.12626381,2.028711,0.75890845,0.09414913,1.6049355,0.5776972,2.0860376,1.3378304,0.15926452,0.17623805,0.28908587,0.045996655,0.4568623,0.6164047,1.2813989,1.7809066,1.9413738,7.5706353,1.1790993,3.4162025,0.060774412,0.27598593,2.262533,0.8898336,0.17711698,20.137241,8.423839,0,0,2.6325135,0,43.217293,67.10226,17.728506,4.248574,3.2822285,1.5585947,4.2383313,0.10323737,2.2765682,0.3187471,0.5273405,1.0801429,2.0881524,0.8419693,2.857086,0.73316634,0.246735,4.110168,0.040722575,0,0.042539366,0.2869245,0.22990131,0.22856966,0.25487986,0.5218925,0.08168261,0.28058425,26.420404,1.5449469,0.3665844,1.4453665,1.3356652,0.07373528,0.35701156,2.104988,0.24904218,0.10817649,1.8287779,0.1479376,3.3129394,0,15.379048,66.94857,3.4013665,0,3.3117616,0,0,9.538678,0,0.17439018,10.219715,2.8000064,0.030927498,0,5.597759,0.6643078,2.538925,1.1608354,4.3017745,0,0,6.0421433,0.59141606,0.65942425,0,3.2289026,1.8157204,0.001647824,2.2486095,0.32154438,0,0.47480202,2.3329272,0.21891837,13.480806,8.234692,12.794321,4.209682,7.48389,9.317737,7.255052,36.55171,27.205748,2.1952388,23.35134,6.3069606,18.399284
TEST_02+6일,6.162405,32.25677,8.260966,3.1727812,0.73945755,1.177726,12.394172,0.6945709,4.1897845,0.8927078,1.2402899,0.19178335,0.9112812,3.4588761,24.008488,1.1806072,28.123648,0.5341741,1.077783,31.152954,13.435793,1.4470707,0.4264023,0.00771366,3.850539,2.5326571,6.626218,29.174627,4.314672,3.0589216,2.217572,3.4951038,3.5877247,2.7985895,0.13378964,1.7098049,36.177517,3.691631,1.1919501,24.69636,8.055098,1.493915,0.01682501,0.11364605,0.16794764,2.36646,0.35587537,3.261781,0.1804548,4.043385,13.267234,0.25971475,3.925811,0.22786672,1.2377709,1.3708504,1.2207526,0.6713632,0.37396753,0.65020114,7.8910327,4.3511934,7.396219,12.847165,4.1732697,1.4212496,0.6171783,1.4562937,1.7625407,0.04246949,0.7432646,0.01682501,1.1398205,0.21136425,3.3178754,2.2196171,0.3601677,2.238736,0.67844814,2.922435,2.2879865,0.63184017,0.5516346,0.26017734,1.0275021,1.0128864,1.2129103,1.6024646,2.7197788,2.6968057,12.486436,1.5399687,4.9251747,0.7210609,0.57172173,0.5006551,0.5533578,0.8936283,14.99276,11.599181,0.27598524,0.019889135,4.755219,0.17385796,48.060757,47.871735,19.71591,5.929393,6.34534,2.2690074,4.853193,0.27024093,3.051488,0.53075206,0.74115294,1.7629915,2.5081205,1.8104213,3.0988083,1.7703797,0.2787974,5.4586253,0.06815403,0.15087858,0.09728004,0.23539186,0.14041771,0.103394605,0.20451732,0.4448447,0.09138449,0.1072992,15.094579,2.5193357,2.0512974,2.8526947,1.6965741,0.56895274,1.099699,5.000641,1.089573,0.54360074,2.7938137,0.7036465,5.5433836,0.01682501,40.304993,55.913757,5.8190193,0.01682501,4.5853114,0.01682501,0.01682501,16.22852,0.061754074,0.242968,13.76635,3.9169738,0.102171816,0.01682501,7.408429,0.89172024,4.054334,1.5881153,5.8337665,0.01682501,0.1268279,9.525519,0.4460519,1.0885009,0.01682501,5.545988,2.3296783,0.29108784,3.3667696,0.6763951,0.024187375,0.8392584,2.5296555,0.5856465,19.00482,10.25161,16.095106,5.881574,11.024493,11.279842,8.266428,47.881195,36.893566,4.7209616,32.554638,9.106427,27.602167
TEST_02+7일,11.309386,6.396005,13.539508,5.9207582,1.9206244,2.4535189,1.0819622,2.1791978,5.887149,1.4731232,2.761235,0.93340605,2.4769914,6.2052894,41.041718,1.9072189,4.5800676,1.7602062,2.101477,7.2755623,1.5526028,3.159046,0.8977747,0.07110625,0.1410471,0.64082056,11.751475,25.933643,6.8578005,5.051363,2.6518285,5.7420387,3.964155,3.3837082,0.25985315,2.5780654,49.90586,5.079175,1.7898006,36.057293,14.833941,1.9542779,0.025407065,0.027883446,0.6952817,3.0345714,0.66506296,4.756917,0.36532256,6.20952,16.299095,1.2364266,7.2594943,0.84881705,1.3558177,2.1370459,1.3588897,1.5709227,0.32836673,1.1268872,12.775916,15.074439,17.849566,18.449316,7.288367,0.3161286,0.76863784,1.6536413,1.2253383,0.014683731,0.9137689,0.025407065,2.0717802,0.036254074,4.1522765,4.4883127,0.3870716,2.93519,0.5486218,4.2709365,3.76954,1.7427315,1.5799873,0.035878744,2.7435434,1.1155943,1.733901,2.7829642,3.1063082,3.3867378,4.6254735,2.1228068,6.2167077,1.1770332,0.8111416,0,0.3333529,1.4078301,6.137793,13.966361,0.53870887,0.04506846,5.318663,0.31095076,152.42245,0.31620178,36.49992,6.98246,10.452266,2.0478604,4.2677965,0.31313702,2.2822719,0.55476725,0.38214678,1.2381405,3.4939911,2.4932187,3.0052156,1.901625,0,0.025323868,0,0.26400062,0.011920974,0,0,0,0.026569242,0,0,0,0,3.1858532,2.7291868,3.8700264,2.4178948,0.9453978,1.5959513,5.289286,1.3552216,0.53824747,3.5342643,0.8816927,8.706356,0.025407065,37.71062,13.107576,7.7269998,0.025407065,7.963586,0.025407065,0.025407065,24.47262,0.0729421,0.14427975,19.94867,6.681339,0.119916275,0.025407065,12.923184,1.1263237,5.596208,2.6576526,8.614123,0.025407065,0.11750653,15.042162,0.92050326,2.9983613,0.025407065,13.974734,4.401778,1.2280031,10.848762,2.6321323,0.090627305,3.4159799,4.195825,1.8246487,33.37077,20.561575,32.570408,13.98133,18.723148,25.634216,15.534874,84.27998,68.272385,8.125942,64.71077,18.789198,59.00669
TEST_03+1일,4.9441133,0,8.034663,3.8385017,0.6260584,0.3948379,0.12648201,1.1891435,1.8411015,0.6011695,0,0.14429437,0.78758943,2.7744355,22.351643,0.8452713,1.0135494,0.49308157,0.4491151,0.14755936,0,0.2737551,0.3160089,0,0,0,5.597964,35.565792,10.226496,6.91887,7.674478,2.2188425,1.9651455,0.4333993,0,4.5996084,36.808006,7.549855,0.029370451,21.349737,18.090162,0.16587777,0,0,0.50316155,0.11313289,0,1.9563732,0.25103173,1.6640352,14.704284,1.6638294,5.16805,0.5166525,3.776902,1.2067505,2.1669483,0.16922592,0.1441808,0.003612947,8.017581,10.992122,24.617731,11.00103,13.15256,1.5383021,0.13164935,0.2603154,0.17949525,0.09241263,1.7060314,0,1.3649033,0.24523523,4.5524306,0.77691936,0.518686,1.1168813,0.184367,3.7830365,2.4785867,0.25758147,0,1.6109631,0.8286129,0.013697433,1.7910458,1.4821924,4.233682,3.3505733,0.858931,1.5649441,4.142333,7.572394,0.44450626,1.429195,1.0219625,1.0103506,8.459357,5.654626,1.9539531,1.469853,2.2279043,0,131.38126,0.55557865,25.1341,4.2173953,0.014009619,0,3.318463,0.21986774,1.4623936,0.42635947,1.1763448,1.0798987,0.341931,0.63569033,3.6411476,1.150287,0.18816295,5.2605247,0,0,0,0.029648108,0,0,0.027103174,0,0.13937037,0,16.167227,0.48362216,0.6303716,0.48732352,0.13794109,0.26304275,0.37171555,1.9114834,0.17635891,0.3156383,0.71323866,0.39999753,7.1160326,0,2.3231125,0,15.221764,0,12.21223,0,0,29.862665,0,0,29.865726,7.8247848,0,0,11.942027,1.8875809,8.685225,2.9509332,12.974637,0,0,14.593715,18.435034,12.223884,0,19.932402,1.5634731,14.442825,29.000929,22.031836,8.676781,4.6229396,4.0179973,7.4922824,138.25511,65.45793,107.701744,42.938152,63.594105,123.08758,66.96189,550.05115,107.762146,54.458416,87.859215,15.667769,134.59473
TEST_03+2일,0.1642686,0,1.7057613,0.23219891,0,0.014240789,3.0886166,0,0.0431386,0,0,0,0.001576459,0.7276458,6.7178574,0,10.585544,0,0,6.814728,2.0196455,0,0,0,0,0,0.14397907,19.276468,5.1984797,2.7552755,4.6936593,1.2965968,0.47516185,0.068320826,0,2.9291918,27.082151,4.818065,0,16.475727,9.430722,0,0,0,0,0,0,1.2007965,0,0.7798759,7.9906898,0.55871195,3.4700477,0,1.5054928,0.12905605,0.5027092,0,0,0,2.9632378,5.5120673,12.600942,9.644343,9.002367,0.35123026,0,0,0.000363541,0.022419685,0.6598396,0,0.25893185,0,1.5783517,0,0.039613497,0.77011687,0,1.3900443,0.8659527,0.09510286,0,0.12008428,0.014198399,0,0.76595634,0.576113,1.2307552,0.9161102,25.311357,0.62763894,3.1201463,4.375015,0.018472612,0.19437853,0,0.29045707,7.098897,1.2414283,0.41265392,1.0833879,1.4060534,0,6.50459,26.891315,5.316653,2.6133115,0,0,1.8274192,0,0.037038207,0,0.5053244,0.007873786,0,0.020558977,2.668788,0.031335928,0,10.481809,0,0,0,0,0,0,0,0.8143606,0.13724554,0,3.2661445,0,0,0,0,0,0,0,0,0,0,0.002413607,3.4083097,0,14.697944,11.593793,6.3682594,0,5.287737,0,0,16.514404,0,0,23.026249,1.5544333,0,0,5.10784,1.0686746,2.8599591,1.9391922,3.0720873,0,0,8.118665,1.4327122,1.7434224,0,2.1004782,0,1.7965649,5.111358,1.3302319,0.8579834,0.21978512,0.38230821,0.28320178,99.31822,33.656982,71.12102,23.403923,50.059387,60.09093,38.43141,375.32028,60.617615,44.99355,51.013454,12.747782,60.35578
TEST_03+3일,0.4021228,3.073465,1.8708104,0,0,0.06574061,4.0438156,0.22282211,0.20299987,0,0,0,0,1.3280009,10.468595,0.00638535,10.944452,0,0.02348956,9.40356,3.5723977,0,0,0,0.43487397,1.901581,0.8924106,28.631306,5.3621984,2.6997082,3.1619723,1.6742817,0.20732859,0.001821899,0,1.8139851,29.84085,5.181331,0.2190967,19.32704,9.644118,0.06805366,0,0,0,0.28040528,0,1.2706492,0,0.7993096,6.259894,0.11035847,2.528306,0,1.6572129,0.2692591,0.6585077,0.048448574,0,0,1.6793193,4.43884,12.775441,9.955887,8.772529,0.8839292,0,0.10349069,0.8443861,0.16960321,1.287235,0,0.29759336,0,2.5166826,0,0,1.4253968,0.06939819,2.4983928,1.1870433,0.71352595,0.13444446,0.18290316,0.004127502,0,0.88789505,1.2794472,2.5475094,2.4374475,35.663322,0.3570139,2.6950648,3.8083375,0,0,0,0.14803995,7.287047,0.5973793,0.51157475,0.75633216,1.8628479,0,0,31.214905,1.738765,2.499725,0,0,1.3889128,0,0,0,0.2710021,0,0.06673837,0.098071866,2.1796193,0.13654163,0,5.052245,0.04595064,0,0,0,0,0,0.000228781,1.1502656,0.19965492,0.01677348,9.429871,0.017643405,0.031435397,0.11040912,0,0,0.036537956,0.08977647,0,0.029116983,0.13494864,0.015688026,3.0146692,0,35.352764,47.891945,4.7066255,0,2.397806,0,0,13.891909,0,0.083828345,21.010847,1.2691749,0,0,3.5334396,0.1985847,1.3146583,1.7059307,2.296375,0,0,6.711956,0,0.7231965,0,0.44592935,0,0.1721034,2.36427,0,0,0.032143306,0.08930302,0,98.24709,38.146904,68.19073,22.683844,52.7536,59.16208,36.90616,347.2338,72.385155,45.24818,67.00582,19.003092,70.63742
TEST_03+4일,0.9172597,8.123959,2.5280097,0.3393582,0.031264283,0.1318444,11.031754,0.6567756,0.532611,0,0.007752967,0,0.032921564,1.7976639,13.393991,0.035733413,36.82417,0,0.053394258,34.26901,12.451388,0.000209618,0.017809367,0.15458758,10.196568,0.066075325,3.1099288,23.760355,7.1008525,3.2057889,3.6405454,2.2932055,0.26557904,0.029683257,0,1.988223,29.687876,5.846395,0.44522983,19.842878,11.148648,0.07840968,0,0,0,0.34020942,0.01391688,1.420478,0,0.8071875,6.798935,0.1362453,2.8730667,0,1.8824204,0.36208034,0.90283865,0.04123795,0,0,2.0574174,5.8747435,15.431836,12.09275,10.294589,1.2753791,0,0.33852276,1.3937863,0.24818468,1.32262,0,0.43627715,0.019488204,2.777293,0.074153475,0.023867702,1.3449897,0.08166909,2.9988828,1.406208,0.6362972,0.16790299,0.33605003,0.40529108,0.26683027,1.3271792,1.3488678,3.0898314,3.1767964,58.722603,0.42895862,2.694998,4.3842206,0,0.05215266,0,0.20860215,9.281852,1.5484608,0.8364294,0.5263094,2.578062,0,8.658286,46.760365,5.504586,2.6676912,0.023494292,0,1.6007508,0,0.08626528,0.018969107,0.3169341,0,0.0647909,0.12482887,2.0073974,0.42171478,0,18.774189,0.2945082,0.029313833,0,0,0,0.014292133,0.102453016,1.7597952,0.5955426,0.34932828,16.23072,0.13344112,0.08641837,0.100386694,0,0,0.03481542,0.2336876,0,0.012967259,0.110082224,0.024692178,4.021486,0,49.308876,69.919624,6.32126,0,3.497203,0,0,16.731728,0.006116194,0.1560345,24.837753,2.3472862,0.16271403,0,5.2237124,0.13489233,2.521291,2.0229423,3.4900079,0,0,7.682113,1.1069208,2.2524269,0,1.9801524,0,1.5581294,5.498428,2.653695,0.5924943,0.10080557,0.31473666,0.6099259,105.31227,44.660656,76.01795,24.370796,59.085155,68.41042,40.96944,381.2436,82.72964,73.09602,69.20423,19.241707,82.98229
TEST_03+5일,1.305284,51.141933,1.8679227,0.012789917,0,0.14291532,35.241665,0.48164567,0.6512452,0,0.12773328,0.024110008,0.04061694,1.9853667,13.090777,0.14911823,84.427826,0,0.07767669,82.60134,36.576122,0.05369935,0,1.0555224,36.258514,2.8976727,1.7861311,27.595114,9.136629,3.1299207,3.6606336,2.7467225,0.20139427,0.04416728,0,1.9412526,32.42866,7.012848,0.8017799,22.583536,12.077922,0.17613833,0,0.18737589,0,0.44710645,0.4223995,1.1361462,0.028146839,0.76742584,7.5561023,0.038103092,3.4551346,0,1.5425879,0.24716961,0.7948814,0.14108412,0.011376417,0,2.5549207,6.3067894,9.922725,13.011493,10.490428,1.5414319,0,1.2933005,2.5081134,0.6161856,1.5809963,0,0.1747863,0.076835595,2.7316804,0.10813282,0,1.9045151,0.48447227,3.9335957,1.7566586,0.86236286,1.4830716,0.019169545,0.92706627,0.95150816,1.5144522,1.9293804,2.7068346,3.3732362,141.20833,0.271696,2.9532464,4.092965,0,0,0,0.096329585,9.847537,1.4407527,0.5787055,0.35034773,3.2739468,0,0,92.2415,4.6356897,2.3408008,0.5945937,0,1.2291307,0,0.034333136,0,0.2996093,0,0.4263961,0.197206,1.6854571,0.15748823,0,47.411915,0.90139276,0.40070724,0.17036878,0.03055129,0.05398154,0.26956835,0.52631384,5.2494736,0.987554,0.8787333,36.781296,0.63926023,0.21866988,0.5042683,0.06814668,0,0.252133,0.453042,0.13106751,0.11688729,0.7749799,0.05811242,4.146847,0,173.99174,165.42729,5.3971744,0,3.5572526,0,0,16.800808,0.11877799,0.5939948,26.828388,2.4186676,0.1746457,0,5.5964417,0.06462991,2.400237,2.2701623,3.838083,0,0,8.437682,0.17471924,1.1854423,0,0.66486686,0.000864935,0.9407635,3.798217,0.40643045,0.14751057,0,0.07981753,0.03193288,94.008354,41.08323,69.807144,21.51731,67.09011,57.39216,37.54618,354.2491,82.67298,88.10051,78.59497,28.955023,85.90334
TEST_03+6일,5.1606817,37.77848,5.0616307,2.0576773,0.36935803,0.66800314,19.320309,0.68093216,1.8673855,0.0953912,0.19754447,0.22759333,0.34818393,3.8836644,25.40222,1.2009089,31.908472,0.2190626,0.21811052,40.123047,20.591711,0.42965338,0,0.53810877,11.694018,6.404678,5.2212815,70.84458,11.094154,5.298341,5.3112636,2.9062285,1.1670723,0.4117283,0,2.3430955,43.067272,9.660348,0.58603424,27.674982,17.596949,0.45991203,0,0.23554316,0.39353308,0.77934647,0.21529852,1.9184551,0.52574104,1.8474255,10.339549,0.30269593,3.975046,0.12620635,3.9341824,1.5795102,2.410154,0.55946386,0.33121604,0.084167644,6.4617295,7.72659,11.119437,10.881976,11.862548,2.450176,0.001535034,1.3588804,2.1622272,0.7556482,2.8847322,0,1.0917956,0.49159154,5.7688127,0.30143172,0.47897044,2.5963917,0.96860725,6.3438845,3.3232625,2.0571659,2.530812,1.4601283,3.2625558,0.8201632,1.9223174,3.1249766,5.6060157,5.5191927,96.144226,0.8854222,4.1211004,6.2985005,0.07688441,0.27962595,0.04905794,0.7083803,8.860389,3.776191,1.6953795,0.65081316,3.3101692,0,25.882511,59.306335,11.715476,3.6739972,1.1459024,0.060224023,2.3102672,0.12933592,0.6604932,0.22758703,0.9461511,0.35305882,2.2646675,0.9707743,2.6734245,1.1102809,0.0845963,11.511447,0.6586134,0.40793666,0.16910239,0.21307467,0.117961526,0.30691788,0.2618437,3.842373,0.31043515,0.3101375,49.74177,3.2943788,2.0491853,3.3306282,0.63925844,0.6687382,1.5251745,5.4287086,1.3321139,1.2684431,3.7882893,1.0808018,6.030338,0,145.02182,151.72229,8.2798195,0,5.991123,0,0,21.701391,0.062472787,0.548426,26.946844,6.7838945,0,0,8.051205,0.47715878,3.366726,2.6469843,7.20844,0,0,12.045264,3.2990074,5.22518,0,6.6505632,1.3442568,3.6021557,15.415647,5.738683,1.7028124,1.7031983,2.4008946,1.8909947,120.75966,61.035877,85.46714,32.8311,72.64936,84.338936,53.58311,434.51047,119.10437,59.66454,124.911804,34.786842,141.95215
TEST_03+7일,9.384521,6.915017,10.812495,6.1287436,1.1887176,1.0933918,2.9070709,1.7167971,2.8587024,0.70076954,0.19415297,0.39253816,0.95874214,5.1396885,38.302902,2.0248222,3.8120008,0.83738464,0.5618014,6.982998,2.6897008,0.88842785,0.27822682,0.018891502,0,0.8870823,11.884529,83.70996,13.937163,9.246013,8.354898,3.0633667,2.616805,0.773218,0,4.017214,48.41701,10.735534,0.23660545,28.630661,24.701937,0.5258746,0,0.188047,1.2674046,0.9075255,0.00240615,2.6935563,0.827038,2.7351453,15.497245,1.5939022,5.3012924,0.7492536,6.6507936,2.7149708,4.3959246,0.6555978,0.5520665,0.1729163,10.671196,11.569678,22.970139,10.5002,14.599324,2.8904226,0.28359547,0.71111476,1.052729,0.3494866,3.3323047,0,2.3650796,0.92330277,7.9773836,0.74425524,1.0025005,2.0037696,0.9809314,7.3051805,3.9830232,1.9097958,1.2360427,3.377137,4.5422873,0.45599505,2.1285923,3.0690172,7.884865,6.604079,13.817792,1.8540894,5.000116,9.727294,0.62143284,1.536959,1.1676539,1.5536531,10.005212,7.0780573,3.3297486,1.4292767,3.5046594,0,142.57967,3.083239,27.101948,5.4162264,1.5435132,0.27057812,3.7993252,0.62517935,1.9789244,0.54990304,1.6299667,1.2738982,2.1917036,1.4361933,4.0305705,2.044378,0.3756857,3.1618652,0.034926016,0.016938338,0,0.31136462,0.034917,0.049847264,0.12108391,1.3038975,0.12848525,0,39.974354,4.104896,2.9803355,4.0312705,0.8617073,1.2740355,1.9118065,8.287659,1.4843016,1.7878166,4.5103765,1.6843178,8.663565,0,24.920307,14.739699,16.164312,0,11.586707,0,0,31.302805,0,0.000198764,29.873047,12.391173,0.05535106,0,12.801139,1.527084,7.5389605,3.2196007,14.415793,0,0,17.007639,16.690174,15.245601,0,22.671194,3.1373346,12.7660675,39.107624,23.348516,8.347129,6.2446356,6.227511,8.039821,161.47437,89.37594,118.73995,53.411488,74.60028,147.0366,81.78395,599.84296,151.91936,47.56129,144.85027,27.403925,192.78165
TEST_04+1일,5.7710557,0,8.0924225,5.788423,1.4306687,1.3563784,0,0,1.4507774,0.32453087,1.4999342,0.738507,0.25558373,0,0.23622477,0,0,0.92320293,1.3191913,0,0,0.3828716,0.7943309,0.26602393,5.0128837,0,3.3241372,1.3549798,10.380588,3.1842275,1.2114252,2.916682,1.1053815,0.960642,0,5.2070193,36.910137,5.932967,2.2393363,31.996454,9.962247,0.39090475,0,0.17296968,0.14314285,2.040207,0.19340621,1.5121336,0.03466889,1.0033001,8.863345,0.58177924,2.2626283,0.30628273,3.8858304,0.53955656,1.623407,0.50897616,0.8961954,1.1455897,7.3525214,8.532919,15.860559,8.115993,12.638143,1.2571689,1.0685484,0.907958,1.5069426,0,2.7187486,0,1.5299582,0.16573928,4.5266414,0.052156474,0.001608265,1.4281164,0.71148527,3.6820087,0.5095591,1.3496461,0.7781109,0.19484808,0.33886728,1.7326813,2.7163384,0.38889378,2.88096,2.9436963,0,2.0706136,3.599667,7.2945895,0.21675606,1.2028792,0.4564363,0.13975672,17.225407,5.801912,2.6546936,0.19203089,5.6719813,0.14720686,134.58478,0,26.049229,4.234891,3.5012536,0.41403827,2.3939936,0.28004107,1.9193051,0.8237112,1.147155,0.14437388,1.1680158,2.307983,2.7081797,1.0079193,0.046517372,0,0,0,0,0,0,0,0,0,0,0,0,1.939483,1.1430582,1.9918269,1.1133789,0.9479515,0.16593713,2.8333995,0.66583776,0.34621635,1.5140198,0.77570933,4.470516,0,2.243615,0.7678421,5.911786,0,6.1349754,0,0,13.815475,0,0,7.250592,5.629707,0,0,5.075349,0.44255066,2.9378595,2.3374164,5.5882015,0,0,6.6225243,1.6269649,1.6487468,0,1.8894943,0.12225125,1.165058,3.4811249,3.2307053,0.40841275,0.5948803,0.60567456,1.5136162,48.818226,26.55548,38.92162,14.699363,21.617994,44.21465,28.001993,205.69896,33.03117,10.186351,37.45364,10.612958,51.4694
TEST_04+2일,0.5107816,0,1.3702488,0.94688874,0.24337618,0.20646591,0.05397625,0,0.036191344,0,0.40924373,0,0,0,0,0,0,0.04626323,0.20939755,0,0,0,0.019085571,0,0.1389513,0,0,0,4.2336183,0.5561625,0.13022538,0.72009575,0.18594483,0.5175974,0,2.175352,13.315058,1.4687444,0.73046035,10.4279585,2.703976,0.05676744,0,0,0.004388714,0.231212,0,0.4882361,0,0.120064974,5.4141107,0.04728818,2.568327,0,1.1370233,0.2015533,0.07998414,0.020742727,0.053116657,0.06080369,1.5261557,3.3056257,6.7584796,4.6861477,7.1985765,0.09171672,0.024978971,0.049725678,0.21418868,0,0.43490657,0,0.13363928,0,1.1188447,0,0,0.23065844,0,0.5607968,0.003101635,0.010704875,0.045673646,0,0.011863733,0.12166851,0.19338255,0,0.21513763,0.82027197,8.42027,0.5576581,0.9079892,1.9308754,0,0.20363183,0,0,8.425199,0.73673135,0.3266887,0,0.80330104,0,12.247841,26.741774,7.736078,1.1005977,0.687082,0,0.41764784,0.028675556,0.17774273,0.31727538,0.08399496,0,0.019773578,0.75865287,0.78269607,0,0,0.9382572,0,0,0,0,0,0,0,0.14368276,0,0,0,0.3472119,0.16911283,0.27709743,0.040255357,0.14410864,0,0.5371775,0.019709874,0,0.08682549,0.034267332,1.2335687,0,0,14.725287,2.084992,0,2.0989294,0,0,5.0043297,0,0,4.1932273,1.1053814,0,0,1.1296049,0.062483348,1.03652,1.0292523,1.657807,0,0,2.1697004,0.16653247,0.07667446,0,0.03639226,0,0,0,0.17424451,0,0.070985556,0,0.0912499,16.645668,3.4893587,11.841082,2.0434518,5.7615657,7.2722764,4.689688,65.69473,6.381444,6.3108125,4.8194094,1.7091589,9.619768
TEST_04+3일,0.35224852,0.80905455,0.9949817,0.4108034,0.049578667,0.27691188,1.6767954,0,0.018623902,0,0.3177881,0,0,0,0,0,2.9776962,0.019858027,0.06612734,2.9033592,1.3855677,0,0,0,0,0,0,5.8718524,4.0624084,0.33596164,0.29649878,0.51260275,0.32071385,0.39601573,0,1.3805313,11.345454,1.1273836,0.90537244,8.91019,3.0898216,0.10707178,0,0,0.008723152,0.11714166,0.09415608,0.256807,0,0.15442502,5.5661907,0.027963305,3.5463264,0,1.2310328,0.1945161,0.1212826,0.05204935,0.014940441,0.015636576,0.96356535,1.2209247,3.7162645,5.265018,5.1387267,0.17583454,0.07338484,0.050492145,0.45684972,0,0.30219766,0,0.049394082,0.117271386,1.0484303,0,0,0.18091778,0,1.193942,0.04925516,0.058714952,0.009833205,0.073072605,0.08080895,0,0.34568462,0.006852961,0.5839581,1.0858837,16.58904,0.33471152,0.7538586,1.8590615,0,0.08924387,0.035348892,0.000669283,9.091977,0.8183239,0.12819858,0.045451403,0.35453996,0,0.00170517,25.344435,2.2000747,1.4501569,0.70405525,0,0.46843758,0,0.061480522,0.17609942,0.08134276,0,0.22769068,0.53008556,1.0096006,0,0,3.4055054,0,0,0,0,0,0,0.039445788,0.7195986,0,0,1.1171112,0.38586608,0.19912806,0.23558822,0.000436401,0.12160814,0,0.5081647,0,0,0.057804823,0.02689956,1.1122493,0,0,28.757252,2.5525582,0,1.5201497,0,0,3.763974,0,0,5.0650563,0.6193052,0,0,1.1468129,0.04063008,1.1376247,1.0530847,1.4331006,0,0,2.2361145,0.10614834,0,0,0,0,0,0,0,0,0,0,0,12.839019,0.87767184,9.97285,1.2811188,11.139106,4.8309264,2.9608407,64.70454,5.4999995,11.482176,2.015642,0.97683376,4.294469
TEST_04+4일,0.7835169,3.69321,2.017326,0.7623216,0.12047668,0.30676395,6.3661933,0,0.050598837,0,0.28920835,0,0,0,0,0,8.81134,0.05236086,0.112714306,7.3791046,4.5700836,0,0.004674345,0,0,0.29634,0,9.965659,5.377266,0.85115474,0.7507524,0.84827673,0.54527426,0.7199068,0,1.9936199,16.583181,1.9568583,1.1974423,13.189868,4.9225917,0.08157654,0,0.037369013,0.068329416,0.4501799,0.41744834,0.34873158,0.04588666,0.322506,6.0306234,0.1007143,5.4369326,0,1.9742022,0.24480794,0.5099897,0.199463,0.01110251,0.1608549,1.7343495,2.0597131,4.2572374,6.0557675,5.949838,0.29745638,0.22378631,0.14242518,0.85410595,0.12006485,0.65666896,0,0.13093244,0.085954905,1.52083,0.03789374,0,0.28107214,0.06702941,1.8371924,0.1081801,0.02143023,0.08243769,0.11718462,0.13657685,0.01954422,1.0735264,0.011861277,1.0413145,1.553561,32.00229,0.4440468,1.0321583,2.4368305,0,0.1639044,0.11816163,0.024453057,10.049502,1.5562658,0.48135033,0.076107405,1.1456573,0,6.1037493,31.46847,3.6232007,1.9249516,0.50784105,0.009640825,0.9626918,0,0.43184635,0.20005353,0.23972034,0,0.26511264,0.58186644,1.3432754,0,0,18.068663,0,0,0.00356797,0,0,0,0.21705623,1.9591607,0.022250159,0.006313115,1.0057697,0.6559971,0.27286822,0.44392282,0.09029273,0.107556544,0,0.6361506,0.037297796,0,0.22620328,0.09132973,1.7392819,0,1.5624878,75.826744,2.9961035,0,2.0944908,0,0,5.762624,0,0,6.8981104,1.1285201,0,0,1.507724,0.040140536,1.8944167,1.3653077,2.0246408,0,0,3.031988,0.005096436,0,0,0,0,0,0,0,0,0,0,0,20.270117,3.2486427,15.818969,3.0805748,17.577564,10.397308,6.471109,95.25887,10.49407,24.31696,6.330713,2.098949,10.765213
TEST_04+5일,0.55136317,21.77003,1.5241158,0.31515425,0.042810142,0.43406177,12.913736,0,0.2653293,0,0.2681179,0,0,0,0,0,34.964977,0.07175947,0.02231853,21.073261,9.855352,0,0,0,0,3.2809365,0.22032395,42.601665,5.791038,1.0722501,1.1192381,0.53705615,0.49898478,1.2370566,0,1.2959702,15.995715,2.2811549,0.9571312,11.426349,6.1364865,0.35754624,0,0.41389093,0.2714425,0.47946826,0.57192206,0.5023718,0.19015215,0.5462478,6.1823087,0.070207536,9.691051,0,1.5378516,0.23761554,0.27563426,0.13664822,0.03754691,0.04631356,1.6766227,1.8951992,3.337066,6.784111,5.0422254,0.5117474,0.05804756,0.23169099,1.3648138,0.29629657,0.44544527,0,0.028355623,0.7650011,1.459609,0.16557938,0,0.6188425,0.08535045,2.109345,0.07731509,0.04879501,0,0.45381126,0.36181608,0.045158148,1.1919092,0.26313233,1.3475494,1.7144518,52.892048,0.3539787,1.0774965,2.2952306,0,0.07776492,0.07420495,0.04617266,10.903565,1.4486393,0.36986813,0.20903082,0.9304449,0,0,65.82627,2.3799608,1.9233612,1.3421425,0.11502903,0.9586436,0,0.13633835,0.09684636,0.26860255,0.023958076,0.6254534,0.5704859,1.3054129,0.001543296,0.020653976,34.014324,0.12688439,0.11485489,0.1686341,0.000919491,0.096236415,0,0.70823926,3.9820802,0.12737644,0.16225296,11.971349,0.6495247,0.3402365,0.5384043,0.040690042,0.19383977,0.007703793,0.7812242,0.003530747,0,0.32389244,0.05887244,1.9009895,0,24.297445,181.54619,4.591968,0,2.24631,0,0,7.5161514,0,0,11.780368,0.8251031,0,0,2.0370505,0.11278675,2.4715474,1.8706785,3.0371332,0,0,3.6313438,0.17824702,0.020806028,0,0,0,0.28931865,0.021704866,0.059614565,0.12436662,0.084622435,0,0.034312535,20.789719,5.978313,17.74837,4.504303,27.038767,14.013953,8.2612505,105.78121,14.07031,32.4699,11.618792,2.922578,13.830955
TEST_04+6일,4.601171,8.125882,5.6011453,2.0404527,0.64230645,1.8160237,8.817516,0,1.7810723,0.19000171,1.9100952,0,0.3143177,0,0,0,25.597563,0.71539754,0.47152135,14.061228,6.1046243,0.3557457,0.045780208,0,0.98973316,1.4024092,8.277871,64.60071,9.615108,3.0524642,2.026438,1.7832726,1.2532791,1.2801927,0,2.0876215,29.15843,5.0961204,2.0647752,20.463667,11.19343,0.8464481,0,0.2872095,0.31465745,1.5318375,0.25849542,1.19138,0.48781225,1.624458,9.5088825,0.6012368,7.8453827,0.12680708,2.75436,0.6193938,1.5341638,0.44354185,0.9545704,0.94634926,5.609258,4.083092,8.671023,10.405732,6.320345,1.5545703,1.2370752,1.111023,3.1982837,0.24313267,1.7977946,0,0.8747385,2.4583385,3.5753524,0.35109866,0.15340249,2.2091584,1.0658561,4.62141,0.5959727,0.8439671,0.53676414,0.83819515,1.3082986,1.2831072,3.5075989,0.74756926,3.5721855,3.3061123,27.539173,1.4713821,3.2360322,6.4839797,0.09324853,0.52147347,0.5565647,0.43285424,19.124868,5.7146583,2.2562225,0.7319301,3.8668277,0.044205334,19.816137,51.392834,7.7694535,4.85429,6.0534587,0.82971996,2.3813756,0.06202678,1.1898032,0.53776073,1.5086669,0.4216934,2.3314319,2.0182164,2.885194,0.9070441,0.01835134,8.984068,0.11733764,0.051987957,0.056687247,0.088630185,0.04725575,0,0.24723296,2.7413464,0,0.03227764,2.4396977,2.9517314,1.4418929,3.3275506,1.4641812,1.2709892,0.4664851,3.876294,0.47696114,0.41601488,2.7272954,0.92480755,4.015152,0,36.05473,70.307365,7.342926,0,4.5403795,0,0,12.172801,0,0,14.943695,3.5233765,0,0,5.5080333,0.5510171,3.2004306,2.5538015,5.2728534,0,0,6.7333217,2.4145947,2.1339352,0,2.026656,0,2.0330296,4.713358,3.7165306,0.85055697,1.0187256,0.530544,1.5208739,48.098774,28.985327,42.891994,15.61969,44.06727,48.44052,28.58675,244.7865,42.220345,33.064827,48.455303,10.856955,50.74451
TEST_04+7일,10.858362,0,12.3521805,6.959947,1.9207659,3.2292917,0,0,3.7998626,0.8804428,3.2610397,0.74458647,0.68378717,0.003350111,0.46689367,0,0,1.7689965,1.6735153,0,0,1.1554898,0.9938313,0.25405204,6.6526346,0,15.634516,38.027325,13.274756,4.8521967,2.9688196,3.972885,1.9222023,1.1120529,0,5.246386,48.548336,7.993314,3.4492319,39.654972,15.516388,0.91916007,0,0.33494946,0.37942338,3.1668546,0.2450747,1.9038204,0.4766036,2.2953556,12.007733,1.1602228,3.2393234,0.58194405,4.7707195,0.963452,3.1302857,0.8278471,1.7778834,2.218126,11.4758215,8.332343,17.629187,11.865619,11.75674,2.3095052,2.5125065,1.9470681,3.96661,0.13744345,3.7899232,0,2.385656,1.9798231,6.4628305,0.50325996,0.3295208,3.2963216,1.6947422,6.8670764,1.1552438,2.1207473,1.3467052,0.91132873,1.6938332,2.827174,5.765674,1.1390814,5.579899,4.555314,0,3.0237527,5.717714,11.873011,0.45959052,1.7518126,1.1411136,0.6058879,24.502356,11.0600605,4.5465193,0.92861825,8.012996,0.36126336,140.13069,8.785711,24.549429,7.7415056,8.315322,1.3009742,4.167458,0.29884043,2.9530778,1.0659685,2.8120244,0.75208616,3.2791984,3.2859693,4.568788,2.245235,0.0823861,0,0,0,0,0.046789836,0,0,0,0,0,0,0,4.954972,2.4222486,5.5932465,3.1388383,2.2013063,0.8499562,6.7055435,1.3706163,0.98711264,4.6121383,1.8470461,6.553463,0,15.686075,0,9.297009,0,7.8377137,0,0,17.507738,0,0,13.461205,8.237906,0.00070326,0,8.405179,0.7752504,3.877517,3.0618412,7.370015,0,0,9.689913,4.1287937,4.2303963,0,4.478342,0.22480662,3.5553315,8.993927,6.7843995,1.5275372,1.6839818,1.5594808,3.2771785,74.33883,46.75674,62.968952,25.492277,47.99714,77.574425,47.38233,335.10583,60.663586,28.358524,73.073784,17.378452,86.66126
TEST_05+1일,0.37015015,0,6.2674813,1.0067565,0,0.2644796,0,0,0,0,0,0,0,0,0,0,0,0,0,0,0,0.77408856,0,0,0,0,0,1.226017,12.434035,3.406377,2.5707548,2.7651355,0.4581661,1.0481281,0,3.170297,36.40269,4.5623274,0.64162886,24.270784,19.93572,0,0,0.09782787,0,2.2109432,0.24656537,1.8537607,0.12820588,2.8043354,18.820591,0.972857,6.486304,0.9041831,0.029068565,0.22787614,0,0.25733882,0.040056955,0.090158276,18.211884,11.140199,7.9296937,12.674186,5.3779426,0.14821248,0.020154584,1.0165541,3.527488,0,1.0114583,2.5904438,0.06654021,0,2.1296844,1.062405,0.5310461,0.9664921,0.27834746,1.8949614,1.3751154,0.27194965,1.1668781,0.85902447,1.3571752,3.7887146,2.6570752,0.8801338,2.8026462,2.84688,0,1.739505,3.7316678,8.1136465,0.18029201,0.36378255,0,0.19454645,1.0100825,5.7905726,2.0776203,0.17249951,0.49289903,0,81.78457,0.2154007,42.000866,3.5601788,3.8038464,1.4549965,5.037845,0.033181448,1.0340264,0.12979452,0.22552195,0.12560068,1.9398092,0.39630374,1.8661,0.97417337,0.35956317,0,0,0,0,0,0,0,0,0,0,0,0,4.6678042,3.155866,2.615054,1.5478638,1.3475963,1.7539685,8.973079,1.1284294,1.3708761,1.7922636,1.0102293,52.094868,46.015587,0,0,67.529396,42.119656,41.113033,0,2.0745022,167.69933,102.312065,98.001366,61.794247,26.242807,0.87999785,53.522503,55.960888,3.9246354,37.773346,18.287931,83.356255,66.78893,18.640781,0,457.6799,250.23192,64.358864,267.3159,35.780087,86.11946,71.55411,165.51445,46.946236,7.116256,89.27087,68.00158,0,0,0,0,0,0,0,0,0,0,0,0,0
TEST_05+2일,0.72875255,0,5.43669,0.4181504,0,0.41023308,0,0,0.04516497,0,0,0,0,0,0,0,0,0,0,0,0,0.37279037,0,0,0,0,0,0,8.559676,1.8692398,1.2211007,2.0807588,0.34879714,0.48093054,0,2.2257924,27.652084,2.7182639,0.7107229,17.351852,13.035739,0,0,0,0,1.2185706,0.042566158,1.3030914,0,1.6285099,16.11093,0.8570525,5.0765758,0.1145334,0,0.022579355,0,0.19172592,0,0.06604631,11.885478,7.0778537,4.006371,10.845319,3.1934974,0.13268898,0,0.42364937,2.1383736,0,0.6498214,0.53751516,0,0,1.6048831,0.30348143,0.20705257,0.3822467,0.06074158,1.2279878,0.50257903,0.2004743,0.18070093,0.02232573,0.8413865,1.3108155,1.0451828,0.43689248,1.9753462,1.9078835,0,0.51279193,1.8664181,5.876554,0,0.02113464,0,0,0.20545112,3.2846463,1.5782384,0.25229272,0,0,13.574214,29.03195,33.89968,2.335294,3.0663583,0.45194793,3.1763058,0,0.8337679,0,0,0.2571545,0.8685709,0.036200713,1.3508829,0.61258316,0.07676812,0,0,0,0,0,0,0,0,0,0,0,0,2.172776,0.5948793,0.6328229,0.42208892,0.2907185,1.024246,4.6715603,0.21955852,0.23218806,0.7842758,0.30022636,40.324444,26.06099,0,0,55.377777,30.638367,31.65427,0,0.9698395,122.2445,64.79101,70.664604,50.462795,19.975391,0.16356435,44.23048,41.964123,3.106482,27.738447,12.419471,63.549183,43.66044,13.533693,0,311.64124,177.85503,42.574856,190.29422,26.511663,58.3071,52.841614,125.33889,36.548264,6.3024883,63.57514,47.315987,0,0,0,0,0,0,0,0,0,0,0,0,0
TEST_05+3일,1.8616078,0,5.4350357,0.4589544,0,0.85963166,0,0,0.36647436,0,0,0,0,0,0,0,0,0,0,0,0,0.041147675,0,0,0,0,0.046446133,0,7.905412,2.054501,1.0970103,2.2648885,0.70770425,0.5837049,0,1.6386423,25.228712,3.3434532,1.0957817,15.962928,10.95737,0.10227571,0,0,0.05693384,0.8605814,0.005348563,1.2216272,0,1.7221669,15.30701,0.8998026,5.327352,0.4189248,0.049349546,0.02723378,0,0.31447944,0.08009756,0.038548734,10.739147,6.7473764,3.8193862,10.207258,3.2350292,0.45331,0,0.54824764,2.392692,0,1.1743364,0.70274425,0,0,2.2320313,0.021652652,0.18918978,0.46361944,0.3750808,1.7498864,0.9609807,0.40395918,0.06562593,0,1.335123,1.0180537,1.1250995,0.71507806,2.2698674,2.1446064,0,0.31019938,2.1111112,5.2509294,0,0.054344084,0.03334116,0,1.8280472,2.9844222,1.6841773,0.5596652,0,0,6.939205,34.49227,30.125767,2.409866,1.9275931,0.20927358,3.0322568,0,1.0936174,0,0,0.615172,1.1295487,0.18794318,1.8468552,0.7801184,0.21687241,0,0,0,0,0,0,0,0,0.110892646,0,0,0.58658105,2.0292175,0.3610756,0.86437714,0.4639127,0.16767728,0.68730175,3.8470228,0.19547206,0.093590654,0.8530021,0.42651305,37.040993,21.025837,0,0,49.81067,26.949854,28.58678,0,1.2655238,109.13513,59.006123,60.04563,44.0864,17.551674,0.47922468,40.90802,34.18855,3.6346657,26.265228,11.873862,53.940826,39.67513,12.413638,0,271.05615,156.6802,36.456203,165.2727,21.553495,52.103493,46.29556,107.82782,32.53085,5.5675907,55.379333,41.710197,0,0,0,0,0,0,0,0,0,0,0,0,0
TEST_05+4일,3.267344,0,5.6533966,0.50654286,0,1.0934991,0,0,0.95608264,0,0,0,0,0,0,0,0,0,0,0,0,0.08582175,0,0.023429764,0,0,0,0.89477235,8.744025,2.491464,1.2554165,2.1349454,0.62432426,0.56678694,0,1.7368077,25.602385,3.5426106,1.1980575,15.683681,12.419959,0.15378058,0,0.004599029,0.14763129,0.9030636,0,1.222301,0.044404615,1.9007215,15.729087,0.8986048,5.592626,0.66280717,0.2646929,0.047666278,0.10630162,0.35815096,0.1479291,0.18392986,11.927571,7.1789246,4.443191,10.174697,3.3139122,0.37808853,0,0.64485425,2.609184,0,1.4049472,1.0658722,0.004874372,0,2.3302085,0.076390065,0.30056727,0.62264645,0.5181411,1.6688995,0.9638988,0.44824162,0.27219865,0.1552267,1.3793775,1.5188172,1.381337,0.78907883,2.5744295,2.465491,1.46572,0.4789279,2.4269364,5.2363777,0,0.22149391,0.1919155,0,3.6124542,3.6332424,1.6480888,0.95924616,0,0,13.6842985,44.947144,29.98844,2.3821878,1.7607492,0.3331041,3.1511428,0,1.1626289,0,0.014803201,0.6749459,1.2904532,0.3037123,1.9920963,0.7385365,0.20088175,0,0,0,0,0,0,0,0,0.4031082,0,0,0.89096373,2.2990494,0.7273874,0.99962807,0.6186378,0.2533853,0.72137856,4.272485,0.38002825,0.21168756,0.9591242,0.39057526,38.300556,22.15789,0,0,50.31821,28.002598,29.181528,0,1.1041617,113.595276,63.23036,62.457577,45.55238,17.930798,0.8296712,40.911835,35.45869,4.1831946,26.241545,12.529541,52.983265,41.274628,12.927066,0,281.51553,160.02275,38.468964,167.87273,21.544037,53.397144,45.716896,110.843346,31.674177,5.0336146,56.070557,42.657627,0,0,0,0,0,0,0,0,0,0,0,0,0
TEST_05+5일,4.968325,0,5.4211016,0.7041413,0,1.7079651,0.005145788,0,2.377695,0,0,0,0,0,0,0,0.17860423,0.1091023,0,0.44711408,0.23598252,0.15606539,0,0.2520415,0,0.46593115,0.9114534,6.021395,7.888603,2.50635,1.7125014,2.0936382,1.4053662,0.8561754,0,1.8243116,25.775793,3.27668,1.7135757,15.773221,11.479048,1.1538254,0,0.017212022,0.7085167,0.80412656,0,1.1436095,0.12588906,1.8555142,14.8373,0.8383773,5.2071867,0.7170436,0.90674937,0.003456974,0.18402514,0.5528496,0.27150294,0.500113,11.486905,6.2696795,3.6416402,10.363708,2.7522745,1.153601,0.12820719,0.57291424,2.4100149,0.6526293,2.0821576,0.6934846,0,0.027274227,2.2484188,0.020375073,0.23870377,0.78692716,0.47784644,2.1663072,0.9884764,0.58439827,0.08972781,0,1.388553,1.4894251,1.4212977,0.66249233,2.3622174,2.7186646,20.471914,0.22888294,2.1182706,4.972628,0,0.2896184,0.5628937,0,6.38733,3.0127811,1.9276695,1.4370577,0,0,2.4851854,94.79955,29.125904,2.2726824,1.6861353,0.22939335,3.1542625,0,1.5784096,0,0,0.93219423,1.2075781,0.31773028,2.6439903,0.5974676,0.18572108,0.59705895,0,0,0,0.020661268,0,0,0,1.9435834,0,0,11.502513,1.6229299,0.2827195,0.8814295,0.5706379,0.026545895,0.90125173,3.5982754,0.41059262,0.05718396,1.4624294,0.36408982,33.994762,18.169233,0.009966278,1.169761,45.31773,26.17312,27.485754,0,1.1999091,103.903175,56.90179,57.717007,42.45492,16.877935,1.4047818,38.188988,31.991943,3.8327699,23.977295,11.454288,49.319584,37.65778,11.777059,0,258.0516,147.42976,34.512672,157.36726,20.401052,48.043583,43.138836,102.45371,28.238966,4.6695104,52.463215,39.679424,0,0,0,0,0,0,0,0,0,0,0,0,0
TEST_05+6일,3.0530005,0,6.6273766,1.1993023,0,1.1296865,1.2924737,0,1.6150941,0,0.004498428,0,0,0,0,0,5.332221,0.17120925,0.004574883,2.6811879,1.8306023,0.31945118,0.004025519,1.0745728,2.4325376,1.6161088,5.7242594,30.756231,8.555918,2.799548,2.5069778,2.8204405,2.05115,1.7506951,0,2.0923116,29.364216,4.4645295,1.7687937,20.71683,12.567051,1.7030541,0,0.32224497,0.71751267,1.4636352,0.160215,1.554284,1.0188754,2.5085716,15.645905,0.8133511,6.243451,1.0654167,2.5864182,0.4026763,1.0734013,0.5644933,0.4218552,0.12267853,13.413681,7.685094,5.3893375,11.508913,3.5201974,1.6251465,0.7732793,0.9985337,3.126675,0.9362959,2.512201,1.8668883,0.2527743,0.21963346,2.9388163,0.32616484,0.45212054,1.2006818,0.49429223,3.047904,2.0083783,0.5177342,1.1462151,0.5213496,1.738563,2.1872487,2.7055018,1.0825709,2.5479896,3.6185358,24.881567,0.906028,3.3481233,6.485383,0.20746489,0.8206571,0.48130298,0.009978575,4.6482654,4.2669253,2.6547902,1.1164292,0.9420852,0,22.39745,65.61257,33.597042,3.6523037,2.1477253,0.6703479,4.345112,0.18743534,2.0241308,0.047361083,0.05613817,0.86655855,1.8224831,0.89774495,3.4104505,0.9039133,0.64584035,3.2769322,0,0,0.0330858,0.22745004,0,0.017439706,0,1.6477555,0,0,18.133865,3.2624588,1.8485152,2.6828048,1.2492352,0.6646735,1.264439,6.1290665,0.89337796,0.7328269,2.2810376,1.6290497,38.25881,31.34255,8.976482,2.8781188,49.699688,30.317823,32.074013,0,2.261887,123.97278,74.23266,68.484856,43.436825,18.57468,2.1523316,43.38099,34.4021,4.558652,30.201689,14.147684,54.839455,48.86279,14.140798,0,332.1882,187.1095,42.935635,201.76172,25.970041,61.061554,55.966682,122.97552,32.815273,5.143291,66.69552,51.560883,0,0,0,0,0,0,0,0,0,0,0,0,0
TEST_05+7일,0.8521447,0,7.4088936,1.6391948,0.026097227,0.41711769,0.8446719,0,0.28395343,0.014617992,0.002284044,0,0,0,0,0,2.7928808,0.06810667,0.033672404,0.12225075,1.2549056,0.74923295,0.07258349,0.62899965,4.687114,0.37076578,6.7091417,35.855995,12.686716,3.8913949,3.560188,3.6679616,1.5261506,2.2261207,0,3.0952642,38.75854,5.870283,1.2118877,29.484278,19.449156,1.0566167,0,0.5244354,0.15327814,2.668671,0.595961,2.273042,1.2549301,3.4041665,18.835068,1.1436919,7.5999374,1.5521988,3.0314283,0.7623389,1.3560923,0.45430157,0.46314412,0.007453871,18.870428,12.511334,9.741527,13.605959,6.232981,1.0811232,0.76111937,1.4613627,4.202393,0.14182709,2.4292517,3.712902,0.5456395,0.5035076,3.2583854,1.1330518,0.79680675,1.5213069,0.70435095,3.1201618,2.7249062,0.54645985,2.5209243,1.7649816,1.990754,4.2694845,4.042932,1.4180005,3.298062,4.0287223,3.823116,2.207028,5.0992904,9.332341,0.7618192,1.0163273,0.14694618,0.4405652,2.045023,6.592758,3.0358183,0.39482078,2.1062174,0,102.48991,1.2190377,44.068943,5.1335764,3.8172536,1.768898,6.2164283,0.40359208,1.8708048,0.42832395,0.5292992,0.39262295,2.7348464,1.568316,3.2460706,1.4247483,1.0366645,0.29885674,0,0,0.06043094,0,0,0,0,0.10451579,0,0,3.4898884,6.257224,4.65988,4.6699176,2.337176,2.096564,2.1095994,11.113491,1.6247028,2.076113,2.850191,2.6716192,53.18635,55.81133,10.604395,1.693085,67.7308,43.449505,43.961914,0,3.367251,179.10887,114.39264,103.3178,58.25787,26.011457,2.1361012,56.184032,52.82809,5.370388,43.305317,20.072159,82.18679,74.55853,20.434362,0,508.7881,277.27936,68.857414,301.2544,38.921387,94.07446,82.72304,178.161,49.131737,7.1935115,99.35683,77.05562,0,0,0,0,0,0,0,0,0,0,0,0,0
TEST_06+1일,0.20373361,0,7.285512,0.7097501,0.1366015,0,0,0,0.08782845,0,0,0,0,0,0,0,0.35244125,0,0,0,0,0,0,0,1.0883359,0,0,0.3850193,10.124141,3.0085633,1.7237695,2.2202528,1.8474668,0.502237,0,1.9349712,27.744902,6.4620004,1.3943993,21.20284,13.778757,0.075228214,0,0.38148606,0.058244843,1.2655121,0,2.0994115,0.18510742,3.3344948,26.869864,0.8822629,8.3707905,0.2455821,1.8794078,0,1.3455569,1.6112769,0.7889356,0.4111808,18.670885,4.404418,1.940976,12.602122,0.7568917,0.46393013,0.28907737,0.35207614,3.5579154,0.787945,1.6316032,1.9366038,0.4471344,0,2.1917996,0.06628387,0.2974162,1.3321309,0.19477685,3.160259,2.4744165,1.0464009,0.63051873,0.3509965,1.3708768,0.7339658,2.8214567,1.4554399,1.8211876,2.9154286,0,1.0579239,2.6768854,7.8639,0.41002187,0,0.3502643,0.03685082,2.4902115,5.1773715,0.8223433,0.013838482,0.27501732,0,51.61742,0,27.553984,4.080223,2.1666684,0.9412239,3.259353,0,0.99147016,0.08213612,0.07796325,0.5627946,1.716465,0.4288737,2.037477,0.21750203,0.24113412,0,0,0,0,0,0,0,0,0,0,0,0,4.1468415,0.6165839,5.203434,2.952732,1.5666595,1.6540679,9.206973,2.0863554,0.9038815,3.9352767,2.1773555,69.51458,30.17298,0,0,56.53265,66.85955,49.49539,35.647984,4.6053996,183.6929,127.84595,133.04544,56.347706,22.488459,0.37935302,53.672485,64.38714,3.6845932,40.185284,20.134975,80.35906,73.70111,30.537962,0,401.71823,243.19246,68.87016,200.63367,32.56954,70.55367,57.809998,169.54279,38.521984,8.709811,62.959106,65.09482,0,0,0,0,0,0,0,0,0,0,0,0,0
TEST_06+2일,0.05626407,0,3.5913835,0.48554817,0,0.062241424,0,0,0.3466946,0,0,0,0,0,0,0,0,0,0,0,0,0,0,0.15496793,0,0.36476842,0,0.5049,4.753386,1.2910472,0.65469927,0.561563,0.12283895,0.04023993,0,0.2663047,12.790236,2.6649213,0.04924674,10.134421,8.427253,0,0,0,0,0.68244714,0,0.2513798,0.050392654,0.814182,14.030678,0.11478937,6.839573,0,0.5953323,0,0.3862504,0.27284232,0.15254621,0.014423323,7.094536,1.0543268,1.2727857,6.8555865,0,0.03063934,0.005605388,0.046670463,1.8216012,0.20918322,0.5255454,0.67168957,0.031287458,0,1.3333018,0,0,0.6460878,0,1.1345719,0.8473576,0.27231666,0.18944624,0,0.6369349,0.21264414,1.0326418,0.6540229,1.1979535,1.4092813,1.1010312,0.45383295,1.0494099,3.7670205,0,0.3184832,0,0,2.4598367,2.4082913,0.2536269,0.043661334,0,0,5.1380486,25.489893,23.967443,2.3431618,0.60405195,0.028862238,1.011994,0,0.43635878,0,0.020271957,0.09278836,0.40314946,0,0.52929336,0.056272436,0.002051985,0,0,0,0,0,0,0,0,0,0,0,0,1.248092,0,1.7344601,1.3215033,0.1886373,0.42749557,3.7881806,0.19691148,0.15416883,1.2842457,0.43739605,45.269814,8.975017,0,0,46.526012,38.282627,33.57416,16.934788,2.427079,109.35717,72.08214,70.25106,46.76537,15.393893,0,37.15955,42.543262,3.092299,27.572132,14.045657,53.253872,43.667328,16.514868,0,238.0435,142.98764,25.083063,72.8126,11.848902,38.09576,16.117249,82.73464,19.908741,2.3607304,25.94996,31.089964,0,0,0,0,0,0,0,0,0,0,0,0,0
TEST_06+3일,0.6022143,0,3.4006886,1.2112283,0,0.31388688,0,0,0.9858435,0.001259238,0,0,0,0,0,0,0,0,0,0.21184711,0.04311514,0,0.002479571,0.22743212,1.7040733,7.0730095,0.12575173,15.701686,5.0166206,2.0480464,1.5590514,0.9747138,0.44252664,0.12291117,0,0.28183895,17.098886,2.8443265,0.60500145,13.48443,9.33982,0.13399218,0,0,0,1.0610138,0,0.931893,0,1.1920803,13.605918,0.000762284,7.0353656,0.01624074,0.76881677,0,0.06540652,0.11796184,0.22226627,0,7.3912454,0.8786759,2.548425,7.9632034,0.17319289,0.22445169,0.056152154,0.40040454,1.7847502,0.40665397,0.97222406,1.0054235,0.15679954,0.091071576,1.3609095,0,0.07308169,0.746236,0.21464042,1.2425169,0.91919166,0.5841786,0.40325537,0.16111551,1.0054519,0.59655994,1.3306562,0.9018775,1.5166963,2.0363472,2.6616032,0.5533447,2.1698928,5.0810313,0.03236376,1.7553691,0,0,3.6794107,2.6458623,0.6816354,0.39359933,0,0,1.8938938,37.144653,21.078869,3.0025918,0.36679778,0.11242943,1.7732149,0,0.63653374,0.10677636,0.028764343,0.22200632,0.80715746,0.055348422,0.87810576,0.5107716,0.06941861,4.2977495,0,0.021146912,0,0,0,0,0.092878185,0.3488073,0.002297181,0,0,1.6690384,0.79016197,2.5685585,1.3446068,0.5625261,0.78614706,4.921717,0.44442067,0.45463225,1.344661,1.0046297,45.82838,19.323988,0.59475994,9.221406,50.404156,40.25314,32.398952,18.392021,3.0833337,113.525444,82.4754,72.2928,49.54467,14.462273,0,37.72773,39.081474,3.5906274,30.7255,13.777408,54.219738,50.685078,17.060518,0,262.24042,154.58989,29.41094,104.105736,13.987081,39.840797,22.555542,91.00771,19.818647,2.6988373,37.58839,35.38548,0,0,0,0,0,0,0,0,0,0,0,0,0
TEST_06+4일,1.6695522,0,3.9696472,1.2917485,0,0.65112054,0,0,1.2129462,0.001017988,0,0,0,0,0,0,0,0,0.02784353,0.27756605,1.3620685,0.093012504,0.005879605,0.48662376,2.256307,23.020748,6.9813952,17.458906,6.154491,2.5106418,1.7433542,1.2828051,0.7797411,0.20411237,0,0.7096179,20.014631,3.6308224,0.7682919,15.118245,10.66212,0.32707322,0,0,0.05916332,0.9028248,0,1.4363617,0.005919898,1.6839554,15.306716,0.064745404,6.8288116,0.033989586,1.0205034,0.04527828,0.18709235,0.33885694,0.3931742,0.01740039,9.339213,1.3949238,4.127691,8.932279,0,0.25855803,0.24142662,0.5886419,2.035822,0.54803056,1.3578686,1.2367321,0.23626328,0.44105315,1.3249849,0.05163768,0.31524536,0.9122345,0.367854,1.4913027,1.1100501,0.65948164,0.404344,0.3081406,1.1433899,0.6404096,1.5876976,1.046993,1.8406537,2.3072586,51.382668,0.5926737,2.5151348,5.891437,0.13849355,0.3871381,0.08045249,0.047137316,5.4314637,3.1051629,0.8068699,0.8173375,0.037451603,0,10.249594,54.7357,21.338459,3.4445894,0.564749,0.28144664,2.4916065,0.029882235,0.8261062,0.53800434,0.017505748,0.3996051,0.98876584,0.23133186,1.2121983,0.8969183,0.17830823,4.3386564,0.13814491,0.22290197,0.061076712,0.14802817,0.122476354,0,0.4960849,1.1624197,0.05188799,0,6.3292465,2.0106568,1.6207863,3.1939313,1.4095107,0.8311678,0.9892864,5.925668,0.89734524,0.59724385,1.9461851,1.2421637,50.54115,21.092798,0.304653,9.182308,53.20524,45.070168,34.862167,20.779984,3.3888822,126.91857,91.45205,83.706375,51.419777,15.600496,0,41.282005,43.190273,4.1666617,32.69478,14.782241,59.196053,57.694134,19.437248,0,298.49414,176.41264,37.621338,124.93945,18.026152,45.818615,29.39945,108.898964,22.757599,4.025863,43.831474,42.317055,0,0,0,0,0,0,0,0,0,0,0,0,0
TEST_06+5일,2.7014418,0,3.2041519,1.7891346,0,2.1645038,0.19565792,0,1.8935932,0.1645876,0,0,0,0,0,0,0.46595812,0.000449038,0.20695892,2.5668175,2.1049607,0.4492351,0.10744911,1.97555,2.8749216,28.162046,11.236484,21.377253,4.7855253,2.450674,3.0121484,1.249898,0.49941847,0.30723253,0,0.7304475,19.242882,2.86316,0.7408461,15.130213,9.035703,0.9535716,0,0,0.15900016,0.7488484,0.09154387,1.2516873,0.057320565,1.6844292,13.36171,0.004429353,5.895971,0.11223399,0.60173863,0.46499944,0.2232933,0.13105714,0.25320292,0,8.120903,1.1519669,6.914824,9.47273,5.2989635,0.24064703,0.24940458,1.1731751,1.4542917,0.5582018,1.5064058,1.2446804,0.29210407,0.95495456,1.2186688,0.1198036,0.402343,0.8506508,0.40704814,1.0619944,0.7685206,0.53353304,0.52146333,0.42768738,1.3884553,1.2376299,1.6885468,0.9174803,2.2633855,2.160622,114.93439,0.55330706,2.7066674,5.7192445,0.0876282,1.7630004,0.04399363,0.06565796,11.968086,2.468973,0.81811994,1.724939,0.1869252,0,2.8969834,98.8591,21.6202,3.0521889,0.32367477,0.1662708,2.1326838,0.16040185,0.8653123,0.6366052,0.1136144,0.67930984,1.0486482,0.25474533,0.99388456,1.5495092,0.36554256,17.342741,0.64944845,0.92514366,0.44146475,0.43985686,0.5119353,0,1.1361141,3.5148861,0.46234208,0.1832095,19.966898,1.6564693,3.2677598,2.6853693,1.0837665,0.6150789,0.9411933,5.3688607,0.5664836,0.5787322,1.535288,1.4980195,46.661465,24.120327,5.624378,35.585903,52.395397,41.573544,32.632908,18.537104,2.8924387,117.57051,83.519104,75.49581,51.305336,14.672249,0.33093455,39.94626,41.13206,4.9092546,30.853748,14.031336,55.411495,53.741253,17.12052,0,287.07565,169.38228,35.50509,126.08716,15.9952545,43.14432,29.488407,101.783455,20.695734,3.3057497,44.460598,39.23846,0,0,0,0,0,0,0,0,0,0,0,0,0
TEST_06+6일,2.6119516,0.0164183,4.069145,3.2203057,0.010112298,1.6686867,4.816175,0.0164183,1.7141618,0.3024113,0.0164183,0.017022211,0.04475199,0.0164183,0.0164183,0.0164183,3.2437687,0.2888516,0.2651747,4.565188,7.2520866,0.37920997,0.43132257,1.1924886,9.885408,14.537625,5.0477133,24.446579,7.6697097,4.2236705,3.936416,2.8342476,2.2518265,0.8134473,0.0164183,1.9174198,34.42256,5.617481,2.81642,27.416174,12.763431,1.0542543,0.0164183,0.42788526,0.54521626,1.2395258,0.17681496,4.535812,0.06697013,3.8487625,21.579077,0.35218456,7.736235,0.49535304,2.12465,1.1032944,0.512908,0.77162117,0.7411902,0.006807995,14.788814,4.2731733,6.2199016,14.797553,17.840347,1.239631,0.6395095,2.3069527,2.6014984,0.8931126,2.6859765,3.056841,0.75436467,1.0270251,2.3926456,0.8328151,1.1523923,1.3133198,0.6081091,2.703311,1.8424495,1.4805003,0.85673535,1.451814,2.0506387,2.015579,2.9678202,1.569601,2.556874,3.651986,51.474854,1.4246196,4.9526277,10.449411,0.66540474,4.9080486,0.4953229,0.52392316,10.907064,4.893423,1.8087085,2.0231414,1.9099121,0.076600455,24.675266,76.518105,23.844543,4.7735786,1.7405242,0.5802253,4.042619,0.5801299,1.3813255,0.41479078,0.29005125,1.145054,2.2785385,1.6694176,2.271658,1.7909044,1.0357075,17.931587,0.6157856,0.9262479,0.48750553,0.6237735,0.4253287,0.0164183,0.7843287,3.7716026,0.32613614,0.17409879,28.827406,4.137531,6.4759674,6.4792533,2.2656643,2.5784466,2.529761,9.913577,2.128152,1.6148857,3.0217607,3.6482575,63.389965,57.90473,10.192637,55.828278,64.15931,58.918617,40.017952,33.068768,5.2260985,167.82832,133.77174,122.344215,65.80414,20.410002,1.5812732,52.404877,52.80456,5.40323,45.580444,20.197687,78.12872,76.22198,26.964087,0.0164183,496.14493,284.81845,69.87733,285.96603,36.081722,70.372826,78.32001,185.17967,32.0489,8.381976,94.83345,72.20858,0.0164183,0.0164183,0.0164183,0.0164183,0.0164183,0.0164183,0.0164183,0.0164183,0.0164183,0.0164183,0.0164183,0.0164183,0.0164183
TEST_06+7일,1.2789626,0.0320543,7.4735045,2.7601204,0.458566,0.041069318,6.0081,0.0320543,0.56956166,0.21146722,0.0320543,0.038210023,0.23650889,0.0320543,0.0320543,0.0320543,6.4572177,0.4733831,0.18608399,3.602453,5.201398,0.13012098,0.3614913,0,11.413539,6.824147,0.776213,11.241068,13.478401,5.5422707,3.6575131,4.4010234,4.3100667,1.3492875,0.0320543,3.4130025,49.5339,9.7768135,4.29407,37.993103,18.705944,0.7295694,0.0320543,2.4137268,0.6883334,1.8460582,0.19359544,6.821916,0.20134488,6.08114,35.766445,1.4086894,10.482822,0.75675136,3.7363153,0.72530776,1.3605472,2.1414242,1.4264803,0.48355293,25.668165,7.7686434,4.663021,20.056402,11.69856,1.8085527,1.2542775,2.0318372,4.728318,1.2065085,3.346011,4.194169,1.1872562,0.34808594,3.3596141,1.0343233,1.6112989,2.0533903,0.6028826,4.94313,3.6554368,2.2967,1.4230301,1.7692959,2.3356953,1.9130499,4.369509,2.3224704,2.8299286,5.1320577,0,2.1131716,6.322953,14.594863,1.27206,2.1685154,1.0972338,0.7858873,5.4447927,8.142501,2.2895896,1.1251227,2.9819894,0.26074883,74.09715,5.3410153,27.921453,6.4503236,3.6936548,1.7085499,6.0235457,0.4416252,1.8490876,0.28036234,0.5242805,1.2384559,3.3986967,2.5778768,3.8315217,1.3419431,1.3227633,1.95336,0.02556377,0,0.041110784,0.16596632,0,0.0320543,0,0.5092788,0,0,22.041986,7.144634,5.5372944,10.123346,3.981943,4.3318267,3.6881244,15.154729,4.102684,2.3230226,5.503915,5.1534777,88.18231,77.33768,9.7233,21.643604,73.71846,87.756935,55.47245,52.781227,7.6756287,241.67622,194.21025,188.19832,76.16509,28.169592,3.3483257,67.769424,73.151184,5.2240024,59.6644,26.717941,106.995766,104.16221,42.287403,0.0320543,664.38257,384.73672,106.30251,399.40988,56.768494,103.10375,116.80273,272.8843,50.762577,14.041382,126.54494,106.10339,0.0320543,0.0320543,0.0320543,0.0320543,0.0320543,0.0320543,0.0320543,0.0320543,0.0320543,0.0320543,0.0320543,0.0320543,0.0320543
TEST_07+1일,0.17600875,0.08505496,3.0999653,0.43598562,0.11620673,0.16079491,0,0,1.3744262,0.010496265,0,0.008998546,0.020121878,0,0,0,0,0.11253142,0.05106696,0,0,0.003985459,0.002029673,0,0.9153045,0,0,0.040874865,4.380179,2.4169376,1.6597229,1.8355885,1.2194057,0.19374476,0,1.6232284,18.136347,0.7872473,0.62391365,10.378786,7.092602,0.7798616,0,0.013993138,0.049856137,0.4895638,0.056294005,2.2348192,0.31322697,2.3719614,8.503982,0.43882236,3.122639,0.51478666,1.2888538,0.025951132,0.09090681,0.39267406,0.2347838,0.34879762,7.2128944,1.8364013,3.1943743,5.517818,2.6107976,0.42191896,0.23264031,0.21710563,0.7293101,0.63730496,0.57201093,0.9264145,0.22511359,0.018976972,0.8611927,0.14216872,0.15156458,0.2810628,0.03753258,0.9204834,0.047730345,0.2245595,0.18182087,0.20083283,0.27918407,0.21883681,0.7304572,0.5396607,0.6979196,1.009136,0,0.83494467,1.990158,5.1361885,0.2718002,0.10997311,0.6800849,0.14228769,0.5256058,3.0146291,0.6321581,0.50430566,0.84385836,0.010025702,33.62927,0.020687103,16.08418,2.8396275,1.2921714,0.14986078,2.5227735,0.076646134,0.6309686,0.8496122,0.04988458,0.29625937,0.7844941,0.6638977,1.0262117,0.59957725,0.71426594,0,0.000800581,0,0,0,0,0,0,0,0,0,1.0323241,2.2949836,0.18663752,1.4200667,0.60335827,0.7253314,0.635207,4.2792163,1.0129098,0.43612057,0.8591601,0.32785818,11.582885,4.5791473,0,0,11.1781025,8.340026,4.6920233,3.5604284,0.2222456,20.959295,18.052845,21.487211,9.086261,4.575792,0.38224298,6.790754,9.055008,0.35338333,4.962031,1.8205506,11.504166,10.674405,5.3719883,0,41.627285,28.721918,10.91642,26.828077,3.6977768,7.8905425,12.429589,21.965414,3.7704084,1.5082077,8.852257,7.6705904,0,0,0,0,0,0,0,0,0,0,0,0,0
TEST_07+2일,0,0,0.34584475,0,0,0.053208172,1.0586472,0,0.13779454,0,0,0,0,0,0,0,1.8485924,0,0,3.660555,0.8168918,0,0,0,3.1715076,1.5472852,0,0.1489418,1.3066273,0.5338287,0.30076692,0.26026443,0.10150337,0.026767755,0,0.2862913,3.131363,0.1574748,0.20260571,1.544574,1.8155813,0.03891269,0,0,0,0.16098376,0,0.16812153,0,0.21417864,1.7645291,0.020311976,0.6453056,0.040338952,0.05330459,0,0,0,0.033005584,0,1.1247472,0.18233566,0.64218134,1.0594155,0.41150656,0.02571777,0,0.011402935,0.15647323,0.10361979,0,0.14486067,0.019053627,0,0.09225068,0,0,0.00498401,0,0.039394975,0,0.014089644,0.002535987,0.0042611,0,0.000448298,0.17968225,0.046705067,0.13172983,0.20468591,0.021764947,0.045706727,0.22900064,0.44673806,0.040392578,0,0,0,0,0.2557591,0,0.05345359,0.029438568,0,1.2999295,9.926894,4.266783,0.2126814,0.18365782,0.03358812,0.28537297,0,0.004794085,0.013303543,0,0.044632114,0.0815617,0.054836642,0.19316666,0.053801358,0.08530586,0,0,0,0,0,0,0,0.022314442,0,0.011068538,0,1.8883572,0.20476075,0,0.14013748,0.040540468,0.044575192,0.07738353,0.68714345,0.12617365,0,0.09943743,0,2.5549958,0.31932375,0,13.319321,1.6457405,1.1063069,0.45675737,0.28871536,0.0725498,1.4220688,3.255642,2.9229188,1.3517941,0.5853247,0.23620167,0.9815418,1.4644841,0.13836713,0.55034316,0.2718502,1.3184155,2.373077,0.57024634,0,1.0923432,0.88683623,1.2940922,4.458783,0.80841225,0.38552973,2.7046287,2.3333879,0.4082163,0.19119835,1.1540383,1.3677301,0,0,0,0,0,0,0,0,0,0,0,0,0
TEST_07+3일,0.1108702,0,0.704727,0.19702272,0,0.09159916,0.38709903,0,0.05707655,0,0,0,0,0,0,0,0.85090446,0,0,0.2113597,0.571835,0,0,0,1.8542023,0.50203913,0.014308977,2.5380933,0.23578607,0.011683512,0.044625472,0.16294523,0.041923475,0.016935075,0,0.2160807,2.2410223,0.53446025,0.34976003,2.174685,0.41068593,0.019706119,0,0,0,0.27596244,0,0.18778956,0,0.12704086,1.7505051,0,0.76686686,0,0.009296417,0,0.04910728,0,0.024448073,0,0.7444267,0.59271854,0.28628603,1.0078235,0.23911503,0.004476297,0,0,0.068274856,0.033230484,0.03273778,0.14817455,0.025276441,0,0.06709438,0.028525537,0,0,0,0.039470673,0,0.01915505,0,0.022946252,0,0.050593495,0.031037152,0.04338664,0.122618616,0.13325845,2.503002,0.035388198,0.3212989,0.45766076,0.10536559,0.06476181,0,0,0.4703125,0.13930202,0.015793039,0.028598243,0,0,0,4.9744425,2.052243,0.21962972,0.19117439,0.003765416,0.9280697,0,0.06719954,0,0,0.08774746,0.14110053,0.06953335,0.2616818,0.040263783,0.06751565,0.17101184,0,0,0,0,0,0,0,0,0,0,1.5288523,0.17092824,0.35344562,0.2825873,0.10728263,0.12652725,0.16006748,1.0332159,0.041486192,0.06567675,0.20239353,0.13188837,1.2129887,3.430751,0,11.302255,1.1296875,1.0554777,0.3939251,0.17708607,0.06658933,1.7634315,0.8169525,1.9109665,1.5760475,0.5695487,0.1358299,0.67712826,0.7948105,0.13255616,0.49811003,0.32064438,1.0095993,0.7617294,0.44646215,0,1.5146515,1.4879944,0.98465043,3.6841257,0.7562437,0.15503693,1.9194107,1.8154541,0.22651386,0.08748188,0.8208794,0.9807106,0,0,0,0,0,0,0,0,0,0,0,0,0
TEST_07+4일,0.111536264,2.546744,1.1252127,0.3168606,0,0.05253872,0.90070534,0,0.14322679,0,0,0,0,0,0,0,1.2338084,0,0.001065949,3.7434564,0.76746583,0,0,0,3.3587747,5.8578987,2.4731433,1.2619866,0.43662903,0.01578169,0.094499044,0.2376734,0.07983804,0.068302,0,0.39415523,3.1434028,0.4907437,0.41050464,3.2177474,0.55271,0.03256886,0,0,0,0.30582473,0,0.44369555,0,0.41132852,2.354159,0,0.8563108,0.000345564,0.09441643,0,0,0,0.015208686,0,1.3547032,0.39176217,0.4702478,1.4349759,0.44040194,0.012109101,0,0,0.085311435,0.03409635,0.03221631,0.16209562,0.014905596,0,0.08378003,0,0,0,0,0.020242715,0,0.012824321,0,0,0.052513003,0.018473554,0.03727306,0.044374704,0.14971137,0.15455554,7.3502173,0.09041476,0.5902811,1.2183468,0.10856322,0.044671893,0,0,0.5468751,0.69749135,0.13223663,0.08668341,0.021385146,0,0.559478,8.705289,3.2074668,0.649388,0.33693382,0.006054986,1.265211,0.001615393,0.18920293,0.031971514,0,0.12933913,0.22179003,0.0940335,0.25479564,0.16239297,0.07646205,0.002788258,0,0,0,0.003819803,0,0,0,0.056720037,0,0,1.1759765,0.4718156,0.2187591,0.42538267,0.19268988,0.19028494,0.18406849,1.4459013,0.12318881,0.056303658,0.28165704,0.20738962,1.3987076,1.0783802,1.2607372,20.764193,1.5513699,1.2136246,0.71846735,0.41992876,0.09823573,2.0669496,0.7384033,2.1099014,2.3193033,0.8166976,0.13089299,1.1117938,1.5099007,0.16797887,0.592631,0.44379368,1.1756867,0.8838272,0.44770756,0,2.6956422,2.0703018,1.0945534,4.5121055,0.8583204,0.53478736,2.483825,1.8188012,0.3680311,0.21813297,0.87075806,1.2182938,0,0,0,0,0,0,0,0,0,0,0,0,0
TEST_07+5일,0.15059258,10.511684,0.80508804,0.34440476,0,0.18339445,4.181385,0,0.037965085,0,0,0.011194125,0,0,0,0,6.7983713,0,0.090949215,17.16043,3.0682375,0.028606653,0,0.18424062,15.846321,18.795643,9.320909,14.212923,0.28399345,0.026424456,0.06571963,0.28989917,0.038867738,0.10745206,0,0.17613725,3.1291976,1.3600724,0.62720484,3.7346344,0.32062197,0.015473402,0,0.002106126,0,0.70713615,0,0.2991105,0.0213274,0.23228501,2.4373915,0,0.81483173,0.007499522,0.07046272,0.09465734,0.22095318,0,0.06279284,0,1.1251248,0.9609186,0.26332936,1.6462578,0.25666055,0,0,0,0.12688363,0.039749827,0.04173131,0.24330416,0.104984306,0.020826364,0.049340416,0.08803895,0,0.013694525,0.052398648,0.056111194,0.06116991,0.11445805,0,0.04106468,0.19359224,0.21976435,0,0.034351457,0.215843,0.16196835,22.700369,0.04367117,0.5243973,0.6729467,0.11855812,0.1591985,0,0,2.9619126,0.31646356,0.11359509,0.1173177,0.057896018,0,0.5853878,24.363352,1.8061965,0.41140428,0.27079877,0.005562007,1.2838832,0,0.1517148,0,0,0.1649599,0.20386417,0.07604326,0.34028873,0.18210018,0.07865876,2.1362684,0.008598051,0.02726761,0.09922812,0.19137332,0.06795685,0.12079831,0.12503289,0.45297948,0.19535711,0.043816335,6.676468,0.28894678,1.66163,0.6450452,0.2538982,0.19359472,0.27755156,1.6492003,0.17382489,0.3729839,0.5856948,0.86038506,2.1781807,4.664301,17.828144,58.953133,2.6213708,1.8622001,1.9882265,0.73671407,0.36934066,6.960337,2.967179,3.9480875,5.66996,1.4108671,0.17413114,1.932701,2.6644635,0.62169516,2.0736077,1.2272415,3.4804611,1.8730195,0.7893101,0,9.214665,6.253755,2.196788,9.1901655,1.8819714,1.478363,3.0694613,5.448233,1.2448367,0.33202037,2.353497,2.5357292,0,0,0,0,0,0,0,0,0,0,0,0,0
TEST_07+6일,0.9755133,1.569125,4.6965485,2.777048,0.003319663,0.52872074,2.465227,0.000185885,0.7303425,0.013043568,0.000185885,0.21355517,0.023092307,0.000185885,0.000185885,0.000185885,3.6377409,0.37581024,0.65290123,6.6906867,2.2521245,0.035207745,0.005594784,0.14169273,14.26644,7.8754587,7.3101845,15.032361,1.9567906,0.84532464,0.69796306,1.4111841,0.70195955,0.8076048,0.000185885,1.131373,15.982218,3.195879,1.0530701,15.799225,2.8559017,0.55876875,0.000185885,0.3609938,0.052587926,1.4251026,0.040334817,1.7479874,0.47700238,2.313235,9.361733,0.08189601,3.3415248,0.13316472,0.6382498,0.08709894,1.0516516,0.2085423,0.33398533,0.15358482,6.318486,3.0573342,1.7699121,6.1769633,1.4795183,0.30411837,0.33261916,0.26089317,1.0020859,0.4530613,0.55984366,1.3141978,0.5166447,0.04560099,0.6120361,0.5218188,0.16036396,0.3135091,0.08721848,0.9432522,0.16116488,0.54940957,0.17653754,0.4081958,0.5989604,1.0347707,0.2694617,0.5598833,0.9024858,0.9732191,16.92314,0.6742522,2.6303432,5.4220843,0.6098961,0.32718647,0.10487371,0.00669117,5.7889266,3.7520878,1.8910391,0.87629473,1.2936355,0.02187552,15.982444,17.819212,10.210981,2.9617178,1.3704795,0.10220405,4.295936,0.1566708,1.0620607,0.49822313,0.07933123,0.69111645,0.89634556,0.8824734,1.0113814,1.3824015,0.6188082,2.7266545,0.015633339,0.037110023,0.11584156,0.09170242,0.04471364,0.14907433,0.094738334,0.25046003,0.1505438,0.06034824,5.1625886,2.9060037,3.4405339,2.4639535,1.7837727,1.2097131,1.187009,5.787376,1.4562676,1.641584,2.212028,2.5205767,11.824349,15.776181,25.00687,38.377785,13.185236,9.957534,8.040877,4.843962,0.6116436,33.40488,21.200653,29.4803,15.927582,6.814592,0.34050396,8.5178385,10.5821905,0.9665632,8.119235,4.3853984,17.11095,10.972893,6.370351,0.000185885,76.43688,48.74927,12.552081,44.312366,6.7854853,13.023318,15.579147,36.345028,6.265453,2.1225555,13.624942,12.825096,0.000185885,0.000185885,0.000185885,0.000185885,0.000185885,0.000185885,0.000185885,0.000185885,0.000185885,0.000185885,0.000185885,0.000185885,0.000185885
TEST_07+7일,1.364395,0,7.7451286,3.4491174,0.48162195,0.68498296,0,0.01248067,2.1602933,0.054104395,0.01248067,0.20439593,0.023568703,0.01248067,0.01248067,0.01248067,0,0.8878458,0.7241942,0,0,0.027602995,0.032820832,0,2.7179155,0,0.62192845,2.0039196,5.77382,3.3219528,2.3148599,3.0844507,1.9671992,1.247035,0.01248067,2.6696713,30.87,3.170591,1.3997626,24.556736,9.516052,1.4984709,0.01248067,0.42821738,0.32058236,1.4573737,0.45339066,4.317617,1.12862,5.06425,16.062597,0.69629586,6.0966926,0.7843954,1.8653077,0.049569946,1.2388777,0.8464104,0.658993,0.7087499,12.766181,4.922102,4.6949496,10.273078,3.8220882,0.7676942,0.7945132,0.67215633,1.9842961,1.0673974,1.2183324,2.2682655,0.85150355,0.018753832,1.5325526,0.877135,0.5658846,0.6892811,0.082378805,2.0757496,0.37312952,0.76531476,0.573532,0.722804,1.0516981,1.5578755,0.95003015,1.1259856,1.5131086,1.8773578,0.5747759,1.6184868,4.5740657,11.018184,1.0936877,0.3580853,1.305082,0.66217136,5.6667457,7.401775,3.2861302,1.5640913,2.8343885,0.12372669,59.82085,2.2220922,22.739557,6.077329,2.560389,0.39863536,7.1374927,0.4456423,1.9822931,1.8345422,0.5122313,1.0462817,1.7544308,1.6559013,1.8797926,2.3490026,1.5040783,1.1296536,0,0,0,0,0,0.020767456,0,0,0,0,0.49883872,5.7518926,2.902684,3.6161773,2.6919,2.0515115,1.8937505,9.130554,2.709974,2.0450113,2.9276922,2.5097988,20.624374,21.913023,5.913147,0,22.296782,17.986883,12.726249,8.331138,0.6528241,52.699543,40.27851,50.837032,22.623781,11.077347,0.5496504,14.574114,18.278965,1.0858328,12.326096,6.168543,27.423033,20.775696,11.847572,0.01248067,123.87673,79.949394,23.123661,69.97614,10.070563,21.492212,26.386066,58.6993,9.913858,3.648068,22.656485,20.506525,0.01248067,0.01248067,0.01248067,0.01248067,0.01248067,0.01248067,0.01248067,0.01248067,0.01248067,0.01248067,0.01248067,0.01248067,0.01248067
TEST_08+1일,1.0890511,0,4.2340465,2.4220245,0.34382293,0.02248974,0,0,0.1108613,0.084994875,0.39262962,0.103363395,0,0,0,0,0,0.38225767,0,0,0,0.41481343,0.14818177,0,0,0,0,0,12.857674,1.1075633,2.2382102,3.433249,0.78365993,0.95277005,0.013977346,4.076671,21.14272,0,2.6770785,14.872684,11.991402,0.42767915,1.4767736,0,0.16898496,1.9100544,0.09245073,0.47927937,0.06404778,1.5449538,7.730054,0.37662432,2.5448594,0.107154846,1.8320414,0.23984718,0.33738086,0.60903645,0.14279912,0,3.9779541,9.955886,13.742698,5.28314,14.279239,0.7631714,0.22348976,0.5827015,2.3525083,0.124271214,0.48450586,1.5466813,0.7760681,0.07604159,2.2894628,0,0.060957253,0.9257328,0.022152497,1.0230315,0.16437261,0.07328653,0.3348734,1.5213426,1.1335486,0,0.79960555,0.75296426,1.9056371,1.6839594,0,1.170964,1.5320044,2.421694,0.05675708,0.054611064,0.001467867,0.24048705,5.541157,2.7414873,0.4983355,0.5388366,2.8413498,0.00957605,110.23938,0.08283005,25.527859,1.6866034,1.1323704,0.22537401,0.8075145,0.07660252,0.40137646,0.6111723,0.089032605,0.88984233,0.07084782,0.26114345,0.5923427,0.6265652,0,0,0,0,0,0,0,0,0,0,0,0,0,0.55285645,0.56704277,0.457887,0.19278131,0.09439603,0.31797144,1.0403639,0.039609697,0.35320282,0.38262397,0.555218,0.5856504,0,0,0,4.4437833,0,2.1944113,0,0,6.420546,0,0,9.097799,2.2956073,0,0,4.777476,0.024773845,3.8380177,1.9957612,3.164337,0,0,2.1943588,1.3559458,1.0848696,0,0.5245673,0,0.75323385,1.5520251,4.1571407,0.23906694,0.20380752,0.004597089,0.6152271,16.940989,9.4439335,31.875385,2.713454,12.783706,15.622385,7.4674273,169.91655,17.212278,40.615913,0,0.2459755,29.152807
TEST_08+2일,0,0,0.3255283,0.12661938,0,0,2.2569313,0,0,0,0,0,0,0,0,0,10.584182,0.003177667,0,7.778035,2.4627395,0,0,0,0,0,0,7.0702624,3.157692,0.097029306,0.35801774,0.18993168,0,0,0,0.2979748,2.4423015,0,0.6819913,2.0514731,2.2437034,0,0.2208675,0,0,0.1341953,0,0.22548929,0,0.12492972,3.9225678,0,0.79713166,0,0.16298239,0,0.11300514,0,0,0,0.28261238,1.6431938,3.8959382,2.6159694,1.9051174,0.010656381,0,0.081142925,0.39694658,0,0,0.1825485,0.014113403,0,0.32791445,0,0,0.19565395,0,0.19680674,0,0,0,0,0.12556852,0,0.14452815,0.02555027,0.3321773,0.28095052,0.12534276,0.068159096,0.17215061,0.15250646,0,0,0,0,5.4051943,0,0,0.001231074,0.35460266,0,4.3094535,29.587454,2.3391373,0.23020163,0.012533951,0,0,0,0,0.007155383,0,0.120507374,0,0,0.09491251,0,0,4.847857,0.19079807,0,0,0.04542048,0,0,0.22642095,0,0,0.002902234,0.70384675,0,0,0,0,0,0,0,0,0,0,0,0.004191113,0,0,2.4402077,1.8688927,0,0.20974231,0,0,2.72422,0,0,5.0528727,0.39346406,10.520532,0,0.96616155,0,0.6670979,0.17674074,0.33590236,0,0,0.3127348,0,0,0,0,0,0,0,0,0,0,0,0,8.409456,2.9195216,13.818506,0.8943555,7.8649554,6.0108023,2.60171,86.07546,7.384272,25.776083,11.361202,1.0424141,9.930746
TEST_08+3일,0.021999931,2.6746526,0.8203129,0.1878242,0.03043629,0.2130826,2.6012707,0,0.20830512,0,0.014888406,0,0,0,0,0,9.781654,0.032816816,0,13.089165,2.7799911,0,0,0,1.0614442,0.5641117,0.3469857,22.262995,3.4597309,0.59404546,0.63416433,0.35128808,0.059872556,0,0,0.16454557,6.063806,0,0.63051796,5.2100716,3.9982193,0,0.43725377,0,0,0.087021664,0,1.0222381,0,0.37117454,4.0085435,0,1.6820204,0.06618851,0.67637706,0.17614186,0.36005563,0,0.01953938,0,0.63416994,0.4200152,3.4592278,3.24091,0.22973661,0.1366844,0,0.34838197,1.0116034,0,0.33128074,0.53693193,0.042750683,0.06813976,1.1399798,0.019332344,0.016297907,0.5435058,0.16334155,0.8703872,0,0.14671162,0.07874286,0.047477912,0.4219966,0.20363636,0.8982422,0.007862545,0.8333874,1.1873572,0.50099766,0.1120348,0.5493559,0.33180594,0,0.13290372,0,0,6.706421,0.007967996,0.25828514,0.06893968,0.31206378,0,0,28.29165,0.23608628,0.56143534,0,0.010110415,0.051825214,0,0.008168578,0.028667498,0,0.11978854,0.031880315,0,0.61470276,0.025446583,0,3.0476854,0.193932,0,0,0.05174566,0,0,0.17966086,0,0.024726117,0.04408835,2.0964952,0,0,0,0.015376687,0,0,0,0,0,0,0,0.4555336,0,33.611656,28.247578,2.8157353,0,0.88016075,0,0,3.545213,0,0,6.647302,0.4310689,17.288443,0,1.0360335,0,0.73175377,0.089897454,0.64940435,0,0,1.2079016,0,0,0,0,0,0,0,0,0,0,0,0,18.144154,7.853424,20.925623,3.6679711,11.540655,14.776015,8.518661,132.35686,21.870289,44.66689,51.191414,9.684572,23.97288
TEST_08+4일,0.35069656,6.874208,1.2306616,0.5709803,0.10250311,0.05972587,5.0498686,0,0.08045411,0,0.06134937,0,0,0,0,0,26.08146,0.09396378,0,23.08545,4.9803042,0.0248582,0,0,1.6869267,4.2920055,0.35479626,15.845688,4.7453604,0.535963,0.85627717,0.77749914,0.11407305,0.04993995,0,0.56978315,9.228424,0,0.77191025,6.7767167,5.1732435,0.05172971,0.45495912,0,0,0.42091295,0,1.0725961,0,0.62082857,4.7052684,0,1.6472225,0.055324525,0.87403774,0.21442561,0.4012961,0,0.03620968,0,1.2333863,1.259755,5.708071,3.775622,1.3447417,0.4037293,0,0.46597672,1.4733442,0,0.4466655,0.65013164,0.11670055,0.045408882,1.2289346,0.020291476,0.024178306,0.58967924,0.10643337,0.9064766,0.007379293,0.09576845,0.098527566,0.1528329,0.6266193,0.28462034,0.76197904,0.10137109,1.2676028,1.1149536,0.118245415,0.28837067,0.5482322,0.77169997,0,0.25014505,0,0,7.437013,0.3024406,0.1766982,0.12186947,0.6642691,0,6.1475496,42.262646,2.4137065,0.53472054,0.12047507,0.0338474,0.08460422,0,0.039546587,0.07665657,0,0.22245534,0.03545309,0,0.47763997,0.062855475,0,6.605798,0.40527496,0,0.09255018,0.22234116,0.062087543,0,0.3423426,0.04889494,0.03379648,0.047503836,10.634723,0.026320267,0,0.0636816,0.052316662,0,0.005520237,0.093423225,0,0.009377897,0.00605557,0,0.56968635,0,28.859837,41.009945,2.746225,0,0.9348982,0,0,3.800882,0,0,7.3041873,0.7379574,60.08488,0,1.4906188,0,1.4148772,0.32933688,1.1758289,0,0,1.3733171,0,0,0,0,0,0,0,0.017855644,0,0,0,0,15.35747,8.169132,21.48371,4.2094398,10.798136,14.066001,7.2716255,133.90565,23.858692,38.943726,64.625206,12.984433,26.390131
TEST_08+5일,0.13291429,22.47165,1.1962786,0.55670756,0.23635165,1.1151093,13.847709,0,1.2298405,0,0.09111738,0,0,0,0,0,59.587635,0.000707007,0.23856755,53.808544,14.339762,0,0,0.14260224,8.130012,20.787474,2.484647,52.68451,3.3905752,0.51542056,0.6349911,0.6584878,0.21388283,0,0,0.02076726,7.885855,0,0.41141444,6.4640794,3.6165733,0,0.63090163,0.2619407,0,0.0993372,0,1.6390606,0,0.694642,5.112819,0,3.1245034,0.3926354,0.72720194,0.1621708,0.59290355,0,0.11537427,0.088301234,1.0705441,0.092423916,2.6901462,4.278828,0,0.5218342,0,0.7382167,1.6373688,0,1.0454053,0.56520367,0.050272394,0.1911369,1.2391297,0.37599775,0.11226183,0.8622781,0.32303014,1.2824878,0,0.63833463,0.23451939,0.2442305,0.36620197,1.6688298,1.4179983,0.092807524,1.4815089,1.4343834,7.208637,0.14858137,0.40075037,0.6371427,0,1.69174,0,0,10.691276,0.1391099,0.21682084,0.04759809,0.1668076,0,0,74.107155,0.10983124,0.3511809,0.025673175,0.15219496,0.32050633,0.084366985,0.03050046,0.061268475,0,0.006562722,0.23169942,0.111390166,0.6423111,0.1178633,0,32.838753,1.2319671,0.4021471,0.7568587,0.97098,0.7013007,0.22531854,1.1182083,0.70128244,0.4890873,0.21332207,57.077057,0.16244997,0,0.15467572,0.09985457,0,0.032449912,0.09096966,0,0,0.10173471,0,1.8850387,0,129.26094,119.84808,2.2631173,0,0.75075316,0,0,3.1988268,0,0,7.4500384,0.4821252,185.03862,0,0.97227544,0,0.7844104,0.006754375,0.7049512,0,0,1.7060957,0,0,0,0,0,0,0,0,0,0,0,0,16.277765,10.046272,21.261074,7.9079795,14.726554,20.131033,8.045937,133.20604,36.66468,36.631977,152.13753,30.438553,33.430065
TEST_08+6일,4.61374,13.462653,6.3345294,5.286842,1.505074,3.5327313,8.863799,0.025619024,4.3554854,0.22654052,1.9936367,0.33419758,0.027968118,0.025619024,0.025619024,0.025619024,31.55882,0.83365196,0.53542477,43.22654,9.4092455,0.6397417,0.4757712,0.23585735,6.0955477,24.113916,8.95521,63.65739,8.875556,2.880539,2.3983033,3.6689148,1.7005583,0.587759,0.08034991,1.1366019,32.174473,0.043401066,1.8042908,26.814032,11.477917,1.0343049,2.851947,0.8145485,0.28223586,1.5178123,0.33271968,3.432515,0.2075969,2.1451597,7.795353,0.47130272,6.7920213,1.2154317,3.038605,1.3620757,2.1326497,0.76633996,1.5636606,0.38648543,5.970183,1.821308,6.318362,7.2061005,1.9350357,1.041866,0.23039494,1.7783841,3.4188612,0.055179488,2.4425266,1.9431934,0.60207933,1.1810219,3.625839,0.5905552,0.95126957,1.9918019,0.66847986,2.9741244,0.24255958,1.7732811,0.92704964,2.769664,1.3829104,1.9864619,3.3004308,0.7923472,3.0290093,4.1160946,9.561862,1.7621621,3.7454383,7.2272143,0.4728534,2.1311386,0.13207655,0.088426135,12.616042,5.8695,2.8647294,0.7180478,1.8283064,0.023427064,23.509245,48.333813,6.46361,2.3165643,1.7607826,1.3620074,3.6745121,1.0875157,1.1480777,1.7055534,0.007082701,0.5836221,1.0117675,1.3447622,3.6751041,1.974747,0.053371,11.736655,0.87669754,0.20575137,0.5348403,0.5213478,0.40497008,0.20563586,0.7512526,0.7801222,0.1682801,0.20219064,27.165876,2.8383756,2.2929952,4.468389,1.5407531,0.8807573,1.5915109,5.746152,0.58426505,1.2566011,3.1254451,1.011526,4.015738,0.025619024,200.21239,117.54329,5.297193,0.025619024,3.0678232,0.025619024,0.025619024,7.7203116,0.025619024,0.025619024,12.691348,1.9361695,146.27176,0.025619024,3.2236252,0.079347014,3.1114914,0.9371568,3.159253,0.025619024,0.025619024,5.2497287,0.5359027,0.7678213,0.025619024,0.6142136,0.24988373,0.6752013,2.9260426,2.682532,0.5527342,0.39294702,0.046925526,0.6736073,37.27336,21.98263,40.41667,14.150345,26.824179,41.00055,19.318792,242.33975,61.25491,71.556435,182.25594,36.130047,60.831623
TEST_08+7일,7.312019,0,10.685317,8.570575,1.9977582,2.4246936,1.514327,0.042269036,3.2810197,0.7384543,3.2411847,0.81603813,0,0.042269036,0.042269036,0.042269036,0,1.5822004,0.26716086,8.260097,1.5067208,1.755267,1.0343243,0.13961048,0.010028076,3.3560371,6.933993,14.008063,18.345388,4.415689,4.3418975,7.1051497,2.7424762,1.6816057,0.36645854,6.2339363,52.775978,0.01870339,4.063247,41.371162,21.670881,2.2174299,3.9524682,0.60963255,0.8024641,3.7055874,0.959248,3.0207121,0.7312781,3.5044687,10.870487,1.510434,7.810486,1.007569,4.7547965,1.7969121,2.2505016,2.2696211,1.8951777,0.29070762,10.533984,10.222785,16.607325,9.170439,13.997937,1.5393939,0.6281609,2.1001754,4.856263,0.56127053,2.7184129,3.295168,1.4619715,1.3080372,5.4113274,0.23078607,1.0571905,2.3800075,0.5001773,3.641381,0.6593998,1.6483383,1.4402319,4.6591606,2.4616463,0.57803065,3.2555718,1.6497129,4.0005183,5.226538,0.541368,3.3092506,5.884684,11.431476,0.8877296,1.3469104,0.41432676,0.45210525,10.5617895,11.264598,3.9289796,1.5662459,4.814722,0.18265004,139.72124,2.0141926,29.439438,4.1157694,3.5119774,1.7823216,5.1018977,1.2535856,1.8106097,2.9836476,0.3297815,1.6645321,1.1495517,1.9953501,4.484835,3.1225898,0.014784411,0,0,0,0,0,0,0.008328885,0,0.07696102,0,0.08129587,0,4.2633657,4.001551,6.6185546,2.1064937,1.4949713,2.5835407,9.500167,1.0840104,2.4028215,4.5774,2.4886327,3.736677,0.042269036,73.58603,2.0698853,8.18887,0.042269036,5.262687,0.042269036,0.042269036,11.7158,0.042269036,0.042269036,16.288168,3.9486215,1.1820434,0.042269036,7.1872544,0.33670878,6.5640473,3.1607788,6.278891,0.042269036,0.042269036,6.843431,3.171727,2.9413288,0.042269036,2.3759592,0.3317707,3.1242073,8.424736,10.85053,1.4301943,1.1951474,0.5394451,2.3515728,45.291542,26.490095,57.20827,13.435043,29.813477,45.661404,23.66029,315.5506,57.663002,84.566605,93.9486,17.172031,70.17023
TEST_09+1일,7.5875673,0.38919488,6.80291,3.9448106,0.9742262,2.6775856,0,0.15253535,3.142473,0.7976331,0.07061853,0.24221535,0.3284919,1.9148995,18.605118,1.56316,0,0.19099222,1.655618,0,0,0.115152,0.30501634,0,0,0,1.2429125,0,10.780199,3.8384855,2.717133,4.342872,3.2628841,1.2218398,0,3.7671964,42.170734,0,4.055644,29.927164,17.64503,1.8332303,2.5476263,0,0.40520826,0.51238567,0.48600665,0.71770906,0.21207717,1.109907,12.86837,0.68732065,4.0813217,0.51217014,4.6719394,0.40698352,3.6613834,0.8531677,1.0764296,0.044861626,8.813466,12.464716,19.8858,10.605644,10.743384,0.45077392,0.6005311,0.7290967,2.245514,0.24794345,1.0841585,2.0583048,1.1935236,0.0956073,1.2599181,0.20058523,0.5910101,0.80929416,0.31655416,1.0993643,0.17038132,0.10299196,1.6807225,0.88449204,1.6203873,1.700885,0.43006858,0.509809,1.5655845,1.6825818,0,1.5486978,4.669459,6.522677,0.20057976,0.5133943,0.001303017,0.06389161,6.410091,3.1680346,1.8439902,0.5975874,4.0005774,0.75262433,120.958305,0,26.741333,3.6783128,2.5669713,0.45853516,2.5969448,0.8228408,0.64164525,0.8876123,0.07780699,0.9303633,2.386062,1.1330856,1.8656447,1.4888967,0,0,0.022593498,0,0,0,0,0,0,0,0,0,0,1.024785,0.53287095,1.675845,0.55227244,0.26578745,0.43750095,1.2264158,0.6048892,0.2926446,1.0335046,0.3228734,8.68804,0,0,0,10.746365,0,7.553506,0,0,20.54025,0,0,25.729492,7.190059,0,0,8.767573,0.7049267,8.7346735,5.383605,8.216249,0,0,11.58472,1.1634268,0.7967356,0,7.2971787,1.4713498,7.1553483,15.579297,19.379776,2.2025056,2.2828615,2.3701227,4.8990073,30.062733,14.149091,30.661924,8.129131,15.63293,18.895895,10.29979,143.77301,36.133755,56.047993,63.701027,16.869465,47.535694
TEST_09+2일,0.7402092,2.520851,1.1594366,0.19602728,0.007855224,0.25302416,0,0,0.6572926,0.008375401,0,0,0,0.3140521,2.714523,0.084795095,1.2994194,0,0.3058179,0.32336807,0,0,0,0,0,1.4623035,0,0,2.108038,0.64555967,0.41516992,1.0203705,0.46761853,0.040348627,0,1.0592301,10.124576,0,0.8272156,8.572194,2.5058954,0.44287655,1.3207551,0,0,0,0,0.43895492,0,0.8999998,4.880259,0.02054671,2.5713108,0,0.80663174,0,0.42063475,0.015346301,0,0,2.1576695,4.068811,9.912187,3.1478522,3.3596547,0,0.000692499,0.010840393,0.69105643,0,0.22363086,0.3583928,0.10063628,0,0.22942248,0,0.016112471,0.074555315,0.03610457,0.0642427,0.009327746,0,0.27952588,0,0.422846,0,0,0,0.17838275,0.35661763,0,0.17115186,1.2907923,1.2721932,0,0.003777337,0.026850486,0,1.7428468,0.4380282,0.16940533,0.036534,0.59552,0,9.068477,13.844489,2.879686,0.917252,0.4962326,0,0.40780494,0,0.037776735,0.10760319,0,0.13933302,1.4116732,0.069980375,0.18844329,0.15851562,0,0,0,0,0,0,0,0,0,0,0,0,0,0,0,0.09156098,0,0,0,0,0,0,0.028410269,0,1.4964231,0,0,3.047217,3.2479515,0,2.1134527,0,0,5.5769386,0,0,9.896293,0.8582012,0,0,1.2661034,0.12834455,2.0175188,0.6694164,2.6189067,0,0,4.404058,0,0,0,0.37312314,0.04294741,0.038862802,0.33379564,1.2802552,0,0.019614482,0.027953744,0.09530892,7.6112,3.021476,5.965543,1.2561926,4.241544,3.4368126,1.725283,32.48947,7.67276,13.964679,26.772459,5.391777,5.357145
TEST_09+3일,0.14176607,4.950651,1.8196162,0,0.001332521,0.12098508,1.6298866,0,0.38643327,0,0,0,0,0.61888915,5.2424827,0,3.7011278,0.02539357,0.12279456,1.8451144,1.4288778,0,0,0,0.897933,2.117072,0,1.3478256,1.1336845,0.49043646,0.5447702,1.1106167,0.13415022,0.06039859,0,0.29472217,9.163825,0,0.390251,10.081607,0.5019016,0.4198012,1.4815537,0.15992974,0.006958258,0.058856513,0,0.75741214,0,1.0788959,2.484762,0,1.8303117,0,0.11372047,0,0.313341,0,0.036169816,0,1.1242527,0.8083097,4.1296744,2.2124104,1.8595209,0,0,0.081951655,1.1693798,0,0.13684271,0.13937879,0.025392402,0.02755021,0.08820553,0,0,0.060552515,0,0.12449,0.0772664,0,0.1504312,0,0.44945097,0,0.17669466,0.11902069,0.081432655,0.5548689,0,0.004424834,1.2881813,1.4096375,0,0,0,0,3.8626153,0.26383796,0.07287891,0,0.14843316,0,0,10.542367,0,1.399505,0.6125583,0,0.26183555,0,0.014539981,0.10282657,0,0.0359509,0.8166766,0,0.26726517,0.05820868,0,0,0,0,0,0,0,0,0,0,0,0,0.07976055,0.026437283,0.018586684,0.009119893,0,0,0,0.07056975,0,0,0.019219805,0.017822659,0.52403086,0,0.28573838,9.380988,2.0471587,0,1.2384387,0,0,4.3467956,0,0,7.4632645,0.29341516,0,0,0.78480417,0.020882774,0.44472724,0,1.5969775,0,0,2.8868244,0,0,0,0.06475931,0,0,0,0.2627264,0,0,0,0,9.343385,3.6139565,5.4000735,0.44444343,5.264831,2.4734132,1.1650828,36.19347,7.5747943,16.456163,30.782904,7.328876,3.4638817
TEST_09+4일,0.40819645,12.475842,2.792733,0.5574769,0.07031951,0.26015955,3.2994401,0,0.6871673,0.024203522,0,0,0,0.7388116,7.314735,0.15966201,15.115114,0.039525833,0.32398805,19.270725,3.0746658,0,0,0,1.4456323,3.054685,0,0.54250634,2.9463491,1.0937188,0.83334696,1.7310892,0.47123203,0.24697578,0,0.35615498,14.336433,0,0.9385735,14.269582,2.7757814,0.73832774,1.9996216,0.1604727,0.003043211,0.28395233,0.010962034,1.3124665,0,1.5903045,2.9686604,0.01200968,2.2593486,0,0.509218,0,0.7484752,0.03469361,0.15290771,0,1.9734939,1.4138191,4.777408,3.3771234,2.6511838,0,0.04238206,0.12294523,1.6421839,0,0.23817883,0.3811349,0.038915493,0.036269363,0.14679746,0.16769052,0.018301731,0.038847603,0,0.21004264,0.040868938,0,0.32205456,0.0508554,0.6352788,0,0.21076067,0.1501366,0.16256988,0.70477724,0,0.1903557,1.7033703,2.0997446,0,0,0,0,5.287208,0.33362886,0.126756,0.009239733,0.36347923,0,4.8405924,17.975546,1.8716917,1.8392794,0.65021175,0,0.45679617,0.005516339,0,0.24817453,0,0.10952729,0.8736003,0.13624994,0.43667656,0.1805772,0,1.2902349,0.07139109,0.003490809,0,0,0.003315482,0,0,0,0,0,0.19775276,0.07279587,0.039387252,0.10134089,0,0.019350363,0,0.15868314,0.002523637,0,0.091810085,0.00630548,1.1242883,0,0,37.30494,2.7750232,0,1.9405507,0,0,6.528924,0,0,9.336036,0.9162259,0,0,1.4014813,0.018553484,1.0324166,0.5053949,2.3448465,0,0,3.6370475,0,0,0,0.21824217,0.035342503,0,0.17405462,0.49528295,0,0.005408263,0.028602362,0.03987074,12.83935,4.643931,9.003364,1.5046322,6.868754,4.8480268,2.4411829,53.0589,12.689877,20.522974,42.06663,9.4099045,10.1997175
TEST_09+5일,0,41.295094,3.1823063,0.02923336,0.003366411,0.13399859,15.422788,0,0.31904987,0,0,0,0.001362354,1.2937508,6.7714868,0.061374534,54.858234,0.09937339,0.111446336,51.385464,17.077475,0,0,0.12532797,5.369446,16.098982,0,7.280027,1.8097645,0.8660043,0.62392527,0.87567854,0.11015766,0.10894859,0,0.18689394,9.323253,0,0.42394015,10.285722,1.3154739,0.3716987,2.4009132,0.29659873,0.008247209,1.2675618,0,2.244391,0.006969684,1.4653548,2.118922,0,2.9147832,0,0.08468642,0,0.07658243,0.028693145,0.06259102,0,1.4108992,0.4323828,3.7072701,2.6786253,1.2800717,0,0.105272345,0.12549731,1.780411,0,0.16343844,0.15458818,0,0.4662263,0.041459944,1.0347891,0.011841619,0.041637924,0,0.2929552,0.3185043,0.019559765,0.1703922,0.07482314,0.81166345,0,0.6345911,0.25413486,0.077329114,1.0034043,0.9592989,0.09669628,1.4430019,1.9966463,0,0,0.059858795,0,6.081989,0.46457687,0.14696029,0.011613118,0.11564722,0,0,32.374783,0.18108101,2.1754518,1.3733397,0,0.7164015,0,0.16964974,0.1776285,0.056862712,0.06924732,0.776682,0,0.8991775,0.12982777,0,20.421171,0.34495613,0.18832797,0,0.15326665,0.12341173,0.06870039,0.02353707,0,0.05259147,0.12636144,7.112079,0.17203641,0.11890548,0.11372297,0.13396524,0.07860486,0.012478924,0.18987735,0.035849262,0,0.09107828,0.05750347,0.5608272,0,16.463928,149.49881,2.371671,0,1.2099102,0,0,4.4904466,0,0,6.53744,0.2675117,0,0,0.9324466,0.020513166,0.26511794,0.120169215,1.8232613,0,0,2.5122771,0,0,0,0.07390356,0,0,0,0.041502383,0,0,0,0,10.175696,3.7309253,7.601213,0.9160347,6.633963,4.4862785,1.5881966,46.317184,9.223762,18.385736,36.895058,8.51508,4.966328
TEST_09+6일,3.0785854,25.092817,7.798551,3.6901028,0.9282967,1.508045,14.276148,0.2698074,1.8935751,0.4855357,0.050965704,0.27511242,0.6118831,3.3260117,21.035074,1.2582235,28.676588,0.60794795,0.9525263,17.6872,15.484797,0.04226646,0.5753855,0.040868487,2.715101,16.002216,9.206883,18.995354,5.41079,2.659463,2.2364588,2.7965295,1.3294582,1.0457488,0.004984777,0.9086372,24.695042,0.004984777,2.376265,25.242842,6.749038,0.9336522,2.9014425,0.38875234,0.54296035,1.9623826,0.25048563,1.2480252,0.23936157,1.032181,6.150663,0.35178882,3.5075662,0,1.0887644,0.29375154,1.2672453,0.4069429,0.40551805,0.12229993,4.8746533,2.4752197,6.1525455,6.3785987,3.951299,0.16154164,0.83397335,0.56906545,3.627416,0.18186659,1.0347018,1.0662395,0.6420046,0.7652961,1.0028518,1.2049007,0.30164889,0.41730806,0.28120494,1.6323413,0.7113854,0.31813294,0.7413237,1.5835612,1.3689631,0.6794297,1.3331813,1.292023,0.9500853,2.4480672,9.65566,1.0758493,4.0498204,6.817505,0.6864997,0.500494,0.034858275,0.14902864,11.24488,3.1605008,1.8974274,0.5241148,2.2406118,0,30.153778,18.84285,8.657664,4.421454,5.8453555,0.50094575,3.11857,0.22171299,1.2330402,0.9051261,0.618283,0.62241185,0.9731533,0.85016483,2.550622,1.4426253,0.004984777,10.732345,0.19620407,0.11384809,0,0.04202001,0.02175708,0.09884476,0.16941331,0.004984777,0.051122822,0.032145854,10.379865,2.175116,1.2025231,2.4669964,1.4246209,0.81036997,0.78361124,2.5005918,0.7457097,0.17793868,1.8237756,1.0787935,3.872794,0.004984777,32.209908,98.78976,6.3115544,0.004984777,3.4588902,0.004984777,0.004984777,10.385782,0.004984777,0.004984777,13.182036,3.159829,0,0.004984777,4.3321342,0.30009517,3.2354698,1.1883755,4.3711853,0.004984777,0.004984777,6.13751,0.99983066,0.7473807,0.004984777,1.754281,0.21695065,2.5508287,1.9412644,4.1053023,0.7360806,0.5333304,0.31863484,0.4991591,18.139587,10.201738,20.62565,4.157013,14.069345,12.999031,6.1366954,103.92019,20.570925,53.88711,51.89388,15.666587,20.927855
TEST_09+7일,10.101245,1.7276458,12.051312,8.409024,2.4676323,3.8195808,1.8486007,1.0211662,4.379022,1.3791115,0.13626468,0.6804291,1.4301232,4.2474594,35.65924,3.125939,1.5730171,0.73738277,2.432079,0,1.2987285,0.22258702,1.1413611,0,0,1.6539357,14.39123,6.708188,12.544459,5.4526,4.2107425,6.2902503,4.201249,2.4052851,0.015067016,3.4127877,56.20669,0.015067016,5.9697237,47.30721,19.554647,2.2795153,3.3176746,0.037388504,0.9698243,1.6899735,0.8976642,0.5687103,0.8588061,1.0765761,14.341535,1.3398504,4.507238,0.55233663,4.871467,0.8675842,5.867349,1.4396096,1.327927,0.32642946,10.689798,10.696776,16.881523,12.932039,11.036452,0.64476675,1.768287,1.0899587,4.51715,0.68552,1.8310766,2.8071902,1.8521944,0.4619548,2.11992,0.67626566,0.98647594,1.0825866,0.6678474,2.569465,0.6955068,0.55891305,2.1132374,3.1748462,2.1831956,2.98854,1.3998458,1.8689517,2.2179062,3.0515573,6.54351,2.528643,7.3026137,11.807116,1.1112875,1.225692,0,0.19674447,13.654853,5.4427238,4.02279,1.1253203,5.429582,0.98541385,145.30363,0,30.238356,6.5492363,8.027419,1.2107897,4.7689967,1.422925,1.6473664,1.7209567,0.52999836,1.2952931,2.0064404,2.1699593,3.6337414,3.0855596,0.015067016,1.5854828,0.1215713,0,0,0,0,0.010459465,0.075047486,0.015067016,0,0,3.9844391,3.4999826,1.8151114,4.3918533,2.4290519,1.1420069,1.5309876,4.0290327,1.683533,0.86354905,3.0982442,1.826848,10.482846,0.015067016,7.656845,5.704672,12.991371,0.015067016,8.4768095,0.015067016,0.015067016,23.352522,0.015067016,0.015067016,28.649475,9.543273,0,0.015067016,11.874288,0.7937493,9.581779,5.156695,9.382144,0.015067016,0.015067016,13.475287,3.7682111,2.8685014,0.015067016,8.452575,1.6254284,10.57758,16.965693,22.82396,3.6732159,2.9817924,2.8934524,5.154058,36.849174,19.895733,41.601357,10.006602,23.483051,25.700811,13.668436,199.99744,43.28256,89.89354,75.806915,22.936857,56.683655