date,느티나무 셀프BBQ_1인 수저세트,느티나무 셀프BBQ_BBQ55(단체),"느티나무 셀프BBQ_대여료 30,000원","느티나무 셀프BBQ_대여료 60,000원","느티나무 셀프BBQ_대여료 90,000원","느티나무 셀프BBQ_본삼겹 (단품,실내)",느티나무 셀프BBQ_스프라이트 (단체),느티나무 셀프BBQ_신라면,느티나무 셀프BBQ_쌈야채세트,느티나무 셀프BBQ_쌈장,느티나무 셀프BBQ_육개장 사발면,느티나무 셀프BBQ_일회용 소주컵,느티나무 셀프BBQ_일회용 종이컵,느티나무 셀프BBQ_잔디그늘집 대여료 (12인석),느티나무 셀프BBQ_잔디그늘집 대여료 (6인석),느티나무 셀프BBQ_잔디그늘집 의자 추가,느티나무 셀프BBQ_참이슬 (단체),느티나무 셀프BBQ_친환경 접시 14cm,느티나무 셀프BBQ_친환경 접시 23cm,느티나무 셀프BBQ_카스 병(단체),느티나무 셀프BBQ_콜라 (단체),느티나무 셀프BBQ_햇반,느티나무 셀프BBQ_허브솔트,담하_(단체) 공깃밥,담하_(단체) 생목살 김치전골 2.0,담하_(단체) 은이버섯 갈비탕,담하_(단체) 한우 우거지 국밥,담하_(단체) 황태해장국 3/27까지,담하_(정식) 된장찌개,담하_(정식) 물냉면 ,담하_(정식) 비빔냉면,담하_(후식) 된장찌개,담하_(후식) 물냉면,담하_(후식) 비빔냉면,담하_갑오징어 비빔밥,담하_갱시기,담하_공깃밥,담하_꼬막 비빔밥,담하_느린마을 막걸리,담하_담하 한우 불고기,담하_담하 한우 불고기 정식,담하_더덕 한우 지짐,담하_들깨 양지탕,담하_라면사리,담하_룸 이용료,담하_메밀면 사리,담하_명인안동소주,담하_명태회 비빔냉면,담하_문막 복분자 칵테일,담하_봉평메밀 물냉면,담하_생목살 김치찌개,담하_스프라이트,담하_은이버섯 갈비탕,담하_제로콜라,담하_참이슬,담하_처음처럼,담하_카스,담하_콜라,담하_테라,담하_하동 매실 칵테일,담하_한우 떡갈비 정식,담하_한우 미역국 정식,담하_한우 우거지 국밥,담하_한우 차돌박이 된장찌개,담하_황태해장국,라그로타_AUS (200g),라그로타_G-Charge(3),라그로타_Gls.Sileni,라그로타_Gls.미션 서드,라그로타_Open Food,라그로타_그릴드 비프 샐러드,라그로타_까르보나라,라그로타_모둠 해산물 플래터,라그로타_미션 서드 카베르네 쉬라,라그로타_버섯 크림 리조또,라그로타_빵 추가 (1인),라그로타_스프라이트,라그로타_시저 샐러드 ,라그로타_아메리카노,라그로타_알리오 에 올리오 ,라그로타_양갈비 (4ps),라그로타_자몽리치에이드,라그로타_제로콜라,라그로타_카스,라그로타_콜라,라그로타_하이네켄(생),라그로타_한우 (200g),라그로타_해산물 토마토 리조또,라그로타_해산물 토마토 스튜 파스타,라그로타_해산물 토마토 스파게티,"미라시아_(단체)브런치주중 36,000",미라시아_(오븐) 하와이안 쉬림프 피자,미라시아_(화덕) 불고기 페퍼로니 반반피자,미라시아_BBQ Platter,미라시아_BBQ 고기추가,미라시아_공깃밥,미라시아_글라스와인 (레드),미라시아_레인보우칵테일(알코올),미라시아_미라시아 브런치 (패키지),미라시아_버드와이저(무제한),미라시아_보일링 랍스타 플래터,미라시아_보일링 랍스타 플래터(덜매운맛),미라시아_브런치 2인 패키지 ,미라시아_브런치 4인 패키지 ,미라시아_브런치(대인) 주말,미라시아_브런치(대인) 주중,미라시아_브런치(어린이),미라시아_쉬림프 투움바 파스타,미라시아_스텔라(무제한),미라시아_스프라이트,미라시아_애플망고 에이드,미라시아_얼그레이 하이볼,미라시아_오븐구이 윙과 킬바사소세지,미라시아_유자 하이볼,미라시아_잭 애플 토닉,미라시아_칠리 치즈 프라이,미라시아_코카콜라,미라시아_코카콜라(제로),미라시아_콥 샐러드,미라시아_파스타면 추가(150g),미라시아_핑크레몬에이드,연회장_Cass Beer,연회장_Conference L1,연회장_Conference L2,연회장_Conference L3,연회장_Conference M1,연회장_Conference M8,연회장_Conference M9,연회장_Convention Hall,연회장_Cookie Platter,연회장_Grand Ballroom,연회장_OPUS 2,연회장_Regular Coffee,연회장_골뱅이무침,연회장_공깃밥,연회장_돈목살 김치찌개 (밥포함),연회장_로제 치즈떡볶이,연회장_마라샹궈,연회장_매콤 무뼈닭발&계란찜,연회장_모둠 돈육구이(3인),연회장_삼겹살추가 (200g),연회장_야채추가,연회장_왕갈비치킨,연회장_주먹밥 (2ea),카페테리아_공깃밥(추가),카페테리아_구슬아이스크림,카페테리아_단체식 13000(신),카페테리아_단체식 18000(신),카페테리아_돼지고기 김치찌개,카페테리아_복숭아 아이스티,카페테리아_새우 볶음밥,카페테리아_새우튀김 우동,카페테리아_샷 추가,카페테리아_수제 등심 돈까스,카페테리아_아메리카노(HOT),카페테리아_아메리카노(ICE),카페테리아_약 고추장 돌솥비빔밥,카페테리아_어린이 돈까스,카페테리아_오픈푸드,카페테리아_진사골 설렁탕,카페테리아_짜장면,카페테리아_짜장밥,카페테리아_짬뽕,카페테리아_짬뽕밥,카페테리아_치즈돈까스,카페테리아_카페라떼(HOT),카페테리아_카페라떼(ICE),카페테리아_한상 삼겹구이 정식(2인) 소요시간 약 15~20분,포레스트릿_꼬치어묵,포레스트릿_떡볶이,포레스트릿_복숭아 아이스티,포레스트릿_생수,포레스트릿_스프라이트,포레스트릿_아메리카노(HOT),포레스트릿_아메리카노(ICE),포레스트릿_치즈 핫도그,포레스트릿_카페라떼(HOT),포레스트릿_카페라떼(ICE),포레스트릿_코카콜라,포레스트릿_페스츄리 소시지,화담숲주막_느린마을 막걸리,화담숲주막_단호박 식혜 ,화담숲주막_병천순대,화담숲주막_스프라이트,화담숲주막_참살이 막걸리,화담숲주막_찹쌀식혜,화담숲주막_콜라,화담숲주막_해물파전,화담숲카페_메밀미숫가루,화담숲카페_아메리카노 HOT,화담숲카페_아메리카노 ICE,화담숲카페_카페라떼 ICE,화담숲카페_현미뻥스크림
2024-07-14,7.572013854980469,6.4213714599609375,5.512760639190674,3.572321653366089,1.0,1.0,3.803480625152588,1.1350212097167969,1.0,1.0,1.0,1,1.0,1.0,13.596494674682617,1.0503473281860352,2.4202632904052734,1.0,1.4883371591567993,10.542257308959961,1.5940423011779785,1.0,1,1.0,6.397975921630859,1.0,1.0,1.0,7.279623031616211,2.800694704055786,1.2942252159118652,1.875809907913208,1.0,1.0,1,1.0,26.78114128112793,1.0,1.0,18.98212242126465,11.324056625366211,1.0,1.0,1.0,1.0,2.2291147708892822,1,4.2413787841796875,1.0,2.607487678527832,10.171588897705078,1.0,6.728147983551025,1.0,1.0,1.0,1.32403564453125,1.0,1.0,1.0,7.532332420349121,9.809684753417969,14.391883850097656,9.10902214050293,9.04837417602539,1.5193226337432861,1.0,1.0,1.8737866878509521,1.0,1.0,1.4015401601791382,1.0,1.0,2.3502540588378906,1.0,1,1.0923937559127808,1.0,1.749780297279358,1.70735502243042,1.0,1.0,1.0,1.0,1.5542666912078857,1.0,1.0,1.0,2.763232469558716,1.0,1.0,1.7971011400222778,6.196214199066162,1,1.0,1.0,1,12.24222469329834,2.8980047702789307,1.0,1.0,5.065996170043945,1,128.40606689453125,8.209699630737305,37.405723571777344,2.266021251678467,2.9488790035247803,1.0,2.2157950401306152,1.0,1.1950929164886475,1.0,1.0,1.0,1.0,1.0,1.4591937065124512,1.0,1.0,1.0,1,1,1,1,1,1,1,1.0,1.0,1,12.730398178100586,1.0904585123062134,1.0,1.2303513288497925,1.0,1.0,1.0,2.367105484008789,1.0,1.0,1.197620153427124,1.0,4.302745819091797,1.0,27.465604782104492,1.0,11.96540641784668,1.0,7.21112060546875,1.0,1.0,17.232563018798828,1.0,1.0,18.97079849243164,5.198394775390625,1.0,1.0,10.010461807250977,1.0,5.89227294921875,1.6356277465820312,6.477411270141602,1.0,1.0,4.5035600662231445,1.0,2.4529571533203125,1.0,11.741729736328125,1.564229965209961,1.0,9.173423767089844,1.6468887329101562,1.0,1.831472396850586,2.3217010498046875,1.0,19.347911834716797,8.41437816619873,22.403339385986328,7.374649524688721,18.037113189697266,16.336929321289062,7.939774513244629,65.00804901123047,27.128915786743164,4.337337493896484,24.653900146484375,7.214282989501953,19.20526885986328
2024-07-15,1.7241108417510986,11.39892864227295,1.0,1.0,1.0,1.0,5.666747093200684,1.0,1.0,1.0,1.0,1,1.0,1.0,1.0,1.0,7.988290786743164,1.0,1.0,19.823955535888672,3.298351287841797,1.0,1,1.0,1.5127692222595215,3.968932867050171,1.0,1.0,3.604740619659424,1.4334895610809326,1.098083734512329,1.0,1.0,1.0,1,1.0,9.553386688232422,1.0,1.0,4.934587478637695,4.898214817047119,1.0,1.0,1.0,1.0,1.0,1,2.0449442863464355,1.0,1.0,6.3892822265625,1.0,4.133083343505859,1.0,1.0,1.0,1.0,1.0,1.0,1.0,3.4491019248962402,4.766557216644287,6.979300498962402,5.584580898284912,4.5985565185546875,1.0,1.0,1.0,1.0,1.0,1.0,1.0,1.0,1.0,1.0,1.0,1,1.0,1.0,1.0,1.0,1.0,1.0,1.0,1.0,1.0,1.0,1.0,1.0,1.0,1.0,1.0,1.0,2.4601902961730957,1,1.0,1.0,1,7.675607681274414,1.0,1.0,1.0,3.6886236667633057,1,40.95954895019531,28.94404411315918,18.034236907958984,1.1773706674575806,1.0,1.0,1.0,1.0,1.0,1.0,1.0,1.0,1.0,1.0,1.0,1.0,1.0,1.2079334259033203,1,1,1,1,1,1,1,1.3961188793182373,1.0,1,8.903074264526367,1.0,1.0,1.0,1.0,1.0,1.0,1.0,1.0,1.0,1.0,1.0,1.5008411407470703,1.0,18.714580535888672,6.343467712402344,5.609247207641602,1.0,2.8153791427612305,1.0,1.0,6.387500762939453,1.0,1.0,8.993553161621094,1.637404441833496,1.0,1.0,3.1635875701904297,1.0,2.477161407470703,1.054494857788086,2.6761226654052734,1.0,1.0,1.5321643352508545,1.0,1.0,1.0,4.5127410888671875,1.0,1.0,2.604808807373047,1.0,1.0,1.0,1.0,1.0,6.026582717895508,2.0765066146850586,7.871498107910156,2.935678482055664,4.739055633544922,4.739704132080078,2.227121353149414,21.41254425048828,3.6276893615722656,1.5618743896484375,5.886188507080078,2.2235794067382812,4.424432754516602
2024-07-16,2.6626930236816406,8.428903579711914,1.292142629623413,1.0,1.0,1.0,4.124764442443848,1.0,1.0,1.0,1.0,1,1.0,1.0,3.865760326385498,1.0,8.454089164733887,1.0,1.0,18.698827743530273,2.668381690979004,1.0,1,1.0,7.645129680633545,8.932435989379883,1.4119884967803955,10.482994079589844,2.606316566467285,1.0,1.0,1.0,1.0,1.0,1,1.0,8.519672393798828,1.0,1.0,5.332927703857422,2.1394777297973633,1.0,1.0,1.0,1.0,1.0,1,1.2809990644454956,1.0,1.0,4.067268371582031,1.0,1.8718466758728027,1.0,1.0,1.0,1.0,1.0,1.0,1.0,1.7393622398376465,1.631321907043457,1.8993234634399414,3.518122673034668,3.305813789367676,1.0,1.0,1.0,1.0,1.598522424697876,1.0,1.1664477586746216,1.0,1.0,1.0,1.0,1,1.0,1.0,1.0,1.0,1.0,1.0,1.0,1.0,1.2619657516479492,1.0,1.0,1.0,1.6637654304504395,4.1568145751953125,1.0,1.0,1.9319090843200684,1,1.0,1.0,1,6.628833770751953,1.2727079391479492,1.0,1.0,1.7051692008972168,1,1.0,33.49181365966797,3.28656005859375,1.281292200088501,1.0,1.0,1.0,1.0,1.0,1.0,1.0,1.0,1.0,1.0,1.0,1.0,1.0,1.3432273864746094,1,1,1,1,1,1,1,1.2235840559005737,1.0,1,13.8848237991333,1.0,1.0,1.0,1.0,1.0,1.0,1.0,1.0,1.0,1.0,1.0,1.0,1.0,23.340805053710938,10.771186828613281,3.2830352783203125,1.0,1.4318838119506836,1.0,1.0,1.2525177001953125,1.0,1.0,6.2793731689453125,1.0,1.0,1.0,1.0,1.0,1.0,1.1054115295410156,1.0,1.0,1.0,1.3941209316253662,1.0,1.0,1.0,1.9480667114257812,1.0,1.0,1.0,1.0,1.0,1.0,1.0,1.0,4.436136245727539,2.2427587509155273,4.973186492919922,1.744577407836914,5.330059051513672,3.9110794067382812,1.155904769897461,16.7109375,8.907007217407227,1.6576976776123047,9.288524627685547,3.0797300338745117,4.679784774780273
2024-07-17,3.0752108097076416,21.45989418029785,1.4347145557403564,1.0,1.0,1.0,6.505918502807617,1.207495093345642,1.0,1.0,1.0,1,1.0,1.0,3.8751440048217773,1.0,14.309090614318848,1.0,1.0,26.90102767944336,6.885321140289307,1.0,1,1.127947211265564,12.542537689208984,3.0372684001922607,1.0,22.844858169555664,3.252265214920044,1.1291375160217285,1.0,1.0,1.0,1.0,1,1.0,8.192825317382812,1.0,1.0,5.615386962890625,3.652155876159668,1.0,1.0,1.2703747749328613,1.0,1.0,1,1.4432203769683838,1.0,1.0,4.202648162841797,1.0,1.7846837043762207,1.0,1.0,1.0,1.0,1.0,1.0,1.0,1.9186396598815918,1.8438138961791992,2.1617202758789062,3.800595283508301,2.8186707496643066,1.0,1.0,1.0,1.0,1.0,1.0,1.097839117050171,1.0,1.0,1.0,1.0047614574432373,1,1.073580026626587,1.0,1.4840487241744995,1.0,1.0,1.0,1.0,1.0,1.7021889686584473,1.0,1.0,1.0,1.7357802391052246,6.5529632568359375,1.0,1.0,2.2887802124023438,1,1.0,1.0,1,8.832758903503418,1.1740200519561768,1.0,1.0,1.0,1,3.3195114135742188,34.645572662353516,4.8951311111450195,1.1916640996932983,1.158379077911377,1.0,1.0,1.0,1.0,1.0,1.0,1.0,1.0,1.0,1.0,1.0,1.0,8.808061599731445,1,1,1,1,1,1,1,2.1673583984375,1.0,1,19.487749099731445,1.0,1.0,1.0,1.0,1.0,1.0,1.0,1.0,1.0,1.0,1.0,1.0074195861816406,1.0,10.628253936767578,19.045181274414062,3.3996105194091797,1.0,1.6882762908935547,1.0,1.0,2.1023712158203125,1.0,1.0,6.594549179077148,1.0,1.0,1.0,1.0,1.0,1.0,1.2607450485229492,1.0,1.0,1.0,2.0567381381988525,1.0,1.0,1.0,1.8706283569335938,1.0,1.0,1.0,1.0,1.0,1.0,1.0,1.0,7.648487091064453,4.346508979797363,7.075895309448242,1.879201889038086,7.387692451477051,6.525440216064453,2.4539356231689453,23.177322387695312,10.468390464782715,2.4467029571533203,13.798152923583984,4.207677841186523,7.330050468444824
2024-07-18,1.7310457229614258,28.2382755279541,1.3059639930725098,1.0,1.0,1.0,7.9137444496154785,3.2933058738708496,1.0,1.0,1.0,1,1.0,1.0,6.409195423126221,1.0,20.46993064880371,1.0,1.0,35.99638366699219,9.298310279846191,1.0,1,1.5435864925384521,13.480710983276367,11.872946739196777,1.2247214317321777,54.02859115600586,3.3372788429260254,1.263232707977295,1.0,1.6457741260528564,1.2634024620056152,1.0,1,1.0,12.57777214050293,1.0,1.0,10.337610244750977,4.697566032409668,1.0,1.0,1.6289739608764648,1.0,1.0,1,1.8034005165100098,1.0,1.0,5.6309404373168945,1.0,2.925678253173828,1.0,1.0,1.0,1.0,1.0,1.0,1.0,2.9348697662353516,1.1735625267028809,2.063058853149414,5.675710678100586,2.2031145095825195,1.0,1.0,1.0,1.0,1.0,1.6153336763381958,1.7640137672424316,1.0,1.0,1.7162437438964844,1.0,1,1.2842018604278564,1.0,2.459416627883911,1.0391299724578857,1.0,1.0,1.0,2.231855869293213,1.7885209321975708,1.0,1.0,1.622021198272705,2.9830288887023926,38.0740852355957,1.0,1.0322132110595703,2.9341845512390137,1,1.0,1.0,1,14.847064971923828,1.0,1.0,1.0,2.2652196884155273,1,1.0,33.65577697753906,4.8331146240234375,1.5494019985198975,1.0,1.0,1.0,1.0,1.0,1.0,1.0,1.0,1.0,1.0,1.0,1.0,1.0,30.43297004699707,1,1,1,1,1,1,1,4.2969136238098145,1.0,1,29.71434783935547,1.0,1.0,1.0,1.0,1.0,1.0,1.646867275238037,1.0,1.0,1.0,1.0,3.782398223876953,1.0,40.501930236816406,42.89512634277344,5.044528961181641,1.0,2.8702964782714844,1.0,1.0,5.521965026855469,1.0,1.0,7.410636901855469,1.9253807067871094,1.0,1.0,2.0995330810546875,1.0,2.0981216430664062,1.1917505264282227,1.402120590209961,1.0,1.0,2.7878756523132324,1.0,1.0,1.0,4.479698181152344,1.0,1.0,1.0479011535644531,1.0,1.0,1.0,1.0841636657714844,1.0,8.970479965209961,4.371603012084961,8.794919967651367,2.8803091049194336,8.242301940917969,7.539937973022461,4.104940414428711,27.301612854003906,12.73691177368164,2.181631088256836,22.872316360473633,5.0902180671691895,7.633247375488281
2024-07-19,7.168188571929932,14.25350570678711,6.091259956359863,2.958372116088867,1.0,1.4998271465301514,4.1636247634887695,4.490217208862305,2.225928783416748,1.0,1.0,1,1.0426968336105347,3.9139833450317383,21.76795196533203,1.2414190769195557,12.963526725769043,1.0,1.5430828332901,19.69794464111328,5.443052768707275,1.0,1,1.4013469219207764,12.11967658996582,17.76388931274414,1.0,81.15184020996094,5.276987552642822,1.5114085674285889,1.0,3.228055715560913,2.8567330837249756,1.2845709323883057,1,1.0,32.46878433227539,1.0,1.0,29.895998001098633,7.508345603942871,1.0,1.0,1.4463703632354736,1.0,1.6054341793060303,1,3.0219268798828125,1.0,1.1828761100769043,8.066476821899414,1.0,4.4789276123046875,1.0,2.1834359169006348,1.0,1.678105115890503,1.0,1.0,1.0,7.251100540161133,1.912348747253418,4.16754150390625,7.764682292938232,3.230837345123291,1.568584680557251,1.0,1.2399332523345947,1.3812323808670044,1.7694883346557617,1.4415802955627441,3.7984628677368164,1.0,1.0,3.4164185523986816,1.0,1,1.1416542530059814,1.2487154006958008,3.969499111175537,1.8326692581176758,1.0,1.0,1.2042334079742432,1.747700810432434,1.0,1.7404662370681763,1.0,1.6349074840545654,5.338376998901367,40.285499572753906,1.0,2.655104398727417,6.423430442810059,1,1.0,1.0,1,21.963748931884766,2.660250663757324,1.0,1.0,4.309845447540283,1,9.798986434936523,28.120071411132812,8.518902778625488,3.1259074211120605,1.5721948146820068,1.0,1.534332275390625,1.0,1.0,1.0,1.0,1.0,1.0,1.0,1.0,1.0,1.0,18.740821838378906,1,1,1,1,1,1,1,2.961977005004883,1.0,1,24.61361312866211,2.7583658695220947,1.2039717435836792,2.819334030151367,2.1388416290283203,1.0,1.7179641723632812,7.051767826080322,1.0,1.0,3.3897390365600586,1.0,6.0649871826171875,1.0,85.31015014648438,42.967933654785156,9.07636833190918,1.0,5.764697074890137,1.0,1.0,11.692680358886719,1.0,1.0,13.254486083984375,4.4843926429748535,1.0,1.0,5.652286529541016,1.0,4.228471755981445,1.4466571807861328,3.5636768341064453,1.0,1.0,5.665163040161133,1.0,1.0,1.0,8.33416748046875,1.1519927978515625,1.0,3.0673446655273438,1.0,1.0,1.0,1.5181045532226562,1.0,14.582785606384277,7.3453779220581055,14.703184127807617,5.1676025390625,16.695682525634766,12.56592082977295,6.999378204345703,48.594383239746094,25.072471618652344,3.002653121948242,31.663721084594727,5.720914363861084,12.73109245300293
2024-07-20,12.858991622924805,5.786857604980469,9.945472717285156,5.403935432434082,1.0,1.0,3.1118149757385254,3.170485734939575,2.3576860427856445,1.0600918531417847,1.0,1,1.5721838474273682,3.811018466949463,30.481008529663086,2.1730446815490723,5.040117263793945,1.1474809646606445,2.2804603576660156,9.265317916870117,2.456418037414551,1.7684288024902344,1,1.0,9.94813346862793,1.8277952671051025,1.0,36.36134338378906,8.197010040283203,2.8718183040618896,1.1401512622833252,3.365072727203369,2.400608539581299,1.3280551433563232,1,1.0,44.973960876464844,1.0,1.0,38.478092193603516,12.16260051727295,1.0,1.0,1.2208099365234375,1.0,2.9286108016967773,1,4.764530181884766,1.0,2.6140761375427246,11.386757850646973,1.0,6.3326873779296875,1.0,2.5267386436462402,1.0,2.86542010307312,1.0,1.1400502920150757,1.0563713312149048,10.680302619934082,7.458382606506348,12.23552131652832,9.945157051086426,8.329201698303223,2.5725791454315186,1.0,1.1282018423080444,1.94863760471344,1.0047247409820557,1.1940726041793823,4.409780979156494,1.0,1.0,4.24702262878418,1.0,1,1.1594998836517334,1.0,3.7823987007141113,2.296825647354126,1.0,1.0,1.0,1.0,1.322671890258789,1.8429250717163086,1.0746543407440186,1.311023473739624,5.844236850738525,4.79229736328125,1.2262215614318848,3.590123176574707,9.40705394744873,1,1.0,1.0,1,18.996898651123047,5.1101789474487305,1.1558403968811035,1.0,5.864792823791504,1,93.10640716552734,7.161413192749023,28.493297576904297,3.6947178840637207,3.322782039642334,1.0,3.0347471237182617,1.0,1.562540888786316,1.0527726411819458,1.0,1.1590056419372559,1.0,1.2137377262115479,1.0875188112258911,1.0900883674621582,1.0,2.6265554428100586,1,1,1,1,1,1,1,1.0,1.0,1,10.422065734863281,3.274387836456299,1.574108362197876,3.5856924057006836,2.3855478763580322,1.0,2.3132336139678955,7.922435760498047,1.5666528940200806,1.0,4.094274520874023,1.0,6.86391544342041,1.0,63.028907775878906,1.0,13.792460441589355,1.0,9.15040111541748,1.0,1.0,19.721660614013672,1.0,1.0,22.228790283203125,6.834277153015137,1.0,1.0,11.54117488861084,1.0,6.662165641784668,1.7917580604553223,6.747125625610352,1.0,1.0,7.536439895629883,1.0,1.9379425048828125,1.0,13.171669006347656,1.7684803009033203,1.0,8.543037414550781,1.0,1.0,1.3978524208068848,2.4118423461914062,1.0,24.30272674560547,11.859198570251465,26.328622817993164,8.428810119628906,26.689834594726562,20.661300659179688,10.455543518066406,82.0501708984375,41.179283142089844,5.79909610748291,40.10950469970703,9.119308471679688,23.896934509277344
2024-08-18,3.581301212310791,1.0,9.223742485046387,3.31361722946167,1.0,1.3043386936187744,1.0,2.574591636657715,3.1299846172332764,1.0,1.0,1,1.0,1.9459834098815918,14.823417663574219,1.0,1.0,1.0,1.0,1.0,1.0,1.0,1,1.0,1.0,1.0,1.0,1.0,4.105655193328857,3.239288806915283,2.2388529777526855,6.920755863189697,3.800196886062622,1.0,1,1.0,54.08432388305664,1.0,1.5982214212417603,41.275657653808594,11.702207565307617,1.0,1.0,1.0,1.0,3.998701572418213,1,2.4758541584014893,1.0973377227783203,5.179249286651611,9.816011428833008,1.121355414390564,4.016565322875977,1.0,1.5308468341827393,1.0,1.7448623180389404,1.0,1.0,1.0,12.431099891662598,7.518271446228027,11.39433765411377,8.860454559326172,7.371500015258789,1.0,1.0,1.7066937685012817,3.3804614543914795,1.0,1.2164305448532104,1.0,1.0,1.0,1.9004157781600952,2.1820669174194336,1,1.0,1.0,2.3404388427734375,1.7326109409332275,1.0,1.0917044878005981,1.093105435371399,1.0,1.032456398010254,1.0,1.2988975048065186,1.2076935768127441,3.5059094429016113,1.0,1.6571741104125977,3.660438060760498,8.388313293457031,1,1.157426118850708,1.0,1,20.256484985351562,6.4233551025390625,1.3231993913650513,1.0127358436584473,7.178348541259766,1,104.84671020507812,1.0,47.891334533691406,3.5716471672058105,4.160670757293701,1.0,3.4179482460021973,1.0,2.315251350402832,1.0,1.0,1.05562424659729,2.589231491088867,1.5906591415405273,2.733910322189331,1.7371985912322998,1.0,1.0,1,1,1,1,1,1,1,1.0,1.0,1,4.3824615478515625,3.809396266937256,2.4903297424316406,2.74873423576355,2.499601125717163,1.0,1.4329979419708252,6.323538303375244,1.0,1.0,6.316067695617676,1.5276986360549927,6.574750900268555,1.0,1.0,7.307342529296875,13.734367370605469,1.0,10.08780288696289,1.0,1.0,20.946117401123047,1.0,1.0,21.305667877197266,6.580374240875244,1.0,1.0,14.254953384399414,1.0,7.5977020263671875,2.9128713607788086,9.72235107421875,1.0,1.0,14.3605318069458,1.0,1.6753311157226562,1.0,13.01739501953125,2.041097640991211,1.0,8.253284454345703,1.4933738708496094,1.0,1.0847535133361816,2.3880348205566406,1.163787841796875,8.212047576904297,6.717485427856445,8.645620346069336,2.735751152038574,10.140193939208984,7.715679168701172,3.512948989868164,26.99597930908203,21.720537185668945,1.2213211059570312,23.14029884338379,3.800044536590576,17.951169967651367
2024-08-19,2.065913200378418,1.0,5.034822463989258,1.7632328271865845,1.0,1.0,1.0,1.0,1.6942288875579834,1.0,1.0,1,1.0,1.0,7.866265773773193,1.0,1.0,1.0,1.0,1.0,1.0,1.0,1,1.0,1.0,1.0,1.0,1.1498470306396484,3.3806023597717285,1.0,1.288808822631836,6.933470249176025,3.2639265060424805,1.0,1,1.0,46.07574462890625,1.0,1.0,41.34526062011719,6.921916961669922,1.0,1.0,1.0,1.0,3.4517369270324707,1,2.8171911239624023,1.0,4.705667018890381,9.017692565917969,1.0,3.5249407291412354,1.0,1.9743602275848389,1.0,1.0,1.0,1.0417230129241943,1.0,9.998381614685059,4.672305107116699,7.69346809387207,9.539318084716797,5.810503005981445,1.0,1.0,1.0423791408538818,3.0618956089019775,1.0,1.0,1.0,1.0,1.0,1.0,1.0,1,1.0,1.0,1.0,1.2780953645706177,1.0,1.0,1.0768994092941284,1.0,1.0,1.0,1.0,1.0,1.9129984378814697,4.410961151123047,1.2965277433395386,3.1503562927246094,6.058230876922607,1,1.0,1.0,1,25.374860763549805,3.4065608978271484,1.1126214265823364,1.0,8.146024703979492,1,32.73520278930664,1.0,42.03099822998047,3.486708402633667,3.3766069412231445,1.0,3.440237283706665,1.0,1.8771767616271973,1.0,1.0,1.0,2.3417069911956787,1.0,2.0833988189697266,1.2431894540786743,1.0,3.8965368270874023,1,1,1,1,1,1,1,1.0,1.0,1,11.249545097351074,3.310126781463623,1.5376040935516357,2.296267509460449,2.056304454803467,1.0,1.4898067712783813,5.243276596069336,1.0,1.0,5.105713367462158,1.0,5.640559196472168,1.0,1.6343536376953125,18.056726455688477,12.374690055847168,1.0,9.715078353881836,1.0,1.0,16.643421173095703,1.0,1.0,20.429624557495117,5.314345359802246,1.0,1.0,12.132713317871094,1.0,6.4256591796875,2.507263660430908,6.634235382080078,1.0,1.0,8.939764022827148,1.0,1.1176681518554688,1.0,6.0265655517578125,2.1964683532714844,1.0,6.512042999267578,1.0,1.0,1.5448150634765625,1.4379310607910156,1.0,4.171039581298828,3.9592666625976562,5.565515518188477,1.7836952209472656,5.557409286499023,4.869373321533203,1.906045913696289,17.136085510253906,12.030940055847168,1.0,12.569372177124023,3.1609859466552734,10.140785217285156
2024-08-20,2.4586715698242188,1.0,4.291187763214111,1.3480370044708252,1.0,1.0,1.0,1.0,1.1197044849395752,1.0,1.0,1,1.0,1.0,5.8693952560424805,1.0,1.0,1.0,1.0,1.277048110961914,1.0,1.0,1,1.0,1.983513593673706,1.0,1.1221721172332764,4.231008529663086,3.262751340866089,1.0,1.0,6.229885101318359,3.153529167175293,1.0,1,1.0,41.38908386230469,1.0,1.0,39.4749755859375,5.7807512283325195,1.0,1.0,1.0,1.0,2.1951565742492676,1,3.441790819168091,1.1757968664169312,4.328643798828125,8.221328735351562,1.0,3.615168333053589,1.0,2.6878490447998047,1.0,1.0,1.0,1.25077486038208,1.0,9.278188705444336,4.3052191734313965,4.912110328674316,10.883866310119629,4.801936149597168,1.0,1.0,1.0,2.897625684738159,1.0,1.0,1.0,1.0,1.0,1.0,1.0,1,1.0,1.0,1.0,1.0,1.0,1.0,1.0,1.0,1.1220529079437256,1.0,1.0,1.0,2.0956554412841797,4.375785827636719,1.0,2.169252872467041,4.274698734283447,1,1.0,1.0,1,26.85235595703125,2.746795654296875,1.0,1.0,8.160120964050293,1,1.0,1.0,33.122894287109375,2.240663528442383,3.0742249488830566,1.0,2.3988986015319824,1.0,1.0,1.0,1.0,1.0,1.6027843952178955,1.0,1.2432687282562256,1.1573054790496826,1.0,1.0,1,1,1,1,1,1,1,1.0,1.0,1,11.006577491760254,3.534393787384033,1.6682994365692139,2.5387697219848633,1.588179588317871,1.0,1.4386963844299316,5.22946834564209,1.0,1.0,4.369889736175537,1.0,4.688207626342773,1.0,12.193305969238281,3.8785400390625,9.456197738647461,1.0,7.1756439208984375,1.0,1.0,13.888702392578125,1.0,1.0,17.667583465576172,4.12209415435791,1.0,1.0,9.415575981140137,1.0,4.973746299743652,1.8504810333251953,6.111459732055664,1.0,1.0,8.343517303466797,1.0,1.0,1.0,3.6253509521484375,1.5944042205810547,1.0,3.8408203125,1.0,1.0,1.4352798461914062,1.0,1.0,4.963096618652344,3.697779655456543,6.619413375854492,2.040389060974121,5.876249313354492,5.970207214355469,1.8838424682617188,21.340187072753906,14.490033149719238,1.0,15.937602996826172,5.166090965270996,12.228816986083984
2024-08-21,2.9600422382354736,1.0,5.767402648925781,1.1907001733779907,1.0,1.0,1.0,1.0,1.4872063398361206,1.0,1.0,1,1.0,1.0,6.397950172424316,1.0,2.1163291931152344,1.0,1.0,3.711078643798828,1.0,1.0,1,1.0,1.0,1.0,1.6733436584472656,1.0,2.172473907470703,1.0,1.0001707077026367,5.83236026763916,3.1940245628356934,1.0,1,1.0,41.84920883178711,1.0,1.0,35.33561706542969,5.229014873504639,1.0,1.0,1.0,1.0,1.4081767797470093,1,3.198741912841797,1.0,4.5751423835754395,8.150251388549805,1.0,4.36285400390625,1.0,3.0293984413146973,1.0,1.0421572923660278,1.0,1.0,1.0,8.291885375976562,5.352964401245117,5.093188285827637,10.44990348815918,4.661036491394043,1.0,1.0,1.0,1.758347511291504,1.0,1.0,1.0,1.0,1.0,1.0,1.0,1,1.5291049480438232,1.0,1.0189399719238281,1.0147162675857544,1.0,1.0,1.0,1.0,1.0,1.0,1.0,1.0,2.6755666732788086,5.114360809326172,1.0,2.476158380508423,4.031879425048828,1,1.0,1.0,1,26.920913696289062,4.677577018737793,1.1632943153381348,1.0,8.13527774810791,1,1.7261009216308594,1.0,32.49974822998047,1.66752028465271,1.9812190532684326,1.0,1.8840553760528564,1.0,1.0,1.0,1.0,1.0,1.4366682767868042,1.0,1.0,1.1539013385772705,1.0,1.0,1,1,1,1,1,1,1,1.0509785413742065,1.0,1,13.044318199157715,4.170440196990967,2.11824893951416,3.334843397140503,1.5427495241165161,1.0699801445007324,2.040588855743408,6.149119853973389,1.0,1.0,4.508497714996338,1.0566586256027222,5.335013389587402,1.0,1.0,2.1388587951660156,8.67861557006836,1.0,6.827112197875977,1.0,1.0,15.022247314453125,1.0,1.0,15.456428527832031,5.0093913078308105,1.0,1.0,8.714133262634277,1.2798113822937012,4.797780990600586,1.8310251235961914,7.040288925170898,1.0,1.0,9.434523582458496,1.0,1.0,1.0,5.862236022949219,1.2221736907958984,1.0,3.0200157165527344,1.0,1.0,1.0,1.0,1.0,6.730583190917969,4.669532775878906,7.733345031738281,2.3806772232055664,8.506460189819336,8.16070556640625,2.345457077026367,29.03229522705078,17.193058013916016,1.0696983337402344,20.20329475402832,4.967350006103516,12.579486846923828
2024-08-22,3.2739813327789307,1.0,5.149641990661621,1.6877057552337646,1.0,1.0,1.308250904083252,1.0,1.7642236948013306,1.0,1.0,1,1.0,1.0,9.36989688873291,1.0,3.2775402069091797,1.0,1.0,3.871915817260742,1.927785873413086,1.0,1,1.0,1.0,1.0,1.0,5.043308258056641,2.0656356811523438,1.4417579174041748,1.1401777267456055,5.847864151000977,3.0388622283935547,1.0,1,1.0,42.4066162109375,1.0,1.0,32.46259689331055,5.452604293823242,1.0,1.0,1.0,1.0,1.4776020050048828,1,2.8554677963256836,1.0,4.296327590942383,9.447423934936523,1.0,4.607818603515625,1.0,2.6360456943511963,1.0,1.0,1.0445466041564941,1.0,1.0,8.39738941192627,5.543168067932129,6.694897651672363,10.29073429107666,4.478952407836914,1.16465163230896,1.0,1.0,2.410736083984375,1.0,1.0,1.0,1.0,1.0,1.4916119575500488,1.0,1,2.398151397705078,1.0,1.0672447681427002,1.6962194442749023,1.0,1.0,1.0,1.0,1.0,1.0,1.0,1.0,3.2177443504333496,7.40142822265625,1.0,3.2280001640319824,6.078003883361816,1,1.0,1.0,1,26.156497955322266,5.078989505767822,1.0,1.0,8.23479175567627,1,1.0,1.0,33.39482879638672,2.2102322578430176,2.402014970779419,1.0,2.411811590194702,1.0,1.0,1.0,1.0,1.0,2.089526891708374,1.0,1.0,1.0,1.0,2.483273506164551,1,1,1,1,1,1,1,1.301886796951294,1.0,1,14.099985122680664,3.9411580562591553,1.830909252166748,3.5592241287231445,1.4569147825241089,1.0367755889892578,2.71573543548584,8.277497291564941,1.0,1.0,4.7957305908203125,1.437723994255066,6.406081199645996,1.0,1.0,6.3515472412109375,9.948955535888672,1.0,8.03593921661377,1.0,1.0,19.072681427001953,1.0,1.3987102508544922,16.906452178955078,7.02155876159668,1.0,1.0,11.139816284179688,1.2023236751556396,5.46231746673584,2.1539993286132812,9.263612747192383,1.0,1.0,9.616769790649414,1.0,1.171630859375,1.0,9.54901123046875,1.7591552734375,1.0,4.6827545166015625,1.0,1.0,1.0,1.2260551452636719,1.0,8.88254165649414,6.102024078369141,10.115608215332031,3.165496826171875,11.526997566223145,10.205968856811523,3.026548385620117,36.30522918701172,23.089208602905273,1.8848209381103516,24.178768157958984,5.428135871887207,17.291404724121094
2024-08-23,3.5001118183135986,3.7606754302978516,6.94700813293457,3.4026057720184326,1.0,1.0,1.348515510559082,1.0,2.4065730571746826,1.0,1.0,1,1.0,1.0,14.663028717041016,1.334546685218811,4.374105453491211,1.0,1.009907603263855,3.3343429565429688,2.1929259300231934,1.0,1,1.0,1.0,1.9685370922088623,1.213379144668579,1.0,2.5095252990722656,1.9974937438964844,1.387813925743103,6.029986381530762,3.3795247077941895,1.1544716358184814,1,1.0,45.9695930480957,1.0,1.0,35.5540657043457,7.135172367095947,1.0,1.0,1.0,1.0,2.300283193588257,1,4.377567291259766,1.0,4.134644508361816,10.812795639038086,1.0,4.762966156005859,1.0,1.9492267370224,1.0383391380310059,1.677161455154419,1.211662769317627,1.0,1.0,11.669654846191406,7.396692752838135,9.595213890075684,10.498896598815918,5.525790214538574,1.6087212562561035,1.0,1.7879829406738281,3.1325979232788086,1.0,1.3427127599716187,1.0,1.0,1.0,2.596067428588867,1.4674789905548096,1,2.2698466777801514,1.0,1.7200442552566528,2.0563793182373047,1.2691744565963745,1.0,1.1195814609527588,1.0,1.406726598739624,1.0,1.0,1.579691767692566,4.229109764099121,2.9845237731933594,1.1516122817993164,2.9017481803894043,8.115642547607422,1,1.0,1.0,1,21.445415496826172,4.551212310791016,1.0,1.0,8.423530578613281,1,9.391937255859375,1.0,37.44117736816406,2.4423270225524902,4.282707214355469,1.0,2.201932430267334,1.0,1.0,1.0,1.0,1.0,2.301243782043457,1.145685076713562,1.0,1.2490925788879395,1.0,1.0,1,1,1,1,1,1,1,1.1871486902236938,1.0,1,12.837987899780273,3.4038619995117188,2.008596658706665,3.8057520389556885,1.7070000171661377,1.0,1.8805540800094604,8.579851150512695,1.251258373260498,1.0,5.6666059494018555,1.6217966079711914,6.482160568237305,1.0,3.3530654907226562,1.0,10.796876907348633,1.0,7.275203704833984,1.0,1.0,20.60346221923828,1.0,1.0,20.201974868774414,8.061487197875977,1.0,1.0,13.614099502563477,1.0,6.8184356689453125,2.0269675254821777,11.754685401916504,1.0,1.0,11.784139633178711,1.0,1.0,1.0,12.621910095214844,1.101806640625,1.0,4.225948333740234,1.0,1.0,1.0,1.5611381530761719,1.0,10.291662216186523,6.725445747375488,11.305025100708008,3.2679433822631836,13.736568450927734,10.14477825164795,3.5747318267822266,36.83563995361328,29.487356185913086,1.1983280181884766,26.970722198486328,5.5021233558654785,22.093647003173828
2024-08-24,4.254759788513184,1.8609275817871094,9.794737815856934,4.488702297210693,1.0,1.056350588798523,1.0,2.383925676345825,3.3527417182922363,1.0,1.0,1,1.0,2.0304324626922607,18.482635498046875,1.4479079246520996,1.7188053131103516,1.0,1.1025711297988892,1.3364276885986328,1.0,1.0,1,1.0,1.0,1.66251802444458,1.0,1.0,3.9582738876342773,3.4142842292785645,2.0569467544555664,6.353261470794678,4.121119499206543,1.3076708316802979,1,1.0,52.39354705810547,1.0,1.582322120666504,38.92449951171875,12.000541687011719,1.0,1.0,1.0,1.0,3.403323173522949,1,3.4797747135162354,1.0,4.2596964836120605,10.949102401733398,1.320547342300415,4.745054244995117,1.0,1.6517691612243652,1.0,2.5270495414733887,1.2223212718963623,1.0,1.0707309246063232,14.43275260925293,8.860822677612305,11.205107688903809,9.409428596496582,6.684062480926514,1.167515516281128,1.0,1.9558742046356201,3.0207948684692383,1.0,1.4462634325027466,1.0,1.0,1.0,2.8586673736572266,2.8986353874206543,1,1.0890283584594727,1.0,2.6531662940979004,1.7085309028625488,1.4402124881744385,1.6013495922088623,1.2869656085968018,1.0,1.7039670944213867,1.0,1.6222772598266602,1.8065872192382812,5.022981643676758,1.0,1.4297113418579102,3.2502145767211914,9.280258178710938,1,1.007185697555542,1.0,1,15.428911209106445,6.497436046600342,1.2681348323822021,1.002355933189392,7.277103424072266,1,79.02996826171875,1.0,40.83641052246094,3.236863374710083,5.07758092880249,1.0,2.5961501598358154,1.0,1.470175862312317,1.0,1.0,1.0,2.450387477874756,1.9755499362945557,1.8325767517089844,1.8827219009399414,1.0,1.0,1,1,1,1,1,1,1,1.0,1.0,1,5.906357288360596,3.5241494178771973,3.090271234512329,3.4822893142700195,2.446812391281128,1.0,1.1586724519729614,7.368618965148926,1.0964031219482422,1.0,6.399328231811523,1.813468337059021,6.4501190185546875,1.0,1.0,1.0,12.5701322555542,1.0,7.996128082275391,1.0,1.0,21.832408905029297,1.0,1.0,21.792705535888672,7.916341781616211,1.0,1.0,15.589195251464844,1.0,7.455312728881836,2.4165406227111816,12.711359977722168,1.0,1.0,15.124408721923828,1.0,1.013427734375,1.0,15.904830932617188,1.1809844970703125,1.0,6.096187591552734,1.1151275634765625,1.0,1.0,2.3425559997558594,1.0,11.09953498840332,7.751411437988281,11.446537017822266,3.5980825424194336,13.392986297607422,9.63710880279541,4.187946319580078,34.991127014160156,30.980762481689453,1.0506477355957031,31.331298828125,5.369446754455566,23.63318634033203
2024-09-22,7.905745029449463,1.064462661743164,12.033651351928711,4.889765739440918,1.1435335874557495,1.0,2.6774301528930664,1.0,1.5720723867416382,1.0,1.8826093673706055,1,1.1075466871261597,4.749967098236084,38.778709411621094,1.0,1.0,1.0,1.0471092462539673,3.715251922607422,1.6601648330688477,1.1853874921798706,1,1.0,1.1486282348632812,1.0,1.3279414176940918,1.0,6.949092864990234,6.17935037612915,2.4465432167053223,4.914103031158447,2.230407953262329,1.7785885334014893,1,3.461843490600586,58.31968688964844,8.014076232910156,1.4709203243255615,34.26063537597656,13.734655380249023,1.4619715213775635,1.0,1.0,1.0,1.6725746393203735,1,3.262349843978882,1.0,4.375065803527832,20.184568405151367,1.0,5.851777076721191,1.0,1.2844467163085938,1.394463062286377,1.0,1.4957817792892456,1.0,1.0,15.14419174194336,13.267465591430664,17.84917449951172,20.354446411132812,8.392207145690918,1.0,1.0,1.1564011573791504,1.185901165008545,1.0,1.0,1.0,1.0,1.0,2.5386953353881836,3.876857042312622,1,2.355391502380371,1.0,3.763058662414551,2.723639965057373,1.0,1.0,1.0,1.624427080154419,1.0,1.0,3.25429105758667,2.164834976196289,3.2047486305236816,1.0,1.930976152420044,4.669759750366211,1.0,1,1.0,1.0,1,7.839856147766113,12.455926895141602,1.0,1.0,4.442600250244141,1,167.47381591796875,2.59478759765625,49.070152282714844,6.994903564453125,7.558069229125977,1.4094696044921875,3.4595589637756348,1.0,1.4665229320526123,1.0,1.0,1.0,4.1057047843933105,1.1532738208770752,1.445861577987671,1.081066608428955,1.0,1.0,1,1,1,1,1,1,1,1.0,1.0,1,8.034246444702148,2.476576566696167,1.0,2.2565813064575195,2.0478947162628174,1.0,1.0382003784179688,2.961568832397461,1.0,1.0,2.9512643814086914,1.0,9.12234115600586,1.0,11.23956298828125,1.0,7.780265808105469,1.0,8.319012641906738,1.0,1.0,21.844295501708984,1.0,1.0,22.08403205871582,6.389425754547119,1.0,1.0,14.541071891784668,1.2142484188079834,6.143616676330566,2.865631580352783,10.072179794311523,1.0,1.0,10.977901458740234,2.67230224609375,4.096885681152344,1.0,14.186264038085938,4.895717620849609,1.1161117553710938,11.505109786987305,3.1819076538085938,1.0,3.821049451828003,6.269481658935547,1.729330062866211,36.84455108642578,21.733169555664062,36.53681945800781,11.985006332397461,17.153871536254883,28.720489501953125,18.767963409423828,98.47542572021484,49.82862854003906,7.682199478149414,39.624027252197266,8.5057373046875,46.2040901184082
2024-09-23,4.856614112854004,14.672560691833496,7.234250068664551,3.482584238052368,1.0,1.0,8.725951194763184,1.0,1.0,1.0,1.135714054107666,1,1.0,3.1480040550231934,27.327564239501953,1.0,9.884539604187012,1.0,1.0,16.396320343017578,7.885649681091309,1.0,1,1.0,1.0,1.0,1.0495741367340088,1.0,11.124353408813477,8.432791709899902,4.047426700592041,3.86472225189209,1.8651866912841797,1.259378433227539,1,4.6883344650268555,51.48717498779297,9.641735076904297,1.4605821371078491,28.74008560180664,20.326345443725586,1.5264761447906494,1.0,1.0,1.0,1.7400442361831665,1,3.1916162967681885,1.0,4.4101667404174805,19.804990768432617,1.0,6.700329780578613,1.0,1.1707093715667725,1.0,1.0,1.3218395709991455,1.0,1.0,14.48151969909668,10.278051376342773,16.63395881652832,16.10068702697754,7.791090488433838,1.0,1.0,1.0,1.0,1.0,1.0,1.0,1.0,1.0,1.8966312408447266,1.6195714473724365,1,2.01648211479187,1.0,3.22066330909729,1.7418742179870605,1.0,1.0,1.0,1.0,1.02104651927948,1.0,2.8625950813293457,1.8965375423431396,3.4817914962768555,1.0,2.309080123901367,3.4469666481018066,1.0,1,1.0,1.0,1,8.315508842468262,10.247611999511719,1.0,1.0,3.5330278873443604,1,127.6846694946289,12.881490707397461,43.0792236328125,6.201711654663086,6.134639739990234,1.173543930053711,3.525836229324341,1.0,1.3867806196212769,1.0,1.0,1.0,3.865243434906006,1.0,1.5701019763946533,1.0,1.0,3.8925466537475586,1,1,1,1,1,1,1,1.0,1.0,1,4.443624496459961,1.974268913269043,1.0,1.4289580583572388,1.889968991279602,1.0,1.0,2.3629677295684814,1.0,1.0,2.217115879058838,1.0,7.544039726257324,1.0,10.402538299560547,20.06120491027832,9.011314392089844,1.0,7.563719749450684,1.0,1.0,17.723617553710938,1.0,1.0,24.115331649780273,6.13445520401001,1.0,1.0,12.957135200500488,1.8170385360717773,7.337224960327148,2.6931543350219727,10.22036361694336,1.0,1.0,7.468588352203369,2.6212921142578125,3.3374557495117188,1.0,13.367446899414062,5.275455474853516,1.0,10.163177490234375,2.5254974365234375,1.0,2.8010661602020264,6.625598907470703,1.1662769317626953,35.793617248535156,22.461809158325195,37.20751953125,13.385382652282715,15.423532485961914,35.77458190917969,20.448408126831055,100.47071838378906,42.54907989501953,6.079843521118164,40.927093505859375,9.439821243286133,42.144832611083984
2024-09-24,4.862044811248779,8.257394790649414,6.211125373840332,2.946864366531372,1.0,1.0,6.47336483001709,1.0,1.0156915187835693,1.0,1.0,1,1.0,2.272146224975586,22.755229949951172,1.0,5.438165664672852,1.0,1.0,9.401988983154297,5.989274024963379,1.0,1,1.0,1.0,1.0,4.4279561042785645,1.0,11.613791465759277,9.154264450073242,5.637473106384277,3.4016849994659424,1.915846347808838,1.0,1,4.703397750854492,43.75747299194336,8.350975036621094,1.0,24.39055633544922,21.492443084716797,1.0,1.0,1.0,1.0,1.980007290840149,1,2.5875542163848877,1.0,3.055375099182129,17.37847328186035,1.0,5.2023210525512695,1.0,1.0,1.0,1.0,1.0,1.0,1.0,12.47072982788086,6.302183151245117,13.325050354003906,13.370779037475586,5.012709140777588,1.0167627334594727,1.0,1.0,1.0055752992630005,1.0,1.0,1.0,1.0,1.0,2.0379176139831543,1.0,1,1.8133950233459473,1.0,2.6813507080078125,1.2696361541748047,1.0,1.0,1.0,1.0,1.192956805229187,1.0,1.97638738155365,2.2914748191833496,3.68831729888916,1.1163272857666016,1.745642900466919,2.657400131225586,1.0,1,1.0,1.0,1,9.308704376220703,7.469333171844482,1.0,1.0,3.6387248039245605,1,81.67481994628906,13.723688125610352,33.74576187133789,5.373578071594238,4.424981117248535,1.2465219497680664,3.0226705074310303,1.0,1.492282509803772,1.0,1.0,1.0,3.5075175762176514,1.0,1.1610069274902344,1.0,1.0,6.2161865234375,1,1,1,1,1,1,1,1.0,1.0,1,8.540716171264648,1.6833462715148926,1.0,1.4551674127578735,2.032759189605713,1.0,1.0,2.8217508792877197,1.0,1.0,2.0510146617889404,1.0,5.995461463928223,1.0,21.051481246948242,33.13881301879883,8.915756225585938,1.0,6.636590957641602,1.0,1.0,14.000625610351562,1.0,1.0,20.556293487548828,5.148157119750977,1.057499885559082,1.0,9.507636070251465,1.6368768215179443,6.390870094299316,1.546473503112793,9.167490005493164,1.0,1.0,5.836053848266602,2.05682373046875,2.5433578491210938,1.0,10.752281188964844,4.596874237060547,1.0,6.877555847167969,1.4738883972167969,1.0,1.4965744018554688,5.836212158203125,1.0,30.76447868347168,20.147403717041016,32.14363479614258,10.642723083496094,11.773571968078613,30.952613830566406,16.151317596435547,80.30287170410156,35.384788513183594,4.602599143981934,33.24543380737305,8.99322509765625,30.80146026611328
2024-09-25,4.084281921386719,7.002508163452148,5.425746440887451,2.2751317024230957,1.0,1.0,5.631392002105713,1.0,1.532873511314392,1.0,1.0,1,1.0,2.0488266944885254,23.558361053466797,1.0,5.127851486206055,1.0,1.0,7.596593856811523,5.404014587402344,1.0,1,1.0,1.0,1.0,1.0,8.332382202148438,6.897752285003662,7.351156234741211,3.6216044425964355,2.788917064666748,1.4684944152832031,1.0,1,3.631758689880371,40.42366027832031,5.6940741539001465,1.0,22.236373901367188,13.359039306640625,1.0,1.0,1.0,1.0,1.5123306512832642,1,1.734950304031372,1.0,2.4744107723236084,14.60240364074707,1.0,2.8439764976501465,1.0,1.0,1.0,1.0,1.0,1.0,1.0,10.058890342712402,4.678201198577881,11.196453094482422,11.927115440368652,4.977774620056152,1.4922682046890259,1.0,1.0,2.0348496437072754,1.0,1.0,1.0,1.0,1.0,1.3918566703796387,1.0,1,1.836263656616211,1.0,2.273799419403076,1.0,1.0,1.0,1.0,1.0,1.0,1.0,1.1431143283843994,1.7380352020263672,3.0186145305633545,5.345233917236328,1.0,2.5655853748321533,1.0,1,1.184188961982727,1.0,1,13.297933578491211,6.639804363250732,1.0,1.0,3.929319143295288,1,56.95116424560547,23.54062271118164,28.35858917236328,4.756370544433594,3.849731206893921,1.0,2.6935980319976807,1.0,1.460805058479309,1.0,1.0,1.0,3.3209171295166016,1.0,1.0,1.0,1.0,6.439888954162598,1,1,1,1,1,1,1,1.147788643836975,1.0,1,28.20639419555664,1.3304743766784668,1.0,1.0389690399169922,1.903603434562683,1.0,1.0,1.8056931495666504,1.0,1.0,1.8628835678100586,1.0,4.517549514770508,1.0,16.814611434936523,35.972686767578125,5.297628402709961,1.0,4.731525421142578,1.0,1.0,10.787208557128906,1.0,1.0,14.902081489562988,3.705170154571533,1.0,1.0,6.124958038330078,1.0,3.253162384033203,1.3076543807983398,6.830558776855469,1.0,1.0,4.97464656829834,1.2129669189453125,1.4695663452148438,1.0,5.4136962890625,3.027616500854492,1.0,3.613719940185547,1.0,1.0,1.1125750541687012,3.7791595458984375,1.0,24.60508155822754,14.680667877197266,23.51763153076172,5.982717514038086,9.714715003967285,18.420270919799805,10.984015464782715,56.206111907958984,28.026735305786133,4.4780073165893555,22.557437896728516,6.267941474914551,21.694412231445312
2024-09-26,3.4844932556152344,15.465554237365723,4.641960620880127,1.974895715713501,1.0,1.0,9.468916893005371,1.0,1.172163486480713,1.0,1.0,1,1.0,2.3411459922790527,23.259685516357422,1.0,19.342397689819336,1.0,1.0,20.545455932617188,9.59758472442627,1.0,1,1.0,4.753413677215576,1.0,1.0,16.534278869628906,4.9677534103393555,5.856403350830078,1.8517898321151733,2.952024459838867,1.3047388792037964,1.0,1,3.027488946914673,41.726043701171875,5.754162788391113,1.0,24.4842529296875,9.055841445922852,1.0,1.0,1.0,1.0,1.0995675325393677,1,1.516394853591919,1.0,2.684110641479492,15.367935180664062,1.0,3.0260300636291504,1.0,1.4297211170196533,1.0,1.389339566230774,1.0,1.0,1.0,9.570883750915527,2.8330678939819336,6.820880889892578,11.965633392333984,6.09257698059082,1.2177205085754395,1.0,1.2185884714126587,2.107487201690674,1.0,1.0,1.0,1.0,1.0,1.5277857780456543,1.1878206729888916,1,1.8554224967956543,1.0,2.217207431793213,1.176619529724121,1.0,1.0,1.0,1.0,1.0,1.0,1.362587809562683,1.7394078969955444,2.6869585514068604,19.796249389648438,1.0,4.250131607055664,1.0,1,1.4959839582443237,1.02090322971344,1,18.703014373779297,9.84483528137207,1.0,1.0,4.533561706542969,1,26.476430892944336,43.30827713012695,22.619516372680664,5.465019702911377,3.839895009994507,1.085910439491272,4.145459175109863,1.0,1.7566291093826294,1.0,1.0,1.1363921165466309,3.092078447341919,1.0,1.5312241315841675,1.0,1.0,8.184004783630371,1,1,1,1,1,1,1,1.904686689376831,1.0,1,34.26603698730469,1.7384917736053467,1.0,1.4626206159591675,1.526464581489563,1.0,1.0,2.298792839050293,1.0,1.0,2.4360837936401367,1.0,4.669609069824219,1.0,25.435041427612305,47.30006408691406,4.076471328735352,1.0,4.231372833251953,1.0,1.0,12.53662109375,1.0,1.0,14.117162704467773,3.1844396591186523,1.0,1.0,6.025186538696289,1.0,2.7761802673339844,1.9505009651184082,5.784334182739258,1.0,1.0,4.306949138641357,1.4866485595703125,1.5341033935546875,1.0,2.8776702880859375,1.7007503509521484,1.0,1.9365882873535156,1.0,1.0,1.0,2.5716896057128906,1.0,23.458515167236328,12.892605781555176,20.39581298828125,5.510319709777832,10.925628662109375,16.709270477294922,9.225354194641113,51.08017349243164,21.631729125976562,5.668979644775391,19.42780113220215,3.8947019577026367,20.127525329589844
2024-09-27,5.744678020477295,22.127696990966797,8.768399238586426,3.7301032543182373,1.0,1.0,10.064888954162598,1.0,2.1436593532562256,1.0,1.0,1,1.0,4.147130012512207,31.11532211303711,1.0,19.12836456298828,1.0,1.0,24.13878059387207,9.373377799987793,1.0,1,1.0,3.5058488845825195,1.0,5.9555277824401855,20.584571838378906,5.443676471710205,5.446394920349121,2.308058977127075,3.96549916267395,2.3072431087493896,1.435401439666748,1,2.8438456058502197,48.841854095458984,6.516645431518555,1.0,31.048828125,9.956012725830078,1.0,1.0,1.0,1.0,1.5340441465377808,1,2.3076374530792236,1.0,3.3006632328033447,16.826656341552734,1.0,4.510858058929443,1.0,1.5818729400634766,1.2268998622894287,1.0,1.0,1.0,1.0,11.755125999450684,1.3400535583496094,5.1308441162109375,16.141510009765625,3.3140339851379395,1.0,1.0,1.0,1.320945382118225,1.0,1.0,1.0,1.0,1.0,2.8038902282714844,2.6137123107910156,1,2.0474979877471924,1.0,3.012098550796509,1.8018250465393066,1.0,1.0,1.0,1.0,1.0,1.0,1.7647091150283813,2.4396562576293945,3.1196038722991943,19.099742889404297,1.1378127336502075,6.0254998207092285,1.0,1,1.0,1.0,1,17.586589813232422,13.715068817138672,1.0,1.0,5.556371212005615,1,40.197872161865234,32.283565521240234,24.313129425048828,6.9837117195129395,5.3230485916137695,1.546700119972229,4.710414886474609,1.0,1.7482130527496338,1.0,1.0,1.3213136196136475,3.3063294887542725,1.3544445037841797,2.0125582218170166,1.0866825580596924,1.0,1.0,1,1,1,1,1,1,1,1.0,1.0,1,13.210236549377441,2.8444409370422363,1.1026382446289062,2.803115129470825,1.913682460784912,1.0,1.256882905960083,4.970392227172852,1.0,1.0,3.2636911869049072,1.0,6.97133731842041,1.0,42.913448333740234,35.248600006103516,5.859535217285156,1.0,6.144163131713867,1.0,1.0,18.664833068847656,1.0,1.0,16.9818115234375,4.592865467071533,1.0,1.0,9.367437362670898,1.0,4.774706840515137,2.1171088218688965,6.713062286376953,1.0,1.0,7.587383270263672,1.0,1.061676025390625,1.0,5.393089294433594,2.261007308959961,1.0,3.044902801513672,1.0,1.0,1.3540258407592773,2.708545684814453,1.0,26.683956146240234,13.873319625854492,23.83245849609375,7.51183557510376,12.642210960388184,20.206035614013672,10.876496315002441,60.081478118896484,28.10577392578125,6.82014274597168,24.847431182861328,5.38871431350708,24.324134826660156
2024-09-28,8.731056213378906,1.8143787384033203,13.650857925415039,5.586119174957275,1.0,1.0,2.7183094024658203,1.0,2.535797119140625,1.0,1.8652887344360352,1,1.42990243434906,5.731738567352295,40.950897216796875,1.0852482318878174,1.0,1.0,1.5925400257110596,2.42388916015625,1.1003036499023438,1.6940267086029053,1,1.0,1.0,1.0,5.640093803405762,8.682031631469727,6.053076267242432,5.867483139038086,2.5847549438476562,5.100669860839844,2.693479299545288,1.9819350242614746,1,3.2313363552093506,58.18181610107422,6.774909496307373,1.3510116338729858,37.269344329833984,11.834336280822754,1.0,1.0,1.0,1.0,2.027568817138672,1,3.2872543334960938,1.0,4.095826625823975,18.735666275024414,1.0,5.141674995422363,1.0,1.2854886054992676,1.6570185422897339,1.0,1.248775601387024,1.0,1.0,14.608280181884766,6.4505720138549805,11.687891960144043,20.996246337890625,6.749114990234375,1.0,1.0,1.0,1.3626576662063599,1.0,1.0,1.0,1.0905218124389648,1.0,2.92256498336792,4.250885963439941,1,2.2959392070770264,1.0,3.6212282180786133,2.526667356491089,1.0,1.0,1.0,1.7434461116790771,1.0,1.0309157371520996,2.5434436798095703,2.455648422241211,3.306082248687744,6.630430221557617,1.476764440536499,6.0708465576171875,1.0,1,1.0,1.0,1,10.545560836791992,13.972929954528809,1.0,1.0,5.8522186279296875,1,117.57923126220703,2.767627716064453,36.95343780517578,7.207874774932861,7.2948832511901855,1.5837182998657227,4.180190563201904,1.0,1.3896455764770508,1.0,1.0,1.0,3.764658212661743,1.7355008125305176,1.6778804063796997,1.2655951976776123,1.0,2.2031335830688477,1,1,1,1,1,1,1,1.0,1.0,1,5.685883045196533,2.9524433612823486,1.5675761699676514,3.275402307510376,2.1613106727600098,1.0,1.5257184505462646,4.983559608459473,1.0,1.0,3.489522695541382,1.0,9.42204761505127,1.0,33.311729431152344,13.3946533203125,7.531667709350586,1.0,8.220728874206543,1.0,1.0,23.956768035888672,1.0,1.0,19.9849910736084,6.5176591873168945,1.0,1.0,13.393021583557129,1.0,5.604923248291016,2.4663619995117188,9.177143096923828,1.0,1.0,11.623272895812988,1.0,2.17230224609375,1.0,11.013381958007812,3.8325729370117188,1.0,7.858333587646484,1.5267143249511719,1.0,3.109893798828125,4.322822570800781,1.3353633880615234,34.93844985961914,18.519542694091797,32.12704086303711,10.139009475708008,16.853700637817383,25.63195037841797,15.723915100097656,83.85897064208984,46.10539245605469,8.285785675048828,36.45204162597656,8.072669982910156,39.006561279296875
2024-10-27,4.07895565032959,2.6359519958496094,6.677015781402588,3.130087375640869,1.0,1.2223273515701294,2.4176955223083496,1.0,3.0545713901519775,1.0,1.0,1,1.0,1.6099047660827637,16.715898513793945,1.0,18.006113052368164,1.0,1.0,15.759235382080078,2.1811370849609375,1.0,1,1.0,1.0,1.0,5.916046619415283,24.771408081054688,9.42258358001709,5.6297526359558105,6.346388816833496,2.6272730827331543,1.2544903755187988,1.0,1,3.882803440093994,34.05162811279297,6.671487808227539,1.0,22.232257843017578,17.396066665649414,1.0,1.0,1.0,1.0,1.0,1,2.034689426422119,1.0,1.5747994184494019,12.417022705078125,1.2357456684112549,3.8084263801574707,1.0,2.9899113178253174,1.0,1.4544878005981445,1.0,1.0,1.0,6.679195404052734,8.271890640258789,17.52549171447754,10.968086242675781,11.898097038269043,1.383086085319519,1.0,1.0,1.5858525037765503,1.0,1.453551173210144,1.0,1.2322956323623657,1.0,3.7968950271606445,1.2044622898101807,1,1.7085328102111816,1.0,2.8429112434387207,2.113964796066284,1.0,1.0,1.1600605249404907,1.2368271350860596,1.0,1.0,1.1012450456619263,4.454651832580566,3.4280195236206055,3.1959686279296875,1.0311741828918457,3.5799241065979004,7.53164005279541,1,1.0556106567382812,1.0,1,13.51029109954834,4.891310214996338,1.8406273126602173,1.4764811992645264,4.161215305328369,1,89.36712646484375,12.213600158691406,19.648033142089844,3.628527879714966,1.0963778495788574,1.0,2.9444127082824707,1.0,1.0,1.0,1.0,1.0,1.0,1.0,3.9788239002227783,1.181158185005188,1.0,6.879815101623535,1,1,1,1,1,1,1,3.4988088607788086,1.0,1,24.043556213378906,1.0,1.0,1.0,1.0,1.0,1.0,2.0546531677246094,1.0,1.0,1.0,1.0,7.1123504638671875,1.0,11.705080032348633,11.797561645507812,12.824971199035645,1.0,10.907087326049805,1.0,1.0,28.874130249023438,1.0,1.0,29.66193389892578,7.503354549407959,1.0,1.0,12.519654273986816,1.562118649482727,7.239886283874512,3.123767852783203,11.331000328063965,1.0,1.0,12.4730863571167,14.196372985839844,12.836036682128906,1.0,18.222816467285156,1.8463001251220703,12.478429794311523,25.72317123413086,18.927433013916016,7.542474746704102,3.2355527877807617,4.613822937011719,6.437812805175781,120.13484191894531,61.57996368408203,95.68682861328125,37.943275451660156,58.272281646728516,108.22895050048828,60.02292251586914,484.2108459472656,100.67459106445312,61.77385711669922,81.99630737304688,18.35965347290039,132.40684509277344
2024-10-28,1.1134796142578125,14.759590148925781,2.1431727409362793,1.0,1.0,1.0,7.563170433044434,1.0,2.135392427444458,1.0,1.0,1,1.0,1.0,6.638319492340088,1.0,33.231449127197266,1.0,1.0,28.927648544311523,6.924677848815918,1.0,1,1.0,1.0,1.0,3.16892671585083,14.38903522491455,8.304719924926758,4.070230484008789,5.029001235961914,2.591665267944336,1.0,1.0,1,3.1028659343719482,31.418079376220703,5.001462936401367,1.0,21.722532272338867,14.982369422912598,1.0,1.0,1.0,1.0,1.0,1,2.325267791748047,1.0,1.2227423191070557,10.502951622009277,1.0064643621444702,4.164481163024902,1.0,1.727881669998169,1.0,1.0,1.0,1.0,1.0,4.484124660491943,5.075366020202637,11.730644226074219,12.29371452331543,10.14203929901123,1.0,1.0,1.0,1.6343247890472412,1.0,1.0648373365402222,1.0,1.0,1.0,1.9471856355667114,1.0,1,1.9101030826568604,1.0,1.2228542566299438,1.430628776550293,1.0,1.0,1.0,1.0,1.0,1.0,1.0,2.2060322761535645,2.162710666656494,48.69976043701172,1.0,3.7413620948791504,5.285129547119141,1,1.0,1.0,1,17.89963150024414,3.0450847148895264,1.0,1.5978600978851318,4.23322057723999,1,14.337142944335938,41.3061408996582,11.63631820678711,2.7880032062530518,1.0,1.0,2.546969175338745,1.0,1.0,1.0,1.0,1.0,1.0,1.0,3.493511438369751,1.0,1.0,14.2494478225708,1,1,1,1,1,1,1,5.544781684875488,1.0,1,22.84931182861328,1.0,1.0,1.0,1.0,1.0,1.0,1.0,1.0,1.0,1.0,1.0,4.635341644287109,1.0,53.79496765136719,56.393150329589844,8.166339874267578,1.0,7.701815605163574,1.0,1.0,21.164894104003906,1.0,1.0711326599121094,27.388526916503906,3.751038074493408,1.0,1.0,9.099696159362793,1.6267931461334229,5.136440277099609,2.542074203491211,6.326742172241211,1.0,1.0,9.516195297241211,6.1712493896484375,5.194007873535156,1.0,6.599395751953125,1.0,7.352699279785156,9.029407501220703,7.473857879638672,3.7156620025634766,1.0,1.4350700378417969,2.188140869140625,91.81069946289062,32.68341064453125,70.6343765258789,18.463666915893555,49.15214538574219,52.46158218383789,33.825862884521484,349.1304931640625,57.565216064453125,66.02301025390625,48.03119659423828,12.675724029541016,70.94964599609375
2024-10-29,1.5610978603363037,15.095552444458008,2.243772268295288,1.0,1.0,1.0,8.42092514038086,1.0,2.588796377182007,1.0,1.0,1,1.0,1.366206169128418,9.452829360961914,1.0,36.460147857666016,1.0,1.0,34.47891616821289,8.553539276123047,1.0,1,1.0,1.0,1.0,3.915034532546997,17.755542755126953,8.441658020019531,2.9696640968322754,3.015460968017578,3.3377420902252197,1.0,1.0,1,1.9859930276870728,33.22858428955078,4.829890251159668,1.7259958982467651,23.94656753540039,14.430917739868164,1.0,1.0,1.0,1.0,1.11953866481781,1,2.299030303955078,1.0,1.364952564239502,7.574102401733398,1.0,3.891791343688965,1.0,1.5586727857589722,1.0,1.0,1.0,1.0,1.0,3.7454099655151367,4.672981262207031,10.22509765625,13.927485466003418,9.011445999145508,1.2669225931167603,1.0,1.0,1.977307915687561,1.0,1.8477624654769897,1.0,1.0,1.0,3.2541985511779785,1.0,1,2.881993532180786,1.0,1.901407241821289,1.9270477294921875,1.0,1.0,1.0,1.7372299432754517,1.0,1.0,1.2740771770477295,3.117053985595703,3.4030637741088867,67.97135162353516,1.0,3.2266626358032227,4.563625335693359,1,1.0,1.0,1,21.510662078857422,1.9892535209655762,1.0,1.3777083158493042,4.586271286010742,1,1.0,58.891483306884766,7.241559982299805,2.6711158752441406,1.0914033651351929,1.0,1.9570496082305908,1.0,1.0,1.0,1.0,1.0,1.0,1.0,2.8962454795837402,1.0,1.0,15.1657075881958,1,1,1,1,1,1,1,6.876581192016602,1.2301145792007446,1,20.68585968017578,1.0,1.0,1.0,1.0,1.0,1.0,1.0,1.0,1.0,1.0,1.0,3.946531295776367,1.0,61.85712432861328,104.2928237915039,6.278284072875977,1.0,4.5918121337890625,1.0,1.0,18.167964935302734,1.0,1.5756778717041016,24.835041046142578,3.0742416381835938,1.0485754013061523,1.0,6.798137664794922,1.0,3.9597387313842773,2.2967729568481445,4.675872802734375,1.0,1.0,7.466758728027344,1.974700927734375,3.6803817749023438,1.0,1.7017288208007812,1.0,4.648294448852539,5.321929931640625,3.0781097412109375,1.3040952682495117,1.0,1.0,1.0,96.3724136352539,32.25010681152344,72.25413513183594,15.99561882019043,55.724586486816406,43.61001968383789,28.604930877685547,323.4717712402344,58.496803283691406,75.07579040527344,53.603912353515625,16.01181983947754,69.88970184326172
2024-10-30,2.1656136512756348,26.406484603881836,3.059110641479492,1.0,1.0,1.0,15.590635299682617,1.0,2.1595516204833984,1.0,1.0,1,1.0,1.8367791175842285,11.03568172454834,1.0,60.16001892089844,1.0,1.0,55.65591049194336,15.823919296264648,1.0,1,1.0871037244796753,4.162702560424805,1.0,5.986800193786621,6.337471008300781,9.347786903381348,3.140113115310669,3.0144166946411133,3.7401468753814697,1.0,1.0,1,2.0448737144470215,31.429170608520508,5.9255266189575195,1.544283151626587,23.490550994873047,14.937080383300781,1.0,1.0,1.0,1.0,1.302544355392456,1,1.30532705783844,1.0,1.1928184032440186,7.234531402587891,1.0,3.4411420822143555,1.0,1.333998441696167,1.0,1.0,1.0,1.0,1.0,3.3692970275878906,6.7123541831970215,12.630162239074707,13.761693954467773,10.506099700927734,1.5366380214691162,1.0,1.2053085565567017,2.7987215518951416,1.0,1.7430052757263184,1.0,1.0,1.0,3.441263198852539,1.0,1,2.799074172973633,1.0,2.9605906009674072,2.094815731048584,1.0,1.1626129150390625,1.0,2.0655088424682617,1.0023596286773682,1.13336181640625,1.5898433923721313,3.376655101776123,4.149358749389648,55.859352111816406,1.0,2.7914316654205322,4.114634037017822,1,1.0,1.0,1,17.317861557006836,1.7916991710662842,1.0,1.0,5.496063232421875,1,3.844615936279297,62.84846496582031,8.880117416381836,2.258418560028076,1.0,1.0,1.5220341682434082,1.0,1.0,1.0,1.0,1.0,1.0,1.0,2.1907496452331543,1.0,1.0,20.715808868408203,1,1,1,1,1,1,1,6.231812000274658,1.2837830781936646,1,36.754150390625,1.0,1.0,1.0,1.0,1.0,1.0,1.0,1.0,1.0,1.0,1.0,5.499999046325684,1.0,97.80203247070312,97.16746520996094,8.038724899291992,1.0,5.678013801574707,1.0,1.0,22.372940063476562,1.0,1.239969253540039,28.825599670410156,4.045339107513428,1.524454116821289,1.0,8.926851272583008,1.0,5.538872718811035,3.024172782897949,7.784397125244141,1.0,1.0,8.477357864379883,5.650909423828125,6.836418151855469,1.0,5.678077697753906,1.0,7.633768081665039,11.704090118408203,8.346893310546875,2.7208080291748047,1.0,1.3100852966308594,1.9657001495361328,102.26911926269531,40.43079376220703,83.44654846191406,20.94528579711914,68.96011352539062,59.77032470703125,37.57646942138672,389.938232421875,80.88347625732422,87.03873443603516,72.46788024902344,22.942928314208984,99.94770812988281
2024-10-31,2.8138675689697266,54.578277587890625,3.348146915435791,1.0,1.0,1.0,29.227630615234375,1.0,2.5749754905700684,1.0,1.0,1,1.0,2.101447105407715,10.514959335327148,1.0,77.54390716552734,1.0,1.0,72.05982971191406,27.797367095947266,1.0,1,1.0,11.339556694030762,1.0096702575683594,1.0,22.906471252441406,9.85269832611084,3.5625662803649902,3.685373544692993,3.3883345127105713,1.0,1.0,1,2.2791342735290527,36.232601165771484,7.976191997528076,1.0,25.560489654541016,14.73878002166748,1.0,1.0,1.0,1.0,1.069316029548645,1,1.057644248008728,1.0,1.300258994102478,10.064664840698242,1.0,3.4662864208221436,1.0,1.65139901638031,1.0,1.1375129222869873,1.0,1.0,1.0,4.538195610046387,6.840723991394043,10.120862007141113,12.266133308410645,11.576302528381348,1.449150800704956,1.0,1.9192160367965698,3.348322868347168,1.0,1.4013620615005493,1.0,1.0,1.0,3.7121095657348633,1.1184093952178955,1,3.0112359523773193,1.0,3.366940498352051,2.8058643341064453,1.0,2.033564329147339,1.0,1.3142554759979248,1.0,1.4686000347137451,1.7469879388809204,3.537510871887207,3.9089956283569336,62.089317321777344,1.0,3.5243847370147705,5.280214309692383,1,1.0,1.0,1,12.395377159118652,1.2400314807891846,1.0,1.0,5.003425598144531,1,1.0,59.938453674316406,6.851351737976074,2.1692376136779785,1.2009202241897583,1.0,1.528043270111084,1.0,1.0,1.0,1.0,1.0,1.0,1.0,2.498721122741699,1.0,1.0,22.77286148071289,1,1,1,1,1,1,1,5.573594093322754,1.0,1,46.03356170654297,1.0,1.0,1.441152811050415,1.0,1.0,1.0,2.2700772285461426,1.0,1.0,1.0337568521499634,1.0,5.327984809875488,1.0,163.94728088378906,111.79630279541016,8.620044708251953,1.0,7.464801788330078,1.0,1.0,25.616840362548828,1.0,1.2500858306884766,32.134681701660156,3.9515318870544434,1.0,1.0,10.133295059204102,1.0,6.062620162963867,2.9277710914611816,10.383176803588867,1.0,1.0,9.76962661743164,8.594406127929688,8.085823059082031,1.0,8.742378234863281,1.0,8.871149063110352,12.913143157958984,9.435535430908203,3.6539125442504883,1.0,2.5105323791503906,3.0812454223632812,102.03509521484375,45.65740966796875,87.28779602050781,25.364994049072266,77.7153549194336,73.67830657958984,46.14372253417969,447.81475830078125,98.9934310913086,84.8067626953125,92.48179626464844,32.05126953125,128.09906005859375
2024-11-01,4.71626615524292,52.78309631347656,5.911072254180908,2.3039565086364746,1.0,1.0,22.167804718017578,1.0,2.7590298652648926,1.0,1.0,1,1.0,3.352374792098999,19.988327026367188,1.0,44.4388427734375,1.0,1.0,52.80205535888672,21.330291748046875,1.0,1,1.0,1.0,2.2300682067871094,1.0,61.906585693359375,10.217737197875977,3.7494425773620605,4.366792678833008,3.2293548583984375,1.0,1.0,1,2.354435920715332,44.29151153564453,9.384660720825195,1.0,27.521360397338867,16.107833862304688,1.0,1.0,1.0,1.0,1.306502103805542,1,1.1507471799850464,1.0,1.865095853805542,10.229289054870605,1.0,3.9356369972229004,1.0,3.495396375656128,1.4211196899414062,1.8838611841201782,1.0,1.0,1.0,6.057155609130859,6.109951972961426,12.29506778717041,10.552141189575195,10.48567008972168,1.8683161735534668,1.0,1.7464815378189087,2.785597324371338,1.0,1.8320645093917847,1.0,1.0213568210601807,1.0,5.848702907562256,1.0,1,3.000617265701294,1.0,4.053289890289307,3.899564027786255,1.2345874309539795,3.0399317741394043,1.2064987421035767,1.91922926902771,1.0,1.6950565576553345,2.119919776916504,5.022572040557861,4.078884124755859,71.55438232421875,1.0,4.33736515045166,8.307108879089355,1,1.0,1.0,1,11.060783386230469,2.5357296466827393,1.6591763496398926,1.0,4.109160423278809,1,11.233339309692383,45.2850227355957,9.198396682739258,3.224562406539917,1.169653296470642,1.0,1.778144359588623,1.0,1.0,1.0,1.072760820388794,1.0,2.2537267208099365,1.0315176248550415,3.135871171951294,1.0,1.0,5.244900703430176,1,1,1,1,1,1,1,5.396884441375732,1.0,1,51.80591583251953,3.0803003311157227,2.026238203048706,4.240677356719971,1.1848628520965576,1.052990436553955,1.522531509399414,7.02346134185791,1.1577496528625488,1.018351674079895,3.4571995735168457,1.2140551805496216,5.641017913818359,1.0,138.5330352783203,99.48577117919922,10.4364013671875,1.0,8.463666915893555,1.0,1.0,26.615612030029297,1.0,1.0,28.753232955932617,6.744368076324463,1.0,1.0,10.158032417297363,1.0,5.312561988830566,2.539186477661133,11.532707214355469,1.0,1.0,11.324448585510254,8.624038696289062,9.851303100585938,1.0,13.535591125488281,1.9774551391601562,7.285423278808594,22.00264549255371,13.043079376220703,4.531490325927734,2.242039203643799,4.03948974609375,4.107872009277344,118.28382110595703,56.118309020996094,87.06965637207031,35.627952575683594,67.04283142089844,100.05335235595703,59.272254943847656,472.0068359375,114.15200805664062,59.70685577392578,111.0341567993164,32.71925735473633,160.5718536376953
2024-11-02,6.874268531799316,12.569445610046387,9.229185104370117,4.993322372436523,1.0,1.1481561660766602,3.959190845489502,1.0,2.987577438354492,1.0,1.0,1,1.0,2.9681966304779053,25.2579288482666,1.1735262870788574,9.505583763122559,1.0,1.0,16.265193939208984,4.282294273376465,1.0,1,1.0,1.0,1.0,4.464683532714844,50.83066940307617,9.375109672546387,4.722537040710449,5.208064079284668,3.13364577293396,1.4550483226776123,1.0,1,3.1082520484924316,42.508819580078125,8.285234451293945,1.0,26.84119987487793,17.05575180053711,1.0,1.0,1.0,1.0035958290100098,1.233467698097229,1,1.9630403518676758,1.0,2.195409059524536,12.204451560974121,1.0,4.391312599182129,1.0,4.377137660980225,1.6735471487045288,2.710193157196045,1.0,1.0,1.0,8.014453887939453,7.546713829040527,16.918668746948242,11.005399703979492,10.42350959777832,1.904067039489746,1.0,1.0,1.9770134687423706,1.0,2.070324420928955,1.0,1.631301999092102,1.0,5.79254674911499,1.0,1,2.1021623611450195,1.0,4.08096981048584,3.3908534049987793,1.0,1.563397765159607,2.0877535343170166,2.5550005435943604,1.0,1.3348798751831055,1.6109061241149902,5.975383281707764,4.834919452667236,9.49600601196289,1.1282575130462646,4.0275163650512695,9.760224342346191,1,1.1241401433944702,1.0,1,10.595991134643555,4.693080902099609,2.659938335418701,1.0,4.257187843322754,1,82.58415222167969,4.018516540527344,16.41207504272461,3.9092984199523926,1.9834506511688232,1.0,2.869249105453491,1.0,1.1758241653442383,1.0,1.0907576084136963,1.0,1.3024908304214478,1.0380879640579224,3.6024115085601807,1.6523804664611816,1.0,1.0,1,1,1,1,1,1,1,3.591090202331543,1.0,1,23.58565902709961,3.4922239780426025,2.3570375442504883,3.892366409301758,1.0503895282745361,1.0,1.449847936630249,7.770441055297852,1.0,1.2934008836746216,3.2042436599731445,1.5043610334396362,7.220754623413086,1.0,23.593446731567383,29.277048110961914,14.083623886108398,1.0,11.42805004119873,1.0,1.0,30.300081253051758,1.0,1.0,28.03736686706543,9.984315872192383,1.0,1.0,12.394984245300293,1.167872667312622,6.806546211242676,2.8689637184143066,13.495894432067871,1.0,1.0,12.094545364379883,13.998069763183594,15.091644287109375,1.0,21.401714324951172,3.096120834350586,10.310739517211914,33.97332000732422,21.72287368774414,7.558940410614014,4.2593889236450195,6.150825500488281,7.058933258056641,130.1772918701172,73.12665557861328,97.76976013183594,46.32832717895508,59.68096160888672,127.807373046875,70.34915924072266,497.4275817871094,120.82427215576172,47.48141860961914,114.1829605102539,25.833297729492188,167.16065979003906
2024-12-01,4.106240272521973,4.233070373535156,5.872931003570557,4.633752822875977,1.0275516510009766,1.0,1.0,1.0,1.4092741012573242,1.0,1.0,1,1.0,1.0,1.1299405097961426,1.0,1.0,1.0,1.1481797695159912,1.0,1.0,1.0,1,1.0,1.1184766292572021,1.9244813919067383,2.48286771774292,3.507122039794922,4.9325480461120605,1.1780929565429688,1.0,2.461486577987671,1.0,1.0,1,2.911447763442993,29.448474884033203,4.643951416015625,1.6619079113006592,25.03122329711914,4.601141929626465,1.0,1.0,1.0,1.0,1.4194046258926392,1,1.596250295639038,1.0,1.0,7.923647880554199,1.0,4.606814384460449,1.0,3.1433804035186768,1.0,1.082791805267334,1.0,1.0,1.0,6.865111827850342,5.246603012084961,10.684552192687988,8.057254791259766,8.085983276367188,1.0,1.0,1.0,1.6951804161071777,1.0,1.944091558456421,1.0,1.0,1.0,3.2792186737060547,1.0,1,1.0,1.0,2.573179006576538,1.0,1.0,1.0,1.0,1.0,1.5284206867218018,2.0480146408081055,1.180333137512207,2.2630956172943115,2.9156785011291504,1.0,1.2159442901611328,2.5516586303710938,6.610590934753418,1,1.0,1.0,1,16.041006088256836,5.153937339782715,1.3568230867385864,1.0,4.60887336730957,1,117.66858673095703,13.88003158569336,23.95927619934082,3.2593531608581543,2.037412643432617,1.0,1.5765262842178345,1.0,1.6136122941970825,1.0,1.0,1.0,1.0,1.7492963075637817,1.7418912649154663,1.0,1.0,4.909708023071289,1,1,1,1,1,1,1,1.0,1.0,1,1.0,1.7848420143127441,1.0,1.5349204540252686,1.2848089933395386,1.0,1.0,2.7505617141723633,1.0,1.0,1.1420619487762451,1.0,4.175825119018555,1.0,1.0,20.404617309570312,6.310029983520508,1.0,5.968804359436035,1.0,1.0,12.204010009765625,1.0,1.0,12.504154205322266,5.429416179656982,1.0,1.0,5.656194686889648,1.0,3.603339195251465,1.987928867340088,5.556173324584961,1.0,1.0,4.5499067306518555,1.1458282470703125,1.4169540405273438,1.0,1.852142333984375,1.0,1.0,3.0982208251953125,1.3324012756347656,1.0,1.0,1.0,1.0997352600097656,15.990204811096191,4.901843070983887,7.864940643310547,3.1700572967529297,1.5018043518066406,6.715526580810547,7.034865379333496,23.014846801757812,3.174905776977539,1.0,9.259662628173828,4.572936058044434,10.915693283081055
2024-12-02,1.0,8.277679443359375,1.0,1.1161547899246216,1.0,1.0,1.0,1.0,1.0,1.0,1.0,1,1.0,1.0,1.0,1.0,1.7481517791748047,1.0,1.0,4.236042022705078,1.2605438232421875,1.0,1,1.0,2.269268751144409,1.0,1.0,1.0,1.1121735572814941,1.0,1.0,1.0863261222839355,1.0,1.0,1,1.7604694366455078,13.858789443969727,2.4146039485931396,1.0,11.001853942871094,1.0,1.0,1.0,1.0,1.0,1.0,1,1.3867440223693848,1.0,1.0,7.956089019775391,1.0,4.839552879333496,1.0,2.219589948654175,1.0,1.0,1.0,1.0,1.0,2.411087989807129,3.951936960220337,9.014039039611816,7.007441520690918,7.69948148727417,1.0,1.0,1.0,1.0,1.0,1.0,1.0,1.0,1.0,1.0,1.0,1,1.0,1.0,1.0,1.0,1.0,1.0,1.0,1.0,1.0,1.0,1.0,1.0,1.539025068283081,10.046271324157715,1.0,1.6464171409606934,2.9176249504089355,1,1.0,1.0,1,10.879931449890137,1.0883347988128662,1.0,1.0,2.398245334625244,1,30.661685943603516,42.605621337890625,16.59712028503418,1.0,1.7096024751663208,1.0,1.0,1.0,1.0,1.0,1.0,1.0,1.0,1.0871890783309937,1.0,1.0,1.0,6.42247200012207,1,1,1,1,1,1,1,1.0,1.0,1,9.2792387008667,1.0,1.0,1.0,1.0,1.0,1.0,1.0,1.0,1.0,1.0,1.0,1.6626853942871094,1.0,1.0,62.07364273071289,3.1406898498535156,1.0,3.514838218688965,1.0,1.0,5.640922546386719,1.0,1.0,10.396501541137695,1.7829208374023438,1.0,1.0,2.8625659942626953,1.0,2.2580108642578125,1.1490421295166016,3.1926651000976562,1.0,1.0,1.9873931407928467,1.0,1.0,1.0,1.0,1.0,1.0,1.0,1.0,1.0,1.0,1.0,1.0,1.0,1.0,1.0,1.0,1.0,1.0,1.0,1.0,1.0,1.0,1.0,1.0,1.0
2024-12-03,1.0,9.03463363647461,1.0,1.0,1.0,1.0,5.480700492858887,1.0,1.0,1.0,1.0,1,1.0,1.0,1.0,1.0,12.246940612792969,1.0,1.0,13.376659393310547,4.837270736694336,1.0,1,1.0,1.0,1.0,2.791537284851074,1.0,1.0,1.0,1.0,1.0,1.0,1.0,1,1.1332783699035645,9.979965209960938,1.1339744329452515,1.0,8.119903564453125,1.0,1.0,1.0,1.0,1.0,1.0,1,1.4783940315246582,1.0,1.0,7.886113166809082,1.0,5.911016941070557,1.0,2.536970853805542,1.0,1.0,1.0,1.0,1.0,1.2202386856079102,1.4979186058044434,5.376483917236328,6.645556926727295,6.128006458282471,1.0,1.0,1.0,1.2164912223815918,1.0,1.0,1.0,1.0,1.0,1.1430425643920898,1.0,1,1.0,1.0,1.0,1.0,1.0,1.0,1.0,1.0,1.0,1.2041785717010498,1.0,1.4165822267532349,2.1568682193756104,27.283479690551758,1.0,1.4796779155731201,2.5242748260498047,1,1.0,1.0,1,11.295755386352539,1.3629162311553955,1.0,1.0,1.0,1,1.0,38.40509033203125,4.427889823913574,1.0157004594802856,1.7441110610961914,1.0,1.0972275733947754,1.0,1.0,1.0,1.0,1.0,1.0,1.0,1.0,1.0,1.0,15.715780258178711,1,1,1,1,1,1,1,2.6898224353790283,1.0,1,18.668336868286133,1.0,1.0,1.0,1.0,1.0,1.0,1.0,1.0,1.0,1.0,1.0,1.0,1.0,24.566822052001953,94.4524154663086,2.104879379272461,1.0,2.3440332412719727,1.0,1.0,2.4725799560546875,1.0,1.0,9.632699966430664,1.0,1.0,1.0,1.7214412689208984,1.0,2.8262500762939453,1.3212757110595703,3.0485763549804688,1.0,1.0,1.212684154510498,1.0,1.0,1.0,1.0,1.0,1.0,1.0,1.0,1.0,1.0,1.0,1.0,1.0,1.0,1.0,1.0,1.0,1.0,1.0,1.0,1.0,1.0,1.0,1.0,1.0
2024-12-04,1.083949089050293,19.53555679321289,1.0,1.0,1.0,1.0,11.555556297302246,1.0,1.0,1.0,1.0,1,1.0,1.0,1.0,1.0,23.17829704284668,1.0,1.0,19.5723819732666,10.915107727050781,1.0,1,1.0,1.0,5.8874921798706055,4.741620063781738,1.0,1.0,1.0,1.0,1.0,1.0,1.0,1,2.2044806480407715,13.059642791748047,1.2289977073669434,1.0,10.890083312988281,1.0,1.0,1.0,1.0,1.0,1.0,1,1.4225553274154663,1.0,1.0,6.803288459777832,1.0,7.8820648193359375,1.0,2.661961555480957,1.0,1.0,1.0,1.0,1.0,1.515085220336914,1.8429527282714844,4.762087821960449,4.90580415725708,6.073295593261719,1.0,1.0,1.0,1.6040245294570923,1.0,1.0,1.0,1.0,1.0,1.475211262702942,1.0,1,1.0,1.0,1.4808214902877808,1.0,1.0,1.0,1.0,1.0,1.0,1.67911696434021,1.0,1.8099339008331299,2.764997720718384,52.6143684387207,1.0,1.367397427558899,2.396094799041748,1,1.0,1.0,1,12.773174285888672,1.3064513206481934,1.0,1.0,1.1328115463256836,1,2.2185516357421875,28.01434326171875,4.7122087478637695,1.0868809223175049,1.0,1.0,1.3402411937713623,1.0,1.0,1.0,1.0,1.0,1.0,1.0,1.0,1.0,1.0,35.30552673339844,1,1,1,1,1,1,1,2.7181224822998047,1.0,1,1.0,1.0,1.0,1.0,1.0,1.0,1.0,1.0,1.0,1.0,1.0,1.0,1.0,1.0,32.76563262939453,132.52415466308594,4.107273101806641,1.0,1.9153289794921875,1.0,1.0,7.339679718017578,1.0,1.0,10.127193450927734,1.0,1.0,1.0,2.0705013275146484,1.0,4.854470252990723,2.752659797668457,4.2081451416015625,1.0,1.0,2.2858669757843018,1.0,1.0,1.0,1.0,1.0,1.0,1.0,1.0,1.0,1.0,1.0,1.0,1.0,1.0,1.0,1.0,1.0,1.0,1.0,1.0,1.0,1.0,1.0,1.1095476150512695,1.0
2024-12-05,1.0,30.156810760498047,1.1412131786346436,1.0,1.0,1.0,12.648517608642578,1.0,1.0,1.0,1.0,1,1.0,1.0,1.0,1.0,31.963455200195312,1.0,1.0,26.93266487121582,13.698623657226562,1.0,1,1.0,1.0,7.2045416831970215,2.279914379119873,46.988258361816406,1.0,1.0,1.0,1.0,1.0,1.0,1,1.0,11.834037780761719,1.859020709991455,1.0,9.545616149902344,1.5019245147705078,1.0,1.0,1.0,1.0,1.0,1,1.006432294845581,1.0,1.0,6.85264778137207,1.0,9.004555702209473,1.0,1.7897447347640991,1.0,1.0,1.0,1.0,1.0,1.7052297592163086,2.346263885498047,4.744958877563477,6.170698642730713,4.713714599609375,1.0,1.0,1.0,1.206452488899231,1.0,1.0,1.0,1.0,1.1092278957366943,1.3911781311035156,1.0,1,1.0,1.0,1.50272798538208,1.0,1.0,1.0,1.0,1.0,1.0,1.066568374633789,1.5811067819595337,2.4369049072265625,2.601126194000244,49.7808837890625,1.0,1.0,2.493751049041748,1,1.0,1.0,1,12.990283966064453,1.148388385772705,1.0,1.0,1.3975567817687988,1,1.0,29.450342178344727,5.565807342529297,1.0541967153549194,1.0,1.0,1.0,1.0,1.0,1.0,1.0,1.0,1.0,1.4253435134887695,1.160560131072998,1.0,1.0,41.82139205932617,1,1,1,1,1,1,1,2.665289878845215,1.0,1,1.0,1.0642852783203125,1.0,1.0,1.0,1.0,1.0,1.572899341583252,1.0,1.0,1.0,1.0,2.2554073333740234,1.0,41.045597076416016,159.8311004638672,7.824577331542969,1.0,2.625271797180176,1.0,1.0,13.65994644165039,1.0,1.0,14.35957145690918,1.367105484008789,1.0,1.0,2.877532958984375,1.0,4.55523681640625,3.349635601043701,5.544092178344727,1.0,1.0,2.563058376312256,1.0,1.0,1.0,1.0,1.0,1.0,1.0,1.0,1.0,1.0,1.0,1.0,1.0,1.0,1.0,1.0,1.0,1.0,1.0,1.0,1.0,1.1613445281982422,1.0,1.0,1.0
2024-12-06,3.9700303077697754,20.913856506347656,5.036616802215576,3.0049538612365723,1.0,1.2959823608398438,7.86375093460083,1.0,1.0605921745300293,1.0,1.0,1,1.0,1.0,1.0,1.0,24.356204986572266,1.0,1.0,22.425561904907227,8.330449104309082,1.0,1,1.0,2.6031479835510254,1.0,1.7302749156951904,81.95687866210938,1.0,1.0,1.0,1.462270975112915,1.04930579662323,1.0,1,1.0,21.037036895751953,3.2126665115356445,1.416521430015564,17.032773971557617,1.6075468063354492,1.0,1.0,1.0,1.0,1.0,1,1.3281959295272827,1.0,1.0,8.952390670776367,1.0,6.357177734375,1.0,1.9792065620422363,1.0,1.0,1.0,1.0742663145065308,1.0,5.36046838760376,1.5442676544189453,5.952871322631836,9.429620742797852,2.80082368850708,1.511389970779419,1.0,1.0,1.7732421159744263,1.0,1.3867874145507812,1.0,1.0,2.5038747787475586,2.4124326705932617,1.0,1,1.1387591361999512,1.1585978269577026,2.9695706367492676,1.0,1.0,1.0,1.0,1.134970784187317,1.1308279037475586,1.9000043869018555,1.3032571077346802,3.018728733062744,3.6288623809814453,26.157506942749023,1.0,1.9493653774261475,6.846642017364502,1,1.0,1.0,1,17.77694320678711,5.062521934509277,1.1163244247436523,1.0,3.1174798011779785,1,13.52294921875,30.26821517944336,6.714820861816406,3.780383348464966,4.4194722175598145,1.5076704025268555,1.6469172239303589,1.0,1.0,1.0,1.300470232963562,1.0,1.542377233505249,2.0773677825927734,2.2086429595947266,1.0,1.0,11.202627182006836,1,1,1,1,1,1,1,1.3792788982391357,1.0,1,2.3359498977661133,3.7479352951049805,2.0856752395629883,4.497648239135742,1.994403600692749,1.1725785732269287,1.0,5.690393447875977,1.0,1.0,3.1566035747528076,1.4356746673583984,3.4070777893066406,1.0,66.91400146484375,97.5412368774414,8.565095901489258,1.0,3.452815055847168,1.0,1.0,13.895927429199219,1.0,1.0,14.614180564880371,3.452181339263916,1.0,1.0,3.867208480834961,1.0,3.414090156555176,2.881636142730713,5.137500762939453,1.0,1.0,3.582489013671875,1.0,1.0,1.0,1.0,1.0,1.0,1.5847816467285156,1.0,1.0,1.0,1.0,1.0,1.0,1.0,1.0,1.0,1.0,1.0,1.0,1.0,1.0,1.0,1.0,1.0,1.0
2024-12-07,7.902214050292969,3.7058258056640625,8.862306594848633,5.888861179351807,1.2516963481903076,1.859368085861206,1.1177558898925781,1.0,2.202737808227539,1.0,1.5392149686813354,1,1.0,1.0,1.0,1.0,3.571451187133789,1.0,1.2072796821594238,4.626712799072266,1.0,1.0,1,1.0,1.0,1.0,5.212009429931641,47.10088348388672,2.1652560234069824,1.3308215141296387,1.0,2.8577651977539062,1.391235589981079,1.0,1,1.6848223209381104,33.42413330078125,4.1359686851501465,2.250833511352539,29.38422393798828,3.761345863342285,1.0,1.0,1.0,1.0,2.187321662902832,1,1.6670646667480469,1.0,1.2268258333206177,9.157524108886719,1.0,3.9284873008728027,1.0,3.0759382247924805,1.0,1.6677284240722656,1.0,1.180591344833374,1.2166156768798828,9.106581687927246,3.187858819961548,8.384340286254883,9.276247024536133,5.124505043029785,1.4003139734268188,1.3237335681915283,1.0949349403381348,2.6490869522094727,1.0,2.264120101928711,1.0,1.2907742261886597,1.6603102684020996,3.875535488128662,1.0,1,1.4567726850509644,1.0,4.2399492263793945,1.0,1.0,1.0,1.0,1.3393030166625977,2.1404919624328613,3.0914766788482666,1.4702645540237427,3.4458465576171875,4.067216396331787,1.7442855834960938,1.573312520980835,3.306499481201172,10.29935073852539,1,1.0,1.0,1,19.090330123901367,8.361964225769043,1.9936209917068481,1.0,5.468337059020996,1,99.812255859375,5.512077331542969,15.883482933044434,5.693927764892578,4.536074638366699,1.0,2.7437446117401123,1.0,2.0144119262695312,1.0,1.7605133056640625,1.0,2.052574396133423,2.50999116897583,2.8647191524505615,1.3019095659255981,1.0,1.0,1,1,1,1,1,1,1,1.0,1.0,1,3.906825065612793,4.6803388595581055,2.2717337608337402,5.116055488586426,3.115354537963867,1.5021562576293945,1.0,6.9488725662231445,1.0,1.0,3.375469923019409,1.8470544815063477,4.8703765869140625,1.0,14.035388946533203,7.424823760986328,8.54159927368164,1.0,6.390789985656738,1.0,1.0,15.461273193359375,1.0,1.0,14.565208435058594,6.522278308868408,1.0,1.0,6.052396774291992,1.0,3.8516178131103516,2.623324394226074,6.25001335144043,1.0,1.0,5.136345386505127,1.20758056640625,1.1796340942382812,1.0,1.4716949462890625,1.0,1.1763916015625,3.7392501831054688,2.608814239501953,1.0,1.0,1.0,1.252004623413086,7.286138534545898,1.9805450439453125,4.126935958862305,2.123289108276367,2.092744827270508,6.482431411743164,4.007720947265625,1.0,1.0,1.0,12.734529495239258,3.215310573577881,1.0
2025-01-05,1.237659215927124,1.0,6.0526299476623535,1.9638097286224365,1.0,1.0,1.0,1.0,1.0,1.0,1.0,1,1.0,1.0,1.0,1.0,1.0,1.0,1.0,1.0,1.0,1.5294826030731201,1,1.0,1.0,1.0,1.0,13.702581405639648,11.007314682006836,2.990554094314575,1.676247477531433,2.6896119117736816,1.1508615016937256,1.3689556121826172,1,2.73736572265625,34.7284049987793,5.711278915405273,1.5045331716537476,24.355375289916992,16.567276000976562,1.0,1.0,1.0,1.0,2.7136526107788086,1,2.864203453063965,1.0,3.362912654876709,20.594470977783203,1.0,6.588784694671631,1.0,1.4310516119003296,1.0,1.0,1.5918246507644653,1.0,1.0,20.313919067382812,11.438636779785156,8.00479793548584,15.199518203735352,5.848196029663086,1.0,1.0,1.0345841646194458,3.5502281188964844,1.2978579998016357,1.6610546112060547,2.5420730113983154,1.0,1.0,2.0118579864501953,1.6405020952224731,1,1.0221760272979736,1.0,1.692083716392517,1.4246423244476318,1.0,1.342348575592041,1.0,2.50376033782959,3.5277905464172363,1.755484700202942,1.0,1.9925593137741089,3.345498561859131,1.7334747314453125,1.4564673900604248,3.9300127029418945,7.378329277038574,1,1.0,1.0,1,5.76007080078125,6.575748443603516,2.2987098693847656,1.0,2.600419044494629,1,69.62992858886719,8.054946899414062,47.95048904418945,3.9201254844665527,2.759915828704834,1.3488833904266357,4.855302810668945,1.0,1.2959328889846802,1.0,1.0,1.0,2.025770664215088,1.0,2.4900946617126465,1.3346521854400635,1.0,1.1090660095214844,1,1,1,1,1,1,1,1.0,1.0,1,9.858573913574219,4.572059631347656,2.693873405456543,2.2779579162597656,1.7208142280578613,1.0727698802947998,1.3569833040237427,8.564952850341797,1.2119393348693848,1.0807230472564697,1.4845584630966187,1.3672178983688354,58.03038787841797,50.81649398803711,1.0,1.0,71.67149353027344,52.35225296020508,50.69564437866211,1.0,2.798656463623047,197.75247192382812,119.75064086914062,123.22806549072266,66.8035888671875,30.442352294921875,2.2222671508789062,59.2469367980957,62.623046875,5.3563055992126465,42.559288024902344,21.065814971923828,97.09933471679688,77.5193862915039,25.8109130859375,1.0,520.8158569335938,309.13909912109375,89.56581115722656,364.7919921875,57.879127502441406,94.49281311035156,107.04539489746094,210.97763061523438,58.94308853149414,11.212080001831055,130.10604858398438,83.18241882324219,1.0,1.0,1.0,1.0,1.0,1.0,1.0,1.0,1.0,1.0,1.0,1.0,1.0
2025-01-06,1.5050010681152344,1.0,5.788022994995117,1.6484276056289673,1.0,1.0979108810424805,1.0,1.0,1.0,1.0,1.0,1,1.0,1.0,1.0,1.0,1.0,1.0,1.0,1.0,1.0,1.8030766248703003,1,1.0,1.0,1.0,1.0,2.831544876098633,9.578079223632812,2.2808375358581543,1.165069341659546,2.6701226234436035,1.3386858701705933,1.302925705909729,1,2.3768367767333984,32.44646453857422,4.878256797790527,1.5738768577575684,22.584901809692383,13.403549194335938,1.0,1.0,1.0,1.0,2.914043664932251,1,2.589402914047241,1.0,2.6241567134857178,21.285659790039062,1.1153680086135864,6.433696269989014,1.0,1.0,1.0,1.0,1.8826273679733276,1.0,1.0,18.56447982788086,8.745046615600586,5.670961856842041,14.79127025604248,5.585031509399414,1.0,1.0,1.0,2.4735658168792725,1.2178757190704346,1.4753942489624023,1.0,1.0,1.0,2.128983497619629,1.479768991470337,1,1.0,1.0,1.6805546283721924,1.0,1.0,1.0,1.0,2.361259937286377,2.0901544094085693,1.0,1.0143271684646606,1.828272819519043,3.239541530609131,2.929983139038086,1.0,2.40742826461792,6.097958087921143,1,1.0,1.0,1,6.792255401611328,5.011244297027588,2.3658409118652344,1.0,1.3678631782531738,1,13.008676528930664,36.57709884643555,45.46599578857422,2.9165596961975098,3.1056740283966064,1.0,4.335658550262451,1.0,1.435160756111145,1.0,1.0,1.0,1.6371984481811523,1.0,2.1013593673706055,1.2745383977890015,1.0,2.690884590148926,1,1,1,1,1,1,1,1.0,1.0,1,1.0,3.1264126300811768,1.0,1.6447129249572754,1.4608899354934692,1.0,1.0,6.378898620605469,1.0,1.0,1.4073125123977661,1.0516889095306396,49.12158966064453,34.952301025390625,1.0,1.0,61.928802490234375,45.66610336303711,43.167884826660156,1.0,2.144759178161621,161.06939697265625,91.40402221679688,97.19966888427734,60.87379455566406,27.715482711791992,1.992325782775879,54.56810760498047,52.99679946899414,5.283943176269531,33.482337951660156,17.173900604248047,81.3949966430664,60.62662887573242,22.046607971191406,1.0,402.982666015625,254.23008728027344,76.89855194091797,302.59649658203125,49.56873321533203,73.42525482177734,91.2867202758789,184.94479370117188,54.698974609375,12.111770629882812,104.26484680175781,67.64910888671875,1.0,1.0,1.0,1.0,1.0,1.0,1.0,1.0,1.0,1.0,1.0,1.0,1.0
2025-01-07,4.184268474578857,1.0,5.813782691955566,1.3105933666229248,1.0,2.635214328765869,1.0,1.0,1.530848741531372,1.0,1.0,1,1.0,1.0,1.0,1.0,1.0,1.0,1.0,1.0,1.0,1.0450944900512695,1,1.0,1.0,3.44521427154541,1.1475629806518555,5.900871276855469,9.319707870483398,2.2900991439819336,1.169757604598999,3.0664217472076416,1.4925380945205688,1.0,1,1.344822645187378,31.817686080932617,5.463104248046875,1.764050006866455,21.436532974243164,12.10499382019043,1.0,1.0,1.0,1.0,2.45058012008667,1,2.109616756439209,1.0,2.1389403343200684,20.51300811767578,1.2373148202896118,7.322382926940918,1.0,1.211326003074646,1.0,1.0,2.2293713092803955,1.0,1.0,16.36890411376953,7.15594482421875,4.40354061126709,14.422881126403809,4.871904373168945,1.0,1.0,1.0,2.808696985244751,1.6634800434112549,2.2706005573272705,1.0,1.0,1.0,3.5047659873962402,1.0,1,1.0,1.0,2.356668472290039,1.2459650039672852,1.7352473735809326,1.0,1.0,2.787172555923462,1.850656270980835,1.0,1.7271205186843872,2.4367432594299316,3.185701847076416,1.0407390594482422,1.0,2.6542415618896484,5.302395343780518,1,1.0,1.0,1,7.560834884643555,4.368376731872559,2.4239392280578613,1.0,1.1651592254638672,1,1.0,36.696075439453125,38.56747817993164,3.2029709815979004,2.285743474960327,1.0,3.954896926879883,1.0,1.6293773651123047,1.0,1.0,1.0,1.4341821670532227,1.0,2.4866750240325928,1.2915668487548828,1.0,1.0,1,1,1,1,1,1,1,1.0,1.0,1,4.1352691650390625,2.66731333732605,1.0,1.4319301843643188,1.3194526433944702,1.0,1.0,4.8101372718811035,1.0,1.0,1.1310596466064453,1.0434906482696533,48.64591979980469,24.47854995727539,1.0,8.538864135742188,60.71654510498047,43.20811080932617,38.46879959106445,1.0,2.4233720302581787,148.66549682617188,85.54728698730469,83.79808044433594,56.246612548828125,25.099740982055664,1.863907814025879,53.276580810546875,46.20288848876953,4.634474754333496,31.77846908569336,16.144142150878906,72.64347076416016,55.5071907043457,20.334211349487305,1.0,360.43426513671875,229.32550048828125,66.43338012695312,260.2585144042969,39.51856231689453,69.57408905029297,79.22802734375,163.992431640625,51.98386764526367,11.082708358764648,91.75001525878906,61.32787322998047,1.0,1.0,1.0,1.0,1.0,1.0,1.0,1.0,1.0,1.0,1.0,1.0,1.0
2025-01-08,6.225175857543945,1.0,5.195920944213867,1.5261139869689941,1.0,2.2181527614593506,1.0,1.0,1.0,1.0,1.0,1,1.0,1.0,1.0,1.0,2.0467491149902344,1.0,1.0,3.1190185546875,1.0,1.0,1,1.0,1.9905643463134766,2.540605306625366,1.054882287979126,8.464277267456055,10.74328327178955,3.6805830001831055,1.6627140045166016,3.1711714267730713,1.3644195795059204,1.0,1,1.5318167209625244,33.28692626953125,5.428557872772217,1.5276178121566772,21.061201095581055,14.303627967834473,1.0,1.0,1.0,1.0,1.8405648469924927,1,2.060678482055664,1.0,2.4014763832092285,21.476722717285156,1.0635316371917725,6.923639297485352,1.0900025367736816,1.3869999647140503,1.0,1.0,2.1194729804992676,1.0,1.0,18.701013565063477,8.478107452392578,6.405856132507324,14.722555160522461,5.053874492645264,1.0,1.0,1.2087963819503784,3.6558730602264404,2.1596529483795166,2.5815227031707764,1.6240992546081543,1.0,1.0,3.261925220489502,1.0,1,1.0,1.0,2.5216596126556396,1.0857930183410645,1.434740662574768,1.0,1.0,2.7291040420532227,2.1299726963043213,1.3768281936645508,1.4447293281555176,2.741821765899658,3.5587549209594727,6.722528457641602,1.0,3.1782748699188232,5.12973690032959,1,1.0,1.0,1,11.046599388122559,4.813619613647461,2.309238910675049,1.4529856443405151,1.4474191665649414,1,8.009584426879883,27.623428344726562,34.686561584472656,2.983881950378418,1.3580374717712402,1.0,3.3274829387664795,1.0,1.5682045221328735,1.0,1.0,1.0,1.79958176612854,1.0,3.1415836811065674,1.2811591625213623,1.0,3.222993850708008,1,1,1,1,1,1,1,1.0,1.0,1,4.764930725097656,2.1367740631103516,1.0,1.1890456676483154,1.115366816520691,1.0,1.0,4.097609519958496,1.0,1.0,1.3785521984100342,1.0,49.79874038696289,22.86768341064453,1.0,3.563812255859375,57.74806594848633,42.02785873413086,39.33574295043945,1.0,2.3329997062683105,151.3996124267578,87.32052612304688,82.7542724609375,57.43944549560547,25.91651153564453,1.861109733581543,50.3700065612793,47.24629211425781,3.8289120197296143,32.40059280395508,17.862316131591797,70.90155029296875,54.543582916259766,20.749366760253906,1.0,345.9258728027344,215.28506469726562,64.5538101196289,243.22979736328125,35.97944259643555,65.30891418457031,73.61775207519531,152.7814483642578,45.530921936035156,9.220785140991211,88.40792083740234,58.17366409301758,1.0,1.0,1.0,1.0,1.0,1.0,1.0,1.0,1.0,1.0,1.0,1.0,1.0
2025-01-09,5.120611190795898,1.0,5.313977241516113,2.1839919090270996,1.0,1.4236180782318115,2.293567180633545,1.0,1.0718152523040771,1.0,1.0,1,1.0,1.0,1.0,1.0,6.277362823486328,1.0,1.0,4.365238189697266,2.088047504425049,1.0,1,1.0,1.0,1.189112663269043,1.0,16.213939666748047,9.619361877441406,3.7827186584472656,1.924819827079773,2.713050127029419,1.725282907485962,1.0,1,2.111380100250244,33.03728103637695,4.958439350128174,1.7755768299102783,20.45536231994629,14.333858489990234,1.0,1.0,1.0,1.0,1.4736645221710205,1,2.2345032691955566,1.0,2.8926522731781006,20.523107528686523,1.0,6.568963527679443,1.0,1.0804290771484375,1.0,1.0,1.7466607093811035,1.0,1.095043659210205,20.664905548095703,8.057751655578613,5.785933017730713,15.792227745056152,4.46877384185791,1.0,1.0,1.4671175479888916,3.789003372192383,2.0056090354919434,1.811880111694336,1.4198750257492065,1.0,1.0,1.4547747373580933,1.0,1,1.0,1.0,2.439749240875244,1.0362029075622559,1.0,1.0,1.0,2.084674119949341,2.551205635070801,1.511322021484375,1.0,1.5939016342163086,3.547661781311035,18.923603057861328,1.0,3.2953314781188965,5.122483253479004,1,1.0,1.0,1,11.716141700744629,5.131982803344727,2.2547502517700195,1.3790171146392822,1.8935422897338867,1,1.0,52.570068359375,35.89058303833008,2.945310592651367,1.2733008861541748,1.0,3.058689594268799,1.0,1.4578666687011719,1.0,1.0,1.0,1.5057673454284668,1.0,3.2748031616210938,1.0,1.0,8.879576683044434,1,1,1,1,1,1,1,1.253873586654663,1.0,1,9.774890899658203,1.5717861652374268,1.0,1.1889537572860718,1.0,1.0,1.0165804624557495,4.602970123291016,1.0406429767608643,1.0,2.1801726818084717,1.0,47.437095642089844,27.220918655395508,1.0,1.3073539733886719,54.921539306640625,41.09540557861328,40.545806884765625,1.0,2.71610689163208,151.13973999023438,90.79388427734375,82.82923889160156,56.55223846435547,26.956958770751953,2.521275520324707,49.29185104370117,44.36098098754883,3.430907964706421,31.329261779785156,19.309677124023438,66.3923568725586,55.76060104370117,20.253280639648438,1.0,348.19708251953125,210.43414306640625,56.42821502685547,236.76315307617188,39.14876937866211,61.697898864746094,71.10482788085938,153.50347900390625,39.92588424682617,7.584504127502441,86.68145751953125,57.40546417236328,1.0,1.0,1.0,1.0,1.0,1.0,1.0,1.0,1.0,1.0,1.0,1.0,1.0
2025-01-10,2.20166015625,1.0,4.976864337921143,2.625882863998413,1.0,1.0,2.0352888107299805,1.0,1.0,1.0,1.0,1,1.0,1.0,1.0,1.0,5.778722763061523,1.0,1.0,2.203624725341797,2.0341291427612305,1.0,1,1.0,1.0,2.410940647125244,1.4334313869476318,30.918668746948242,9.442230224609375,2.1396665573120117,1.7845337390899658,2.968214511871338,1.8468530178070068,1.357689380645752,1,2.1198182106018066,31.23389434814453,4.681487560272217,1.9454604387283325,21.898582458496094,13.609478950500488,1.0,1.0,1.0,1.0,1.53609037399292,1,2.65769100189209,1.0,3.4630978107452393,18.679445266723633,1.0,6.423460960388184,1.0,1.242634654045105,1.0,1.0,1.2431979179382324,1.0,1.0,18.2236385345459,7.419637680053711,5.423671245574951,15.286386489868164,3.5388474464416504,1.0,1.0361436605453491,1.3925186395645142,3.3910701274871826,1.798257827758789,1.8218824863433838,1.5010818243026733,1.0,1.0,1.6550488471984863,1.0,1,1.0,1.0,2.578223466873169,1.5112634897232056,1.0,1.0,1.0,1.8900909423828125,2.0760843753814697,2.0762436389923096,1.0,1.1862494945526123,3.4490456581115723,13.42305850982666,1.0,3.918989658355713,6.29605770111084,1,1.0,1.0,1,6.756475448608398,5.56315279006958,2.8034636974334717,1.0,2.2614002227783203,1,5.741682052612305,42.52852249145508,41.038177490234375,3.600376605987549,1.6616346836090088,1.0514377355575562,3.1997389793395996,1.0,1.624448537826538,1.0,1.0,1.0,1.0588465929031372,1.0,3.1234688758850098,1.0,1.0,5.521838188171387,1,1,1,1,1,1,1,1.0823606252670288,1.0,1,11.214859962463379,3.122251033782959,1.761935830116272,2.569789409637451,1.3338098526000977,1.0,1.5570448637008667,7.064877033233643,1.0311630964279175,1.0,2.835392951965332,1.4809565544128418,53.348167419433594,42.48957061767578,4.964130401611328,1.0,61.32366180419922,42.506874084472656,46.055824279785156,1.0,3.312861442565918,178.001220703125,111.1121826171875,99.5960922241211,58.271400451660156,28.38993263244629,2.936558723449707,57.62547302246094,47.03710174560547,4.576116561889648,39.686553955078125,21.927021026611328,76.765869140625,71.17527770996094,21.54452133178711,1.0,458.37957763671875,263.2813720703125,60.827117919921875,295.5341491699219,45.60641098022461,83.00614166259766,89.30601501464844,182.70086669921875,45.78470993041992,7.868502616882324,107.21942901611328,70.82064056396484,1.0,1.0,1.0,1.0,1.0,1.0,1.0,1.0,1.0,1.0,1.0,1.0,1.0
2025-01-11,1.2233295440673828,1.0,5.238534450531006,2.4184842109680176,1.0,1.0,1.0,1.0,1.0,1.0,1.0,1,1.0,1.0,1.0,1.0,2.418224334716797,1.0,1.0,1.0,1.0,1.0,1,1.0,1.0,1.9294869899749756,3.0695834159851074,30.855588912963867,10.896464347839355,2.2900376319885254,1.902904748916626,3.2897346019744873,1.471842646598816,1.5817790031433105,1,2.0839004516601562,33.87490463256836,5.2465362548828125,1.485548496246338,25.694128036499023,16.043373107910156,1.0,1.0,1.0,1.0,2.0883841514587402,1,2.829226016998291,1.0,3.4566166400909424,17.815811157226562,1.0,6.364927291870117,1.0,1.3810913562774658,1.0,1.0,1.2475413084030151,1.0,1.0,17.054779052734375,10.080118179321289,7.976372718811035,14.235103607177734,4.662272930145264,1.0,1.0,1.098034143447876,3.6269750595092773,1.642204999923706,1.9973055124282837,2.4484901428222656,1.0,1.0,2.278074264526367,1.0,1,1.0,1.0,2.0608129501342773,1.7623858451843262,1.0,1.1384973526000977,1.0,2.3330225944519043,3.1558308601379395,2.259593963623047,1.0,1.8514881134033203,3.43782901763916,1.7532367706298828,1.4727575778961182,4.8737921714782715,7.658270359039307,1,1.0,1.0,1,3.8973751068115234,6.548986434936523,2.3010811805725098,1.0,3.0977373123168945,1,63.321990966796875,1.0,42.50123596191406,4.381646156311035,2.1930694580078125,1.2743338346481323,4.420966148376465,1.0,1.4856895208358765,1.0,1.0,1.0,1.5839470624923706,1.0,2.8237180709838867,1.0571815967559814,1.0,2.692080497741699,1,1,1,1,1,1,1,1.0,1.0,1,14.785225868225098,4.9443769454956055,3.2885689735412598,3.003467559814453,1.7775431871414185,1.3352704048156738,1.6800036430358887,8.954051971435547,1.0102334022521973,1.1532464027404785,2.111132860183716,1.8592965602874756,59.95940399169922,54.45648956298828,3.7847518920898438,1.5648117065429688,71.2419662475586,49.66474151611328,51.43301773071289,1.0,3.43259334564209,208.1572723388672,130.13211059570312,123.77204895019531,64.21659851074219,29.68897819519043,2.15828800201416,59.466102600097656,58.46562576293945,5.152093410491943,47.35663604736328,23.478046417236328,94.2531967163086,83.1939697265625,25.15359115600586,1.0,559.9746704101562,320.3336181640625,80.62855529785156,364.4888610839844,54.86146545410156,102.02020263671875,109.32443237304688,211.03733825683594,56.00643539428711,9.260869979858398,133.78746032714844,86.58248901367188,1.0,1.0,1.0,1.0,1.0,1.0,1.0,1.0,1.0,1.0,1.0,1.0,1.0
2025-02-09,1.2048022747039795,1.0,6.697654724121094,1.0,1.0,1.0,3.4492640495300293,1.0,1.0,1.0,1.0,1,1.0,1.0,1.0,1.0,7.36735725402832,1.0,1.0,5.191570281982422,2.973327159881592,1.0,1,1.0,2.0776875019073486,1.0,1.0,2.959270477294922,8.628372192382812,2.8578009605407715,1.590661883354187,2.5330991744995117,1.0170865058898926,1.0,1,2.1216108798980713,29.081687927246094,5.23305606842041,1.6883940696716309,24.945940017700195,11.378179550170898,1.0,1.0,1.0,1.0,1.7309396266937256,1,2.097494125366211,1.0,2.860112428665161,24.65483856201172,1.0,8.269309997558594,1.0,2.385979175567627,1.0,1.1467044353485107,1.5141358375549316,1.0,1.0,17.206405639648438,1.9721136093139648,3.7950797080993652,14.388328552246094,1.7144341468811035,1.0,1.0,1.0,2.590036630630493,1.0,1.644513726234436,1.588187336921692,1.0,1.0,1.8619792461395264,1.0,1,1.583646535873413,1.0,2.885441303253174,2.7111778259277344,1.0,1.0,1.0,1.5424176454544067,1.0,2.673574924468994,1.2789044380187988,2.110208511352539,2.6230053901672363,1.7457523345947266,1.0,3.129054307937622,9.028935432434082,1,1.2052544355392456,1.0,1,6.422428131103516,4.714170455932617,1.0,1.0,1.502030372619629,1,48.997039794921875,1.0,26.616464614868164,3.6765103340148926,1.963678002357483,1.0730631351470947,3.3961853981018066,1.0,1.023048996925354,1.0,1.0,1.0,2.130237102508545,1.0,1.9566105604171753,1.073803186416626,1.0,1.0,1,1,1,1,1,1,1,1.0,1.0,1,1.0,4.635553359985352,2.373137950897217,6.398279190063477,2.729249954223633,2.0112078189849854,1.5875037908554077,9.215468406677246,2.8350305557250977,1.1301579475402832,4.028285980224609,2.383347988128662,71.14664459228516,38.264198303222656,7.309167861938477,10.677257537841797,57.936851501464844,64.86915588378906,42.034645080566406,35.436058044433594,5.216588973999023,169.70260620117188,155.6999053955078,129.71754455566406,50.221763610839844,22.257102966308594,1.5421419143676758,49.53421401977539,55.91504669189453,3.951180934906006,43.883548736572266,19.06298828125,76.60418701171875,91.4793472290039,29.14544677734375,1.0,416.83660888671875,241.4835968017578,58.1561393737793,161.49655151367188,31.89202117919922,69.34042358398438,49.186527252197266,172.67965698242188,35.09178924560547,7.534482002258301,57.32378387451172,62.468902587890625,1.0,1.0,1.0,1.0,1.0,1.0,1.0,1.0,1.0,1.0,1.0,1.0,1.0
2025-02-10,1.5733215808868408,1.0,4.834875106811523,1.0,1.0,1.0,1.1003808975219727,1.0,1.0,1.0,1.0,1,1.0,1.0,1.0,1.0,4.145837783813477,1.0,1.0,3.928844451904297,1.0,1.0,1,1.0,4.266731262207031,1.6516633033752441,1.0,9.342561721801758,8.282018661499023,2.5861730575561523,1.6811683177947998,2.021535634994507,1.0,1.0,1,1.662194013595581,20.021635055541992,3.353498697280884,1.0,17.879505157470703,11.322766304016113,1.0,1.0,1.0,1.0,1.704729437828064,1,1.0,1.0,1.6949913501739502,18.179691314697266,1.0,8.844154357910156,1.0,1.7567576169967651,1.0,1.0,1.0246809720993042,1.0,1.0,10.306611061096191,2.8205814361572266,4.619604110717773,11.697516441345215,3.4328298568725586,1.0,1.0,1.0,1.7704533338546753,1.0,1.0,1.4117406606674194,1.0,1.0,1.8703184127807617,1.0,1,1.2942256927490234,1.0,2.1192030906677246,1.5787909030914307,1.0,1.0,1.0,1.657251238822937,1.3394255638122559,1.7031466960906982,1.0794410705566406,1.7901809215545654,2.3101656436920166,4.635711669921875,1.0,2.365481376647949,6.069774627685547,1,1.0,1.0,1,5.508981704711914,3.6343235969543457,1.0,1.0,1.0,1,25.06534194946289,20.872011184692383,27.624603271484375,2.4314112663269043,1.3439851999282837,1.0,2.1499509811401367,1.0,1.0,1.0,1.0,1.0,1.963998556137085,1.0,1.451927661895752,1.194598913192749,1.0,15.78235912322998,1,1,1,1,1,1,1,1.0,1.0,1,1.176558494567871,2.966071128845215,1.24782133102417,3.5489439964294434,2.1437742710113525,1.0,1.0,5.364384651184082,1.5728378295898438,1.0,2.3359057903289795,1.3029215335845947,59.11930847167969,18.923221588134766,6.865234375,38.97096252441406,50.14893341064453,43.06450653076172,34.80696105957031,22.04358673095703,3.549104928970337,117.56462860107422,115.17422485351562,70.71934509277344,45.534149169921875,17.761817932128906,3.096231460571289,38.13007354736328,41.25083923339844,3.526278495788574,34.55281066894531,15.303269386291504,55.85398864746094,78.92986297607422,17.727294921875,1.0,242.87652587890625,137.7031707763672,24.06591033935547,62.23014831542969,13.486982345581055,40.69034957885742,13.714357376098633,89.28583526611328,24.46173858642578,2.9127883911132812,26.725135803222656,32.4959602355957,1.0,1.0,1.0,1.0,1.0,1.0,1.0,1.0,1.0,1.0,1.0,1.0,1.0
2025-02-11,1.6443333625793457,1.0,4.138859748840332,1.0645159482955933,1.0,1.0,1.0,1.0,1.4378373622894287,1.0,1.0,1,1.0,1.0,1.0,1.0,3.5071983337402344,1.0,1.0,3.7442188262939453,1.0,1.0,1,1.0,8.58508586883545,1.5556116104125977,1.456218957901001,34.67662811279297,8.434101104736328,2.653491497039795,2.0649569034576416,1.8168721199035645,1.0,1.0,1,1.0066694021224976,18.717395782470703,2.86820387840271,1.0,15.701193809509277,12.90288257598877,1.0,1.0,1.0,1.0,2.3818039894104004,1,1.0,1.0,1.279653787612915,14.51685905456543,1.0,8.752739906311035,1.0,1.1335196495056152,1.0,1.0,1.0,1.0,1.0,7.756468772888184,2.1833019256591797,3.5443496704101562,9.021200180053711,4.080399036407471,1.0,1.0,1.0,1.9807274341583252,1.0,1.0,1.3070427179336548,1.0,1.0,1.7645049095153809,1.0,1,1.3513600826263428,1.0,1.7889832258224487,1.5364820957183838,1.0,1.4033622741699219,1.0,2.0150067806243896,1.6199061870574951,1.4310448169708252,1.0998469591140747,1.731285810470581,2.9707159996032715,13.987709045410156,1.0,2.4070565700531006,5.552644729614258,1,1.3646275997161865,1.0,1,3.550260543823242,3.337810516357422,1.0,1.0,1.0,1,12.674495697021484,24.388559341430664,21.072629928588867,2.7267558574676514,1.3364288806915283,1.0,2.3721139430999756,1.0,1.0646371841430664,1.0,1.0,1.0,1.6107497215270996,1.0,1.0717437267303467,1.050384759902954,1.0,13.386383056640625,1,1,1,1,1,1,1,1.0802617073059082,1.0,1,18.31441879272461,1.940580129623413,1.4020081758499146,2.9604716300964355,1.8464555740356445,1.0170652866363525,1.0,4.9908342361450195,1.2548266649246216,1.0,1.7377631664276123,1.2501249313354492,47.43730926513672,16.005128860473633,18.93335723876953,55.015472412109375,50.016292572021484,36.57688522338867,29.734956741333008,19.389352798461914,3.2941343784332275,100.59796142578125,102.19937133789062,49.02193832397461,43.71824645996094,12.625675201416016,1.9842596054077148,31.294870376586914,31.111225128173828,3.7213261127471924,32.260719299316406,12.494906425476074,46.2933349609375,72.44003295898438,14.884371757507324,1.0,176.84573364257812,100.62615203857422,12.816560745239258,44.4464225769043,8.760549545288086,30.485023498535156,10.202974319458008,53.571372985839844,18.442733764648438,2.629870891571045,23.123550415039062,21.8045654296875,1.0,1.0,1.0,1.0,1.0,1.0,1.0,1.0,1.0,1.0,1.0,1.0,1.0
2025-02-12,2.0716519355773926,1.0,4.536984443664551,1.0,1.0,1.3812482357025146,1.1145029067993164,1.0,1.9204604625701904,1.0,1.0,1,1.0,1.0,1.0,1.0,4.202136993408203,1.0,1.0,5.949258804321289,1.1334171295166016,1.0,1,1.0,2.9776577949523926,7.56702995300293,7.989893913269043,32.226539611816406,6.45491361618042,2.455381393432617,2.257601022720337,1.3206632137298584,1.0,1.0,1,1.4282021522521973,20.09417724609375,2.940622568130493,1.136115312576294,16.754749298095703,10.516999244689941,1.0,1.0,1.0,1.0,1.8606523275375366,1,1.0,1.0,1.2912158966064453,14.075958251953125,1.0,7.140591144561768,1.0,1.0,1.0,1.0,1.0,1.0,1.0,9.182035446166992,1.0,3.3169350624084473,9.520511627197266,3.3151302337646484,1.0,1.0,1.0,1.6331473588943481,1.0,1.0642670392990112,1.300919532775879,1.0,1.0,1.0,1.0,1,1.4609160423278809,1.0,1.2327425479888916,1.471389889717102,1.0,1.0,1.0,2.0872154235839844,1.588887095451355,1.2508411407470703,1.1719584465026855,2.2619261741638184,2.8165762424468994,27.97821617126465,1.0,2.577836275100708,6.478659629821777,1,1.0,1.0,1,5.030284881591797,2.958076238632202,1.0,1.0791558027267456,1.0,1,17.97003936767578,19.004638671875,18.2247257232666,3.339479446411133,1.0,1.0,2.3910696506500244,1.0,1.0,1.0,1.0,1.0,1.5375452041625977,1.0,1.0,1.0720607042312622,1.0,5.163891792297363,1,1,1,1,1,1,1,1.0,1.0,1,31.113590240478516,2.190028190612793,1.3885737657546997,2.72099232673645,1.631069540977478,1.1269727945327759,1.0,5.696127891540527,1.4656901359558105,1.0,1.9366230964660645,1.3740818500518799,43.2404670715332,23.9891357421875,10.439205169677734,22.835237503051758,51.23991775512695,36.68063735961914,29.38485336303711,21.690040588378906,3.050107479095459,104.45724487304688,102.87054443359375,54.774208068847656,42.058570861816406,12.019476890563965,1.3580293655395508,31.974960327148438,32.260162353515625,3.9415860176086426,31.777450561523438,11.647014617919922,47.45243835449219,68.40841674804688,15.56175422668457,1.0,184.40719604492188,104.24092864990234,21.91864013671875,49.897438049316406,9.634744644165039,33.84188461303711,15.014257431030273,60.515525817871094,18.683513641357422,3.9882681369781494,26.16600227355957,24.723329544067383,1.0,1.0,1.0,1.0,1.0,1.0,1.0,1.0,1.0,1.0,1.0,1.0,1.0
2025-02-13,1.9605238437652588,1.0,4.34240198135376,1.4196447134017944,1.0,1.1804496049880981,1.0,1.0,1.1204599142074585,1.0,1.0,1,1.0,1.0,1.0,1.0,2.6984100341796875,1.0,1.0,2.3597583770751953,1.0,1.0,1,1.0,1.0,6.457386493682861,3.927612066268921,9.589468002319336,4.944887638092041,2.3327853679656982,3.627455711364746,1.3045451641082764,1.0,1.0,1,1.535128116607666,20.674015045166016,2.9152140617370605,1.0442140102386475,19.006330490112305,8.728252410888672,1.0,1.0,1.0,1.0,1.152506947517395,1,1.0,1.0,1.602705717086792,14.569598197937012,1.0,5.739750385284424,1.0,1.0,1.0,1.0,1.0,1.0,1.0,10.089825630187988,2.316815137863159,4.656641960144043,9.66419792175293,4.725693702697754,1.0,1.0,1.358028769493103,1.1150553226470947,1.0,1.685758352279663,1.0,1.0,1.0,1.0205833911895752,1.0,1,1.3401739597320557,1.0,1.5092089176177979,1.3139533996582031,1.0,1.0,1.0,1.74746835231781,1.3352980613708496,1.5523650646209717,1.0,2.7184054851531982,2.2983574867248535,33.25554656982422,1.0,2.1004159450531006,6.337896823883057,1,1.0,1.0,1,7.719066619873047,2.6437559127807617,1.0,1.0959954261779785,1.1747732162475586,1,15.351402282714844,22.01900863647461,20.368253707885742,2.843318462371826,1.0,1.0,2.397627353668213,1.0,1.0,1.0,1.0,1.0,1.418222427368164,1.0,1.0681157112121582,1.1444554328918457,1.0,5.436457633972168,1,1,1,1,1,1,1,1.0,1.0,1,18.33570098876953,1.8906248807907104,1.7779525518417358,3.165806770324707,1.7676702737808228,1.0169556140899658,1.0,5.788761138916016,1.4231176376342773,1.0,2.498633861541748,2.343136787414551,42.63715362548828,29.66645050048828,3.5889854431152344,19.238527297973633,47.97669982910156,36.16493225097656,28.762807846069336,22.23950958251953,2.7837491035461426,105.61953735351562,96.81169128417969,57.57630920410156,40.066436767578125,11.905950546264648,1.0,33.1099853515625,33.15373229980469,3.706345558166504,32.085060119628906,12.543277740478516,48.06512451171875,62.82011413574219,15.669844627380371,1.0,206.41748046875,117.16313171386719,19.7178955078125,53.86748123168945,8.320987701416016,36.55887985229492,9.394487380981445,65.24236297607422,18.05706787109375,2.896860122680664,25.549156188964844,23.631174087524414,1.0,1.0,1.0,1.0,1.0,1.0,1.0,1.0,1.0,1.0,1.0,1.0,1.0
2025-02-14,1.5228660106658936,1.0,3.9445769786834717,2.3427746295928955,1.0,1.0,2.73874568939209,1.0,1.0,1.0,1.0,1,1.0,1.0,1.0,1.0,4.827297210693359,1.0,1.0,3.0821151733398438,3.152956962585449,1.0,1,1.0,1.0,1.9216127395629883,1.0,3.127714157104492,4.860611915588379,2.5232608318328857,3.340324878692627,1.9383351802825928,1.0,1.0,1,1.0708643198013306,25.93972396850586,4.381866455078125,1.7115917205810547,22.943422317504883,8.490438461303711,1.0,1.0,1.0,1.0,1.0405397415161133,1,1.433032751083374,1.0,2.8663249015808105,18.08270263671875,1.0,6.100190162658691,1.0,1.0,1.0,1.0,1.0,1.0,1.0,12.069173812866211,2.5984609127044678,3.9141101837158203,11.082527160644531,9.289559364318848,1.0,1.0,1.911192774772644,1.3868752717971802,1.0,2.0492360591888428,1.6715435981750488,1.0,1.0,1.7673077583312988,1.0,1,1.1070351600646973,1.0,1.9255388975143433,1.8773767948150635,1.0,1.0,1.0,1.8106658458709717,1.5534440279006958,1.994173526763916,1.0,1.9800333976745605,2.562046766281128,13.357354164123535,1.0,2.7913243770599365,7.721611976623535,1,1.0478241443634033,1.0,1,5.668773651123047,3.1359901428222656,1.0,1.0,1.9367375373840332,1,15.630741119384766,24.239227294921875,22.530811309814453,2.7853524684906006,1.0982472896575928,1.0,2.2753493785858154,1.0,1.0,1.0,1.0,1.0,1.409438133239746,1.0,1.2507438659667969,1.0203852653503418,1.0,1.9074172973632812,1,1,1,1,1,1,1,1.0,1.0,1,15.743182182312012,2.7907657623291016,2.589858055114746,5.065051078796387,1.7720165252685547,1.894487738609314,1.9224061965942383,8.194570541381836,1.7204502820968628,1.361231803894043,2.3726980686187744,2.405038833618164,47.94346237182617,36.88230895996094,4.484622955322266,26.314098358154297,52.67760467529297,50.36804962158203,34.49186706542969,34.15361022949219,4.213743209838867,130.51785278320312,117.49781799316406,96.083740234375,45.57514953613281,13.89680290222168,1.33892822265625,39.4117431640625,36.36923599243164,3.968719482421875,39.25389099121094,16.946311950683594,62.37323760986328,66.762939453125,22.217369079589844,1.0,341.40216064453125,195.87884521484375,33.06972122192383,140.78448486328125,18.588367462158203,51.902931213378906,33.745994567871094,114.84358215332031,22.79609489440918,4.949827194213867,46.55268859863281,40.211463928222656,1.0,1.0,1.0,1.0,1.0,1.0,1.0,1.0,1.0,1.0,1.0,1.0,1.0
2025-02-15,1.054971694946289,1.0,5.406131744384766,1.88728666305542,1.0,1.0,4.694324016571045,1.0,1.0,1.0,1.0,1,1.0,1.0,1.0,1.0,8.025681495666504,1.0,1.0,4.254663467407227,4.375397682189941,1.0,1,1.0,2.5732052326202393,1.9360027313232422,1.0,10.21084213256836,7.147651672363281,2.7078969478607178,2.099518299102783,2.699167251586914,1.6476855278015137,1.0,1,1.1692571640014648,33.20667266845703,6.416484355926514,2.379350185394287,27.285175323486328,10.756576538085938,1.0,1.0,1.0,1.0,1.600118637084961,1,2.5917575359344482,1.0,3.7188010215759277,25.35586929321289,1.0,7.4950714111328125,1.0,1.9780378341674805,1.0,1.0,1.27444326877594,1.0,1.0,17.484010696411133,2.4099771976470947,2.7489819526672363,13.77495288848877,4.8752546310424805,1.0,1.0,1.3015639781951904,2.4663355350494385,1.0,2.198857545852661,1.8559372425079346,1.0,1.0,2.045248031616211,1.0,1,1.4339840412139893,1.0,2.775796413421631,2.7207210063934326,1.045861840248108,1.0,1.1434580087661743,1.8589584827423096,1.09326171875,2.3593649864196777,1.2258164882659912,1.451723337173462,3.171926736831665,1.0,1.0,3.505280017852783,10.053415298461914,1,1.0,1.0,1,4.281545639038086,4.803394317626953,1.0229706764221191,1.0315097570419312,2.5128655433654785,1,40.661598205566406,1.0,21.829193115234375,3.5805728435516357,2.179215669631958,1.0,3.489718437194824,1.0,1.0,1.0,1.0,1.0,1.83962881565094,1.0,1.7072482109069824,1.0011165142059326,1.0,1.0,1,1,1,1,1,1,1,1.0,1.0,1,2.676154136657715,4.538474082946777,2.95186185836792,7.158158779144287,2.333116292953491,2.7291688919067383,2.599313259124756,10.670818328857422,2.6707451343536377,1.5254242420196533,3.3846116065979004,2.628831386566162,60.49243927001953,44.668575286865234,13.284309387207031,15.926528930664062,58.370697021484375,68.38310241699219,40.28667449951172,43.792327880859375,5.673437595367432,170.12701416015625,150.54129028320312,140.85142517089844,50.417823791503906,18.679338455200195,1.0,45.9792594909668,49.08784484863281,4.2742791175842285,46.734375,19.85582733154297,78.08134460449219,79.45945739746094,31.823558807373047,1.0,462.318359375,271.33013916015625,61.28392791748047,215.82681274414062,36.229732513427734,72.07577514648438,65.2923812866211,179.09463500976562,32.39403533935547,9.258979797363281,71.5416259765625,66.43440246582031,1.0,1.0,1.0,1.0,1.0,1.0,1.0,1.0,1.0,1.0,1.0,1.0,1.0
2025-03-16,1.6655805110931396,1.0,2.563924551010132,1.263412356376648,1.0,1.0,1.0,1.0,1.3744107484817505,1.0,1.0,1,1.0,1.0,1.0,1.0,1.4870243072509766,1.0,1.0,1.1024932861328125,1.3624134063720703,1.0,1,1.0,1.0,1.0,1.0,8.038862228393555,1.3507490158081055,1.3006031513214111,1.0,1.18196702003479,1.0,1.0,1,1.0,12.94221305847168,1.0,1.0,10.260480880737305,3.9071083068847656,1.0,1.0,1.0,1.0,1.0,1,1.9851653575897217,1.0,2.3343732357025146,6.232069969177246,1.0,3.1827826499938965,1.0,1.1543848514556885,1.0,1.0,1.0,1.0,1.0,5.423576354980469,4.296114444732666,3.196971893310547,4.240462303161621,3.2639670372009277,1.0,1.0,1.0,1.0,1.0,1.0,1.0,1.0,1.0,1.0,1.0,1,1.0,1.0,1.0,1.0,1.0,1.0,1.0,1.0,1.0,1.0,1.0,1.0,1.0,1.0,1.0,1.6292327642440796,4.503936767578125,1,1.0,1.0,1,1.8863105773925781,2.770794630050659,1.0,1.0,1.0,1,38.227935791015625,2.4127655029296875,6.790874481201172,2.102168560028076,1.1939938068389893,1.0,2.140984058380127,1.0,1.0,1.0,1.0,1.0,1.0,1.0,1.0,1.0,1.0,1.0,1,1,1,1,1,1,1,1.0,1.0,1,1.8184356689453125,1.6608672142028809,1.0,1.1127134561538696,1.0,1.0,1.0,2.80135178565979,1.0,1.0,1.0,1.0,1.9418449401855469,1.5183830261230469,1.0,1.0,2.7885360717773438,1.0,2.324252128601074,1.6399898529052734,1.0,4.123527526855469,2.1376991271972656,1.0,6.215915679931641,2.7149229049682617,1.0,1.0,4.229192733764648,1.0,1.6191062927246094,1.0,1.2009773254394531,1.0,1.0,1.0,10.909355163574219,12.614181518554688,3.8134288787841797,7.243736267089844,1.9535579681396484,3.334644317626953,5.230831146240234,5.009407043457031,1.6890554428100586,1.0,4.332782745361328,3.024442672729492,1.0,1.0,1.0,1.0,1.0,1.0,1.0,1.0,1.0,1.0,1.0,1.0,1.0
2025-03-17,1.0963335037231445,1.0,1.0,1.0,1.0,1.0,1.3675174713134766,1.0,1.1319522857666016,1.0,1.0,1,1.0,1.0,1.0,1.0,2.4375038146972656,1.0,1.0,2.1805343627929688,1.7955617904663086,1.0,1,1.0,1.0,1.0,1.0,3.867849349975586,1.0,1.0,1.0,1.0,1.0,1.0,1,1.0,4.518880844116211,1.0,1.0,3.603750228881836,1.7599143981933594,1.0,1.0,1.0,1.0,1.0,1,1.0,1.0,1.0,2.834413528442383,1.0,1.4718341827392578,1.0,1.0,1.0,1.0,1.0,1.0,1.0,1.9701108932495117,3.376485824584961,2.6263132095336914,2.0953617095947266,2.376105308532715,1.0,1.0,1.0,1.0,1.0,1.0,1.0,1.0,1.0,1.0,1.0,1,1.0,1.0,1.0,1.0,1.0,1.0,1.0,1.0,1.0,1.0,1.0,1.0,1.0,3.464418411254883,1.0,1.0,1.0,1,1.0,1.0,1,1.0,1.0,1.0,1.0,1.0,1,18.01443862915039,8.105480194091797,6.579388618469238,1.0,1.0,1.0,1.0,1.0,1.0,1.0,1.0,1.0,1.0,1.0,1.0,1.0,1.0,2.857799530029297,1,1,1,1,1,1,1,1.0,1.0,1,2.5968217849731445,1.0,1.0,1.0,1.0,1.0,1.0,1.0,1.0,1.0,1.0,1.0,1.0,1.0,1.0,2.225574493408203,1.0,1.0,1.0,1.0,1.0,1.0,1.0,1.0,2.5845260620117188,1.0,1.0,1.0,1.0,1.0,1.0,1.0,1.0,1.0,1.0,1.0,1.0,1.0,1.0,1.0,1.0,1.0,1.0,1.0,1.0,1.0,1.0,1.0,1.0,1.0,1.0,1.0,1.0,1.0,1.0,1.0,1.0,1.0,1.0,1.0,1.0
2025-03-18,1.1428923606872559,1.0,1.0,1.0,1.0,1.0,1.1035985946655273,1.0,1.0,1.0,1.0,1,1.0,1.0,1.0,1.0,2.1805496215820312,1.0,1.0,1.7216987609863281,1.0,1.0,1,1.0,1.0,1.0,1.0,8.92558479309082,1.0,1.0,1.0,1.0,1.0,1.0,1,1.0,2.481128692626953,1.0,1.0,1.5968437194824219,1.0,1.0,1.0,1.0,1.0,1.0,1,1.0,1.0,1.0,2.3032331466674805,1.0,1.4740710258483887,1.0,1.0,1.0,1.0,1.0,1.0,1.0,1.0,1.0,1.153437614440918,1.6492338180541992,1.3798847198486328,1.0,1.0,1.0,1.0,1.0,1.0,1.0,1.0,1.0,1.0,1.0,1,1.0,1.0,1.0,1.0,1.0,1.0,1.0,1.0,1.0,1.0,1.0,1.0,1.0,3.855955123901367,1.0,1.0,1.0,1,1.0,1.0,1,1.0,1.0,1.0,1.0,1.0,1,4.393154144287109,6.851457595825195,2.738088607788086,1.0,1.0,1.0,1.0,1.0,1.0,1.0,1.0,1.0,1.0,1.0,1.0,1.0,1.0,5.49083137512207,1,1,1,1,1,1,1,1.0,1.0,1,1.9962797164916992,1.0,1.0,1.0,1.0,1.0,1.0,1.0,1.0,1.0,1.0,1.0,1.0,1.0,2.5926284790039062,3.5424232482910156,1.9133491516113281,1.0,1.0,1.0,1.0,1.0,1.0,1.0,3.6929969787597656,1.0,1.0,1.0,1.0,1.0,1.1915931701660156,1.0,1.0,1.0,1.0,1.0,1.0,2.884765625,1.0,1.0,1.0,1.6187191009521484,1.0,1.0,1.0,1.0,1.0,1.0,1.0,1.0,1.0,1.0,1.0,1.0,1.0,1.0,1.0,1.0,1.0,1.0,1.0
2025-03-19,1.1403627395629883,2.7112560272216797,1.0,1.0,1.0,1.0,2.2308311462402344,1.0,1.0,1.0,1.0,1,1.0,1.0,1.0,1.0,5.0335845947265625,1.0,1.0,8.319931030273438,2.018667221069336,1.0,1,1.0,1.60260009765625,1.5546529293060303,1.0,18.206573486328125,1.0,1.0,1.0,1.0,1.0,1.0,1,1.0,3.317434310913086,1.0,1.0,2.2007369995117188,1.0128889083862305,1.0,1.0,1.0,1.0,1.0,1,1.0,1.0,1.0,2.89505672454834,1.0,2.225461006164551,1.0,1.0,1.0,1.0,1.0,1.0,1.0,1.449244499206543,1.4217228889465332,1.0,2.045107841491699,1.0,1.0,1.0,1.0,1.0,1.0,1.0,1.0,1.0,1.0,1.0,1.0,1,1.0,1.0,1.0,1.0,1.0,1.0,1.0,1.0,1.0,1.0,1.0,1.0,1.0,1.5160999298095703,1.0,1.0,1.2219724655151367,1,1.0,1.0,1,1.1792621612548828,1.0,1.0,1.0,1.0,1,1.5663337707519531,8.966646194458008,2.085942268371582,1.0,1.0,1.0,1.0,1.0,1.0,1.0,1.0,1.0,1.0,1.0,1.0,1.0,1.0,2.5542221069335938,1,1,1,1,1,1,1,1.0,1.0,1,4.667342185974121,1.0,1.0,1.0,1.0,1.0,1.0,1.0,1.0,1.0,1.0,1.0,1.8978099822998047,1.0,1.0,5.785392761230469,3.7569503784179688,1.0,2.19576358795166,1.1778316497802734,1.0,3.246990203857422,1.8748321533203125,1.0,5.723878860473633,1.958791732788086,1.0,1.0,2.873636245727539,1.0,2.280795097351074,1.0,1.2185306549072266,1.0,1.0,1.0,9.049179077148438,10.60845947265625,1.9093666076660156,4.7005767822265625,1.0,3.6610336303710938,2.4918785095214844,4.7470245361328125,1.3329849243164062,1.0,2.6578598022460938,1.6666736602783203,1.0,1.0,1.0,1.0,1.0,1.0,1.0,1.0,1.0,1.0,1.0,1.0,1.0
2025-03-20,1.062166690826416,3.9142494201660156,1.0,1.0,1.0,1.0,4.273930549621582,1.0,1.0,1.0,1.0,1,1.0,1.0,1.0,1.0,9.14096450805664,1.0,1.0,16.52423858642578,4.289393901824951,1.0,1,1.0,7.038963317871094,6.5699944496154785,1.0,15.319585800170898,1.0,1.0,1.0,1.0,1.0,1.0,1,1.0,6.275899887084961,1.0,1.0,5.428667068481445,1.034128189086914,1.0,1.0,1.0,1.0,1.162123203277588,1,1.0,1.0,1.0,4.4007368087768555,1.0,1.959834098815918,1.0,1.0,1.0,1.0,1.0,1.0,1.0,1.6720094680786133,2.6790525913238525,1.0,3.2592220306396484,1.0,1.0,1.0,1.0,1.0,1.0,1.0,1.0,1.0,1.0,1.0,1.0,1,1.0,1.0,1.0,1.0,1.0,1.0,1.0,1.0,1.0,1.0,1.0,1.0,1.0,4.372888565063477,1.0,1.0,1.0,1,1.0,1.0,1,4.47889518737793,1.0,1.0,1.0,1.0,1,1.0,8.40176010131836,1.8773412704467773,1.0,1.0,1.0,1.0,1.0,1.0,1.0,1.0,1.0,1.0,1.0,1.0,1.0,1.0,1.8804779052734375,1,1,1,1,1,1,1,1.0,1.0,1,5.352511405944824,1.0,1.0,1.0,1.0,1.0,1.0,1.0,1.0,1.0,1.0,1.0,1.0,1.0,9.47903823852539,30.297443389892578,1.9847583770751953,1.0,1.3303861618041992,1.20098876953125,1.0,1.0,1.0,1.0,4.712451934814453,1.1373414993286133,1.0,1.0,2.076446533203125,1.0,1.2094917297363281,1.0,1.0,1.0,1.0,1.0,2.211944580078125,5.896736145019531,1.6721229553222656,3.5484466552734375,2.046100616455078,2.1263580322265625,3.1504440307617188,1.1309280395507812,1.0696439743041992,1.0,2.5566978454589844,1.0,1.0,1.0,1.0,1.0,1.0,1.0,1.0,1.0,1.0,1.0,1.0,1.0,1.0
2025-03-21,1.5165314674377441,1.0,3.0578083992004395,1.8286750316619873,1.0,1.0,3.0244598388671875,1.0,1.0,1.0,1.0,1,1.0,1.0,1.0,1.0,5.698282241821289,1.0,1.0,8.206127166748047,3.2759180068969727,1.0,1,1.0,6.547294616699219,2.2202446460723877,1.0,10.465787887573242,1.0,1.0,1.0,1.112879753112793,1.0,1.0,1,1.0,12.659513473510742,1.6315505504608154,1.0,12.913179397583008,1.0,1.0,1.0,1.0,1.0,1.6598215103149414,1,1.0,1.0,1.360244631767273,7.012534141540527,1.0,2.7118101119995117,1.0,1.0,1.0,1.0,1.0,1.0,1.0,3.4122347831726074,2.528449296951294,1.085707664489746,5.050236701965332,1.502896785736084,1.0,1.0,1.0,1.0,1.0,1.0,1.0,1.0,1.0,1.0,1.0,1,1.0,1.0,1.0,1.0,1.0,1.0,1.0,1.0,1.0,1.0,1.0,1.0,1.0,6.854713439941406,1.0,1.0736404657363892,2.5575571060180664,1,1.0,1.0,1,4.2415313720703125,1.4484128952026367,1.0,1.0,1.0,1,10.998987197875977,9.706607818603516,3.9518518447875977,1.0,1.0,1.0,1.4917255640029907,1.0,1.0,1.0,1.0,1.0,1.0,1.0,1.0,1.0,1.0,1.0,1,1,1,1,1,1,1,1.0,1.0,1,3.599827766418457,1.359714150428772,1.34098482131958,1.5894166231155396,1.1494847536087036,1.0,1.0,2.8198394775390625,1.0,1.0,1.1301146745681763,1.5981024503707886,1.0,1.0,18.577007293701172,14.431770324707031,2.1411666870117188,1.0,1.403986930847168,1.3752555847167969,1.0,1.0,1.0,1.0,5.810380935668945,1.514521598815918,1.0,1.0,1.6376495361328125,1.0,1.6566829681396484,1.0,1.0,1.0,1.0,1.0,3.6779937744140625,8.248458862304688,2.009702682495117,7.227264404296875,2.9738216400146484,1.8696212768554688,5.205421447753906,2.0725631713867188,1.0,1.0,4.506725311279297,2.1915283203125,1.0,1.0,1.0,1.0,1.0,1.0,1.0,1.0,1.0,1.0,1.0,1.0,1.0
2025-03-22,1.9782295227050781,1.0,4.894603252410889,2.515151023864746,1.0,1.0,1.0235443115234375,1.0,1.0244824886322021,1.0,1.0,1,1.0,1.0,1.0,1.0,1.9851932525634766,1.0,1.0,1.0514965057373047,1.2708730697631836,1.0,1,1.0,1.0,1.0,1.0,9.932750701904297,1.0,1.0,1.0,1.75142240524292,1.0,1.0,1,1.0,18.63255500793457,1.0352225303649902,1.0,16.50743865966797,3.140374183654785,1.0,1.0,1.0,1.0,1.2791752815246582,1,2.3498892784118652,1.0,3.219413995742798,9.136905670166016,1.0,4.166390419006348,1.0,1.0299506187438965,1.0,1.0,1.0,1.0,1.0,6.689145088195801,4.19354248046875,2.6265549659729004,5.992907524108887,3.0863418579101562,1.0,1.0,1.0,1.0,1.0,1.0,1.0,1.0,1.0,1.0,1.0,1,1.0,1.0,1.0,1.0,1.0,1.0,1.0,1.0,1.0,1.0,1.0,1.0,1.0,1.4720745086669922,1.0,2.323298931121826,6.248536109924316,1,1.0,1.0,1,2.6958961486816406,3.6290955543518066,1.3706982135772705,1.0,1.3825407028198242,1,36.986106872558594,3.7427024841308594,7.100604057312012,2.7742159366607666,1.6620919704437256,1.0,3.0360398292541504,1.0,1.2012929916381836,1.0,1.0,1.0,1.0,1.0,1.0,1.2297477722167969,1.0024009943008423,1.5285167694091797,1,1,1,1,1,1,1,1.0,1.0,1,1.2071523666381836,2.9350545406341553,1.0,1.8938430547714233,1.748382568359375,1.0,1.0,4.168808937072754,1.0,1.0,1.3596135377883911,1.5814952850341797,1.9013671875,1.3513145446777344,10.234088897705078,1.0,4.665458679199219,1.0,2.855433464050293,2.5015316009521484,1.0,4.921085357666016,1.0087509155273438,1.0,7.829927444458008,3.738485336303711,1.0,1.0,4.1927642822265625,1.0,2.615227699279785,1.5982532501220703,2.042787551879883,1.0,1.0,1.0,18.867431640625,19.541610717773438,4.626703262329102,14.163627624511719,3.6077327728271484,5.432147979736328,9.711326599121094,9.035648345947266,2.297696113586426,1.4539685249328613,6.938030242919922,4.644138336181641,1.0,1.0,1.0,1.0,1.0,1.0,1.0,1.0,1.0,1.0,1.0,1.0,1.0
2025-04-20,3.363560199737549,1.8942909240722656,5.155545234680176,3.6892952919006348,1.0,1.0,4.636322975158691,1.0,1.0,1.0,1.0,1,1.0,1.0,1.0,1.0,5.949073791503906,1.0,1.0,6.490022659301758,4.264154434204102,1.0760408639907837,1,1.0,1.0,1.0,1.0,4.236059188842773,13.413056373596191,1.835693120956421,2.3964734077453613,3.532573938369751,1.0629476308822632,1.0,1,3.1202163696289062,34.223514556884766,1.0,2.579193353652954,26.077163696289062,14.989563941955566,1.0,2.029000759124756,1.0,1.0,2.2175822257995605,1,1.0966691970825195,1.0,1.1342476606369019,8.848526954650879,1.0,4.257605075836182,1.0,3.1682510375976562,1.0,1.846730351448059,1.3286148309707642,1.0,1.0,6.980622291564941,11.062618255615234,13.353033065795898,7.356834411621094,12.93814754486084,1.0,1.0,1.0,2.624013662338257,1.0,1.0,2.0471434593200684,1.0,1.0,3.043952703475952,1.0,1,1.054893970489502,1.0,1.0426883697509766,1.0,1.0,1.0,1.0,1.4154860973358154,1.0,2.1304337978363037,1.0,1.4298598766326904,2.561837911605835,1.0,1.6210689544677734,2.984795093536377,5.690276145935059,1,1.0,1.0,1,10.539164543151855,5.255395412445068,1.3287014961242676,1.0,4.531599998474121,1,127.5923080444336,5.002828598022461,31.423316955566406,2.6555979251861572,2.166273355484009,1.0,2.018883228302002,1.0,1.0,1.164312720298767,1.0,1.0,1.0,1.0,1.5095274448394775,1.035391092300415,1.0,1.0,1,1,1,1,1,1,1,1.0,1.0,1,1.0,1.6944700479507446,1.410126805305481,1.3944745063781738,1.0,1.0,1.1002998352050781,3.2144699096679688,1.0,1.0,1.1979440450668335,1.040627360343933,1.7200355529785156,1.0,1.0,8.856403350830078,6.050086975097656,1.0,4.58198356628418,1.0,1.0,9.73257064819336,1.0,1.0,12.243576049804688,3.2035560607910156,1.0,1.0,6.949701309204102,1.0,7.06379508972168,3.301382064819336,5.133550643920898,1.0,1.0,3.043656349182129,3.1549835205078125,2.7294387817382812,1.0,1.1404495239257812,1.0,2.1162052154541016,5.037921905517578,8.375667572021484,1.0665483474731445,1.0,1.0,1.5523853302001953,31.208309173583984,12.547636032104492,36.305931091308594,4.593635559082031,21.09000015258789,20.25864601135254,11.630730628967285,190.57952880859375,27.609554290771484,61.84046173095703,31.710264205932617,6.540802001953125,35.096824645996094
2025-04-21,1.0,1.0,1.856311559677124,1.0,1.0,1.0,2.431377410888672,1.0,1.0,1.0,1.0,1,1.0,1.0,1.0,1.0,6.452920913696289,1.0,1.0,1.5710201263427734,1.982823371887207,1.0,1,1.0,1.0,2.9808361530303955,1.0,6.195043563842773,5.8112664222717285,1.250497579574585,1.3958005905151367,1.576676368713379,1.0,1.0,1,1.4215900897979736,9.271369934082031,1.0,1.4730358123779297,8.969680786132812,7.20006799697876,1.0,1.3924834728240967,1.0,1.0,1.0,1,1.1852697134017944,1.0,1.0,6.522660255432129,1.0,3.3701674938201904,1.0,1.120495319366455,1.0,1.242936611175537,1.0,1.0,1.0,1.8351726531982422,6.244539260864258,7.703202247619629,4.981534004211426,8.052416801452637,1.0,1.0,1.0,1.2768316268920898,1.0,1.0,1.0,1.0,1.0,1.4171149730682373,1.0,1,1.0,1.0,1.0,1.0,1.0,1.0,1.0,1.0,1.0,1.4793121814727783,1.0,1.0,1.8079111576080322,1.0,1.0,1.595407485961914,1.6165342330932617,1,1.0,1.0,1,12.468863487243652,2.1116561889648438,1.0,1.0,2.6951003074645996,1,31.14966583251953,20.570802688598633,14.737933158874512,1.3265397548675537,1.0,1.0,1.0,1.0,1.0,1.0,1.0,1.0,1.0,1.0,1.0,1.0,1.0,4.791495323181152,1,1,1,1,1,1,1,1.0,1.0,1,1.0,1.0,1.0,1.0,1.0,1.0,1.0,1.0,1.0,1.0,1.0,1.0,1.0,1.0,1.2124061584472656,29.79765510559082,4.032867431640625,1.0,2.4519176483154297,1.0,1.0,7.315162658691406,1.0,1.0,11.518028259277344,1.294468879699707,10.397295951843262,1.0,3.7223167419433594,1.0,4.035632133483887,1.6942472457885742,2.3399906158447266,1.0,1.0,1.1861238479614258,1.1407623291015625,1.0020980834960938,1.0,1.0,1.0,1.0,1.7687110900878906,3.0247039794921875,1.0,1.0,1.0,1.0,22.451419830322266,9.932035446166992,22.486705780029297,3.2007341384887695,17.27726936340332,13.482553482055664,7.303655624389648,143.48863220214844,26.02534294128418,50.54669189453125,41.36897277832031,8.608749389648438,27.546424865722656
2025-04-22,1.0,6.998270034790039,1.9725191593170166,1.0,1.0,1.0,4.2432379722595215,1.0,1.0,1.0,1.0,1,1.0,1.0,1.0,1.0,13.227177619934082,1.0,1.0,9.105661392211914,3.034536838531494,1.0,1,1.0,3.509927272796631,7.1629958152771,1.2994232177734375,16.03191566467285,3.5625598430633545,1.6982353925704956,1.3703402280807495,1.3603134155273438,1.0,1.0,1,1.073171615600586,10.989555358886719,1.0,1.0089071989059448,10.331792831420898,6.90684175491333,1.0,1.4617893695831299,1.0,1.0,1.0,1,1.7473642826080322,1.0,1.0,5.238424301147461,1.0,2.5461416244506836,1.0,1.3700878620147705,1.0,1.2308541536331177,1.0,1.0,1.0,1.2175750732421875,3.6034157276153564,3.709076404571533,4.383617877960205,4.306673049926758,1.0,1.0,1.0,1.5450938940048218,1.0,1.0,1.0,1.0,1.0,1.4927139282226562,1.0,1,1.0,1.0,1.0,1.0,1.0,1.0,1.0,1.0,1.0,1.6908397674560547,1.0,1.0,1.9695158004760742,1.0,1.0,1.579998254776001,1.7152233123779297,1,1.0,1.0,1,13.041888236999512,1.8464810848236084,1.0,1.0,1.9605932235717773,1,1.0,29.047258377075195,2.9816646575927734,1.1629772186279297,1.0,1.0,1.0,1.0,1.0,1.0,1.0,1.0,1.0,1.0,1.109178900718689,1.0,1.0,1.0,1,1,1,1,1,1,1,1.0,1.0,1,1.0,1.0,1.0,1.0,1.0,1.0,1.0,1.0,1.0,1.0,1.0,1.0,1.0,1.0,15.196094512939453,59.513858795166016,3.8389816284179688,1.0,2.0939245223999023,1.0,1.0,6.222633361816406,1.0,1.0,11.70901870727539,1.0,6.920811653137207,1.0,1.936248779296875,1.0,2.783869743347168,1.0,1.6642169952392578,1.0,1.0,1.6373114585876465,1.0,1.0,1.0,1.0,1.0,1.0,1.0,1.0,1.0,1.0,1.0,1.0,28.612245559692383,11.657265663146973,25.372570037841797,5.3033857345581055,19.41790771484375,17.614017486572266,9.988560676574707,174.57046508789062,33.305442810058594,70.868408203125,58.51529312133789,12.570722579956055,35.31488800048828
2025-04-23,1.0,31.175230026245117,1.571523904800415,1.0,1.0,1.0,9.35046100616455,1.0,1.0,1.0,1.0,1,1.0,1.0,1.0,1.0,36.6436767578125,1.0,1.0,28.8723087310791,9.119969367980957,1.0,1,1.0,4.280200958251953,2.8299264907836914,1.3554351329803467,25.993053436279297,4.097747802734375,1.1099096536636353,1.3498549461364746,1.2739715576171875,1.0,1.0,1,1.0,12.212728500366211,1.0,1.0,11.630304336547852,6.662494659423828,1.0,1.4603159427642822,1.0,1.0,1.0,1,1.6682403087615967,1.0,1.0,6.2294111251831055,1.0,3.0225486755371094,1.0,1.5608946084976196,1.0,1.2048156261444092,1.0,1.0,1.0,1.7780356407165527,3.567896842956543,4.745843887329102,5.415599346160889,4.474654197692871,1.0,1.0,1.0,2.197935104370117,1.0,1.0,1.0,1.0,1.0,1.6621901988983154,1.0,1,1.0,1.0,1.0,1.0,1.0,1.0,1.0,1.0,1.0,2.098822593688965,1.0,1.6339213848114014,1.958766222000122,4.832996368408203,1.0,1.0,2.134521484375,1,1.0,1.0,1,12.038073539733887,2.0522871017456055,1.0,1.0,1.9481635093688965,1,1.0,40.288124084472656,3.240964889526367,1.0,1.0,1.0,1.0,1.0,1.0,1.0,1.0,1.0,1.0,1.0,1.0,1.0,1.0,4.828242301940918,1,1,1,1,1,1,1,1.0,1.0,1,31.164169311523438,1.0,1.0,1.0,1.0,1.0,1.0,1.0,1.0,1.0,1.0,1.0,1.473165512084961,1.0,35.57981491088867,62.01753234863281,3.9737377166748047,1.0,2.6682186126708984,1.0,1.0,5.4553985595703125,1.0,1.0,12.630537033081055,1.0,44.56266784667969,1.0,2.5137176513671875,1.0,2.8452682495117188,1.0,2.1668834686279297,1.0,1.0,1.8082568645477295,1.0,1.0,1.0,1.0,1.0,1.0,1.0,1.0,1.0,1.0,1.0,1.0,29.250642776489258,13.843647003173828,30.770633697509766,8.327519416809082,23.950035095214844,20.79709815979004,10.662805557250977,201.55892944335938,43.41926193237305,70.4002914428711,96.11625671386719,19.806381225585938,45.0897102355957
2025-04-24,1.7608389854431152,31.515905380249023,2.360995292663574,1.1135905981063843,1.0,1.0,11.387537956237793,1.0,1.0,1.0,1.0,1,1.0,1.0,1.0,1.0,49.66843032836914,1.0,1.0,47.31806945800781,12.636384963989258,1.0,1,1.0,2.737948417663574,4.804971694946289,4.601685523986816,50.23594665527344,5.575575828552246,1.2302851676940918,2.291290283203125,2.055377721786499,1.0,1.0,1,1.0,16.30240249633789,1.0,1.0,16.158472061157227,8.029470443725586,1.0,2.3436591625213623,1.0,1.0,1.0,1,1.742265224456787,1.0,1.1013661623001099,8.44674015045166,1.0,5.6016926765441895,1.0,2.0793914794921875,1.0,1.472283959388733,1.0,1.0,1.0,3.0934057235717773,3.0343167781829834,4.067219257354736,7.66252326965332,3.2855663299560547,1.0,1.0,1.1790533065795898,3.152480363845825,1.0,1.2407021522521973,1.0634346008300781,1.0,1.0,2.5835251808166504,1.0,1,1.1993012428283691,1.0,1.441868782043457,1.0,1.0,1.0,1.0,1.0,1.0611891746520996,2.7654972076416016,1.0,1.6559720039367676,3.0033562183380127,12.010214805603027,1.0,1.5176674127578735,3.1244397163391113,1,1.0,1.0,1,11.516605377197266,1.9986028671264648,1.0,1.0,1.9489665031433105,1,1.0,48.291839599609375,2.525014877319336,1.3270436525344849,1.0146855115890503,1.0,1.0,1.0,1.0,1.0,1.0,1.0,1.0,1.0,1.0,1.0,1.0,16.034191131591797,1,1,1,1,1,1,1,1.513127326965332,1.0,1,53.72003173828125,1.0,1.0,1.0217190980911255,1.0,1.0,1.0,1.5832650661468506,1.0,1.0,1.0,1.0,3.8318824768066406,1.0,111.71248626708984,58.003116607666016,4.736787796020508,1.0,3.785771369934082,1.0,1.0,6.881824493408203,1.0,1.0,14.255849838256836,1.7840099334716797,112.09968566894531,1.0,4.574863433837891,1.0,3.364410400390625,1.0025033950805664,3.669637680053711,1.0,1.0,2.951369285583496,1.0,1.0,1.0,1.0,1.0,1.0,1.0,1.6466445922851562,1.0,1.0,1.0,1.0,34.70237731933594,19.429141998291016,39.29729080200195,14.481855392456055,34.4755859375,34.740150451660156,14.978553771972656,234.99664306640625,64.59358215332031,62.556922912597656,170.0959930419922,35.14017868041992,57.47044372558594
2025-04-25,4.605542182922363,17.06076431274414,6.353947639465332,5.222429275512695,1.308203935623169,2.0569753646850586,7.977362632751465,1.0,2.519225597381592,1.0,1.0,1,1.0,1.0,1.0,1.0,27.576841354370117,1.0,1.0,37.60015869140625,9.029881477355957,1.0,1,1.0,1.0,7.847780227661133,7.278175354003906,51.094451904296875,11.489126205444336,3.097424030303955,3.5261740684509277,4.837889671325684,1.7804040908813477,1.0,1,1.0,44.70764923095703,1.0,1.9761672019958496,37.97265625,16.137134552001953,1.0,3.0666143894195557,1.0,1.0,2.047894239425659,1,2.4349660873413086,1.0,2.236088514328003,11.232367515563965,1.0,7.4762749671936035,1.1772451400756836,3.761575222015381,1.0,1.897128939628601,1.1389954090118408,1.2388807535171509,1.0,8.251076698303223,3.3957369327545166,6.70412015914917,9.789687156677246,3.240548610687256,1.0,1.0,1.8035738468170166,3.2677736282348633,1.0,1.759342908859253,2.0653910636901855,1.0,1.0411367416381836,3.9813194274902344,1.0,1,1.7549711465835571,1.0,2.5480995178222656,1.0,1.0,1.0,1.3934179544448853,1.2857980728149414,1.8512555360794067,2.6338398456573486,1.0,1.854291319847107,4.068732261657715,13.866216659545898,1.7257988452911377,4.630585670471191,8.724815368652344,1,1.0,1.0,1,12.697863578796387,6.286344528198242,2.017409324645996,1.0,3.367781162261963,1,15.85630989074707,34.11048889160156,8.321775436401367,3.2218804359436035,2.6130623817443848,1.2377653121948242,3.199159860610962,1.0180319547653198,1.0049998760223389,1.5444810390472412,1.0,1.0,1.0,1.0,2.419124126434326,1.454082727432251,1.0,1.0,1,1,1,1,1,1,1,1.1298333406448364,1.0,1,18.53169822692871,3.397646427154541,1.936591386795044,5.172781944274902,2.3649325370788574,1.0,1.9564175605773926,7.45999002456665,1.0,1.2444782257080078,2.8587350845336914,1.0,4.556423187255859,1.0,164.4523162841797,41.36140060424805,6.934745788574219,1.0,5.382023811340332,1.0,1.0,10.345600128173828,1.0,1.0,16.431533813476562,3.3185434341430664,58.00552749633789,1.0,7.034370422363281,1.0,5.286921501159668,2.0624823570251465,5.384284973144531,1.0,1.0,6.241369247436523,1.0,1.288970947265625,1.0,1.0,1.0,1.0,4.62506103515625,6.107540130615234,1.0,1.0,1.0,1.0,46.79838562011719,25.760385513305664,53.5927619934082,18.86212158203125,41.765830993652344,51.51536178588867,22.670757293701172,285.24212646484375,71.95171356201172,69.86917877197266,180.80584716796875,36.77752685546875,61.36728286743164
2025-04-26,6.328656196594238,2.658906936645508,8.072957992553711,7.535134792327881,1.5465385913848877,1.316521167755127,5.093958377838135,1.0,1.9064743518829346,1.0,1.0297112464904785,1,1.0,1.0,1.0,1.0,6.093772888183594,1.0,1.0,18.782554626464844,4.890670299530029,1.362486720085144,1,1.0,4.534966468811035,1.0,4.780387878417969,25.318952560424805,15.971059799194336,3.499607563018799,3.4248738288879395,5.940749168395996,1.8577697277069092,1.03180730342865,1,1.9410046339035034,62.009117126464844,1.0,3.0551822185516357,48.62250900268555,21.614608764648438,1.0,2.470974922180176,1.0,1.0,3.403304100036621,1,2.0940351486206055,1.0,2.506333827972412,11.335376739501953,1.2841877937316895,6.4411940574646,1.0,4.994051933288574,1.0730212926864624,2.3310186862945557,2.1508257389068604,1.3169773817062378,1.0,11.725753784179688,8.255270004272461,12.420488357543945,9.830230712890625,8.108823776245117,1.0,1.0,1.506766676902771,3.0189285278320312,1.0,1.5737149715423584,2.5475664138793945,1.0,1.0758850574493408,4.4239349365234375,1.0,1,1.7013187408447266,1.0,2.433640480041504,1.0,1.0,1.0,1.275282859802246,1.85944664478302,1.0,2.329312324523926,1.0,2.232119083404541,3.814033031463623,3.859678268432617,2.5025229454040527,5.437342643737793,11.276826858520508,1,1.0,1.0,1,10.298468589782715,9.134462356567383,2.691331386566162,1.0,5.264138221740723,1,109.54113006591797,6.875112533569336,26.796512603759766,4.100813388824463,3.7116565704345703,1.3982794284820557,4.081369400024414,1.0,1.091721773147583,2.4714314937591553,1.0,1.0,1.0,1.0,2.6638805866241455,2.131265878677368,1.0,1.0,1,1,1,1,1,1,1,1.0,1.0,1,1.0,4.19379186630249,2.9966306686401367,5.319009780883789,2.384599447250366,1.1690541505813599,2.7166881561279297,9.389469146728516,1.0,1.9288933277130127,3.267906665802002,2.021425724029541,3.4392623901367188,1.0,47.413394927978516,10.266929626464844,7.714519500732422,1.0,6.29495906829834,1.0,1.0,11.409645080566406,1.0,1.0,15.055521965026855,4.182514190673828,1.0,1.0,8.441202163696289,1.0,7.960945129394531,3.5969252586364746,6.693765640258789,1.0,1.0,6.362612247467041,2.037628173828125,2.2757034301757812,1.0,1.086700439453125,1.0,2.1417198181152344,6.881587982177734,10.472930908203125,1.294900894165039,1.0439453125,1.0,1.7680301666259766,46.34769821166992,21.012042999267578,53.543426513671875,13.493646621704102,33.76038360595703,41.971527099609375,21.117158889770508,263.7699890136719,46.993980407714844,70.52133178710938,89.1351318359375,17.846729278564453,49.88931655883789
2025-05-25,6.115691184997559,2.9977989196777344,4.141775131225586,2.805875778198242,1.0,1.5183401107788086,1.0,1.0,2.2940168380737305,1.0,1.0,1,1.0,1.1978391408920288,16.491060256958008,1.2584097385406494,1.0,1.0,1.3732659816741943,1.0,1.0,1.0,1,1.0,1.0,2.064384937286377,1.0,1.0212020874023438,7.997220039367676,3.083570718765259,1.5474168062210083,4.8469109535217285,3.038468360900879,1.0,1,1.7958731651306152,41.76285934448242,1.0,3.4739651679992676,29.726057052612305,12.63935661315918,1.6701457500457764,2.4681665897369385,1.0,1.0,1.0,1,2.040924310684204,1.0,1.4102222919464111,9.521448135375977,1.0,4.2442193031311035,1.0,3.4628849029541016,1.0,1.3100454807281494,1.0,1.0,1.0,6.343547821044922,6.164783000946045,12.207389831542969,8.375483512878418,6.371402263641357,1.0,1.0,1.0,1.5794225931167603,1.0,1.0,1.3942432403564453,1.0,1.0,1.0,1.0,1,1.0,1.0,1.0680862665176392,1.0,1.0,1.2075947523117065,1.0,1.0,1.0,1.0,1.0,1.0,1.4250483512878418,1.0,1.0248558521270752,3.839423656463623,6.01680850982666,1,1.0,1.0,1,12.607719421386719,2.7956416606903076,1.0878288745880127,1.0,3.596839427947998,1,97.54240417480469,6.901487350463867,17.33811378479004,3.1125757694244385,3.165461540222168,1.0,1.7107677459716797,1.2436988353729248,1.0,1.0,1.0,1.0,2.2301406860351562,1.0,1.0,1.0,1.0,1.0,1,1,1,1,1,1,1,1.0,1.0,1,9.403769493103027,1.0,1.0,1.23149573802948,1.0,1.0,1.0,1.3590426445007324,1.0,1.0,1.0853501558303833,1.0,8.651335716247559,1.0,2.2036094665527344,7.407745361328125,10.680559158325195,1.0,7.040915489196777,1.0,1.0,21.631023406982422,1.0,1.0,23.91514778137207,6.94177770614624,1.0,1.0,10.329050064086914,1.0,7.370326995849609,5.064468860626221,8.097442626953125,1.0,1.0,9.191347122192383,4.6350860595703125,3.9137191772460938,1.0,7.24114990234375,1.6861534118652344,8.593620300292969,14.47164535522461,20.941051483154297,3.3651256561279297,2.279423952102661,3.1257591247558594,4.305257797241211,24.856348037719727,13.157916069030762,25.400545120239258,7.6940813064575195,14.007828712463379,17.72323989868164,9.654772758483887,119.14656829833984,31.34903907775879,42.48175811767578,48.881813049316406,12.906103134155273,34.78581619262695
2025-05-26,1.5758917331695557,16.606168746948242,1.0009346008300781,1.0,1.0,1.0,2.434567451477051,1.0,1.0,1.0,1.0,1,1.0,1.0,6.063146591186523,1.0,1.0,1.0,1.0,2.442087173461914,3.8524694442749023,1.0,1,1.0,1.0,11.40406608581543,1.0,8.677764892578125,5.050935745239258,1.3816611766815186,1.0,2.3393993377685547,1.0,1.0,1,1.8021973371505737,16.554515838623047,1.0,1.3065297603607178,12.904196739196777,6.092924118041992,1.0,2.1338706016540527,1.0,1.0,1.0,1,1.9377777576446533,1.0,1.5221405029296875,8.042619705200195,1.0,5.17216682434082,1.0,2.1464312076568604,1.0,1.0,1.0,1.0,1.0,2.9561710357666016,5.810500144958496,9.31155014038086,6.920647621154785,5.204325199127197,1.0,1.0,1.0,1.0,1.0,1.0,1.0,1.0,1.0,1.0,1.0,1,1.0,1.0,1.0,1.0,1.0,1.0,1.0,1.0,1.0,1.0,1.0,1.0,1.0,2.337656021118164,1.0,1.6588690280914307,2.8193793296813965,1,1.0,1.0,1,9.912557601928711,1.4599180221557617,1.0,1.0,2.043656826019287,1,43.773719787597656,20.830106735229492,8.281426429748535,1.2708640098571777,1.2398748397827148,1.0,1.1217660903930664,1.0,1.0,1.0,1.0,1.0,1.8197717666625977,1.0,1.0,1.0,1.0,1.0,1,1,1,1,1,1,1,1.0,1.0,1,10.95846176147461,1.0,1.0,1.0,1.0,1.0,1.0,1.0,1.0,1.0,1.0,1.0,5.044624328613281,1.0,5.334033966064453,10.631275177001953,7.679239273071289,1.0,4.7425079345703125,1.0,1.0,14.501407623291016,1.0,1.0,17.766704559326172,3.463916778564453,1.0,1.0,5.729808807373047,1.0,5.252680778503418,3.1895036697387695,6.182872772216797,1.0,1.0,4.947525978088379,3.9885406494140625,3.8376388549804688,1.0,3.3744735717773438,1.0518016815185547,6.178615570068359,6.666194915771484,12.598175048828125,2.6547069549560547,1.0282936096191406,1.6499748229980469,2.1312313079833984,11.75503921508789,8.543911933898926,12.269805908203125,5.093531608581543,7.126157760620117,9.933449745178223,6.606328010559082,56.235877990722656,19.50409698486328,18.63213539123535,34.382110595703125,7.47618293762207,15.081103324890137
2025-05-27,1.0,26.29538345336914,1.2016472816467285,1.0,1.0,1.0,5.780323028564453,1.0,1.0,1.0,1.0,1,1.0,1.0,5.106119155883789,1.0,6.832954406738281,1.0,1.0,12.796927452087402,6.575192928314209,1.0,1,1.0,4.683315753936768,15.261837005615234,1.428893804550171,12.620893478393555,4.145040512084961,1.3079949617385864,1.115811824798584,1.550644874572754,1.0,1.0,1,1.0,9.74966049194336,1.0,1.0,12.186304092407227,2.7450332641601562,1.0,1.6409242153167725,1.0,1.0,1.0,1,1.8019919395446777,1.0,1.7532413005828857,7.000918388366699,1.0,4.347900390625,1.0,1.1126823425292969,1.0,1.00730562210083,1.0,1.0,1.0,1.1119146347045898,1.2357635498046875,5.01859188079834,6.84597635269165,3.5488266944885254,1.0,1.0,1.0,1.1475334167480469,1.0,1.0,1.0,1.0,1.0,1.0,1.0,1,1.0,1.0,1.0,1.0,1.0,1.0,1.0,1.0,1.0,1.0,1.0,1.0,1.0,4.53242301940918,1.0,1.0,1.3015203475952148,1,1.0,1.0,1,11.495315551757812,1.0,1.0,1.0,1.0,1,1.0,23.090482711791992,1.0,1.0747120380401611,1.0,1.0,1.0,1.0,1.0,1.0,1.0,1.0,1.095474123954773,1.0,1.0,1.0,1.0,3.0125160217285156,1,1,1,1,1,1,1,1.0,1.0,1,16.173908233642578,1.0,1.0,1.0,1.0,1.0,1.0,1.0,1.0,1.0,1.0,1.0,1.0643062591552734,1.0,16.376340866088867,22.1500244140625,3.8549461364746094,1.0,2.5206193923950195,1.0,1.0,8.752372741699219,1.0,1.0,11.854778289794922,1.0,1.0,1.0,1.8811912536621094,1.0,1.1970529556274414,1.0,3.5317306518554688,1.0,1.0,2.0953636169433594,1.0,1.540252685546875,1.0,1.0,1.0,2.0135650634765625,1.0,1.8021888732910156,1.0,1.0,1.0,1.0,10.292644500732422,7.746904373168945,9.318801879882812,4.027650833129883,7.463223457336426,8.032352447509766,5.892043113708496,50.5328483581543,17.546428680419922,17.32565689086914,51.44606399536133,11.291492462158203,13.048834800720215
2025-05-28,1.0,36.13272476196289,1.4105918407440186,1.0,1.0,1.0,11.547737121582031,1.0,1.0,1.0,1.0,1,1.0,1.0,5.55361270904541,1.0,24.79510498046875,1.0,1.0,32.3416633605957,12.950532913208008,1.0,1,1.0,7.730802536010742,15.544692993164062,1.0,8.112043380737305,4.2097883224487305,1.3670153617858887,1.0706839561462402,1.902184247970581,1.0,1.0,1,1.0,13.159189224243164,1.0,1.0,12.730612754821777,3.8966569900512695,1.0,2.2816219329833984,1.0,1.0,1.0,1,2.802433490753174,1.0,2.0397911071777344,7.153817176818848,1.0,2.6295881271362305,1.0,1.0,1.0,1.0,1.0,1.0,1.0,2.296025276184082,1.0,4.861939907073975,7.939313888549805,3.3820013999938965,1.0,1.0,1.0,1.521450161933899,1.0,1.0,1.0,1.0,1.0,1.0,1.0,1,1.0,1.0,1.0,1.0,1.0,1.0,1.0,1.049741268157959,1.0,1.017509937286377,1.0,1.0,1.0118565559387207,1.8805885314941406,1.0,1.0,1.4870238304138184,1,1.0,1.0,1,10.474303245544434,1.0,1.0,1.0,1.1642379760742188,1,1.0,21.666303634643555,1.017791748046875,1.176952600479126,1.0,1.0,1.0,1.0,1.0,1.0,1.0,1.0,1.0467474460601807,1.0,1.0,1.0,1.0,10.779319763183594,1,1,1,1,1,1,1,1.0,1.0,1,20.213647842407227,1.0,1.0,1.0,1.0,1.0,1.0,1.0,1.0,1.0,1.0,1.0,1.0,1.0,42.837249755859375,72.28449249267578,1.758626937866211,1.0,1.2057781219482422,1.0,1.0,6.865177154541016,1.0,1.0,10.361865997314453,1.0,4.326465606689453,1.0,1.1809749603271484,1.0,1.0,1.0,1.9308605194091797,1.0,1.0,1.7280313968658447,1.0,1.0,1.0,1.0,1.0,1.0,1.0,1.0,1.0,1.0,1.0,1.0,12.732246398925781,6.587348937988281,10.301284790039062,3.3626203536987305,8.171733856201172,8.580621719360352,4.451089859008789,61.48121643066406,17.77887725830078,20.41668701171875,53.34511947631836,11.330613136291504,15.387383460998535
2025-05-29,1.3691558837890625,36.60095977783203,2.508714199066162,1.0,1.0,1.0,17.61477279663086,1.0,1.0,1.0,1.0,1,1.0,1.3883841037750244,7.3506293296813965,1.0,38.35377883911133,1.0,1.0,37.04307556152344,20.081663131713867,1.0,1,1.0,4.883407115936279,16.021207809448242,1.0,11.023509979248047,3.161433696746826,1.0509902238845825,1.0,1.5035011768341064,1.0,1.0,1,1.0,12.147153854370117,1.0,1.0,12.40349006652832,3.8846540451049805,1.0,2.8570942878723145,1.0,1.0,1.9470679759979248,1,3.766510009765625,1.0,1.6100386381149292,7.2293548583984375,1.0,2.10975980758667,1.0,1.0,1.0,1.0,1.0,1.0,1.0,3.1591572761535645,1.0,3.808852195739746,7.9958176612854,2.127747058868408,1.0,1.0,1.0,2.09346866607666,1.0,1.0,1.0,1.0,1.0,1.0,1.3938803672790527,1,1.0,1.0,1.0,1.0,1.0,1.0,1.0,1.0,1.0,1.1529474258422852,1.0,1.0,2.1512339115142822,7.884031295776367,1.0,1.0695345401763916,2.5304012298583984,1,1.0,1.0,1,13.874332427978516,1.0649597644805908,1.0,1.0,1.0992422103881836,1,1.0,26.21677017211914,2.767117500305176,1.8453145027160645,1.0,1.0,1.0567963123321533,1.0,1.0,1.0,1.0,1.0,1.095587134361267,1.0,1.0,1.0,1.0,19.784364700317383,1,1,1,1,1,1,1,1.0,1.0,1,18.77338981628418,1.0,1.0,1.0,1.0,1.0,1.0,1.4027307033538818,1.0,1.0,1.0,1.0,1.2853679656982422,1.0,61.37138366699219,125.23065185546875,2.982828140258789,1.0,1.0825023651123047,1.0,1.0,6.9404144287109375,1.0,1.0,8.885847091674805,1.0,1.0,1.0,1.8222675323486328,1.0,1.1342573165893555,1.5306930541992188,1.798074722290039,1.0,1.0,1.639009714126587,1.0,1.0,1.0,1.0,1.0,1.0,1.0,1.0,1.0,1.0,1.0,1.0,13.250267028808594,6.3018646240234375,11.142602920532227,2.2573719024658203,9.307974815368652,7.778190612792969,3.5470027923583984,60.10015869140625,15.125859260559082,23.818906784057617,31.53568458557129,8.84620189666748,11.125739097595215
2025-05-30,4.052850723266602,27.693038940429688,5.943090438842773,2.216895818710327,1.0,1.2952868938446045,13.39505386352539,1.0,1.8025403022766113,1.0,1.0,1,1.0,3.1988065242767334,18.846195220947266,1.0,19.69802474975586,1.0,1.0,9.614656448364258,15.119585037231445,1.0,1,1.0,1.0678422451019287,11.741567611694336,1.0,17.415721893310547,2.9999260902404785,1.0646414756774902,1.0,3.042558193206787,1.0,1.0,1,1.0,26.629043579101562,1.0,1.0,25.928178787231445,4.540595054626465,1.0,2.845674753189087,1.0,1.0,1.9771651029586792,1,1.636542797088623,1.0,1.1528159379959106,7.60831880569458,1.0,2.3461780548095703,1.0,1.0,1.0,1.0,1.0,1.0,1.0,5.101977348327637,1.0,2.525063991546631,7.795487880706787,3.6479105949401855,1.0,1.0,1.0,3.3590779304504395,1.0,1.0,1.0,1.0,1.0,1.0,1.0,1,1.0,1.0,1.4113737344741821,1.0,1.0,1.0,1.0,1.0,1.0,1.2459938526153564,1.0,1.0,3.277188301086426,15.123909950256348,1.0,2.764688014984131,5.675631999969482,1,1.0,1.0,1,16.996994018554688,2.7512686252593994,1.0,1.0,2.4163317680358887,1,1.0,23.00469207763672,5.56646728515625,3.146522283554077,3.3261523246765137,1.0,2.2740554809570312,1.0,1.0,1.0,1.0,1.0,1.1316359043121338,1.0,1.8718761205673218,1.0,1.0,13.689062118530273,1,1,1,1,1,1,1,1.0,1.0,1,13.586835861206055,2.1415624618530273,1.740041732788086,2.834010362625122,1.1220059394836426,1.0635075569152832,1.0,3.939702272415161,1.0,1.0,1.819372534751892,1.0,3.565034866333008,1.0,67.48385620117188,78.75897979736328,6.120014190673828,1.0,3.0194406509399414,1.0,1.0,10.819419860839844,1.0,1.0,11.724985122680664,3.329148769378662,1.0,1.0,4.135431289672852,1.0,2.918375015258789,2.246302604675293,3.7839126586914062,1.0,1.0,3.60080623626709,1.0,1.0,1.0,1.0,1.0,1.3427505493164062,1.0,2.725353240966797,1.0,1.0,1.0,1.0,17.534238815307617,8.005435943603516,15.762426376342773,3.4167404174804688,12.61028003692627,9.025806427001953,4.61573600769043,77.06928253173828,14.964735984802246,41.35612487792969,21.819435119628906,6.8709211349487305,9.849686622619629
2025-05-31,7.215768337249756,7.19257926940918,7.2693657875061035,4.793619632720947,1.382853627204895,2.16697359085083,1.0,1.3033277988433838,2.806410312652588,1.0,1.0,1,1.3140156269073486,2.8712925910949707,25.264442443847656,1.8696458339691162,1.0,1.0,1.819455862045288,1.0,1.0,1.0,1,1.0,1.0,1.0,2.820573568344116,4.821451187133789,6.179801940917969,2.6240973472595215,1.6173686981201172,5.548471450805664,2.8579375743865967,1.0746984481811523,1,1.0,48.45368576049805,1.0,3.3235840797424316,40.948246002197266,10.448691368103027,1.4510090351104736,2.6413817405700684,1.0,1.0,1.600164532661438,1,1.11570405960083,1.0,1.2019745111465454,9.94422435760498,1.0,3.11026668548584,1.0,2.8794384002685547,1.0,1.8246335983276367,1.0545895099639893,1.0,1.0,7.61236047744751,1.9271817207336426,7.742881774902344,9.66313362121582,6.551385879516602,1.0,1.0,1.0,3.139732599258423,1.0,1.1574985980987549,1.772697925567627,1.0,1.0,1.4162750244140625,1.0,1,1.0,1.0,1.6785601377487183,1.0,1.0,1.0,1.0342381000518799,1.0,1.0,1.0,1.0,1.0,2.896017074584961,4.626880645751953,1.3903608322143555,4.5848917961120605,8.104736328125,1,1.0,1.0,1,16.32856559753418,3.493048667907715,1.267601490020752,1.0,4.469454288482666,1,63.84142303466797,4.579933166503906,14.788862228393555,4.417633533477783,4.599045753479004,1.0,2.4777002334594727,1.391996145248413,1.0,1.0,1.0,1.0,1.742971658706665,1.3304051160812378,1.6189167499542236,1.0,1.0,1.0,1,1,1,1,1,1,1,1.0,1.0,1,9.270706176757812,2.344343423843384,1.6249750852584839,3.2197165489196777,1.2124290466308594,1.0,1.0,3.937375068664551,1.0,1.0,2.3869948387145996,1.0830440521240234,7.106243133544922,1.0,25.502796173095703,9.881519317626953,9.779815673828125,1.0,5.870586395263672,1.0,1.0,18.940567016601562,1.0,1.0,21.3322696685791,6.766117572784424,1.0,1.0,8.48958683013916,1.0,5.8099365234375,4.0079874992370605,6.582744598388672,1.0,1.0,7.91847038269043,1.0,1.0,1.0,4.371307373046875,1.0,6.009437561035156,9.45036506652832,13.936634063720703,1.8159112930297852,1.5379457473754883,1.6325187683105469,2.401195526123047,27.702482223510742,12.941011428833008,26.961915969848633,6.551159858703613,17.636375427246094,15.920449256896973,9.003493309020996,127.1148452758789,24.27749252319336,58.08263397216797,34.55705642700195,10.160588264465332,25.593143463134766
