영업일자,느티나무 셀프BBQ_1인 수저세트,느티나무 셀프BBQ_BBQ55(단체),"느티나무 셀프BBQ_대여료 30,000원","느티나무 셀프BBQ_대여료 60,000원","느티나무 셀프BBQ_대여료 90,000원","느티나무 셀프BBQ_본삼겹 (단품,실내)",느티나무 셀프BBQ_스프라이트 (단체),느티나무 셀프BBQ_신라면,느티나무 셀프BBQ_쌈야채세트,느티나무 셀프BBQ_쌈장,느티나무 셀프BBQ_육개장 사발면,느티나무 셀프BBQ_일회용 소주컵,느티나무 셀프BBQ_일회용 종이컵,느티나무 셀프BBQ_잔디그늘집 대여료 (12인석),느티나무 셀프BBQ_잔디그늘집 대여료 (6인석),느티나무 셀프BBQ_잔디그늘집 의자 추가,느티나무 셀프BBQ_참이슬 (단체),느티나무 셀프BBQ_친환경 접시 14cm,느티나무 셀프BBQ_친환경 접시 23cm,느티나무 셀프BBQ_카스 병(단체),느티나무 셀프BBQ_콜라 (단체),느티나무 셀프BBQ_햇반,느티나무 셀프BBQ_허브솔트,담하_(단체) 공깃밥,담하_(단체) 생목살 김치전골 2.0,담하_(단체) 은이버섯 갈비탕,담하_(단체) 한우 우거지 국밥,담하_(단체) 황태해장국 3/27까지,담하_(정식) 된장찌개,담하_(정식) 물냉면 ,담하_(정식) 비빔냉면,담하_(후식) 된장찌개,담하_(후식) 물냉면,담하_(후식) 비빔냉면,담하_갑오징어 비빔밥,담하_갱시기,담하_공깃밥,담하_꼬막 비빔밥,담하_느린마을 막걸리,담하_담하 한우 불고기,담하_담하 한우 불고기 정식,담하_더덕 한우 지짐,담하_들깨 양지탕,담하_라면사리,담하_룸 이용료,담하_메밀면 사리,담하_명인안동소주,담하_명태회 비빔냉면,담하_문막 복분자 칵테일,담하_봉평메밀 물냉면,담하_생목살 김치찌개,담하_스프라이트,담하_은이버섯 갈비탕,담하_제로콜라,담하_참이슬,담하_처음처럼,담하_카스,담하_콜라,담하_테라,담하_하동 매실 칵테일,담하_한우 떡갈비 정식,담하_한우 미역국 정식,담하_한우 우거지 국밥,담하_한우 차돌박이 된장찌개,담하_황태해장국,라그로타_AUS (200g),라그로타_G-Charge(3),라그로타_Gls.Sileni,라그로타_Gls.미션 서드,라그로타_Open Food,라그로타_그릴드 비프 샐러드,라그로타_까르보나라,라그로타_모둠 해산물 플래터,라그로타_미션 서드 카베르네 쉬라,라그로타_버섯 크림 리조또,라그로타_빵 추가 (1인),라그로타_스프라이트,라그로타_시저 샐러드 ,라그로타_아메리카노,라그로타_알리오 에 올리오 ,라그로타_양갈비 (4ps),라그로타_자몽리치에이드,라그로타_제로콜라,라그로타_카스,라그로타_콜라,라그로타_하이네켄(생),라그로타_한우 (200g),라그로타_해산물 토마토 리조또,라그로타_해산물 토마토 스튜 파스타,라그로타_해산물 토마토 스파게티,"미라시아_(단체)브런치주중 36,000",미라시아_(오븐) 하와이안 쉬림프 피자,미라시아_(화덕) 불고기 페퍼로니 반반피자,미라시아_BBQ Platter,미라시아_BBQ 고기추가,미라시아_공깃밥,미라시아_글라스와인 (레드),미라시아_레인보우칵테일(알코올),미라시아_미라시아 브런치 (패키지),미라시아_버드와이저(무제한),미라시아_보일링 랍스타 플래터,미라시아_보일링 랍스타 플래터(덜매운맛),미라시아_브런치 2인 패키지 ,미라시아_브런치 4인 패키지 ,미라시아_브런치(대인) 주말,미라시아_브런치(대인) 주중,미라시아_브런치(어린이),미라시아_쉬림프 투움바 파스타,미라시아_스텔라(무제한),미라시아_스프라이트,미라시아_애플망고 에이드,미라시아_얼그레이 하이볼,미라시아_오븐구이 윙과 킬바사소세지,미라시아_유자 하이볼,미라시아_잭 애플 토닉,미라시아_칠리 치즈 프라이,미라시아_코카콜라,미라시아_코카콜라(제로),미라시아_콥 샐러드,미라시아_파스타면 추가(150g),미라시아_핑크레몬에이드,연회장_Cass Beer,연회장_Conference L1,연회장_Conference L2,연회장_Conference L3,연회장_Conference M1,연회장_Conference M8,연회장_Conference M9,연회장_Convention Hall,연회장_Cookie Platter,연회장_Grand Ballroom,연회장_OPUS 2,연회장_Regular Coffee,연회장_골뱅이무침,연회장_공깃밥,연회장_돈목살 김치찌개 (밥포함),연회장_로제 치즈떡볶이,연회장_마라샹궈,연회장_매콤 무뼈닭발&계란찜,연회장_모둠 돈육구이(3인),연회장_삼겹살추가 (200g),연회장_야채추가,연회장_왕갈비치킨,연회장_주먹밥 (2ea),카페테리아_공깃밥(추가),카페테리아_구슬아이스크림,카페테리아_단체식 13000(신),카페테리아_단체식 18000(신),카페테리아_돼지고기 김치찌개,카페테리아_복숭아 아이스티,카페테리아_새우 볶음밥,카페테리아_새우튀김 우동,카페테리아_샷 추가,카페테리아_수제 등심 돈까스,카페테리아_아메리카노(HOT),카페테리아_아메리카노(ICE),카페테리아_약 고추장 돌솥비빔밥,카페테리아_어린이 돈까스,카페테리아_오픈푸드,카페테리아_진사골 설렁탕,카페테리아_짜장면,카페테리아_짜장밥,카페테리아_짬뽕,카페테리아_짬뽕밥,카페테리아_치즈돈까스,카페테리아_카페라떼(HOT),카페테리아_카페라떼(ICE),카페테리아_한상 삼겹구이 정식(2인) 소요시간 약 15~20분,포레스트릿_꼬치어묵,포레스트릿_떡볶이,포레스트릿_복숭아 아이스티,포레스트릿_생수,포레스트릿_스프라이트,포레스트릿_아메리카노(HOT),포레스트릿_아메리카노(ICE),포레스트릿_치즈 핫도그,포레스트릿_카페라떼(HOT),포레스트릿_카페라떼(ICE),포레스트릿_코카콜라,포레스트릿_페스츄리 소시지,화담숲주막_느린마을 막걸리,화담숲주막_단호박 식혜 ,화담숲주막_병천순대,화담숲주막_스프라이트,화담숲주막_참살이 막걸리,화담숲주막_찹쌀식혜,화담숲주막_콜라,화담숲주막_해물파전,화담숲카페_메밀미숫가루,화담숲카페_아메리카노 HOT,화담숲카페_아메리카노 ICE,화담숲카페_카페라떼 ICE,화담숲카페_현미뻥스크림
TEST_00+1일,23.90851450857383,0.0,8.256043453498913,25.054660892920165,0.0,3.786594495565928,5.698360048024326,0.0,3.0549057040306624,0.0,0.0,2.3603778442770285,7.661133621219515,0.0,6.679835692191827,13.137732838917032,0.0,1.0,10.661034943729542,4.086538860014954,0.0,1.0,6.768887643492943,0.0,0.0,0.0,0.0,0.0,12.22097687564107,0,14.86786838963318,3.28400009496284,1.992784260008396,1.0,1.532450944330217,0.0,25.67321560001945,0.0,3.0770087385667444,33.16889114022526,1.0,0.0,0.0,1.0,3.4296688985856147,11.77510499367252,1.937104127180846,41.40566110536154,1.310281689241396,11.636701841052556,6.075961515654722,0.0,14.826144313798371,1.0,2.2329380819114677,3.037802983257256,5.486155094881518,1.0,2.186769996384448,3.7226505018494422,24.845557827533494,21.11583890977923,25.14680909468668,6.364939930225693,23.841983776743508,26.616425068989614,7.439396886950348,1.0,12.837681535753308,1.0,1.5418896928899228,16.003267736301233,1.0,8.199513637715016,7.097982003825522,1.0,1.0,0,1.1931722852751716,0,10.680760628573184,1.0,0.0,0.0,0.0,15.042967825269264,3.047644444847091,1.0,3.2947143487678394,26.4766038866945,36.48435689377848,30.402559735805177,29.74662764113372,0.0,1.0,1.1013524135283346,1.0,1.0,18.177210250200627,25.300084997581024,5.991815817685361,1.0,0,0,23.027881907457683,1.0,1.0,0.0,46.30831635334263,1.0,3.547872525150054,1.0,7.202086229769556,1.0,0.0,1.0,0.0,25.87612465546449,5.692814708015514,23.85254265689931,1.0,0.0,0.0,0.0,16.206923824684125,0.0,3.649236030369503,0.0,11.08392246728123,0.0,0.0,0.0,0.0,0.0,2.154428296992114,0.0,0.0,0.0,0.0,5.873656064452449,1.0,0.0,0.0,0.0,3.5175169881356103,0.0,14.737585861261657,20.71265575393095,34.3644137571511,0.0,2.448055123935194,0.0,5.963298316089869,5.219096665670784,0.0,0.0,3.985352494120864,4.674565838173848,1.0,1.528290655774939,1.1337280729068957,1.0,4.708053956749826,1.4663077251293253,5.363071252435761,0.0,0.0,1.7227752240824667,0.0,0.0,0.0,5.217845285549685,6.631508134911486,1.150835743795614,1.0,0.0,0.0,1.710309617384775,0.0,1.0,20.67639369353512,0,17.60040822192472,10.881887944418825,3.758876891236903,1.0,3.9273725658701615,38.21421726713454,4.923167137026143,2.471158951761396,5.582464916183859,1.6693113559599055,4.180825834869856
TEST_00+2일,3.552315989421569,1.0,1.0,16.962606752288913,5.785626832064247,5.121661542916375,12.856273776312674,11.276624497655703,1.0,4.59543746978468,11.951555236651226,1.0,1.0,1.0,2.5873696114383278,1.0,1.0,1.0,21.765765774443167,1.0,1.0,1.0,1.0,1.0,1.0,1.0,1.0,13.731257050341002,2.8551131014184032,1,1.5454934431329777,1.0,1.0,1.0,1.0,1.0,16.035301417074706,1.0,1.0,11.252584906345668,2.681193798557064,1.0,1.0,1.0,1.286681493762031,2.0072232151407725,1.0,1.4327541015296676,1.0,20.779340017390165,1.0,1.0,4.672993957606708,1.0,1.0,1.0,1.0,1.0,4.000838236497773,1.0,1.0,5.02076725222412,6.778111722292308,4.197789793122381,1.0,14.090823789288988,1.0,1.2906204110167945,1.0,17.297899886471185,2.0293359538082574,1.0,1.0,1.0,1.0736149125841183,1.0,1.0,1,4.365020616481963,1,8.641893889587514,6.588713825555873,1.0,5.511430781527634,1.0,1.2173031112785688,11.13610439221283,1.0,1.0,1.0,28.821154021409495,29.261571545691424,25.62500600419804,1.0,1.0,1.0,1.0,1.0,33.39328191672007,1.0,2.6607115481819408,1.0,1,1,1.0,4.338111660197528,1.45137252789596,1.0,9.881771604610648,1.0,3.2009712126760244,1.0,1.0,1.0,1.0,1.0,1.0,11.471172532094853,5.691170925447788,7.346145752695002,1.0,24.406535217042,21.74010738854153,1.0,1.0,1.0,4.1055515854491285,17.651040748537245,9.326090271505803,1.0,1.0,25.48107990518255,1.0,1.0,1.0,1.0,1.0,1.0,1.0,1.0,1.0,4.530169723726339,1.0,1.0,5.3593795781098255,1.0,29.78184070274829,1.0,25.016873029844845,1.0,1.1780225385093483,1.0,8.61327891228079,5.17067990212107,1.0,1.0,1.5746831458941828,10.1177956994052,1.3368404499952014,1.0,1.0,1.0,1.1202359047555766,1.0,1.0,1.0,1.0,1.0,1.0,1.0,1.0,3.388374200275455,1.0,1.0,1.0,1.0,1.0,1.0,1.0,1.0,1.0,1,5.470627441415103,1.0,1.0,1.0,1.0,12.91816012624858,1.0,1.0,5.972921120637874,1.0,4.032206093635661
TEST_00+3일,1.0,1.0,6.523262246785893,4.641809473176947,11.342227828284978,2.476176069229304,5.653947878516724,1.0,1.0,1.0,1.0,1.0,11.532219584296351,1.0,12.39012285558107,11.335017878178228,1.0,12.658974341190332,9.406938881018188,1.0,1.0,12.691513597673785,5.091748121442911,1.1386975212765862,1.0,3.317291686503045,1.0,24.46799197697037,2.9322794394844967,1,2.2021516634192846,1.0,5.186617102316241,1.0,2.7567799093370366,1.0,7.439991813234871,1.0,2.243158281604661,6.061726663482569,1.0,1.0,1.0,1.0,1.0,12.53811076949249,1.6969202746713308,1.0,9.593164487470192,16.72722965719917,3.270039841925134,1.0,1.824033635047156,1.0,6.800981680836803,2.021669208096601,1.0,1.0,1.0,1.0,3.981305672608879,1.6858980086797433,8.609608478313906,2.054905338896463,3.0496673586744505,23.05632487845921,1.0,2.8228882472886885,16.01779375929348,1.0,1.0,5.071159091772606,1.08576154010213,7.600323121854249,5.659878933720594,1.0,1.0,1,1.0,1,3.0963482224100307,1.6434071620918251,1.0546775151257264,1.0,11.921580809737849,7.785063067891204,1.0,1.0,1.0,6.551791476020217,42.52052322501991,26.250992127788145,23.17207979175754,1.0,6.386114512093724,3.2538187622991006,1.0,1.0,32.845879822493394,33.10817846361196,1.3778471098845728,1.0,1,1,1.0,1.0,26.271322713024635,1.0,15.663364492892155,1.0,4.525426346863252,1.0,4.8324888541033655,2.0007610948270877,1.0,1.0,1.0616830732101057,5.1360683517120655,4.495586240554863,1.9034572979640376,1.0,1.0,23.43054182185446,14.76064093385332,1.0,1.0,3.0993467164031685,1.0,18.88460266916025,1.0,1.0,1.0,1.0,1.0,1.0,1.0,1.0,1.0,5.065260471558563,10.49112855181316,2.496995715982248,1.0,1.0,1.0,6.103157005287736,19.86073071064713,1.0,1.0,28.397270503239795,1.0,2.9024286376200763,1.0,8.406048839533788,4.791038700065962,1.0,1.0,2.8720009978164778,9.268671987696894,5.424664183553833,1.0,3.544306634914693,1.0,3.349554254639641,1.0,1.0,1.0,1.0,7.765762871809961,22.73240303948719,21.16477061919196,1.0,7.22502867278228,1.1909489834898723,1.0,1.0,1.0,1.0,1.0,1.0,1.0,21.12506004410777,1,19.829662966276597,12.021865379853436,1.0,6.474573756154939,1.6884002189224827,11.211665142512752,5.104815083799947,1.0,1.8616020103375892,1.8196131273475216,3.943451959873365
TEST_00+4일,1.0101850562920636,1.0,13.826849475687808,11.57598219153583,1.5190898130615555,10.701953531730815,7.975817937717428,10.427982632292515,7.883364495527915,9.115705220493874,1.0,1.0,1.0,8.75244525479316,6.113864655646926,2.4581723542209457,1.0,1.1865094200332973,13.429715038841492,1.0,1.0,1.0,1.0,1.0,32.6833674626884,1.0,1.0,4.714084752173403,1.8360128424321036,1,1.0,3.5964688909353684,1.0,1.0,1.1906488125256889,1.0073648137090554,10.074494375922542,1.0,1.0,10.77510480064932,1.0,1.0,1.0,1.0,1.0,6.6833645871406455,1.0,6.061266810858882,1.0,4.213050117102629,7.448938596032365,1.0,3.6966162444459054,1.0,10.135021830807831,1.67910785505565,1.0,1.0,1.0,1.0,7.851480764683854,3.820162697438301,4.05864130406321,4.242364451206874,1.469690051051555,3.3408828321288717,4.145875104239369,1.0,20.105364806093636,1.0,1.7046523544514138,13.182875202202483,1.0,1.0,5.142443049949777,1.0,1.543029334985102,1,1.0,1,2.222175755093864,2.838779199506781,1.0,1.0,1.0,9.144726814005,16.521187330885326,3.9223613884487625,12.58441177357161,29.54296879871514,27.906686433413007,20.164763106999622,40.057557246398304,1.0,1.9373575432752348,1.0,1.0,1.0,26.965479528448142,13.353215965086717,17.208161319571747,1.0,1,1,4.505775493613381,1.0,12.584009092276403,1.0,12.720661891288875,1.4442485275718118,5.135509421568233,1.0,2.107540961150337,2.0217634551443378,2.338252931920972,1.0,1.2118124810002855,10.00218775194314,15.816210033872126,35.73755003648992,1.0,24.19664769516009,1.0,28.04341820627966,1.0,26.635963904522104,2.9001393016184687,23.261673849808524,29.07165879523129,2.2663809091697966,17.2657553641339,1.0,1.0,1.0,2.306713692224182,1.0,19.46756045376164,1.0,11.766151856184315,18.2817094266674,11.314864477404994,4.26103698905879,24.766529845453334,1.0,19.775193397422875,1.0,1.0,1.0,27.97193662758457,1.0,3.036439376955764,1.0,6.2173091048380416,4.486656010411496,1.0,1.0,6.497610234288323,7.748374209725414,1.0,1.0,1.0,1.0,13.612233648140965,1.0,1.0,1.0,1.0,6.6527063114126825,1.0,19.278860149441638,30.128784281387667,8.843121418938477,4.214715590319824,1.0,1.0,1.0,1.0,1.0,1.0,1.0,23.7925961859816,1,18.82005054031304,2.8333419963032465,1.0,1.0,9.73633856781409,30.379232296153884,1.2876325797240062,1.0,1.469629422806849,2.4778650815552323,12.378097386064884
TEST_00+5일,5.175064755625778,1.0,1.301880252182659,9.31721772996804,5.117341643188922,1.0,8.799972990502438,1.0,1.0,1.9787402843534816,13.976657409877154,6.606944725217423,1.0,4.624053521015438,11.717108497371042,10.114762760882702,1.0,1.5257574148476531,9.189889569790813,1.0,1.0,1.0,2.93861159368521,1.0,10.548370192013314,1.0,1.0,38.70590149045446,8.583110060266803,1,10.43149927711648,1.0,1.0,3.577521488044513,1.0,1.0,1.670301904828439,1.0,1.0,1.0,2.1329059620800392,2.918508255836919,1.0,1.0,1.0,4.507169252641397,1.4831842349670556,23.620879751132534,1.0,11.890657692069162,9.447593573768538,1.0,7.158585169615048,1.0,3.82668444152276,1.9174995749312915,11.08914333220497,1.0,1.2289048815017845,1.0,17.91874999135955,1.0,2.190771936602235,2.6608278167514983,1.0889951162738003,23.697946752592927,5.376270956236425,1.4116184998651762,24.136937270379068,11.544445315661315,1.0,15.303416146830005,1.3114420842736287,1.0,14.423580746903976,1.0,1.0,1,1.1989034843473598,1,15.275833143052088,1.0,1.0,1.0,1.0,11.77082681064176,5.376008691162741,1.0,1.0,9.160545379228596,36.89711916814625,28.712015735463805,26.6473983565722,3.939807105185038,1.0,1.0,1.0,1.0,25.277193647809067,9.0682283130639,3.781835689868672,1.0,1,1,1.0,3.6654171483524185,25.98445726578949,1.0,16.81633203626438,1.0,1.0,1.0,9.804543757534084,1.4662299515042776,3.0021309085331582,1.0,2.6744315439310395,14.913912615032409,8.301917656978006,1.0,1.0,19.9774700435039,1.1194187737133632,31.13854479356012,1.0,22.536522758967585,8.719780151359318,22.866958898607123,12.567803069445509,1.2860732122446932,1.0,1.0,1.0,29.414254643440287,4.2518320538328425,1.0,1.0,1.0,1.0,12.613973652992517,18.28800806839348,3.2602491364036754,1.3174827284521518,1.0,14.07623383287404,2.662850496786697,35.16695970136669,1.0,21.388400918227514,4.277810177146916,2.8406860580039885,1.0,4.724407597787466,8.76776193396741,1.0,1.0,6.517218557255501,17.063583173956832,1.0,1.0,1.0,1.0,10.465812058980385,1.0,2.0891893487354207,1.0,1.0,5.314147686876519,35.68935291821984,1.0,1.0,4.009788652927445,7.511990535679185,1.2702303734389413,1.3755338195310245,1.0,1.0,1.0,1.0,1.0,10.823335507246629,1,7.407382671660991,10.62163033165518,1.3594001718693858,4.459345460304206,1.0,37.97662686200597,1.0,1.0,9.900128330931528,1.0,14.60127662757923
TEST_00+6일,18.29366549838244,1.3680090606564068,22.70717703175649,14.228059989310555,10.360554229672836,5.836715407913481,8.114521507828186,1.0,1.6305904868674277,1.0,1.0,1.0,1.0,5.281312786864693,2.83009753690951,9.400070525207592,1.0,1.0,8.570126475940645,1.0,1.0,1.0,4.937941602808297,1.1768390729033806,1.0,1.0,12.608423094830153,14.155575657520178,12.650813352227283,1,6.159732844593092,6.64729484752888,1.0,1.0,1.0,1.0,11.328489745941743,1.0,10.858001423884952,9.638984102852111,5.625461623056618,1.605973433433472,1.0,4.493052474292619,1.0,1.0,1.5423443326097404,1.062621437071126,6.1671549760279465,9.239701153895773,7.522335470589414,1.0,6.683702425477501,1.0,16.25607319350916,2.7701878135015896,23.17830412116497,1.0,4.652382238137267,1.4579919325446271,38.9012529278896,8.132696361171002,1.124969204250455,4.393441232816975,5.441974187433948,23.95390512536154,6.544133756501456,1.0,8.15994440184125,1.0,5.256775633113147,11.2251354800416,1.0,20.197533247739187,8.09548463852093,1.0,3.646423723829856,1,1.0,1,10.147084764790607,1.0,1.0,1.0,1.6903953954468438,12.147535941602593,3.71622756971558,11.683187223132252,1.0,13.747499514547922,28.066615128779237,16.276171717470934,28.79052601109603,4.587116838484876,6.441833962160636,1.0,1.945427864970676,1.0,20.25360767218578,16.523080864960104,5.204602986487326,1.0,1,1,4.071222435072834,1.0,32.96248774195558,5.822446587292995,6.082006854312928,1.0,3.2289854328867187,1.0,16.914577695878403,1.7264560195050904,3.52878834942377,6.174331680253463,1.0,1.0,1.0,27.19148774028817,1.404333249772296,23.958036518410317,24.351226777928343,6.993229526330453,20.05508238128389,10.3927657352208,2.920841470616733,1.0,13.983066334666532,1.0,1.0,1.0,1.0,1.0,3.1524809917510126,10.770625981888363,23.932353880593183,1.0,1.7479528117026066,22.06392485126761,12.69706919808156,1.0,2.503218757061437,1.0,33.50812050641715,1.0,1.0,1.0,28.58530291549968,1.0,8.51592270226065,1.0,5.809419478215002,9.231481364296547,2.8097999412828623,1.0,6.995588273997516,17.174769297524282,5.92612362486756,1.0,6.798525502602932,1.3613313222093983,7.619580946182666,1.0,2.1831459238901667,1.0,1.0,2.3327669109212663,21.576686806738262,12.411111807156685,1.0,5.4381320843651135,3.929948693449576,1.0,1.0,1.0,1.3411714195218003,1.0,1.0,1.0,5.418242898531298,1,8.215322693402424,9.679737600201356,5.0669016353435055,1.201540077276314,4.724503691252132,33.36419732916089,1.0,1.0,11.316568634144934,3.1966665780894767,7.758718399545754
TEST_00+7일,8.997394031110069,1.0,7.368298848949797,21.335009593048262,32.110218493664135,1.0,5.869682979875324,6.905837883545453,1.0,13.938366738850975,1.0,12.427975347321333,22.33358300143328,18.29213571941785,8.990828293826807,29.29141698681441,1.0,9.80152280192078,18.222838082821344,1.0,1.0,1.0,16.548875051358092,1.0,1.0,3.5115954824892714,1.0,7.232155286051904,16.406535192763698,1,6.892151178602642,9.01007772066968,9.457008347136938,3.138088235294847,1.0,1.0,28.342483371978588,1.0,6.071270357356691,23.253905082673768,5.650434483134403,1.0,1.0,1.0,5.083667729004888,35.8150715697804,1.3663944350155277,16.19600478965908,8.271668455949008,13.7259678516147,1.0,1.0,3.5748516795063305,1.0,7.386640036079321,3.145246412043282,1.45784184217976,1.752833605115416,17.405120398091107,7.206070773725135,3.712376551378771,5.631900731040398,15.93177993565646,5.64597785308007,4.13692487028809,26.54162018448504,1.0,1.0,12.026856391773016,5.490093701474902,1.0,5.188189662828662,1.1280603308427115,1.0,12.550670713802852,10.400959782419848,1.0,1,1.0,1,14.24050564620797,5.297235804744171,19.32205186669536,1.818117353136381,14.092715104049487,8.272842882782948,22.203462832051496,1.0,1.0,23.462481192108395,33.22121385075748,25.492749851173517,41.27039827822401,6.75193337613324,9.50686749088931,1.0,7.004243322955804,11.742615904477407,14.032762416402564,12.340331934394367,20.084225041594983,1.0,1,1,24.44614023390473,1.0,33.6251422133029,1.0,26.322380433956685,1.0,2.718136016203104,1.0,4.654557732411711,2.331470737723721,2.56211425516829,1.0,6.462959548764789,3.9397228978812766,1.0,1.0,1.0,26.049896541866776,17.170056858329552,35.72221510879511,26.16671262547696,23.80301166672646,3.708139111745265,1.0,13.377680376083012,1.0,1.0,1.0,6.761781432818479,1.0,1.301278054037114,1.0,28.68202251776921,1.0,30.24312501574623,11.584320044085445,5.677353562586784,1.0,1.0,14.20266161602762,16.288822729039477,24.58665640144334,1.0,1.0,33.074798311297634,1.0,1.0,1.0,4.242866443266871,4.012276065965457,1.1691722372428532,1.0,1.803093257985685,19.48268533978484,1.0,1.0,2.4815547594026333,1.0,6.08288516440336,1.0,8.984976150083453,1.0,1.0,1.0,28.69664385647608,56.5967390928234,1.0,16.017139816972403,4.099160656671143,1.0,1.0,1.0,1.0,1.0,1.0,1.0,9.664318376984696,1,15.142423252557403,12.10949461478499,3.445873118571345,11.891679542531923,1.0,30.9882815598767,8.45077924586474,1.0398999399295852,3.197008318349854,12.17285709412943,1.6565724783332274
TEST_01+1일,13.272781875132855,1.0,37.99538911378247,9.57176478696912,31.45168747945264,7.166638781961042,4.918196196883975,1.0,3.078044364186256,17.93114433229436,12.402617163206708,1.0,1.0,3.900435669621922,8.528583049205782,3.3497831213918663,1.0,1.0,1.669194138307843,1.0,1.0,6.173354544240667,12.984647613520234,1.0,1.0,1.0,1.0,1.0,13.681478860350756,1,4.898065753239172,17.857847609083443,10.132338696283314,2.477019152478046,1.0,1.0,29.969975247178343,1.0,3.8301350008661568,46.02402706079051,7.880277267413617,1.0,1.0,1.0,1.0,7.591880903670737,1.0,34.260890181475446,1.0,17.52042015782608,9.64934958156383,2.020501162259831,13.648148303101824,1.0,5.679410280287792,10.628051312911284,1.0,1.0,5.672921321159931,1.0,35.712281823169896,12.80582072967852,17.80353333549619,6.566326380611602,4.195174518560359,16.9628812072642,1.0,1.0,24.03161649939354,1.0484363054313,1.0,1.0,1.799157004970203,1.0,5.683644010180315,1.0,1.0,1,1.0,1,7.71250202196961,5.009037880704135,4.31806941756383,4.010444722665802,1.0,3.258979345099033,1.0,1.0,1.9128262478140403,12.15382667163694,29.230791933652323,40.725764663747526,30.434755209170795,1.6416988315887622,3.099080580670852,3.897140854013629,1.0,3.1144558420312087,42.39954139340588,30.0452224374689,1.947156637071652,1.0,1,1,1.0,1.0,34.295621056955746,1.0,39.93577162957338,1.0,2.1706555555432927,1.0,16.382056626095597,1.867771334268472,11.034237835092863,8.861190479257218,20.730035411608597,6.603550480344951,20.31562184261971,3.538953380619673,1.0,31.117711364336703,1.0,1.0,13.699313913290252,1.0,2.4661424073028244,1.0,9.602780832916547,1.0,1.0,1.0,1.0,37.9017349014621,22.15759371036592,27.00126898618644,25.89672348532799,1.0,1.0548640127203333,28.48156143906184,2.087249661559357,1.0,31.15916178057194,10.593544737809486,27.89539505157612,1.0,1.0,1.0,41.66329126131305,1.0,9.643090835463878,1.0,5.215235738785824,12.002031114732375,1.0,1.0,4.128989003923563,26.12453666212796,1.0,1.014015745710772,3.85395857636299,1.0928130550934347,3.083738381335346,1.0,3.5576044450648787,1.0,1.0,5.690627073802604,1.0056711944683387,20.03022183276408,1.0,12.205693339332852,1.030240177869557,1.0,1.0,1.0,1.0,1.0,1.0,1.0,31.04790266337916,1,15.696824609580782,7.310274345926197,2.230203352196241,1.0,1.0,10.67715790515152,2.175332300585803,1.105133226110698,7.285049433147384,1.0,14.94417042341656
TEST_01+2일,1.0,1.0,1.1811792092883215,10.729970782095249,1.0,1.0,9.657179543149828,1.0,1.0,6.985602737943616,1.0,1.0,1.0,1.0,7.318217547609705,8.268435110000475,1.0,1.0,1.0,5.243686945984177,1.0,7.55337094538569,1.0,1.0,1.0,11.924933436475788,1.0,1.0,1.0,1,2.7785561922277733,26.093629498719064,3.8907663932945655,1.0,1.0,1.0,44.56023164713765,1.0,1.0,43.343246156580406,2.7594332467722387,1.0,1.0,1.0,1.0,5.05213574366777,1.0,40.19082072052849,1.0,14.644343684647218,3.650865029467279,1.2240815753326173,8.348155432712618,1.177547630355206,18.06696328704064,1.0,1.2224490536270638,1.0,4.344179826665923,1.0,14.821491009273766,1.0,1.7325713277290982,2.971130606565008,5.275527153274997,1.0,1.0,1.0,8.386789182716715,1.0,1.0,1.0,1.0309203869210246,1.0,3.4155907666541045,1.0,1.0,1,1.0,1,4.85347103698644,1.934094657106337,3.4855417166019858,2.2600300114460774,1.0,1.0,1.3432288685988911,1.0,3.2016423477143947,4.394769633410181,38.71631004690447,37.028119614714775,21.276691076774057,1.1017174464105342,18.75779151839688,1.0,1.0,1.0,31.29986402060495,19.603347536143804,1.0,1.0,1,1,2.9116038203123176,1.0,27.22894278870081,1.1964090236661382,30.162922032021445,1.1235311653141775,4.538625454161502,1.0,4.019281623203985,1.0,1.1244743352081998,1.0,18.6583689015033,1.0,12.685408541220824,1.0,1.0,1.0,1.0,23.01534862393613,1.0,22.974451636903343,4.545124444515581,1.0,9.967222940516876,1.291973982279068,1.0,1.0,1.0,45.94423725121351,6.879624350704566,34.135000459547605,21.644550313856318,1.0,7.534893993142679,17.57357159168118,2.722364247878788,3.5829197822648786,20.608431918336866,21.485840679219447,14.334195551673984,1.0,20.403254389472288,1.0,37.60023790738396,1.0,6.970262040454223,1.0,3.498250394593632,7.863389732362093,1.0,1.0,2.0086385379473306,5.77596734816426,1.0,2.2812767076929674,1.611123662995197,1.0,3.874386091071975,1.0,5.153854617734545,1.0,1.0,6.378050108249752,1.0,23.342789834974848,13.817809471227816,17.991381515626095,1.0,1.0,1.0,1.0,1.0,1.0,1.0,1.0,22.205459718031296,1,6.244081826095869,11.633254236092458,1.0,1.0,1.0,16.475467768709535,1.0,1.0,4.702332797270633,3.7628906246361766,2.363243225064235
TEST_01+3일,9.329439544166288,1.0,5.485064746734529,3.7649266247628304,1.0,1.0,6.971085580706506,1.0,1.0,1.0,1.0,1.0,2.818978337438784,3.1150124547144507,6.665912039243085,1.0,1.0,1.0,1.0,1.059028960397466,1.0,16.493783039972712,1.0,1.0,1.0,14.399958367356946,1.0,1.0,1.0,1,1.0,2.1725179958604217,3.952651024409604,1.0084917395543953,1.0,1.0,32.86724608575046,1.0,1.0,23.12080942549377,1.0,1.0,1.0,1.0,6.5134590106861525,1.0,1.0,1.0,1.7910722441746525,9.862263709293693,10.639710605036822,1.0,1.0,1.0,3.900436538032463,1.0,1.0,6.76912235609243,1.000208122156644,1.0,24.913208988884595,1.972123671289674,2.0461070243892334,6.547416726852491,4.65986189010706,27.85631973050309,12.643065018973246,11.700939725123105,1.0,1.0,1.0,1.0,4.1019781113916585,7.236626194473801,1.0,8.778037252218875,1.0,1,1.0,1,10.926763568247685,11.134579706130086,1.0,1.0,1.0,1.0,3.053013926881643,1.0,1.0,2.8049628877675623,20.71881694997193,36.71985883799742,41.524858295052006,5.439767485423408,6.817446728711772,4.050375246153411,1.0,1.0,42.41018902787367,8.878202372085799,1.0,1.741187096636094,1,1,1.0,1.0,26.62259088744899,1.5505627758009723,25.987631186261737,1.0,3.847345081592678,1.3035787403586772,1.0,1.0,2.405722689647887,1.0,5.838980445478442,4.621614914159183,2.861479794577677,1.4727447691795448,1.0,1.0,1.1114309792068102,22.83679779659442,1.0,1.0,1.5466029980092213,1.0,8.963011418817063,1.0,10.672806102888634,1.0,1.0,40.72800573665921,9.569874482349109,29.07934794302728,16.915821987598456,1.0,1.0,9.744766998577576,1.0,4.556069783637844,41.19571424009158,14.693611932253496,10.807683149334228,1.0,20.69486922918792,1.0,41.96072707288797,1.0,3.986018438032219,1.0,6.097429522471007,6.472017635295654,1.0,1.0,2.038457100934468,10.349512086953627,1.0,1.0,1.5830740431499626,2.840767238625708,3.101296364894999,1.0,2.2966162901235703,5.143661007986002,1.0,4.821288866954214,23.098472140497485,1.0469917905178192,1.0,6.685819289304342,16.699105698025306,1.0,1.0,3.7032060145254673,1.0,1.0,1.0,1.0,8.72745448256167,1,13.52654147130122,5.524376842940653,1.0983301691653105,1.0,1.0,19.94489828038953,1.898562973075729,1.0,5.347961074097415,1.7434091445173556,2.73360995455516
TEST_01+4일,1.0,1.0,5.365952130867065,8.522859837966132,13.05211764436849,1.0,5.784641554274382,1.0,1.0,1.0,1.0,7.93754973086086,1.0,1.6197953517251122,1.0,1.0,1.0,1.0,1.0,1.0,1.0,1.6094047840172816,24.459992712775826,1.0,1.0,1.0,1.0,2.8970353998820704,2.229939743426718,1,1.0,2.659015607737716,7.25967593202807,1.0,1.0,1.0,20.88062491487172,6.471945425627726,1.0309138083337726,26.7936819063225,1.4591502199775204,1.8635003941657835,1.0,1.0,1.0,6.390142499473532,1.5060180774652343,5.706978184655068,1.0,12.939824262229775,11.177485923921944,1.0,6.320210720873991,1.0,1.0,1.0,1.0,2.201321704791552,1.0,1.133361424925584,10.844038285117362,1.0,2.544733233228393,9.182471430920351,1.5343643098483497,1.0,1.0,1.0,33.51992361904969,1.0,1.0,1.0,1.0124110396009884,1.0,4.223498036672241,1.0,1.0,1,1.0,1,2.0638605370192344,1.0,1.975116173526202,3.69448920561524,5.56754260199491,1.0,1.0,1.0,3.063312705018064,6.040893396375938,18.09408183010358,40.03355044435471,29.6917858495419,2.4512997718855014,1.0,5.930823348138608,3.4046381117043363,1.249806206578871,29.12532720240392,14.081204521864503,8.64548426997638,1.0,1,1,2.4147062401824506,1.0,29.583336919415945,1.0,23.31235668895729,1.0,1.0,1.0,1.282568226967643,1.0,1.0,3.011480810259876,1.0,15.4111770997549,2.623451066193162,9.2183063363706,1.0,1.0,1.0,1.0,9.852997911090268,1.5292311365286455,1.0,1.0,8.042713002497019,1.0,1.0,1.0,1.0,17.97955145568142,1.0,44.22015201519102,14.61657674917108,1.0,9.184205637218415,1.0,1.0,3.048061193766622,25.945585020688117,11.198212411414088,14.017912742299364,1.0,1.0,1.0,31.61489652173443,1.0,3.3880054795719525,1.0,6.826718193703178,6.018399321797708,1.0,1.0,1.0,2.437443169589462,1.0,1.0,5.98730527427742,1.0,1.6508826879019067,1.0,2.3248622244887147,1.0,1.0,4.531510073322008,13.621265536444614,2.1052175032942664,1.0,15.775041120442395,11.17784269432988,1.0,1.2756549865628697,1.0,7.102814366783757,1.0,1.0,1.0,20.504081566338407,1,7.685439914423667,1.7759053738389008,1.0,1.0,1.0091693830481503,4.074039402773522,1.0,1.0,10.987785828279709,3.123769823930808,1.6843663117324006
TEST_01+5일,1.0,1.0,2.699978892018568,1.0,7.482350125381918,7.945454798816018,3.5667184947366186,1.0,12.53528262735288,6.665204551891366,1.0,1.0,1.0,1.0,6.943204260408834,2.7376072301174807,1.0,1.0,1.0,1.0,1.0,1.0,10.741143470343626,6.520630667340736,1.0,1.0,1.0,1.0,2.0801207044479733,1,1.0,2.351094025057584,8.657594270404147,1.0,1.0,1.0,32.968355666753574,1.0,2.6601581883514425,25.056520533493845,1.0,1.0,1.0,1.0,1.906760203418169,1.0,1.0,9.596069813600746,1.0,4.754016133140445,8.306535683370166,3.3843760473646336,1.0,1.0,1.0,8.91566944611376,14.25605790168741,6.78027575181858,1.0,2.707233496620125,16.35099796617008,4.939025263325723,3.8561619114527774,5.47093972167154,2.6042777692283376,23.8178587030094,2.440858607406939,1.0,12.545204162918669,1.0,1.4679126611712792,1.0,1.0,1.0,13.68079770396558,11.990682608010994,1.0,1,1.0,1,5.997362657185614,5.677065831705824,18.674139434006804,1.0,17.717232294808223,14.214233656931448,1.2489409357459658,1.0,1.172682993246913,11.808736743330323,28.544697238595997,30.031155456207063,32.257460837356945,1.5902153202797116,1.264415155704087,1.6219009422004629,1.0,1.0,30.38648089088493,3.436698873365214,16.337908867488597,1.0,1,1,1.440784559760638,1.0,22.071247903871008,1.798587493893813,13.226195337608022,1.0,1.0,1.0685756916343896,23.309462743657864,1.0,1.0,7.924801050078653,1.0,1.0,1.0,15.25695945492621,1.0,22.62142373372528,11.863054652177109,22.1703156979123,1.0,1.0,1.1430629600444224,1.0,17.684630646273238,1.0,15.01958558524328,11.515080091037468,1.0,14.9335802766593,1.0,33.407608377543994,24.260181968118577,1.0,8.790815700083224,6.946994017746395,1.3060539201868464,4.263502628576894,30.71789523162529,9.656816482554271,13.30050267121368,1.0,1.006981079547076,1.0,32.24421918345408,1.0,1.0,1.0,6.939252608442845,12.985803583063388,1.0,1.0,4.0949476658686415,1.8404999418871515,1.0,2.630560200368146,6.827753003402704,1.0,5.220475922773256,1.0,2.872793919207428,1.0,1.0,16.574112098485465,21.585045524587933,8.849075842286313,8.69655177542734,13.94571229387244,2.2675596530497257,1.0,1.0,1.0,1.0,1.0,1.1067183647555274,2.7340420683582742,26.464198228317724,1,4.485073917401757,16.550991238993994,1.0,1.0,1.0,12.114453601404811,1.5528170357180373,1.0,4.782830305579964,1.8521297042911575,2.119609324921219
TEST_01+6일,1.0,1.0,6.535798060128165,4.628264911949101,1.0,7.182708889085408,5.5692236758921565,1.0,2.530372547388141,24.612784799023224,1.0,3.461027758917082,1.0,2.720270338079064,1.890044078122136,1.0,1.0,1.7472024671571953,1.0,1.0,8.183719896463897,3.5230085891067917,1.0,1.0,1.20224807802706,1.0,1.0,1.0,2.608418645795469,1,8.272596035165796,11.661068811289752,11.496144186344528,3.724852022542229,7.122918385313993,1.0,16.391235931764005,1.0,3.1160611910709584,10.532914559851449,4.856185604182217,1.0,1.0,1.0,1.0,1.2861219296481576,1.0,4.924511616690624,1.0,3.883704462678796,8.392501615450266,13.612611877074086,5.652653741915511,1.1842055260412316,14.974227062848566,9.326547748819769,11.449357910818138,1.0,9.114111846614014,1.7850601443614462,22.048035603621184,3.87451202243612,2.5107057810828413,7.015689315744267,5.417192371130402,31.053046974014897,6.595520939886428,1.0,3.3148361266562816,1.323550062376014,1.0,1.0,1.0,9.364594945733836,6.529068135138108,1.0,3.814634251037348,1,1.0,1,13.817563416240372,6.469444906697244,3.152033385553628,2.5794360298578507,2.565372431530806,26.87886933649596,3.541385819161341,2.4658842536268906,6.061891589427284,8.693726021671726,18.347536323825263,18.654596709390333,26.512060052142303,2.664170130433205,1.0,8.624259398554848,1.0,1.5206231228763092,42.06704905131781,18.42349836478149,7.786713727059412,1.0,1,1,11.862217545781698,1.0,30.41056492484966,1.0,22.21532689143389,1.0,1.0,1.0,4.539780185820293,2.1376507230697164,4.868876932184379,3.752280082879593,15.60328197375479,1.0,1.0,17.94637671469558,1.0,22.14378876982481,2.7536848024461293,23.68984965222665,22.82514408933193,1.0,2.628668332925661,1.0,11.975381489007807,1.0,1.0,6.507540250104304,1.0,28.907734909411914,6.745860921471848,33.90048533635521,22.41818311919848,1.0,18.840517587544465,9.66822344799454,2.242734064300026,1.1686138079370962,16.091329710526693,4.355941564279266,16.73101196615176,1.0,1.0,3.6346845142132014,18.230954370406465,1.0,2.479278728664947,1.0,6.486824833819716,21.62231530422579,1.0,4.657049102989656,5.7749708020009125,12.653795334446876,1.0,1.0,2.8643348708678,1.6286198881291367,3.650682401685146,1.0,2.8549174702812574,1.0,1.0,5.761820757137688,22.65074672812981,15.814273559240696,1.0,11.6977394817286,6.252970126131567,1.812974884642146,8.76887571973521,1.0,1.0,1.0,2.418231066546818,1.0,22.42417680915964,1,4.669601325044081,6.577232432047215,1.8633617536721985,1.0,1.0,27.39747207066094,6.532076137756763,2.876203407237226,9.501444185689978,2.5567544085926506,3.416606305438481
TEST_01+7일,1.0,7.377581413979362,6.70535338114886,2.601242553922097,2.1110291325119075,2.77251941169687,6.115761578977165,1.3379284641419715,11.38819463341841,13.613252768760264,4.554502896145022,1.0,1.0,10.976474593743388,19.03926911601636,3.006522926600536,5.331859512052104,1.0,13.600666702428068,1.0,1.0151438497309424,1.0,1.0,1.0,1.0,1.860756311639988,1.0,1.0,6.204121086487575,1,3.38544087349662,12.536143029231257,23.43290910903621,1.5889991076656245,1.9025552237746797,1.0,22.90696668345525,1.0,1.0,25.70921980235685,2.3459058858155424,1.5328189106373464,1.0,2.353769286281721,3.3116244497609766,7.175375082694678,1.0,16.219267877509388,1.0,7.278074137155433,16.623208015955115,5.049165286469259,8.621668955827758,1.7223359503567524,9.391056992295232,1.0,13.82077551370578,1.0,2.045391059354878,1.0,31.835104933551666,7.548809719197556,5.707767806907439,11.114921193965714,16.52249069213357,36.3704336201245,1.9902039018849944,1.0,21.82787308842824,1.0,1.860599136030544,1.0,3.111773740895352,1.0,11.491753096801409,4.026485028909651,1.0,1,1.0,1,4.166983229329767,1.0,2.3271610383116226,7.3681086659433745,6.231796788410287,9.121856166429811,5.324482903867118,1.0,18.488198099731395,14.410095815499016,27.60104838837525,31.341337628390697,25.303149491101856,3.759199324498636,5.561727582789811,1.6420709291938995,1.0,1.0,43.41862801175557,24.873376812837847,23.554611057838105,1.0,1,1,11.593765059478434,1.0,36.22490949687435,1.624563410131274,12.357206385973388,1.0,1.8177916653088044,1.0,9.994689135246004,1.0,4.784029361714524,4.968276326924487,1.96176737715264,10.55265308995087,7.297558683359558,6.9931110521242745,2.048130507053469,22.07100928328361,26.97149081147001,26.532868832088184,26.5671846767032,2.172142146753215,2.8144511921562976,13.25057411328159,11.843368628580414,1.0,1.0,24.70594012788237,6.58464764925096,17.914620550211055,6.1066541745739205,40.13119730491431,18.188818749068357,1.0,13.534195686286717,6.936370536248649,1.0,1.2924355232894165,19.160123235133074,12.136547452262302,6.297991478975431,1.0,1.0,3.80993553720338,41.94544768886557,1.0,6.046504870393133,1.0,4.882937677841355,9.041666124246836,1.0,1.0,5.9727122204320935,11.016540668075672,1.0,4.363105736590367,6.313496873067765,1.541052045801998,7.884728162611485,1.0,4.1923780488445335,1.0,1.0,4.0018744510723145,26.432286445906715,19.55644870191531,16.759344009403904,13.15549870150348,11.56933141076907,1.0,1.0,1.0,1.0,1.3840795363880871,3.0826965626961758,1.0,35.99317863976712,1,8.188665241969215,1.9545990382320315,2.366926329643089,1.0,3.7625876092253088,35.32142840117406,1.73761840741047,4.037879458036618,1.0,3.386853328961133,12.550616937696075
TEST_02+1일,4.846721092630505,4.1109234616822175,28.56320493508519,26.29164086058271,22.535760798964628,1.0,4.652531051233589,1.0,8.005971185286135,19.966050898070197,1.0,3.168576786642172,36.55908778326733,24.872500916389416,21.8257448321488,7.754042362172068,1.0,14.500627860955346,22.68731192222,1.0,1.0,6.407854270560107,1.0,1.0,1.0,1.0,1.0,1.0,5.60294609301845,1,9.73906079468066,7.555568391452443,1.0,1.0,1.3274080456585204,3.257227113603325,19.601028205909497,2.873808210490705,1.0,30.44098767479983,3.143176999081644,1.2032629808701265,4.2236906919974375,1.0,1.726469099448258,10.587830355106997,1.0,17.497249890706975,1.0,19.47000330773633,13.969674009740263,1.0,2.7736330100376105,1.2280428608974183,4.313810662925817,16.630983787623414,1.0,4.994698903180076,1.0,5.440214107992157,6.328147227738975,21.449236487520643,27.111950821583083,3.984575766878818,14.203021628360204,30.483766189047245,5.168267492397155,13.56553957432982,10.86771436782353,1.0,4.417398577333316,1.0,3.638180325530063,1.0,17.456076953852204,8.071055808123184,1.126450280692299,1,6.759968344198783,1,21.638668361158476,5.129055689613313,13.316178813758496,9.997411524912902,31.118915999587998,8.458129201927871,1.0,10.80804417017439,11.023956727780709,11.433427770226002,45.87766421907183,44.49803751650813,45.00736093022476,1.0,5.773322491072829,2.480027370325808,8.877961530329575,1.0,33.70246559063183,30.344388408151225,1.0,1.0,1,1,18.64362145763885,1.0,33.30081197306124,5.446998855435396,31.487615480282557,4.04037985399271,4.145631269450807,1.082912017953835,1.8420123678034013,1.0,1.0,1.2796775423569269,13.509595514186916,18.139445112047145,19.126633381539367,12.030039734797237,1.0,2.3754515161017875,1.0,35.517330876250654,1.0,15.150096934327824,6.069925433750398,1.0,15.77983559594722,1.0,1.0,1.0,1.0,26.08842598907231,1.4707880144683232,31.01030496962377,29.36198035831034,1.0,1.5991378199563373,28.351035000740943,1.0,4.281490047743651,42.33267285352263,1.0,19.803477418067505,1.0,24.77197688748335,1.0,45.98861003449501,1.0,4.957097180113521,1.0,5.465251857149396,6.053798586449384,1.0,1.0,9.404211662492932,23.314593850752544,1.0,1.0,1.6929602448457617,1.0,6.528241297617583,2.1916333063405338,6.215256752561847,1.0,1.0,4.444007034885474,9.81390816330882,29.73808890335217,1.0,11.359893658130398,14.302324428796922,1.0,1.3773285663484245,1.0,1.0,1.0,2.511652753104055,1.0,30.094921788788284,1,26.183798068375825,30.218490474365264,2.263820965237571,1.424594690001779,4.10320873239453,42.34626377438007,25.682648738919937,1.7620650939773208,18.27856637544684,4.524838522802968,38.40245849993768
TEST_02+2일,10.65966171919708,3.6283907421526336,8.623462214922933,13.610867396172733,1.0,1.0,7.293706793530426,1.0,1.0,1.225338824956307,1.0,1.0,1.0,3.867705866556133,9.674578565927456,1.0,4.58803909093532,1.0,11.32239666811972,7.783125167300477,1.0,1.0,1.0,1.0,8.76811057490487,1.0,1.0,1.0,2.447938887951715,1,2.8956301120528893,1.0,1.0,9.566596041756348,1.0,1.0,4.254593282556191,2.873018614624164,10.211724045451575,1.0,1.0,1.0,1.0,1.0,1.0,1.0,1.0,1.0,1.0,3.1436372513674886,19.94329278876896,5.151747043906828,1.0,1.0,1.0,10.811278676343164,1.0,1.0,1.0,1.0,1.0,1.0,23.85626238797253,1.0,12.029116553261687,6.868631670488682,1.0,1.9823821909767003,1.0,1.0,1.0,1.0,1.0,1.0,6.209914039363616,11.059406102893192,1.0,1,1.0,1,1.0,5.774478719831369,4.637618493213035,1.0,30.28933561067383,1.0,1.0,5.582494110682093,6.184398308345889,22.4526137845842,26.18330700017417,23.57490744386745,39.456196063646594,1.0,1.0,3.8458751726691287,3.727201394006452,1.3956891502391375,21.812506981595423,20.20413001615,1.0,1.0,1,1,1.0,1.0,25.501507453632776,2.69776470325458,16.337234851858653,2.055468194316578,4.393196829108866,1.2763102797309396,1.0,1.188698452980084,1.3927207869701863,5.690881249554189,1.0,8.576286067423004,19.071387971159588,15.14435385907514,1.0,1.0,24.57033502945081,24.095001919800083,1.0,24.991825129146804,5.057808758577893,1.2006790582319895,13.580352659701456,1.0,1.0,1.0,1.0,1.0,1.0,32.52091193659206,1.3294963310255878,1.0,10.67870326271297,3.9710615353246874,1.1610026173216366,1.0,29.96468183925521,1.0,15.995190203571468,1.0,3.4691722836150487,1.0,34.75946551831782,1.0,3.498912439955511,1.0,5.362086712901305,6.338536309383303,1.480151884001866,1.0,6.296225443372188,25.664271514828364,1.0,1.0,5.23533133778198,7.056653726844927,3.0272271931703982,5.386167193650755,2.063279262654746,1.0,1.0,10.527303850177251,22.077412537327653,20.77646836330734,1.0,9.719330906583622,19.319485683363137,1.0,1.9422546208170524,1.0,1.0,3.140574595830901,4.228707655674325,1.0,19.120387053452056,1,26.164924961280278,18.23120899123443,1.0,1.0363655049702654,11.11437364714493,42.79712890934209,25.722945648928963,1.3567895810853914,13.1629996301578,10.060266676908446,30.513708656592865
TEST_02+3일,6.579915586799776,12.984809695201683,10.658021797932324,4.216744437956836,1.0,1.0,5.058321960840803,1.4834988952671708,1.0,21.93444373159046,1.062155107210046,1.0,1.0,2.876348400358285,7.556118557346601,1.0,1.0,8.561717549929421,4.699157944402107,1.0,8.023620282505563,1.0,1.0,1.0,19.9024352098936,1.0,1.0,1.0,1.0,1,3.1341619292180183,1.0,1.0,1.0,8.9767096471098,1.962047655760763,7.687763275612384,1.0,1.0,13.2029075790788,4.376856746562156,1.0,1.0,1.0,1.0,3.230796071376107,1.0,4.078912357498052,1.0,3.3764598375925416,8.536401251293906,1.0,6.129992589025131,1.0,1.0,1.0,3.723658548920127,1.0,3.5571755044725784,1.9921097912010028,20.55837179918036,10.277225359426074,1.9075813511126805,5.386287099165601,12.310630937394102,26.92002946856202,1.0,1.716502720197654,11.569180755517063,1.0,1.0,1.0,4.522825938167013,3.1912236639681986,2.8447784778470484,2.722846157088452,1.0,1,3.0404423745844267,1,15.851471709090587,2.851906867536409,1.623857580643403,1.0,16.118760812305105,1.0,1.725275982582576,4.625869203723183,4.9456578301035705,13.287817546571253,19.9987377217648,26.553757061003036,33.17330910044508,1.0,6.2661834483286425,1.1226562437920111,1.447246800508179,1.0,12.101153297178866,1.3241589539819238,4.081625593174565,1.4821030459531157,1,1,1.0,22.52852654644225,23.75350192819859,2.0453531461599708,18.96409432810634,1.0,2.3601809352736103,1.0,1.0,1.2667893601249225,1.0,1.0057882602638069,10.031084403344035,1.0,19.735781140150976,10.754995354212843,1.010230549600743,1.0,1.0,25.83202064028063,1.0863418752812026,1.0,4.881577379972757,1.0,28.915066014976503,1.0,1.0,1.0,1.0,5.196990066125412,1.0,1.1165778341509602,28.18904086124411,1.2485707753353883,6.110548285835724,6.904955618335465,1.0,1.0,6.3599682487480615,1.0,17.584164338793222,1.0,2.513268070363605,2.76534964507834,35.10830965630538,1.0,1.0,1.0,7.632227887331073,8.293346985962986,1.0,2.597478253652955,7.0420158847641,27.102397321431603,1.0,1.0,2.044030258858206,1.0,2.66654675755589,1.0,2.252527292396793,1.0,1.0,9.110203177952028,30.28674245480924,18.08820943771864,6.159785030987072,26.05280271054381,17.18115042460182,1.0,1.0,1.0,1.0,1.0,1.0,1.0,10.685978689995864,1,17.165860634283042,15.436013107839631,1.0,1.3525852039147614,16.049244094522287,35.71788578957444,20.298356002042865,1.0,27.049897076924253,1.0,20.47121518395729
TEST_02+4일,9.303974696353263,1.0,1.0677244547340068,7.059306426202546,1.0,4.7977140073115,5.905110490207877,1.6169908246113869,1.0,21.37388921553853,2.3483250846957464,1.0501091912025204,1.0,1.0,1.0,1.0,1.0,1.0,3.386998183097836,37.931821227969216,14.553053583395496,12.92954785169829,1.0,1.0,18.59172686832204,14.437958557998618,1.0,1.0,1.4039411060428313,1,13.495482183363388,1.0,1.302728379425972,4.474020060670519,1.0,2.252230865937198,8.879622201455271,1.0,1.098712646439458,19.23831683189119,1.0,1.0,1.0,17.983947536801605,1.0,1.0,1.0,9.560191253930496,1.0,19.059912779431503,1.3727331251311672,1.0,6.146753098276638,2.958898985374635,1.0,4.040846350987562,7.966663074837553,1.0,1.0,1.0,36.46755742627836,8.758497517671834,40.07957704979,4.780553197913015,5.381464371986891,35.47160570882164,1.0,1.0,10.67107984154054,1.0,1.0,1.0,1.6831659236735852,1.0,1.738644664744475,4.992867957925543,1.0,1,1.9267770904727264,1,8.359754174805644,1.0,9.765429275174103,4.751637784528987,13.626503168737672,3.577031672834868,1.0,9.589743323938103,1.6736413171352258,3.1933345135903166,33.226292667753874,31.41855167140245,17.466708271592168,1.0,1.0,1.0,3.0624710242075723,1.0,17.547438432718707,21.54665803118131,1.4575263822548334,1.0,1,1,6.556340468867425,1.0,40.84557934915145,1.7370325454056108,33.11701349103641,1.0,2.37839825161469,2.709495750540277,3.8064929430516816,2.7223233514912075,5.891213461604136,1.0,1.6523992747826404,6.300392978816064,5.916604437152294,1.0,12.0546767905147,34.895976694798755,23.434919059867912,24.9045421563858,27.18859818621295,1.3506414334169068,3.091180156754819,1.0,27.07799465456818,1.6326300404362435,1.0,1.0,1.0,30.232001592148706,1.0,15.599387467505991,15.165394555000502,1.0,8.854365554959056,2.732156324372901,3.652810488264005,5.37835917755521,8.180217135214617,2.19214566489256,15.203527513842204,1.0,30.221899459281204,3.276210159505108,32.07381072800532,1.0,1.2827660816431337,1.0,6.736494264522947,13.312148573581188,1.0,1.0,7.608779426134956,21.14696231614582,5.10768469196188,1.0,1.0,1.0,5.513346422142769,5.169557463498096,1.7349886029583266,1.0,2.0224516986282004,3.141294620403411,21.512476085079985,11.819138407880816,1.0,14.525320195592224,7.735290763864176,1.0,2.1869266616275262,1.7041094428072423,1.0,1.0,7.251508952504676,1.0,17.349586361749218,1,32.34194389375383,19.166757165389622,2.43571210242567,2.8642613148529885,1.0,36.2939509151074,13.622870469104702,1.0,14.9992279783078,1.7740479774996587,12.385846905785984
TEST_02+5일,7.874793201657933,25.7865457923622,11.091851866175158,5.32284997947403,15.460861267447587,1.0,11.106106642019984,7.086801959911134,3.9019074327143057,1.0,1.0,1.0,1.0,5.590707928291136,5.419083874265988,1.58042947170971,1.8785355180020376,4.3238976307052726,4.161534768865924,1.5017419285504106,18.362366404192656,1.810874093401189,1.0,1.0,16.863328727499074,1.0,14.825757258235493,1.0,1.1504226941924889,1,1.0,3.0746827904114307,1.0,1.0,1.2200963749599645,1.0,10.65926551042156,2.30294188219509,7.054549395448464,22.748425301110235,1.0,1.0,1.0,1.0,1.0,1.0,1.0,4.242959822028957,1.0,10.570272355371374,19.262915951368534,1.0,11.788502488365134,1.0,1.0,2.069483797475982,2.908035817126462,1.081378137068858,6.191109536540031,1.0,25.19485062515257,4.276111783020799,19.92155680877068,2.3571277409977047,10.687126113462128,17.835063275208924,8.717596522106348,6.559119312592902,9.635566096458252,1.0,1.0,1.0,1.0,1.3884709769627748,5.785017257018369,1.9932838029532356,1.0,1,2.168936256810317,1,9.501616949855604,3.038109142575841,2.441329395449497,1.0,3.0653558368723988,26.55112375076252,8.27862819203108,12.506578909315394,7.540562316212372,6.982659225393252,15.892303057883847,21.935538352307063,24.402720744416097,1.0,1.0,4.0018121063132925,2.468378154122019,2.324839829212773,10.61386138405882,30.503853927931708,1.0,1.0,1,1,8.859995458958334,1.0,30.141658118363036,1.819926485028544,19.17433314922476,1.0,6.79136403902801,1.0,15.426711469175224,1.0,4.082782507661249,1.0,6.164705807954541,3.4874758332894573,4.275969172845769,3.1714535585907373,1.0,8.87126879391908,1.0,22.64016536823992,1.212057890507968,26.874376314810817,5.510159701654121,1.0,15.778195909082692,1.4647606207868449,12.419736357101,1.0,1.0,21.71410933097343,1.0,28.27260639524722,38.887275343376864,1.0,2.985972488220175,9.616267664577949,1.0,1.0,15.779846039424784,1.0,8.83270478050122,1.0,18.148157647139197,10.816177631963326,31.612150121841434,1.0,2.5904346739393604,1.0,10.408941618461531,6.189693344376845,1.0,1.0,2.745085896970072,9.44242991201419,2.1699867009662843,1.0,1.0,1.9595180428768004,1.280519472563185,1.0,3.4677274339062363,1.0,3.0617125634341966,7.674307329174182,21.995273520810176,21.682914799281463,4.199512909580797,6.634558547261176,11.764418570206084,1.0,1.2257780104624254,1.0,1.0,1.0,2.062409673843418,1.0,13.438004831734691,1,17.819307668566246,13.871420006435772,1.0,1.0,1.0,42.15159731782056,18.291818810107163,1.0,13.549344341479555,2.04182963870626,16.12923319071505
TEST_02+6일,17.432830621016507,28.82098106137852,14.899741910843638,9.92291256211118,4.53455282552667,2.593126429140114,7.099806513028696,1.0,4.219907267972964,24.077648740526964,3.0998754531280643,18.53186807422591,1.196655032050847,1.0,1.5449209358717515,1.0,1.0,7.979846121447601,7.106129203212501,1.1437865814927222,21.728732717942076,1.1220548265784147,1.0,1.0,8.463592178859603,1.0,30.62404761718213,19.401402139955835,6.926336026385207,1,15.918772579455634,1.0,1.0,1.991791447512256,1.0,1.0,41.966660798459365,5.477082828024505,2.434163744959715,23.4859050629852,1.9305088809078992,3.443193843465904,1.0,6.581815755066091,2.055844658491909,4.573753650321007,1.0,25.865218046280653,1.0,38.399843165968406,20.30512051441011,1.0,4.204085759837582,4.577919219770555,8.859556581648677,5.628779636913192,6.426956669137379,1.0,10.930990324843,1.0,26.690087088902768,20.90618151040799,19.459572160511428,9.503996103661164,1.0,16.192115567893275,7.5775936447882835,3.3260663186568693,11.38973904171118,1.0,2.723538980612917,1.0,4.340666841061393,11.570250153862546,6.43640381360978,5.255540724426706,1.0,1,3.851712025261688,1,12.0659057976427,2.3748229883615046,8.655491596487186,2.7677461611552068,8.624267700953773,8.298001605070525,10.658574001028338,3.136597496841937,2.9927271891939338,15.400929780718156,14.574710238125856,26.171409351972997,7.635522983673178,1.0,15.084059095183129,2.2212029612352104,1.0,1.0,9.625754763399096,30.4354322810188,1.0,1.0,1,1,5.087378948187046,1.0,35.40398248602741,1.0,44.05369770029718,1.0,3.662809092340297,1.0,5.9011266824170985,1.3891770914628074,25.918747269428103,1.0,11.54136916340846,14.359799341699324,5.946769546066846,17.409224829445947,1.0,2.286243974384054,19.871122112596005,12.999472425901452,26.019350367022444,25.84540596859204,2.0571988629600866,1.0,22.583250765594038,1.0,1.0,1.0,1.0,28.370017389712444,1.0,26.923517391816645,9.94350334239704,1.0,1.0,18.221508587604344,1.0,1.0,16.349438615241777,1.0,14.298042359316748,1.0,5.97708950569301,8.411154908047038,41.84634828190082,1.0,1.8042902618475505,1.0,9.720079083475309,13.634067001990232,2.4527764954893327,1.0,7.954728636148951,16.732397480697475,1.0,1.0,1.3174000576561846,9.456744642465983,9.637921029284636,1.0,7.143082022873196,1.0,1.0,14.62131077230486,14.316074042627443,26.971225052294297,1.0,13.691763647208308,9.5172691801754,1.0,1.5130635986775671,1.0,1.0,1.0,2.3311029611441425,1.0,9.813424195163298,1,11.256583642235327,29.79065506510584,1.1798771004789863,1.1546027281895783,7.79364191160541,39.68547865922024,5.194218317623603,1.0,21.030464517892973,2.370175836043038,11.982580726322489
TEST_02+7일,15.066937441759096,1.0,29.77687126158411,2.082214600984223,31.27632722198068,7.051527496750833,5.581549928255504,16.641511394126667,6.410388128191566,21.26421902576586,1.0,1.0,1.1157895592567335,5.326769400309017,12.738649457791425,8.390345203168328,1.0,11.428154809421637,2.6557601628343086,1.0,1.0,2.760327864289028,11.800304870676824,1.0,1.0,1.0,1.0,1.0,13.859216231048691,1,5.122543649392906,7.2772397078489375,21.46684481116249,4.077408845662424,1.0,1.0,41.99667126022434,2.8791081423907072,1.0,34.48418527069093,5.125694418483074,1.0,1.0,1.0,1.22777409428841,1.0,1.9617507544721189,35.91700978014359,1.0,19.136312229952157,13.167221953309676,1.4771944051279842,12.964878004740829,3.8226416542808144,12.169108119295872,6.705063212495546,16.149375207470936,6.590947490277074,1.0,5.865040641632814,22.454040894860327,3.540008001817868,7.481780247207968,10.072596661887356,10.59244528897929,29.673971634142863,27.34356259757813,1.815181492998994,6.218447183081945,1.7597230378402813,2.6856165282199957,1.0,1.0,6.363611670977604,5.131522660586397,1.1571099853877087,3.607960153006234,1,3.18503583671427,1,3.812094021262229,4.733403693737847,10.303474282971086,1.0,8.497791389015003,8.938850838764683,4.474675775166358,10.394650518910966,3.008377231434188,1.0,17.353775319382812,18.085783601121832,22.850767501712355,1.0,4.11035101588064,2.9442306199136348,1.0,1.4620432089438755,28.472848209555107,27.294596944488163,4.360587945361837,1.0,1,1,13.972677483188903,1.0,24.9363592424466,1.0,31.700741742474296,1.5407367024433518,3.791462849087468,1.0,4.029792451413104,1.0,1.1286734174339603,1.0,11.920179697030193,5.696024230057315,10.052333525461869,1.0,4.898586319875552,28.268037935939542,4.8369070147362505,16.006824460521816,19.9808834278904,33.29194028849076,5.115951187009005,1.0,16.216811655135754,1.0,2.2810719289822043,6.973185452954634,1.0,3.0726130459448906,4.7948896045202565,19.1883261664455,17.925429137424505,1.0,27.75572402225943,7.035123100271303,27.481571002439797,1.0,14.8657281832222,15.026081161391383,5.6770130121694535,1.0,23.839055460955382,2.4532358809427763,27.655142128378472,6.640340881752906,3.639305914454144,1.4834721501374757,8.371607591968893,5.394407857673465,1.0,1.5009016213218518,6.535092431717334,25.642160436512743,1.8894910030439964,1.0,1.091951937070528,1.0,3.023170446503676,1.0,2.316968370009254,1.0,2.894018490538706,2.985987356386747,25.5146712292378,32.15812920657376,1.0,13.997886720991811,7.20892893609761,1.0,1.0,1.0,1.0,1.0,1.3764452395647202,1.0,5.613464314759324,1,36.52525602226076,22.66948940341132,1.0,1.0,1.0377466235441417,40.88505145780559,15.889148176481564,4.798405467008841,19.47551070430657,1.10881112948725,7.701245653077967
TEST_03+1일,14.558561965252922,4.851851460900441,1.0,7.734604007650291,1.0,1.0,9.881315744727042,1.8045542259045737,2.843688497544758,6.420732884945671,3.0887879468593,3.0861816484950837,30.31554701378369,17.581814573476827,17.009848200582105,6.103047481421796,5.523183434566932,4.574421111351506,12.16910485592666,4.39750224850222,1.0162024324703116,15.41035742536966,1.0,1.0,9.043199001553091,1.0,1.0,8.281624251098664,23.760149527008338,1,31.1669497878165,7.532015472355472,6.437421770809475,1.9045744646988807,1.0,2.8848350599271098,42.07761710370725,2.0505838620015298,9.5852884322482,37.36345097576104,7.38242847521026,1.0,1.0,3.404255527233131,1.0,1.7768661225874662,1.0,36.35950401635688,1.0,4.139716807039248,24.495002175659664,2.2176865129652428,14.701531421969156,2.8826227916456824,16.02182985075147,5.981827287639341,2.8508405652252167,2.151701331567055,1.0,1.0,31.46751425210804,19.98316441734216,13.860001152059157,7.1547938524014105,18.88793094135194,1.0,1.0,9.726428121440575,8.497769551141031,1.0,1.8767625942268251,1.0,3.705641077868849,19.457234359996285,8.365634440915722,8.833429184161066,1.0,1,7.915509948106078,1,13.553490523106422,4.575630330273248,7.553934016683881,22.27250381196718,1.3069592169933966,6.6701470025246845,11.334187824197224,11.806443931647088,2.175167357065438,33.24906674110345,24.99593480521808,35.29483353937768,37.41719116271263,4.993743243405951,3.865491631721788,19.931502528078287,1.0,3.560262580915993,36.08711826525383,20.03890351681062,12.441116295233124,1.0,1,1,23.23724126094235,1.0,40.59773613730472,1.0,32.65490254390592,1.0,1.871686734113399,1.0,11.658160607540674,6.1053807090306975,4.575071927210447,1.0,1.0,1.6821153315894557,12.286938710380667,5.983897067428936,1.0,1.0,1.0,6.388091835116001,1.0,1.0,7.043792420943683,1.0,12.885410407412843,1.0,1.0,1.0,8.946086437276401,24.796113332858823,8.337863115788299,1.0,24.195342895831185,1.0,1.9548960517706724,26.3653518979686,1.0,1.0,30.26443753509996,6.602836262276949,22.99979572193313,1.0,15.999348841552033,1.0,37.00906280866419,1.0,3.933248373808639,1.0,5.989155105900484,11.543630929998844,1.0,1.0,17.403352325770474,37.49637233392655,1.0,1.0,4.863433581300492,1.0,6.213743798225996,1.0,6.5780655628546905,1.0,1.0,9.023879529537822,17.281345396900118,15.522398935472948,1.0,31.683044207067784,12.71296948021569,1.0570131987819174,3.026060979547678,4.845651748981365,1.0,1.2667606206517106,2.3835439258494917,1.0,30.594764475856763,1,36.92782918844787,29.33131076618848,9.285081373441232,19.02407747869825,28.634672613779,43.91767039955468,29.91454855080702,10.767466124911811,26.823334471983586,8.366130468049679,29.688939786425195
TEST_03+2일,1.0,9.61449780737062,1.0,2.955629248507297,1.0,1.0,10.301100837830433,1.0599841092450144,1.0,23.05706177670412,4.510492310656625,1.0,1.0,7.6521677498170915,1.0,1.0,11.237252044783467,1.0,1.0,15.079797605829755,7.507532564904357,1.0,1.0,1.0,10.996274672813485,4.159900216415523,1.0,1.9580605953547845,10.921822835583756,1,9.781712256935592,7.527397045625395,1.0,1.0,1.0,3.3873521441094887,38.58785181291141,3.350626344999695,4.921672465696554,39.45526082255227,1.0,1.0,1.0,13.67857168321672,1.0,1.0,1.0,16.04136112886039,1.0,11.495067200270508,5.663464937413979,1.906859199406578,16.629747909899045,2.015592855303811,13.84310482737996,1.0,4.919284299569111,1.0,1.0,1.224070883937321,21.314077923869927,8.832705706379167,27.2041398120624,7.159868803058554,5.613185116697645,1.0,16.7437519262934,1.3924476625159594,1.0,1.0,1.0,1.0,2.295965910049412,1.0,9.461449905600922,4.146182768780579,1.0,1,1.0,1,1.0,3.2470172316082646,6.248019016201454,6.051008951711753,1.0,1.0,6.99205641956596,1.0,8.998463126392299,1.0,9.109902681652352,33.836415436950624,17.689275975200566,1.0,4.84985621281209,4.425666696380117,1.0,1.0,40.12023555351566,27.73974955942264,1.0,1.0,1,1,1.0,1.0,42.63813396439942,1.0,28.18525696895504,2.0118613181657543,2.265644638137155,1.0,2.2756947999137376,1.0,6.032985119023298,1.0,1.0,17.171915459249682,22.73901463615251,20.295257639275157,2.782935664035596,10.37167729761454,1.0,25.613393089278457,1.9424830673422544,1.0738696190912969,2.437461205749309,16.229550461499453,12.747044391278427,1.7195389155011538,1.0,1.0,1.0,1.0,1.0,1.0,1.0,1.0,1.0,20.380664283236644,1.0,1.0,1.0,1.0,17.011828645874058,1.0,1.0,1.0,40.447138744349566,1.0,2.458606479805076,1.0,7.08520839966145,9.22138650888816,1.0,1.0,10.090030923403312,29.25099897200372,1.0,1.0,2.298735357019868,1.0,7.296495913295969,1.0,1.131874246641323,1.0,1.0,6.3336789855329245,16.03263389661969,4.345545925467909,1.0,21.49429463436615,9.635678226118142,1.0,1.0,1.444930128342934,1.0,1.0,1.0,1.8120615722833324,19.61574806831431,1,37.498661155243184,39.53425927924572,13.935982448157477,12.903642226518762,44.11552666620731,37.33761942579705,1.0,27.93764894305782,5.079077692362368,4.83669380785729,2.302116232023116
TEST_03+3일,1.6969606126371046,17.88722680063245,31.63206570402052,4.522806594870359,12.063116073440124,1.0,21.90634896903668,11.579428690343644,5.823592774076232,18.62331532756041,22.405827933334237,1.0,5.270363686000844,11.03321867686994,17.469983796869755,1.0,25.474725176285617,1.0,6.236012383914638,10.046627763464452,10.408888038980772,14.07230455653304,21.955736922068045,9.310836719558402,7.06928471259385,1.0,2.5189285886880968,1.0,14.5949618540231,1,18.443781716271967,12.103033259613737,10.432382100675484,1.6704012854594277,1.0,1.35818003420979,43.06680511918613,1.850399239980044,5.868912480805882,41.87376511862868,8.5823863298033,1.0,1.0,8.631286477605038,1.0,19.707576529348984,1.0,14.511951307454195,1.0,4.971629595773919,28.318121760617625,1.0,21.536937937437,1.0,8.233803790905409,1.0,1.2079338555943018,1.0,15.412928914286171,1.0,20.659804332517336,15.347934088932185,42.0552944629509,6.003668032087335,38.01669032813109,16.647648358912857,1.0,3.882171298006463,13.318368214432905,2.869304972420542,2.0974785463429235,1.0,4.864630112553082,2.653469810115527,4.98152017565077,5.946924131624213,1.0,1,1.0,1,1.0,14.34050092901468,1.0,1.0,7.1299681739346985,3.666004601017591,27.09304000082673,8.670786941145428,10.695465367793645,1.0,15.865764969131703,40.34534217914674,32.334065890514175,1.2207805257528217,1.0,1.4979652968797708,1.0,1.0,34.44162813921057,19.60410615831953,12.576816176232192,1.0,1,1,2.160760612038408,1.0,36.675123185348525,1.0,15.488205431116809,1.0,2.31176857935354,1.0,6.313207003968784,5.569187525632728,2.43808053938148,1.0,1.0,1.0,4.403223761802198,21.466098795855785,1.0,1.0,1.0,23.981983582759355,1.0,1.0,3.0462494626354277,1.0,21.753560333966632,39.37504597023398,23.493034161486005,1.0,5.690602283474239,1.0,1.0,1.0,1.0,1.0,1.0,1.0,1.0,1.0,1.0,1.0,30.322652867686298,1.8449133379091156,6.003440087961659,1.0,34.64965101339265,1.0,7.982367211954047,1.0,8.992665060763892,7.902080448068683,1.0,1.0,9.972940081860768,20.54623794204587,1.0,1.0,2.113578228003788,1.0,9.295016066453254,1.0,3.206612564144292,1.0,1.0,7.553724772904093,10.972691481180435,4.110569195127358,1.0,26.774136893985293,12.17711051954336,1.0,3.2660734999463403,5.250364957927075,1.0,1.0,1.0068669266541823,2.478996432993513,31.7977144529352,1,37.76369906851852,43.48934093656104,6.858854521539563,26.992938226534854,16.00774466423001,40.190073691657865,3.823866396082392,22.41159268792578,21.63401743325158,3.221359355733989,1.3897228549512295
TEST_03+4일,1.0,15.55611111321016,1.0,7.643841417070829,1.0,3.441932592620116,12.089830408263936,16.752811831807424,1.0,1.0745059869381732,1.0,1.0,1.800674352773467,5.91007520212568,32.54614782825396,1.0,15.163742328215116,18.58335514485667,1.0,7.783443397256938,6.138683255967594,7.103725343000878,13.344848855448712,3.843938040815175,1.0,5.231535645563675,7.283263555533677,2.767022715714877,20.405816733469653,1,22.23025523059336,9.69501914304803,1.0,1.0,1.0,1.3593206948904508,31.65871704658096,1.0,3.03602148657741,30.208812031114075,6.212230476838188,1.0,1.0,8.685898505487057,3.3306448801085256,1.0,1.0,26.140076614188064,1.0,9.659851850876343,27.97099160643488,1.0,14.291729677292754,8.397617797746134,26.70623889760612,5.011359189172409,7.014310190446134,6.56086663695996,1.0,3.582423996924202,8.684347759052214,7.973627942271624,27.22216014393439,11.376597214148395,39.12525422798702,1.4575418641345677,1.0,19.045754187717407,22.57227802968471,5.895119231675332,2.349150758233705,1.0,2.507920416562204,10.419756613035936,22.73869007300685,3.521683807524888,1.0,1,12.789962793153723,1,6.074636358926421,14.77029905518731,13.16767761395979,5.096857748780242,34.77529245627497,1.0,22.440508788826605,5.344542635320466,40.84985424748975,19.764296665122167,23.476030682426774,26.91029506131176,44.72215647412089,1.0,6.343774030621927,2.8067952998305823,1.0,11.17660686829114,41.32544692040001,18.1737214162187,31.266851620453945,1.0,1,1,1.0,1.0,43.786320082438166,1.0,9.621667507321604,1.0,3.3924362585403447,1.0,3.1749048425465456,1.0,11.54292523254588,1.0,4.844928468706977,15.866238077127097,2.025932610147357,3.659414617749879,1.0,24.843989976569365,1.4199984514045396,2.4858896593356072,23.43896773830213,2.496782472242437,5.494252806610083,1.0,29.182662722589228,22.567271367823665,23.25930204393775,1.0,1.7375127161519284,1.0,1.0,1.0,1.0,1.149204977267415,5.484535142120432,1.0,5.187910161813499,3.784867137801822,1.0,2.7337401109553707,15.086041328566896,1.0,1.253237499265498,12.03594985392274,31.06848049102856,1.0,2.802959875578155,1.0,4.573088973335253,5.101794669734225,1.0,5.336166313019088,7.072733678834649,17.030080978556466,1.0,1.0,1.4028511232354244,1.0,3.962096189981888,1.0,5.050762515651715,1.0,1.0,5.143921210238097,18.254564441235875,21.68264360438784,1.0,2.3212430247553755,1.0,1.0,1.0,4.026830058383314,1.0,1.5034954254035753,2.0120821464747194,1.0,23.363642044761928,1,19.31012351173509,42.33549062558211,10.165097840756214,11.36312537275831,27.524593453954022,41.145727716524334,17.835754260844908,35.03346828619165,43.15206234076358,2.850047735956395,12.710376443221604
TEST_03+5일,7.122548799143906,11.166670787614589,5.904559587797956,8.965309379308215,15.93120075812505,7.134209856050921,18.258950295726574,17.16557567548871,9.055429055294304,1.0,1.0,5.241461624683399,7.855372489881325,23.559462699635134,17.69618341077324,1.0,11.866173233032578,16.75251296099474,1.0,10.23854269900428,28.50299744872806,2.6729674060836337,21.51644053005813,3.624610079683541,14.1408817656245,1.0,25.333611738580224,20.538851617415208,11.70694812354814,1,12.106292306171136,10.346736982569796,1.0,1.0,1.0,3.234588212168739,38.74144349210805,2.275238342985409,6.166223138736013,35.7424887095475,16.951122747224584,1.0,1.0,10.567824527494876,1.0,14.674712463437222,1.0,18.96778569093433,1.0,17.819009343551574,16.708693720522838,1.636249969199295,17.08493943925911,1.909257166616854,27.845464666884634,1.0,9.05761436284143,4.737486290248495,4.959678932488756,3.2856541882445955,20.88664505350632,7.766171963665924,22.896859497553685,8.820513769252507,13.28746893129858,18.512989559661964,1.0,1.0,18.628838995213027,3.779014747219058,1.560947352899757,1.0,19.586478923881323,1.0,16.357753557414235,2.6017105936936837,1.3888781240551653,1,7.381824317406847,1,12.539742245635004,3.05812735229954,9.623620792458992,17.699146174171812,19.853649481817897,2.644859199149845,2.5293618694341595,7.410864716925583,18.08025518804351,29.575629384168334,28.233289158455023,33.37302550601447,33.76333270017008,2.4540625638707634,2.3515936346640176,15.654683490556208,8.992218689216962,3.209169199145643,36.701716675760935,22.54555504892741,15.129922339322157,1.8512821694767,1,1,7.57575826621802,24.518908815346084,39.53085496150243,1.0,16.603901106056206,1.0,2.3637761658326566,1.0,3.7511573401793936,1.0,2.5353790579002915,1.0,1.0,1.0,12.115939101756974,10.734722257715177,7.094308623642654,1.0,33.51196754865818,24.24135542247759,1.0,39.52757245117288,3.5609091256063543,22.670375219537465,19.152692745171898,22.701511707785944,1.0,1.0,1.0,24.754222419397173,7.1661127380693,1.0,15.253010927694294,1.0,1.0,8.200984196250957,4.328761351623612,7.023763322826558,20.593615950627264,1.0,17.407660415491016,1.0,1.0,2.6624727393012666,40.53444829094845,1.0,5.112014928674891,1.0,6.813245265389449,5.604916320774231,1.0,1.0,10.602101466453568,18.24349559007263,1.0,1.0,3.338167644489304,1.0,5.633107676805199,1.0,6.080130975994337,1.0,1.0,10.034310132786764,12.16712436813022,1.0107131934872993,1.0,20.4941556450862,1.0,1.04130558077554,2.91420130229332,4.3626304931396565,1.0,1.0,1.5934676826756962,1.252550104475816,37.128768422830575,1,44.31306864447583,36.24752273767954,3.4141478220087498,9.115692178238662,20.463453234351373,24.55569504588704,25.288517601120848,37.010062440436535,35.12928781631836,10.233897570027157,31.25263424441538
TEST_03+6일,8.356741548536911,15.985698843087672,10.85648749673047,8.911142759107307,8.122205210336038,1.0,5.582712690180537,1.0,7.028954027024679,1.0,1.2961911737206748,1.477967380276789,3.217023882586576,29.12381128647863,19.566970709309597,1.0,7.700838034771291,5.72343791675051,1.0,8.975443809131654,13.05870370749694,18.527203390879038,1.0,3.5471133044571186,6.209672242671718,6.458987067139334,35.34352778333782,10.063065624104846,10.235340080815217,1,14.043563108798285,9.26295299346462,3.6324790822144646,1.0,5.449562239809317,2.379774674385664,38.94537942731444,1.3715340612381066,1.0,35.21597625005996,6.206902853039159,1.0,1.0,1.0,1.0,3.846703131811063,3.5452328827985125,25.565934855724468,8.783566477422852,10.6141423596173,29.48918252843663,1.0,12.189088043464924,1.0,5.821725376723962,4.749763492566983,1.5199307707918737,10.805003990321074,2.960128901293569,1.0,19.72786764422931,18.539040968123416,13.77260946981595,4.130450533328659,18.45576357828209,2.660123161687677,1.0,1.0,4.834401203037645,14.627939148497193,1.117036432980952,1.0,9.540931244647709,5.276233684604732,10.802478926650354,6.815853710713895,1.0,1,1.0,1,12.515435253047997,12.88317558387086,5.886504540157588,20.104906565510607,4.76717170973087,3.735356539787914,18.92852259057544,33.594677021272,22.350940272406792,9.500286465320508,40.63650413369391,34.726635006904004,37.624179272615294,1.0,1.0,1.0,1.0,3.8501625686152527,41.62210899906224,27.03853079888382,10.028095133914,1.0,1,1,1.0208566425109538,1.0,33.487300284704034,1.0,13.897547196050244,1.0,1.883267476853289,1.0,5.786982596771937,10.565785040512536,6.805977567267642,1.0,3.5043332662888744,1.3456068387823354,9.618856358120745,17.431120154802777,1.0,5.071126790844989,1.1096258474763616,4.454956329261306,1.0,1.0,2.644895143443762,22.4875790529926,19.661131995677334,36.46943491658447,1.1195968586550895,33.799274036342574,1.0,24.394317607513187,4.711500947241264,1.0,1.0,1.0,5.781128970776956,28.234556683792995,5.631052940706367,2.5166315356153297,21.327221978118946,9.503263372411922,16.262765840077144,1.0,1.0,8.082498235103339,26.812278253626467,1.0,11.213611847265756,1.0,8.062087865370327,11.62179323082891,1.0,3.040760855151195,22.884645290414397,26.135621283970192,1.0,1.0,2.083909088427602,1.0,3.1227160211788894,1.0,6.942280721561107,1.0,1.0,10.610166243002782,33.01756879710006,11.319825615093349,1.0,19.069522431548403,19.18258858535198,1.0,1.0,7.74904162079379,7.312202493916802,2.030815293400894,1.0,1.0,12.155793201722783,1,40.44758654687522,34.6553983311387,5.313579465859003,25.12506951207773,30.74880977813776,43.987031021740655,30.19517636509692,29.22917029432282,26.47779518854179,1.570580587958076,25.363036859070867
TEST_03+7일,6.7635689707787305,4.59641701354831,7.768533383150434,19.072190986418736,1.097216796451657,3.454398711126424,6.19398845523584,11.653459933578707,16.39079219697518,1.0,1.0,1.0,1.0,10.169547990153596,24.31406570818671,1.0,1.0,10.132961511886624,8.174920288512432,1.0,1.0,6.819156568156245,4.231135197054591,1.0,1.0,1.503265587541059,1.0,42.57193715139813,6.53829579024215,1,17.235026289604363,3.5591245645962477,3.8189115998545233,1.0,1.0,2.8228329820171525,34.34700107402093,1.7764816308297222,15.786467425341508,32.90555717438987,5.126784187130991,1.0,1.0,1.275143971360062,1.0,1.0,1.0,30.97060135734564,4.230723136845125,3.0354735235967603,17.689606671364288,1.0,9.552737723662762,2.300427902110164,12.3932240326966,8.220266274804004,10.235196585189978,1.954539274497915,1.5175800939345312,1.0,21.048441159002746,29.59243591296892,25.648039769778823,6.898498109272855,11.20976961372481,11.663246723168012,17.510218048217325,4.644759271094108,22.10915101155088,4.281172664141962,1.0,1.0,2.718795860880713,12.950173277346368,8.781240971968742,2.31120443115381,1.0,1,1.0,1,6.490171108662136,1.0,8.451097902059107,17.828745302740945,8.726713526188762,9.671262988209255,3.782776908424278,13.767497703525605,26.25576786134764,10.695186580583234,28.614090469174577,35.79236368618677,33.844849554819454,1.4436887187151233,1.0,8.461093219529559,1.0,2.9134292445959207,39.607300823606565,21.47725349362738,7.071910935258929,1.0,1,1,33.39137524264645,1.0,46.16368436762514,1.0,20.287491373934863,1.0,1.0,1.0,2.255274758166637,1.0,1.0,1.196687804746378,1.0,1.0,14.7604027064062,13.71605657682834,8.509315968619731,26.302318718287925,1.0,26.523129928818044,24.785514798579317,9.758503539828382,1.426171432149148,1.0,10.418283981642432,1.0,9.71860610320771,1.0,11.38774637348492,16.485889114839107,7.616038443926162,14.071363359102088,14.938788871235204,1.0,1.0,25.959496492169013,27.64987218186123,1.0,10.143803391912432,4.492182089561014,11.269360707587897,1.0,1.0,7.131783764195442,33.918361775221,1.0,4.830396666687888,1.0,10.112640941360224,12.347839890612248,1.160008047983876,1.0,19.751605697726013,37.089476281669846,1.0,1.0,3.643022733370809,1.3872755325510655,6.978617409008815,1.0,7.671697487538592,1.09149343888731,1.0,11.22557237654734,24.107431228896107,1.0,1.0,9.672366741950606,6.191765166407098,1.0,3.5612872147181065,3.3038712765332083,1.0,1.6872563082834908,1.0,5.847014676822504,26.701710053182428,1,35.84821855054675,40.35836293081817,9.975004390836895,15.870542533816728,15.472884368963925,45.62541563418309,37.018931062553136,46.607423526593,33.82844884244041,8.64745235024683,46.26896772470076
TEST_04+1일,1.0,1.0,29.81665510572061,37.63315624043235,19.05450750864816,1.631812387838243,10.271024821525788,1.0,5.371785155305593,13.608240693934144,13.302845589951955,2.271436332246743,1.0,1.0,1.0,1.0,1.0,1.61750034122835,5.605904645298731,1.0,1.0,1.0,9.310846473201735,1.0,1.0,1.0,1.0,1.0,8.985404824152722,1,13.393077765452556,4.190524982954373,1.0,1.4457888453270082,1.0,10.869426807663713,27.91373785454684,1.0,4.459953098706597,14.894622355562202,3.4728987777521567,2.305226028961404,1.0,1.0,1.0,1.3244020734490087,6.342451600788214,25.56925325150649,1.0,1.0,11.404153409282069,1.0,2.454936886023532,1.248804215364164,14.0504200933305,1.0,6.279371650871178,1.0,8.67530252502757,1.0,32.92437633086138,5.453739238786908,10.821321411942897,17.710297252999993,3.568038315591772,35.06613234302413,3.998853922052811,5.332952612724931,20.59597679307653,1.0,1.2621372813593403,1.0,9.067801892255748,9.826350394613195,1.0,1.0,1.0,1,4.091473478689924,1,1.0,1.0,1.0,1.0919727305122373,1.0,12.719685592977568,26.583472971892814,16.637941077116743,1.3137542244521097,37.09298689085994,41.44412926126056,38.60086671309689,41.42990630079204,3.1533202131028366,1.0,1.955269778535592,1.0,1.4248757133643095,44.36013417178129,24.511331917387988,15.274912580963337,1.0,1,1,19.836372453618768,1.0,19.4307082591635,1.1977348408293786,25.00435452397625,1.0,1.4389345578014758,1.0,11.810106944522277,4.730633385678625,1.4825451016309774,1.0,8.719515377815492,7.618621208218999,27.480482459872825,1.0,1.0,25.677890763550025,1.0,19.796993399304885,1.4344212354517,31.371052789593158,5.49672044462326,1.0,11.861136398888084,1.0,1.0,1.0,1.0,1.0,1.4491481187757858,1.0,1.0,1.0,1.0,1.0,29.986329117813465,1.0,25.586776972685534,1.0,3.592279323860342,1.0,1.0,1.0,27.09548842229357,1.0,1.6844302783334406,1.0,5.202127160626225,11.211547657623312,1.0,1.0,6.749137596801854,23.555887194721407,1.0,1.0,1.0,1.0,4.307473980878668,1.0,1.0,1.0,1.0,3.247310992567868,17.030413600213787,6.629031151202669,1.0,4.478940209325086,1.274647060423951,1.0,1.0,1.0,1.0,1.0,1.0,1.463412854791324,27.98882212843723,1,12.964995259769683,1.0,1.0,1.0,2.574879165029931,1.0,1.0,3.0559093370148958,1.5729971998159005,1.5694759372155702,1.0
TEST_04+2일,1.0,1.0,1.0,1.0,1.0,1.0,7.169923858733513,1.0,1.0,1.0,1.0,1.0,1.0,1.0,1.0,1.0,1.0,1.0,1.0,1.0,1.0,1.3502538113802058,1.0,1.0,1.0,1.0,1.0,3.2221157740592337,1.887254494229986,1,1.0,3.975885376810653,1.0,4.489554439737641,1.0,1.0,12.333545646461,1.0,1.0,11.007325565592463,1.0857981568123352,1.0,1.0,1.0,1.0,1.0,1.0,5.397934776795147,1.0,1.0,1.2354679448249342,1.0,17.365204450836064,1.0,19.196285414811648,1.0,1.0,1.0,1.0,1.0,1.0,3.6649582231049194,1.0,1.0,3.773762738717181,1.0,1.0,1.0,1.0,1.0,1.4118518622647565,1.0,1.0,1.0,1.6561660173995425,1.0,1.0,1,1.9015357941924824,1,1.0,1.0,4.177301573881301,1.0,1.0,9.19491044059808,1.244127746605172,4.740485045297182,1.0,1.0,18.225915906150483,20.85285187433121,26.87859732802498,1.0416288864472842,1.0,1.0,1.0,1.0,25.164701537989902,1.0,1.0,1.0,1,1,23.650383592508625,1.0,16.983951040048296,1.0,7.147828170456942,1.0,3.222924590687523,1.0,1.0,7.655069336077333,2.040356279016913,1.0,1.0,1.0,1.0,1.0,1.0,1.0,1.0,1.0,1.0,1.0,5.994605072519597,2.588617729996582,11.806804923538884,1.0,1.0,1.0,1.0,1.0,1.0,1.0,1.0,1.0,1.0,1.4479583332834722,1.0,1.0,1.0,3.0291199245028597,2.996344840432095,1.0,1.0,1.0,24.454244738849383,1.0,1.0,1.0,6.1870352085370905,1.0,1.0,1.0,3.773594876985311,1.0,1.0,1.0,1.0,1.0,1.0,1.0,2.6316216629972238,1.0,1.0,1.63635444471229,1.0,1.0,1.0,1.0,2.0403564346816534,1.0,1.0,1.0,1.0,1.0,1.0,1.0,28.194887058251016,1,1.0,1.0,1.3423749733200512,1.0,1.0,5.935970163150976,1.0,1.0,1.0,1.0,1.0
TEST_04+3일,1.0,1.0,1.0,4.33930914375723,1.0,1.0,7.650187648484449,1.0,1.0,1.0,1.0,1.0,1.0,1.0,1.0,1.0,16.24599913746471,1.0,1.0,1.0,9.572579895748692,1.0748222782827372,1.0,1.0,1.0,1.0,4.403016507572097,1.0,5.474470871884425,1,1.0,1.8505162146709373,1.0,1.0,1.0,4.532168422773933,18.38392990550268,1.0,1.8248386804859569,15.399835554118726,1.0,1.0,1.0,1.0,1.0084718946268507,1.0,1.0,1.083646719533048,1.0,1.0,1.0,1.0,6.082692647586707,1.0,1.0,1.643700744150807,1.0,5.15398430927022,1.0,1.0,1.0,4.120739657036059,4.3047580062061765,2.946565244331245,3.5178709447220844,12.292625733556354,1.0,15.615920447570865,3.8908186724819225,1.0,1.0,1.0,1.0,1.0,4.436104520889253,1.0,1.0,1,1.0,1,1.0,4.7296687220763065,1.0,1.9612753077584104,1.0,5.337740985494001,11.82538449330853,2.9576222585837035,5.324013859074097,14.150259965540528,37.04587362599135,42.39877914213362,29.639438399953114,1.0,1.0,1.364189211483886,1.0,1.0,30.3156932853026,8.585417636254027,9.56332277265678,1.0,1,1,1.0,2.3431993425186195,19.516701193797672,1.0,6.68451408174775,1.0,1.507788206282602,1.0876689274762783,21.801646370529063,1.3195141770958256,1.0,4.47987053660898,8.137818650860156,1.0,6.062681549944157,1.0,1.0,1.0,1.0,1.0,1.0,1.0,7.858274858248233,1.0,23.25499653152365,1.0,1.0,1.0,1.0,1.0,2.8191984628755824,1.5064960240592196,1.0,1.0,1.0,1.0,1.0,1.0,1.0,1.0,7.722083191944681,1.0,1.0,1.0,25.93121030147459,1.0,1.0,1.0,6.840527386288781,1.0,1.0,1.0,1.5381026863992957,1.0,1.0,2.053142849606973,1.0,1.0,1.0,1.0,1.0,1.0,1.0,1.0,4.749413247465168,1.0,2.533916610238504,1.0,1.0,1.0,1.0,1.0,1.0,1.0,1.0,1.0,7.217992765917962,1,8.253794484734504,1.0,1.8140751825832828,1.0,1.0,1.0,1.0,1.0,1.0,1.0,1.0
TEST_04+4일,1.0414071662438742,1.0,1.0,8.291749939949188,1.0,1.0,12.111327008325375,1.0,1.0,1.0,1.0,1.0,1.0,1.0,1.0,1.0,1.0,1.0,1.0,1.0,2.5056748451494806,1.0,1.0,1.0,1.0,3.724224436672565,1.0,1.0,1.0,1,1.0,1.0,1.0,1.2170253292144004,1.0,1.0,17.938943634665243,1.0,16.95044310728984,3.3365069235327174,1.0,1.0,1.0,1.0344211742435565,1.0,1.0,4.4566631918053305,7.379544402628669,1.0441384777467266,1.0,1.0,1.0,1.0,1.0,1.622498574683417,2.9493297831201573,4.61616473821653,7.2144118875553,1.0,4.956696438213712,1.0,1.0,1.0,2.1908737465917283,2.5780044206361894,1.0,2.5672066462165413,7.68748114830341,22.72802248228436,1.0,2.146681768082038,1.0,1.0,1.0,1.0,1.0,1.0,1,7.667753686447293,1,1.0,1.0,1.0,7.662085503280979,3.4529459779914737,1.0,6.663645063909342,1.0,1.0,1.0,36.44658074771692,32.7742050867111,22.37526944241872,2.337140104348664,1.0,2.573871805103526,2.2869023537013704,1.0,24.48837414645512,14.124763707633477,1.0,1.0,1,1,1.0,1.56964010218975,19.56851194971784,1.0,4.538432007330751,1.0,1.9617367544970552,1.0,4.820165894797779,1.8220588395319688,7.66217375936838,1.9246625888984497,15.028699018519628,1.0,1.0,1.0,2.0784264440247493,23.395092614330974,1.0,3.1032424131363663,28.856142753310145,20.84522873797161,4.013568320498023,1.0,11.562166549009516,1.0,1.0,1.0,8.17515552454921,1.0,3.2016538669653154,1.0,1.0,2.434829856100937,1.0,1.0,4.107246663613953,2.7179519753583143,1.0,1.0,2.601600058429502,1.0,1.0,1.0,17.77454617341721,1.0,1.026394241905534,1.0,7.334348393765886,3.542538374329507,1.0,1.0,4.017644086746968,1.0,1.0,1.0,1.0,1.0,1.0,1.0,1.465076670494314,1.0,1.0,1.0,25.42111980672414,13.473359090512467,1.0,1.6313360953644898,3.197414340273558,1.0,1.0,1.0,1.0,1.0,1.0,1.0,2.5494056597837167,1,19.139022986153783,1.0,1.0,1.0,1.0,1.0,1.0,1.0,1.0,1.0,1.0
TEST_04+5일,1.0,1.0,1.4054933781724808,2.580917333108067,1.0,1.0,9.045521131774578,1.0,1.0,1.0,1.0,1.0,13.795624891337962,1.0,1.0,1.0,13.033921627986452,1.0,6.272367721070553,6.751700604565179,12.107286639846638,1.0,1.0,1.3111668443320432,1.0,1.0,1.0,1.0,4.289901168281213,1,1.0,2.1881429267714627,1.857529810810888,2.4843992561393247,1.0,1.6891732831032429,6.6560800319264,1.0,9.230447618080788,8.059256045439598,1.0,3.8518937372919857,1.0,1.0,1.0,1.0,1.0,4.777942076958485,1.0,6.377574031935003,9.260844116507036,1.0,1.0,1.0,5.518762247798718,1.0,4.927545713682632,1.0,1.882776737886656,1.0,1.0,1.0,1.0,5.495709195391583,11.576452338831825,1.7933251480526204,1.0,6.451932023715776,10.183494328383766,4.975891594757254,1.0,1.0,1.0,1.0,1.0,1.0,1.0,1,1.993003284983408,1,10.43336433092305,1.2556072420932802,1.0,24.78242978592712,1.0,27.06030933132132,4.928109049014362,3.342511934917695,1.0,3.0748763084290403,26.98523361203909,22.54848065934009,23.729438694007488,1.0,9.381107078872311,1.0,1.0,1.0,26.222753204186912,10.885592146496794,16.280530229838746,1.0,1,1,9.561869431939632,1.0,19.47276223006653,1.0,7.035546455702647,1.0,1.666618385301526,1.0,2.648593212832377,1.0,1.0,1.0,1.0,27.096239630595583,6.764925785509832,7.99102190139435,1.0,24.15457049844107,1.0,24.105741425116346,23.658174956948752,24.2096481102547,2.195120395253122,2.0634138770089936,21.691790379418364,1.0,1.0,1.0,1.0,1.0,5.736693448079717,1.0,19.72504763402276,1.0,5.811875258427135,7.719229556252701,5.70974886477359,1.0,9.80979388079639,31.21647835953847,20.912028795497303,1.0,8.177624343656817,1.0,19.249528031249053,1.0,1.1818458845851,1.0,11.374748400955593,1.3692018684210474,1.0,1.0,8.479243975478038,8.096851229147441,1.0,1.0,1.0,1.0,3.416536846714588,1.0,1.0,1.0,1.0,7.013853525815213,1.0,1.0,1.0,1.0,1.0,1.0,1.0,1.0,1.0,1.0,1.0,1.0,11.113690007748112,1,17.2866303005587,1.0,1.0,1.0,1.0,1.0,1.0,1.0,1.0,1.0,1.0
TEST_04+6일,1.0,5.397429316255705,1.9494107853505824,17.02581613148123,7.697578048305664,3.44055775586194,8.359361755878162,1.0,1.0,1.0,6.625233730660078,1.0,1.0,1.0,1.0,1.0,15.598494680679218,4.081981084437095,1.0,10.521688622873912,1.0,1.0,1.0,1.0,1.0,3.2853907706044527,1.0,1.0,1.0,1,1.4868983758237628,1.0,1.0,1.7087166980767627,1.0,1.0,11.661570006380044,1.0,12.45838002717564,4.694788785485885,1.0,5.142554702048189,1.0,1.0,1.174634964715824,1.0,4.467333120334465,9.989307736184749,14.008264257735046,12.168466151777816,5.600913965060324,1.0,1.0,1.0,8.759659228977506,1.0,9.283425935725804,1.0,2.1719378523206987,1.662346395729528,1.599165397495952,1.0131030313142515,3.836721739996696,13.353938194672557,8.7936945455778,4.540232002428472,2.099711026299959,2.6256765759386327,23.162535095847403,1.0,1.0,1.0,1.0,1.0,5.539870524632547,1.3684525254091318,1.0,1,1.0,1,3.572953976182523,3.486364372131785,1.0,5.289064186967816,1.0,1.0,8.185917523801901,2.583694793315264,1.0,4.78182121530789,26.21135425103713,29.31741618710847,28.849264106693624,3.4594377886372256,1.0,11.361611373531332,4.897253641948447,1.8272060097082656,18.63304764588541,27.261001346168623,17.298432567050632,1.0,1,1,5.8312885495801465,10.32229764747542,35.053216337582214,1.0,24.79018514762892,1.0,5.399944577502834,1.0,3.4035622160464203,7.980335010682276,3.711213409625831,1.0,22.588059931000128,1.0,3.750043545057234,10.204694879921538,7.581848403020245,27.30273389691049,1.0,1.0,24.610277422497465,1.0,4.861575097065831,1.0,21.15054368584334,1.0,1.0,17.12298030162958,1.0,24.55847238679321,1.0,1.0,23.03888684477325,1.0,1.2124337183043514,3.754577035560353,3.753098865314524,8.754499105921742,13.014850039855029,4.134957980824926,9.553455056283264,1.0,1.0,1.0,36.53419058623993,1.0,1.7139858471475864,1.0,5.035388435399762,4.917499533303305,1.0,1.0,4.606190633962252,4.92519453415857,1.0,1.0,1.0,1.0,1.0,1.0,1.0,1.0,1.0,1.0,7.807812821630843,1.0,1.0,3.3210797511296097,1.0,4.62660814733082,1.0,1.0,1.0,1.0,1.0,1.0,3.0149481349256906,1,37.563173600561896,6.905260428973727,1.0,1.0,1.0,1.0,1.0,1.0,1.0,1.0,1.0
TEST_04+7일,9.498254773742524,1.0,1.706955571550091,23.961727498908253,1.0,1.0,5.401414929486858,1.0,1.0,15.292836342330432,4.913842002811872,6.703846252465769,1.0,1.0,1.0,1.0,1.0,1.0,1.0,1.0,1.0,8.188076470887054,1.0,1.0,1.0,1.0,1.0,1.0,1.0,1,1.0,1.0,4.69235212625779,3.997452698327912,1.0,2.935981349615945,20.382247039702147,1.0,1.0,20.65323443463684,1.2983288045851151,1.0,1.0,1.0,2.544268528631842,1.0,1.0,3.806786146370822,1.0,21.376523461366883,1.0,1.0,16.659353746460535,1.0,18.32945184965999,1.0,1.0,6.128551499341235,11.529007219105674,1.0,19.203476512636797,1.923674273490298,1.0,4.131798705153586,7.983954955158596,29.15643948843764,1.0,7.734085935102654,29.315299013976407,9.385447250690437,1.0,1.0,3.4631666327866526,18.21182049188755,1.0,1.0,1.920658443695135,1,10.346183147132406,1,5.850697633252833,7.757906039936391,15.610541340401882,1.0,4.683229888372992,1.0,5.145666038707786,1.0,1.9388936820287277,16.605817242899665,42.96128702284524,9.26876350604795,24.86607248585424,2.3651740572433795,3.713772502171818,1.0,1.0,1.0,23.527655617664184,10.700087450049752,8.280758048644591,1.0,1,1,1.8008979281043844,1.0,29.098246189010585,1.0,23.79771803656482,1.0,1.0,1.0,7.967912141775785,19.024345586370597,6.674037774440252,1.0,1.0,1.0,14.290646335524396,1.0,1.0116669592854848,4.660068608728274,22.36537687128151,25.961859289738264,28.55798267388556,22.439471235068268,4.014977272800579,1.0,8.450520006938012,1.0,1.0,1.0,1.0,3.157220915063198,3.5663213133447687,1.0,18.265011103497304,1.0,2.9145517717114173,21.57422359768446,5.601846593998092,1.0,8.324178010955546,2.0712074814141306,12.731996176395768,1.0,1.0,1.0,24.146569847615417,1.0,1.0,1.0,4.845750588460162,4.47669338992958,1.0,1.0,5.962964843854766,8.754992315836441,1.0,1.0,1.0,1.0,1.0,1.0,1.0,1.0,1.0,1.0,1.0,1.0,1.0,1.0,1.0,1.0,1.0,1.0,1.0,4.022658634937394,1.0,1.0,18.8909129785554,1,8.30090439944348,18.331094828146743,1.0,1.0,1.0,1.0,1.0,1.0,1.0,1.0,1.0
TEST_05+1일,1.0,1.0,7.773400804087487,23.57280143492749,1.0,1.0,5.681359637104633,1.0,1.4604453681616067,1.0,1.0,1.0,1.0,1.0,1.0,1.0,1.0,1.6693287967765378,1.0,1.0,1.0,2.397987985017887,1.0,1.0,1.0,1.0,1.0,1.0,18.52173487874804,1,9.259002349281454,2.49279383984322,1.0,2.5114666445434306,1.0,3.607601619618164,46.42747178591714,2.394402855159814,1.0,38.98264150619693,1.7546353305468705,1.0,1.0,1.0,1.0,9.02674254178081,1.7046373315965375,11.29932301204134,1.089729922280109,7.84424506714209,24.52858023534243,1.0,30.25023177940393,2.1894659716567566,12.161505879279288,4.6750390155119534,2.370670095342103,1.0,1.9632758452865844,1.0,45.79410949704337,10.90387154631012,9.572335992505376,3.4387659517531164,3.705028712546952,28.25221629915135,1.0,1.0,8.4200675405235,19.920686238600272,7.325577493341344,1.0,1.0,1.0,2.1863039755051985,6.141940797164114,1.5854212014324778,1,1.6888345411527226,1,16.606498531457742,1.0,1.0,17.014735014068872,11.181843492118206,7.225666897616219,23.38268514807724,3.233583071046615,4.645826763852117,16.456926175402163,30.603266267577823,35.08891894569592,38.04039812263302,1.0,1.0,17.830962865365446,5.103368446263442,1.0,6.2491295931351125,37.26029201870702,8.58612939175554,1.0,1,1,41.31889001668327,1.0,34.49231841196929,1.0,29.494633826444755,1.0,1.548985220029295,1.0,7.729809281772239,1.0,1.0,1.0,1.1421359969178575,1.0,17.525781604610813,8.775645034102569,22.021562778118103,1.0,1.0,1.0,1.0,10.405703177721763,1.162158245564221,1.0,12.150512700381254,1.0,1.0,1.0,1.0,42.75607280023704,6.499173412380534,39.24705414176616,38.89498384335195,1.0,10.574015448427383,15.586843486692311,14.75305249846704,8.276289096756008,37.30601238547883,14.008537225514765,36.70492546771616,1.0,1.0,1.0,27.15656314160612,21.34350587625005,13.589044846563814,1.0,6.1760221429338005,39.73687379536415,32.70232118211098,45.70358440991576,17.42598358474242,33.542168885580665,1.0,16.664779915548717,15.740683713962056,1.1224818803189922,21.791711226899373,1.0,25.110565993081195,29.654873204385,41.211292713323935,1.0,31.425574105170764,29.18304879233989,27.16918892782654,23.097464691912467,36.65779393829761,1.7130522319704062,4.867125824891192,33.59647158467968,2.7489741228944125,1.4167206407348596,33.79887990666379,18.26264199652172,1.3287006744303125,1,1.0,1.0,1.0,1.0,1.0,1.0,1.0,1.0,1.0,3.823016407513313,1.0
TEST_05+2일,1.0,1.0,2.922544960487976,2.8236554171757637,1.0,1.0,1.3786888005364988,1.0,1.0,1.0,1.0,1.0,1.0,1.0,1.0,2.0405930172795124,1.0,1.0,1.0,3.4062451601166286,2.5884092964728835,1.0,4.363739011773383,1.0,1.0,1.0,1.0,6.403849975437425,26.924934910423296,1,7.041395646306198,6.614111696537814,12.848495255793091,1.0,1.0,1.0,28.231053333523324,1.0,2.719432318963496,43.33030389868465,1.4874097030221016,1.0,1.0,1.0,1.9218084668736632,2.384623381309381,1.0823290778445278,19.304430801733535,1.0,2.980012803509583,23.28454372126468,1.0,19.64123709499248,2.018843511272511,3.0020587230490934,4.450348759206664,1.6611774021343702,6.093996100360059,5.147275693264295,9.23558016668699,35.525843481214906,5.130933068523039,3.6016367522666277,2.8046189892295788,9.106358046349888,25.212410958445645,2.7925616904951105,7.131098464943589,1.0,1.0,1.0,1.1669538552726146,3.926690529059269,3.36660607351975,4.8592762056064025,6.019591587782094,2.180961207220318,1,1.3360719970848305,1,1.0,1.0,5.748099387220371,1.0,1.0,8.806221868929054,6.547113276609712,2.3632554159702344,6.642887572495086,8.05181376823144,21.00579739188008,23.29430678883627,32.7075195112134,1.3916039366493516,1.7405280514700396,5.533558031065178,1.0,1.0,4.43186678020365,24.089085552685344,9.88601573864878,1.0,1,1,8.130130170378607,1.0,29.457241603637332,2.4840472809359806,14.648189097240536,1.0,1.0,1.0,1.0,4.351699093490994,15.176011641205026,2.6896846306965,1.636647898096065,6.596403749582348,8.651261050827133,10.349646136676885,1.0,1.0,1.0,5.091948102026316,1.0,1.0,1.0,1.0,12.580238509879065,1.0,1.0,1.0,1.0,37.85001673513405,7.556118340131895,38.41345927598425,36.642466642015485,1.0,13.49376927719417,37.22032273401668,3.2256474719382724,5.90429868975142,12.575231253605772,1.0,28.8673041539451,9.866504685130003,1.0,1.0,20.934112009901263,9.919869733668676,18.35805140461376,1.0,5.708120697455546,26.531009996682204,24.622646694759965,23.028234586116834,7.454974040575506,38.39355947637296,1.0,13.288771866928034,13.866539464828517,1.0,17.39378941812128,1.0,18.20315810936374,13.58514607138863,24.93397370904841,1.0,22.275366519429408,34.414344868914334,12.527915148411052,37.62121170757429,33.87422120467004,3.011571119739541,7.407964545432099,16.2334067958447,2.472917862991241,1.827760966006982,22.555823023165686,7.853181889907413,1.0,1,7.368084770879951,1.0,1.0,1.0,1.0,1.0,1.0,5.286266130978066,1.0,1.0,1.0
TEST_05+3일,5.0645173576829166,1.0,11.405213764087334,20.9010486813033,2.245907813683739,1.0,4.783012813406476,1.0,1.0,13.201641474223374,1.0,1.0,1.0,1.0,1.0,1.0,1.0,1.0,1.0,1.0,18.15852430459198,11.472916852904609,11.974223111494153,1.0,31.100301078523447,1.1279024726196845,1.0,8.37633507724058,9.04722782853536,1,5.316092423240325,8.770530773399708,1.0,1.0,1.0,1.0,20.921387103844825,1.0,1.5634570634135845,19.404720138882883,1.5938096794159526,1.0,1.0,1.0,8.844892470316182,2.808788459263734,1.0,12.06887951490504,5.473264877232673,11.946772702161336,27.790683518784583,7.414881331893288,23.602308030090025,3.221213461818262,11.556079522679775,1.0,1.0,4.02771679288768,1.0,14.09665232166714,25.75870089601394,6.925815038599304,8.598163406767593,4.247263716127051,1.335143531997867,1.0,1.0,1.4925305758514595,15.091449397590052,1.4580476148668835,1.0,2.835053480002295,1.0,1.0,5.139845463769455,6.071123967299894,1.5396525464205035,1,1.0,1,15.099821207937229,1.0,5.140302258899062,1.0,12.022609345133834,1.0,6.126014606285467,1.0,3.5834335544919487,7.185156526244528,18.33964465962335,32.06970846142436,35.775208680365054,2.7908216315624808,1.0,7.948969601436052,1.0,1.0,1.0,20.791799514871087,13.773224687327184,1.008976200293189,1,1,1.3264955842695532,1.0,18.366982182092254,1.0,9.57431896351362,1.0,3.4616394141845355,1.0,1.0,1.0,1.0,1.1893911790966225,1.0,10.559444185221889,11.337031942498225,5.209721027154842,13.248121288911362,1.0,1.0,26.215608835567,1.0,25.547248611302848,4.510138253812947,1.0,11.880459717502385,1.0,8.783081164316279,1.0,16.1362040887136,39.75605361232651,1.2983953363280771,36.48679287082261,19.655863643054552,1.0,6.885076770010283,6.474768222602923,1.0,6.902026392616606,13.368667009672343,7.241366162941738,30.76030206504284,18.15687943973659,1.0,1.0,23.94088220062717,20.07097920434344,8.524869615262514,1.0,6.771829172688475,25.58222347810031,19.609479090743783,26.82431512401733,18.37443484342667,30.43254618914161,1.0,6.5930580388368565,7.904745431939396,1.0,21.402363231234894,1.0,21.06731076754444,12.876051940673308,22.625093169521648,1.0,25.032791004288487,41.01253456165474,27.40116460956064,31.11321242625761,32.32288608310461,1.0,2.2116839252714287,24.32011172170128,7.294445714650171,4.5059574590789095,23.596018001275237,11.261621145156944,9.334064192725943,1,1.0,1.0,1.0,1.0,1.0,1.0,1.0,1.0,1.0,1.0,1.0
TEST_05+4일,1.0,1.7386920335596192,11.791689342904895,3.783383216762008,7.876077215353741,10.801942231997431,4.117886987894833,1.0,3.858046310472295,2.0733972984330618,1.0,2.34342363883894,1.0,1.0,1.0,1.0,1.0,5.45340095201379,1.0,2.8657185107622625,1.0,1.7434404940360897,1.0,1.0,1.0783033475726782,23.058495832869625,3.0751539931654803,2.154624566095519,12.78208850456897,1,5.265872534592413,1.0,5.114004281793618,2.0852356017190057,1.0,9.45911129934473,36.24533802557503,2.071253229469654,3.268271278666604,28.83123483354837,13.530041615070823,1.0,1.0,1.0,1.0,2.02115665445945,1.700719725046114,14.207290672666678,3.545730752910629,8.970623187413874,37.49504325674838,1.0,10.874135763406986,5.769188746816355,2.6311601917721443,1.9215775172522709,1.1364815055231008,1.0,3.5181838251807376,1.0,18.538543010813715,3.875544666601365,15.627376529377006,6.010664519118475,1.0,14.299579409251944,1.0,9.270869053443828,1.606315825614074,3.9339600013313656,3.050090722396745,8.484836015884792,1.0,12.554660905786614,2.8573010291971235,1.265614866197745,1.811589075188043,1,1.0,1,14.697483328083038,1.319679516689239,5.476118788319286,1.0,4.369344924598193,1.0,9.055218803908277,1.0,6.630832056975215,11.688283576766738,15.111083728490316,26.78235233316753,15.038252851164112,1.0,17.616631040491097,1.0,1.0,1.0,2.1086869939538566,17.549102206313528,1.0,1.0,1,1,8.698238439516746,1.0,35.46077440076253,1.0,16.54298438775387,1.0,1.019645576065487,1.0,3.696912578569056,1.935560857062336,2.007580584818032,1.6949246968731737,1.0,7.1154562900213625,7.715943443137378,14.646321202600012,1.450426090212039,1.0,1.0,1.0,1.0,1.0,3.791731853180517,1.0,11.729529426826565,1.0,25.24290928675216,1.0,1.0,33.18356434083682,1.360205932429486,42.76777686102919,9.047644006043472,1.0,8.109474162227679,18.123474542314664,1.0,2.2574604142381305,1.0,1.0,29.91571550987738,27.41188364090588,1.0,1.0,18.671267223614933,9.110304177846498,12.318623513495124,1.0,5.426260402605141,20.106156631978312,35.54823667549783,32.01844295460122,15.686049593826525,42.14004192808613,1.0,17.188315015975412,19.154713658520997,6.090229625012841,14.008119363383583,1.0,18.461561444622085,13.99027769786955,10.52093879344802,1.0,3.814712587858637,11.01782889548461,21.45785914946361,30.903768433118795,30.267682958149667,2.303232348742966,2.637148993554914,39.21678860207979,1.2697923380704397,1.0,21.1896997609121,6.528628513878949,28.88470656270284,1,1.0,1.0,1.0,1.0,1.0,1.0,1.0,5.329294636699339,1.0,1.0,1.0
TEST_05+5일,5.021735915498292,1.0,10.0677233215748,4.943962093026708,1.0,1.0,9.017971575793826,1.0,1.95478367398168,1.0,1.0,1.0,1.0,1.0,1.0,1.0,1.0,10.588712141750722,9.973499765239753,1.0,12.46024871720695,6.788814542029728,16.824033746347478,5.804971296784751,19.602043410860784,10.903707624308227,8.314075515096816,1.2426277074105807,11.992928554296537,1,1.0,5.924750629187143,2.3491948637913294,2.159247777653394,1.0,2.045111327803232,15.131810253178989,1.0,1.0,32.314625997464155,3.4783538846529742,1.0,1.0,1.078917649068838,2.640987041008225,1.0217391361133288,1.0,25.49482931251448,1.0,13.122926622614132,32.7949241061146,1.0,3.8655511529971927,2.5930507117345063,1.758740528936081,1.0,1.0,7.701154861244042,1.8067949665245229,10.918974257456654,27.498461438822687,13.91867759716909,7.533465581944349,3.549232832521791,6.073828558833667,22.766183825755423,11.665481231685352,1.9986383276956383,22.27137269284993,17.48651192669506,7.760333231965668,1.2762135083490742,1.0,3.3257840355148263,5.829678802603117,1.0,1.0,1,1.0,1,6.511500854376851,1.6028283649702169,7.636569093972295,1.0,1.0,14.400422101775792,12.313049067596154,3.1279534864012435,1.0,5.258368225255859,18.81254695811679,37.626345848658985,25.40432227711393,2.1853418903036697,20.43717587499572,5.753957610077626,4.869732423017165,7.598804218050579,1.0,18.59448088739948,18.974390729515584,1.1074731849126336,1,1,9.090483959610692,1.0,29.4970793599014,3.269389113219246,13.380814180269462,1.0,1.0441646319662372,1.0,3.652299785786413,1.0,1.0,1.0837000288730905,1.0,1.0,2.621444756881353,1.165666823390628,5.996367549463838,4.86798476965006,3.2579316894267345,23.274707068033493,6.64945503594016,21.73785675336177,3.1720445394792134,1.0,12.992453096353277,1.0,1.0,22.071556925653187,1.0,41.60147131156804,2.708888700413031,38.86118499251113,11.232177882563406,1.0,1.8811070549616595,3.21612365657979,1.0,7.366930604047551,13.165545232258133,6.244851460513754,29.108756252317185,11.230528611808705,1.0,1.0,11.89063425267792,9.834435597530964,10.657739464454464,1.0,5.539648914311743,21.960219960462933,22.997919073090745,31.07595175155998,17.93228430496646,40.09134509915975,1.0,8.466659719579157,7.923027091549566,1.3244588748438488,22.41698472069932,2.581484779704892,32.08942500202536,25.60091591432708,26.13019344033781,1.7651700469613048,24.667631107323803,38.57619447743431,40.67279999441824,30.96027025281036,31.755150041473414,1.0,1.21962686703039,22.78546530557004,1.0432762227055778,1.0,34.4835892255986,16.318250755377413,17.099016558666605,1,1.0,1.0,1.0,1.0,1.0,1.0,1.0,3.858113377147272,1.3540185256975448,1.0,1.0
TEST_05+6일,3.426316564892398,1.0,19.41032848580525,6.481245738828176,1.0,1.7459883977101684,3.3059962351033945,1.0,1.0,15.071825271406558,1.0,1.0,1.0,1.0,1.0,1.0,2.0946236094252653,7.695722091239592,8.13503094771374,1.0,1.0,6.3492813063612985,1.0,5.145191505431917,8.950274117544021,1.5376922528542796,1.0,27.5720335943475,4.261836556810959,1,4.82950676495353,5.246387682543572,11.465191363874093,7.674041912143926,1.0,1.0,23.03887599598129,4.797586660200572,1.0,26.97587061044433,2.2978659607321723,1.0,1.0,5.225662986862378,1.0,9.686428535403744,1.0,15.650080851583636,1.0,6.484630236989669,22.27246306595713,7.0056738062518304,6.29505145556429,5.097519080176857,3.8553036416302047,10.043015589731926,1.0,1.3869209929620436,2.3150464426798223,2.9800096866633567,18.921315875533203,3.091594171921651,1.0,8.023104569690203,4.989743623283879,5.140959368462711,1.0,1.0,19.311193527464805,6.918536112582362,18.918123996965555,11.8604572028952,1.0,1.0,2.2183785413365804,1.0,13.75703813312299,1,4.471560325500426,1,13.854493451928647,21.22266998869752,1.0,11.562889310258765,7.959657106381343,4.996450300859306,12.136403429788595,1.0,7.47829568109282,7.451667957141296,28.043077576186214,22.41428768820719,20.401879025858342,3.219148855945193,7.52548556945128,1.0,1.0,1.0,1.0,15.01615235649053,32.33020728175123,1.0181751764473057,1,1,30.3453173404372,1.0,30.637367461049564,1.0,10.460478591810553,1.2137113788544205,7.185226180831172,1.3536375934907308,5.398864404731189,4.869489165073869,9.525794628689512,1.0,28.9549056435294,21.78166097142544,24.46004844919107,5.561159142969326,7.724402868493051,25.546853477571688,1.5032047831944042,2.217174031037274,22.472278876801678,6.111013880818698,2.251454697305588,1.0,11.763751853575538,1.0,8.018781259689831,11.430024975119403,1.717757295308614,41.89303745686383,4.471295408985648,39.94766551306542,25.93618300868549,1.0,15.116714882749092,14.508053702420725,1.0,5.412912489770979,9.099698031720068,7.579245744884574,32.22481382733695,15.905245153371991,19.0741446342976,1.0,24.003067169863662,21.07248599001857,9.878006583893196,1.0,2.730449144958934,24.51201684534382,22.774176603151307,24.889019420665605,30.639632535657395,29.5159567890061,1.0,4.670911725168919,8.999433468587792,4.651836466300803,31.799853445132552,2.614093027523496,21.546394429162856,18.983716297657235,22.321148643558285,1.0,24.787484251368824,29.22886165087631,24.21887329662512,33.066214189704844,42.55314141746692,5.433492769267129,3.0799734894672954,34.45723321676852,2.612798069981858,5.750756454969525,15.5772016099701,19.28621050335845,23.39961295019192,1,1.0,1.0,1.0,2.0565755268241888,1.0,1.0,1.0,1.0,1.9000826655620169,1.0,1.0
TEST_05+7일,2.354637322676985,1.0,28.032750177314952,5.0901313502510135,13.816239783759617,1.0,4.185768317480172,3.4121955639647825,1.0,7.780269761954986,25.26044905546248,10.676565168333426,2.9647694191627574,1.0,4.016854156498453,1.0,2.7526122785688014,6.457699527492227,1.0,1.0,1.0,1.0,1.0,27.26311223409979,1.0,1.0,1.0,1.0,9.97502249616412,1,6.554416252495227,7.547444643208002,5.81970151684497,3.906098128985031,1.0,4.487521656029901,23.5393186869799,3.2438017454326,10.196829823316008,47.21365566046165,4.74687007951689,1.0,1.0,1.0,1.207469404917752,6.419356607571486,1.2291153496520584,5.213233179223384,1.0,24.350157724530177,5.543713193555756,3.4234010007744,3.655282368134169,4.4701186113624,3.5778560470547687,9.28429228626643,1.0,16.25720706571501,2.247720915190448,1.0,13.924928891743914,20.552472431317494,2.307739627143688,6.453954491068416,5.254837612513004,20.81157903633697,1.0,5.323495844668246,39.38369773938842,4.877826190650073,5.410218907193364,11.680726854122955,1.0,1.108191362962429,2.102590794998209,4.234695902109571,1.0,1,23.903826423109333,1,4.345813220645919,1.0,27.66156263452569,9.995340275788168,3.999701064193294,10.984737703004257,1.0,11.654669973618926,25.874699112821872,12.052321009304524,18.253649989513814,21.261190618318864,25.877024814641526,2.4428478603878663,1.0,1.0,1.0,6.122095357615605,1.0,11.055047209134193,13.429349495440368,9.324316024223002,1,1,25.36295555841811,1.0,36.73986123943788,1.0,6.923696830785008,1.0,2.142754717983713,1.0,15.544153592482472,1.0,5.40738102926252,2.2693051972246927,38.56468191520922,4.831489948157913,16.457766409364183,13.894389667399697,34.61826780806897,6.011793769522218,27.54091460015253,28.008638243357822,7.652469165683037,22.084577309405766,5.6603162215615335,1.0,13.453192305862215,1.0,1.0,1.0,6.701404498383402,21.23812544755013,18.711328733397835,50.28283732555323,16.57093293262709,1.0,8.395669512388604,17.69392240119315,19.793993785272395,5.154714809399393,20.89370968487376,12.073752159949125,30.271368486194955,3.203717199342838,23.164893855378725,1.0,26.116083297087872,7.099746672975551,8.125800053930245,1.0,5.02422912228319,28.789493137345307,29.35454649951247,28.964798289630643,15.19668196798123,27.78585744053248,1.0,9.628453395794828,7.470517807399546,1.0176635677900474,23.069641453263326,2.512037086535861,31.505823299968515,19.20198535264126,19.90513391396736,1.0,32.12869673101243,35.86837466146483,22.797330153937395,23.396410468253176,31.44215696637387,1.720054317426351,5.275762885473777,24.578733436443805,2.9514637367037104,2.191868214488336,18.082974777841816,8.736347794837306,1.730761571911623,1,9.077498900933971,1.0,1.0,1.0,1.0,1.0,1.0,1.0,1.0,1.0,1.0
TEST_06+1일,1.0,1.0,20.41215427784968,2.600053701455499,14.832416212398073,1.0,8.476678614403799,1.0,1.0,1.0,1.0,1.0,1.0,1.0,1.0,1.0,1.0,1.0,1.0,1.0,1.0,1.0,17.934050388125932,1.0,1.0,1.0,1.0,1.0,13.307405540561907,1,20.958265144179855,1.0,11.135520811409824,1.0,1.0,1.4631511832271544,38.98379934299085,2.90520872489283,5.933952355577516,36.9667562292718,2.501136886309882,1.0,1.0,1.0,1.0,1.0,1.0,24.65152996954858,5.379637662281291,15.57296832417194,22.12525429660881,2.211375657248076,22.92110931329797,1.0,5.187483226245854,1.0,1.0,5.078558440998554,9.11685758291149,1.4042823543230385,41.55344834208398,1.4828744284336144,16.24338034632467,5.5969761440173045,1.0,36.050251536749165,17.345721929554642,10.018076156494024,16.223840801998932,14.26389696531305,2.6224750670671204,14.312303577447976,1.0,1.0,1.0287312620584024,1.8712002563424244,1.0,1,1.1760098287456011,1,8.246319732229574,5.741783187977807,12.524234220828545,2.8408769266139715,19.999858780861132,6.706449142639282,16.860920100532876,4.009876448244379,5.6030969892390745,18.87168388841808,6.2173833435731005,4.319979564674688,19.1056571474846,8.472749529034413,1.0,9.969770436659667,1.0,1.0,1.0,30.91164539178128,6.51456865400854,1.0,1,1,31.18110111974064,1.0,45.12490863694055,1.0,32.89282281349772,1.0,1.0,1.0,23.96177452901099,6.37625679491902,3.41790947368192,1.591373107090884,8.238706411297617,6.000966114765727,14.261655962502129,2.1475158559109944,4.36107705740751,1.0113636564344113,29.53108069841556,1.0,19.64733685784461,30.247040354004017,5.259213955243474,1.0,10.6994344546356,1.0,1.0,1.0,1.0,36.76768400286789,15.989066636946276,20.23478446034432,38.54455733989391,1.0,7.928613629454629,1.7930093054925378,1.0,1.0,1.0,34.45168296945699,33.28921262883311,7.867140764390154,15.408618207090347,1.0,27.47772826800801,31.401738263662644,10.460484955390156,2.982375000770103,5.845728417057087,40.15814667233835,45.376091377334966,41.30567267761241,15.61399264260768,43.51716391076204,1.0,10.87079670425603,10.898224564318689,1.008760478558006,33.923319730086604,1.3565474280126488,35.46207905412177,25.388306689893376,35.39077932275872,1.0,37.032522317561046,28.1898743742565,24.306541517164103,39.53508206784942,37.5397912929879,4.707937726882165,1.9179355240057163,35.18961935587466,1.0,1.1178833626678708,25.374752416602742,5.438792528627957,1.0,1,1.0,1.0,1.0,1.0,1.0,1.0,1.0,1.0,1.0,1.0,1.0
TEST_06+2일,1.0,1.0,23.160913683437315,3.5879596109437863,1.0,1.0,10.660509312760956,1.0,1.0,1.0,1.0,1.0,1.0,1.0,1.0,1.0,1.0,1.0,1.0,1.0,1.0,1.0,13.713981054579088,4.184922764578465,1.0,1.0,23.724248788460063,1.0,1.658929015747843,1,4.4158679634780205,1.0,1.0,1.0,1.0,1.0,19.02320540844756,1.0,2.3001334869221144,24.253603749474973,1.0,1.0,1.0,1.0,1.0,2.5907189133646376,1.0,26.582328157991736,1.0,10.456167337083814,16.83534716255525,1.0,21.725583608790856,1.0,3.9304492599281846,6.693050800026217,1.0,1.0,4.722478983494269,1.0,35.638802082450475,3.126708202576985,1.0,1.0,1.0,1.0,1.0193347803748447,1.0,22.66357215717428,1.0,1.0,1.058667646597541,1.0,1.0,6.667638095998007,1.0,1.0,1,6.119729077876071,1,1.0,1.0,2.536693243116106,1.9999877689790195,8.767590821537148,8.11713490484525,2.611490219150286,4.789212262846728,10.002645738040156,9.42469121291692,25.58144558901808,27.431094382788466,20.42771804468505,1.0,1.0,1.0,1.0,1.4379626510534738,1.5814641681877506,19.28712892270781,5.66714355856043,1.0,1,1,1.977093876803329,1.0,42.52566902010563,1.0,13.005636290771474,1.0,1.0,1.0,4.010023023755871,1.0,11.256598415824984,7.452289371220893,2.5031794945124064,1.0,13.455144227089589,1.0,1.0,23.197474888575243,1.0,1.0,2.3624121447109943,1.0,4.675362231135181,1.0,12.483192861586229,23.136619534554303,16.837153722188745,8.180263736307085,1.0,39.45531645779371,1.0,23.956414461218795,38.08713398626536,1.0,4.061623802630324,13.935618254066426,1.0,1.0,4.761624254021453,1.0,41.95046736884521,1.0,1.0,1.0,19.27865720531557,11.36816040222564,14.685433233489,1.3579774105988265,6.673391001850093,33.92939389948049,24.03203521934238,23.158076837421856,12.90584821828546,30.010330602066297,1.0,12.023374914824512,11.359780939310903,2.5822251279910824,23.31057510086413,1.201505589616103,19.665422941552976,13.603079031242457,38.5203571313119,1.8533990475411763,23.16216455715997,30.20675650663316,18.008797552685394,20.358189130858477,31.469832282628428,1.0,1.6291218149535531,20.11098873151542,1.0,1.0679170662795996,9.755853318254466,10.15591506897912,1.0,1,1.0,1.0,1.0,1.0,1.0,1.0,1.0,1.0,1.0,1.0,1.0
TEST_06+3일,1.0,1.0,15.550090289150823,4.801883816974356,1.0,5.262077261672847,6.589627921761204,1.0,1.0,1.0,1.0,1.0,1.0,1.0,1.0,1.0,1.0,4.48602411198377,1.0,1.0,1.0,1.0,7.336716756582474,1.0,1.0,9.87764579897733,24.03713022773218,1.0,7.369505656658068,1,6.953984231542709,2.1911661782938188,1.0,1.0,1.0,1.0,15.559553173029927,1.0,3.553322893843897,21.067349982649606,3.306787773252532,1.0,1.0,1.0,1.0,10.699618880970409,1.6198360040011297,19.71970495079965,1.0,4.852204747234517,11.78982140822244,2.2807750630439383,7.251231299901349,1.8693313939141245,1.368617652741872,3.829104094974903,1.0,13.663229828633115,1.0,1.0,36.99717626260621,1.0,6.523831706188552,3.272234692309365,1.596105434935997,2.337832126649864,1.0,1.0,13.635489448037465,3.225385588759174,1.0,4.419258140635338,1.6535498974095764,1.0,1.0,1.0,1.0,1,1.0,1,1.0,1.1418079952342357,11.178482423486134,4.543905682225834,6.835270257447006,4.236276013176092,5.047827170576695,1.0,6.181103267847725,6.203314903551063,36.857788444288985,33.66092931472789,17.193480009194133,1.0,7.409514966129749,1.0,1.0,1.0,1.0,21.4500919950336,5.6587835133914215,1.0,1,1,7.896806580937752,11.616432147486822,42.68792033528162,1.0,9.22887411656475,1.0,1.0,1.0,4.687011205125903,1.0,5.478924385606913,5.989467490611781,3.3742085411409115,1.0,12.81058618231408,13.998951861834632,8.186013485694936,1.0,1.0,17.49341949056035,6.069332882440717,1.0,3.1005868549520774,1.0,17.90267321421669,46.92322902474276,1.0,1.0,1.0,41.12671258317357,7.117249885967579,16.0027639964779,33.95597804948137,1.0,2.177446352436408,6.547004587964145,1.0,4.316159952203176,8.430327881827559,4.305947806440398,35.02252755106301,18.29333135196991,1.0,17.82304330700341,23.60555002347101,14.922329233390917,10.122327211745771,4.362035716921335,6.268210319110981,28.38873374963893,22.636796730357737,22.44677819473297,21.312958703326597,43.48168935436157,1.0,13.223451376666244,8.851161544664059,1.417915619747273,40.64653851358917,1.0,18.241445201530947,14.13798978121212,21.307289497460037,1.0,33.37203809131374,41.35579366676191,21.457144602692157,26.469619214188256,22.55908007541084,4.7273169864805205,1.2906569850218967,16.18608415184802,1.0,1.0,10.361215111644183,7.250888112689422,2.233037827498769,1,1.0,1.0,1.0,1.0,1.0,1.0,1.0,1.0,1.0,2.246039869565612,1.0
TEST_06+4일,1.0,1.0,24.06405780979769,5.303711543950349,7.871840935481607,1.7103521450921024,6.807029106702338,1.0,1.0,32.63008180612948,1.0,1.0,1.0,1.0,1.0,1.057744966427985,1.0,2.3447101013785128,1.0,1.0,4.05313092446016,1.0,1.0,1.0,1.0,9.736283226068588,22.66822898018002,1.0,3.405895189490036,1,9.258221525368135,1.0,1.0,1.0,1.0,1.0,15.32710510421893,1.0,1.0,14.1583197120965,2.364584426038756,1.0,1.0,1.0,1.0,9.1980474456316,1.0,1.0,1.0,27.42268230160825,10.984920962052437,1.0,16.303168875577317,1.0,1.0,1.0,1.0,3.940229445041136,18.828767928018404,1.0,30.3792310907486,6.564654156674001,3.213333787395747,5.768676854290172,1.0,1.5352645898340045,2.212258904075195,1.0,2.7896415679179345,1.0,1.0,5.325297338100245,3.758911693584824,5.5230893423671805,2.146414193269602,1.0,1.0,1,1.0,1,19.56684375001299,7.5131853799381405,1.0,3.238359256462348,1.0,5.669579698717192,2.1103644575233,3.1343927609241806,5.71759234105264,16.837731083570148,27.858937669581323,29.73749752766135,8.277271259741886,1.0,1.0,7.0675094306853605,1.0,1.0,5.557931937687918,3.981980201106383,6.081127328401973,1.0,1,1,12.430206654468533,13.099528000740674,39.019030284061735,1.0,10.163441997923083,1.0,1.0,1.0,7.933894596762624,9.514619664027556,2.0976307867335207,1.0657461709066185,10.642985878760683,1.0,6.115188207237017,1.0,4.370497762548571,1.0,1.0945843739608716,4.437486761565813,26.8075347704899,1.0,8.684528115418198,1.0,21.17771408269393,22.92979005741845,24.13936623579157,23.14758981243944,1.0,43.22764678808303,5.7320639562259,4.87145230127862,48.82799411728522,1.0,9.52999000103294,14.991882780732295,18.934072008138607,6.157148813391479,21.334115509205784,3.948928252057785,46.57546467708348,1.0,1.0,4.015739900878007,25.74786392598793,18.24031721860385,21.496071896602352,2.558241338673045,9.598957839731852,29.98532735274478,21.32454235182141,43.64598314190712,12.149066276171006,40.52185217356205,1.0,13.611543678532252,8.865756340764785,1.0,34.23651208613974,1.0,12.538714663451978,17.77318424661745,22.43449160547843,1.0,26.365034729760865,44.15033141723246,28.422228218948383,29.64928829029415,22.40848382033029,2.4840577453954973,1.5897375427599567,17.166995428607304,2.200165350140181,1.0,12.882222289513694,9.304888339068846,5.669452100779099,1,1.0292967106857318,1.0,1.0,2.4253401482643766,1.0,1.0,1.0,1.0,1.2750175930539205,1.0,1.0
TEST_06+5일,1.0,1.0,11.44687042701533,11.531681928155772,1.0,3.693009751503898,6.28625986770404,1.0,4.8668759526404175,1.0,1.0,1.0,1.0,1.0,1.0,1.0,1.570408543631222,1.0,1.0,1.1628697635777143,1.0,1.0,1.0,1.0,17.664104186199165,4.685482956822253,1.0,13.276385253900486,4.883762276963847,1,2.568572852568649,1.7419442350828362,1.0,1.0,1.0,1.0,27.506091713481123,1.0,1.0,23.83625198657227,1.0,1.0,1.0,4.241844114311804,1.0,2.5384846748264027,1.0,17.91964143229961,5.451487300580943,18.44813109463221,13.106369682014307,3.28518433439173,15.66584760238599,1.0,1.6749639223581425,7.302710318524573,1.0,19.144445992469844,13.211571508928134,1.0,29.266067015695214,21.5062152126123,2.9174785865465336,7.111846212679636,1.0,11.677358614299376,1.0,3.902491993202798,1.0255424444763157,1.0,1.0,8.873621075787597,2.841825208632903,1.0,1.0,9.27558577531938,1.0,1,1.0,1,14.695378578520854,9.775463499894656,17.181610712487593,1.0,11.219866866854874,12.45174878722274,8.482634452509993,7.784566360927631,24.425309147261867,37.24855100811354,41.76971097712316,22.29375706087927,25.909164315143727,2.4305929866377647,1.0,1.0,1.0,1.0,1.0,7.67010009887817,1.0,1.0,1,1,1.0,1.0,30.38305006000836,1.0,9.222699677353944,1.0,2.3196397417574874,1.0,8.40443910067899,1.0169121035662083,1.0,1.6359358505029074,23.763475859632017,1.0,9.214241138579116,12.148386823709792,1.665098203109178,2.5052938468682155,1.0,19.2253277430768,27.31942524297548,2.436169613458301,5.429473025550247,1.0,18.840461569044027,20.863441535146134,12.232957394536191,1.0,1.138363469143986,23.87724486934267,12.239583633946005,23.34363814691221,35.94976928233756,1.0,11.994298360019696,22.93110298333609,38.22991180817899,1.0,16.100315516900345,27.81480384891283,36.80034666391125,28.69998140604176,1.9342761238372448,3.7336341133034985,18.24990807418664,20.565292037314236,13.899179654529387,5.569453679081983,6.447533350389134,37.57001122462443,30.209407741763226,33.11430926613337,15.617486248769964,26.93150484292368,1.0,11.03922420409202,11.248843002766373,1.6637375143207112,34.382538625241025,2.341325205278034,27.973340783404694,14.924309740911038,22.526388629716024,1.0,27.368215967522698,39.9963870111344,40.21293378069356,35.0676664687713,39.509322112164654,1.0300383035654066,1.0,22.00945078417053,2.674836433281374,1.0,20.10335230933687,10.721599178707468,11.097886992169132,1,1.0,1.0,1.0,1.0,1.0,1.0,1.0,1.0,1.0,1.0,1.0
TEST_06+6일,2.0577950434615464,1.0,12.462037283143216,10.78839432850299,4.08832778777964,9.90678711044227,12.983949029636484,1.0,1.0,1.647363739236502,4.289888847196177,1.0,1.0,1.0,1.0,1.0,1.0,1.0,1.0,2.2294348547545817,1.0,1.0,2.439508920937484,14.709669046843832,9.03220176756407,1.0,18.567157315387128,18.35670431114125,4.241049740504402,1,8.356101505455703,6.779168132228422,8.127471668095302,1.0,1.0,4.273441080398334,23.64053705989075,1.6878398478104917,4.378515496410635,17.7717437498471,3.0953670384346323,1.0,1.0,5.252513843086609,1.0,16.199604527565064,1.0,17.247903864503275,1.0,11.330061093582604,28.86422490016888,1.0,9.137360618252783,1.0,1.405188606625264,1.0,1.0160023840413177,1.0,1.0,3.106376113949988,36.93737575921607,1.747642029477898,1.0873712635892645,9.900634916131754,1.0,28.22460881219885,11.49398808511606,1.0,12.834331222930128,1.0,5.199765155172116,8.779738197484246,13.0075871975068,1.0,4.740363270830894,4.249216022205755,2.056766100571186,1,3.037070321730587,1,18.64521059303807,1.0,16.38591123344366,11.895937851746222,12.630772423095834,1.9644238738908224,16.28813466662228,2.186200168900669,9.333415715143849,15.319336683276685,15.999091940398316,22.236365465585507,24.713137663537378,1.6331195594688876,2.567256873439085,18.30347998116002,1.0,1.331884863251796,10.812451388818248,25.373033680707056,6.099703110305047,1.0,1,1,19.43471296370282,17.459010490181385,39.90815313083288,3.7402443444930698,24.595774070439774,1.0,1.0,1.0,7.3555213035016225,3.301677334547081,4.915919355991813,1.7232593107235386,18.47880397024501,1.020374372153791,7.842606875339621,19.884348544684077,10.789747492677249,23.678801251504744,1.2443623152086498,1.1496535866584456,34.39229289941358,2.350599608496587,5.699750706536658,1.0,18.686229907071223,6.400956849561157,23.86853590402477,1.0,1.0,33.7117182435649,35.83043825638704,16.760832705173193,33.98240182950044,6.162747828319185,10.854913062669937,6.63352001468518,1.8631607220338608,14.893418553650026,35.868735018662214,11.54708021819406,33.26469849463404,19.131814893129583,9.187446339551292,3.9503713508346463,44.1083002827362,20.1827754236166,26.462268975163067,1.816951162382592,4.914131514922437,30.91089588316176,30.838489378343603,34.80752212737059,16.293819052728402,30.81336128930248,5.634339278242241,17.897837503698707,6.3298092751928055,1.0,35.43669977279666,1.0,22.47710259438948,42.15645449544896,30.87294268518108,1.0,28.24017396327697,30.32763066945974,27.617786598549404,37.32383240750576,15.415832742168618,3.573530911814094,2.597298857833803,28.862678349874077,2.141592420194752,1.0,20.8760065539042,20.949814695187698,4.507066330972688,1,1.0,1.0,1.0,1.0,1.0,1.0,1.0,1.0,1.0,1.0,1.0
TEST_06+7일,13.7787244444371,1.0,20.98661628304944,11.534513208827429,1.0,5.096326034086245,4.634821742226643,1.2885785124215698,1.0,10.19266670972734,1.0,1.0,4.604657783971543,1.0,1.0,1.0,1.0,4.286504513873787,1.0,1.0,1.0351924188244028,1.0,1.0,1.0,1.0,1.0,1.0,1.0,10.518073197735658,1,1.9956438662967328,1.338255398195885,2.7676259313972844,1.156234395827339,1.0,5.670904964464261,27.954136264442543,3.8541096993040074,6.568373611965943,10.447047770732398,2.393791653625751,1.0,1.0,1.0,1.0,7.67504821535065,1.9297402220220656,11.375876220459274,1.0,11.340757278310743,12.78456676099496,1.0,26.567525910577444,1.0,1.5428546946613106,1.0,1.0,16.74706819069259,4.751150679067383,1.0,42.81676394134929,9.836825769813148,3.452370340493938,5.770535077196117,1.528442515082363,37.94889191075912,9.30908770283086,18.90185496854444,26.946789530278352,4.889711487072498,3.6026529896955037,13.19700456948543,2.0479656683094265,1.0,12.25184121732228,5.352315220177063,2.447451566197314,1,2.238085243378489,1,16.814575683963888,1.0,8.978071922976623,1.0,17.92254387370333,25.461041560314943,20.88467348500231,8.0380264776966,1.0,16.9128859976986,36.363950779787125,33.08029208299044,17.307820357668298,3.177258963054543,11.665155907590616,5.852313199884913,1.0,1.0,1.0,37.0219331613947,6.186285529247454,1.0,1,1,19.574236876204854,1.2401866317920855,42.01057802247508,1.0,40.48693130869845,1.0,3.315819618554191,1.0,11.32457753939693,2.44802029695728,1.0,3.722144794400489,12.790431045415408,6.951020743612585,12.437683488439758,20.23360365537034,42.371890719784346,10.799908621228417,3.978871695803721,23.031825779718663,22.807307690234964,18.041099688978584,3.2155693327872235,1.0,10.350765984671074,1.0,1.0,1.0,1.0,31.558206605407317,3.1857236362809824,12.611862954391349,41.75827198476895,1.0,5.622804470133859,19.20833828638078,15.347574718498574,5.03485858735618,12.509427956855262,5.3853672118151215,32.22034187833303,4.416485314004911,4.9153190633272175,4.021305775361925,15.327242086547091,17.004736816340632,13.298604415413054,5.976279860771918,5.729640649545198,28.98484494264724,27.868155386037163,39.99466363829431,12.53259000485915,39.81234049521856,1.0,9.778952558120894,18.533556206051205,2.64435720643747,27.812550596285465,1.0,40.73094060796169,33.05324464599829,26.574384122465577,1.0,27.71802060684473,34.649573465350386,24.824617556171788,36.88541866136714,31.487580003471304,3.932160459938175,1.4622016088365353,19.827904149620583,1.0739178707042103,1.0,22.06374605188988,2.5405724433756265,5.294284889667409,1,1.0,1.0,1.0,1.0,1.0,1.0,1.0,1.0,1.0,1.0,1.0
TEST_07+1일,1.5116912124927375,1.0,2.1891688820143407,1.942556798306692,1.0,1.6484421689896709,5.813257779084571,1.6942829672969388,1.0,1.0,1.0,1.0,1.0,1.0,1.0,1.0,1.0,1.0,1.0,1.0,1.0,1.0,1.0,1.0,1.0,1.0,1.0,1.0,1.0,1,1.0,2.005406592604407,2.5939077549885177,1.0,1.0,1.0,1.0824572785280282,1.0,1.314716861125279,1.0,2.3782112865957035,1.0,1.0,5.961549408680121,1.0,1.0,1.0,14.23318412572308,1.0,1.0,18.97432334686973,1.0,4.153218404450614,1.0,1.0,1.0,1.0498091323929897,2.55025663839199,1.0,1.0,11.811449526121573,7.617492025177508,2.092774820063337,1.5664836650316147,1.840724844077142,1.1743645865900831,1.0,1.0,1.0,6.760758529466731,1.0,1.0,1.0,1.0,1.0,1.0,1.0,1,1.0,1,1.0,1.0,1.8513831060299664,5.573718410918027,1.0,2.1261694310017547,1.0,1.0,1.0,16.526145337463095,36.638689243953465,20.954282645430958,27.71322742509712,3.8338662828396832,9.276351865290048,14.374694207807936,1.0,1.0,18.099735383219024,36.29644004223096,2.1605103037169338,1.0,1,1,23.53308159039449,1.0,1.0,1.0622658349255307,16.611244632503478,1.0,1.8731421084497624,1.0,1.0883148633621949,1.1170832349323607,7.249812868526711,1.0,1.0,5.692091370265084,6.461624076075896,1.0,2.4960232583748336,1.0,1.0,22.879711504577312,1.0,1.0,5.427803822799701,1.0,6.388366772868699,1.0,1.0,7.497246994252297,1.0,1.0,1.0,1.0,1.0,1.0,3.3736351345036177,19.055893366037417,13.640398889401997,28.09681835758758,1.0,1.0,3.37180178765984,1.0,1.0,1.0,18.89064686733173,1.9136943222954084,1.0,1.0,5.395838946211969,1.0,1.0,1.0,1.0,6.361742953459978,1.1838339417516908,1.0,1.0,1.0,1.0,1.0,3.114164848544203,1.0,1.0,1.0,25.152483724334548,19.709616520311585,1.0,1.0,13.520764465642936,1.0,1.0,1.0,1.0,1.0,1.0,2.890025318272238,1.0,1,9.04337416759777,1.0,1.0,1.0,1.0,1.0,1.0,1.0,1.0,1.0,1.0
TEST_07+2일,1.0,1.0,1.0,2.351722608252952,1.0,1.0,9.43018791329107,1.0,5.74610558890368,1.0,1.0,1.0,1.0,1.0,1.0,1.0,5.052111047944655,1.0,1.0,1.0,1.0,1.0,1.0,1.0,15.790003233935977,1.0,1.0,1.0,1.0,1,1.0,1.0,1.0,1.0,1.0,1.0,1.0,1.0,1.0,1.0,1.0,1.0,2.0640710839288707,1.0,1.0,1.0,1.0,1.0,1.0,1.0,1.0,1.0,1.0,1.0,1.0,1.0,1.0,1.0,1.0,1.0,1.0,1.0,1.0,1.0,1.0,1.0,1.0,1.0,2.3678711423501246,1.0,1.0,1.0,1.0,1.0,1.0,1.0,1.0,1,1.0,1,1.9391093928151424,1.0,1.0,1.0,1.0,1.0,1.0,1.0,1.0,1.0,26.06302490301441,33.37360799964227,14.57858074990501,1.0,1.0,1.0,1.0,1.0,1.0,1.0,1.0706088063125512,1.0,1,1,1.0,1.0,1.0,1.0,16.010059038517994,1.0,1.0,1.0,1.0,1.0,1.0,1.2722461187972984,1.0,1.0,1.0,1.0,1.0,23.12860874457682,1.0,1.0,2.5417699551813224,1.0,2.0398352973926888,1.0,10.353068686289175,1.0,3.1333187116605474,1.0,1.0,1.0,1.0,1.0,1.0,1.0,1.0,1.0,1.0,1.0,1.0,1.0,1.0,1.0,1.0,25.96664260899167,3.8021000836797967,1.0,1.0,1.0,5.205998265019282,1.0,1.0,1.0,1.0,1.6664110623470283,1.0,1.0,1.0,1.0,1.0,1.0,1.0,1.0,1.0,1.0,1.0,1.0,1.1650425571644245,2.141183999301493,1.0,1.0,1.0,1.0,1.0,1.0,1.0,1.0,21.141288783844853,1,1.0,1.0,1.0,1.0,1.0,1.0,1.0,1.0,4.224512657960601,1.0,1.0
TEST_07+3일,1.0,1.0,2.064400470142256,3.5468449276871072,1.0,4.531724392427501,6.619101120679781,1.0,1.0,1.0,1.0,5.606236706909638,1.0,1.0,1.0,1.0,1.0,2.06746729922869,1.0,1.473355945691586,1.0,1.0,1.0,1.0,12.680199223558011,1.0,1.0,1.0,1.0,1,1.0,1.0,1.0,1.0,1.0,3.821709852292073,6.694031483790764,1.0,2.3315789095449677,4.273971771363474,1.0,1.0,1.0,7.310153781336909,1.0,1.0,1.0,1.0,1.4008513665815128,1.0,3.307922519159053,1.0,1.0,1.0,1.0,1.0,1.0,5.652097437455032,1.139957278554327,1.0,1.0,3.4705668548908086,1.0,1.0,1.0,1.0,1.0,1.0,1.0,1.0,1.0,1.0,1.0,8.398042290012265,1.0,1.0,1.0,1,1.0,1,1.0,1.0463690788850777,4.831694873397816,1.0,1.0,2.4089152615210576,1.0,2.605979741874729,1.0,1.0,33.18887376224874,38.71746576346094,26.78832447617658,3.681687811219286,17.836155080289796,1.0,1.0,1.0,12.018880663299829,1.0,1.0,1.0,1,1,3.693068000566535,1.0,1.0,1.3144535423443018,8.649295803581815,1.0,1.4696809037884446,2.4015194764943737,1.0,1.0,1.0,1.0,1.0,1.0,1.0,1.0,1.0,1.0,1.0,1.0,1.0,11.270695421771563,3.586045991937878,1.0,11.83126810549366,1.0,2.337245842880982,15.490610376168805,1.0,1.0,1.0,1.0,1.0,1.0,3.39787993915065,14.965716285914892,1.0,1.0,13.793180479312046,1.0960854219162053,1.0,23.880446543390256,1.0,25.67665671941832,25.67768280345241,1.0,1.0,1.0,6.556262452675417,1.0,1.0,1.0,3.4496996533400144,4.503601044105583,1.2014560051499374,1.0,1.0,1.0,1.0,1.1117344627134835,1.5974091716195056,1.0,1.0,1.0,29.272322627178408,23.319307912640685,26.00131077451601,25.87920039370189,14.932696102514171,2.5442251829268616,1.7403341649405235,1.0,1.0,1.0365299262262324,1.0,1.0,24.19654072087785,1,25.515043931560797,1.0,1.0,1.0,1.0,1.0,1.0,1.0,1.0,1.0,1.0
TEST_07+4일,3.651926120972408,1.0,8.095817308548845,5.427170527096841,1.0,1.0,5.56435771573639,1.0,8.141853328906397,1.0,1.0,6.176461461554148,1.0,1.0,1.0,1.0,1.0,1.0,1.0,9.308246191950625,1.0,1.0,1.0,1.0,1.0,29.67220591387355,1.0,32.39617693665091,1.0,1,1.0,1.0,1.0,1.0,1.0,1.0,2.35189858424676,2.019036549765421,1.0,6.998759109439578,1.0,1.184242453532406,1.0,1.0,1.0,1.0,1.0,1.0,1.0,3.784235603518837,9.14097773464919,1.0,1.0,7.377532522347982,1.0,1.0,1.0,1.0,1.0,3.9730071635964777,11.81267838624286,1.0,1.0,11.499656368474842,1.0,1.0,4.5671065977471885,1.0,1.0,4.319708135593874,1.0,1.0,1.0,1.0,1.0,1.0,1.0,1,1.0,1,5.7257181562559625,1.0,2.655399200577124,1.0,1.0,1.0,1.0,1.0,1.0,1.0,29.029022986447234,26.422060457149996,28.27006907687343,1.0,1.0,4.085943551978872,1.0,1.0,1.0,5.319685464490339,6.476884460715817,1.0,1,1,1.0,12.248370520979728,1.0,1.0,10.898250994202826,1.0,1.0,1.0,1.64328849489841,1.0,1.0,1.7877572040158318,1.0,12.402553015885797,1.6564753392812703,3.736582070320567,1.0,21.679293457440863,1.0,1.0,28.51647521747669,17.56999115995394,5.678811094585478,1.0,23.082354950536512,1.0,15.054943324096232,1.0,1.0,1.0,23.6335123674858,1.0,1.0,1.0,1.982541784148237,1.0,1.0,1.0,1.0,7.572660363300792,2.838591229240646,1.0,1.0,1.0,27.06410090188534,1.0,4.1795677627904695,1.0,7.224445176543311,1.0,1.0,1.0,1.0,5.277354812774635,1.0,1.0,1.0,1.0,1.9554973887324565,1.0,1.0,1.0,1.0229063937601293,1.0,20.01669779451388,24.518884386354927,1.0,22.235313211114523,2.708186251934796,1.0,2.50217010741263,1.0,1.0,1.0,1.0,1.0,17.3257302622317,1,1.0,1.0,1.0,1.0,1.0,1.0,1.0,1.0,1.0,1.0,1.0
TEST_07+5일,4.822553106577154,3.5837684190575643,1.0,4.196976637749101,1.0,1.0,5.969553103789036,1.0,1.0,1.0,1.0,3.4346152875656117,1.0,1.0,1.0,1.0,1.0,1.0,1.0,7.455072333482103,1.2770998823075643,1.0,1.0,2.0261990914200427,13.640989941031854,3.4226918691764974,1.0,12.732498473654184,1.0,1,1.0,1.0,2.6351988918696727,1.0,1.0,1.0,3.516079281511983,3.4964354188987303,1.0,4.473284392254945,1.0,1.0,1.264185194749451,1.0,1.0,4.686888201136628,1.0,1.5983771421801618,1.0,4.66207206209919,7.581444162409682,1.0,1.101944720289067,1.0,2.6839094794812457,1.0,7.352693985977167,1.0,1.0,1.0,1.0,1.0,1.0,1.185755293006436,1.0,7.884054549607187,3.17359494524702,1.6803835769754605,1.0,2.4310083391965924,1.7964432273263182,1.0,2.1364620767912195,1.0,1.0,1.0,4.157998647352455,1,1.0,1,2.1218755348774705,1.0,1.0,1.0,7.2617688876766575,1.0,1.0,1.0,1.0,1.0,18.462697670760484,21.114786933052336,29.788808799286063,1.0,1.0,10.067444823655432,1.0,1.0,1.0,1.0,2.6023495892832083,1.0,1,1,1.0,1.0,1.0,1.0,7.754022566327223,1.0,4.970455883494326,5.153931996508524,2.7785422908902357,2.185272579950741,1.0,1.9541605835781728,20.635834792992345,1.0,11.287533129431896,1.0,1.0,1.0,9.316279753412426,11.705468217940194,1.0,6.133914563037719,2.5209030222909523,1.0,14.711180317669282,22.866566316115488,24.317979150126604,1.0,1.0,47.47983006183891,6.205019012332108,1.0,29.284472012375424,1.0,1.0,21.998505712487727,1.0,8.726689833454278,11.31344020167005,16.006210697658677,3.0626470911673485,1.0,1.0,1.0,28.627849054364397,1.0,1.0,1.0,7.251792184808544,1.0,1.0,1.0,1.0,12.814132178757283,1.0,1.0,1.0,1.0,1.0,1.0,1.5501911633754188,1.0,1.0,1.0,11.881458887803394,24.16454796474489,1.0,1.0,18.58995763247221,1.0,1.0,1.0,1.0,1.0,1.0,1.0,14.767226423392104,1,39.523644088112015,1.0,1.0,1.0,1.0,1.0,1.0,1.0,1.0,1.0,1.0
TEST_07+6일,1.0,1.0,1.1474476281834156,9.79315472689674,1.0,2.986643811806113,15.607461460850454,1.0,3.659940924752635,1.0,1.0,17.048128710577103,1.0,1.0,1.0,6.910854245808133,5.330095018268406,1.0,2.106783161356584,5.154162124482083,7.090843795754769,1.0,4.224675104303005,1.0,1.0,2.1156869560971794,11.626554134669858,14.527851743135132,5.569625136147422,1,1.0,1.0,1.0,4.054221863490574,1.0,1.0,23.71798343674832,1.0,9.561521628577209,29.685445135416533,1.0,1.0,1.0,1.0,1.0,1.0,1.0,1.0,1.0,18.495444823072777,10.177176569129012,1.0,8.212874610703146,1.735984049652819,3.937553333397725,1.0,1.0,1.0,1.9410233804195367,1.0,1.0,1.0,1.9871528791028932,1.8123754908335743,1.0,36.1480394524532,1.3314204035015489,1.0,21.548077168000844,1.7458624542808183,1.0,1.0,1.0,1.0,2.952338321769416,1.0,1.0,1,3.445300300153833,1,5.635915425748172,1.0,4.713054894972881,1.0,8.814797281726884,6.675070390928544,1.0,1.0,1.0,1.0,37.74104649041124,34.168530802010366,24.099925722767672,2.9607357959508143,1.0,7.130637361819397,1.0,1.0,1.0,1.72052443416365,4.83170944366436,1.0,1,1,1.0,1.0,22.945284969359648,1.0,12.624831508087164,1.0,4.262023517470047,1.0,11.140001470663927,2.7039649902444878,6.080387945762181,1.0,12.25599189292419,1.041711899000955,7.456715786592379,17.05162701890635,10.176939418037316,1.0,1.0,17.489036682779357,4.233973267703119,22.66048166933964,4.42671767572903,28.392454668470627,16.39556034480291,22.39506741595716,19.00562199312215,1.0,1.0,39.050544671889845,1.0,22.357370796661066,19.91901552957809,1.0,5.713360654560576,22.01503492677912,14.06412881216322,14.05242068643532,7.878868442724843,6.561433759648335,2.6496997074296136,1.0,1.0,1.0,16.06177511957405,1.0,1.0,1.0,5.85656543026014,1.0,1.0,1.0,1.445226430534266,10.418502909561584,1.0,1.0,1.0,1.0,1.0,1.0,1.0,1.0,1.0,1.0,14.752096685387633,22.610918775609115,19.54923872147175,14.950681958631554,5.7116292593238045,1.0,1.0,1.0,1.0,1.0,1.0,1.0,5.625722685644638,1,1.0,1.0,1.0,1.0,1.0,1.0,1.0,1.0,2.6004935559356106,1.0,1.8061308360099453
TEST_07+7일,15.188867367378462,1.0,15.477501649701331,36.515731275814375,3.372948689588304,4.693067982837376,5.075757725940931,1.0,1.0,1.0,3.4688490087544044,12.227431649416236,3.012595890425765,1.0,1.0,1.0,1.0,8.529346232283281,2.3953567531908697,1.0,1.248729950729522,1.0,1.0,1.0,1.0,1.0,1.0,8.144151419223608,2.5071159803907084,1,3.208778097016329,2.2810726878769025,1.0,1.0,1.0,1.0,19.42579483491365,1.0,1.5090818341209544,35.08700448151802,1.0,1.0,1.0,1.0,1.0,8.45489919416819,3.988606696581925,11.796251915647188,2.166730958790221,3.964009777942847,9.096807411069392,1.6674992879539574,9.863222812938927,1.324040474173621,9.262510962897483,1.0,4.9475998783529125,1.0,1.0,1.0,17.71058912007052,1.0,1.1833991779074768,7.119765202132281,1.4916677497782325,2.3060409154337127,4.123714250296965,3.1967404138237967,10.607942844686354,3.690447329309511,1.2993725353634222,11.845371679708228,1.0,1.0,6.452385144890291,1.0,1.271696559277361,1,1.0,1,1.0,1.6538995242556311,2.107278806979831,6.616808579522109,5.672038538448955,8.779158208492747,9.569709166998129,1.5561635914996994,1.0,7.954112454409486,31.50852050343886,16.4307576284673,19.02336288399807,2.932276048625189,1.0,1.0,1.0,1.0,1.0,32.725089753658565,6.298557114440341,1.3922464851779104,1,1,13.012699463267571,1.0,23.10533120758225,1.0,11.117028677146884,1.0,2.96599338976419,1.0,2.5560534394668952,16.795073229112376,1.0,1.0,5.268816785263337,1.0,9.438654267367966,19.839764579228863,27.9753155359487,1.0,25.013364202003277,28.291111782709997,1.2173294868486422,5.062139385859188,1.8009677402095288,1.0,10.358187300211275,1.0,1.0,1.0116267052275163,1.0,23.69481886092409,16.729724427871606,1.0,21.733345256598582,1.3622693138108946,6.86323789334296,27.18020755209355,11.021207839514917,3.517097078838023,15.8039521837797,7.933259319885023,30.70147957065401,22.284932963108357,1.0,1.0,22.98880552224382,1.0,1.0,7.525474570618102,5.288616913580649,3.5263587580936875,1.0,1.0,3.1415448809732727,27.25599894081476,1.0,1.0,1.0,1.0,1.3172824440280773,1.6665142503170984,1.0,1.0,1.0,1.0,25.933690189627143,22.595120134472985,8.72138373119895,32.75263088029008,2.932887586543036,1.0,1.0,1.0,1.0,1.22522813139695,1.0,1.0,9.588411906696734,1,2.351352539722443,1.0,1.0,1.0,1.0,1.0,1.0,1.0,1.0,1.0,3.975981304465104
TEST_08+1일,1.0,1.0,25.86683572936423,14.563846432445576,3.4630624567274486,2.93012467448936,6.082306504505549,1.0,2.672697357281689,17.82207648131198,9.394079782180407,1.0,1.0,1.0,1.0,1.0,1.0,25.01206002750015,1.0,1.0,3.287110789922733,1.7805096112052583,14.303606956555432,1.0,1.0,1.0,1.0,1.0,23.681398018252064,1,4.820177392451046,10.717048913744517,4.893526080800529,1.0,2.444893467237944,6.118172029611194,22.944859783721004,1.0,8.511590172797765,23.588577874586345,7.059686798318232,1.1311115138896382,30.198658133797743,1.0,1.0,6.694986012250253,1.1420780065223597,9.717013243581746,1.0,8.554513169599803,16.43072564789222,1.0,24.01401053872818,1.0,6.31296638114751,1.0,2.4747695126925677,1.7896599544716587,1.0,1.0,32.90986826093845,3.653218474450539,32.03304839306487,4.38321114398602,30.12950958273884,1.0,3.884674540977585,7.022436440418954,25.297179441085163,1.3539965528285522,1.0,25.700323214677628,4.114906112024741,1.2830520261891234,8.479435448923454,1.0,1.0,1,1.0,1,3.616105733057405,1.0,4.875692057133631,12.919404028096086,4.736530968991899,7.258192392437702,1.0,6.103581564328934,17.35190820601724,9.674039854156872,27.18370480999749,36.59634830865047,38.83069669799887,1.6178324240099071,1.0,1.0,1.0,1.0,11.944869135320126,23.45551421300265,19.556047008342546,1.0,1,1,41.785586270861934,1.0,43.63390846223803,1.0,12.6248007000351,1.0,2.5486798779320234,1.0,1.0,6.393792541310499,1.0,1.3643685004427102,1.0,10.265686561297894,15.63808052492772,22.56404276872214,1.0,1.0,25.57434399621124,26.793796247877538,1.0,1.0,4.396807656280818,1.493199202390848,10.260288362658851,1.0,1.0,1.0,1.0,1.0,1.0,1.0,1.0,1.0,1.0,1.325294275440245,1.423222823855073,9.914365189102195,1.0,18.38349159234229,17.966173247951666,1.0,1.0,22.863527950871383,35.47542241908763,1.0,3.936755119925194,1.0,5.502931472974697,2.4695639484110967,1.0,1.0,3.405852940953804,13.516856598818212,1.0,1.0,3.4435324550326087,1.0,6.740098063907335,1.2024850306414363,2.228684864238184,3.3580459288099336,1.0,2.5438018560732583,31.672415327212395,5.156443901669259,1.0,9.25481544676221,1.0,1.0,1.0,1.0,1.0,1.0,1.0,1.0,28.334215038348667,1,15.852735410508622,9.964658946957684,4.15336072191152,15.340052753902386,13.102489901659617,37.0214294698359,6.884635922000698,38.23534100404181,40.95970507060788,4.997278126758018,43.96165766843088
TEST_08+2일,1.0,1.0,1.0,3.5407768289061017,1.0,1.0,8.657685525261964,1.0,1.0,1.0,13.535083353725057,19.27702723177442,2.1006877845194007,1.0,1.0,1.0,1.0,1.0,6.024148112635835,1.0,1.0,1.0,1.0,1.0,1.0,11.20423035408115,1.0,1.0,1.1271322574014968,1,2.1311539674451456,1.0,1.0,1.0,1.0,1.0,11.119960970486996,1.0,4.731844917865412,6.060966515906019,1.0,1.0,9.33390957893335,1.0,1.0,1.6565310903180304,1.0,1.0,1.0,5.743091106326348,3.0602129004792387,1.0,2.71481161331261,1.0,1.0,4.532274485158685,1.0,2.288608191180338,1.0,1.0,3.763240535608565,1.0,15.399516051882513,1.0,14.117042569415784,1.0,1.0,1.0,1.0,1.0,2.098264005154138,1.0,1.0,1.0,1.0,1.0,1.0,1,1.8042774443709693,1,1.0,1.442280121454938,1.0,2.2416696650852668,1.0,1.0,1.0,1.0,5.69706262951798,1.5406955052342748,32.75939297331477,32.15122862494243,18.1875618009635,1.0,1.0,1.2190824793669046,1.0,1.0,17.163908128136615,1.0,1.0,1.0,1,1,1.0,1.0,6.194694296444895,1.0,7.279854672625365,1.0,1.021286730840964,1.0,1.0,1.0,1.0,7.882742090465922,1.0,6.077030750914573,1.0,1.0,1.0,1.0,1.414836620390908,1.0,1.0,1.0,2.644910897203878,1.0,12.096565421296257,1.0,1.0,1.0,1.0,2.8105663225514323,1.1440302309235997,1.0,1.0,1.0,1.0,1.0,1.0,1.0,1.0,1.0,1.2739307355258378,1.0,1.0,1.0,8.161185635138082,1.601280551308916,1.0,1.0,6.024673981063251,1.6940777415323849,1.0,1.0,1.2779749735216075,5.299685528085017,1.0,1.0,1.9016214518360848,1.0,1.0,1.0,2.961885221904688,1.0,1.0,1.039635873008656,1.0,1.0,1.0,7.581628187835802,5.391458069516834,1.0,1.0,1.0,1.0,1.0,1.0,1.0,10.722701749468666,1,20.294052477641134,4.58332600180704,3.1311682723218808,1.0,9.274249670294108,41.95392470240064,1.2301490338132814,1.0,3.141793279658873,6.715497149728483,1.0
TEST_08+3일,1.0,1.0,8.903538991477683,3.608014946338144,1.867137639030482,4.748279436834381,10.268133698532171,1.0,14.49491403307618,18.55452407424347,1.0,1.0,1.0,1.0,1.0,1.0,5.415724656877677,1.0,1.0,1.750991126389107,13.897868995070194,1.0,1.0,1.0,1.0,1.0,1.0,6.607481000327345,1.243180912059589,1,8.757817148764754,1.0011623151523266,1.0,1.0,1.0,9.159691874590251,33.79707429926376,1.0,1.0857482887010292,19.0187419857426,2.3573634345119223,1.0,10.54661883093761,1.0,1.0,7.763856110970071,1.0,11.60488079427824,1.0,5.147311262697658,11.93847387155479,1.0,22.19592488081704,1.0,12.218002173971426,2.6487549321070065,1.0,2.4751495884693018,6.31991638465633,1.6063258892793548,2.102355855770908,5.771044677808498,15.858788971376544,1.998334144501612,1.0,23.43156413368228,1.0,1.0,16.363978207850707,4.782693517829035,2.646818216150812,3.6726502490909736,1.0,1.0,4.382753594390353,1.0,1.0,1,15.847625833496265,1,1.0,1.0,1.0,14.55921090468824,7.309072669735423,1.0,1.0,1.9874635248857448,6.939247880475998,7.069286300601262,36.488481546403385,31.180061142147387,14.38737080655141,1.0,2.0238761742234543,1.0,3.199646257003742,1.0,16.02565765420404,11.962900608553594,1.0,5.182506978048462,1,1,1.0,4.13996052808885,23.800410442462447,1.0,22.75854356525313,1.0,6.399362950042504,2.596557363123352,1.0,4.046083805829219,1.0,1.0,1.0,1.0,8.538932290081721,1.0,4.580625436954855,23.745612879572256,23.22370898751487,18.797743210070728,1.0,3.0350699560088232,9.6500066795547,1.0,17.31740522202577,6.169565554961598,1.0,1.0,1.0,1.0,1.0,1.0,1.0,1.0,1.0,1.0,1.0,1.0,1.0,1.0,10.13146603468616,1.0,1.0,1.0,35.73505134242304,1.0,1.4138321367778792,1.0,6.591586583702699,2.1978908066375173,1.0,1.0,11.118120409085892,3.769059392847761,1.0,1.0,1.0,1.0,3.139092464793658,1.0,1.2072377310424074,1.0,1.0,1.0243012816060424,27.525107937068608,20.415845496824225,1.0,3.0827497756852016,1.0,1.0,1.0,6.833140227169924,1.0,1.0,1.0,1.732564803258387,30.86380164425338,1,27.16945338819033,6.204783510025441,9.07440043973919,8.300293721310597,4.036595360183835,39.71628534630574,22.2962904344228,33.22634452671797,32.31478323252995,5.581731240649815,5.083128142594607
TEST_08+4일,1.0,8.20576897839545,7.761564372207604,6.401646234206951,33.13129244713874,1.0,8.465235129499293,1.0,5.455191130162663,1.0,1.0,1.0,1.074487906262346,1.0,1.0,1.0,8.985255600875618,1.0,6.912955781235036,9.577142199347682,12.15573062625153,1.0,23.4779388324728,1.0,1.0,2.96558808624729,4.897391683031576,1.5106648705027048,29.742349951322925,1,1.0,5.972309866832535,1.6592018628492298,1.0,1.0,1.0,20.722856436378883,1.0,10.305345540664192,28.52450644804678,1.111804639925953,1.0,5.602451665093486,1.0,3.0105596643983144,5.617209203155923,1.0,11.467076571979597,1.0,11.95285307679417,6.686250804706017,1.0,1.7629837904331322,1.0,5.174913123182767,1.0,7.228672996698221,1.0,1.2719324925327935,14.957713674413265,6.3178332796547085,4.605837489854307,9.81523400308034,1.036494510826382,2.267538094447684,1.0,4.060943839638128,6.876727740218197,19.77643078444708,1.0,1.0,2.8894058443496915,1.0,5.603850708889893,6.202448995250905,5.330686630614457,1.0,1,1.0,1,1.0,4.723731038238777,1.0,1.0,4.511657980000688,7.198888376332124,5.920457068400939,1.974944463541352,8.544516288656585,15.562874611494498,16.225865930846105,21.427587112653317,34.55305660179056,1.0,1.0,1.0,1.0,1.0,16.786182139354498,18.53518417472609,1.0,1.357820670977656,1,1,1.0,1.0,31.875405144789426,1.0,21.6091592627757,1.0,1.1015876980711214,1.0,11.15839092788254,1.0,1.0,3.1544263386466564,5.822318666329308,1.0,8.227174508004602,5.097043260161031,1.0,21.045161870417616,1.0,4.083913546072864,27.66263698019229,25.487653914679758,3.684178377499773,10.999670317094086,10.659561251343751,1.0,1.0,21.329696563946147,1.0,1.0,1.0,1.0,1.0,1.0,1.0,1.0,1.0,9.809516192267765,5.452891532722904,17.10146514070111,6.535746511481776,1.0,15.988170852847476,28.13512533821304,27.359426334019837,1.0,1.295154784774341,1.0,6.929912569492774,4.498181003807044,1.0612026907119363,1.0,7.931153831324586,7.911179014158553,1.0,1.0,1.0,1.0,5.522330641504166,1.0,2.9812592633159847,1.0,1.0,2.342314558430681,13.232826490305843,17.797262149966937,22.148083825974304,5.548282307561362,14.080293190714626,1.0,1.0,1.44000008769902,1.0,1.0,1.0,2.279357600655484,11.159572845482938,1,26.06999260519803,11.776234079734106,3.684319515548432,4.907000456526162,16.930919100214137,40.46443712986779,19.471489905961327,22.117747301307585,26.802972449144573,1.5474315543932375,12.735019474127007
TEST_08+5일,1.0,1.0,4.44495655868807,4.821681147686653,9.471358593806372,1.0,8.103028662699465,1.0,2.134948922331609,5.430749373580087,12.173778488294802,15.653478400255366,1.0,1.0,1.0,1.0,13.983423017947542,5.631496804907746,1.0,3.787040895691599,1.0,3.858626893703152,1.0,1.0,1.0,1.5898401813876866,9.63221442907411,1.0,10.474203063294231,1,2.3269469461940937,4.442303840568532,3.967150981237028,1.0,1.0,5.129883716795012,12.887625935952013,1.0,1.4351574473702473,34.38457677425344,5.21965899710573,1.0,16.526079242717714,1.0,1.0,4.364138620446188,1.058958602527375,5.316295994278359,1.0,22.92168235327051,1.9060603815839785,1.0,2.692373448725087,1.0,21.993514495828464,4.056066788453037,13.437981503666606,1.0,23.252730682913143,2.8444872107801102,16.155989855827162,7.257440690713572,1.7306031186783484,3.4973052541968785,14.472585499793666,23.440669001531614,1.0,4.796395337769105,2.355375393857025,1.227582295172256,1.0,18.75136870196197,1.0,9.022660887071712,3.6125662063786455,1.0,3.143162938913516,1,8.32196045010537,1,5.701854171020818,3.9620588328441806,1.4488540629116458,14.828918913993055,9.357857281126824,7.999018821362862,1.6994397294199048,1.952421929008706,18.744277715133254,19.85442395578354,37.50458625547861,21.72995018823605,38.22887249716749,2.4917165222243445,1.0,5.796627827773438,1.0,1.0,14.72477105999766,27.146007038926005,1.246279946771523,1.0,1,1,1.0,1.0,32.06863488886006,1.0,15.676680592498396,1.0,1.4475285752830358,1.0,18.82620198393656,12.246361486035136,1.0,4.012830284417266,4.719288603048157,1.0,17.30635314458975,14.551296931775942,1.0,8.293198954180266,22.84678950188704,3.613698802433885,1.0,22.711349823994265,3.4583183449835677,1.0,28.08794611665637,1.0,1.0,2.14196713458236,1.0,19.93155838770592,1.0,3.462415546837121,1.0,1.0,1.0,18.557418529287258,1.0,1.0,15.801404874442992,12.45491532989252,9.66142076903707,1.0,2.0802739178138587,1.0,31.73363191028645,1.0,1.0,1.0,11.021263745112936,2.913306284985418,1.5751157074660866,1.0,5.868719446644228,3.4312508156228088,1.0,1.0,1.0,1.0,4.458924571877467,1.0,3.906251006655273,1.0,1.0,2.9407011327411494,10.605123613984276,28.14367584551002,27.221956197072416,3.3614852955222303,23.966950690477457,1.0,1.0,1.0,1.0,1.9692358396842504,6.336998396218925,1.0,22.63314522278533,1,27.34062893540293,10.939512470819349,6.405455933691818,12.383175080974796,21.500045840119657,41.1702997991327,14.712001072101248,11.310552331290731,27.83997125229842,5.127486551840272,11.65352165287644
TEST_08+6일,11.73829428398614,1.0,5.985403768211565,18.73713412990137,7.238463517632838,1.9941519964258103,10.21664228424365,1.0,1.0,23.84989846383414,10.732515875680363,1.0,1.0,1.020733276275753,1.0,1.0,5.24417854999091,21.76901065219913,4.873449629910305,1.0,10.540786516724896,12.092823073790786,1.0,1.0,9.171376535814344,2.6297152895479265,13.224023912642911,24.380374448901044,14.616218362399357,1,2.0132344001357545,4.995783464225747,7.049256262508678,1.0,1.0,1.266587160788371,37.01486037638817,1.0,10.961359060531915,14.402857675548193,3.078867915692521,1.0,16.961693350846712,1.0,1.0,7.65056075010602,1.1669246579741566,14.561184680567392,1.0,9.289385488084868,7.359174577675998,1.0,14.559841354197248,1.4346605681921607,9.235494259630585,3.627416974316438,11.664593589928906,1.0,1.1692299934076522,2.14765652350602,21.30924515264436,6.759520862376054,8.942902315010855,3.365497173046867,5.673495674551364,23.37462591831668,2.243953962389765,13.311876301121163,8.036045678034755,8.320939325049238,1.725375995411181,13.042628829108317,3.55704677072499,16.16347012081818,7.821732331564092,1.0,1.0,1,24.007431021477306,1,5.774103583038151,1.0,5.440919697902241,9.156526263801384,18.585305291084296,5.759344528453658,4.192708951830617,14.478577606279789,8.238570184193685,25.2095096170049,22.511657570943036,21.465966999315945,29.418921569352783,1.0,1.0,2.12737615539259,1.0122803444115258,1.0471771403996717,9.937532985466955,26.89585718161725,11.161316826303525,3.544931073956664,1,1,9.067953310863498,1.0,27.719669200543564,1.0,19.698010920628043,1.0,4.877267142605085,3.775474466469414,3.1007058622843857,4.04206872703106,1.0,1.6737997266722642,3.836299417810897,11.076469949229098,10.575853413500786,6.031048496141283,1.0,1.0,20.50212233170004,31.160085344458576,1.0,24.37724780658197,5.73178976033878,1.0,10.123952913632031,17.850205750827698,1.0,1.0,1.0,10.775991495911343,6.977330485866488,1.0,16.89887577321262,1.0,2.3760270186619867,11.254857218040584,1.0,2.67927767603253,9.006874397730055,12.87221041308739,22.786748709359976,1.0,3.1965471444412272,11.248354936810813,40.66274306683169,1.0,5.337955488111503,1.0,5.576890320998215,8.716083440283724,1.0,1.0,6.332446720494633,8.136643860733392,1.0,1.0,6.860705402591114,1.0,7.617282966237605,1.0,13.732282127186885,1.0,1.0,2.7137389265751426,23.986281312122173,9.475354214924485,13.347105020403344,1.0,10.76107150254818,4.315990413683966,1.0,1.7302610907410172,1.0,1.0,1.0,1.0,25.90836265068592,1,25.636945488887864,22.50205011140845,4.802577212818132,24.724132755519136,32.87999128810356,41.14612344321191,21.785504277237266,12.993714818767211,28.195058459249715,2.7078560360560657,25.91747457006306
TEST_08+7일,1.0,1.0,35.06663310350354,31.18107474929543,26.263223945398607,5.8355895335164,7.556396145779912,1.0,10.553658079530743,18.920769326745667,13.35462844548553,4.232921603653845,1.0,1.0,1.0,1.0,1.0,8.757981738757579,1.0,1.0,8.168847209641994,2.92817725118562,1.0,1.0,1.562325093849928,1.0,1.0,1.0,35.97064089906577,1,22.581821242062315,8.225250077637032,9.720630988751724,1.0,1.0,1.5891406761561675,30.652240831826,1.0,14.50869846509735,43.38330706569308,7.832167995012366,1.0,1.0,1.0,1.0,10.645808884952157,2.3284107207486104,3.3092576749426814,11.318633348054265,7.147830035469077,31.192244665446747,1.0,3.618917565519592,1.0,10.722094932232771,1.0,12.834577396773357,4.594094474027708,2.4272742957469813,1.0,28.774380440075767,28.33732366580821,14.001555576608409,6.710143079547893,16.436502437878413,26.033161759608475,1.0,10.840238006953356,24.89785078646181,1.0,1.9582234050275,9.627716098689918,1.965696771927114,36.94224322872344,15.513777058521075,1.0,4.167696550972685,1,1.1883732257933304,1,8.217787648749855,1.0,1.0,24.27724107280431,5.558237507364301,14.86864091358274,15.093737172692324,5.514978015533662,18.25697264814315,42.14007800222365,18.267828157172254,29.01369278787229,21.63902726197906,1.246055686385551,2.273282487034729,1.0,1.0,3.123984044356072,3.44601149854405,18.282693195631158,2.4731913643052024,1.0,1,1,26.51191454201883,1.0,32.057195104152434,1.0,24.440986168497357,1.0,1.8335006305988504,4.520268693161372,3.675828452268236,1.0,1.0,3.3854121478592942,6.234969687584385,16.37152862851001,21.573879182157253,26.672719342015498,1.0,1.943128785700535,2.74872358680214,6.545722544503388,1.5887240693018696,30.83432802287669,4.804359096246507,1.0,10.588379936454478,1.0,1.0,1.0,1.0,21.219689584513343,3.87361171729432,1.0,1.0,1.0,8.85191671222221,6.613361795131048,1.0,5.124101347607198,3.3107245671125765,12.29608285174232,10.916920383471483,1.0,26.93966481959383,25.221772756101803,26.046840842725228,1.0,1.0,1.0,5.012161229910441,4.00280933909213,1.0,1.0,2.000355816783336,16.702822373122,1.0,1.0,1.0,1.0,8.81138897902131,1.0,2.286640704947976,1.0,1.0,1.0,10.214906176815198,20.221385615358667,1.0,5.0781815340598255,1.0,1.0,1.1179788979486047,1.9478459120976923,1.0,1.0,1.0,1.0,20.996093549579378,1,17.299711112616855,8.976246100291956,2.7347749658793634,7.5422703524519585,1.0,39.4571975655552,17.809812028769652,15.920345266104476,33.901480694144134,5.395383738181891,30.920211792062343
TEST_09+1일,1.0,1.0,11.159492436850778,10.626778490688745,1.0,19.834000886422626,5.715688106162339,3.281160564805918,5.511576968418354,13.47348490563716,1.0,1.0,1.6805816474504018,4.93093402653957,9.80381232398847,17.851256200884116,1.0,1.0,1.0,7.878240128640642,1.0,1.0,1.0,1.0,1.0,1.0,1.0,1.0,12.257305474769062,1,9.981941101027704,5.321247281372591,3.6014464646148947,1.8034013655579892,1.0,2.4433043137778423,31.1418072787968,1.0,19.91211982373462,17.373155151773407,12.105561620127077,2.811771937341104,11.718366007550054,1.0,1.0,3.7418008352848826,1.0,14.682503150504006,1.0,6.251890599366501,38.30636330676091,1.0,28.498719052984647,1.4894843663194255,10.244539287425356,2.88047543494527,25.678434291790303,5.580971048360586,3.895916399231324,1.1397913801098154,40.9355060240359,20.271892476716754,18.293878210653983,11.16539052177229,33.40780737726856,27.917628010469144,1.0,1.0,9.471313499448836,6.911297256711417,2.46785960971534,32.841706769797376,1.0,8.131944200183257,4.4588932352862045,1.0,1.0,1,1.0,1,1.0,3.7952551404597568,7.237246664317334,1.0,21.170550475693965,34.14590847544194,3.349780127587282,5.421655540861372,4.21553381885791,18.26203739958657,39.42943691428163,26.80113865182196,32.209370489328506,1.0,13.402928367905488,2.6685701267450312,1.0,1.0,35.11284695184543,10.112895885468166,21.53044498847225,1.3343559186085077,1,1,24.10980314071804,1.0,28.485629160993792,1.0,24.152067779045684,1.0,1.0,1.0,13.364230165873565,1.0,2.2907751088407484,1.0,1.0,27.51054033045437,4.660318064555252,8.731962347417268,2.9556681816815065,1.0,1.0,1.0,1.0,2.0881258119427164,5.006897409252675,1.0,10.902516551884856,1.0,1.0,1.0,1.0,1.0,3.618519841013735,1.0,12.84060273907773,1.0,11.366971042799976,6.401975544016182,1.0,1.0,28.8930021412365,1.0,30.00699774121831,1.0,1.0,1.0,33.762284715267704,1.0,8.577340429950597,1.0,6.818218833546932,10.749194324374862,1.0,1.0,23.94858167679287,41.498799910121576,1.0,1.0,2.506670378763308,1.0,25.910620033204275,1.0,4.826149623118395,1.0,1.0,10.19868832465236,3.6677216012013,27.45738940593324,23.425929044717705,7.180080856377785,1.0,1.0,3.8473099398158856,5.113197458004017,1.4087307704345622,1.0,1.0,1.0,27.16129974254362,1,18.976448412845077,15.758744645182912,2.2802362093384327,3.217230152516476,15.537013240026733,39.64831822671037,15.870834954003955,28.07503213843634,14.418876211036864,10.595570031017854,29.108066422636
TEST_09+2일,1.0,1.0,1.0,8.305672045485386,1.0,16.69420334293294,2.97669241665247,1.0,1.0,5.930893964942234,1.0,3.890979157289253,1.0,2.265779695690179,4.634962453305989,1.0,5.460807938565893,8.723801843969055,1.0,1.0,1.0,1.0,1.0,1.0,1.0,9.540697916641896,1.0,1.0,4.81603354754588,1,6.471166892652199,1.0,1.0,1.0,1.0,1.690052555089696,10.259532075841236,1.0,1.0,1.0,1.75831553715769,1.0,2.0785019745154543,1.0,1.0,1.0,1.0,1.0,1.0,4.190591040400587,6.474420857523206,1.0,6.020498521450564,1.0,9.88366154623845,1.0,1.0,1.0,1.0,1.0,7.6306843420074415,14.276969703886657,4.963428863263635,1.0,4.691178336648514,26.125773465203352,1.0,4.636734478088179,1.0,1.0,1.0,1.0,1.0,1.0,1.0,1.0,1.0,1,1.0,1,1.0,1.0,1.0,13.334933920358576,1.0,1.0,1.0,1.0,2.6324012219750665,1.0,27.363372199419675,19.582959780001413,27.339847879513997,1.0,1.0,1.0,1.0,1.0,37.70938652439543,1.0,1.0,1.0,1,1,5.621426406093748,1.0,1.0,4.037315402961678,3.9872673481031,1.0,1.0,2.6025126980132267,1.0,1.0,1.0,1.0,3.1362496558961466,1.0,1.0,1.0,1.0,26.80717446116572,6.406819824138911,1.0,23.444663939038627,23.17816480660866,4.179327279218559,1.0,12.83465057377677,1.0,1.0,1.0,1.0,1.0,1.0,1.0,2.661872421780872,1.0,1.0,1.0,1.0,1.0,1.0,1.0,11.850575467884951,1.0,1.0,1.0,26.668218046596827,1.0,2.4273515124805054,1.0,7.612284168220403,4.629745935775287,1.0,1.0,1.3530207246828638,22.039188246822413,1.0,1.0,1.0,1.0,11.235975753505134,1.0,1.0,1.0,1.0,1.0,3.842970170112169,20.51044352455473,9.380915983417491,1.0,5.864205332639547,1.0,1.0,6.913409038049553,1.0,1.0388717511505488,1.1657807081586231,1.0,1.0,1,19.71345964659877,12.884527267080635,1.0,2.536439438821329,5.963499974908101,27.78426957874874,1.0,14.84954309649197,1.0,1.0,1.0
TEST_09+3일,1.0,1.0,12.780508078839716,1.0,1.0,1.0,17.117839322389425,1.0,1.061501516421449,1.0,1.0,1.0,1.0,1.0,7.316219849453403,1.0,1.0,4.879365701221872,1.7355324756392905,6.056569932149977,1.0,1.193991585170556,1.0,1.0,1.0,1.606253725880568,1.0,1.0,11.688294440581451,1,1.0,3.000392063547073,1.0,1.0,1.0,1.0,24.20563035236251,1.0,2.467116283548072,19.11140859424441,10.823114526207643,5.688569734328751,8.850742025278953,1.0,1.414692587332902,1.4439620112778735,1.9276831935424164,2.797802360698446,1.0,6.50367601699773,7.277155595251373,3.262822222681948,14.500350405471773,1.0,8.47768549671539,5.305891015680056,1.0,2.47636293039166,1.0,1.0,1.0,8.236862400543787,5.405818325448559,4.247172414096017,1.442800730750616,1.0,1.0,1.1264323512493173,1.052574881141304,1.0,1.0,3.057648295920387,1.0,3.297904988178161,1.7895471583606457,20.80545725925852,1.0,1,1.0,1,1.0,10.594046927632853,12.830635083311083,1.0,8.49672875190185,1.0,1.0,1.0,19.281766946506075,7.854309858019443,20.026774233051697,22.85408410935326,16.687197019830005,2.9133589238470203,1.6557495351732276,1.0,6.031841864405988,1.0,29.926856507628194,1.0,6.44189052376557,1.0,1,1,1.0,1.0,1.902890339608452,2.2057811783795658,3.658388396372494,1.0,1.4175055199409956,1.0,1.0,1.0,1.0,2.144864795057562,1.0,3.680220637505253,5.098346748220126,1.0,1.0,1.0,1.0,26.20305277212119,23.59257148290156,1.0,4.168944720089693,5.285349823949075,15.38994904836093,1.0,1.0,1.0,1.0,1.0,1.0,25.474282932622497,1.0,1.0,1.0,1.0,1.0,5.8202042329455095,5.326438068289328,1.0,10.196922018058345,3.241185159548879,23.152364385049424,1.0,36.58515757310163,1.0,1.8486448866672476,1.0,5.490963043691409,2.6702518480301216,1.0,1.0,4.563575099878885,1.854010187072597,1.0,1.0,1.3586366837002486,1.0,5.060572591788966,1.0,2.775434822425791,1.0,2.696618600041648,3.7812680408641977,20.37670934425361,1.0,1.0,11.149413045524334,1.6804786951844453,1.0,1.0,3.0572095818898366,1.0,1.0,1.0,1.0,32.909341349219574,1,25.78090730331412,21.092577976800623,1.4616890846321733,1.5615406195126522,1.0,26.13135495992879,4.9913889858588005,11.027679065008506,28.594041997883533,1.0,2.254103668298595
TEST_09+4일,4.754170379918968,1.0,10.180270087282803,7.717220941080779,3.549242393455951,1.0,12.83568264367104,1.0,1.0,8.863730153589847,1.0,17.788109452986248,1.0,3.105855331927901,8.611739617789603,9.550965715817505,1.0,17.047055480211725,9.27413223867556,6.347864350061265,4.238166089262138,1.0,12.327198905734804,1.0,21.21060743641612,10.858741562622486,1.0,8.79513733301647,7.568011635107646,1,3.953439285631149,1.0,5.856395915254667,2.299823079169073,1.0,1.0,8.34029971611655,1.0,3.800982691716384,38.61127180728287,5.272872770444158,1.0,2.796241391061989,1.0,1.0,17.256593285730577,1.0,41.75640508414726,1.0,11.221261984702652,10.269250920196615,1.4180813093619575,3.427542080262327,1.0,6.190671971026618,1.0,1.0,1.0,1.0,13.723160836068008,6.662497233449264,22.555323701984346,14.757573023008463,4.98773955121424,4.316086690993659,27.191077317003337,4.045287428372797,3.43951417236832,13.375876264261557,2.173090227897045,1.0,1.0,1.0,12.928780551637349,2.5157639780014645,1.0,2.8481865248786806,1,1.0,1,1.0,1.0,6.162532191415651,5.624102712280156,30.66166393457389,17.91048574018664,8.830505988826856,5.818864947614372,7.753918918047288,10.549018375365808,26.048837458469144,29.012530130104352,37.96780670472587,1.4193886711320811,6.972833657384968,1.0,1.0,1.0,38.54680706264512,14.203226228094062,3.9148368857765954,1.0,1,1,1.0,15.197792346188091,7.241734018411198,1.0,2.63362197278513,1.0,3.658949100300573,1.376081976093411,20.19541324365783,2.4631698400398823,9.640190083083445,1.4925308127609602,5.039256128526914,4.355517838905902,10.753790241037535,10.552268396479816,1.0,16.411614275155998,1.0,13.902104615268996,1.0,1.0,4.221478450468978,1.0,14.919798938811171,1.0,2.546468009106375,1.0,1.0,1.0,1.0,1.0,25.900185887152777,1.0,8.60968393834951,6.519268013547596,3.387335891440886,11.380424646731678,4.452190841334152,10.765292454792949,18.502698875908887,1.0,7.23354369382535,1.0,41.44205595688323,1.0,2.7160639372283963,1.0,3.6683439449364266,12.026363881260243,1.0,1.0,8.0665024895534,21.04578450445597,1.0,1.0,2.536944785000684,1.0,2.8808753957537,1.2866859254038523,1.0,1.0,1.0,4.982629713365421,22.712032419929603,21.396117185949493,1.0,8.239849413403139,8.22998966641422,1.0,1.0,2.4088001763714453,1.0,1.0,1.0,1.0,19.621826927261925,1,29.859892330683586,13.200542251579089,1.0,1.0,25.444493549099725,38.091878602537335,8.096041298062133,8.31168540102164,38.69224117336452,4.419102680147128,20.674553070789173
TEST_09+5일,8.814123374537672,19.841461962296595,7.52894677498392,25.17183074413198,1.0,18.71732922931884,21.112686117761346,1.0,1.0,11.951118297239388,1.0,4.983130300410653,1.0,4.47450428441875,3.5433749818296776,9.625360046883015,7.75931743164266,1.0,2.083226885431786,3.5559756140292493,5.4763110015182015,1.0,12.398358705393871,1.0,22.43574150042614,4.931327345982383,1.0,1.0,10.218322504481527,1,1.0,14.75352386274496,11.119828559863569,1.0,3.1838503866630785,1.0,16.99168619566774,1.0,1.7604551308375154,31.63841218738493,3.7174449902700855,1.0,5.932902372985492,1.0,1.0,1.4616400141025732,1.0,29.15475717285297,1.0,9.647833648185625,8.038973199588389,1.0,8.012190748671124,1.279272611105527,1.0,1.0,28.206794213822207,1.6181686836656624,7.933099141529174,1.0,8.24836859952321,1.3024569867071298,1.6564322718205389,1.9578463877162573,2.944689867809027,23.60676384026077,13.22732481088469,2.645396868425724,10.525196670293637,1.0,1.0,1.0,3.2353995272643115,1.0,5.556991081815016,26.4736340274083,2.4288424310905383,1,3.542634028897892,1,1.0,1.0,6.215322155879025,1.0,13.603237721298502,18.554817850790617,1.1874345825707666,3.2853990166449467,2.1798069207181743,13.414764115339583,20.2329776838976,25.8749940026563,25.95990856688194,2.4788055759018595,1.0,5.1511408329892845,1.0,1.0,43.48178362596794,6.291598033459639,11.723310967566269,1.0,1,1,7.848713144173727,1.0,9.716172955201364,1.0,15.15892886451418,1.0,1.0122105612745942,1.046988826355835,6.649090519793138,1.0,4.292516795537043,2.109454308470755,15.34112672419426,2.7369999762431103,32.967064431188376,1.0,1.6015043859582634,9.796550475157426,1.0,3.4812109230680885,1.0,1.0,4.218376116369859,1.0,10.75665315312788,1.0,1.0,1.0,2.466539191555802,1.0,2.644300083210116,12.421654288098534,41.06033358183037,2.861384007580772,13.166327453672558,5.593822074494233,1.0,1.0,24.581389125715194,8.48865329997908,22.768140174019532,1.0,24.048196342229364,9.044685208152837,35.6922101323124,1.0,5.865440125267935,1.0,5.896036888192074,3.053174765669419,1.0,1.0,7.337050504930641,26.982302259809263,1.0,1.0,1.0,1.0,2.2769328056677307,1.0,2.909593686929969,1.0,1.0,6.836368478483553,17.517511804079135,17.172817486533877,1.0,23.981727142386035,18.6803087963362,1.0,1.0,1.0,6.660343224669068,3.088545564925273,1.0,1.0,30.80746603340787,1,23.715329288686156,22.38648728267863,2.7959534320264434,2.6903513301948543,5.693918035246915,38.24903484398671,2.751144940618989,10.470058192727818,39.70621171126868,4.047899625139088,7.9009547764693
TEST_09+6일,10.457573507438363,1.0,12.67412644454423,6.744223106934002,33.06174029698832,16.63914665978531,9.349212661797624,1.0,4.56341947944597,19.646978059667923,2.1249017961093237,1.0,1.0,8.134128695975797,15.871056461909152,5.434744854713238,2.644607749589609,1.0,27.62496162862894,7.170116060012566,5.178891178217007,1.0,15.931358817475624,1.0,1.8818807330984464,1.0,2.535756138483872,1.0,8.419517536406312,1,7.558388609250454,5.516689070996243,16.217079589508188,1.0,1.0,2.047655965640456,35.08972070227662,1.0,2.406516138611718,39.6850012120639,1.0,1.0,14.437010521953784,1.0,1.0,15.68707523724732,5.201908572017067,18.46308637325792,1.881623521831816,5.061224788093245,20.0010020065964,1.0,5.052849952961301,1.0,23.809747218237494,3.744794788501557,4.357311796527079,3.375000835878827,2.695298539143917,22.463190108003147,8.144068075496909,4.694047048725227,1.0,5.733404896775945,7.027840585479812,21.8974490957653,4.170488292074495,1.0056831619587183,9.62070808839052,3.0112252019854897,1.4736162672944193,4.194053988286687,1.0,45.08144149268166,7.21527771249694,13.654092869279634,1.0,1,1.0,1,6.813572252044707,1.0,11.379095158427877,11.093483928693797,17.69487052581195,23.478996842892247,10.616842552546537,1.0,4.596366508535609,10.304853175780265,16.089887960025276,24.13666688373634,32.8230684607706,2.4021357911688743,1.0,12.21273830617633,1.0,1.0,38.77491744898811,17.76640596568995,10.04018498755444,1.0,1,1,5.981403355554574,11.439405457705076,45.776024405290975,1.0,30.22526145049409,1.0,1.5168706005746897,1.0,14.911392661729838,4.049831768326436,18.01513070695537,1.0,15.28841553174352,6.8142187780611,28.614501277055545,9.788210636191138,1.0,2.8215525121151157,25.37919814671497,24.37992376374047,1.0,24.584716719188098,4.937031651186586,1.0,29.205926424079472,1.0,1.0,1.0,1.0,28.623270658893578,5.662581854395716,52.21158442750017,6.601875660150897,1.0,7.130297517133843,12.505832054534606,11.693485137608798,1.0,18.37463579487838,1.4109369091575132,24.089640926934518,1.0,17.94112318844072,27.675032857917092,39.16901470087384,1.0,4.656410075193773,1.0,7.276531243267776,3.2196388022925,1.0,1.0,3.736239037534113,17.360709409667866,1.0,1.0,1.4407884627175982,1.2795480109518804,8.123475259301614,1.0,3.234295566256084,1.194324450965382,1.0,1.0,35.930317201301385,18.95730180189869,1.0,1.0,11.526776713633147,1.0,1.21940908808111,1.0,1.0,9.642721682461916,1.1145907982796728,1.0,3.390087923980644,1,18.19859416591959,24.938311366909478,9.142190615211446,6.600138491797539,5.603963058564573,34.7603666033412,15.075896744889326,17.77755095576207,27.185274036743102,4.950329454575943,10.936898397766065
TEST_09+7일,14.680118953472446,1.0,14.649433343350967,25.357905418154807,28.18826199025756,19.737592308286093,5.205500914577482,1.0,9.728691724548726,12.994143065735203,3.356888853782646,5.089624759908194,1.0,6.417583658398152,36.977288659781,30.329523589087817,1.0,19.773933581462536,22.024340952134388,1.0,1.0,1.0,6.538890258995075,1.0,1.0,1.0,27.548524976441065,1.0,17.393152503025235,1,15.3846479663408,12.13285027604678,18.97700354182201,1.2462916607026369,1.0,6.019089228961254,16.8739589462953,1.3461822094930325,14.020649825789526,37.237085809921965,9.384003050758524,2.4056509213790287,16.020148755645284,1.2743324057892045,1.0,23.62025433637234,1.0,22.897398897189007,1.0,6.459276145981564,16.314112996134497,1.5357052598668144,18.70582022635924,1.0,6.702039018349731,1.0,1.0,2.96272272274932,4.290757187818381,1.0,26.65044143834145,12.612370561549964,6.175845917299426,5.930389070182124,10.047554500403132,25.839009794252927,11.35324886271473,2.5635312161655124,19.471542703314327,1.0,1.2077316678680126,11.92930026340762,5.911560080129262,12.151804060306588,4.201023990305922,18.34724476326332,6.152941021699461,1,2.739347027383593,1,1.0,5.032660792407662,11.885472450512518,8.314229918582315,16.74363389755868,3.5940266124329225,1.0,1.0,11.752902821846249,11.13242032943084,35.71115143607606,34.46031032385981,30.027685394444944,1.5195185839933385,4.973317278048079,4.570656729905563,1.0,1.0,32.96753615405979,11.878082615172008,18.764864644892565,1.0,1,1,26.47254527484353,10.72689279530872,38.14733141938217,1.0,38.42881465750608,1.0,5.19764252382828,1.3222855540736451,4.21218976765063,1.149992157157272,3.813739677486759,1.186099813910905,4.993858370189438,5.090374652907729,2.181798222027333,26.20519007264477,1.0,1.0,2.0188457927287717,6.716502715825906,26.048312257769755,23.06222644430837,3.432548657992157,1.0,11.41280583595681,1.0,1.0,1.0,1.0,26.755887685807693,3.5291648914021443,21.114158514718408,26.017326780706615,1.0,33.21686446361979,2.088513050463109,1.0,10.90263312249608,1.0,9.499699465562143,15.043219835306088,24.236741288167305,10.568525092424036,1.0,39.747367760602486,1.0,2.06980150531108,1.0,12.802835975133515,6.763552527269314,1.0,1.0,9.01879643817109,35.28855053202299,1.0,1.32208542812552,1.2325895401922653,1.0,6.096969591050123,1.0,5.43706191319589,1.0,1.0,7.807962379222515,19.832931540271023,23.698474933207564,19.265088728756595,5.121930071898423,14.558242732009612,1.0,1.6008135222658728,1.0,1.0,1.0,1.0,3.0123166205842096,10.698017169591688,1,29.166578791747938,25.54797762624407,1.0,1.7117810334658985,6.475528229952384,38.61352655561566,10.364811119524338,33.80782895240729,13.471191887449926,8.279194138637147,18.180907004774483
