date,느티나무 셀프BBQ_1인 수저세트,느티나무 셀프BBQ_BBQ55(단체),"느티나무 셀프BBQ_대여료 30,000원","느티나무 셀프BBQ_대여료 60,000원","느티나무 셀프BBQ_대여료 90,000원","느티나무 셀프BBQ_본삼겹 (단품,실내)",느티나무 셀프BBQ_스프라이트 (단체),느티나무 셀프BBQ_신라면,느티나무 셀프BBQ_쌈야채세트,느티나무 셀프BBQ_쌈장,느티나무 셀프BBQ_육개장 사발면,느티나무 셀프BBQ_일회용 소주컵,느티나무 셀프BBQ_일회용 종이컵,느티나무 셀프BBQ_잔디그늘집 대여료 (12인석),느티나무 셀프BBQ_잔디그늘집 대여료 (6인석),느티나무 셀프BBQ_잔디그늘집 의자 추가,느티나무 셀프BBQ_참이슬 (단체),느티나무 셀프BBQ_친환경 접시 14cm,느티나무 셀프BBQ_친환경 접시 23cm,느티나무 셀프BBQ_카스 병(단체),느티나무 셀프BBQ_콜라 (단체),느티나무 셀프BBQ_햇반,느티나무 셀프BBQ_허브솔트,담하_(단체) 공깃밥,담하_(단체) 생목살 김치전골 2.0,담하_(단체) 은이버섯 갈비탕,담하_(단체) 한우 우거지 국밥,담하_(단체) 황태해장국 3/27까지,담하_(정식) 된장찌개,담하_(정식) 물냉면 ,담하_(정식) 비빔냉면,담하_(후식) 된장찌개,담하_(후식) 물냉면,담하_(후식) 비빔냉면,담하_갑오징어 비빔밥,담하_갱시기,담하_공깃밥,담하_꼬막 비빔밥,담하_느린마을 막걸리,담하_담하 한우 불고기,담하_담하 한우 불고기 정식,담하_더덕 한우 지짐,담하_들깨 양지탕,담하_라면사리,담하_룸 이용료,담하_메밀면 사리,담하_명인안동소주,담하_명태회 비빔냉면,담하_문막 복분자 칵테일,담하_봉평메밀 물냉면,담하_생목살 김치찌개,담하_스프라이트,담하_은이버섯 갈비탕,담하_제로콜라,담하_참이슬,담하_처음처럼,담하_카스,담하_콜라,담하_테라,담하_하동 매실 칵테일,담하_한우 떡갈비 정식,담하_한우 미역국 정식,담하_한우 우거지 국밥,담하_한우 차돌박이 된장찌개,담하_황태해장국,라그로타_AUS (200g),라그로타_G-Charge(3),라그로타_Gls.Sileni,라그로타_Gls.미션 서드,라그로타_Open Food,라그로타_그릴드 비프 샐러드,라그로타_까르보나라,라그로타_모둠 해산물 플래터,라그로타_미션 서드 카베르네 쉬라,라그로타_버섯 크림 리조또,라그로타_빵 추가 (1인),라그로타_스프라이트,라그로타_시저 샐러드 ,라그로타_아메리카노,라그로타_알리오 에 올리오 ,라그로타_양갈비 (4ps),라그로타_자몽리치에이드,라그로타_제로콜라,라그로타_카스,라그로타_콜라,라그로타_하이네켄(생),라그로타_한우 (200g),라그로타_해산물 토마토 리조또,라그로타_해산물 토마토 스튜 파스타,라그로타_해산물 토마토 스파게티,"미라시아_(단체)브런치주중 36,000",미라시아_(오븐) 하와이안 쉬림프 피자,미라시아_(화덕) 불고기 페퍼로니 반반피자,미라시아_BBQ Platter,미라시아_BBQ 고기추가,미라시아_공깃밥,미라시아_글라스와인 (레드),미라시아_레인보우칵테일(알코올),미라시아_미라시아 브런치 (패키지),미라시아_버드와이저(무제한),미라시아_보일링 랍스타 플래터,미라시아_보일링 랍스타 플래터(덜매운맛),미라시아_브런치 2인 패키지 ,미라시아_브런치 4인 패키지 ,미라시아_브런치(대인) 주말,미라시아_브런치(대인) 주중,미라시아_브런치(어린이),미라시아_쉬림프 투움바 파스타,미라시아_스텔라(무제한),미라시아_스프라이트,미라시아_애플망고 에이드,미라시아_얼그레이 하이볼,미라시아_오븐구이 윙과 킬바사소세지,미라시아_유자 하이볼,미라시아_잭 애플 토닉,미라시아_칠리 치즈 프라이,미라시아_코카콜라,미라시아_코카콜라(제로),미라시아_콥 샐러드,미라시아_파스타면 추가(150g),미라시아_핑크레몬에이드,연회장_Cass Beer,연회장_Conference L1,연회장_Conference L2,연회장_Conference L3,연회장_Conference M1,연회장_Conference M8,연회장_Conference M9,연회장_Convention Hall,연회장_Cookie Platter,연회장_Grand Ballroom,연회장_OPUS 2,연회장_Regular Coffee,연회장_골뱅이무침,연회장_공깃밥,연회장_돈목살 김치찌개 (밥포함),연회장_로제 치즈떡볶이,연회장_마라샹궈,연회장_매콤 무뼈닭발&계란찜,연회장_모둠 돈육구이(3인),연회장_삼겹살추가 (200g),연회장_야채추가,연회장_왕갈비치킨,연회장_주먹밥 (2ea),카페테리아_공깃밥(추가),카페테리아_구슬아이스크림,카페테리아_단체식 13000(신),카페테리아_단체식 18000(신),카페테리아_돼지고기 김치찌개,카페테리아_복숭아 아이스티,카페테리아_새우 볶음밥,카페테리아_새우튀김 우동,카페테리아_샷 추가,카페테리아_수제 등심 돈까스,카페테리아_아메리카노(HOT),카페테리아_아메리카노(ICE),카페테리아_약 고추장 돌솥비빔밥,카페테리아_어린이 돈까스,카페테리아_오픈푸드,카페테리아_진사골 설렁탕,카페테리아_짜장면,카페테리아_짜장밥,카페테리아_짬뽕,카페테리아_짬뽕밥,카페테리아_치즈돈까스,카페테리아_카페라떼(HOT),카페테리아_카페라떼(ICE),카페테리아_한상 삼겹구이 정식(2인) 소요시간 약 15~20분,포레스트릿_꼬치어묵,포레스트릿_떡볶이,포레스트릿_복숭아 아이스티,포레스트릿_생수,포레스트릿_스프라이트,포레스트릿_아메리카노(HOT),포레스트릿_아메리카노(ICE),포레스트릿_치즈 핫도그,포레스트릿_카페라떼(HOT),포레스트릿_카페라떼(ICE),포레스트릿_코카콜라,포레스트릿_페스츄리 소시지,화담숲주막_느린마을 막걸리,화담숲주막_단호박 식혜 ,화담숲주막_병천순대,화담숲주막_스프라이트,화담숲주막_참살이 막걸리,화담숲주막_찹쌀식혜,화담숲주막_콜라,화담숲주막_해물파전,화담숲카페_메밀미숫가루,화담숲카페_아메리카노 HOT,화담숲카페_아메리카노 ICE,화담숲카페_카페라떼 ICE,화담숲카페_현미뻥스크림
TEST_00+1일,7.640442848205566,50.48662567138672,5.481719970703125,3.775606155395508,2.152831554412842,2.140008449554444,24.44468688964844,2.1911065578460693,2.55767822265625,1.6857889890670776,1.929474711418152,2.2165310382843018,1.895506501197815,4.745765686035156,11.701324462890623,2.126734733581543,47.85205078125,2.279439210891724,2.6899147033691406,49.55818176269531,32.94382858276367,1.9717457294464111,2.330881357192993,2.37587308883667,27.57635498046875,21.869443893432617,2.09211802482605,52.78034591674805,3.2451210021972656,3.480509757995605,2.7339015007019043,2.686167001724243,3.1387176513671875,2.3127541542053223,2.1987881660461426,2.4057657718658447,11.516541481018066,1.8308086395263672,2.015505313873291,9.328999519348145,5.864673614501953,3.3238182067871094,2.090419292449951,2.161275625228882,2.348513126373291,2.6837379932403564,2.103114604949951,3.0844101905822754,2.0496926307678223,2.989792823791504,4.137779235839844,2.1559126377105717,3.3973283767700195,1.8911598920822144,2.0284318923950195,1.5251617431640625,2.2747483253479004,2.106201648712158,2.20682144165039,2.527427196502685,5.224191188812256,3.725828170776367,5.659626483917236,4.359399318695068,3.870171070098877,2.0955123901367188,1.4051982164382937,1.7571598291397097,2.504111289978028,3.541901111602783,1.6995681524276731,2.728281021118164,1.3354099988937378,1.8513504266738887,2.73818302154541,1.882358431816101,1.7558592557907104,1.996060252189636,1.6970661878585815,2.687786102294922,1.9956310987472532,1.7680460214614868,1.6334763765335083,1.6270352602005005,1.8310908079147337,1.9270600080490112,1.8923619985580444,1.816663146018982,2.159036159515381,3.3821420669555664,46.976104736328125,1.6199525594711304,2.6272201538085938,4.657200336456299,2.390425682067871,1.9448654651641848,2.002145290374756,1.743384599685669,9.387194633483888,2.712887763977051,2.050435781478882,1.972208261489868,2.335480213165283,2.0329785346984863,44.06657791137695,40.55996322631836,10.519238471984863,2.5672707557678223,2.2522034645080566,2.127145290374756,2.327890634536743,1.528120994567871,1.6549800634384155,2.0980031490325928,2.216131687164306,2.0573859214782715,2.300747871398926,2.024155855178833,2.0819242000579834,2.219589948654175,1.7589119672775269,27.0391845703125,1.4765602350234983,1.355484127998352,1.1320767402648926,1.2472740411758425,1.4572352170944214,1.2395414113998413,1.4431759119033811,2.9140214920043945,1.3462415933609009,1.3594517707824707,27.920122146606445,1.86274516582489,1.5749775171279907,2.1301512718200684,1.44109308719635,1.3870903253555298,1.549805998802185,3.268472194671631,1.7496379613876345,1.1653615236282349,1.937138915061951,1.4485796689987185,6.348879814147949,1.4433014392852783,80.43502044677734,79.8741683959961,8.187768936157227,2.678443670272827,5.817316055297852,3.068043708801269,2.646078109741211,13.14980125427246,2.6057705879211426,2.748976707458496,11.917856216430664,5.059292316436768,2.6172842979431152,2.344038963317871,10.876775741577148,2.7337722778320312,4.910597324371338,3.543428659439087,6.346971035003662,2.477593183517456,2.240102767944336,6.325694561004639,4.362958908081055,17.44233512878418,4.90618896484375,9.687870979309082,4.091416358947754,3.6717848777771,17.244464874267578,6.642585754394531,5.020698070526123,4.891882419586182,8.849218368530273,7.014631748199463,21.305736541748047,16.384326934814453,21.502145767211918,13.823780059814451,23.08838653564453,19.326772689819336,14.14931869506836,49.1680793762207,43.297969818115234,13.982133865356444,60.523921966552734,13.015560150146484,21.526811599731445
TEST_00+2일,3.7508020401000977,49.90945053100586,2.008725643157959,1.9914608001708984,1.5734058618545532,1.070378303527832,18.2744140625,1.689611315727234,1.6559581756591797,1.4937210083007812,1.5869965553283691,1.3803867101669312,1.27061128616333,2.3131322860717773,5.030841827392578,1.5191771984100342,43.36449813842773,1.2482757568359375,1.3417105674743652,46.6954231262207,28.178491592407227,1.6524258852005005,1.8548856973648071,1.8956375122070312,20.75936317443848,17.785615921020508,1.7498983144760132,52.85250473022461,1.8432167768478396,2.0878913402557373,2.424935102462769,2.625454902648926,1.7195234298706057,1.672501564025879,1.3835508823394775,1.9692177772521973,6.46314811706543,1.7680413722991943,1.810624599456787,4.258421897888184,3.253659248352051,1.798181414604187,1.9796723127365112,1.4878456592559814,1.4151246547698977,2.312341690063477,2.164435863494873,1.9884735345840452,1.730518460273743,2.1537294387817383,2.154092073440552,1.6833827495574951,2.2182655334472656,2.0394303798675537,1.995288848876953,1.253556728363037,1.7672643661499023,1.6188466548919678,1.5957350730895996,1.7609049081802368,2.58042049407959,2.5019803047180176,3.2399277687072754,2.664890050888061,1.8555525541305544,1.5911248922348022,1.1531721353530884,1.8029757738113403,2.1262431144714355,2.190612316131592,1.6125167608261108,1.774025559425354,1.4166990518569946,1.5061451196670532,1.9067214727401731,1.6119314432144165,1.4371211528778076,1.6310781240463257,1.4678276777267456,1.9051569700241089,1.4930251836776731,1.6696757078170776,1.7166298627853394,1.248448610305786,1.5205069780349731,1.7820478677749634,1.6097582578659058,1.6326278448104858,2.052653789520264,2.132232666015625,47.49477767944336,1.597326636314392,2.548748016357422,3.545451164245605,2.5121212005615234,1.9704396724700928,1.8563103675842283,1.8578739166259768,6.398894309997559,2.310685157775879,1.8548846244812007,1.7911012172698977,2.631554365158081,1.9052722454071045,35.918094635009766,37.58670425415039,5.940481185913086,2.199821949005127,2.063037157058716,2.2811098098754883,2.689506769180298,1.4714690446853638,2.1520183086395264,1.832808256149292,2.5053272247314453,2.0073909759521484,2.0356204509735107,1.9826910495758057,1.9247398376464844,2.239438533782959,1.9056129455566408,26.321645736694336,1.152479887008667,1.121073842048645,1.0,1.0,1.0,1.016532063484192,1.107663869857788,2.073921203613281,1.0051699876785278,1.0,28.74156951904297,1.4317249059677124,1.0,1.32444965839386,1.2050652503967283,1.3697113990783691,1.0,1.8648053407669067,1.1120100021362305,1.000146508216858,1.2756916284561155,1.1519097089767456,2.4084272384643555,1.4452300071716309,79.71402740478516,79.21903991699219,3.2520108222961426,1.8588669300079343,2.293790817260742,2.573269844055176,1.7890067100524902,5.474040508270264,1.20125412940979,1.766463041305542,5.143002510070801,1.7771244049072266,2.075387477874756,1.577975511550903,3.6980135440826416,2.1012520790100098,1.9585134983062744,1.7827444076538086,2.52131724357605,1.1506496667861938,1.3175129890441897,2.64113187789917,2.620589256286621,3.6977767944335938,1.4585102796554563,1.0,1.5534007549285889,1.0,5.481550216674805,1.2286971807479858,1.0,1.4365352392196655,1.0,1.890960693359375,14.447280883789062,12.12032699584961,14.029705047607422,10.488719940185549,14.276676177978516,13.658529281616213,10.80733871459961,34.67271423339844,32.09199523925781,8.111928939819336,50.73239135742188,8.773076057434082,12.12957763671875
TEST_00+3일,2.6411073207855225,46.9406852722168,2.5407111644744877,2.720149517059326,2.0808510780334477,1.4211909770965576,16.567188262939453,1.969330906867981,2.1329476833343506,1.5297605991363523,1.9170938730239868,1.9929192066192627,2.123684883117676,2.7013964653015137,4.214970111846924,1.868011474609375,40.07556915283203,1.993083119392395,2.17019271850586,45.258056640625,25.505931854248047,1.8212876319885252,2.3886096477508545,1.5187040567398071,18.294309616088867,14.837003707885742,1.4768333435058594,50.663909912109375,1.5635981559753418,1.7103681564331057,2.393187522888184,2.0350122451782227,1.9510265588760376,1.657923936843872,1.363253474235535,1.6779296398162842,3.783712387084961,1.066504716873169,1.513085961341858,2.938394546508789,2.263901233673096,1.6414203643798828,1.347646951675415,1.1285618543624878,1.2713186740875244,1.6625345945358276,1.4091795682907104,1.4485621452331543,1.7271368503570557,2.009716510772705,1.720339298248291,1.4046427011489868,2.008967161178589,1.6296639442443848,1.911341667175293,1.0682384967803955,1.211355447769165,1.4861855506896973,1.7038700580596924,1.6000696420669556,1.6029901504516602,1.6490836143493652,2.7561745643615723,1.670611023902893,2.0914931297302246,1.5558265447616575,1.4434409141540527,1.8205045461654663,2.0088906288146973,1.5907756090164185,1.6524728536605835,1.787427544593811,1.178713321685791,1.3002690076828003,1.7978664636611938,1.6111761331558228,1.5899537801742554,1.8871663808822632,1.459718108177185,2.1748013496398926,1.428500771522522,1.7517300844192505,1.6916784048080444,1.5775879621505735,1.6444743871688845,1.6012753248214722,1.4864845275878906,1.689933180809021,1.987669348716736,2.290488719940185,46.70188522338867,1.4588799476623535,1.987282514572144,2.949655294418335,2.3512861728668213,1.8867757320404053,1.5275498628616333,1.4048608541488647,5.466146469116211,2.494603395462036,1.5521240234375,1.5078247785568235,2.041438341140747,1.7129846811294556,27.935527801513672,32.51380157470703,3.465885639190674,1.485324501991272,1.645045280456543,1.8810083866119385,2.437511920928955,1.6628700494766235,2.0963151454925537,1.6149522066116333,2.7280869483947754,1.6618036031723022,2.0918774604797363,1.585435390472412,1.9452800750732424,1.634846329689026,1.60947585105896,24.23141098022461,1.3014404773712158,1.2494505643844604,1.0405254364013672,1.194618582725525,1.1186847686767578,1.3663067817687988,1.350369215011597,2.3619275093078613,1.1293765306472778,1.126270055770874,26.78526306152344,1.5263789892196655,1.2901334762573242,1.303544521331787,1.270678162574768,1.3167694807052612,1.0,1.9502345323562624,1.2109943628311155,1.243049383163452,1.580703616142273,1.2979018688201904,2.269719362258911,1.5579607486724854,75.9039306640625,76.794677734375,3.0672266483306885,2.102891683578491,2.4211297035217285,2.226082801818848,2.09124755859375,3.066313982009888,2.339482307434082,2.377893447875977,4.454391479492188,2.658050298690796,2.1399312019348145,2.3389575481414795,2.720402240753174,2.6561925411224365,1.9547691345214844,2.2873544692993164,2.211893081665039,1.831247091293335,1.6130880117416382,2.629246711730957,3.9813973903656006,5.070887565612793,4.954587936401367,5.12477970123291,4.732049942016602,2.610365629196167,3.637193918228149,2.760742425918579,3.905766010284424,3.6814212799072266,3.6989147663116455,3.468853712081909,12.588951110839844,12.27784538269043,12.686023712158203,10.785758972167969,13.426946640014648,13.082115173339844,10.635522842407228,25.902145385742188,24.691896438598636,9.402920722961426,45.359840393066406,9.728137016296388,11.43710708618164
TEST_00+4일,2.789588928222656,46.85671615600586,1.7959973812103271,2.2197179794311523,1.975641369819641,1.0852384567260742,18.33150863647461,1.86174750328064,1.7024600505828855,1.2774016857147217,2.1219024658203125,1.7876601219177246,1.4917417764663696,2.047761917114258,4.087337017059326,1.7624788284301758,39.64267349243164,1.3080837726593018,2.015298843383789,45.204044342041016,26.50191116333008,1.6945141553878784,2.0467565059661865,1.5650684833526611,19.335777282714844,13.977530479431152,1.622400403022766,50.1514892578125,2.020686626434326,2.364595651626587,2.1183125972747803,1.8047679662704468,2.150428295135498,1.7277406454086304,1.5069406032562256,1.554223656654358,4.057373046875,1.0,1.589128494262695,2.958509922027588,2.2411413192749023,2.0273733139038086,1.2897472381591797,1.5867431163787842,1.4239516258239746,1.7258458137512207,1.3786890506744385,1.5890662670135498,1.6103342771530151,2.064517021179199,1.9463627338409424,1.4507014751434326,2.103039264678955,1.272557020187378,1.8996964693069456,1.1889071464538574,1.5263433456420898,1.992895483970642,1.8810906410217283,1.5168977975845337,2.4375100135803223,2.170621395111084,2.76470947265625,2.1768932342529297,1.9391214847564695,1.5227125883102417,1.2223237752914429,1.6453202962875366,1.9266453981399536,1.811536192893982,1.9199851751327517,1.931408762931824,1.2575633525848389,1.5941826105117798,1.7662593126296997,1.712325930595398,1.451587200164795,1.4532015323638916,1.4591760635375977,2.150172710418701,1.42147958278656,1.6664196252822876,1.721063256263733,1.5326954126358032,1.5497392416000366,1.6608737707138062,1.6584259271621704,1.6229878664016724,2.0337767601013184,2.443898200988769,46.87456130981445,1.168246507644653,2.0179076194763184,3.1197400093078613,2.0187904834747314,1.5317306518554688,1.6142144203186035,1.3252652883529663,6.159546852111816,2.5254969596862797,1.4850772619247437,1.2149224281311035,1.8766334056854248,1.717327117919922,24.927223205566406,32.802127838134766,3.4829699993133545,1.621565341949463,1.5615164041519165,1.6168310642242432,2.1498351097106934,1.73044753074646,1.813204526901245,1.7204283475875854,1.920825719833374,1.8756697177886963,2.022747755050659,1.5816147327423096,1.8720176219940183,1.4888322353363037,1.6971803903579712,23.37845039367676,1.0,1.0,1.0,1.1787084341049194,1.0,1.2471864223480225,1.1919814348220823,2.4224600791931152,1.224873185157776,1.1202608346939087,25.79241371154785,1.5421322584152222,1.3092955350875854,1.2941205501556396,1.2573951482772827,1.31037700176239,1.0468682050704956,1.8238352537155151,1.5191282033920288,1.0414191484451294,1.4505456686019895,1.1110340356826782,2.4455466270446777,1.448241949081421,68.76238250732422,70.57612609863281,3.44210147857666,2.1562459468841557,2.1990339756011963,2.165590286254883,2.0463430881500244,3.491535186767578,2.4577910900115967,2.124211549758911,4.413712024688721,2.414357662200928,1.768207550048828,1.6431269645690918,2.2333457469940186,2.5616114139556885,1.9454946517944336,1.9938108921051023,2.7886950969696045,2.1416232585906982,1.6171982288360596,2.136291980743408,3.598952531814575,4.821001052856445,4.566913604736328,4.26729679107666,4.092234611511231,3.204195261001587,2.725713968276977,2.943005084991455,3.70671272277832,3.139413833618164,2.9898548126220703,3.6197993755340576,12.322029113769531,11.672475814819336,11.468547821044922,10.1463623046875,14.398601531982422,12.403610229492188,9.726442337036133,24.02895164489746,24.80049705505371,9.30338191986084,47.2947998046875,9.552806854248049,10.118523597717283
TEST_00+5일,3.3333661556243896,47.13825988769531,2.356802701950073,2.467296600341797,1.9090306758880613,1.4121952056884766,19.037500381469727,1.421607494354248,2.022092342376709,1.2242212295532229,1.9167670011520384,1.7559583187103271,1.504191279411316,2.6389448642730717,5.232476234436035,1.86312472820282,39.87241744995117,1.526742458343506,2.040789604187012,45.47373580932617,27.480743408203125,1.5698354244232178,2.11627197265625,1.3280311822891235,19.63850975036621,13.948646545410156,1.6701596975326538,47.72520446777344,1.895569920539856,1.704035758972168,1.8701444864273071,1.8185625076293943,1.9785096645355225,2.0990078449249268,1.5672715902328491,1.4981484413146973,4.0188703536987305,1.4162073135375977,1.6836683750152588,2.91646671295166,2.472604751586914,1.4974992275238037,2.0399649143218994,1.4722408056259155,1.506569743156433,1.8956122398376465,1.748679518699646,2.103076934814453,1.4673740863800049,1.6659140586853027,2.2760534286499023,1.6327416896820068,1.6749730110168457,1.3785032033920288,1.8426915407180784,1.0,1.4632925987243652,1.3279545307159424,1.5974926948547363,1.7037314176559448,2.071751594543457,1.7980870008468628,2.5576095581054688,2.038431406021118,2.327475547790528,1.3796966075897217,1.117599368095398,1.4939367771148682,1.8722270727157595,1.8512033224105835,1.5023255348205566,1.8308027982711792,1.444196701049805,1.4846405982971191,1.7921677827835083,1.526013731956482,1.3312945365905762,1.7086502313613892,1.3889590501785278,1.9911428689956665,1.38485586643219,1.461048245429993,1.3656870126724243,1.420175313949585,1.5866469144821167,1.58480966091156,1.6202958822250366,1.6165889501571655,1.5936623811721802,2.1985530853271484,44.81110763549805,1.0186890363693235,1.5985697507858276,1.9635639190673828,1.6118643283843994,1.036645770072937,1.357103943824768,1.2781435251235962,5.853474140167236,2.045194149017334,1.3569128513336182,1.3517794609069824,1.5836048126220703,1.4683250188827517,26.1969051361084,32.435726165771484,3.294061183929444,1.1934309005737305,1.3849478960037231,1.322817087173462,1.871729612350464,1.1618191003799438,1.562744140625,1.5522229671478271,2.0202598571777344,1.441150426864624,1.4861749410629272,1.1935666799545288,1.5535359382629397,1.273415446281433,1.0,23.513166427612305,1.1063575744628906,1.0929698944091797,1.0,1.2385122776031494,1.0,1.2829017639160156,1.282270073890686,2.3950600624084477,1.0951262712478638,1.0,25.89194107055664,1.5365833044052124,1.180806279182434,1.4349011182785034,1.1320840120315552,1.3077492713928225,1.0,1.9867335557937624,1.0529552698135376,1.0,1.533145546913147,1.0654395818710327,2.4884064197540283,1.3548134565353394,70.69556427001953,67.48944854736328,2.642861843109131,1.4591867923736572,1.652369260787964,1.6937978267669678,1.6118379831314087,3.4883692264556885,1.4707037210464478,1.7432267665863037,4.155337333679199,2.602652311325073,2.0492613315582275,1.735933780670166,2.79067325592041,1.8349475860595703,1.387301325798035,1.6658848524093628,2.346111297607422,1.8297653198242188,1.0,2.4788451194763184,3.152799367904663,3.364204406738281,3.9615306854248047,6.10649299621582,4.401605606079102,3.384441375732422,2.405393600463867,3.0916786193847656,2.889689445495605,3.8948974609375,3.871559858322144,4.040942668914795,13.068222045898438,10.73442268371582,11.197790145874023,8.934892654418945,12.666791915893556,11.42953109741211,9.419397354125977,24.94887924194336,22.63945770263672,8.549917221069336,49.810691833496094,9.04236888885498,9.648100852966309
TEST_00+6일,3.504704475402832,46.67340469360352,2.849454641342163,2.4745101928710938,1.8590716123580933,1.3805270195007324,20.26968002319336,2.005589246749878,1.8136907815933228,1.0,1.6859856843948364,1.4071909189224243,1.8203071355819704,3.1113877296447754,7.578439712524414,1.7732747793197632,41.58312225341797,1.6884894371032717,2.198359489440918,44.91208267211914,27.693113327026367,1.4108089208602903,2.2149477005004883,1.868874192237854,22.088157653808597,15.239737510681152,1.6682010889053345,48.30150985717773,2.1723196506500244,1.993316650390625,2.1599438190460205,1.8882665634155276,2.4854419231414795,2.0568408966064453,1.6463541984558103,1.839068293571472,6.785567283630371,1.5596835613250732,1.832377552986145,5.035445690155029,3.1086535453796387,1.9013675451278689,1.8057259321212769,1.7755275964736938,1.680729627609253,2.020951747894287,1.6333012580871582,2.1615750789642334,1.802051067352295,1.6570305824279783,2.574124336242676,1.0997064113616943,2.4497790336608887,2.013960838317871,2.106075525283813,1.205375909805298,1.6153475046157837,1.476487636566162,1.7468926906585691,1.8457905054092407,2.833409786224365,1.9047034978866575,3.2506766319274902,2.1387481689453125,2.91584587097168,1.40546452999115,1.1573222875595093,1.3145499229431152,1.8665517568588257,1.946874499320984,1.5453029870986938,1.8929048776626587,1.077807068824768,1.4576549530029297,2.0090584754943848,1.733020901679993,1.3727511167526243,1.545392632484436,1.491249442100525,2.037526130676269,1.4772074222564695,1.2631304264068604,1.369826078414917,1.5028420686721802,1.6974395513534546,1.6438716650009155,1.473462700843811,1.642508625984192,1.699684739112854,2.450528621673584,45.004669189453125,1.2458616495132446,2.0232996940612797,2.609663724899292,1.9336326122283936,1.120474934577942,1.5928003787994385,1.0072287321090698,6.553962230682373,2.1393210887908936,1.3668969869613647,1.0,1.726283311843872,1.3072723150253296,29.6500244140625,30.98395156860352,4.1533074378967285,1.3590402603149414,1.272164225578308,1.5956289768218994,1.859184980392456,1.2273919582366943,1.44927716255188,1.3007956743240356,1.6258187294006348,1.5226261615753174,1.7803868055343628,1.0593671798706057,1.5323798656463623,1.2803820371627808,1.227233648300171,23.650146484375,1.0,1.1261463165283203,1.0,1.0416131019592283,1.179396152496338,1.476965069770813,1.044914960861206,2.631082057952881,1.0324972867965698,1.0,24.55120086669922,1.564197659492493,1.2631042003631592,1.537627339363098,1.2338331937789917,1.1275352239608765,1.0123424530029297,2.4148101806640625,1.3168411254882812,1.0,1.6707345247268677,1.1455882787704468,2.864928722381592,1.4121854305267334,72.48045349121094,68.019775390625,3.693639516830444,2.2161529064178467,3.2042758464813232,1.9994845390319824,1.792842149734497,5.49991512298584,2.0143845081329346,1.9283030033111568,5.665996551513672,3.554972887039185,1.5908403396606443,1.567471265792847,4.598167896270752,2.4512789249420166,1.7661762237548828,2.3461122512817383,3.333042621612549,1.4256703853607178,1.2609707117080688,3.436846971511841,4.322149753570557,7.13745641708374,5.44855546951294,14.287530899047852,5.438891410827637,2.6145169734954834,3.272228717803955,3.9630959033966064,5.234737873077393,4.180696964263916,5.259669303894043,3.4056246280670166,15.361621856689451,11.915185928344728,13.28886604309082,10.795902252197266,14.510065078735352,12.01422882080078,9.421714782714844,28.460712432861328,26.432205200195312,9.609806060791016,50.0001106262207,10.395524978637695,12.238204002380373
TEST_00+7일,7.67698860168457,48.59014892578125,6.505424499511719,4.462961196899414,2.3823800086975098,2.864668369293213,23.986331939697266,2.553864002227783,2.8700106143951416,1.5453038215637207,2.4624369144439697,2.05569076538086,2.1832895278930664,5.6367292404174805,13.144330978393556,2.4014296531677246,46.69013214111328,2.404407501220703,2.715123176574707,46.607791900634766,31.200834274291992,2.0381009578704834,2.731722354888916,2.344653606414795,27.83359909057617,19.98423385620117,2.337775707244873,50.78711318969727,3.568786144256592,2.9750900268554688,2.7604448795318604,2.848663330078125,3.128735065460205,2.199784994125366,2.2281689643859863,2.371286392211914,13.01375961303711,2.288294076919556,2.263570785522461,10.16237449645996,6.217917442321777,2.749269962310791,1.8674240112304688,2.6558961868286133,2.305224895477295,3.0714874267578125,2.215537071228028,2.9912352561950684,2.496859550476074,2.9725208282470703,4.986321449279785,2.1963391304016118,3.818483829498291,2.498607635498047,2.44266414642334,1.6462972164154053,2.3761823177337646,1.921315670013428,2.12534236907959,2.655247449874878,5.245733737945557,3.963094711303711,6.073877811431885,4.849093437194824,4.462286949157715,2.329320907592773,1.6188753843307495,1.7883354425430298,2.6515660285949707,3.4825401306152344,1.9318102598190308,2.938911437988281,1.4568508863449097,2.023611545562744,3.2843966484069824,1.9823893308639529,1.8516680002212524,2.3794727325439453,1.9114025831222532,2.9233241081237797,2.320530414581299,1.7324169874191284,1.7946656942367554,1.858782172203064,2.163328170776367,2.18428897857666,2.040703773498535,2.1202874183654785,2.2442946434021,3.4668259620666504,45.63445281982422,1.731642246246338,2.457394361495972,4.459611892700195,2.6753392219543457,1.917346715927124,2.0178682804107666,1.7272931337356567,9.846515655517578,2.620464324951172,2.1504428386688232,1.957298994064331,2.984184741973877,1.7922555208206177,41.001258850097656,35.73819351196289,9.834465026855469,2.398796319961548,2.528088331222534,2.2989068031311035,2.3765664100646973,1.9039883613586424,2.2237484455108643,2.124298095703125,2.465542316436768,2.17327618598938,2.453239917755127,2.048853635787964,2.424298048019409,1.7362730503082275,1.7812800407409668,26.115259170532227,1.3099592924118042,1.4700666666030884,1.2318525314331057,1.3824543952941897,1.2377851009368896,1.50452983379364,1.445419430732727,3.23757553100586,1.1058210134506226,1.2136164903640747,25.883451461791992,1.6585818529129028,1.6241804361343384,2.1102991104125977,1.569207787513733,1.224667191505432,1.4885085821151731,3.7275404930114746,1.649628758430481,1.3818280696868896,2.2265524864196777,1.5185636281967163,6.865886211395264,2.2784430980682373,75.35609436035156,73.85697937011719,8.282541275024414,2.4922220706939697,7.273004531860352,2.915358066558838,2.7603354454040527,13.335054397583008,2.5425100326538086,2.6059727668762207,12.393821716308594,5.544411659240723,2.6198291778564453,2.4882774353027344,10.878907203674316,2.6411354541778564,4.773501396179199,3.658729076385498,6.533759117126465,2.300236463546753,1.5676124095916748,6.792014598846436,3.9892733097076416,16.295198440551758,4.734524250030518,14.575130462646484,3.623955249786377,2.432943105697632,14.483205795288086,3.683471202850342,4.56922721862793,3.993981122970581,9.711453437805176,5.289858341217041,22.57185935974121,16.862985610961914,21.67776298522949,13.646734237670898,22.52709197998047,18.169267654418945,14.328006744384766,47.3238410949707,40.66425704956055,14.805996894836426,56.98076629638672,14.095191955566406,22.537353515625
TEST_01+1일,4.313426971435547,2.3685004711151123,6.753722190856934,3.585201501846313,1.1992778778076172,1.8721104860305784,1.8092403411865237,1.9781198501586916,2.96818470954895,1.9131438732147217,2.2076940536499023,2.1560487747192383,2.0429415702819824,3.028184652328491,10.499017715454102,2.487051010131836,2.3295609951019287,1.9537991285324097,1.9304754734039309,3.1833269596099854,2.2401163578033447,2.330878973007202,1.9178558588027956,2.2176456451416016,2.45032286643982,11.111992835998535,3.1068286895751958,48.21128845214844,2.5731654167175293,3.3042216300964355,2.2772765159606934,2.38676118850708,2.565480232238769,2.2531864643096924,2.3748326301574707,2.16133451461792,31.273740768432617,2.083357334136963,1.7793495655059814,13.281316757202148,4.526674270629883,2.3701183795928955,1.845056176185608,2.246891498565674,2.071380853652954,2.2811543941497803,2.403658866882324,3.02761459350586,2.2061667442321777,2.636752128601074,5.643247604370117,2.093784809112549,2.2640252113342285,1.8257371187210083,2.494869947433472,2.5412797927856445,1.8771839141845703,2.229420661926269,2.0698375701904297,1.5563523769378662,4.915657997131348,3.885111808776856,4.18772554397583,4.425049781799316,3.547750473022461,2.18769645690918,1.5541096925735474,1.9165736436843872,3.1406140327453613,1.7222598791122437,1.9960283041000368,1.606481909751892,1.7603610754013062,1.7587801218032837,2.39542818069458,1.6892741918563845,1.8243485689163208,2.048032760620117,1.5555673837661743,2.218196392059326,2.300747394561768,1.8029299974441528,1.937498688697815,2.009741306304932,2.003267765045166,1.826313853263855,1.9112361669540403,1.8484302759170528,2.155624866485596,3.1207056045532227,41.33201217651367,2.3158693313598637,2.706136703491211,5.096358776092529,1.6151087284088137,1.7948635816574097,1.9713521003723145,1.4853845834732056,25.663408279418945,4.962457180023193,2.8806614875793457,2.2621474266052246,5.751259326934815,1.7943778038024902,40.89314651489258,1.8617944717407229,34.075927734375,3.1491055488586426,2.6962833404541016,1.8700602054595947,2.7016756534576416,2.1899168491363525,2.729229211807251,2.1346335411071777,1.9585998058319087,1.652570128440857,2.2622828483581543,2.490382194519043,1.9070241451263428,1.8412518501281736,2.369997978210449,27.018667221069336,1.2805156707763672,1.3493714332580566,1.2137454748153689,1.197444200515747,1.1301597356796265,1.1529229879379272,1.2615240812301636,1.1562840938568115,1.063222050666809,1.3077658414840698,27.35861015319824,2.6728968620300293,2.9732370376586914,3.698017120361328,1.9800862073898315,1.3048666715621948,1.8425763845443728,5.141632080078125,1.4544907808303833,1.516295075416565,3.2046260833740234,1.988292336463928,4.616114139556885,2.652050733566284,72.96874237060547,66.54025268554688,7.637434482574463,2.168099880218506,6.333278179168701,2.18589186668396,2.4366750717163086,15.080835342407228,2.7765133380889893,2.0153026580810547,13.969011306762695,5.532342433929443,2.5216822624206543,2.51812744140625,8.501607894897461,3.5995450019836426,4.215575695037842,2.8953897953033447,5.916477203369141,2.6620397567749023,2.0347347259521484,9.271985054016112,2.9404375553131104,5.159244060516357,5.508801460266113,19.7369441986084,3.900139570236206,4.742599010467529,16.485647201538086,4.827383995056152,7.056559085845947,5.206404209136963,6.137814044952393,4.119246482849121,15.826005935668944,14.033618927001951,17.596975326538086,13.825387954711914,18.80765724182129,16.45684051513672,13.541248321533203,33.64947509765625,29.456064224243164,10.309467315673828,26.09331321716309,10.73190975189209,23.559066772460938
TEST_01+2일,2.260309934616089,2.050243854522705,3.659265518188477,2.011706113815308,1.3211684226989746,1.2679373025894165,1.3556212186813354,1.3164622783660889,2.343203067779541,1.8672670125961304,2.0047836303710938,1.7179276943206787,1.8528965711593628,2.1671571731567383,6.326132774353027,1.873603701591492,1.8349134922027588,1.500389814376831,1.2060281038284302,1.935472846031189,1.556267499923706,1.661656379699707,1.6153980493545532,2.1117987632751465,1.7178051471710205,8.534049987792969,2.4597792625427246,46.04423141479492,2.015261173248291,1.6597026586532593,2.0263330936431885,1.8298180103302,1.870243549346924,1.6838303804397583,1.6827971935272217,1.8220006227493288,23.29519462585449,1.9820656776428225,1.346130132675171,10.260263442993164,2.699808359146118,1.9318739175796509,1.9561361074447632,1.9646018743515012,1.918916702270508,1.7513707876205444,1.91598379611969,1.996787667274475,1.989238142967224,2.010506629943848,3.61155366897583,1.608519434928894,1.9882293939590452,1.916147828102112,2.1402812004089355,2.1898016929626465,1.748314619064331,1.6488189697265625,1.4314441680908203,1.256269454956055,3.065804481506348,2.7164831161499023,2.548184394836426,3.25844955444336,2.417351722717285,1.676995873451233,1.486588954925537,1.6590348482131958,2.413900375366211,1.7141681909561155,1.8246327638626096,1.6311293840408323,1.5126196146011353,1.332935810089111,2.0842108726501465,1.3490898609161377,1.7669278383255005,1.7575842142105105,1.5212217569351196,1.785880208015442,1.940212368965149,1.6280573606491089,1.5834273099899292,1.587800145149231,1.7236071825027466,1.6834434270858765,1.7845035791397097,1.544829249382019,1.8140822649002075,2.339271545410156,40.49786758422852,2.491118669509888,2.3678293228149414,4.101676940917969,1.9000709056854248,2.0997462272644043,1.5001764297485352,1.8809826374053955,21.16421890258789,3.690209627151489,2.786659240722656,2.3105244636535645,4.465400218963623,1.8171474933624268,31.217607498168945,1.8551056385040283,28.01931953430176,2.6261637210845947,2.7068135738372803,1.981356143951416,2.5267791748046875,1.9363033771514893,2.6691837310791016,2.12908935546875,1.9597880840301516,1.7412092685699463,2.2356460094451904,2.1871612071990967,2.19738245010376,1.8062257766723635,2.189410448074341,25.688051223754883,1.0669834613800049,1.032733678817749,1.031172752380371,1.0,1.096086859703064,1.0,1.0599161386489868,1.0,1.0,1.1565473079681396,26.66287422180176,1.7586971521377563,2.058953285217285,2.3176465034484863,1.4569579362869265,1.0516304969787598,1.3047820329666138,3.4273838996887207,1.2193561792373655,1.0822864770889282,1.9055503606796265,1.6605993509292605,2.3530681133270264,1.9261648654937744,70.18093872070312,60.34088516235352,3.5363128185272217,1.4796652793884275,2.972564220428467,1.5298359394073486,1.3275623321533203,7.686520099639893,2.2536869049072266,1.4835474491119385,7.298019886016846,3.22224760055542,1.8609230518341064,2.3257486820220947,4.176810264587402,2.473198652267456,2.243950605392456,1.2717607021331787,2.502203941345215,1.7212224006652832,1.3862066268920898,3.705902814865112,1.0,1.524531364440918,1.7959530353546145,7.0878496170043945,1.0820661783218384,2.188044786453247,5.289193153381348,1.0,2.993828535079956,1.0,1.0,1.4768339395523071,12.799560546875,11.834070205688477,13.190200805664062,11.93291473388672,13.932243347167969,13.315101623535156,12.191104888916016,25.026222229003903,21.52672004699707,7.995959758758545,19.78126335144043,7.838084697723389,15.31072235107422
TEST_01+3일,2.7491602897644043,2.2563836574554443,3.2165887355804443,2.4593775272369385,2.010289669036865,1.9237093925476076,2.118338108062744,2.240895748138428,2.924905776977539,2.139844417572021,2.217334032058716,2.141485929489136,2.171391487121582,2.7812423706054688,6.05833911895752,2.110840320587158,1.979417324066162,2.134392738342285,1.8067361116409304,2.714015007019043,1.9840611219406128,1.9780821800231931,1.9959135055541992,1.2584062814712524,1.5192887783050537,7.804025173187256,1.8648604154586792,46.0070915222168,1.441374659538269,2.0765392780303955,1.703314185142517,1.403599739074707,1.6091320514678955,1.290757656097412,1.5691035985946655,1.493906021118164,16.423355102539062,1.834509015083313,1.0,7.390455722808838,1.599245309829712,1.6658949851989746,1.8265178203582764,1.7003321647644043,1.552241563796997,1.2244200706481934,1.5485284328460691,1.7725298404693604,1.4617440700531006,1.8953659534454343,3.3359436988830566,1.516728162765503,1.5845882892608645,1.4146604537963867,1.4270145893096924,1.5842251777648926,1.7597017288208008,1.215659260749817,1.5669291019439695,1.0,2.262923240661621,2.72667932510376,1.7576329708099363,2.684283494949341,1.6232621669769287,1.8309210538864136,1.2770732641220093,1.6724764108657837,2.2881951332092285,1.6966627836227417,1.872848868370056,1.4769456386566162,1.756813406944275,1.474193811416626,1.9337559938430784,1.48638653755188,1.8926972150802608,1.814386248588562,1.536791205406189,1.7511290311813354,1.7746280431747437,1.6706231832504272,1.7413254976272583,1.9125901460647583,1.718711495399475,1.5529934167861938,1.6906954050064087,1.485461950302124,1.765830159187317,2.279656887054444,40.38840103149414,2.361012935638428,1.921048641204834,3.482263565063477,1.982889175415039,1.8480043411254885,1.6481642723083496,1.8580961227416992,17.849464416503906,3.1990020275115967,2.381030321121216,2.177588939666748,3.896167755126953,1.7994377613067627,23.741798400878903,1.8184118270874023,21.41817283630371,2.500241756439209,2.1813418865203857,1.919552564620972,2.3098669052124023,1.8745834827423096,1.9528300762176516,2.5251786708831787,1.7712548971176147,1.8675384521484373,2.1254265308380127,2.052570581436157,1.8864073753356931,1.7703816890716553,2.2471728324890137,25.141098022460938,1.085499286651611,1.2992713451385498,1.1687730550765991,1.305717945098877,1.278910994529724,1.2853636741638184,1.24022114276886,1.0807212591171265,1.0661158561706543,1.3490040302276611,25.580793380737305,1.683867335319519,1.9626792669296265,2.1992788314819336,1.5833932161331177,1.0918519496917725,1.423279881477356,3.277044773101806,1.21747624874115,1.2299814224243164,1.5225118398666382,1.6989883184432983,2.436952590942383,2.369875431060791,68.45343780517578,58.244537353515625,3.355001926422119,2.193615198135376,4.228485107421875,2.318878173828125,2.197510004043579,4.909735679626465,2.5863423347473145,1.9956042766571045,6.313009262084961,3.1083569526672363,1.8946852684021,2.5879595279693604,3.5915679931640625,3.034393072128296,3.5389862060546875,2.0067200660705566,2.727940082550049,2.784698486328125,1.8021268844604488,4.826512336730957,3.2660622596740723,3.8071658611297607,3.8987786769866943,7.196507930755615,5.131305694580078,4.343935966491699,6.106873989105225,3.8484091758728023,4.685965061187744,3.754075050354004,3.778002977371216,4.609732151031494,12.409788131713867,12.17788314819336,13.44325828552246,12.599224090576172,13.699134826660156,14.13787078857422,12.117387771606444,21.165416717529297,17.82552146911621,9.55934715270996,18.3111629486084,9.993346214294434,14.200279235839844
TEST_01+4일,3.040515899658203,2.1732616424560547,3.866034746170044,2.3882031440734863,1.5901674032211304,1.2640548944473269,1.886451005935669,1.5314196348190308,2.313741445541382,1.5989049673080444,2.0743134021759038,2.062195301055908,2.1954174041748047,2.493467092514038,6.777105331420898,2.012423515319824,1.8842506408691408,1.3723740577697754,1.263507604598999,2.450610876083374,1.8903403282165527,2.016701459884644,1.8886330127716064,1.590385675430298,2.006951808929444,8.183009147644043,2.5792179107666016,46.69944763183594,2.0302860736846924,1.9791693687438965,1.9360482692718504,1.5239484310150146,1.891757845878601,1.6823081970214844,2.483790874481201,1.5623602867126465,16.489736557006836,1.86663281917572,1.4145255088806152,7.373652935028076,2.3703649044036865,1.558367133140564,1.9294183254241943,1.8430135250091555,1.8534775972366333,1.4487868547439575,1.4186222553253174,2.038796901702881,1.6302332878112793,1.928610682487488,3.5056910514831543,1.330751657485962,2.336482524871826,1.638636827468872,1.8727760314941408,1.811168074607849,1.9435964822769165,1.6432862281799316,1.4074456691741943,1.4680185317993164,2.867609024047852,2.8809237480163574,2.62994122505188,3.25239372253418,1.9088739156723025,1.8484891653060915,1.349066138267517,1.6798287630081177,2.4099678993225098,1.720439314842224,1.8455876111984253,1.5231822729110718,1.656489014625549,1.4863765239715576,1.8705312013626096,1.476764440536499,1.80498206615448,1.6535452604293823,1.6029950380325315,1.901124596595764,1.842649817466736,1.7411402463912964,1.59199321269989,1.9368144273757932,1.924332976341248,1.6149214506149292,1.7537869215011597,1.446782469749451,1.8415006399154663,2.381410598754883,41.34177780151367,2.4651358127593994,2.21265196800232,3.6503751277923584,1.7251914739608765,1.7424200773239136,1.228652834892273,1.915660381317139,18.424657821655277,3.523685932159424,2.644388198852539,2.1170241832733154,4.153913497924805,1.8150622844696045,24.328338623046875,1.6392261981964111,21.212297439575195,2.5413153171539307,1.9439127445220947,1.6952943801879885,2.4128007888793945,2.0240328311920166,2.0384738445281982,1.9890799522399905,1.8220453262329104,1.8443481922149656,2.0927889347076416,2.5352885723114014,1.4224172830581665,1.686719298362732,2.2587666511535645,24.867637634277344,1.158656358718872,1.1876163482666016,1.0500661134719849,1.1931835412979126,1.1778172254562378,1.2774134874343872,1.2259656190872192,1.1164259910583496,1.0969288349151611,1.373245120048523,24.54276466369629,1.845004916191101,2.1749587059021,2.5842504501342773,1.4179648160934448,1.1509878635406494,1.528579592704773,3.526352882385254,1.1625710725784302,1.2305302619934082,1.7678810358047483,1.6147805452346802,3.3301329612731934,2.4149699211120605,65.15092468261719,56.42889022827149,3.788410425186157,1.6744298934936523,4.287571430206299,2.1574692726135254,1.4067082405090332,6.381927967071533,2.441734313964844,2.36232328414917,7.431172847747803,2.6330373287200928,2.6057050228118896,2.7414743900299072,4.055850505828857,2.8955297470092773,3.2805185317993164,2.296338558197021,3.801272630691528,2.730808019638061,1.8607501983642576,5.3770833015441895,3.520262718200684,4.457545757293701,3.4635369777679443,14.312796592712402,5.331170558929443,4.2764892578125,10.031064987182615,4.661034107208252,4.141170501708984,4.794177055358887,3.4308383464813232,4.130119800567627,12.867698669433594,12.25486946105957,12.750173568725586,12.274648666381836,13.027132034301758,13.120908737182615,11.04432487487793,23.53954315185547,20.22111320495605,8.994258880615234,18.73652458190918,8.931224822998047,15.11589527130127
TEST_01+5일,2.666459083557129,1.7939623594284058,4.136383056640625,2.3601832389831543,1.4491827487945557,1.658602595329285,1.6927329301834106,1.759263277053833,2.569319725036621,1.7929879426956177,1.8206404447555544,1.5546070337295532,1.985332727432251,2.647466897964477,6.997122764587402,1.7258896827697754,1.5679998397827148,2.0547237396240234,1.4659855365753174,2.1785168647766118,1.7792551517486572,2.046747922897339,1.7317277193069458,1.472168207168579,1.5554819107055664,8.398835182189941,1.8098821640014648,45.808406829833984,2.0485987663269043,1.9692800045013428,1.650825262069702,1.4731602668762207,1.3606332540512085,1.3307411670684814,2.0344161987304688,1.8214290142059328,16.796438217163086,1.809157133102417,1.5064802169799805,6.896100521087647,2.4415602684021,1.7016186714172363,1.79089617729187,1.5998718738555908,1.687108278274536,1.621086597442627,1.2428373098373413,2.316584825515747,1.192837834358215,1.8469517230987549,3.3862905502319336,1.5198999643325806,1.977524757385254,1.3181257247924805,2.0176262855529785,1.6066207885742188,1.7294552326202393,1.1123896837234497,1.4652471542358398,1.0046288967132568,3.2907204627990723,2.7734031677246094,2.872774600982666,3.1447534561157227,2.232168912887573,1.7801340818405151,1.2071441411972046,1.613669991493225,2.4077577590942383,1.7286170721054075,1.6748219728469849,1.3903460502624512,1.6110624074935913,1.2177973985671997,2.0805978775024414,1.3125991821289062,1.639661431312561,1.642053246498108,1.3200719356536863,1.6187525987625122,1.7873724699020386,1.5721396207809448,1.7198327779769895,1.7273188829421997,1.605826497077942,1.6167765855789185,1.5821551084518433,1.504733920097351,1.920204997062683,2.244446277618408,39.47462463378906,1.5040055513381958,1.67449152469635,3.0339958667755127,1.0946190357208252,1.475633144378662,1.1488975286483765,1.4815582036972046,17.801782608032227,2.939281463623047,1.84350848197937,1.8380837440490725,3.7541635036468506,1.2243353128433228,25.059125900268555,1.479939579963684,21.944477081298828,1.876952886581421,1.7584984302520752,1.2173655033111572,1.8300318717956543,1.640060305595398,1.175877571105957,1.463841199874878,1.1295385360717771,1.0,1.4665257930755615,1.6752313375473022,1.609587788581848,1.26222026348114,1.4599272012710571,24.535669326782227,1.0,1.1525386571884155,1.0575584173202517,1.004919409751892,1.107588529586792,1.0395363569259644,1.0,1.1065030097961426,1.0,1.059760570526123,22.97793197631836,1.894542098045349,2.122885704040528,2.580554962158203,1.3057024478912354,1.0,1.2574063539505005,3.4326772689819336,1.198824167251587,1.0450435876846311,1.3839303255081177,1.4349583387374878,2.603040933609009,2.1520767211914062,66.00977325439453,57.80294799804688,3.6998772621154794,1.4729557037353516,3.2177727222442627,1.2698453664779663,1.3985810279846191,6.516623020172119,1.352402687072754,1.1693174839019775,6.073160648345947,2.90590238571167,1.3951973915100098,1.98667311668396,3.6234068870544434,2.2532167434692383,1.8540408611297607,1.4066776037216189,1.986548662185669,1.8479149341583248,1.075245976448059,4.003968238830566,3.389716863632202,3.446194887161255,3.420124292373657,11.44741439819336,2.88709568977356,2.99497652053833,8.444452285766602,3.4528377056121826,4.176637172698975,3.7618486881256095,3.1138055324554443,3.6876022815704346,11.571371078491213,10.807924270629885,11.47450828552246,11.12335205078125,11.82839584350586,11.125717163085938,10.972332000732422,21.583335876464844,18.70799446105957,8.463912963867188,18.233964920043945,7.809624671936035,14.359187126159668
TEST_01+6일,3.0121171474456787,1.5731861591339111,4.304875373840332,2.039314746856689,1.0,1.0011470317840576,1.4183701276779177,1.5063916444778442,2.4069297313690186,1.591804265975952,1.797846436500549,1.774858474731445,1.393483281135559,2.1095755100250244,7.665838241577148,1.7274034023284912,1.74577796459198,1.657124638557434,1.4705071449279783,2.046189069747925,1.6391425132751465,2.127187728881836,1.706921935081482,1.5376769304275513,1.9638615846633911,8.637435913085938,2.4539027214050293,45.57432556152344,1.9284900426864624,2.032958984375,1.9289665222167969,1.6528749465942385,1.395479440689087,1.8419854640960691,2.535789966583252,1.8617208003997805,17.946533203125,2.046698570251465,1.5172713994979858,7.888978004455566,2.834105491638184,1.9291932582855225,1.4527361392974854,2.106498003005981,1.997026801109314,1.3117753267288208,1.7180413007736206,2.372798204421997,1.9520084857940676,2.4284801483154297,3.8666839599609375,1.709298849105835,2.0905911922454834,1.5268325805664062,1.8303778171539309,1.797080397605896,1.917333722114563,2.153581142425537,1.4793317317962646,1.232584834098816,2.9852190017700195,2.783576488494873,3.090017318725586,3.754502773284912,2.388308525085449,1.814005970954895,1.0900044441223145,1.5456949472427368,2.316071033477783,1.5912126302719116,1.5297271013259888,1.3125381469726562,1.4892040491104126,1.2679065465927124,2.099299907684326,1.4731113910675049,1.4178024530410769,1.4826939105987549,1.4078617095947266,1.5845848321914673,1.968788743019104,1.4860247373580933,1.7103601694107056,1.7748743295669556,1.6274951696395874,1.4657536745071411,1.7197178602218628,1.494118094444275,1.8199845552444456,2.2605185508728027,37.91300582885742,1.509755253791809,1.5960681438446045,3.1004867553710938,1.2000248432159424,1.2697139978408811,1.1995443105697632,1.1572414636611938,17.21441650390625,3.2051455974578857,1.9362573623657229,1.6030882596969604,3.64198637008667,1.0522199869155884,29.06395530700684,1.4018474817276,22.87617301940918,2.273481845855713,1.6555250883102417,1.215391993522644,2.081329107284546,1.484039068222046,1.6613925695419312,1.5807135105133057,1.2863013744354248,1.076473832130432,1.8607079982757568,1.941490888595581,1.6584575176239014,1.2605409622192385,1.5524659156799316,24.64707946777344,1.0,1.0901811122894287,1.1425610780715942,1.0786677598953247,1.064611554145813,1.095969319343567,1.1359318494796753,1.0,1.0202151536941528,1.1615564823150637,23.19200134277344,1.8200417757034304,2.092432975769043,2.633209228515625,1.4455581903457642,1.130513310432434,1.392518162727356,3.5288004875183105,1.3885177373886108,1.050583839416504,1.5511521100997925,1.417139172554016,3.0034432411193848,1.695166826248169,66.05018615722656,57.10026168823242,4.4229230880737305,1.8193516731262207,3.4704878330230717,1.582730770111084,1.4146976470947266,6.76349401473999,1.880537748336792,1.889787197113037,6.926104068756104,2.7214255332946777,1.738239288330078,1.9891455173492432,4.724569320678711,2.803036689758301,2.8319053649902344,1.784252643585205,3.090037107467652,2.1310718059539795,1.7003419399261477,4.628973484039307,4.370595455169678,5.134021282196045,4.363095760345459,11.429913520812988,4.767606258392334,3.885942459106445,8.748784065246582,4.588901996612549,5.058261871337891,5.105588436126709,3.115966796875,4.997992038726807,12.080320358276367,11.280092239379885,12.185317993164062,11.753890991210938,13.033578872680664,12.570131301879885,11.035322189331056,21.623964309692383,18.38837242126465,8.008186340332031,17.936237335205078,8.354751586914062,14.034709930419922
TEST_01+7일,4.629293441772461,2.421801805496216,6.112753868103027,3.738579750061035,1.549831748008728,2.351495742797852,2.012760639190674,2.0210556983947754,3.174269437789917,2.405518054962158,2.297045946121216,2.17340087890625,1.9752507209777832,3.149880886077881,9.489571571350098,2.173205852508545,2.6610448360443115,2.46647310256958,1.9844616651535036,2.889925718307495,2.3897054195404053,2.3681857585906982,2.3032820224761963,1.9832777976989744,2.420385360717773,11.390875816345217,3.2045998573303223,47.43013381958008,2.701930284500122,3.450761318206787,2.532163619995117,2.636160373687744,2.242403268814087,2.0941295623779297,2.5018234252929688,2.027874231338501,26.51223564147949,1.926490068435669,1.9793879985809328,12.07866668701172,4.615791320800781,2.617440938949585,2.205869197845459,2.5611939430236816,2.1477973461151123,2.137220621109009,2.127689838409424,3.056183338165283,2.266355037689209,3.1206111907958984,5.444232940673828,2.103487491607666,2.563207626342773,2.2735371589660645,2.519736766815185,2.19893217086792,2.2098238468170166,1.9346474409103396,2.04439640045166,1.7384816408157349,5.095279216766357,4.098692893981934,4.720514297485352,4.975495338439941,3.4739389419555664,2.313119411468506,1.470913648605347,2.002946376800537,3.333878517150879,1.868008017539978,2.05271053314209,1.5992096662521362,2.068972110748291,1.7044404745101929,2.6884899139404297,1.9837826490402224,1.9197067022323608,1.9798537492752075,1.6842788457870483,2.215224266052246,2.3970017433166504,1.9372025728225708,2.19918155670166,2.0042567253112797,1.980406403541565,2.069261074066162,1.9917882680892944,1.8916460275650024,2.43790864944458,3.2820115089416504,40.696319580078125,2.2131664752960205,3.0025203227996826,4.978352546691895,1.7808475494384766,1.6722885370254517,1.661472201347351,1.6253392696380615,23.687294006347656,4.847709655761719,2.454200029373169,2.128865957260132,5.770068645477295,1.629001498222351,39.22100830078125,1.9673857688903809,30.9632568359375,3.0452630519866943,2.767979621887207,1.7003105878829956,2.859067440032959,2.08152174949646,2.5687785148620605,2.3949227333068848,2.05908727645874,1.998586177825928,2.857090711593628,2.640021800994873,2.3055875301361084,2.212794303894043,2.181830644607544,26.463361740112305,1.098885416984558,1.4433869123458862,1.1156203746795654,1.27283775806427,1.2315244674682615,1.106373906135559,1.273990273475647,1.2715747356414795,1.1587176322937012,1.311822772026062,25.917844772338867,2.718681812286377,3.033580780029297,3.3564414978027344,1.813571572303772,1.4543546438217163,1.76948082447052,4.86966609954834,1.3364843130111694,1.3348535299301147,3.0840888023376465,1.7737520933151243,4.985843658447266,2.18206524848938,71.86770629882812,65.24159240722656,7.837170124053955,1.717203140258789,5.885572910308838,2.172002077102661,1.9604315757751465,13.821663856506348,2.111092567443848,1.3471460342407229,12.908827781677246,5.367021083831787,1.721576452255249,2.110642671585083,9.13591480255127,3.170905828475952,4.01380729675293,2.413573265075684,5.788262367248535,2.736169576644897,2.2334156036376958,9.252758979797363,2.5116755962371826,6.05809497833252,3.1114892959594727,16.073837280273438,2.963144063949585,3.0044217109680176,12.307109832763672,4.748067855834961,3.9472272396087646,4.262391567230225,5.957663536071777,4.609940052032471,16.06634521484375,13.397785186767578,17.295215606689453,13.79527473449707,18.65458297729492,16.122535705566406,13.12472915649414,30.64956283569336,26.10681915283203,9.98912239074707,24.82632827758789,11.534619331359863,21.54386329650879
TEST_02+1일,3.889885425567627,49.577884674072266,3.837045907974243,1.8918216228485107,1.6896334886550903,2.130716562271118,26.97450828552246,2.569204092025757,2.559171438217163,1.872097134590149,2.20442008972168,2.012575626373291,2.8247263431549072,2.84458065032959,22.030704498291016,2.1138482093811035,42.52810287475586,2.4353890419006348,2.8498380184173584,49.08624267578125,34.723045349121094,2.01370906829834,1.9878767728805544,1.7601430416107178,15.468085289001465,4.075741767883301,4.6395368576049805,50.50837707519531,3.018407821655273,2.5945281982421875,2.8143749237060547,2.1376442909240723,1.9890024662017824,2.557503223419189,1.9048389196395876,2.7524094581604004,26.92023658752441,2.8261775970458984,1.7567143440246582,10.029199600219728,7.965254306793213,2.039320945739746,2.211930274963379,2.0134642124176025,2.46826171875,2.4458565711975098,1.8972821235656736,2.5861706733703613,1.8039004802703855,3.21132230758667,5.271247863769531,2.4181911945343018,3.0909423828125,2.0715479850769043,2.341533660888672,2.124966621398926,2.7811055183410645,1.8591244220733645,2.133895874023437,2.227259635925293,3.531865119934082,4.3138813972473145,5.076772212982178,5.220054626464844,5.563699722290039,2.0490212440490723,1.5100573301315308,1.831966519355774,2.640200138092041,1.3487389087677002,1.782375454902649,1.7848659753799438,1.9748693704605105,1.7333983182907104,2.218823909759521,2.06326675415039,1.813934683799744,2.223020553588867,1.806963324546814,2.4376683235168457,1.9315778017044067,1.7205694913864136,1.6753588914871216,1.6962987184524536,1.9831105470657349,1.921154856681824,1.8019310235977173,1.848479151725769,2.301243305206299,2.499013900756836,47.73857116699219,2.262195110321045,2.442504405975342,2.005638360977173,2.0526063442230225,2.185919523239136,2.415722608566284,1.9578495025634768,4.622381210327148,4.669103145599365,1.9757399559021,1.642667293548584,2.088975429534912,2.306992292404175,49.233154296875,41.50817489624024,17.660322189331055,2.579696655273437,3.227119207382202,2.261837720870972,2.2214510440826416,2.182286262512207,2.657897472381592,2.605233192443848,2.4107537269592285,2.140631914138794,2.0948705673217773,1.9679396152496336,2.190453290939331,2.3954575061798096,2.141412734985352,25.114891052246094,1.2358808517456057,1.3758846521377563,1.6203588247299194,1.448977828025818,1.393816590309143,1.4670623540878296,1.4797955751419067,1.424526572227478,1.4049855470657349,1.0821778774261477,27.655969619750977,2.19143009185791,2.161727905273437,2.286299705505371,2.0172886848449707,1.7364522218704224,1.3257704973220823,2.994716167449951,1.4736288785934448,1.3476223945617676,2.620566368103028,1.5875288248062134,3.668302059173584,2.184721708297729,77.2608871459961,78.31779479980469,4.679000854492188,2.357977867126465,3.779067516326904,1.9562962055206297,2.5768420696258545,9.964298248291016,2.959059476852417,3.5439960956573486,10.691974639892578,3.896503210067749,2.4372777938842773,1.9525060653686523,4.292565822601318,2.1400721073150635,3.3686954975128174,3.114630937576294,3.773096799850464,2.297487497329712,2.47732925415039,4.927953243255615,2.747387170791626,4.104671955108643,3.925349473953247,13.938955307006836,6.368865013122559,3.752496719360352,9.10965633392334,6.314926624298096,5.092880725860596,2.992192506790161,7.8076677322387695,4.252971649169922,43.07809066772461,22.56230354309082,34.124488830566406,15.794811248779297,25.61945343017578,50.98897171020508,17.444631576538086,73.64849090576172,55.52217864990234,16.059165954589844,66.51248168945312,16.58090591430664,57.4517822265625
TEST_02+2일,2.0944623947143555,48.301025390625,2.54716157913208,1.2267601490020752,1.3201720714569092,1.863824486732483,22.331432342529297,1.343238115310669,1.5182232856750488,1.3103302717208862,1.7694973945617676,1.7820162773132324,1.736812949180603,1.8381428718566892,15.392850875854492,1.4897404909133911,37.64005279541016,1.8689738512039185,2.189566373825073,45.99519348144531,29.865798950195312,1.4869811534881592,1.631029486656189,1.826330542564392,11.151944160461426,3.009385585784912,3.147477626800537,48.55289077758789,2.542588710784912,2.500062942504883,2.3090786933898926,2.0544118881225586,1.358187913894653,1.907304048538208,1.319664478302002,2.0026211738586426,21.224754333496094,1.5589289665222168,1.3378359079360962,7.481140613555908,6.69972562789917,1.8078643083572388,1.824476957321167,1.6457319259643557,2.0864410400390625,2.15451717376709,1.7520337104797363,1.9815597534179688,1.920590043067932,2.567121744155884,3.4263081550598145,2.258655071258545,1.9802712202072144,1.627313494682312,2.339373826980591,1.7852102518081665,1.711228847503662,1.7463500499725342,1.769035577774048,2.060522079467773,2.7974348068237305,3.199105739593506,3.9028000831604,3.58736515045166,4.148777484893799,1.782110571861267,1.5802024602890017,1.8543118238449097,2.02065372467041,1.5487648248672483,1.7911001443862915,1.8323971033096316,1.7997609376907349,1.5087233781814575,1.945311427116394,1.6900535821914673,1.581396222114563,1.7513519525527954,1.5790663957595823,1.7352467775344849,1.7459484338760376,1.5172477960586548,1.580211520195007,1.5760246515274048,1.8659638166427608,1.7589150667190552,1.6720088720321655,1.652643084526062,2.000143527984619,2.08203125,47.19009017944336,2.5561344623565674,2.565181970596313,2.598716735839844,2.303769111633301,2.36617374420166,2.1567375659942627,2.429107189178467,3.932494640350342,3.775181531906128,2.0088744163513184,2.0690042972564697,2.0176665782928467,2.319144487380981,50.18272018432617,39.467411041259766,14.797686576843262,2.4957449436187744,2.995812177658081,2.655972719192505,2.285649299621582,2.013735294342041,2.4703493118286133,2.108696937561035,2.226470232009888,2.600114345550537,2.286093711853028,2.219494342803955,2.1133430004119877,2.6455976963043213,2.48776650428772,24.685169219970703,1.25347638130188,1.1626797914505005,1.6290122270584106,1.264346718788147,1.1299312114715576,1.518445372581482,1.2213023900985718,1.2955591678619385,1.1611061096191406,1.0,26.5275993347168,1.8428527116775515,1.778723120689392,1.6517406702041626,1.512219786643982,1.105798363685608,1.163228988647461,1.9831169843673704,1.1307660341262815,1.0987058877944946,1.7660976648330688,1.4238523244857788,2.1305642127990723,1.2664973735809326,70.95365905761719,75.81318664550781,2.761011838912964,1.3012183904647827,2.8363683223724365,1.3820016384124756,2.751711845397949,6.209982395172119,2.342343807220459,2.3247361183166504,6.31423807144165,2.6017465591430664,2.0623972415924072,1.6545134782791138,2.424480676651001,1.3047785758972168,1.131230115890503,1.8212122917175293,2.124279737472534,1.1142808198928833,1.6926188468933103,2.3283634185791016,1.3190670013427734,1.0,1.0,3.5140748023986816,1.049890637397766,2.234409809112549,3.618678331375122,2.5365149974823,2.1625797748565674,1.446987271308899,1.8936326503753664,1.0,34.79703140258789,18.066743850708008,26.06538772583008,12.906309127807615,19.265106201171875,44.2016487121582,13.570402145385742,73.76896667480469,50.16250228881836,11.653365135192873,61.8309211730957,11.623708724975586,50.136966705322266
TEST_02+3일,2.840599775314331,45.73599624633789,3.074754476547241,2.001779794692993,2.474714517593384,2.079518795013428,22.551464080810547,2.0813159942626958,1.94854199886322,1.914365530014038,2.311123371124268,2.3503262996673584,2.480722427368164,2.402723789215088,12.046337127685549,2.050631523132324,36.12069320678711,2.4383034706115723,2.34266996383667,43.077293395996094,28.79210662841797,2.0625762939453125,2.0949110984802246,1.7420690059661863,9.644664764404297,2.706413745880127,2.834033489227295,47.13890838623047,2.1038830280303955,2.1812872886657715,2.195338726043701,1.945428490638733,1.2276442050933838,2.1574525833129883,1.3604415655136108,1.8226783275604248,16.758304595947266,1.7563965320587158,1.1935137510299685,5.306122303009033,5.856815814971924,1.257707118988037,1.8276875019073489,1.3924808502197266,1.4894746541976929,1.782461643218994,1.7164061069488523,1.491877198219299,1.2817130088806152,1.9078325033187864,3.4970388412475586,2.133634328842163,1.7735514640808103,1.6075592041015625,2.013843059539795,1.207594871520996,1.2221386432647705,1.548751711845398,1.2962772846221924,1.8217589855194087,2.326333999633789,2.1938419342041016,3.413314819335937,3.06126070022583,3.629889488220215,1.7044559717178345,1.5552245378494265,1.626837134361267,2.0288376808166504,1.4028900861740112,1.7030097246170044,1.806369662284851,1.8516663312911987,1.629191279411316,1.689332365989685,1.5370665788650513,1.7186764478683472,1.8132561445236208,1.5707708597183228,1.6471644639968872,1.6543916463851929,1.494301438331604,1.4944415092468262,1.433991551399231,1.8580693006515503,1.7272614240646362,1.6663585901260376,1.5746225118637085,1.921466946601868,1.9739843606948853,44.14532852172852,2.211699724197388,2.403301239013672,2.3430159091949463,2.183295965194702,2.5235304832458496,2.0540895462036133,2.410863161087036,3.878936290740967,3.754681348800659,1.9549574851989744,1.996044635772705,1.9727885723114011,2.1180098056793213,47.125125885009766,37.048973083496094,13.361164093017578,2.118536233901977,2.567820310592652,2.371150493621826,1.8534245491027832,2.0018296241760254,2.2534453868865967,1.895420789718628,2.0386579036712646,2.608561992645264,2.1750428676605225,1.9055438041687007,1.855602741241455,2.423410415649414,2.144417285919189,24.395601272583008,1.214774250984192,1.359385967254639,1.7009366750717163,1.398995041847229,1.5010885000228882,1.5935362577438354,1.242632269859314,1.5429421663284302,1.3728975057601929,1.2769354581832886,25.71674919128418,1.7483693361282349,2.0318970680236816,1.590241312980652,1.5146468877792358,1.6013792753219604,1.3388593196868896,2.002864360809326,1.3216508626937866,1.3428561687469482,1.5889898538589478,1.4321082830429075,3.1412720680236816,1.898752212524414,69.88728332519531,72.09322357177734,3.4642670154571533,2.546314239501953,3.277097702026367,2.3534324169158936,2.769680976867676,6.082022190093994,2.512587070465088,3.093470573425293,5.835722923278809,3.0723111629486084,2.331676483154297,1.6491498947143557,3.1816165447235107,1.964653730392456,2.1928598880767822,2.100302457809448,2.772183895111084,2.3134329319000244,2.4639859199523926,3.5734448432922363,5.278155326843262,4.442569255828857,2.689814567565918,5.994797229766846,4.306607723236084,4.675161838531494,5.5195088386535645,5.659905433654785,4.897139072418213,4.506510257720947,3.2790722846984863,4.411421298980713,30.34219741821289,17.823097229003906,23.18107032775879,13.272403717041016,18.421049118041992,39.63652420043945,14.290176391601562,61.47557067871094,42.76001739501953,12.43819522857666,50.25111389160156,11.707992553710938,41.05924606323242
TEST_02+4일,2.6431610584259038,46.16532516479492,2.54724383354187,1.836453199386597,1.7606282234191897,2.026686668395996,24.56165313720703,1.6106183528900146,1.8999756574630735,1.6807682514190674,2.259493827819824,1.8491227626800537,2.2226178646087646,2.422264814376831,13.406846046447754,2.163588047027588,37.63651657104492,1.5889124870300293,2.2332353591918945,43.433048248291016,30.37240982055664,1.6434727907180786,1.759302258491516,1.2834436893463137,10.002147674560549,3.950359344482422,3.122530937194824,44.90423202514648,2.2569565773010254,2.8751912117004395,2.333815097808838,1.504061222076416,1.6867141723632812,1.9820421934127808,1.621895432472229,1.72812819480896,16.883760452270508,2.479541063308716,1.3700642585754397,6.211203575134277,6.189058780670166,1.5922682285308838,1.9373458623886108,1.2344746589660645,2.532878875732422,2.5737721920013428,1.8381531238555908,1.7004269361495972,1.8762876987457275,2.5521578788757324,3.5712766647338867,2.188882112503052,2.247446060180664,1.706127643585205,2.109066963195801,1.555602788925171,1.6146900653839111,1.900831699371338,2.2049219608306885,1.913162112236023,2.854360580444336,3.128324508666992,4.043606758117676,3.551675319671631,4.144299983978272,1.6125158071517944,1.5616549253463743,1.856429934501648,2.066439151763916,1.5060254335403442,1.8000138998031616,1.883184552192688,1.862884879112244,1.658249020576477,1.799463391304016,1.79084575176239,1.4631508588790894,1.8518799543380735,1.6586195230484009,1.7245999574661257,1.6805146932601929,1.586464762687683,1.5177065134048462,1.616172194480896,1.916666865348816,1.818665862083435,1.5189658403396606,1.3975461721420288,1.84384024143219,1.7843397855758667,43.35456085205078,2.0051252841949463,2.4586546421051025,2.1730051040649414,2.181236982345581,2.188810348510742,2.4942188262939453,2.185820341110229,4.21710205078125,3.7195208072662354,1.8341193199157717,1.7573082447052002,1.800313949584961,1.8311529159545896,45.43715286254883,38.94196319580078,13.890451431274414,2.325095891952514,2.943128824234009,1.9820828437805176,2.0484421253204346,2.0713937282562256,2.198721170425415,1.6481404304504397,2.251959562301636,2.374561548233032,2.1932358741760254,1.888512372970581,1.844592571258545,2.1114377975463867,2.219757556915283,24.13193702697754,1.2008180618286133,1.3599587678909302,1.23514986038208,1.3966697454452517,1.7070285081863403,1.6006218194961548,1.0,1.4618109464645386,1.4646576642990112,1.2712416648864746,25.974336624145508,1.956184983253479,1.9420737028121948,1.7618643045425415,1.73151433467865,1.4435704946517944,1.211125731468201,2.0027108192443848,1.1580814123153689,1.344633936882019,1.6947284936904907,1.2829110622406006,2.174635887145996,1.317981243133545,67.41118621826172,69.07099914550781,3.038827419281006,2.567288637161255,3.1816139221191406,2.0050618648529053,2.714749574661255,6.632711410522461,2.376791954040528,2.900916576385498,6.602246284484863,2.8400208950042725,2.370590925216675,1.94475531578064,3.0497493743896484,2.652576446533203,2.716915369033813,2.518791675567627,3.2763547897338867,2.3021399974823,1.3279805183410645,2.96478533744812,4.062130451202393,3.234196424484253,3.7843446731567374,4.838360786437988,4.899379253387451,4.880558967590332,4.951690196990967,4.022686958312988,4.587656021118164,3.859387397766113,3.552440881729126,4.524556636810303,27.560279846191406,17.234901428222656,22.91619873046875,12.69459342956543,18.09026908874512,36.85725784301758,13.648223876953123,54.10309219360352,39.794677734375,11.572477340698242,45.36557769775391,11.18775463104248,37.02824020385742
TEST_02+5일,2.455650806427002,44.6861686706543,2.2007150650024414,1.8477747440338133,1.9180635213851929,1.989667296409607,25.099109649658203,1.8815964460372925,2.0010972023010254,1.4935389757156372,2.0118465423583984,1.8593053817749023,2.18375825881958,1.9877631664276123,13.56764793395996,2.19644546508789,38.221561431884766,2.056424617767334,2.1907591819763184,43.96768569946289,30.69768524169922,1.8440486192703247,1.5457390546798706,2.1483263969421387,10.386991500854492,3.0807547569274902,2.701677083969116,42.85357666015625,2.0890469551086426,2.3464789390563965,2.1667473316192627,1.6766178607940674,1.1341408491134644,1.9663939476013184,1.188478946685791,2.025399208068848,16.244516372680664,1.6300019025802612,1.911758303642273,5.728397846221924,4.921642780303955,1.0,1.6802070140838623,1.3958550691604614,1.6999765634536743,1.3628973960876465,1.7160710096359253,1.7533916234970093,1.746106505393982,2.278150081634521,3.192887783050537,1.9070748090744016,1.443559169769287,1.307145595550537,1.9593266248703003,1.3183698654174805,1.0661203861236572,1.5149750709533691,1.5240483283996582,1.7890595197677612,2.537252187728882,2.417632579803467,3.535140037536621,3.0919880867004395,3.370516300201416,1.4263590574264526,1.450963854789734,1.677125334739685,2.04030990600586,1.2633384466171265,1.5357457399368286,1.5537089109420776,1.5010654926300049,1.5148011445999146,1.5780655145645142,1.677477478981018,1.536620020866394,1.6878126859664917,1.5426236391067505,1.4596548080444336,1.675033450126648,1.5266460180282593,1.2892611026763916,1.4996620416641235,1.4925169944763184,1.7785576581954956,1.508449912071228,1.4333806037902832,1.77998149394989,1.6721287965774536,43.09832763671875,1.765866994857788,1.6613560914993286,1.830477952957153,1.9201478958129885,1.9822030067443848,1.3884103298187256,1.7411738634109497,3.705286026000977,3.037724733352661,1.5068553686141968,1.61343252658844,1.6052789688110352,1.5731074810028076,43.73890686035156,38.94453430175781,13.437122344970703,1.8339855670928955,2.3674118518829346,1.6604344844818115,1.580954670906067,1.6617588996887207,1.5867937803268433,1.404496431350708,1.6332908868789673,1.940459489822388,1.634905219078064,1.375179648399353,1.3565682172775269,1.651193618774414,1.642350196838379,24.664857864379883,1.1287695169448853,1.1040868759155271,1.411401391029358,1.1865131855010986,1.452520728111267,1.220201849937439,1.243963599205017,1.162536859512329,1.443315863609314,1.0405213832855225,26.15941429138184,1.735449194908142,1.782763123512268,1.5563994646072388,1.4282408952713013,1.316793441772461,1.0284621715545654,2.101818561553955,1.1388458013534546,1.119208574295044,1.657668948173523,1.2328847646713257,2.243467330932617,1.0,67.28630065917969,70.96697235107422,2.1292104721069336,1.8515548706054688,2.5783724784851074,1.4187434911727903,2.105492115020752,5.358169078826904,1.721532106399536,2.3920412063598637,5.834359645843506,2.255809783935547,1.5812995433807373,1.5853004455566406,1.825134515762329,1.7385878562927246,1.5690748691558838,1.3783442974090576,2.0572164058685303,1.857175588607788,1.6025376319885254,2.676110029220581,3.035351037979126,3.140815019607544,2.31434178352356,3.8686752319335938,3.5042169094085693,3.276935577392578,2.9768238067626958,2.649167537689209,3.932750701904297,3.055743932723999,2.827231407165528,3.0610177516937256,27.32309341430664,15.745599746704102,22.574119567871094,10.961721420288086,15.823219299316406,34.35097885131836,11.652545928955078,49.21510314941406,37.45255661010742,10.988529205322266,43.10209655761719,9.854944229125977,34.673885345458984
TEST_02+6일,2.202754020690918,46.18248748779297,2.503443956375122,1.3725162744522097,1.6485546827316284,1.389682650566101,25.3419189453125,1.8664766550064087,1.576690912246704,1.4292960166931152,1.3912163972854614,1.831348538398743,2.12624740600586,2.054426670074463,13.36170482635498,1.4726217985153198,39.274635314941406,1.6346968412399292,1.9051804542541504,43.94761657714844,30.593015670776367,1.498405933380127,1.4016027450561523,2.196394443511963,11.544721603393556,3.6910719871521,2.9243621826171875,44.17181396484375,2.1990480422973637,2.6713802814483643,1.9224358797073364,1.968460321426392,1.6545872688293457,2.0232062339782715,1.7068088054656982,2.046627283096313,17.944786071777344,1.786510705947876,1.8410425186157229,5.770852565765381,4.763617515563965,1.6663227081298828,1.6079130172729492,1.6628094911575315,2.1717424392700195,2.0045461654663086,1.7063454389572144,1.5425796508789062,1.9082540273666384,2.09466552734375,3.425929069519043,2.127807140350342,2.121760606765747,1.527991771697998,2.14650297164917,1.700287103652954,1.4340399503707886,2.1853809356689453,1.979750633239746,2.3248353004455566,2.575072765350342,2.7575879096984863,3.712025165557861,3.624037265777588,4.160285472869873,1.384618639945984,1.4703184366226196,1.4958035945892334,1.8739615678787231,1.2381418943405151,1.5090490579605105,1.6207956075668335,1.628917574882507,1.482025980949402,1.5343385934829712,1.559298396110535,1.4953685998916626,1.3745291233062744,1.3517385721206665,1.7483338117599487,1.3237491846084597,1.2833693027496338,1.4812527894973757,1.3178962469100952,1.4745937585830688,1.5590118169784546,1.3743685483932495,1.138439655303955,1.5928901433944702,1.472649335861206,42.2983627319336,1.690279483795166,1.8060190677642824,1.7553998231887815,1.8912889957427976,1.779141545295715,1.6798275709152222,1.6354373693466189,3.28891921043396,2.893422842025757,1.463084101676941,1.4990581274032593,1.3151049613952637,1.4966410398483276,43.14027404785156,39.20924377441406,13.11190128326416,1.816377878189087,1.8481452465057373,1.468383550643921,1.1566370725631714,1.6547839641571045,1.5497334003448486,1.5358271598815918,1.4868972301483154,1.519966721534729,1.5620765686035156,1.3842275142669678,1.3153401613235474,1.4677587747573853,1.2364137172698977,24.31673812866211,1.1808215379714966,1.1285412311553955,1.2726942300796509,1.2867817878723145,1.540808081626892,1.097642183303833,1.0,1.30780291557312,1.451393961906433,1.1197303533554075,25.82156753540039,1.5814818143844604,1.8335970640182493,1.413673996925354,1.3153245449066162,1.148417353630066,1.0514483451843262,2.0493483543396,1.1850285530090332,1.2203176021575928,1.6624191999435425,1.04456627368927,2.693511724472046,1.1401625871658323,68.47545623779297,68.99501037597656,2.1623189449310303,2.1163089275360107,2.488593816757202,1.7280197143554688,2.0414743423461914,6.189419746398926,1.641870379447937,2.5355703830718994,6.634571552276611,1.80621075630188,1.4283781051635742,1.5701451301574707,1.8609442710876465,1.406740427017212,2.0604655742645264,2.0725834369659424,2.395082950592041,2.197211503982544,2.1381165981292725,2.919074058532715,4.80094051361084,3.437719345092773,5.426248550415039,6.066971302032471,4.147225379943848,4.553521633148193,3.4516537189483643,5.192403316497803,4.512945175170898,3.8588733673095694,4.78563928604126,5.44789981842041,27.26694869995117,15.207292556762695,21.91477394104004,11.264238357543944,14.993856430053713,33.945350646972656,11.666315078735352,47.78473281860352,38.17312240600586,11.876192092895508,43.68463134765625,10.231884002685549,36.15775680541992
TEST_02+7일,3.5980100631713867,48.23109817504883,4.067792892456055,1.989116072654724,2.2043333053588867,2.2720446586608887,26.87638092041016,2.5044493675231934,2.5712008476257324,2.2176051139831543,2.4915785789489746,2.4639406204223637,2.799422264099121,2.6717042922973637,19.580814361572266,2.1177704334259038,41.79600524902344,2.5809614658355717,2.9257936477661133,47.76161193847656,34.29191207885742,2.1852598190307617,1.871760368347168,2.4457082748413086,15.684587478637695,4.649593353271484,4.580974102020264,48.55332565307617,3.225433349609375,3.0879430770874023,2.823620319366455,2.4871411323547363,2.164294958114624,2.584757089614868,2.144895315170288,2.7337839603424072,24.45935440063477,2.642036437988281,2.1909303665161133,9.47093105316162,7.557628154754639,1.6524485349655151,2.0198845863342285,2.073823928833008,2.362699031829834,2.5465121269226074,2.165363311767578,2.921396255493164,1.916093349456787,3.140939712524414,5.195461750030518,2.1326560974121094,2.9821581840515137,2.20719051361084,2.549652576446533,2.026024580001831,2.0850138664245605,2.270605564117432,2.467136144638061,2.174139499664306,3.403996467590332,4.475265502929688,5.677385330200195,5.467250347137451,5.837612152099609,2.044926166534424,1.857573390007019,2.049133777618408,2.773566246032715,1.544864296913147,1.8975893259048464,1.8006328344345093,2.126556396484375,1.737141728401184,2.063541889190674,2.2731494903564453,1.8509129285812376,2.1198129653930664,1.7464181184768677,2.583597183227539,1.8985182046890257,1.8615723848342896,1.7541776895523071,1.6531256437301636,1.8796931505203247,2.121598243713379,1.883985161781311,1.9132932424545288,2.511111259460449,2.5778751373291016,44.50050735473633,2.37927508354187,3.1459171772003174,1.9982054233551023,2.1258528232574463,2.589916706085205,2.2412729263305664,2.2637085914611816,4.968001365661621,5.003568172454834,2.092413902282715,1.9930236339569087,2.160191535949707,2.3295116424560547,45.12932968139648,40.56782531738281,17.71025848388672,2.8229191303253174,3.339665651321411,2.768064498901367,2.8276381492614746,2.1228182315826416,2.3266971111297607,2.64513635635376,2.312182664871216,2.0441713333129883,2.4772789478302,2.065563440322876,2.6177773475646973,2.757510185241699,2.381829261779785,25.29195785522461,1.3254107236862185,1.2346333265304563,1.6571427583694458,1.3818057775497437,1.715617537498474,1.3510061502456665,1.718147873878479,1.4643398523330688,1.644269585609436,1.2505412101745603,27.2736759185791,2.2900428771972656,2.2547030448913574,2.433578491210937,1.858652710914612,1.401370644569397,1.4159029722213743,3.238558769226074,1.5967119932174685,1.4128926992416382,2.464877128601074,1.55923330783844,3.5741078853607178,1.973665714263916,74.27033996582031,72.5033187866211,4.08665132522583,2.524524688720703,4.286648750305176,2.258962154388428,2.3496577739715576,9.685214042663574,2.972733974456787,2.363276243209839,10.959181785583496,3.832872152328491,2.588320016860962,1.5557457208633425,4.234938621520996,2.065796375274658,3.36238956451416,2.7481911182403564,3.524158000946045,2.199378252029419,2.4550437927246094,5.048409938812256,2.803623676300049,3.88874101638794,2.7952163219451904,12.822041511535645,4.840037345886231,3.39680814743042,7.778795719146728,4.468199253082275,2.732885360717773,3.139298439025879,6.777187824249268,3.379699468612671,38.317604064941406,20.7930850982666,31.8900203704834,14.411664962768556,22.934139251708984,44.07366561889648,16.265365600585938,58.91534805297852,48.70577239990234,16.83251190185547,55.36339569091797,15.427491188049316,49.78307723999024
TEST_03+1일,4.376162528991699,47.18115615844727,4.898027420043945,3.516523599624634,2.2664294242858887,2.541781425476074,16.857913970947266,2.7950475215911865,3.2746872901916504,2.3714170455932617,2.322979211807251,1.6009141206741333,2.073827743530273,3.086843252182007,13.29534149169922,2.250821590423584,49.331180572509766,2.105600595474243,2.4689812660217285,49.74934768676758,26.292903900146484,2.23884654045105,2.403979539871216,2.320540428161621,38.26587677001953,9.827978134155272,10.247645378112791,44.48320388793945,5.663808345794678,3.614511966705322,3.069865703582764,3.4064488410949707,2.40037202835083,2.0522356033325195,2.0809903144836426,2.50337553024292,32.94536209106445,3.933557987213135,2.3809518814086914,16.95729637145996,10.0089750289917,2.4298553466796875,2.577247142791748,2.6458210945129395,1.979436993598938,2.196700096130371,2.3494362831115723,2.741150379180908,2.1112937927246094,1.950492262840271,5.336780071258545,2.441147804260254,2.531383514404297,2.5330123901367188,2.914305686950684,2.504068374633789,2.428823947906494,2.0097804069519043,2.393768310546875,2.404778957366944,4.198256969451904,3.589247703552246,7.941320896148682,7.666384696960449,5.249122142791748,1.969133973121643,1.8387757539749143,2.1197519302368164,2.0057849884033203,1.781446099281311,2.163454532623291,1.8501516580581665,1.6097921133041382,1.5335601568222046,2.9544501304626465,1.9831289052963257,2.011793613433838,1.9697903394699097,1.7313543558120728,3.005856990814209,2.4800171852111816,1.8547743558883667,1.7190598249435425,1.8346108198165891,1.9903444051742556,1.7870334386825562,1.905311226844788,2.2490692138671875,2.478210926055908,2.445400714874268,49.28972625732422,2.4499623775482178,2.316051721572876,3.19548773765564,2.174414157867432,2.60640549659729,2.6819441318511963,2.410480260848999,18.77613639831543,3.3561370372772217,1.922227144241333,2.4881181716918945,3.849140167236328,1.968055725097656,49.180152893066406,48.51495361328125,21.23269844055176,2.79077410697937,3.2948427200317383,2.6470980644226074,2.53059196472168,2.075814723968506,2.7741594314575195,2.3128106594085693,2.470211982727051,2.355475187301636,2.5527360439300537,2.560719966888428,2.762683629989624,2.038536071777344,2.093001365661621,21.849040985107425,1.4053045511245728,1.107701539993286,1.2731552124023438,1.2173197269439695,1.8483070135116575,1.5616697072982788,1.126402497291565,2.673048973083496,1.2742208242416382,2.04764175415039,27.581321716308597,1.821698546409607,2.193500518798828,1.7315369844436646,1.602225661277771,1.363715410232544,1.3130697011947632,2.2918906211853027,1.7094217538833618,1.4721571207046509,1.807139992713928,1.503684163093567,4.532002925872803,2.499742031097412,76.12135314941406,77.87051391601562,7.504210472106934,2.849387884140014,6.421080112457275,3.7792584896087646,2.850060224533081,25.54908943176269,3.2606046199798584,3.540794134140014,40.45790863037109,5.743084907531738,3.036918878555298,2.5729544162750244,8.564245223999023,3.20670747756958,3.60683798789978,3.478846311569214,7.055915832519531,2.3874101638793945,2.2411882877349854,9.975580215454102,11.614890098571776,12.414066314697266,4.757298946380615,21.207290649414062,6.015959739685059,8.476902961730957,48.85818862915039,18.465408325195312,7.244287967681885,5.715939998626709,6.020813465118408,7.13551139831543,92.03961181640624,78.1325912475586,92.22189331054688,32.97509765625,81.8113784790039,94.37358856201172,66.06732177734375,90.1835479736328,81.19610595703125,76.30523681640625,79.95170593261719,26.096330642700195,81.24388885498047
TEST_03+2일,2.826467752456665,43.4981803894043,2.62644100189209,2.011138677597046,2.1617274284362797,1.642206788063049,13.05153751373291,2.04693603515625,1.664739966392517,1.6257405281066897,1.7558624744415283,1.180662751197815,1.4869836568832395,2.166745185852051,7.655080795288086,1.614521026611328,46.37564468383789,1.397943377494812,1.1328643560409546,48.96958541870117,21.05549430847168,1.473048210144043,1.822245717048645,1.8778499364852903,34.06134796142578,7.729098796844482,6.593895435333252,36.60801315307617,3.5309224128723145,2.4006643295288086,2.6881470680236816,2.598243474960327,1.9890475273132324,1.3987987041473389,1.281064748764038,1.7810847759246826,26.070161819458008,2.2270655632019043,1.5595779418945312,12.301384925842283,6.407315731048584,2.098071336746216,1.8936725854873655,2.4147744178771973,1.5582220554351809,2.07715368270874,2.075258731842041,2.1566083431243896,1.808155298233032,1.6878776550292969,3.532382011413574,1.6696124076843262,1.4907666444778442,2.1767020225524902,2.7391743659973145,2.137698173522949,1.615306377410889,2.033315658569336,1.9497061967849727,2.117631435394287,2.429296970367432,2.5530130863189697,4.866930961608887,4.867167472839356,3.3190460205078125,1.5700300931930542,1.5441116094589231,1.94151508808136,1.7901190519332886,1.8347805738449097,1.670098900794983,1.75584876537323,1.3880475759506226,1.5598629713058472,2.3149447441101074,1.6949516534805298,1.7072607278823853,1.6176658868789673,1.6488560438156128,2.1446990966796875,1.8162897825241089,1.5094321966171265,1.3525893688201904,1.6632035970687866,1.6490706205368042,1.515368103981018,1.7270065546035769,1.6733912229537964,1.8789583444595337,1.6655853986740112,48.19176483154297,2.304066896438598,2.269521713256836,2.37747573852539,2.228550910949707,2.364706039428711,2.4567668437957764,2.873762845993042,15.557379722595217,3.0465941429138184,2.1919960975646973,2.194411516189575,3.292796850204468,2.015718698501587,43.53092956542969,47.25935363769531,16.338586807250977,2.7135238647460938,2.4481518268585205,2.236932277679444,2.656449556350708,2.246971845626831,2.6244237422943115,2.152699708938598,2.2844760417938232,2.385657548904419,2.5129315853118896,2.58638596534729,2.3064234256744385,2.427145004272461,2.080062866210937,20.291763305664062,1.3237396478652954,1.1276882886886597,1.3920406103134155,1.0,1.4502171277999878,1.3572014570236206,1.0839476585388184,2.0020174980163574,1.0813312530517578,1.670045018196106,26.75847625732422,1.4905415773391724,1.476778864860535,1.35010826587677,1.1562520265579224,1.1932553052902222,1.0367220640182495,1.6892660856246948,1.4083610773086548,1.343773365020752,1.2969245910644531,1.2550318241119385,3.166215658187866,1.816864013671875,77.49713897705078,78.17208862304688,4.546900272369385,1.4870023727416992,3.114028215408325,1.5607198476791382,1.8114793300628664,15.172504425048828,1.9062952995300293,3.337460994720459,28.047643661499023,3.005811214447021,1.366483449935913,1.9981036186218264,5.3383073806762695,2.1666970252990723,2.254638910293579,1.797950029373169,3.3345322608947754,1.5128705501556396,1.219963550567627,5.194270610809326,1.447041153907776,2.940995693206787,1.4166735410690308,9.511099815368652,1.0,1.0,24.42524528503418,6.194161891937256,1.182172417640686,1.0,1.2742083072662354,3.032500505447388,89.61772918701172,63.34773254394531,90.34103393554688,21.06835174560547,75.03060150146484,84.95397186279297,53.70012283325195,92.20279693603516,76.72039794921875,75.02908325195312,73.65396118164062,16.967191696166992,78.53713989257812
TEST_03+3일,3.1894896030426025,41.51607131958008,2.9339940547943115,2.387427568435669,2.443867444992065,2.081730365753174,11.68846321105957,1.9402148723602293,2.5778613090515137,2.805405855178833,2.5104575157165527,1.647708773612976,1.9442813396453855,2.064460277557373,7.0303802490234375,2.133686065673828,45.84164047241211,1.9710105657577517,2.045517921447754,47.20072555541992,20.86626434326172,2.167660713195801,2.4049878120422363,1.3632655143737793,32.17182922363281,7.212798595428467,5.457381248474121,32.867576599121094,3.0886240005493164,2.128750801086426,2.4340627193450928,2.1102583408355717,1.5361249446868896,1.03376567363739,1.7042181491851809,1.4878168106079102,23.200157165527344,2.170828342437744,1.6287764310836792,9.962841033935549,5.439459323883057,1.6091501712799072,1.3087499141693115,1.852747917175293,1.1594085693359375,1.4473090171813965,1.6707417964935305,1.870837688446045,1.4457249641418457,1.5371835231781006,2.980074405670166,1.5005561113357544,1.335351824760437,1.7347729206085205,2.1001744270324707,1.4830862283706665,1.3425501585006714,1.4675168991088867,1.7338886260986328,1.689617156982422,1.960719108581543,2.0926547050476074,4.110861778259277,3.937302589416504,2.9229846000671387,1.688693881034851,1.564111828804016,1.8938060998916624,1.8520056009292605,1.6986926794052124,1.5875669717788696,1.6731256246566772,1.4457288980484009,1.5063203573226929,2.18156099319458,1.7230006456375122,1.4432861804962158,1.6738532781600952,1.6472786664962769,1.8457838296890257,1.7770816087722778,1.682064175605774,1.2940105199813845,1.5355817079544067,1.772499442100525,1.4854183197021484,1.584198832511902,1.8379231691360476,1.8629080057144165,1.8872586488723757,45.612342834472656,2.519870519638061,2.4253854751586914,2.3956243991851807,1.6010161638259888,2.0622129440307617,2.118102550506592,2.526024103164673,13.731749534606934,2.889864444732666,2.002500534057617,1.92083477973938,3.145073175430298,1.7338156700134275,36.60304641723633,45.36226272583008,12.974165916442873,2.3766348361968994,2.410722494125366,2.383484125137329,2.330268144607544,2.1399316787719727,2.142285823822021,2.4678890705108643,1.9413866996765137,2.091911554336548,2.065952777862549,2.8343677520751958,2.266551971435547,2.0992584228515625,1.627292275428772,19.304597854614254,1.362293720245361,1.2021442651748655,1.5189775228500366,1.24598491191864,1.8160492181777956,1.4781776666641235,1.23942768573761,2.157693386077881,1.1869221925735474,1.5532211065292358,25.51043701171875,1.5834687948226929,1.6485129594802856,1.494843363761902,1.2307952642440796,1.5707136392593384,1.0112954378128052,1.7817062139511108,1.489954113960266,1.5328575372695925,1.3152493238449097,1.2972580194473269,2.974387884140014,1.7396867275238037,78.96744537353516,76.67050170898438,4.18940544128418,1.9294705390930176,3.837127208709717,2.7235801219940186,2.469264268875122,11.249893188476562,2.168012380599976,3.131376981735229,24.106210708618164,3.557251214981079,1.9638307094573972,2.118149757385254,5.213659763336182,3.3521604537963867,3.070194721221924,3.198939323425293,3.261732578277588,2.066835165023804,1.9356067180633545,6.24670934677124,6.403758525848389,7.018770217895508,5.120627403259277,10.087743759155272,4.322469234466553,5.130204200744629,22.96869659423828,8.8202486038208,3.893540859222412,3.024365901947021,4.611063003540039,5.6302900314331055,86.78936004638672,52.08863067626953,85.65608215332031,16.86199188232422,70.38761138916016,77.32452392578125,44.731143951416016,93.21296691894533,71.05693817138672,71.84561157226562,68.3857421875,15.4422025680542,74.08939361572266
TEST_03+4일,3.1601486206054688,43.52182769775391,3.352088212966919,2.409098863601685,1.9762117862701416,2.2573156356811523,12.697375297546388,2.2300171852111816,2.537426471710205,2.591494083404541,2.181159019470215,1.1173410415649414,1.907315135002136,2.152759790420532,8.023146629333496,2.2995762825012207,47.29246139526367,2.039558887481689,2.3119451999664307,47.37819290161133,22.945724487304688,1.9669852256774905,2.1011433601379395,2.144582271575928,33.15397262573242,8.167840003967285,6.413021564483643,32.61031723022461,4.072622299194336,2.4591567516326904,2.4444010257720947,2.7079153060913086,2.1284008026123047,1.5098559856414795,1.9880074262619016,2.651304244995117,24.1790828704834,2.87076997756958,2.19050407409668,11.324485778808594,6.623553276062012,2.043605089187622,1.7603399753570557,2.214995622634888,1.8280917406082156,1.5471771955490112,2.102952003479004,1.939214944839477,1.957325100898743,1.8855977058410645,3.953806400299072,1.86226224899292,1.7208986282348633,2.579345464706421,2.5585765838623047,2.1401851177215576,2.351234436035156,2.0042786598205566,2.094302177429199,2.0047731399536133,2.992584228515625,2.55102014541626,5.402985572814941,5.464237689971924,3.726749420166016,1.7312623262405396,1.661561131477356,1.7412904500961304,1.9730106592178345,1.7833362817764282,1.7099627256393433,1.74062979221344,1.4661140441894531,1.4481496810913086,2.4676709175109863,1.774041771888733,1.4411988258361816,1.936258673667908,1.744914174079895,2.3163061141967773,1.9282902479171755,1.8717371225357056,1.3807920217514038,1.7795923948287964,1.725063443183899,1.6321700811386108,1.7367228269577026,1.968190312385559,1.9083298444747925,1.9745606184005735,46.23168182373047,2.427121639251709,2.533543586730957,2.8800477981567383,1.9700112342834477,1.951982021331787,2.5765063762664795,2.338101863861084,15.146831512451172,3.106587171554565,2.008021116256714,1.817408323287964,3.5173099040985107,1.5297882556915283,34.396915435791016,46.29988479614258,14.09073543548584,2.5468180179595947,2.614405393600464,2.012561082839966,2.4281513690948486,1.880995273590088,2.092798948287964,2.52631950378418,2.3310768604278564,2.083970785140991,2.425232172012329,2.6673295497894287,2.001098394393921,2.329603672027588,1.426552176475525,19.963823318481445,1.2713298797607422,1.213844895362854,1.501270413398743,1.2522037029266355,1.7223883867263794,1.2529360055923462,1.195789456367493,2.5010523796081543,1.34139883518219,1.7886463403701782,24.87086296081543,1.414885640144348,1.81270968914032,1.5545092821121216,1.3193727731704712,1.3785337209701538,1.2950935363769531,1.8113471269607544,1.4750813245773315,1.7422195672988892,1.354497313499451,1.301106572151184,3.7571499347686768,2.2778985500335693,76.57440948486328,76.18595886230469,5.285467624664307,2.504817008972168,4.438084125518799,2.9145660400390625,2.6206612586975098,13.123454093933104,2.0804851055145264,3.5181994438171387,24.520753860473636,4.089867115020752,1.850367784500122,2.319332361221313,6.219577789306641,2.9675259590148926,3.81893253326416,3.442215919494629,4.620410919189453,2.135924816131592,1.8163700103759768,7.171464920043945,7.29703426361084,7.432754039764404,4.7053046226501465,10.611437797546388,5.3195905685424805,6.082728862762451,22.215036392211918,11.898338317871094,5.203176021575928,4.754058361053467,6.056740760803223,5.455676555633545,81.32952117919922,47.57527923583984,81.07569122314453,17.53215217590332,67.5761489868164,72.40849304199219,42.02103805541992,88.73963165283203,69.6120376586914,71.73833465576172,67.94078063964844,17.051790237426758,73.24711608886719
TEST_03+5일,3.20951247215271,44.25905990600586,3.148855447769165,2.005506992340088,2.3880040645599365,2.1134510040283203,13.19809341430664,2.2230241298675537,2.868173837661743,1.8954827785491943,2.0395336151123047,1.5073208808898926,1.806782603263855,2.334073781967163,8.813786506652832,2.5647735595703125,47.44649505615234,1.976495385169983,1.882878065109253,47.9368896484375,23.339920043945312,2.0207772254943848,2.003590583801269,1.6146271228790283,33.97871398925781,7.187736511230469,5.981680870056152,34.71818923950195,3.877927303314209,2.198309421539306,2.356863498687744,1.6967289447784424,1.81952166557312,1.4201455116271973,1.8624305725097656,1.7725927829742432,25.99284172058105,2.3623504638671875,1.8186346292495728,11.227959632873535,6.519493103027344,1.6212595701217651,1.0,2.08465313911438,1.5279278755187988,1.661412239074707,1.5790162086486816,1.966774106025696,1.6320220232009888,1.5279819965362549,3.097628593444824,1.5959258079528809,1.4883108139038086,1.7748680114746094,2.0655884742736816,1.6443843841552734,1.7661828994750977,1.2889338731765747,2.0497231483459477,1.9087841510772705,2.6665596961975098,2.475313901901245,4.641323566436768,5.131437301635742,3.2293901443481445,1.5884424448013306,1.569369196891785,1.665908694267273,1.847509741783142,1.6601980924606323,1.6159034967422483,1.588017821311951,1.531516194343567,1.385655403137207,2.2837471961975098,1.6063495874404907,1.6943892240524292,1.728922963142395,1.6330868005752563,2.2164692878723145,1.844568371772766,1.6126471757888794,1.513121485710144,1.5370467901229858,1.6996904611587524,1.5290895700454712,1.6921008825302124,1.6851664781570437,1.785699725151062,1.996026873588562,44.60867691040039,2.2522127628326416,1.6400153636932373,2.379990100860596,1.2263859510421753,1.70560884475708,1.959062576293945,2.031144857406616,13.80072021484375,2.774973630905152,1.458804488182068,1.7840343713760376,3.115682601928711,1.69209623336792,34.734169006347656,43.83318710327149,13.75662612915039,2.157949209213257,2.218371629714966,1.907294988632202,2.1925203800201416,1.5671262741088867,1.8889520168304443,1.6949552297592163,1.703821301460266,1.6100655794143677,1.8118329048156736,1.6743218898773191,1.9158666133880613,1.6367741823196411,1.1527361869812012,20.030149459838867,1.184321045875549,1.02758526802063,1.3563908338546753,1.1739964485168457,1.8881908655166624,1.258316159248352,1.1387667655944824,2.172332763671875,1.0304648876190186,1.5972145795822144,25.362459182739254,1.3933883905410769,1.7764652967453003,1.3575648069381714,1.208621621131897,1.1707603931427002,1.1359189748764038,1.7624362707138062,1.2380049228668213,1.2377949953079224,1.420612931251526,1.2944271564483645,3.181732416152954,1.754352331161499,74.28759002685547,73.98162841796875,4.112162590026856,1.2927439212799072,3.960610628128052,1.5954406261444092,2.277084350585937,12.250131607055664,1.930720329284668,2.4193809032440186,24.729990005493164,2.8457627296447754,1.8682241439819336,2.0081534385681152,4.839282512664795,2.265206813812256,2.4128668308258057,2.7363617420196533,3.354534149169922,2.033241510391236,1.0,5.96398401260376,7.018195152282715,6.548745632171631,3.3562228679656982,10.219361305236816,5.021464824676514,6.654284477233887,24.25384330749512,9.65536880493164,3.81243896484375,3.955100536346436,5.411092758178711,5.127295017242432,79.11997985839844,50.933250427246094,80.11734771728516,17.98072052001953,66.42552947998047,71.1788330078125,42.72328567504883,82.78422546386719,69.90657043457031,71.0436782836914,69.55323028564453,16.681072235107422,72.44400024414062
TEST_03+6일,3.2883589267730717,44.62272262573242,3.4618048667907715,1.8799668550491333,1.850994348526001,2.054760694503784,13.09596824645996,1.740350365638733,2.233181953430176,1.808943510055542,1.8741567134857176,1.125116229057312,1.7207493782043457,1.7500585317611694,8.738509178161621,1.9962446689605715,46.02682113647461,1.9080784320831297,1.66066575050354,47.7947998046875,23.7535343170166,1.634118676185608,2.048717975616455,2.005057573318481,34.474327087402344,7.521270275115967,6.474184036254883,38.37155151367188,4.073953628540039,2.8585357666015625,2.670185089111328,2.7071447372436523,1.7312633991241455,1.7101752758026123,2.261622905731201,1.934023141860962,27.27617073059082,2.7178449630737305,2.288592338562012,12.331453323364258,7.02381706237793,1.9882338047027588,2.0061240196228027,2.227766275405884,1.6891580820083618,2.2431788444519043,1.7989139556884766,2.14776611328125,1.727731227874756,1.7506247758865356,3.456301689147949,1.9316868782043457,2.149840831756592,1.8849977254867556,2.0368683338165283,2.2256979942321777,2.08270001411438,1.8038283586502075,1.8650392293930051,2.276333808898926,3.287249565124512,2.493837594985962,5.217299461364746,5.120980262756348,3.378170967102051,1.626343846321106,1.6337426900863647,1.6356621980667114,1.628881573677063,1.7075759172439575,1.699020504951477,1.4418717622756958,1.4835439920425415,1.30353844165802,2.1956334114074707,1.681751370429993,1.6372078657150269,1.7209819555282593,1.540941834449768,2.1879982948303223,1.8747624158859253,1.7923113107681274,1.4589941501617432,1.4503417015075684,1.6143490076065063,1.3259689807891846,1.5597671270370483,1.7337642908096311,1.6579397916793823,1.95940363407135,43.74653244018555,1.905782699584961,1.5563926696777344,2.327115535736084,1.1545534133911133,1.6368834972381592,1.793205976486206,2.057603359222412,13.755480766296388,2.3327252864837646,1.236998200416565,1.695375680923462,2.9468681812286377,1.488667607307434,37.44759368896485,42.20013046264648,14.780259132385254,1.4814459085464478,2.4231069087982178,2.2305610179901123,2.1069207191467285,1.302046537399292,2.0508737564086914,1.7232160568237305,1.7395823001861572,1.4106491804122925,1.7046911716461182,1.7837274074554443,1.874842882156372,1.8349876403808596,1.0,19.396759033203125,1.1860851049423218,1.0,1.181553602218628,1.1799471378326416,1.55262553691864,1.2456367015838623,1.1210079193115234,2.092332363128662,1.0551023483276367,1.6034756898880005,25.66213607788086,1.4505316019058228,1.5454717874526978,1.5158745050430298,1.2407984733581543,1.2737774848937988,1.123454213142395,1.7368472814559937,1.3203505277633667,1.3302829265594482,1.3572075366973877,1.285094976425171,3.06834077835083,1.4595303535461426,72.40185546875,73.3917465209961,4.162208080291748,1.6929824352264404,3.7927422523498535,2.4412219524383545,2.2963521480560303,13.8827543258667,1.9310476779937744,2.6784684658050537,25.850547790527344,3.654422283172608,1.392505407333374,1.7347042560577393,5.353627681732178,2.6055777072906494,3.0136232376098637,2.6833736896514893,4.317338943481445,2.2113592624664307,1.061672925949097,6.308475494384766,7.774700164794922,7.826147556304932,4.928321838378906,11.317477226257324,5.792614936828613,6.384069919586182,28.779239654541016,9.324238777160645,4.102036476135254,3.5959906578063965,4.908833980560303,6.242312431335449,82.92915344238281,56.25325775146485,78.34014129638672,19.41278839111328,68.11422729492188,72.99317932128906,45.49032211303711,84.07856750488281,72.06265258789062,70.6119613647461,69.55962371826172,18.779964447021484,73.1653060913086
TEST_03+7일,4.367837905883789,46.3788948059082,5.284427642822266,3.2310092449188232,2.5504093170166016,2.498359680175781,16.816829681396484,2.7497129440307617,3.639008283615112,2.756787776947021,2.7843945026397705,1.9885685443878172,2.095244884490967,3.0257976055145264,13.491382598876951,2.352835893630981,46.52602005004883,2.06237268447876,2.20093297958374,48.30015182495117,26.773338317871094,2.3528006076812744,2.7908682823181152,2.3179142475128174,37.95219421386719,10.44093894958496,10.263066291809082,44.57558822631836,5.6986517906188965,3.5783181190490723,3.295593738555908,3.05959701538086,2.2106800079345703,2.430476427078247,2.307300329208374,2.761937379837036,32.70975875854492,3.6980485916137695,2.608043670654297,16.182472229003906,10.620840072631836,2.100776195526123,2.368436336517334,2.6933727264404297,1.9697518348693848,2.2227091789245605,2.8205623626708984,2.7203989028930664,2.3127832412719727,2.1445152759552,5.049656867980957,2.290694236755371,2.606238842010498,2.376773834228516,2.3840489387512207,2.378067970275879,2.11971378326416,2.1807515621185303,2.350646495819092,2.3625566959381104,4.2240495681762695,3.744922637939453,7.734347343444824,7.490313529968262,5.386546611785889,2.0734262466430664,2.0074167251586914,2.286564350128174,2.0558300018310547,2.033524990081787,2.207092761993408,1.992576241493225,1.810475468635559,1.7669507265090942,3.075628757476806,2.075901508331299,2.1203012466430664,2.130518913269043,1.931547999382019,3.426352500915528,2.61489486694336,2.0073390007019043,2.0563745498657227,2.017765522003174,1.997339367866516,2.016991138458252,2.074843406677246,2.4019289016723637,2.66141414642334,2.86652946472168,45.80035400390625,2.4491899013519287,2.447581052780152,3.496981382369995,2.167482614517212,2.4558091163635254,2.6051125526428223,2.566697359085083,18.21309471130371,3.511777400970459,2.0834169387817383,2.5065596103668213,4.013774394989014,2.234061479568481,45.48171615600586,44.68089294433594,20.24734115600586,2.5835680961608887,3.3936877250671387,2.382978916168213,2.642244815826416,2.1352076530456543,2.7355411052703857,2.54785704612732,2.5555083751678467,2.1486051082611084,2.509631872177124,2.572997570037842,2.6164028644561768,2.436469554901123,2.027815818786621,20.871288299560547,1.4282790422439575,1.2020105123519895,1.4344009160995483,1.330527663230896,1.6767889261245728,1.528046727180481,1.190163254737854,2.5406665802001958,1.202519774436951,2.119530200958252,26.91716766357422,1.74264395236969,2.274498462677002,1.7999366521835327,1.4823006391525269,1.4294191598892212,1.3662848472595217,2.449391841888428,1.79985249042511,1.4135185480117798,1.8537474870681765,1.598697304725647,5.0244221687316895,1.9949946403503416,73.35028839111328,73.9420394897461,7.590095043182373,2.026918172836304,6.673546314239502,2.799990177154541,2.8915789127349854,25.025957107543945,2.393662691116333,3.080127239227295,37.40835952758789,5.285974025726318,2.853869199752808,2.879271507263184,8.4321928024292,3.0901880264282227,3.9292924404144287,3.4752066135406494,6.770227432250977,2.404990196228028,1.7487945556640625,10.155173301696776,11.785069465637209,11.412572860717772,4.2506256103515625,20.09624481201172,4.153497219085693,10.151942253112791,46.51169967651367,18.065963745117188,6.462127685546875,5.252310752868652,4.5611677169799805,6.732968807220459,87.15619659423828,72.2014389038086,85.70878601074219,29.561601638793945,77.03495025634766,84.45208740234375,58.60809326171875,83.86549377441406,77.08047485351562,72.37113189697266,73.53789520263672,25.47550201416016,75.94401550292969
TEST_04+1일,4.120288372039795,50.2746696472168,6.785564422607422,3.493943214416504,1.9911210536956787,2.382159948348999,10.26000690460205,1.8833223581314087,2.7843503952026367,2.1681575775146484,2.1258749961853027,1.6914663314819336,2.2425615787506104,2.130634307861328,2.228527069091797,1.7365808486938477,48.99573516845703,1.9527957439422607,2.1819047927856445,42.49664306640625,19.08379364013672,2.1921944618225098,1.8748537302017207,2.032657623291016,5.3242692947387695,14.821462631225586,13.038799285888672,49.57119369506836,10.324918746948242,3.125462532043457,3.220613479614258,3.008908748626709,2.398731231689453,2.6020426750183105,2.151022434234619,4.079836845397949,36.50107192993164,3.7844271659851074,2.597420454025269,19.489988327026367,19.33214569091797,2.357825756072998,1.7150678634643557,2.14429235458374,2.4936509132385254,2.0498971939086914,2.178724765777588,2.8454275131225586,2.165740489959717,2.603848934173584,7.749775409698486,2.216310501098633,5.059574604034424,2.293638229370117,2.462798595428467,2.651534080505371,2.719472169876098,2.47507381439209,2.057908535003662,2.429808616638184,3.4681077003479004,4.216660022735596,7.270658493041992,7.900784492492676,4.953531742095947,2.267941474914551,1.8388751745224,1.8015421628952024,2.4860949516296387,1.6714197397232056,1.7968426942825315,1.8466328382492063,1.754647135734558,1.589335799217224,2.98457670211792,1.5090550184249878,1.7537399530410769,2.308013439178467,1.8987973928451536,3.233603477478028,1.5799087285995483,1.6070955991744995,1.4839692115783691,1.895107388496399,1.995010256767273,1.9786454439163208,2.423691749572754,2.18257474899292,2.7369184494018555,2.620058059692383,48.91748428344727,1.849059581756592,2.5759170055389404,4.005671501159668,1.6838526725769043,1.4476958513259888,2.258010149002075,1.758116364479065,13.750394821166992,2.8158633708953857,2.590059995651245,2.242027997970581,3.334953546524048,2.076504707336426,45.92112350463867,48.940860748291016,7.870718002319336,2.7995052337646484,2.0949652194976807,2.522332191467285,2.216492176055908,1.8069403171539309,2.387791633605957,2.0257554054260254,1.996503829956055,1.9365246295928955,2.26636266708374,2.3022708892822266,2.179343938827514,1.91181755065918,1.808333158493042,27.201160430908203,1.560588240623474,1.437127709388733,1.748790621757507,1.292505145072937,1.295548439025879,1.25218403339386,1.142540454864502,2.552457332611084,1.2262245416641235,1.419847846031189,28.923498153686523,1.6558691263198853,3.0663576126098637,1.9593876600265503,1.5915366411209106,1.693703293800354,1.4146901369094849,2.0221524238586426,1.4009343385696411,1.226277470588684,1.655765175819397,1.5516566038131714,3.825016498565674,3.201331853866577,77.0779800415039,76.95021057128906,6.398387908935547,1.5645866394042969,4.517518520355225,2.43316650390625,2.6896567344665527,22.66605758666992,2.549057483673096,3.323708295822144,34.34204864501953,4.07550048828125,2.2858309745788574,2.270193338394165,4.778135299682617,2.4535632133483887,4.138196468353272,3.292552709579468,6.074698925018311,3.730909824371338,2.305454730987549,6.915493488311768,10.112930297851562,10.53228759765625,4.974388599395752,7.999261379241943,3.396802425384521,18.553207397460938,36.2276725769043,20.044979095458984,5.390810012817383,4.787173748016357,3.880621671676636,5.728076457977295,65.38481140136719,35.932655334472656,76.44853973388672,26.88218879699707,62.6739501953125,76.03512573242188,41.31554412841797,94.5417251586914,75.42292022705078,82.01396942138672,78.85431671142578,25.973838806152344,81.50231170654297
TEST_04+2일,1.898709058761597,47.26147079467773,3.113651990890503,1.953926920890808,1.6539535522460938,1.907193660736084,5.804523468017578,1.9456852674484253,1.755815505981445,1.5414010286331177,2.0070533752441406,1.743615984916687,1.5704219341278076,1.6464550495147705,1.6612199544906616,1.5078312158584597,46.33182144165039,1.706059455871582,1.584295392036438,38.24281311035156,14.89943027496338,1.6371161937713623,1.280824899673462,1.795257568359375,4.107177257537842,10.894545555114746,9.03077793121338,43.7711296081543,6.705945491790772,2.821157932281494,2.4017810821533203,1.702030897140503,1.6702821254730225,1.8220590353012085,1.698275089263916,2.5592236518859863,26.282623291015625,2.5274174213409424,2.267877578735352,12.223856925964355,12.793150901794434,2.0322279930114746,1.3909783363342283,2.063854694366455,1.9391323328018188,2.052695751190185,2.056553840637207,1.925931096076965,1.771322250366211,2.051718711853028,4.807202339172363,1.9684748649597168,3.356927394866944,1.931157469749451,2.1114978790283203,2.2200241088867188,2.3414578437805176,1.74528169631958,1.928110957145691,1.693056583404541,2.269343614578247,3.0495076179504395,4.210076332092285,4.4304962158203125,3.2734375,1.8628958463668823,1.6199833154678345,1.6651932001113892,1.8362549543380735,1.6476384401321411,1.626512885093689,1.7572001218795776,1.555968165397644,1.5119913816452026,2.1705455780029297,1.5591439008712769,1.54635751247406,1.665094017982483,1.7685707807540894,1.9563735723495483,1.4107428789138794,1.6806784868240356,1.4981781244277954,1.4215505123138428,1.672836422920227,1.4634506702423096,1.8126076459884644,1.681970238685608,1.934471011161804,1.9152597188949585,47.18416595458984,1.975817441940308,2.2845983505249023,2.894652843475342,1.7350120544433594,1.5007964372634888,2.114772081375122,2.086036443710327,9.62476634979248,2.651679992675781,2.355997085571289,1.6408218145370483,2.9488565921783447,1.8547208309173584,38.1224365234375,46.61966323852539,5.58487606048584,2.5446677207946777,2.325876235961914,2.4460246562957764,2.2064626216888428,1.8333940505981443,2.3359639644622803,1.9462640285491943,2.2975637912750244,1.4176160097122192,2.0997586250305176,1.905308723449707,2.3213436603546143,2.0659799575805664,2.14270567893982,27.373687744140625,1.0871378183364868,1.0759127140045166,1.2274086475372314,1.038506269454956,1.116694450378418,1.1097863912582395,1.157741665840149,1.8120723962783811,1.0,1.1752768754959106,27.96340751647949,1.5396054983139038,2.119755744934082,1.4768582582473757,1.2806168794631958,1.1961075067520142,1.0903515815734863,1.654448628425598,1.2146626710891724,1.0,1.3003871440887451,1.0130980014801023,2.793525695800781,2.072593927383423,75.16260528564453,76.67081451416016,3.433441638946533,1.4771223068237305,2.0520172119140625,1.8724794387817385,1.7342610359191897,12.70654296875,2.096544981002808,2.206246852874756,21.771825790405277,2.042886018753052,1.7748281955718994,1.6881041526794434,2.6900925636291504,2.2382752895355225,2.85636305809021,1.9720985889434812,3.591379404067993,2.4375662803649902,1.0955400466918943,3.646791696548462,3.0179429054260254,3.347975492477417,3.0713908672332764,2.3701817989349365,1.5219757556915283,7.096462726593018,17.879154205322266,6.839679718017578,1.0,1.9335366487503047,1.0,1.2574400901794434,53.45390701293945,22.354686737060547,63.92204666137695,18.060691833496094,46.58341217041016,62.99006652832031,28.654285430908203,91.43092346191406,68.87088775634766,78.93053436279297,73.04297637939453,16.63588523864746,78.25093841552734
TEST_04+3일,2.5993173122406006,44.99176788330078,3.238966941833496,2.232951402664185,1.9668948650360107,2.5187692642211914,6.342151641845703,2.2481093406677246,2.61502742767334,2.299072742462158,2.236851215362549,2.1318087577819824,2.3042142391204834,2.238298892974853,2.303701400756836,1.9326239824295044,44.11360549926758,1.901542067527771,2.133979797363281,36.22811508178711,14.852180480957031,1.9890565872192385,1.7723435163497925,1.382676362991333,3.6402688026428223,9.686899185180664,6.669569969177246,44.14358139038086,5.496634006500244,2.478229522705078,2.253287076950073,1.860987424850464,1.891749143600464,1.657102346420288,1.5890648365020752,2.567855834960937,18.387170791625977,2.26969575881958,1.985349178314209,7.805454254150391,9.32629108428955,1.6046135425567627,1.0,1.7804315090179443,1.4766106605529783,1.6254218816757202,2.0855536460876465,1.7065839767456057,1.6490592956542969,1.816977858543396,4.0147552490234375,1.7745565176010132,3.383289337158203,1.5068295001983645,1.522711992263794,1.6464440822601318,1.5653588771820068,1.6209559440612793,1.3626447916030884,1.5504639148712158,1.9612905979156492,2.577683210372925,3.354245662689209,3.49127197265625,3.06813383102417,1.7978779077529907,1.7681838274002075,1.6540974378585815,1.8987199068069456,1.6279956102371216,1.5172456502914429,1.6830350160598757,1.4436486959457395,1.48367178440094,1.9323145151138303,1.462641716003418,1.6038488149642944,1.826267123222351,1.6690119504928589,1.9416476488113403,1.350117564201355,1.5457652807235718,1.4984475374221802,1.4755433797836304,1.6760698556900024,1.3580340147018433,1.9235800504684448,1.591736912727356,1.8909212350845337,1.928834080696106,45.53099822998047,1.906887769699097,2.3327114582061768,2.9401051998138428,1.792505979537964,1.6666885614395142,1.907409429550171,1.998810052871704,8.150663375854492,2.711132287979126,2.7294371128082275,1.87455415725708,3.047958850860596,1.6132547855377195,30.59333610534668,43.12725067138672,4.874732971191406,2.297908306121826,1.88313627243042,2.0017147064208984,2.0726470947265625,1.6554739475250244,2.4003522396087646,1.97025203704834,2.0060975551605225,1.151070237159729,2.2347326278686523,1.713535189628601,2.126515388488769,1.886890649795532,1.970698356628418,26.750511169433597,1.3596112728118896,1.3277132511138916,1.553792119026184,1.3768328428268433,1.288022518157959,1.2202069759368896,1.1875848770141602,2.2107648849487305,1.1921966075897217,1.369731307029724,25.594173431396484,1.5721944570541382,2.008413314819336,1.728481650352478,1.3667086362838743,1.4982930421829224,1.2458990812301636,1.7363015413284302,1.3159973621368408,1.024298071861267,1.5324198007583618,1.4948691129684448,2.697535753250122,2.5749642848968506,73.94659423828125,76.72126007080078,3.722498178482056,1.646284580230713,2.836536407470703,2.559338092803955,2.316780567169189,10.147017478942873,2.545372486114502,2.691526174545288,18.40402030944824,2.114032745361328,2.622107744216919,2.019547462463379,3.162547826766968,2.493772268295288,3.239108085632324,2.584020137786865,3.9710097312927246,2.593564033508301,1.3318977355957031,3.962296962738037,6.553073883056641,6.262965679168701,4.602486610412598,4.629194259643555,3.4137582778930664,12.437646865844728,19.035085678100582,11.53492832183838,4.500983715057373,4.702398300170898,2.5820815563201904,4.38149356842041,39.90821075439453,21.16108703613281,55.66442108154297,18.515300750732425,38.535526275634766,58.757511138916016,22.68199348449707,83.57317352294922,63.74371337890625,72.15950775146484,66.64002990722656,15.569758415222168,71.06782531738281
TEST_04+4일,2.5928268432617188,44.6201057434082,3.8296825885772714,2.560722827911377,1.5628403425216677,2.357377290725708,7.296847343444824,1.7637183666229248,2.786572217941284,1.579931139945984,1.899956226348877,2.050373315811157,2.0562868118286133,1.9297958612442017,1.9705989360809328,1.428423523902893,43.90692138671875,2.041041851043701,1.910469889640808,37.222877502441406,16.37981414794922,2.123872756958008,1.0961627960205078,1.6469109058380127,3.929171562194824,10.621942520141602,7.676012516021728,44.749977111816406,7.280691146850586,2.8784899711608887,2.637604236602783,2.2781858444213867,1.913454532623291,2.291747570037842,1.9361495971679688,3.611990451812744,18.45917510986328,2.941298484802246,2.616826057434082,9.236196517944336,10.768362998962402,2.2385315895080566,1.0,2.208217144012451,2.2641820907592773,2.151505708694458,2.2317583560943604,2.630662441253662,1.6997365951538086,1.7133102416992188,4.563941478729248,2.0567731857299805,4.52116060256958,1.7711827754974363,2.0706682205200195,2.1074743270874023,1.8964521884918213,2.004343748092652,1.9556193351745603,2.3674044609069824,2.631056785583496,3.4770336151123047,4.472903251647949,5.121347904205322,3.681933879852295,1.911519169807434,1.5103317499160769,1.7892130613327026,2.249213695526123,1.5886625051498413,1.6179245710372925,1.7213319540023804,1.7626248598098757,1.5342415571212769,2.284627914428711,1.53329336643219,1.5839401483535769,1.8605161905288696,1.875651717185974,2.464956283569336,1.4453208446502686,1.5808435678482056,1.5094667673110962,1.669228434562683,1.7848588228225708,1.6860369443893433,2.1172280311584477,1.9488481283187864,2.3305811882019043,2.2359204292297363,44.33238220214844,2.1143157482147217,2.115984439849853,3.2591712474823,1.560097098350525,1.671212077140808,1.490101337432861,2.1136415004730225,9.19045066833496,2.591444253921509,2.520737886428833,1.5935345888137815,2.786085605621338,1.7168997526168823,28.869985580444336,44.748268127441406,5.563292503356934,2.48437762260437,2.0600430965423584,2.540806293487549,1.8919966220855715,1.5934323072433472,1.923360109329224,1.5918803215026855,1.6920616626739502,1.773931860923767,2.1499273777008057,1.879821538925171,2.0784974098205566,1.929394245147705,1.983728647232056,26.62236213684082,1.373729944229126,1.440447449684143,1.5835448503494265,1.2369118928909302,1.161405324935913,1.2103662490844729,1.1085312366485596,2.611999988555908,1.4934090375900269,1.232540488243103,24.53981590270996,1.5104371309280396,2.4163589477539062,1.6777325868606567,1.328799843788147,1.6128495931625366,1.3720552921295166,1.5988517999649048,1.403600811958313,1.135386943817139,1.446109652519226,1.2033658027648926,3.382245779037476,2.961501121520996,73.97442626953125,76.44608306884766,4.307304859161377,1.869389772415161,3.4168591499328613,2.6204514503479004,2.0577614307403564,12.239387512207031,2.6308767795562744,2.488412380218506,20.20868682861328,2.699878454208374,2.5673093795776367,2.093510389328003,3.3973031044006348,2.4343600273132324,3.1904613971710205,3.043339729309082,4.464900970458984,2.539778709411621,1.3952171802520752,4.701005458831787,8.099499702453613,8.163809776306152,5.715942859649658,6.091904163360596,3.933175563812256,13.37276554107666,23.50219345092773,9.900465965270996,3.805799245834351,4.588357925415039,3.327775478363037,4.461592674255371,36.01617813110352,22.49113273620605,52.55133438110352,21.537921905517575,38.02434921264648,60.12070846557617,22.056129455566406,77.07666015625,62.9839973449707,70.34185028076172,64.98030090332031,16.47465705871582,68.58171081542969
TEST_04+5일,2.2937519550323486,45.27936935424805,3.9428863525390634,2.51792311668396,1.7076480388641355,2.176558256149292,7.1568803787231445,1.8873932361602783,2.20212984085083,1.5880117416381836,2.0254178047180176,1.98487651348114,1.8090617656707764,1.7216551303863523,1.831820011138916,1.3094638586044312,43.34539413452149,1.863667130470276,1.4944366216659546,38.37417984008789,16.22945785522461,1.6555728912353516,1.2891218662261963,1.3419053554534912,3.5671114921569824,10.400023460388184,7.976583957672119,46.72857666015625,6.671582221984863,2.235318183898926,2.594545602798462,2.2174439430236816,1.7597801685333252,1.66808819770813,1.450225591659546,2.5403308868408203,20.407604217529297,2.620534420013428,2.362927198410034,9.524618148803713,11.221474647521973,2.23012638092041,1.445178747177124,1.8560209274291992,1.6416046619415283,1.7281222343444824,2.0110983848571777,1.7672386169433594,1.8763914108276367,2.3205060958862305,5.046358585357666,1.7185068130493164,3.9036598205566406,1.551007866859436,1.4461678266525269,1.9772545099258425,2.100780487060547,1.8703088760375977,1.537218451499939,1.258575677871704,2.771174430847168,3.334859848022461,4.723463535308838,5.42020320892334,3.762717723846436,1.826361060142517,1.728056788444519,1.5538817644119265,2.0652823448181152,1.5141161680221558,1.4668247699737549,1.469613552093506,1.4603596925735474,1.5067137479782104,2.04038667678833,1.426708698272705,1.5527602434158323,1.7523404359817505,1.685193657875061,1.9752782583236692,1.497925877571106,1.4158345460891724,1.459570050239563,1.4591747522354126,1.5608237981796265,1.5609084367752075,1.9771195650100708,1.7878435850143433,2.3685202598571777,2.1571860313415527,43.024940490722656,1.366753101348877,1.8533384799957275,2.624198198318481,1.5142428874969482,1.283433198928833,1.748450517654419,1.248844027519226,9.539124488830566,2.355773687362671,1.896787166595459,1.7170032262802124,2.3758788108825684,1.318223237991333,30.67091941833496,44.82387924194336,4.98912239074707,1.9476513862609863,1.4733595848083496,1.86619234085083,1.5124191045761108,1.181504487991333,1.8087036609649656,1.229836344718933,1.4430266618728638,1.207916498184204,1.5970889329910278,1.6834781169891355,1.6705528497695925,1.635988473892212,1.1079440116882324,26.45518684387207,1.268815279006958,1.1146551370620728,1.3406777381896973,1.0,1.1176420450210571,1.0253289937973022,1.2032517194747925,2.076894760131836,1.228683352470398,1.1543790102005005,24.144908905029297,1.5165289640426636,2.2094078063964844,1.5123029947280884,1.3066741228103638,1.27764892578125,1.2848811149597168,1.6840208768844604,1.2786650657653809,1.0,1.400395750999451,1.2539315223693848,2.2150862216949463,3.342436552047729,74.1905288696289,73.23401641845703,4.134525775909424,1.6575372219085691,3.079363346099853,2.4624574184417725,1.721210241317749,12.122444152832031,1.811409950256348,2.209327459335327,20.791749954223636,2.3140885829925537,1.9079761505126955,1.5872430801391602,3.23923921585083,1.769702672958374,2.36594820022583,2.842928409576416,3.791522264480591,2.6297707557678223,1.828291654586792,3.442633390426636,7.305050849914551,6.1364617347717285,3.667627334594727,5.776504039764404,3.0040433406829834,11.921671867370604,23.357627868652344,11.749726295471191,4.559622287750244,4.865641117095947,3.252361297607422,3.737166166305542,40.369728088378906,28.093402862548828,56.79657745361328,25.181427001953125,44.81842803955078,64.47941589355469,28.20554542541504,79.41914367675781,65.44444274902344,68.26631927490234,64.8473129272461,15.521262168884276,66.91297149658203
TEST_04+6일,2.9137401580810547,44.9639892578125,4.195845127105713,2.112065315246582,1.5135784149169922,1.7906638383865356,7.280230522155762,1.5797053575515747,2.0076684951782227,1.787858247756958,1.841208338737488,1.548522710800171,1.5058997869491575,1.4879143238067627,1.865595817565918,1.207429051399231,43.34415054321289,1.516209363937378,1.6983942985534668,38.23308944702149,15.851445198059082,1.2051466703414917,1.3076486587524414,1.593085765838623,3.866123676300049,11.00688934326172,8.236124992370605,48.03963088989258,6.989402294158936,2.583482265472412,2.7435359954833984,2.1499814987182617,1.968366622924805,2.308357715606689,2.109403610229492,3.0903148651123047,22.915313720703125,2.866401672363281,2.1276021003723145,10.857959747314451,12.171944618225098,2.418089866638184,1.3232090473175049,2.052011489868164,2.032339096069336,2.0893869400024414,2.00294041633606,2.4044418334960938,1.876860857009888,1.880181908607483,5.267707824707031,1.9030932188034055,3.85378360748291,1.817150950431824,1.75763201713562,2.291717529296875,1.8441787958145144,2.1087846755981445,1.6947991847991943,1.118065357208252,2.5188746452331543,2.885100841522217,5.842013359069824,5.192738056182861,3.889291286468506,1.8985651731491089,1.4183025360107422,1.290072679519653,2.0721640586853027,1.3754091262817385,1.4315017461776731,1.4167487621307373,1.3939334154129028,1.1438478231430054,2.000549793243408,1.1595431566238403,1.3291136026382446,1.6943074464797974,1.6189275979995728,2.067948341369629,1.18535578250885,1.2934752702713013,1.341000199317932,1.4791432619094849,1.4186077117919922,1.5370045900344849,1.8475664854049685,1.6474298238754272,2.1622557640075684,1.979575514793396,42.03134536743164,1.2318586111068726,1.8412094116210935,2.4854447841644287,1.2111393213272097,1.418026089668274,1.4726543426513672,1.152160882949829,9.911383628845217,1.87711763381958,1.7644928693771362,1.2153205871582031,2.0033059120178223,1.22660493850708,33.79823303222656,42.70441055297852,5.238370418548584,2.1071951389312744,1.3640516996383667,1.8053606748580933,1.3671483993530271,1.2035809755325315,1.4636998176574707,1.2001900672912598,1.245720148086548,1.103607177734375,1.9205164909362795,1.81036114692688,1.3911505937576294,1.2952332496643066,1.4372330904006958,25.536718368530277,1.145147442817688,1.214501976966858,1.5945552587509155,1.0,1.0511749982833862,1.0115418434143066,1.1772080659866333,2.039314746856689,1.1840412616729736,1.3157447576522827,24.14912223815918,1.4842857122421265,2.3219032287597656,1.600563883781433,1.111868977546692,1.4264568090438845,1.2367461919784546,1.7820874452590942,1.0,1.0,1.258705496788025,1.2409969568252563,2.720631599426269,3.134113073348999,74.2794189453125,70.2202377319336,3.562974452972412,1.537041187286377,2.792917251586914,2.083376169204712,1.674548864364624,14.43161678314209,1.7759230136871338,2.672224998474121,22.41221046447754,1.7036926746368408,2.6174476146698,1.7370243072509766,3.1004679203033447,1.994197130203247,2.941569566726685,2.212480068206787,3.888333559036255,2.517273187637329,1.7596807479858398,4.214408874511719,6.914922714233398,7.9539079666137695,3.394357442855835,6.676321983337402,4.709294319152832,12.489864349365234,21.763607025146484,12.234795570373535,4.362732410430908,4.5800323486328125,2.7858974933624268,3.8435909748077393,40.452735900878906,31.945444107055664,57.70243835449219,22.230159759521484,46.43705368041992,62.03961181640625,29.71803092956543,81.53146362304688,67.18513488769531,67.54725646972656,64.33596801757812,17.077260971069336,68.07035827636719
TEST_04+7일,3.847928285598755,46.94089126586914,6.764838218688965,3.287018299102783,2.1937415599823,2.460353136062622,10.07382106781006,2.2345118522644043,2.718699216842652,2.0523457527160645,2.2422726154327397,2.0713460445404053,1.968005657196045,2.032472610473633,2.1779770851135254,1.686778903007507,45.98028564453125,1.8367644548416135,2.020827293395996,40.826114654541016,18.911842346191406,1.8807815313339236,1.9116160869598389,1.8455170392990112,5.537402153015137,14.588139533996582,12.321810722351074,49.50782775878906,9.661750793457031,2.854087352752685,3.2258639335632324,2.6845250129699707,2.498421669006348,2.59543514251709,2.262932300567627,3.483675003051758,32.55494689941406,4.023870468139648,3.069427013397217,17.72179412841797,17.9248104095459,2.706932544708252,1.6935148239135742,2.4164209365844727,2.0983448028564453,1.9853228330612185,2.165984630584717,2.840052604675293,2.1237101554870605,2.454809665679932,7.698619365692139,1.829239010810852,5.192075729370117,2.176922082901001,2.163844108581543,2.8364458084106445,2.106166362762451,2.3337574005126958,2.068070411682129,1.9857265949249268,3.5156311988830566,3.5876917839050293,7.690290451049805,7.596455097198486,5.265668869018555,2.2427549362182617,1.9105337858200075,1.8766757249832156,2.668878555297852,1.696574091911316,2.056434154510498,1.8562077283859253,1.8195143938064573,1.847671627998352,2.793435573577881,1.6693867444992063,1.6837331056594849,2.259002685546875,1.906570553779602,3.2837114334106445,1.6246000528335571,1.7635868787765503,1.863409399986267,2.0735950469970703,2.053274631500244,2.1206512451171875,2.552752494812012,2.294722557067871,2.795212745666504,2.6638097763061523,45.77154159545898,2.021390199661255,2.554649591445923,3.779747724533081,1.7448102235794067,1.7189323902130127,2.2222564220428467,1.7367631196975708,13.917884826660156,2.9842708110809326,2.5959513187408447,2.2809016704559326,3.3860392570495605,2.0497753620147705,43.6362419128418,45.22052383422852,7.353533744812012,2.7785403728485107,2.2624707221984863,2.15750789642334,2.3557658195495605,1.587111234664917,2.137120723724365,1.830211877822876,2.114947557449341,1.884354829788208,2.3747594356536865,2.43343186378479,2.5895321369171143,2.009173631668091,1.8343966007232664,26.035276412963867,1.322904348373413,1.4038742780685425,1.5908318758010864,1.1142741441726685,1.176113486289978,1.0775513648986816,1.2025668621063232,2.68934965133667,1.1015702486038208,1.3288688659667969,26.960527420043945,1.7871326208114624,2.973576068878174,2.091744899749756,1.3420584201812744,1.4193450212478638,1.2152833938598633,2.0190749168396,1.321377515792847,1.0573067665100098,1.6244887113571167,1.4380029439926147,3.772146701812744,2.7592217922210693,76.2376937866211,72.63624572753906,5.794159412384033,1.7359297275543213,4.200543880462647,2.5381877422332764,2.2139780521392822,22.339466094970703,1.9684693813323972,2.518892288208008,33.44076156616211,3.7270257472991934,2.089282751083374,2.290252685546875,4.936799049377441,2.357926607131958,4.067266464233398,3.114909172058105,6.2218756675720215,2.948931932449341,1.6988050937652588,6.914815902709961,9.66668701171875,10.328041076660156,3.395694732666016,7.99878978729248,2.307664632797241,18.987934112548828,35.094329833984375,22.028091430664062,5.1943206787109375,4.538549423217773,2.819441795349121,4.066221237182617,55.82307434082031,38.38652038574219,72.37378692626953,26.653728485107425,58.43096923828125,70.48884582519531,39.00191879272461,89.84416198730469,71.94330596923828,74.00469207763672,73.15129852294922,24.465065002441406,75.15746307373047
TEST_05+1일,5.471636772155762,1.4467179775238037,13.708041191101074,4.844615936279297,1.8476853370666504,3.8558003902435294,4.692235946655273,2.1500144004821777,3.753990411758423,1.4805103540420532,2.1133241653442383,2.306770801544189,1.4796488285064695,1.9971721172332764,2.226448535919189,2.013755321502685,38.928619384765625,2.270843267440796,2.3457794189453125,30.71378898620605,5.326113700866699,2.5996248722076416,1.7119961977005005,2.823300838470459,19.13810539245605,3.0461225509643555,3.291661262512207,44.55745315551758,7.181015968322754,2.5913147926330566,1.9147354364395144,2.1824827194213867,2.121222972869873,2.8017687797546387,2.160042762756348,2.118562936782837,37.78799819946289,3.443459987640381,2.275244235992432,19.67296028137207,12.870352745056152,2.1087687015533447,1.972438931465149,2.348436117172241,2.3466172218322754,2.3441319465637207,2.47676420211792,2.2298083305358887,2.131618022918701,2.7774767875671387,19.23147964477539,2.440791130065918,5.025381088256836,2.2755069732666016,2.2932674884796143,2.174328327178955,2.8914194107055664,2.21996545791626,2.4108169078826904,2.450131893157959,16.973215103149414,6.1246538162231445,5.437352180480957,8.635421752929688,3.700544834136963,1.4455903768539429,1.6611062288284302,1.4603990316390991,3.073173999786377,2.5471291542053223,2.1727490425109863,2.205552577972412,1.42009699344635,1.9705091714859009,2.643953800201416,1.5978015661239624,1.6708606481552124,1.4682981967926023,1.760572075843811,2.523435592651367,1.9704729318618772,1.6692696809768677,1.7312742471694946,1.9456349611282349,1.8857561349868772,2.5671539306640625,2.935767650604248,2.0743608474731445,2.4267420768737797,3.491645336151123,48.1082763671875,2.3129642009735107,2.9302659034729004,4.7816667556762695,1.8294970989227293,2.1584808826446533,1.9146175384521484,2.338712692260742,5.099811553955078,3.734362125396729,2.4647622108459477,1.842320203781128,1.7886592149734497,2.144775390625,49.1351318359375,47.64978790283203,44.38796615600586,3.0836827754974365,2.6346263885498047,2.439150094985962,2.959254503250122,2.3472886085510254,1.3622578382492063,2.015106439590454,1.551619529724121,1.9871983528137207,2.088470697402954,2.4221279621124268,2.7781689167022705,1.9670794010162356,1.87222957611084,25.583297729492188,1.2219150066375732,1.447097659111023,1.3054431676864624,1.4754565954208374,1.28363299369812,1.0140109062194824,1.3934499025344849,1.9417470693588257,1.1497448682785034,1.309664964675903,26.864452362060547,4.123491764068604,2.525491714477539,3.0041279792785645,2.213632583618164,1.7685948610305786,1.795038819313049,7.341934680938721,1.5385888814926147,1.3619383573532104,2.3798251152038574,1.509235978126526,78.53925323486328,49.66272735595703,21.88385963439941,23.963727951049805,73.10015869140625,48.56649398803711,45.6697883605957,3.1203975677490234,3.2299435138702397,80.88926696777344,80.79534149169922,79.82589721679688,78.29560852050781,22.468942642211918,3.796100616455078,71.26319122314453,65.5182113647461,5.353933811187744,42.267189025878906,15.133834838867188,76.84632873535156,72.97724151611328,17.20467758178711,3.0267250537872314,147.114501953125,148.518798828125,84.0341796875,147.2587432861328,26.209474563598636,136.50216674804688,96.27741241455078,150.54998779296875,44.68729019165039,7.819731712341309,140.174072265625,114.72222900390624,12.694541931152344,12.697259902954102,12.471633911132812,12.373054504394531,13.573381423950195,13.265153884887695,12.464540481567385,13.07798194885254,9.02248191833496,8.730781555175781,8.337262153625488,9.118188858032228,8.787434577941895
TEST_05+2일,2.5986785888671875,1.3974138498306274,8.18154239654541,2.01172423362732,1.828591227531433,2.20798397064209,2.3763582706451416,1.9677770137786863,1.1919052600860596,1.5709303617477417,1.4487309455871582,2.018341541290283,1.1572575569152832,1.6299690008163452,1.9339337348937988,1.629366397857666,34.0757942199707,1.5876996517181396,1.8938745260238647,26.07194709777832,3.3057281970977783,2.157449960708618,1.8560943603515625,2.7958059310913086,13.023731231689451,2.424015522003174,2.5942628383636475,34.715816497802734,4.636619091033936,2.435899019241333,1.758126139640808,2.326169490814209,1.572662115097046,1.8100574016571045,1.7907826900482178,1.7886955738067627,28.07975006103516,1.971163511276245,1.7006449699401855,12.547822952270508,8.477132797241211,1.8869500160217283,1.9294160604476929,2.0778050422668457,2.0250566005706787,2.3069567680358887,1.9993401765823364,2.028003931045532,2.328803539276123,2.231599807739258,11.985017776489258,1.7762466669082642,3.273923397064209,2.649935483932495,1.8623666763305664,2.07048773765564,2.612283706665039,2.001089096069336,1.9479930400848389,2.4018468856811523,10.16031265258789,3.344898223876953,3.217775344848633,5.433950901031494,2.8031392097473145,1.2492793798446655,1.5107864141464231,1.099542498588562,1.9066082239151,1.9186080694198608,1.595589280128479,1.666018843650818,1.5554674863815308,1.5796526670455933,1.765697360038757,1.5675617456436155,1.5378814935684204,1.3436731100082395,1.4000673294067385,1.760757327079773,1.6079469919204712,1.4635449647903442,1.463219404220581,1.7678426504135132,1.59522545337677,1.9967845678329468,1.8565038442611692,1.7464908361434937,1.8619619607925413,2.0979018211364746,47.70201873779297,1.951111316680908,2.4163801670074463,3.544862747192383,1.6921342611312866,1.7095460891723633,2.0568149089813232,2.085761785507202,4.011394500732422,3.2636425495147705,2.3351757526397705,1.794418215751648,1.9384863376617432,1.916754961013794,41.37636947631836,47.66379165649414,37.606563568115234,2.751450538635254,2.361297845840454,2.358690023422241,2.9061357975006104,2.307687520980835,1.839563608169556,1.8367855548858645,1.8627796173095703,1.9124643802642824,2.2132225036621094,2.649055957794189,2.6013994216918945,2.1766586303710938,1.5966942310333252,24.69977378845215,1.0,1.3176472187042236,1.0,1.1856566667556765,1.2752952575683594,1.0,1.1629635095596311,1.46696937084198,1.0,1.0575796365737915,26.641149520874023,2.472858428955078,1.6446417570114136,1.963234305381775,1.2829749584197998,1.440618872642517,1.2957518100738523,4.579385280609131,1.0757348537445068,1.1429811716079712,1.5402530431747437,1.2065199613571167,76.52623748779297,36.49693298339844,14.67063045501709,17.39437484741211,67.78945922851562,38.44701385498047,34.84750747680664,1.8924319744110107,2.871501207351685,81.4041748046875,76.06405639648438,74.68528747558594,70.80158233642578,15.403480529785156,2.84560775756836,60.96577453613281,57.944583892822266,3.007875680923462,29.918365478515625,11.297992706298828,72.43570709228516,66.83120727539062,10.957890510559082,2.209489345550537,151.9246063232422,156.68150329589844,68.61742401123047,148.62547302246094,17.849315643310547,128.1396942138672,82.6846694946289,146.81832885742188,37.9007453918457,4.394679546356201,133.45701599121094,98.9453582763672,12.32390022277832,13.178190231323242,11.392108917236328,11.08827018737793,11.832725524902344,12.44650650024414,11.78464698791504,12.480785369873049,7.523800849914551,7.168400764465332,7.483880519866943,7.550496578216553,7.754544258117676
TEST_05+3일,4.644406318664551,1.804620862007141,6.661031723022461,2.509692668914795,2.202177047729492,2.814034938812256,2.592108964920044,2.253448963165283,2.1209638118743896,2.073483467102051,1.8658623695373533,2.6695332527160645,1.7560335397720337,2.249308586120605,2.1448543071746826,2.509221315383911,31.742374420166016,2.365644216537476,2.195916652679444,25.16977882385254,3.546142339706421,2.285334587097168,2.1643309593200684,2.074402093887329,11.184648513793944,2.1862564086914062,2.367630958557129,27.99730682373047,3.56397008895874,2.235846519470215,1.6718850135803225,1.8645848035812376,1.3013603687286377,1.8851667642593384,1.7865747213363647,1.4668748378753662,21.742280960083008,1.7588107585906982,1.5429434776306152,8.34637451171875,6.182564735412598,1.6815166473388672,1.7773383855819702,1.6310416460037231,1.465378761291504,1.7720606327056885,1.6490302085876465,1.6528332233428955,1.9135901927948,2.342494487762451,8.68727970123291,1.5447224378585815,2.745715618133545,2.006442070007324,1.4440178871154783,1.5926411151885986,2.325589179992676,1.6293610334396362,1.7087516784667969,1.5309348106384275,8.347880363464355,2.58633041381836,2.912447929382324,4.022016525268555,2.4337351322174072,1.300222396850586,1.5876809358596802,1.2203439474105835,1.9319266080856323,2.0924205780029297,1.63569176197052,1.4834303855895996,1.689816117286682,1.605162262916565,1.685596585273743,1.625710368156433,1.7438489198684692,1.2275155782699585,1.3019211292266846,1.8121803998947144,1.5959910154342651,1.4897373914718628,1.5721806287765503,1.7360082864761353,1.5874041318893433,1.8365558385849,1.842708945274353,1.763527274131775,1.9524005651474,1.9054752588272093,46.95091247558594,2.2783024311065674,2.844105958938598,3.571475028991699,1.71374773979187,1.989558219909668,1.998307943344116,2.127104997634888,4.1626739501953125,3.287382125854492,2.5563347339630127,2.001696825027466,1.796442985534668,1.7451233863830566,34.87784194946289,44.491512298583984,31.15302085876465,2.322098731994629,2.278655767440796,2.155336141586304,2.4664499759674072,2.173872470855713,1.569069743156433,1.820446491241455,1.947636604309082,1.7026715278625488,2.2372817993164062,2.257340908050537,2.6910688877105717,1.8874409198760984,1.7072750329971311,23.95321655273437,1.1543703079223633,1.2602795362472534,1.33100426197052,1.3480809926986694,1.3645858764648438,1.204724907875061,1.473518967628479,1.684515357017517,1.1063494682312012,1.2763129472732544,26.739110946655277,2.6049532890319824,1.830302596092224,1.9363774061203003,1.802864670753479,1.5476585626602173,1.6947089433670044,3.8966007232666016,1.3496534824371338,1.242897629737854,1.6270312070846558,1.4686890840530396,71.94499969482422,27.68546867370605,13.062579154968262,19.228120803833008,58.41656112670898,30.89236068725586,25.410531997680664,2.294889450073242,2.4006292819976807,78.15206146240234,72.02608489990234,70.1852035522461,61.83372116088867,12.642627716064451,3.10305404663086,50.79561996459961,45.60206604003906,3.330859899520874,20.845664978027344,9.006369590759277,62.69904327392578,60.85677719116211,9.127696990966797,2.779310703277588,153.8145294189453,155.92860412597656,58.54165267944336,154.0671844482422,17.96634864807129,115.0120849609375,63.44371795654297,137.63265991210938,35.21642303466797,6.394906520843506,120.8416519165039,90.46524810791016,12.955978393554688,13.22169303894043,11.890607833862305,11.77394676208496,13.21619987487793,13.346031188964844,12.210168838500977,12.934965133666992,9.558757781982422,8.954333305358887,9.376679420471191,9.11485481262207,9.108128547668455
TEST_05+4일,5.432817459106445,1.5202444791793823,7.2930908203125,2.7740132808685303,1.7511444091796875,3.206716537475586,3.107321262359619,1.7953640222549438,2.5749802589416504,1.5131295919418335,1.620373249053955,2.210073947906494,1.436809778213501,2.0548415184021,1.665941834449768,1.478410243988037,32.17715835571289,1.8732976913452148,2.028607130050659,25.158403396606445,3.648179769515991,2.3551185131073,1.666184663772583,2.5121755599975586,11.88870620727539,2.6024510860443115,2.887380599975586,27.01773834228516,4.477173805236816,2.423215866088867,2.166198492050171,2.42832088470459,2.0407509803771973,2.404125690460205,2.017887592315674,1.9216243028640747,20.19034576416016,2.368751049041748,1.9130882024765012,8.814992904663086,6.813388824462891,1.9819996356964111,1.8680886030197144,2.14652156829834,2.042154312133789,2.0177135467529297,1.7338454723358154,1.9451674222946167,2.0610742568969727,2.3703999519348145,9.165910720825195,2.3527188301086426,3.36843490600586,2.220779657363892,1.834484338760376,1.8529484272003172,2.5408143997192383,1.8373043537139893,2.323326587677002,1.681875467300415,9.714486122131348,3.3447494506835938,2.754885673522949,5.012223243713379,3.009491443634033,1.415579319000244,1.3891271352767944,1.2170255184173584,1.9798437356948853,2.08050537109375,1.723481297492981,1.5948389768600464,1.4923890829086304,1.792688488960266,1.87653124332428,1.6562150716781616,1.595739722251892,1.3422253131866455,1.4458823204040527,1.8674646615982056,1.8184531927108765,1.5566669702529907,1.7457941770553589,1.7592531442642212,1.625796675682068,1.934580445289612,1.9164129495620728,1.8776782751083372,2.022932529449463,1.995937705039978,47.20002365112305,2.0154263973236084,2.652939796447754,3.390878677368164,1.9365441799163816,1.8526499271392824,1.9140832424163816,2.350257635116577,4.147154331207275,3.1622533798217773,2.3662726879119877,2.14046573638916,1.952788591384888,1.692105054855347,32.597389221191406,44.35044860839844,29.08055877685547,2.7225100994110107,2.1071531772613525,1.9601850509643557,2.5548551082611084,1.7551807165145874,1.952223300933838,1.974104642868042,1.3471394777297974,1.4701862335205078,2.0632503032684326,1.936836004257202,2.715710401535034,1.7370400428771973,1.7466979026794434,23.988037109375,1.1154323816299438,1.4035123586654663,1.1107112169265747,1.4253941774368286,1.1606669425964355,1.0111163854599,1.3707520961761477,1.5278538465499878,1.0,1.3105332851409912,26.418502807617188,2.4731454849243164,1.9030941724777224,2.1974925994873047,1.6915963888168335,1.179734706878662,1.4674235582351685,4.130975246429443,1.1951230764389038,1.2604215145111084,1.6143285036087036,1.3344618082046509,68.97828674316406,25.899852752685547,14.96796703338623,21.485462188720703,53.82552337646485,29.559959411621094,23.75499725341797,2.0028247833251958,2.4935102462768555,73.8893051147461,68.9118423461914,64.45520782470703,58.65078353881836,13.629225730895996,3.663607358932495,46.50545120239258,40.29938888549805,3.9883859157562256,19.650611877441406,9.591981887817385,57.4638557434082,58.08239364624024,9.22003936767578,3.186868190765381,151.40231323242188,145.15785217285156,49.311954498291016,146.86558532714844,16.75642967224121,96.03620910644533,50.05584335327149,127.5877456665039,31.51736831665039,6.655913829803467,105.65799713134766,81.86882019042969,11.962339401245115,11.57351303100586,10.884798049926758,11.343528747558594,12.399856567382812,12.073287963867188,11.44410514831543,12.346220016479492,8.430693626403809,7.779056072235107,7.709066867828369,8.394330978393555,8.569341659545898
TEST_05+5일,4.739656448364258,1.6787961721420288,7.40726375579834,2.859503507614136,1.6528714895248413,2.460822820663452,2.735440492630005,1.581828236579895,2.2994213104248047,1.6002488136291504,1.6137452125549316,1.998897910118103,1.31410551071167,1.804578185081482,1.8156523704528809,1.7712732553482056,33.213470458984375,1.809603571891785,1.842158794403076,24.936145782470703,2.900341033935547,1.467969536781311,1.6854006052017212,2.1897130012512207,11.006706237792969,2.564708709716797,2.566814661026001,28.89582061767578,3.1725640296936035,2.634730815887451,1.5602402687072754,1.853785872459412,1.5725088119506836,1.6699466705322266,1.4754334688186646,1.8912785053253172,21.627487182617188,1.81009578704834,1.7591431140899658,7.628419876098633,5.613922119140625,1.9483091831207275,1.299655795097351,1.9602795839309688,2.4043314456939697,2.064631223678589,1.653817892074585,1.7224433422088623,1.928737759590149,1.8331156969070437,8.855730056762695,1.9604427814483645,2.847463130950928,2.111029148101806,1.284801363945007,1.7064247131347656,2.148344039916992,1.667382001876831,2.0224945545196533,2.001979112625122,9.05709171295166,2.7687878608703613,2.702472686767578,4.445750713348389,2.609752893447876,1.2578641176223757,1.5137897729873655,1.2927664518356323,1.9275051355361936,1.8585742712020876,1.5018517971038818,1.3546371459960938,1.4963771104812622,1.2889161109924316,1.6214667558670044,1.3926217555999756,1.3396433591842651,1.149176001548767,1.504701018333435,1.7866829633712769,1.3774257898330688,1.374817132949829,1.4781469106674194,1.5092154741287231,1.4653373956680298,1.7538350820541382,1.900995135307312,1.6271830797195437,1.6754471063613892,1.48701274394989,45.24020385742188,1.4974323511123655,2.193129062652588,2.978839159011841,1.2735003232955933,1.2060186862945557,1.14692485332489,1.5211702585220337,3.7839677333831783,3.062901735305786,2.019270896911621,1.4331763982772827,1.167738914489746,1.2871023416519165,33.078086853027344,41.97335052490234,31.192964553833008,2.092214584350586,1.5760430097579956,1.6688793897628784,2.00768780708313,1.6136550903320312,1.2771549224853516,1.0,1.412987470626831,1.1541354656219482,1.0,1.3012042045593262,1.528138518333435,1.571096897125244,1.0803210735321045,24.22018241882324,1.0,1.4261809587478638,1.0,1.0992201566696167,1.053333759307861,1.0,1.3279186487197876,1.4137753248214722,1.0,1.0,26.310680389404297,2.415981769561768,1.5092474222183228,1.9351497888565063,1.4395772218704224,1.22905170917511,1.2544015645980835,4.106691837310791,1.1474062204360962,1.011391520500183,1.6820687055587769,1.2271287441253662,66.82919311523438,25.937952041625977,12.013272285461426,18.038923263549805,50.26519775390625,29.515932083129883,23.78371810913086,1.3481590747833252,2.134911298751831,70.3083724975586,65.35497283935547,67.42781829833984,57.3049430847168,10.488879203796388,2.516714334487915,47.45171737670898,38.41282653808594,2.980140924453736,18.42270278930664,8.053816795349121,55.28585815429688,55.57242584228516,7.82682991027832,2.0147719383239746,141.5673828125,134.37799072265625,43.56589889526367,133.6284942626953,11.705860137939451,88.77197265625,45.843658447265625,119.71272277832033,26.65634536743164,4.528819561004639,96.01666259765624,77.9952163696289,10.120357513427734,10.552867889404297,9.592533111572266,9.904521942138672,10.339452743530272,11.156438827514648,9.190340042114258,10.525888442993164,7.682204246520996,7.836886405944824,7.193828105926514,7.920132637023926,7.339206695556641
TEST_05+6일,4.838722229003906,1.616458535194397,8.913878440856934,3.4163858890533447,1.3707767724990845,2.7114717960357666,3.0778520107269287,1.6166036128997805,2.5209765434265137,1.3937664031982422,1.641367793083191,1.7983360290527344,1.1455237865447998,1.727067232131958,1.6749885082244873,1.2691783905029297,35.37042999267578,2.073077917098999,1.4954017400741575,25.332807540893555,2.94982385635376,1.7102091312408447,1.453217387199402,2.488370180130005,13.956344604492188,3.070023536682129,2.6310863494873047,32.87516403198242,3.76264238357544,2.6989312171936035,1.8206843137741089,2.2528228759765625,2.201286554336548,1.5633039474487305,1.7441935539245603,2.096629858016968,24.439945220947266,2.5000405311584477,2.408449411392212,9.683368682861328,6.36361837387085,2.3897039890289307,1.7777643203735352,1.7334442138671875,2.232680320739746,2.2267723083496094,1.92647123336792,2.020970582962036,2.448370933532715,2.149944305419922,11.56810474395752,2.080676555633545,3.610443592071533,2.0038604736328125,2.0749306678771973,2.083717107772827,1.9539878368377688,1.5875685214996338,2.6569957733154297,2.0407156944274902,11.0967435836792,4.134909152984619,3.563682556152344,5.46449613571167,2.8225646018981934,1.3787730932235718,1.4863314628601074,1.3428055047988892,2.154512882232666,1.9518808126449585,1.6212214231491089,1.5603972673416138,1.400667667388916,1.4237136840820312,1.669108271598816,1.5226277112960815,1.4410892724990845,1.14338219165802,1.5581787824630735,1.971181035041809,1.5462144613265991,1.3662350177764893,1.6765981912612915,1.6590791940689087,1.6527105569839478,2.059123039245605,1.7730792760849,1.7008339166641235,1.6115254163742063,1.9924546480178835,44.0944938659668,1.89125657081604,2.173503160476685,3.38567852973938,1.3918596506118774,1.309003472328186,1.0625165700912476,1.4499835968017578,4.312111854553223,2.7029337882995605,1.975663423538208,1.6165521144866943,1.5771417617797852,1.3961777687072754,33.47564697265625,42.5911750793457,34.22159194946289,1.9972527027130127,2.0345776081085205,1.7917450666427612,2.25711441040039,1.771737813949585,1.0854120254516602,1.5753365755081177,1.444798469543457,1.2027335166931152,1.4279848337173462,1.3957765102386477,2.2565221786499023,1.061321258544922,1.3092358112335205,24.00868034362793,1.1296107769012451,1.2780243158340454,1.0,1.1345136165618896,1.2655432224273682,1.1186528205871582,1.3526599407196045,1.3900028467178345,1.0711251497268677,1.0926650762557983,27.106828689575195,2.631491184234619,1.7281612157821655,1.840614676475525,1.618644118309021,1.2008674144744873,1.1228630542755127,4.703540802001953,1.289241909980774,1.2298619747161863,1.6754332780838013,1.4416903257369995,66.24740600585938,26.633180618286133,12.692767143249512,20.12246322631836,50.69948959350586,29.11581039428711,24.664039611816406,1.8359825611114504,2.204770088195801,69.25604248046875,68.75242614746094,68.4785385131836,58.24916076660156,11.08493709564209,2.7884225845336914,51.17563629150391,39.33698654174805,3.32729172706604,19.830644607543945,9.540019035339355,55.04621887207031,56.86062240600586,7.953764915466309,2.245873212814331,137.56141662597656,128.19284057617188,47.194454193115234,130.28598022460938,15.429291725158691,91.0949478149414,48.18486785888672,115.85841369628906,29.425928115844727,5.733913421630859,97.6345443725586,84.8265151977539,11.341119766235352,10.969575881958008,10.632843017578123,10.48953628540039,11.818262100219728,11.845806121826172,10.736377716064451,11.066402435302734,7.946050643920898,7.398059844970703,7.278422355651855,8.206480979919434,7.558472633361816
TEST_05+7일,6.202234268188477,2.1080210208892822,12.450471878051758,5.314300537109375,1.8622905015945437,3.554184913635254,4.935429573059082,2.41677474975586,3.787908315658569,1.996204853057861,2.2819604873657227,2.6289942264556885,1.4064500331878662,2.209680318832397,2.394705295562744,2.2991819381713867,39.415523529052734,2.451171875,2.051448345184326,30.238191604614254,5.249045372009277,2.6661217212677,1.9062224626541135,2.689237117767334,19.361352920532227,3.372209072113037,3.68371057510376,42.918060302734375,6.675937175750732,3.0053505897521973,2.06442928314209,2.74446702003479,2.389955997467041,2.3111443519592285,2.2440357208251958,2.1543588638305664,34.20906448364258,3.320819854736328,2.551077365875244,16.95164680480957,11.83942413330078,2.099325656890869,2.3892595767974854,2.4487059116363525,2.319764375686645,2.786426067352295,2.6992862224578857,2.41347074508667,2.7388620376586914,2.645095109939575,19.250755310058597,2.316741466522217,5.360579490661621,2.183900833129883,2.5758814811706543,2.1903138160705566,2.588339328765869,2.3309483528137207,2.642449855804444,2.555883884429932,16.440326690673828,6.353222370147705,5.508738040924072,9.234904289245604,3.637880325317383,1.7816139459609983,1.8301109075546265,1.776509404182434,3.531666755676269,2.973550796508789,2.495912551879883,2.387197971343994,1.7791739702224731,2.2942357063293457,2.7824034690856934,1.8058127164840696,1.824430584907532,1.8224862813949585,2.0007386207580566,2.907362461090088,2.010711669921875,1.8716403245925903,1.8051334619522093,2.0109457969665527,2.184667587280273,2.996867179870605,2.9923629760742188,2.3076324462890625,2.6170578002929688,3.619254112243652,45.95047378540039,2.299015522003174,2.886873245239258,5.2707200050354,2.0238254070281982,1.986806869506836,1.5578020811080933,1.8610491752624512,5.968911170959473,3.900465965270996,2.664339065551758,2.0313973426818848,1.7651147842407229,2.1255412101745605,43.82697296142578,43.20442581176758,41.980350494384766,3.2802836894989014,2.476014852523804,2.405320167541504,3.122460126876831,2.207725524902344,1.6603808403015137,1.9333021640777588,1.9482662677764893,1.965362548828125,2.3115785121917725,2.2251131534576416,2.8244776725769043,1.8722789287567136,1.8357224464416504,25.759994506835938,1.1504573822021484,1.3893805742263794,1.1100887060165403,1.3954740762710571,1.4814118146896362,1.186490774154663,1.467838168144226,1.9685314893722532,1.0813366174697876,1.2684260606765747,27.48784828186035,4.216217041015625,2.734642505645752,2.979980945587158,2.0581254959106445,1.737536072731018,1.8181506395339968,7.538441181182861,1.6516083478927612,1.523535132408142,2.465527057647705,1.5723227262496948,72.71343994140625,42.07126998901367,18.99991226196289,21.73186683654785,61.56904602050781,39.3739128112793,36.08779525756836,2.081663131713867,2.6557741165161133,72.78924560546875,74.57699584960938,72.48953247070312,67.27298736572266,18.565261840820312,2.7042431831359863,63.66022109985352,54.05725860595703,4.524272918701172,33.39101028442383,12.488542556762695,68.15597534179688,64.65137481689453,14.154776573181152,2.413633108139038,137.9886016845703,134.9730987548828,61.44649887084961,130.22984313964844,18.456525802612305,113.21881866455078,69.44300842285156,128.46725463867188,33.01149368286133,5.068228244781494,116.13622283935548,97.85909271240234,12.714603424072266,13.387632369995115,12.280328750610352,12.635622024536133,12.782354354858398,13.267684936523438,12.237543106079102,12.311473846435549,9.29784870147705,9.052461624145508,8.566914558410645,8.957579612731934,8.835868835449219
TEST_06+1일,5.465732574462891,1.764422059059143,10.15471076965332,7.970305442810059,1.3801028728485107,2.518683910369873,3.136136770248413,1.5428640842437744,4.245686531066895,1.9114766120910645,1.8116780519485476,1.3787474632263184,2.565402030944824,2.0711021423339844,1.4587386846542358,1.746232509613037,4.0319366455078125,1.670080542564392,1.478675127029419,18.075963973999023,8.36697006225586,1.330856442451477,1.6301171779632568,2.41699767112732,11.138890266418455,44.16198348999024,2.694449186325073,54.43299102783203,8.20253849029541,2.468332529067993,3.3690414428710938,2.679600715637207,2.7730369567871094,2.0556464195251465,2.4462599754333496,2.9720687866210938,29.24555778503418,5.129674911499023,2.631056785583496,27.111181259155277,12.700316429138184,2.453479290008545,2.4562838077545166,2.704030036926269,2.17802095413208,2.767841339111328,2.4709858894348145,2.9957308769226074,2.0535356998443604,3.564711093902588,23.23039436340332,2.3574676513671875,8.008377075195312,2.084545373916626,3.117582321166992,2.138406753540039,2.1676604747772217,2.483238935470581,1.9954079389572144,2.0500214099884038,15.790363311767578,5.718871593475342,5.857680797576904,12.691357612609863,6.634788513183594,1.8187273740768437,1.4374552965164185,1.6976176500320437,3.43982458114624,1.479667901992798,2.250704288482666,2.456456661224365,1.5224839448928833,1.403919339179993,3.1379547119140625,1.6101738214492798,1.8776150941848757,1.862552523612976,1.6509815454483032,3.1502394676208496,1.996357798576355,1.5925859212875366,1.9716171026229856,1.7525802850723269,2.219487190246582,2.334479331970215,2.879721641540528,1.9478353261947632,2.813465118408203,3.991669178009033,48.02203369140625,2.0412158966064453,2.42003870010376,7.185436248779297,1.2226676940917969,2.4241905212402344,2.018807411193848,1.3533989191055298,14.413150787353516,3.796023607254028,1.692094326019287,1.2959781885147097,1.8506505489349363,1.71355140209198,43.75342559814453,48.036956787109375,29.727863311767575,3.154294729232788,2.3685221672058105,2.3557465076446533,3.239229202270508,2.5342113971710205,1.301565647125244,1.9299640655517576,1.8438479900360107,1.0853036642074585,2.3815746307373047,1.7903674840927124,2.213587760925293,1.878143548965454,1.9186828136444087,26.357555389404297,1.0,1.093822956085205,1.1244122982025146,1.0,1.0288883447647097,1.342238426208496,1.0005476474761963,1.3488260507583618,1.1330502033233645,1.0902281999588013,27.87763786315918,3.419394016265869,3.4110493659973145,5.319528579711914,3.323480129241944,2.0876665115356445,2.360633373260498,9.498676300048828,1.7306870222091677,1.555512309074402,3.1161346435546875,3.6618075370788574,61.68568801879883,29.935949325561523,6.458100318908691,36.641483306884766,64.50325775146484,57.45235443115234,45.4177360534668,32.36821746826172,5.935787200927734,81.65545654296875,79.09764099121094,80.8050308227539,61.53794097900391,20.74130630493164,3.687830686569214,58.598262786865234,61.01564407348633,4.834739208221436,44.88322830200195,17.414379119873047,67.80962371826172,68.73756408691406,27.592021942138672,3.638701677322388,153.95420837402344,159.5573272705078,66.7315902709961,153.0900421142578,20.2946720123291,78.18965148925781,51.44364547729492,141.6923065185547,28.79802894592285,11.534675598144531,84.59867095947266,84.84201049804688,12.366270065307615,12.464437484741213,13.587963104248049,12.971452713012695,13.037837982177734,12.611162185668944,12.935586929321287,13.143695831298828,8.78817367553711,7.983607292175293,8.5618896484375,8.403635025024414,8.744878768920898
TEST_06+2일,2.422913074493408,1.1795676946640017,5.371330261230469,3.9517204761505127,1.2836261987686155,1.7029829025268557,1.763247847557068,1.3595366477966309,2.665786027908325,2.290200710296631,1.6931250095367432,1.4712703227996826,2.246792316436768,1.8266147375106807,1.224981665611267,1.5249090194702148,2.5634925365448,1.0,1.6076951026916504,13.497320175170898,4.811689376831055,1.160491943359375,1.433280110359192,2.7490954399108887,7.8432769775390625,37.02975845336914,2.9602808952331543,53.34927749633789,4.648744583129883,2.154479503631592,2.3975837230682373,2.347200870513916,2.2251787185668945,2.380887508392334,2.026122093200684,2.294516563415528,18.477224349975582,2.868751049041748,2.503347396850586,16.65528678894043,7.106459140777588,2.2162060737609863,2.175852537155152,2.359013080596924,2.1077327728271484,2.222409248352051,2.3712267875671387,2.0782151222229004,2.437495708465576,2.6424202919006348,14.140973091125488,2.0939011573791504,4.62303352355957,1.731417894363403,2.859311580657959,2.0891265869140625,2.0354318618774414,2.293503761291504,2.160788059234619,1.973953366279602,8.275976181030273,3.315873622894287,4.049712181091309,7.428150177001953,3.675763130187988,1.7445517778396606,1.4581242799758911,1.5312143564224243,2.244173049926758,1.59347403049469,1.8587192296981807,1.8647841215133667,1.3442411422729492,1.531274437904358,2.1802611351013184,1.6603811979293823,1.7002021074295044,1.5506004095077517,1.6618322134017944,1.9466553926467896,1.6651180982589722,1.4163672924041748,1.7581173181533811,1.8717304468154907,1.787234663963318,1.705738186836243,1.8825727701187132,1.8454452753067017,1.9254709482192995,2.6738109588623047,49.215309143066406,2.2831521034240723,2.230804443359375,4.243579864501953,1.674057960510254,2.4151577949523926,2.180285215377808,1.3135701417922974,7.555033683776855,3.036572933197021,1.6592305898666382,1.7394239902496338,1.6662368774414062,1.8331537246704104,34.3508186340332,48.75973129272461,20.52449989318848,2.7019577026367188,2.3825929164886475,1.823305606842041,2.641850709915161,2.5139408111572266,1.533563256263733,1.9571828842163088,2.0047566890716557,1.3038384914398191,2.151475191116333,2.281637668609619,1.862370252609253,1.862715482711792,2.201587438583374,26.76776123046875,1.0,1.036367416381836,1.0772781372070312,1.0,1.0,1.388090968132019,1.0,1.1149057149887085,1.0451942682266235,1.1532255411148071,26.72278213500977,2.1130504608154297,1.726500153541565,2.7858238220214844,2.0441150665283203,1.39834463596344,1.4263197183609009,5.664634704589844,1.3984638452529907,1.3811440467834473,1.8737956285476685,2.2063279151916504,47.73013305664063,18.920997619628903,4.868871212005615,26.307941436767575,48.44264221191406,43.81960678100586,31.477615356445312,20.685203552246094,4.058618545532227,77.66917419433594,69.9569091796875,73.00130462646484,47.89739608764648,13.66966438293457,2.744591236114502,43.2137336730957,45.88375473022461,3.209101676940918,32.60068130493164,11.947650909423828,54.986427307128906,56.91786575317383,18.883298873901367,3.147516250610352,152.14927673339844,150.25001525878906,44.99412536621094,140.25579833984375,12.968151092529297,50.986366271972656,35.992706298828125,119.5880126953125,21.84173011779785,7.491896152496338,62.15373992919922,63.69675827026367,12.43166160583496,11.93096923828125,12.96430206298828,12.86326026916504,12.237394332885742,12.28955078125,11.52663230895996,12.844856262207031,8.05535888671875,7.0276594161987305,7.292403221130371,7.041744232177734,7.800262451171875
TEST_06+3일,3.5582635402679443,1.80836820602417,5.122941017150879,4.381539344787598,1.804982304573059,2.5481953620910645,1.9667752981185915,1.6854268312454224,3.536944627761841,2.8145079612731934,1.937089443206787,1.858840584754944,2.9052484035491943,2.7961504459381104,2.063331127166748,2.168375015258789,3.162245750427246,2.047203063964844,2.019568681716919,13.782609939575195,4.893403053283691,1.6567522287368774,2.1544389724731445,2.055657386779785,8.591459274291992,35.84770202636719,2.229987859725952,50.08388137817383,4.132848262786865,2.1446356773376465,2.3483266830444336,1.846118450164795,2.097825527191162,1.631788969039917,1.7860157489776611,2.441364526748657,13.308633804321287,3.1243996620178223,2.349855422973633,11.123933792114258,6.152724266052246,2.0311803817749023,2.018660545349121,2.303004741668701,1.7188843488693235,2.360701084136963,1.7664573192596436,2.2938215732574463,1.9855073690414429,2.727123737335205,10.57446575164795,1.8046486377716064,3.883566379547119,1.421758770942688,2.567016124725342,1.6114221811294556,1.5729732513427734,1.972947597503662,2.018739700317383,1.726330280303955,6.270978927612305,3.4337100982666016,3.96308708190918,6.222723960876465,3.977273941040039,1.9688626527786253,1.4780325889587402,1.7450541257858276,2.277291774749756,1.6826554536819458,1.951107144355774,2.0347113609313965,1.547153115272522,1.5902220010757446,2.365790367126465,1.4949240684509275,1.7906237840652466,1.658047795295715,1.6876777410507202,2.2067456245422363,1.8203068971633911,1.503233551979065,1.9636436700820925,1.726368069648743,2.0696206092834477,1.8703430891036987,2.137983798980713,1.966986298561096,2.013512134552002,2.61649227142334,47.49528884887695,2.5097835063934326,2.471676111221313,3.749611377716065,1.9139385223388672,2.5553994178771973,2.348843812942505,1.4734845161437988,5.8841986656188965,3.3764350414276123,1.7389322519302368,1.735390305519104,1.8463547229766848,2.055564641952514,26.725261688232425,46.92156982421875,13.114169120788574,3.000704765319824,2.065091371536255,2.223132610321045,3.035426378250122,2.4659347534179688,1.510273814201355,2.054290294647217,1.753133773803711,1.4697613716125488,2.1149120330810547,1.8220150470733645,1.7309116125106812,1.885228157043457,2.2118427753448486,27.05683135986328,1.1038858890533447,1.263748288154602,1.1456459760665894,1.1149754524230957,1.031023025512695,1.5901161432266235,1.3649007081985474,1.30442214012146,1.2437137365341189,1.1427874565124512,25.974634170532227,1.9838515520095823,2.1043834686279297,2.571494102478028,2.3182740211486816,1.7768722772598269,1.7952481508255005,4.242123603820801,1.4770408868789673,1.5174368619918823,2.0153980255126958,2.381082057952881,34.22959899902344,17.586122512817383,4.729126453399658,26.17577362060547,38.343841552734375,31.813112258911133,23.37162971496582,16.81357192993164,4.799072265625,70.00565338134766,60.9354362487793,62.807411193847656,36.96086502075195,13.496038436889648,3.612982749938965,31.883440017700195,35.60196304321289,3.933823823928833,26.11920738220215,10.810591697692873,40.22249603271485,44.70589065551758,16.64262580871582,3.62450122833252,148.52267456054688,140.17611694335938,31.85649871826172,118.86708068847656,13.147290229797363,34.73172378540039,24.091657638549805,99.18749237060548,18.834718704223636,8.533379554748535,41.2258186340332,40.975982666015625,12.826370239257812,12.58701515197754,13.088354110717772,13.045387268066406,13.254230499267578,12.660478591918944,12.063791275024414,13.368684768676758,9.66198444366455,8.786200523376465,9.106853485107422,9.338007926940918,9.805681228637695
TEST_06+4일,3.9825751781463614,1.7125883102416992,5.772414207458496,4.753265380859375,1.6138741970062256,2.510727882385254,1.8698104619979856,1.2449421882629397,3.6775641441345215,1.9132548570632932,1.337906837463379,1.300553560256958,2.1973764896392822,1.888914465904236,1.509476661682129,1.7198058366775513,3.045910596847534,1.4042145013809204,1.8632166385650637,14.791324615478516,4.603316307067871,1.369011640548706,1.954339861869812,2.341788053512573,8.339705467224121,37.13743209838867,2.293004035949707,46.914527893066406,4.269771099090576,1.8047010898590088,2.685392379760742,2.2726292610168457,2.048218250274658,1.5331580638885498,1.7784221172332764,2.15217661857605,12.294663429260254,2.6685194969177246,2.3061561584472656,10.401269912719728,6.640372276306152,2.3710873126983643,2.0780041217803955,2.40681266784668,1.5552856922149658,2.4922590255737305,1.5867074728012085,2.317765712738037,2.0755810737609863,3.0655322074890137,10.331588745117188,1.6831599473953247,3.992824077606201,1.5961618423461914,2.1949009895324707,1.930271029472351,1.5736007690429688,1.711416482925415,1.992815971374512,1.8354846239089968,6.103955268859863,3.630734443664551,3.945798873901367,6.768063068389893,4.052977561950684,1.735801100730896,1.3079146146774292,1.6103612184524536,2.168330669403076,1.6714807748794556,1.8046437501907349,1.7553845643997192,1.4491844177246094,1.4958300590515137,2.169844150543213,1.5994573831558228,1.7409924268722534,1.599526286125183,1.64903461933136,2.2796740531921387,1.8175960779190063,1.4858745336532593,1.9894136190414429,1.69727623462677,1.9479552507400515,1.6660512685775757,1.8369790315628047,1.8531378507614136,2.0174527168273926,2.61533260345459,47.57879638671875,1.7845027446746826,1.9625320434570312,3.570098876953125,1.3074957132339478,2.353637933731079,2.0818474292755127,1.039414882659912,5.970019817352295,3.164292335510254,1.7465529441833496,1.7138910293579102,1.633161544799805,1.9144954681396484,25.36394691467285,44.95281600952149,12.2714262008667,3.0520153045654297,2.126739501953125,1.7940778732299805,2.835477590560913,1.7907652854919434,1.401409149169922,1.5185723304748535,1.6301556825637815,1.582997441291809,2.3534610271453857,1.5518690347671509,1.7524540424346924,1.6872334480285645,2.0288400650024414,27.55496025085449,1.0734318494796753,1.3383281230926514,1.058402180671692,1.0319938659667969,1.123720407485962,1.4248889684677124,1.0828990936279297,1.3889325857162476,1.0,1.156653881072998,23.62452507019043,2.0181446075439453,1.7296618223190308,2.5128397941589355,2.18796968460083,1.647919774055481,1.616921305656433,4.266324520111084,1.4821888208389282,1.4271246194839478,1.621090054512024,2.298949718475342,31.51290702819824,16.68534278869629,4.806539058685303,24.23419189453125,33.79818344116211,25.572460174560547,21.683656692504883,16.630949020385742,4.4224395751953125,64.52809143066406,54.72137451171875,55.64620590209961,35.45989227294922,12.878026008605955,3.7533843517303462,28.392921447753903,31.27057266235352,4.178323268890381,23.589296340942383,11.01137924194336,33.651573181152344,37.5974006652832,16.055227279663086,3.4152631759643555,140.1407928466797,126.99728393554688,22.601587295532227,99.8247299194336,14.128876686096191,29.651901245117188,20.53338432312012,82.51239013671875,17.040430068969727,9.759285926818848,33.8438720703125,32.83095169067383,11.826766967773438,11.819175720214844,12.606386184692385,12.358985900878906,11.813339233398438,11.53318214416504,11.127899169921877,12.073080062866213,8.682329177856445,8.071548461914062,8.280386924743652,8.295245170593262,8.621804237365723
TEST_06+5일,4.006572723388672,1.8004053831100464,6.66110897064209,5.38845157623291,1.5210117101669312,2.6867408752441406,2.050854444503784,1.1438088417053225,3.559664011001587,1.796165943145752,1.654283046722412,1.1362320184707642,1.9316891431808472,1.8190054893493648,1.6209412813186646,1.1377321481704712,2.630999088287353,1.5411585569381714,1.7160825729370115,14.827200889587402,4.309162139892578,1.502091407775879,1.8828251361846924,2.211149215698242,8.583930015563965,38.11862182617188,2.7772111892700195,46.86202239990234,4.453950881958008,1.5570127964019775,2.4282588958740234,1.813485145568848,2.120187282562256,1.734928846359253,1.9686816930770876,2.354218006134033,15.179891586303713,2.6654982566833496,2.063595533370972,11.384912490844728,6.961801052093506,1.862648844718933,2.1477622985839844,2.573042154312134,1.7545335292816162,1.7621276378631592,2.137769222259521,1.9403775930404663,1.5649532079696655,2.597034454345703,11.577499389648438,1.832093596458435,4.101015090942383,1.351771354675293,2.466459274291992,1.7839220762252808,2.0491888523101807,1.88882315158844,1.7439162731170654,2.1153910160064697,6.329057216644287,3.2991909980773926,3.630946159362793,7.0766472816467285,4.54940938949585,1.739665389060974,1.3952802419662476,1.449787139892578,1.9136027097702024,1.567161202430725,1.939835906028748,1.7895344495773315,1.309478759765625,1.523494839668274,1.9361532926559448,1.3950419425964355,1.7013028860092163,1.4617807865142822,1.6514462232589722,2.1443748474121094,1.8422664403915403,1.389318585395813,1.626238226890564,1.7015653848648071,1.9673835039138796,1.765231013298035,2.0495800971984863,1.609845757484436,2.259167194366455,2.4933180809021,45.73577499389648,1.389054775238037,2.1291632652282715,3.312555313110352,1.0062612295150757,1.6817176342010498,1.898432970046997,1.0,7.31670618057251,2.584904193878174,1.0,1.2926356792449951,1.58275306224823,1.4202498197555542,27.35841941833496,44.27731323242188,14.03494644165039,2.7172956466674805,1.3980385065078735,1.3882319927215576,2.277482032775879,2.1052818298339844,1.3583472967147827,1.6296974420547483,1.454892873764038,1.0,1.9062325954437256,1.5984710454940796,1.173850178718567,1.2672197818756104,1.7700434923171997,27.000333786010746,1.0,1.033216118812561,1.0308676958084106,1.0,1.0355160236358645,1.2925900220870972,1.0,1.14223313331604,1.044229507446289,1.035178542137146,23.298826217651367,1.9101628065109253,1.8997725248336792,2.553710460662842,1.9703468084335327,1.6823612451553345,1.4854034185409546,4.593431949615479,1.3579686880111694,1.4303637742996216,1.9305440187454224,2.3218836784362797,34.26152420043945,17.89640998840332,3.40939736366272,27.42276763916016,36.019527435302734,28.74309539794922,21.9956169128418,16.501842498779297,4.207540035247803,66.41926574707031,57.2514877319336,56.47057342529297,38.98712921142578,12.029062271118164,2.7369284629821777,30.467872619628903,32.07267761230469,3.707694530487061,24.69021224975586,9.589927673339844,37.60303115844727,41.878204345703125,16.133949279785156,2.5646297931671143,135.8498077392578,125.3952865600586,24.832067489624023,104.310791015625,12.78041172027588,30.763063430786133,18.20475578308105,89.13874816894531,13.884422302246094,6.877716541290283,34.19864273071289,32.86739730834961,10.067834854125977,9.923486709594728,10.586406707763672,10.502721786499023,10.598793029785156,10.17258071899414,9.832267761230469,10.82513427734375,7.78248929977417,7.006977558135986,6.977452278137207,7.728927135467529,8.079214096069336
TEST_06+6일,5.901366233825684,1.669036865234375,7.405826568603516,8.72313117980957,1.5397294759750366,3.1919105052948,2.6458351612091064,1.0445032119750977,4.513418197631836,1.656904697418213,1.9840728044509888,1.3591551780700684,1.885554909706116,2.275790214538574,1.783687710762024,1.1602368354797363,4.485452651977539,1.8070210218429563,2.005699634552002,16.943553924560547,7.38892650604248,1.5634151697158811,2.0004353523254395,2.5249314308166504,12.624689102172852,42.29655075073242,2.9393773078918457,47.36548614501953,6.465998649597168,2.542616844177246,3.352955818176269,2.5077404975891118,2.705437660217285,2.025705337524414,2.3323984146118164,2.9160685539245605,22.970956802368164,4.126617431640625,2.657925605773926,18.45528030395508,11.079133987426758,2.5005788803100586,2.308492660522461,3.124624252319336,2.2155990600585938,2.67605209350586,2.431974411010742,2.686767578125,1.7870380878448486,4.001865863800049,17.61406707763672,2.2777676582336426,5.719023704528809,1.81644868850708,3.101894855499268,2.012218475341797,2.2284183502197266,2.06165099143982,2.343423843383789,2.1064510345458984,11.207524299621582,4.8484392166137695,4.862859725952148,11.062423706054688,9.46710968017578,1.9021164178848269,1.5557752847671509,1.5901576280593872,2.6533989906311035,1.7494527101516724,2.046358108520508,2.202230930328369,1.6307464838027954,1.5972071886062622,2.596792697906494,1.457385540008545,1.8444467782974243,1.6492551565170288,1.6746798753738403,2.6692042350769043,2.0696840286254883,1.542000651359558,1.7866870164871216,1.6569474935531616,2.368070125579834,2.150854110717773,2.6316051483154297,1.658356785774231,2.530005931854248,3.0657453536987305,44.97527313232422,1.7328357696533203,2.40218448638916,5.73469352722168,1.011178731918335,1.808220148086548,2.0297768115997314,1.0,10.75826358795166,3.034979343414306,1.503828525543213,1.7543997764587402,2.045769453048706,1.8208603858947756,31.479251861572266,43.700660705566406,18.845365524291992,2.9281599521636963,1.7977678775787354,1.8266546726226809,2.7029097080230717,2.2649097442626958,1.3112099170684814,1.974575519561768,1.5852056741714478,1.0,2.0410876274108887,1.6075721979141235,1.803226113319397,1.652425765991211,1.4962666034698486,26.53527069091797,1.163249135017395,1.2635489702224731,1.1072725057601929,1.1316497325897217,1.036702275276184,1.499496340751648,1.1173957586288452,1.3421728610992432,1.1697964668273926,1.224406599998474,23.84688377380371,2.591865062713623,3.0005664825439453,4.155453205108643,2.552076816558838,2.3389811515808105,2.285259246826172,6.622328281402588,1.8023663759231567,1.6386266946792605,2.698176383972168,3.184680938720703,39.38591766357422,24.53034782409668,5.497654914855957,36.31209182739258,43.635589599609375,34.45207595825195,28.866884231567383,21.69132232666016,4.925241947174072,68.08399963378906,63.04083633422852,59.46650314331055,47.01887512207031,15.748952865600586,3.13859486579895,34.76300430297852,37.586273193359375,3.891760110855103,31.38825416564941,13.81166172027588,43.96287155151367,50.45231628417969,20.09178352355957,3.408217191696167,136.19126892089844,128.92005920410156,35.22276306152344,112.88362121582033,16.619192123413086,43.99485397338867,29.012859344482425,100.79485321044922,19.403696060180664,11.172221183776855,48.21841049194336,42.41087341308594,11.358875274658203,11.598167419433594,12.790321350097656,11.769548416137695,11.884159088134766,11.768455505371094,11.754800796508787,12.479764938354492,8.350252151489258,7.236558437347412,8.063902854919434,8.112605094909668,8.617090225219727
TEST_06+7일,6.9212751388549805,2.3235979080200195,8.828581809997559,11.364465713500977,2.0823590755462646,3.090509414672852,3.8514230251312256,1.9116542339324951,5.118038177490234,2.262888669967652,2.2129673957824707,1.579994559288025,2.760958433151245,2.4588871002197266,2.0066170692443848,2.211698532104492,5.611903190612793,2.4298248291015625,1.9219731092453003,20.161701202392575,11.183359146118164,1.9002116918563845,1.983372926712036,2.773633480072021,13.322951316833496,46.48061752319336,3.389150619506836,52.08588790893555,9.183019638061523,3.380653381347656,3.497077465057373,3.020298957824707,2.978038787841797,1.8008379936218262,2.290849208831787,3.423992156982422,32.81625747680664,6.194220542907715,3.0315866470336914,29.12496566772461,15.397825241088867,2.20646333694458,2.3717823028564453,3.1320385932922363,2.826401233673096,2.917477607727051,2.3492074012756348,3.505929470062256,2.040070056915283,4.639552116394043,25.435333251953125,2.3125016689300537,9.261378288269045,2.1892993450164795,3.699853420257568,2.172536849975586,2.3905529975891118,2.40586256980896,2.5644750595092773,2.273226261138916,18.53982353210449,6.557674407958984,6.647798538208008,15.216557502746582,11.160056114196776,2.1288228034973145,1.6754206418991089,1.9927066564559937,3.9135336875915527,1.7996047735214231,2.8399057388305664,2.8427205085754395,1.8308390378952024,1.763243317604065,3.1576623916625977,1.6646026372909546,1.991666913032532,2.263000965118408,1.8565059900283811,3.6717915534973145,2.6898136138916016,2.053772449493408,2.0223751068115234,2.025601863861084,2.6960787773132324,2.725095748901367,3.67374849319458,2.298910617828369,3.255534172058105,4.396695137023926,45.14103698730469,2.1029958724975586,3.3995728492736816,9.142851829528809,1.7593367099761963,2.4832003116607666,2.191162109375,1.510193943977356,16.91830062866211,4.536801338195801,2.1165244579315186,1.5410737991333008,2.235889673233032,1.868577480316162,41.83672332763672,43.89307403564453,27.586877822875977,4.053077220916748,2.6280055046081543,1.745320200920105,3.593266487121582,2.2641963958740234,1.7204344272613523,1.6896774768829346,1.704036831855774,1.158698558807373,2.484532833099365,1.9147746562957764,2.2710931301116943,2.113492012023926,2.333469867706299,26.15081596374512,1.1323119401931765,1.1214144229888916,1.094828963279724,1.0441962480545044,1.0,1.513721585273743,1.0,1.5102797746658323,1.0354949235916138,1.181190848350525,27.31928825378418,3.8674635887146,4.196450233459473,6.072524547576904,3.6530046463012695,2.6969099044799805,2.9489259719848637,9.570860862731934,2.121537208557129,1.7551277875900269,3.4949092864990234,4.041232109069824,54.452545166015625,31.016101837158203,5.105494976043701,39.69906997680664,59.22070693969727,49.731048583984375,39.91219711303711,29.37407112121582,5.428295612335205,75.40126037597656,74.4530029296875,71.4821548461914,58.1753044128418,20.11541557312012,3.034388542175293,50.61329650878906,54.1636848449707,4.390997409820557,40.54290390014648,16.647478103637695,59.22584533691406,63.7247200012207,25.59013938903809,3.133991479873657,140.21066284179688,146.84046936035156,53.68790054321289,140.72804260253906,17.89449119567871,68.59053802490234,40.64631271362305,131.8331298828125,23.883514404296875,9.219416618347168,74.31157684326172,66.31829071044922,12.051153182983398,12.451578140258787,13.78083038330078,12.544849395751951,12.498723983764648,12.626420974731444,12.64466667175293,13.60300636291504,9.334339141845703,8.527828216552734,8.954587936401367,8.860023498535156,9.29493808746338
TEST_07+1일,1.906391739845276,19.1692008972168,15.841773986816406,5.211020469665527,1.8438462018966677,1.7914098501205444,1.938136339187622,1.8390111923217771,3.724943399429321,2.0347108840942383,1.9587894678115845,2.4501893520355225,1.5510443449020386,1.7448382377624512,1.927199959754944,1.536998987197876,3.2412705421447754,2.106044292449951,1.617324948310852,48.52684020996094,2.4459879398345947,1.5215387344360352,1.802849054336548,2.1171698570251465,5.435640335083008,39.26823806762695,13.801220893859863,53.974796295166016,5.520870208740234,2.991863250732422,2.8441033363342285,2.7736945152282715,2.1167263984680176,2.441436290740967,1.878297448158264,2.910895347595215,16.814306259155273,4.302513599395752,3.0704379081726074,13.880208015441896,5.754920959472656,2.337496757507324,2.092660903930664,2.241740226745605,2.3758373260498047,2.544536590576172,2.1896190643310547,3.5268683433532715,2.2212514877319336,3.263558864593506,8.542428970336914,2.346839904785156,4.339108467102051,2.37035608291626,2.875655174255371,2.66658878326416,2.9097046852111816,2.691527843475342,2.261663913726806,2.524448871612549,7.565310478210449,10.888786315917969,3.802328586578369,8.534518241882324,2.9517388343811035,1.5997329950332642,1.5384780168533323,1.5998154878616333,2.341639518737793,1.7956503629684448,2.024012565612793,2.4820995330810547,1.6246963739395142,1.483708739280701,1.9762781858444212,1.8682337999343872,1.557576298713684,1.5603307485580444,1.5623522996902466,1.9137083292007449,1.720861315727234,1.7895992994308472,1.6367892026901243,1.58003032207489,1.8481782674789429,2.026101589202881,1.845849871635437,1.742379069328308,1.790842890739441,2.165651321411133,48.03433990478516,2.138590812683105,2.081224203109741,5.659308910369873,1.3302232027053833,2.138328790664673,1.3425177335739136,1.7160038948059082,8.60506820678711,3.3193421363830566,1.9433960914611816,1.7961196899414062,1.6242384910583496,1.6662660837173462,29.59446144104004,48.19361877441406,19.300031661987305,2.9259579181671143,1.77264404296875,2.0286970138549805,3.819209098815918,1.6710368394851685,1.7842570543289185,2.0238888263702397,1.8132457733154297,1.651388168334961,1.6813236474990845,2.029605865478516,2.016916036605835,1.70168137550354,2.4766685962677,5.266034126281738,1.078177809715271,1.255257487297058,1.204063892364502,1.09850811958313,1.2471076250076294,1.2402989864349363,1.1628109216690063,1.2253025770187378,1.3456861972808838,1.0507481098175049,24.827566146850582,3.678845882415772,3.589910984039306,3.569366931915283,1.9172066450119016,1.5410999059677124,1.8102198839187624,7.321187496185303,2.6640467643737797,2.003493309020996,2.344165802001953,2.300325393676758,5.244363307952881,10.02631664276123,10.64538288116455,62.59195327758789,13.129225730895996,6.123482704162598,6.976139068603516,4.961827278137207,3.468372344970703,12.055665969848633,12.055946350097656,12.558059692382812,8.130751609802246,5.830646514892578,3.487673044204712,8.453791618347168,8.682671546936035,2.9795422554016118,7.628845691680908,3.8152356147766113,16.90390396118164,9.97714614868164,4.461431980133057,2.039514303207397,38.78922271728516,46.53684616088867,13.540480613708496,66.90365600585938,9.77077865600586,17.355552673339844,14.233013153076172,44.35622787475586,10.167901039123535,6.451796054840088,18.18072509765625,14.981087684631348,12.827436447143556,13.040763854980469,12.95656394958496,13.448125839233398,12.686563491821287,12.709352493286133,13.500595092773438,13.694110870361328,8.329751014709473,8.607993125915527,8.928829193115234,8.664905548095703,8.593563079833984
TEST_07+2일,1.2901933193206787,15.782758712768556,7.369885444641113,2.7956743240356445,1.3846828937530518,1.415735960006714,1.387831449508667,1.746703028678894,1.984534740447998,1.7349895238876345,1.6766419410705566,2.382270097732544,2.064121961593628,1.559962272644043,1.6106005907058716,1.559929132461548,1.823866367340088,1.7808806896209717,1.1795287132263184,46.23308563232422,1.7921119928359983,1.542510986328125,1.918628931045532,2.2486283779144287,4.251754283905029,34.70696258544922,9.873147010803224,50.170780181884766,3.286513328552246,2.6307272911071777,2.404454708099365,2.2811458110809326,2.3428006172180176,2.359621524810791,2.01503849029541,2.3684041500091557,9.27272891998291,2.400213718414306,2.2446022033691406,8.28637981414795,4.077223777770996,2.52272367477417,2.040594577789306,1.843568563461304,1.984834909439087,2.218562126159668,1.967456698417664,2.676799297332764,2.1201467514038086,2.356105089187622,6.398956775665283,2.2962660789489746,2.5652077198028564,2.236647844314575,2.4620885848999023,2.446907997131348,2.5489230155944824,2.282800912857056,2.0539793968200684,2.010413646697998,5.06173038482666,6.451652526855469,3.23099422454834,5.738014221191406,2.618824005126953,1.765758395195007,1.6847440004348757,1.818168044090271,1.800728440284729,1.8006654977798462,1.830469250679016,1.7647286653518677,1.6480294466018677,1.6055303812026978,1.7731770277023315,2.0109996795654297,1.7949734926223757,1.6833771467208862,1.4997363090515137,1.7942253351211548,1.660483717918396,1.8308604955673216,1.7754215002059937,1.4329334497451782,1.7201045751571655,1.834674954414368,2.0069580078125,1.5769177675247192,1.7825125455856323,1.8154577016830444,44.88704681396485,2.131826639175415,2.152953147888184,3.348794221878052,1.8023154735565183,1.8581509590148928,1.7464163303375244,1.4356082677841189,5.139528274536133,2.364981412887573,1.9700210094451904,1.6880799531936646,1.934933423995972,1.676566243171692,19.545337677001957,46.9293098449707,12.583392143249512,2.2579381465911865,1.8086237907409668,1.8721730709075928,2.576242685317993,1.6301594972610474,1.9249446392059328,2.3081130981445312,1.806213617324829,2.174543619155884,1.3351585865020752,2.007300853729248,1.6394833326339722,1.6653406620025637,2.07574200630188,4.788935661315918,1.2398574352264404,1.0,1.0,1.1018306016921997,1.1718014478683472,1.3151862621307373,1.0,1.1869970560073853,1.313398838043213,1.2051630020141602,24.53367805480957,2.2171831130981445,2.2518749237060547,2.31360387802124,1.444769024848938,1.3198827505111694,1.5129657983779907,4.692996978759766,1.834529519081116,1.680040955543518,1.6094194650650024,1.5325051546096802,3.78314208984375,7.587203502655029,5.836478233337402,54.417816162109375,6.604337692260742,4.264509201049805,4.1208977699279785,3.49443793296814,2.4363605976104736,7.012223243713379,9.403745651245115,7.806177616119385,3.900681734085083,2.640909433364868,2.378251791000366,5.228322982788086,5.71097993850708,2.007707118988037,2.743969202041626,2.8013339042663574,10.861967086791992,4.755483150482178,2.6677582263946533,2.1057586669921875,28.515804290771484,34.795867919921875,5.73872184753418,53.95564270019531,3.80484390258789,9.870064735412598,9.237998962402344,30.752849578857425,3.779540061950684,2.398674726486206,11.518550872802734,8.71762752532959,12.38839340209961,12.987762451171877,12.198001861572266,12.619306564331056,12.29054069519043,11.975378036499023,12.668243408203123,13.07568359375,8.069411277770996,7.535379409790039,8.062517166137695,8.12141227722168,7.600675582885742
TEST_07+3일,2.359687566757202,18.264123916625977,7.495145797729492,4.025946617126465,2.159005641937256,2.143415927886963,2.468492269515991,2.2604455947875977,3.0648751258850098,2.2332334518432617,2.3634393215179443,2.60134506225586,2.5379624366760254,1.922073483467102,2.328727960586548,2.294642448425293,3.426750421524048,2.551938533782959,1.9328479766845703,44.99809265136719,2.9996895790100098,2.0951571464538574,2.490279197692871,1.963059425354004,5.099153995513916,35.16109848022461,9.44876194000244,46.81454849243164,3.1526875495910645,2.1540815830230717,2.465388298034668,2.4145569801330566,1.6434767246246338,2.2977190017700195,1.6520748138427734,2.667724847793579,6.717959880828857,2.9423184394836426,2.196070671081543,8.016646385192871,4.245097160339356,2.69476318359375,1.607211947441101,1.90390145778656,2.191333770751953,1.9136461019515991,1.8047025203704836,2.755166530609131,1.7830936908721924,2.587785005569458,6.191702842712402,2.152073860168457,2.913656234741211,2.050991535186768,2.2730557918548584,2.3461170196533203,1.9949089288711548,2.0027873516082764,2.0222256183624268,1.9403258562088013,5.28656005859375,6.444056034088135,3.0081000328063965,5.527252674102783,2.636271715164185,1.808256983757019,1.7146209478378296,1.6978365182876587,2.137948036193848,1.841666340827942,1.8978923559188845,2.1805520057678223,1.6088680028915403,1.6525932550430298,1.936231255531311,2.139122486114502,1.856371283531189,1.6976457834243774,1.6069546937942505,1.9617029428482056,1.7268153429031372,1.7555309534072876,1.645255208015442,1.724594235420227,1.7510191202163696,1.96505868434906,1.761743426322937,1.71967613697052,1.9666463136672971,2.202658176422119,42.247779846191406,1.984053134918213,2.250129461288452,3.4918365478515625,1.8739328384399412,2.106442928314209,1.7664341926574707,1.4183578491210938,6.562167167663574,2.934206962585449,1.9204978942871092,1.7569596767425537,2.0222504138946533,1.485331892967224,11.977346420288086,45.31542205810547,9.953530311584473,2.802152633666992,1.8629908561706543,2.069752693176269,3.333463668823242,1.9790358543396,1.8574988842010496,2.2816860675811768,1.780776858329773,2.033228874206543,1.9284791946411133,1.958427906036377,1.8484845161437988,2.0998082160949707,2.0031063556671143,5.5146684646606445,1.2450742721557615,1.399102807044983,1.328437566757202,1.3490240573883057,1.261189341545105,1.3424309492111206,1.133509397506714,1.33879292011261,1.3670401573181152,1.4317983388900757,25.01054954528809,2.4586195945739746,2.5412497520446777,3.034547805786133,1.9545162916183472,1.5132850408554075,1.7702797651290894,4.33286714553833,2.217583179473877,1.7353955507278442,2.191067695617676,2.0621299743652344,4.029305934906006,6.470931529998779,7.898280620574951,48.72658157348633,7.937175750732422,4.175593376159668,3.816911220550537,3.7981109619140634,2.801419734954834,6.818791389465332,9.292192459106444,6.958237648010254,4.317396640777588,3.679929494857788,2.991023302078247,4.830144882202148,5.799587249755859,2.7455241680145264,2.8673901557922363,3.690221786499024,9.314553260803224,4.305920124053955,3.233426809310913,2.3639378547668457,20.27572250366211,29.5029239654541,6.064059257507324,44.85385894775391,4.910235404968262,9.315213203430176,11.227399826049805,24.96304702758789,5.565394878387451,5.403412818908691,9.35916519165039,10.106842041015623,12.422248840332031,13.84621238708496,12.97587776184082,13.635955810546877,13.037206649780272,12.148309707641602,13.455745697021484,12.817405700683594,9.526522636413574,9.37615966796875,9.521211624145508,9.331453323364258,9.86366844177246
TEST_07+4일,1.8167729377746584,20.10687065124512,6.562036514282227,3.230125904083252,1.5987564325332642,1.627133011817932,2.0660383701324463,1.4673341512680054,2.9618589878082275,1.8713558912277224,1.880283236503601,2.1155240535736084,1.7290431261062622,1.494551181793213,1.8005379438400269,1.605582356452942,3.338102102279663,1.9329502582550049,1.3812370300292969,45.24226760864258,2.4036083221435547,1.678348422050476,1.6446253061294556,1.9551714658737185,5.175078868865967,36.40100860595703,9.369667053222656,44.12836456298828,3.573779582977295,2.6548097133636475,2.38339638710022,2.254140853881836,1.7881308794021606,2.17793869972229,1.7747327089309692,2.3135714530944824,5.201963901519775,3.1484503746032715,2.8995862007141118,7.0815110206604,3.723883628845215,2.433293342590332,1.742582082748413,1.8960665464401243,2.300851345062256,2.1449451446533203,1.8736637830734253,2.3186705112457275,2.307441234588623,2.1399054527282715,5.144273281097412,1.821454763412476,3.0686564445495605,2.146298885345459,1.9495810270309448,2.2199573516845703,2.4141287803649902,2.267350435256958,2.0236270427703857,2.260681390762329,4.51839542388916,5.878917217254639,3.0424904823303223,4.841666221618652,2.3368821144104004,1.643396019935608,1.5295089483261108,1.557242512702942,1.8594015836715696,1.6061886548995972,1.8056899309158323,1.9784587621688845,1.7116416692733765,1.498678207397461,1.7201498746871948,1.904176115989685,1.6500896215438845,1.6574033498764038,1.559548020362854,1.7565332651138306,1.713703751564026,1.7435818910598757,1.4752286672592163,1.4366317987442017,1.5576530694961548,1.903880953788757,1.707079529762268,1.5403140783309937,1.7490252256393433,1.8177005052566528,41.07025909423828,1.5504026412963867,2.0752954483032227,2.5966506004333496,1.4275599718093872,1.834111452102661,1.5379009246826172,1.486297369003296,7.038702011108398,2.442495346069336,1.5609599351882937,1.66609787940979,1.918741226196289,1.5653454065322876,10.644949913024902,43.31148910522461,8.53630256652832,2.0403683185577397,1.450164556503296,1.7201355695724487,2.64204216003418,1.868727207183838,1.9407331943511963,2.040602207183838,1.6102869510650637,1.5574287176132202,1.596024990081787,1.688852310180664,1.6903904676437378,1.468848705291748,1.6340702772140503,5.294632434844971,1.0495978593826294,1.305638551712036,1.1200065612792969,1.06010103225708,1.1437424421310425,1.3053317070007324,1.0990898609161377,1.1586050987243652,1.105084776878357,1.2006309032440186,25.90736961364746,1.856694340705872,2.4471240043640137,2.3875675201416016,1.79289448261261,1.45353901386261,1.39515483379364,3.8597097396850586,1.7236918210983276,1.70775306224823,1.9217149019241333,1.5284229516983032,3.103456974029541,4.659294605255127,5.033927440643311,45.3768310546875,6.3131208419799805,2.661980152130127,3.480348825454712,3.9121711254119873,2.8839776515960693,5.07318925857544,8.494019508361816,4.504181385040283,3.421602249145508,1.6509182453155518,2.470686912536621,3.989774227142334,4.26514196395874,2.7439472675323486,2.2591726779937744,3.987297534942627,7.308291435241699,3.300581455230713,2.4384708404541016,2.102999687194824,13.574079513549805,22.839149475097656,4.559393882751465,33.27416229248047,4.140722751617432,7.60154390335083,9.29608154296875,19.285120010375977,5.981451511383057,5.811087608337402,7.383114814758301,9.107309341430664,12.034040451049805,12.264184951782228,11.292444229125977,11.872030258178713,11.313175201416016,10.968713760375977,13.02808952331543,12.037708282470703,8.164947509765625,7.97003698348999,8.384519577026367,8.232807159423828,8.951337814331055
TEST_07+5일,1.6411248445510864,20.93172645568848,9.27145767211914,3.317143201828003,1.5874898433685305,1.412750005722046,1.8837666511535645,1.8207252025604248,2.527456283569336,2.0137763023376465,1.782690405845642,2.033290386199951,1.7064841985702517,1.664285659790039,1.9848990440368648,1.5364508628845217,3.293179035186768,2.041534423828125,1.5390552282333374,44.52787399291992,2.433990240097046,1.4981515407562256,1.569572687149048,1.903367519378662,6.904777050018311,39.234466552734375,9.000786781311035,45.5093879699707,2.881490707397461,1.925228476524353,2.2263379096984863,2.057312488555908,1.8038090467453003,2.3674769401550293,1.4877192974090576,2.186276435852051,6.183715343475342,2.467594861984253,2.058935165405273,7.228998184204102,3.2920241355896,2.0236778259277344,1.735682249069214,1.2899954319000244,1.7961766719818115,1.8601820468902588,2.072792053222656,2.402854681015014,1.6271576881408691,2.197373867034912,6.120700836181641,2.07302188873291,2.691391706466675,1.7804735898971558,2.282254457473755,1.9812487363815308,2.0354256629943848,1.974071025848389,2.135582208633423,2.34806489944458,4.98038911819458,5.007795810699463,2.9808592796325684,5.172668933868408,2.386514663696289,1.409385085105896,1.5604547262191772,1.4928815364837646,1.6704999208450315,1.6189666986465454,1.6304084062576294,1.8631442785263064,1.5523070096969604,1.5179990530014038,2.045226573944092,1.604340672492981,1.551493763923645,1.523226618766785,1.5788508653640747,1.4974896907806396,1.6554313898086548,1.4525731801986694,1.5671075582504272,1.1776976585388184,1.6260052919387815,1.8202184438705444,1.8426812887191768,1.2494330406188965,1.725467085838318,1.9236479997634888,41.55669021606445,1.4638882875442505,1.584809184074402,3.3349108695983887,1.1610004901885986,1.5257997512817385,1.2718271017074585,1.120248556137085,8.396361351013184,2.073200464248657,1.0759689807891846,1.6243152618408203,1.4739364385604858,1.1709364652633667,12.338811874389648,44.32383728027344,8.49143123626709,1.728923201560974,1.3591820001602173,1.2506932020187378,2.058228015899658,1.681615948677063,1.1609008312225342,1.447612166404724,1.4090683460235596,1.325353741645813,1.1760865449905396,1.3075611591339111,1.355844020843506,1.2126433849334717,1.6373796463012695,5.038362979888916,1.1968196630477903,1.1820414066314695,1.0569976568222046,1.0,1.195902943611145,1.0349739789962769,1.0134990215301514,1.1538810729980469,1.109528422355652,1.0749006271362305,26.70950698852539,1.8963898420333865,2.508627414703369,2.7467446327209477,1.6951032876968384,1.185152888298035,1.4198428392410278,4.020725250244141,1.8667031526565552,1.426573634147644,1.873706936836243,1.6360942125320437,3.3683183193206787,6.867105960845947,10.50861930847168,51.39795303344727,8.1801176071167,3.4056007862091064,3.7885801792144775,3.0934488773345947,2.785855770111084,9.863043785095217,11.146474838256836,7.448116779327393,6.337690830230713,2.749744415283203,2.1224868297576904,6.082300662994385,6.041516780853272,2.569732189178467,2.7082865238189697,3.3009579181671143,11.268269538879396,4.536180019378662,2.131343364715576,1.314958095550537,14.961824417114258,29.21931266784668,7.865767955780029,45.18149185180664,4.959123134613037,12.169551849365234,12.681102752685549,28.599178314208984,6.473003387451172,5.737009525299072,9.319690704345703,11.689797401428224,10.355121612548828,10.704198837280272,9.780086517333984,10.647659301757812,10.172847747802734,9.712272644042969,11.15574073791504,10.160781860351562,7.308139801025391,7.771939754486084,8.65119457244873,8.229046821594238,8.35221004486084
TEST_07+6일,2.031702041625977,21.51090431213379,16.311973571777344,6.397181510925293,2.4279494285583496,1.886894702911377,2.7516443729400635,1.890002012252808,3.4696853160858154,2.017533779144287,1.8821285963058472,1.9903736114501955,1.809912204742432,1.6827425956726074,2.062832355499268,1.7875827550888062,5.145191192626953,2.485266923904419,1.8976027965545652,47.677711486816406,3.25136947631836,1.5969340801239014,1.7715791463851929,2.3612380027771,11.368258476257324,41.6407585144043,12.308218955993652,48.79802322387695,4.9873809814453125,2.8890843391418457,2.793027877807617,2.695544719696045,2.515228509902954,2.568504571914673,1.8185839653015137,2.843197822570801,13.24852180480957,3.945272922515869,3.1565709114074707,14.23305892944336,5.601870059967041,2.655200958251953,3.0007967948913574,2.337782382965088,3.108883857727051,2.727116584777832,2.69811487197876,3.2074642181396484,2.376553535461426,3.7502851486206055,9.9703369140625,2.149807929992676,4.805161476135254,2.159127712249756,2.876586437225342,2.807404041290283,3.0512280464172363,2.482621908187866,2.77942156791687,2.9080491065979004,8.716025352478027,8.55683422088623,4.4458184242248535,8.454872131347656,2.832663059234619,1.6178842782974243,1.4808043241500854,1.50294291973114,2.1890430450439453,1.7319856882095337,1.919227957725525,2.533297061920166,1.6337546110153198,1.652049899101257,2.055711269378662,1.9721797704696653,1.5401874780654907,1.6514712572097778,1.7087663412094116,1.8923949003219604,1.6626852750778198,1.560958743095398,1.545632243156433,1.330488204956055,1.9473410844802856,2.0368452072143555,1.8670984506607056,1.55427348613739,1.83442223072052,2.292971611022949,44.090362548828125,1.449071168899536,2.303167819976806,6.278522968292236,1.812840223312378,2.064540386199951,1.5159772634506226,1.5527423620224,11.602129936218262,3.09938907623291,1.1370843648910522,2.062453031539917,1.6507277488708496,1.3458855152130127,18.718420028686523,45.1573371887207,11.036829948425291,2.911517143249512,1.813697099685669,1.8526573181152344,4.311647891998291,1.7431021928787231,1.6503512859344482,2.0004079341888428,1.7520887851715088,1.7171987295150757,1.8859457969665527,1.7499109506607056,1.510154128074646,1.7614202499389648,2.1487624645233154,5.28041934967041,1.1094601154327393,1.3178404569625854,1.263311505317688,1.0115207433700562,1.2590688467025757,1.3638012409210205,1.0806188583374023,1.223649978637695,1.2896360158920288,1.3581750392913818,26.54023742675781,3.5098838806152344,4.070957183837891,3.946230888366699,2.1732492446899414,1.7136849164962769,1.678967833518982,6.795691013336182,2.4697704315185547,1.683233380317688,2.5235371589660645,2.3537192344665527,5.389554977416992,10.711380958557127,19.35468101501465,53.58344268798828,12.023795127868652,5.139654159545898,6.687564849853516,4.532259941101074,3.051964282989502,12.208035469055176,12.748202323913574,11.065706253051758,9.4015474319458,4.819348335266113,3.538188934326172,9.162739753723145,11.283411026000977,3.6771080493927,5.5217366218566895,5.13623571395874,15.566591262817385,8.724213600158691,4.717694282531738,2.5804810523986816,17.350799560546875,33.06950759887695,14.616409301757812,55.4435920715332,9.580612182617188,18.548133850097656,18.74490547180176,38.32516098022461,10.54500675201416,10.082181930541992,14.38955783843994,17.870134353637695,11.662904739379885,12.496122360229492,11.60786247253418,12.30231475830078,11.655847549438477,11.203012466430664,13.024778366088867,11.62057876586914,8.333611488342285,8.289752006530762,8.572858810424805,8.694079399108887,8.993233680725098
TEST_07+7일,2.606606960296631,20.07225608825684,22.23786735534668,8.232048034667969,2.766164302825928,2.6565370559692383,3.14853310585022,2.145442485809326,4.9426679611206055,2.2742905616760254,2.454800128936768,2.790452480316162,1.526155948638916,2.252182960510254,2.402006149291992,2.116257667541504,5.614130973815918,3.2051596641540527,2.262322425842285,47.99044036865234,3.6107254028320312,1.9979383945465088,2.0141310691833496,2.2204689979553223,9.132761001586914,43.25359725952149,16.57961082458496,53.09894180297852,6.405942916870117,3.328181266784668,3.1948442459106445,3.142857551574707,2.6336145401000977,3.165895938873291,2.0842089653015137,3.654952526092529,21.67012596130371,5.123032093048096,3.4577369689941406,19.63113784790039,7.339640140533447,2.8844165802001958,2.655850648880005,2.3959968090057373,2.923557758331299,2.761784553527832,2.4952831268310547,4.077908992767334,2.487035751342773,4.214578628540039,11.375844955444336,2.5775246620178223,5.960055351257324,2.4834980964660645,3.0928544998168945,3.06577205657959,2.532573699951172,2.5349578857421875,2.742708444595337,2.8747339248657227,10.955151557922363,14.001428604125977,5.0518317222595215,11.087532043457031,3.5325722694396973,1.89926016330719,1.711347222328186,1.7791367769241333,2.7131118774414062,2.0460610389709477,2.224112033843994,3.0539193153381348,1.8355268239974976,1.6307703256607056,2.364243984222412,1.985803484916687,1.862540602684021,1.7868179082870483,1.7893527746200562,2.281552791595459,1.7728067636489868,1.7955430746078491,1.8359304666519165,1.5423649549484253,2.196584701538086,2.238381862640381,2.098544120788574,1.8946679830551147,2.2072815895080566,2.5540781021118164,47.05796432495117,2.099123239517212,2.852215051651001,8.631851196289062,1.8668689727783203,1.938209056854248,1.7261542081832886,1.6948528289794922,11.488794326782228,4.638901710510254,1.9479622840881348,2.005332946777344,2.263357162475586,1.5335168838500977,30.889070510864254,46.46384811401367,19.135669708251957,4.200048446655273,2.2574145793914795,1.964586973190308,5.997846603393555,2.0837414264678955,1.8796603679656985,2.321935176849365,2.200774669647217,1.7917358875274658,2.4755609035491943,2.259134531021118,2.228493452072144,2.2416224479675293,2.203587055206299,6.260822772979736,1.2820444107055664,1.311254858970642,1.2935292720794678,1.084832787513733,1.21221125125885,1.261704444885254,1.123813509941101,1.2322466373443604,1.1086328029632568,1.19349467754364,25.151769638061523,5.002981185913086,4.922207832336426,5.123229026794434,2.383838176727295,1.9339536428451536,2.0094480514526367,9.684494018554688,3.4236063957214355,2.11037826538086,2.941946506500244,3.181282997131348,6.685797691345215,13.338285446166992,20.273527145385746,61.943485260009766,17.203807830810547,7.425609588623047,8.636849403381348,4.99971866607666,3.754448652267456,14.485062599182127,12.890563011169434,14.096006393432615,10.926661491394045,7.636680603027344,3.710732936859131,10.853631973266602,13.101150512695312,2.7308356761932373,8.932241439819336,5.517657279968262,20.93727302551269,13.008594512939451,5.285881996154785,1.7692105770111084,31.982318878173828,46.98357391357422,16.50020980834961,69.70926666259766,12.132033348083496,21.8103141784668,19.20862579345703,47.802982330322266,11.82614040374756,7.400833606719971,19.29744529724121,19.77684211730957,12.185495376586914,12.972908020019531,13.008562088012695,13.10597038269043,12.752412796020508,12.189273834228516,13.586492538452148,12.67403793334961,8.95607852935791,8.974605560302734,9.394965171813965,9.427820205688477,9.040080070495604
TEST_08+1일,8.375411033630371,47.871620178222656,16.161312103271484,10.725361824035645,3.6657919883728023,3.1228363513946533,18.788698196411133,1.4637441635131836,5.252996444702148,2.0375466346740723,3.445950746536255,1.875186324119568,1.7423712015151978,1.821395754814148,1.7930749654769895,1.321847677230835,49.80253982543945,2.145219564437866,2.103106737136841,50.27290725708008,15.05081558227539,2.290853977203369,2.5231821537017822,2.8852763175964355,40.63751602172852,21.03856468200684,7.076717376708984,52.67758560180664,16.608943939208984,4.470299243927002,4.825428485870361,6.960494518280029,3.1174468994140625,2.902496337890625,2.4297776222229004,5.603341102600098,31.672513961791992,2.4859395027160645,4.046501636505127,28.79051780700684,18.326326370239254,2.8971076011657715,4.544522762298584,2.709939956665039,2.066331148147583,3.159846782684326,2.599884271621704,4.118672847747803,2.7884421348571777,4.133601188659668,15.719781875610352,2.2594070434570312,7.479969978332519,2.9979143142700195,4.401302337646484,3.448310375213623,3.564974784851074,2.7385544776916504,2.9202370643615723,2.2657699584960938,9.287775039672852,11.182204246520996,19.556549072265625,13.675393104553224,15.218029975891112,1.97921621799469,1.6984676122665403,2.681473731994629,4.905091762542725,1.5471454858779907,3.323540210723877,3.3801965713500977,2.439996719360352,2.036330223083496,5.743832111358643,1.7445558309555054,1.5201510190963743,2.883580207824707,1.6058884859085083,2.846452236175537,2.039364814758301,1.7991324663162231,2.175310611724853,4.188827037811279,2.2526817321777344,1.832286477088928,3.397665500640869,2.3589601516723637,5.329742431640625,5.336227416992188,8.242727279663086,2.165367126464844,4.011272430419922,6.634450435638428,1.404636263847351,1.7802860736846924,1.2924574613571167,1.913769483566284,16.77587127685547,6.325079917907715,2.256798505783081,1.6151864528656006,3.3158857822418213,1.7292710542678833,45.409271240234375,38.32212066650391,14.780047416687012,2.434253215789795,2.6619718074798584,1.695203423500061,2.377925395965576,1.9787490367889404,2.072197198867798,2.399423837661743,1.4750585556030271,1.8114259243011477,2.2775893211364746,2.296037197113037,2.654202461242676,2.929431200027466,1.572368025779724,27.99692726135254,1.3350653648376465,1.2062689065933228,1.0402032136917114,1.2458688020706177,1.4611326456069946,1.1950114965438845,1.4537776708602903,1.254536509513855,1.4480725526809692,1.3929134607315063,27.27919006347656,3.2788333892822266,3.637113571166992,6.240316390991211,2.121894359588623,1.667199730873108,1.904309868812561,9.121782302856444,1.350899338722229,1.8695260286331177,3.838229179382324,2.3520779609680176,7.219944953918457,2.437187433242798,73.23370361328125,74.90409088134766,18.54425048828125,2.6664438247680664,8.110555648803711,1.8682663440704343,2.702291250228882,24.78288459777832,2.730767250061035,2.594257116317749,33.05470275878906,8.211057662963867,69.42610931396484,2.924245834350586,15.900559425354004,2.717158555984497,15.684391975402832,5.995784282684326,14.292006492614746,3.051600933074951,2.906536340713501,15.34652328491211,12.985014915466309,11.964037895202637,4.369696617126465,5.824713706970215,3.857234239578247,6.88385009765625,18.034374237060547,27.990509033203125,4.428364276885986,4.585125923156738,4.311893939971924,6.287887573242188,74.8064193725586,40.77408599853516,70.27483367919922,30.812524795532227,49.74686813354492,65.16789245605469,36.4594612121582,88.96461486816406,79.40214538574219,79.53477478027344,77.03897094726562,62.77135467529297,74.80451202392578
TEST_08+2일,2.894493341445923,47.21717834472656,8.151472091674805,4.304718017578125,1.5762639045715332,1.4266128540039062,10.675769805908203,1.3732357025146484,2.588860273361206,1.465522050857544,1.0641767978668213,1.7190165519714355,1.5883187055587769,2.247036457061768,1.4179378747940063,1.0,48.0190315246582,1.173339605331421,2.210033893585205,47.45778274536133,8.974894523620605,1.455569863319397,1.7899435758590698,2.3176345825195312,31.583276748657227,14.676365852355955,3.692117214202881,50.5596809387207,8.78775691986084,2.541663408279419,2.6207854747772217,3.377488136291504,2.189059972763061,2.238332748413086,2.167403221130371,2.7308359146118164,19.11671638488769,1.5393056869506836,2.7765331268310547,16.46539878845215,9.952826499938965,2.133829116821289,2.0126500129699707,1.990208625793457,1.6289913654327393,2.208714485168457,2.012112855911255,2.354518175125122,2.443169116973877,2.8613901138305664,7.626868724822998,2.2949912548065186,3.811380386352539,2.31249475479126,2.645362377166748,3.170375347137451,2.410926103591919,1.965209364891052,2.362675189971924,2.38283371925354,4.245289325714111,5.662161350250244,10.069469451904297,7.111949920654297,7.496774673461914,1.7848509550094604,1.5898393392562866,1.8333133459091189,3.290036678314209,1.3818910121917725,2.070666790008545,2.1829867362976074,1.5628238916397097,1.5737141370773315,3.426036834716797,1.814109206199646,1.427652359008789,1.9128786325454712,1.5164281129837036,1.9632352590560915,1.7856441736221311,1.641483187675476,1.8269795179367063,2.344238758087158,1.6732224225997925,1.8529311418533323,2.444404125213623,1.7346094846725464,3.181694507598877,3.135008811950684,5.075196266174316,2.1253035068511963,2.2951369285583496,3.282278060913086,1.7021442651748655,1.4865443706512451,1.293175458908081,1.930661916732788,12.03476905822754,3.333925485610962,1.5314124822616575,1.6760104894638062,1.7871880531311035,2.0770602226257324,37.706016540527344,36.76219940185547,7.1939897537231445,1.4243159294128418,1.6156563758850098,1.7611653804779053,1.6693527698516846,2.0893805027008057,1.6668331623077393,1.969799280166626,1.3985040187835691,1.405771255493164,1.8045605421066284,1.6676437854766846,1.662835955619812,1.6750915050506592,1.6144568920135498,28.605159759521484,1.2396951913833618,1.2724753618240356,1.0226292610168457,1.0,1.0632076263427734,1.0259133577346802,1.0127161741256714,1.237203598022461,1.2215626239776611,1.2517054080963137,27.33888053894043,1.8195863962173464,2.069246292114258,3.188793182373047,1.399319052696228,1.0,1.1824572086334229,4.133802890777588,1.1436368227005005,1.1829098463058472,1.8411418199539185,1.1239882707595823,1.0,1.6209652423858645,77.6393814086914,76.7622299194336,6.338852882385254,1.879355192184448,2.876169204711914,2.175845146179199,1.1968443393707275,9.115032196044922,1.8083760738372805,2.023717164993286,17.696611404418945,1.9668633937835691,72.32828521728516,2.0218424797058105,5.318528652191162,1.5905416011810305,5.29623556137085,2.191777467727661,4.563508033752441,1.816336154937744,1.736792802810669,4.411194324493408,1.922406554222107,1.0,1.99170446395874,1.0,1.3423573970794678,1.0,2.329277515411377,6.651379585266113,2.582075834274292,2.6920881271362305,1.0,1.4342366456985474,56.995418548583984,24.06709098815918,53.56260299682617,17.154314041137695,30.71833610534668,46.47460174560547,21.90529441833496,92.4054183959961,71.76142120361328,80.33820343017578,76.38874053955078,54.06696701049805,63.40270614624024
TEST_08+3일,3.452008008956909,47.31243896484375,4.553360939025879,2.5785748958587646,2.495434522628784,2.6325314044952397,11.348130226135254,2.307664394378662,3.2325658798217773,1.80415141582489,2.254586696624756,1.995871901512146,1.8716676235198972,2.148181915283203,1.865861177444458,1.6618144512176514,47.00251007080078,2.075144052505493,2.868701696395874,45.53618621826172,9.125784873962402,2.1588473320007324,2.445975542068481,2.366150379180908,28.23928451538086,14.097955703735352,3.5562100410461426,48.20829772949219,6.265719890594482,3.0002317428588867,2.375582695007324,2.7867822647094727,2.1963119506835938,2.3347387313842773,1.9327553510665891,2.473933219909668,12.531517028808594,1.5783618688583374,2.6477303504943848,10.615275382995604,7.903384208679199,1.9403693675994875,1.7720292806625366,1.7072031497955322,1.5733375549316406,1.8644596338272093,1.999263882637024,2.2618865966796875,2.114260196685791,2.64600133895874,6.343918800354004,2.052145004272461,3.971622467041016,2.60660171508789,2.3900744915008545,2.7306361198425293,2.018388271331787,1.8995131254196167,1.9582326412200928,1.9931507110595703,3.9033398628234863,4.202564716339111,7.635251045227051,5.555240154266357,5.276710510253906,1.8681498765945437,1.684106469154358,2.027545928955078,3.2105355262756348,1.35093355178833,2.370652198791504,2.239200592041016,1.6668704748153689,1.6968003511428833,3.08709716796875,1.796904683113098,1.789683222770691,2.1244521141052246,1.493116855621338,2.053807258605957,1.8672839403152464,1.926291823387146,1.8934518098831177,2.2193408012390137,1.7333029508590698,1.984723687171936,2.6465115547180176,1.899712920188904,3.407958030700684,3.285223960876465,5.784055709838867,1.8407628536224363,2.29034161567688,2.965625286102295,1.769455075263977,1.6052262783050537,1.0,1.6292461156845093,9.902935028076172,2.849266290664673,1.760316252708435,1.5892788171768188,1.9569790363311768,1.8568711280822756,29.33845329284668,30.14374542236328,4.367533206939697,1.9452879428863523,1.6623865365982056,1.8739440441131592,2.015991687774658,1.835214614868164,1.7483350038528442,2.081516027450561,1.0626212358474731,1.6862107515335083,1.7820171117782593,2.05616307258606,1.785415768623352,1.8930692672729488,1.5370769500732422,26.473678588867188,1.605117678642273,1.3720088005065918,1.016875982284546,1.2975680828094482,1.3035247325897217,1.349466323852539,1.3132954835891724,1.3270524740219116,1.335588455200195,1.704588532447815,27.50239944458008,1.9048646688461304,2.1549839973449707,3.000821590423584,1.6032713651657104,1.3814224004745483,1.3556057214736938,3.5056066513061523,1.455053687095642,1.5041757822036743,2.08648681640625,1.3707480430603027,3.547924757003784,2.23282241821289,78.23729705810547,77.55643463134766,5.297462463378906,2.736861228942871,4.713327884674072,2.931556701660156,2.1356394290924072,5.399521350860596,3.2934012413024902,2.801727771759033,10.617986679077148,3.2053115367889404,77.07820129394531,2.8220467567443848,4.533316135406494,2.220371723175049,4.492213726043701,3.027137517929077,5.396690368652344,2.9307186603546143,2.87766170501709,5.197366237640381,3.918325662612915,2.190258502960205,4.996765613555908,3.885902643203736,3.7150936126708975,3.792286157608032,2.9106340408325195,1.0,4.083989143371582,4.6372480392456055,2.6673505306243896,4.903482913970947,46.871131896972656,18.945980072021484,38.8945198059082,16.263919830322266,24.788789749145508,35.13795471191406,18.83734703063965,92.70765686035156,66.91747283935547,76.02007293701172,76.60517883300781,49.776275634765625,53.57515335083008
TEST_08+4일,3.263456106185913,49.06686401367188,4.390408515930176,2.4257051944732666,1.6730833053588867,2.0818090438842773,11.531010627746582,1.2276504039764404,2.773679733276367,1.3560296297073364,1.7879111766815186,1.5111525058746338,1.7932525873184204,1.95658016204834,1.5932155847549438,1.1570191383361816,47.7161750793457,1.0355160236358645,2.209582090377808,45.81672286987305,9.142563819885254,1.188429594039917,2.0226492881774902,2.00052809715271,27.83766365051269,13.315547943115234,3.8389534950256343,47.10550308227539,6.463460922241211,2.94462251663208,2.3160624504089355,2.5221023559570312,2.100605010986328,2.0485167503356934,2.085026741027832,2.7640538215637207,10.18346881866455,1.906096339225769,2.0943679809570312,9.33724594116211,7.245200634002685,2.0671842098236084,1.7505134344100952,1.7778716087341309,1.422277331352234,2.0723214149475098,1.7600024938583374,2.2074711322784424,2.123983383178711,2.211090564727783,5.888020515441895,2.0651779174804688,3.6117935180664062,2.1913111209869385,1.960761785507202,1.805233597755432,2.2527801990509038,1.8648003339767456,1.822621703147888,1.7879581451416016,3.6757287979125977,4.178122043609619,7.662942409515381,5.614712238311768,5.115012645721436,1.705853819847107,1.6306558847427368,1.7935947179794312,2.862134456634521,1.324819564819336,2.3948416709899902,1.9626342058181765,1.5238794088363647,1.4859710931777954,2.757567882537842,1.6620947122573853,1.4707789421081543,1.7714322805404663,1.3629369735717771,1.988580584526062,1.614630103111267,1.5300978422164917,1.81987988948822,1.90520441532135,1.5884209871292114,1.737817406654358,2.4167752265930176,1.6370846033096311,3.068437099456787,3.0459303855896,4.656495571136475,1.4794960021972656,1.6152098178863523,2.655362367630005,1.4381211996078491,1.0,1.0,1.0030759572982788,9.83647632598877,2.366418838500977,1.232966423034668,1.3334646224975586,1.6604341268539429,1.459873080253601,26.44394874572754,27.7471866607666,4.532270431518555,1.4915871620178225,1.676211714744568,1.7171330451965332,1.65636146068573,1.387293577194214,1.6626100540161133,1.7234727144241333,1.0,1.310364007949829,1.7326244115829468,1.5557693243026731,1.1749794483184814,1.514262318611145,1.0,25.579891204833984,1.4565788507461548,1.0450972318649292,1.0,1.0425230264663696,1.1210613250732422,1.267566204071045,1.0266849994659424,1.0,1.1836227178573608,1.41444194316864,27.47142791748047,1.585349202156067,1.9773913621902464,2.794320106506348,1.151479959487915,1.32184636592865,1.280143976211548,3.3736085891723637,1.0835609436035156,1.0661416053771973,1.6629334688186646,1.4625962972640991,2.760000705718994,1.3778125047683716,77.6552734375,75.78844451904297,6.140640735626221,1.83298921585083,3.837055206298828,1.7810771465301514,1.838076114654541,6.529048442840576,2.1850714683532715,2.956965208053589,9.98465633392334,2.872795820236206,80.8447494506836,2.18106746673584,4.9688825607299805,1.7030658721923828,4.143863677978516,2.6504738330841064,5.004701614379883,2.403189182281494,2.427093029022217,4.604079246520996,3.397026538848877,2.611578226089477,3.940816640853882,3.310886144638061,4.1723456382751465,2.720421314239502,1.0,1.0,3.855118989944458,3.6567306518554688,3.8410494327545166,3.4531562328338623,39.16570663452149,15.813379287719728,31.21965980529785,16.920055389404297,21.319076538085938,28.15384292602539,17.21407127380371,89.78003692626953,65.74971008300781,72.76763916015625,79.05516815185547,51.345481872558594,50.652828216552734
TEST_08+5일,4.1976318359375,49.04696273803711,5.262988090515137,3.556950092315674,1.865772366523743,2.2628040313720703,12.028624534606934,1.450689673423767,3.2860195636749268,1.4437601566314695,1.8065752983093264,1.7178921699523926,1.6806144714355469,1.895086646080017,1.494429588317871,1.4268029928207395,47.94963455200195,1.9184787273406985,2.2441530227661133,46.71738052368164,10.215599060058594,1.6620479822158811,2.273979663848877,2.330120325088501,29.16656494140625,14.576973915100098,3.4658002853393555,47.51485443115234,6.923724174499512,2.6054415702819824,2.7393240928649902,3.100752353668213,2.192922830581665,1.9137442111968996,1.963818907737732,2.5160012245178223,12.463942527770996,1.087000846862793,2.245356559753418,10.785599708557127,7.937975883483887,1.9219505786895752,2.2027041912078857,1.6722060441970823,1.3962081670761108,1.69510018825531,1.3579423427581787,2.1354596614837646,1.764256715774536,2.0758419036865234,6.6507954597473145,2.0761542320251465,3.5023083686828613,1.8119497299194336,2.4401562213897705,2.271648406982422,1.8057234287261963,1.7080599069595337,1.7266507148742676,2.066251277923584,3.404219150543213,4.155755519866943,8.428228378295898,6.120451927185059,5.803558826446533,1.5452960729599,1.301829218864441,1.7371989488601685,2.839092254638672,1.391976833343506,2.374717235565185,2.2831106185913086,1.474291443824768,1.6490176916122437,3.0987772941589355,1.598044514656067,1.3738791942596436,1.884811758995056,1.368159294128418,2.04996109008789,1.5938104391098022,1.6215630769729614,1.7580240964889526,2.135294914245605,1.6641827821731567,1.85202157497406,2.5723795890808105,1.6691440343856812,3.0434226989746094,3.126405715942383,4.973156452178955,1.0409648418426514,1.593555569648743,2.3370249271392822,1.0,1.097726345062256,1.0,1.092209815979004,10.435208320617676,2.478585958480835,1.3208030462265017,1.0,1.2866512537002563,1.3526862859725952,28.973464965820312,28.208126068115234,4.489539623260498,1.2742271423339844,1.1172033548355105,1.2897056341171265,1.1446647644042969,1.0,1.1637756824493408,1.3262724876403809,1.0,1.0,1.5181502103805542,1.4526479244232178,1.0067263841629028,1.25840425491333,1.0,26.01041030883789,1.3771889209747314,1.0131351947784424,1.0,1.0,1.0754494667053225,1.0,1.333216428756714,1.0,1.2076363563537598,1.4006997346878052,27.04745864868164,1.7362576723098757,1.9923678636550903,2.921627998352051,1.4720896482467651,1.1798917055130005,1.2684420347213743,3.930082321166992,1.0192826986312866,1.3654756546020508,2.01865291595459,1.3525159358978271,2.3407044410705566,1.2731311321258545,74.78143310546875,73.85566711425781,5.341920852661133,1.8043508529663088,3.633702039718628,1.5717737674713137,1.8707592487335205,7.222198486328125,2.1100430488586426,2.053065538406372,12.039432525634766,2.359538555145264,75.3165512084961,1.9720466136932373,4.514587879180908,1.198434352874756,4.155686855316162,2.6298863887786865,4.354389667510986,1.4038647413253784,1.5141503810882568,5.49014139175415,1.5075631141662598,1.0,3.9033901691436768,4.328054428100586,2.598744630813598,1.596032977104187,2.311686515808105,1.6220403909683228,3.761867046356201,3.2052865028381348,3.130656719207764,2.560844898223877,44.13715744018555,17.06315803527832,35.53898239135742,16.267789840698242,24.665685653686523,32.42478561401367,18.578044891357425,84.11564636230469,67.69886779785156,71.09276580810547,76.3467025756836,54.1070671081543,54.22282791137695
TEST_08+6일,7.600452423095703,48.89625930786133,9.255766868591309,7.615620613098144,3.2176125049591064,4.013978481292725,17.252347946166992,1.7800922393798828,6.275789260864258,1.7040842771530151,3.214562177658081,2.258971691131592,1.8702603578567505,2.111724376678467,1.897345304489136,1.5480915307998655,47.81941223144531,2.126852035522461,2.709260940551758,48.50461196899414,15.321309089660645,2.142612934112549,2.597325086593628,3.0145974159240723,32.94820022583008,20.52323532104492,6.801339149475098,50.40194320678711,11.651308059692385,4.116759777069092,4.4599456787109375,5.634362697601318,2.9923133850097656,2.5386717319488525,2.512592315673828,4.426473140716553,20.480592727661133,1.8742172718048096,3.756606578826904,16.382966995239258,13.401787757873535,2.57542085647583,3.945199966430664,2.554471015930176,2.1304543018341064,3.214536190032959,2.2081165313720703,3.71955680847168,2.4168009757995605,3.557006359100342,10.06544303894043,2.912561416625977,7.175341606140137,2.9472694396972656,4.018820285797119,3.411933422088623,3.124388694763184,2.376341819763184,2.742863416671753,2.428140163421631,6.795479774475098,7.561917781829834,11.896307945251465,9.75970458984375,9.586294174194336,1.9040344953536987,1.6159504652023315,2.542867660522461,3.8007521629333496,1.4428752660751345,2.80080509185791,3.021270275115967,2.0939159393310547,1.9857810735702517,4.672247886657715,1.8673151731491089,1.7264786958694458,2.624539375305176,1.5621272325515747,2.8653159141540527,1.8437780141830444,1.8936861753463743,2.354285717010498,3.033886432647705,1.8720535039901731,2.109046936035156,3.4135727882385254,1.888245940208435,3.943002700805664,4.344559192657471,9.359383583068848,1.859307050704956,3.1411633491516118,4.575425624847412,1.3593729734420776,1.5783970355987549,1.047162652015686,1.6714688539505005,13.333500862121582,4.3842878341674805,2.2429358959198,1.2086405754089355,1.9380981922149656,1.5379234552383425,33.81687545776367,27.271987915039062,7.8034348487854,1.843862771987915,1.6688326597213743,1.7001017332077026,1.915379762649536,1.38687264919281,1.64296555519104,1.9163551330566408,1.0835202932357788,1.3798855543136597,1.6099162101745603,1.6996029615402222,1.8729698657989504,2.2518115043640137,1.3006821870803833,25.311378479003903,1.3899492025375366,1.19054114818573,1.0631657838821411,1.1557430028915403,1.4225646257400513,1.2778832912445068,1.2919156551361084,1.1305537223815918,1.358739733695984,1.7297080755233765,26.020980834960938,2.820730686187744,2.884942054748535,5.116616249084473,1.9429658651351929,1.8059626817703247,1.8132630586624143,6.722280502319336,1.1051973104476929,1.812287211418152,3.075136661529541,1.812653660774231,6.630209445953369,2.2535414695739746,71.52876281738281,73.28155517578125,12.45801830291748,2.86503529548645,8.810751914978027,2.1823511123657227,2.648082971572876,13.375527381896973,3.610708236694336,3.114915370941162,17.499195098876953,6.379537582397461,70.59097290039062,2.5043747425079346,10.284022331237791,2.314967393875122,9.280818939208984,5.841651439666748,11.867960929870604,3.30132269859314,2.5697638988494877,12.226263999938965,6.15148401260376,5.8340349197387695,5.712015151977539,6.492675304412842,5.907101154327393,5.988776683807373,10.504838943481444,14.788093566894531,5.319068908691406,5.587710857391357,5.34487771987915,5.539631843566895,54.21619415283203,24.59502220153809,46.50475311279297,23.612436294555664,35.059593200683594,44.779544830322266,28.991382598876957,82.40797424316406,71.78469848632812,71.34134674072266,74.01354217529297,60.54279708862305,60.21236801147461
TEST_08+7일,12.01659107208252,48.10340881347656,15.904149055480955,13.13153839111328,5.421955108642578,5.252474784851074,22.99496078491211,2.097872734069824,9.205899238586426,2.739896535873413,5.021487236022949,2.6456243991851807,2.1179909706115723,2.59276819229126,2.158531188964844,2.313593626022339,48.988895416259766,3.73760986328125,3.2396554946899414,49.50896453857422,19.59785270690918,3.022612810134888,3.3267550468444824,4.174654483795166,41.63170623779297,25.56423568725586,10.53365707397461,53.22933197021485,19.64708709716797,6.447577476501465,6.3716020584106445,9.410624504089355,4.222891330718994,3.675045967102051,3.044341564178467,7.363490581512451,33.044189453125,2.3894951343536377,6.1424760818481445,29.419004440307617,22.09996032714844,3.965653419494629,6.4537200927734375,3.075122356414795,2.956296443939209,4.302213668823242,2.972186088562012,4.719820976257324,2.9802494049072266,5.693426132202148,18.17574882507324,3.069276809692383,9.751375198364258,3.504128932952881,5.706663608551025,4.266342639923096,4.407634258270264,3.5115976333618164,3.149813175201416,2.982764720916748,11.79490089416504,13.194008827209473,20.934192657470703,15.95953369140625,16.769357681274414,2.498554229736328,1.9547828435897827,3.4953904151916504,5.621642112731934,1.8322588205337524,4.352254390716553,4.4999098777771,2.944295883178711,2.620110988616944,7.386180877685547,2.0547304153442383,1.994834065437317,3.833524227142334,2.096735000610352,3.859129905700684,2.418497085571289,2.3553524017333984,2.777891159057617,5.403613090515137,2.8905563354492188,2.6392040252685547,4.410016059875488,2.7845101356506348,6.146704196929932,6.684139251708984,11.41616439819336,2.490947723388672,5.365443229675293,8.664078712463379,2.182461977005005,2.5322186946868896,1.763275384902954,2.040457963943481,17.202171325683594,8.10482406616211,3.2071359157562256,1.756511092185974,4.153872013092041,2.12831711769104,42.94529724121094,31.203310012817383,15.55356216430664,3.527262687683105,3.2082161903381348,2.3194384574890137,3.707345962524414,2.3194894790649414,2.660963535308838,3.2482476234436035,1.7293473482131958,2.378981828689575,2.77774715423584,2.880403995513916,3.365644216537476,3.380763530731201,2.047729969024658,25.931394577026367,1.2240934371948242,1.090889811515808,1.2455326318740845,1.3841426372528076,1.4714144468307495,1.4467281103134155,1.420845627784729,1.483566164970398,1.6169885396957395,1.914322018623352,26.454214096069336,4.430571556091309,4.538694858551025,7.699437618255615,2.836443901062012,2.051327705383301,2.5204548835754395,10.863649368286133,1.4568082094192505,2.239577293395996,5.118091583251953,3.0225510597229004,11.342373847961426,3.71690034866333,71.4043960571289,72.70482635498047,22.53603744506836,3.640247344970703,13.371724128723145,3.0457353591918945,4.132745742797852,27.574932098388672,4.103641986846924,3.092954635620117,31.02486228942871,12.653904914855955,66.75823974609375,3.3433074951171875,20.332550048828125,3.640405178070069,19.221515655517575,9.955349922180176,21.434497833251957,4.239585876464844,4.136164665222168,21.137901306152344,15.114908218383787,13.556827545166016,3.987086296081543,8.520511627197266,4.354063987731934,10.622112274169922,23.52553367614746,33.156768798828125,6.239296436309815,5.213356018066406,4.863097667694092,8.858771324157715,73.80745697021484,45.634891510009766,66.38236236572266,36.68416976928711,54.37138748168945,64.2091064453125,43.82802963256836,82.14152526855469,78.17964172363281,73.63040161132812,72.67427825927734,68.12262725830078,70.80950927734375
TEST_09+1일,8.43183422088623,48.80781555175781,11.61742115020752,6.341069221496582,1.6386384963989258,3.301074504852295,20.82069206237793,1.8612140417099,4.8434343338012695,1.9965050220489504,1.7642416954040527,2.0956673622131348,2.0233964920043945,4.014745712280273,20.848588943481445,2.4666836261749268,47.121673583984375,2.3172004222869877,2.639443635940552,48.231590270996094,29.133230209350582,2.311905860900879,1.9592748880386357,2.499654531478882,5.137815952301025,52.19733428955078,5.857352256774902,8.168277740478516,9.04570198059082,3.156442165374756,2.6059250831604004,3.394047260284424,2.263546943664551,2.3240675926208496,2.462714910507202,2.412289619445801,29.828956604003903,2.0125949382781982,3.1127047538757324,24.54428482055664,12.94549560546875,2.572631359100342,3.121908664703369,1.8147019147872925,2.0377774238586426,2.020663261413574,3.068286418914795,2.78852653503418,2.567265510559082,1.957294225692749,14.367962837219238,2.43159818649292,7.096259117126465,2.358647584915161,2.9930591583251958,2.4398856163024902,3.098926544189453,2.7528774738311768,2.465000629425049,1.9207959175109863,6.441752910614014,7.624401569366455,16.621524810791016,13.695863723754885,8.896108627319336,1.9068411588668823,2.0763096809387207,1.9084995985031128,4.183130264282227,1.68342387676239,2.17728853225708,2.7651267051696777,1.961518406867981,1.7166393995285034,2.210371494293213,1.8325115442276,1.9982861280441284,2.014645576477051,1.60490620136261,2.75319242477417,1.8747881650924685,1.725258708000183,2.2305054664611816,2.5885157585144043,3.804060935974121,2.60194730758667,2.7588486671447754,1.9173232316970823,2.991364002227783,3.577579498291016,5.9945478439331055,1.738447189331055,3.107705354690552,6.1351399421691895,1.7186352014541626,1.6087652444839478,1.439858317375183,1.290541648864746,24.698604583740234,2.2317094802856445,1.8722987174987795,1.0,3.0749049186706543,1.494563341140747,49.0085334777832,41.73273849487305,18.776050567626957,3.4317777156829834,2.4769444465637207,1.7349820137023926,3.4220566749572754,1.5257394313812256,1.554714560508728,1.93530797958374,1.954422235488892,1.7265141010284424,1.8852035999298096,1.7680952548980713,2.4463675022125244,1.8006786108016968,1.4303803443908691,15.599929809570312,1.8229566812515257,1.4612926244735718,1.0,1.7074631452560425,1.3928478956222534,1.200358271598816,1.1233538389205933,1.4509681463241575,1.0,1.0964897871017456,27.61990165710449,2.468082427978516,1.5828851461410522,4.191730499267578,1.9922956228256223,1.2064502239227295,1.5712631940841677,5.19126033782959,1.4868968725204468,1.2379987239837646,2.8824024200439453,1.3249614238739014,10.197394371032717,3.2051005363464355,74.40729522705078,75.08975982666016,14.581815719604492,2.900395154953003,10.252260208129885,2.1752281188964844,1.6472769975662231,24.85612678527832,2.327252149581909,2.6855101585388184,35.52576446533203,8.03749942779541,9.591108322143556,2.327886819839477,9.569480895996094,2.3747990131378174,10.806782722473145,4.523531913757324,11.179769515991213,2.5211100578308105,2.39383316040039,12.101277351379396,7.421527862548828,7.508758544921875,5.225135326385498,46.664588928222656,4.386812686920166,15.079926490783691,22.78026962280273,35.0890007019043,6.790266990661621,5.025142669677734,5.156351566314697,8.376763343811035,38.761451721191406,22.66970443725586,43.531856536865234,18.48820686340332,27.47069549560547,35.075157165527344,19.775320053100582,91.74667358398438,43.94157409667969,72.43087005615234,75.14905548095703,31.761768341064453,44.828983306884766
TEST_09+2일,2.985896348953247,48.49127197265625,4.773301124572754,2.4371726512908936,1.3450740575790403,1.527639389038086,14.081599235534668,1.4991137981414795,1.959497332572937,1.353305459022522,1.4046509265899658,1.425054907798767,1.7482539415359497,2.0729212760925293,11.327752113342283,1.4020313024520874,47.21713638305664,1.5507657527923584,1.2177529335021973,46.87906265258789,22.975814819335938,1.5275031328201294,1.1622719764709473,1.9145972728729248,3.3566737174987797,49.87343215942383,2.814062595367432,4.712628364562988,4.770998477935791,2.182128429412842,1.5603398084640503,1.90594494342804,1.9515994787216189,2.08475112915039,2.3731722831726074,1.5881948471069336,17.882675170898438,2.02620530128479,2.260657787322998,13.653159141540527,5.931621551513672,1.6705446243286133,1.5150330066680908,1.878034830093384,2.0117197036743164,1.4034799337387085,2.1115503311157227,1.6864655017852783,2.1322031021118164,1.668815016746521,7.584496021270752,2.1071653366088867,3.3818092346191406,1.702035665512085,1.8713845014572144,1.617401123046875,2.1492488384246826,1.7252230644226074,2.0193936824798584,2.00093936920166,2.846374034881592,3.72978401184082,9.418434143066406,8.320557594299316,3.4718871116638184,1.445734977722168,1.4520825147628784,1.6154862642288208,3.0515332221984863,1.5458534955978394,1.7780882120132446,1.7031759023666382,1.5672892332077026,1.7002390623092651,1.7050849199295044,1.3346964120864868,1.7419201135635376,1.5024288892745972,1.3083503246307373,1.7297130823135376,1.675538420677185,1.6117314100265503,1.658742070198059,2.033872604370117,2.9092516899108887,1.7564533948898315,2.1468520164489746,1.611878752708435,1.9854103326797483,2.7866640090942383,4.375115394592285,1.863147258758545,2.1192522048950195,2.6642251014709477,1.4349195957183838,2.1144003868103027,2.1648213863372803,1.1462960243225098,17.322629928588867,1.9660313129425049,1.4883476495742798,1.2392314672470093,1.7244714498519895,1.3721082210540771,45.4677963256836,37.997169494628906,10.66785717010498,2.0482499599456787,1.7459814548492432,1.7906666994094849,2.319808006286621,1.6125215291976929,1.643441915512085,1.5029324293136597,1.779166579246521,1.7500181198120115,1.6568636894226074,1.5921329259872437,1.590550661087036,1.9887425899505613,1.594329595565796,9.342118263244627,1.3613958358764648,1.0,1.0,1.51225745677948,1.0697941780090332,1.0,1.0435630083084106,1.137179255485535,1.0,1.076324462890625,27.17200088500977,1.5425552129745483,1.1346588134765625,2.175954818725586,1.115572810173035,1.1911861896514893,1.329127550125122,3.0715785026550293,1.381314754486084,1.0,1.475070595741272,1.0699650049209597,3.862286806106568,2.0529518127441406,74.73603820800781,78.54325103759766,5.463607311248779,1.568589687347412,2.6725430488586426,1.8414554595947263,1.0,10.953326225280762,1.7330214977264404,2.0916640758514404,19.32501792907715,2.13509464263916,4.4435014724731445,1.5878808498382568,2.680894136428833,1.251752257347107,3.4951171875,2.0910818576812744,1.733494758605957,1.7022459506988523,1.0,4.102283000946045,1.0,1.448787808418274,3.41274642944336,17.193260192871094,1.0,2.270965576171875,5.258060455322266,12.098828315734863,1.0,2.0118024349212646,1.659315824508667,3.631707191467285,23.031774520874023,14.082836151123049,26.35858726501465,12.49018669128418,16.25046157836914,20.608287811279297,12.993255615234377,82.69029235839844,28.40097427368164,61.10902786254883,70.26290130615234,18.443878173828125,28.862058639526367
TEST_09+3일,2.5091631412506104,47.005069732666016,3.6994469165802,2.599977970123291,1.870952844619751,2.217496156692505,14.043902397155762,1.755882978439331,2.8356502056121826,1.8033963441848757,1.7463434934616089,1.9268531799316408,2.0519487857818604,2.5547940731048584,6.730461120605469,2.312105655670166,47.19266891479492,2.0821776390075684,2.1720662117004395,46.15647888183594,23.177021026611328,2.167377471923828,2.329122543334961,1.4720406532287598,3.3090195655822754,49.65332412719727,2.654915332794189,4.26131010055542,3.5368857383728027,1.7941701412200928,1.0498411655426023,1.5338232517242432,1.6028034687042236,1.893917679786682,1.8586562871932983,1.5934966802597046,10.412673950195312,1.4450074434280396,2.173125743865967,8.264723777770996,3.2084507942199707,1.1530287265777588,1.717622995376587,1.599137306213379,1.483229637145996,1.3225862979888916,1.3849973678588867,2.046381950378418,1.8806416988372805,1.2820777893066406,5.715012073516846,1.6890108585357666,2.488487958908081,1.544895887374878,1.4288474321365356,1.8883118629455569,2.4356236457824707,1.5316287279129028,1.5544352531433103,1.3929452896118164,1.8108400106430051,2.585883140563965,5.416110992431641,7.308780670166016,2.4441885948181152,1.509713053703308,1.5261255502700806,1.5848244428634644,3.2047061920166016,1.694029450416565,1.8946186304092407,1.6241463422775269,1.6053465604782104,1.731305718421936,1.757197022438049,1.6733022928237915,1.998980164527893,1.7297135591506958,1.408661961555481,1.820778250694275,1.6389714479446411,1.7773903608322144,1.8051389455795288,1.8627690076828003,3.1414694786071777,1.891656279563904,2.1012587547302246,1.8313525915145876,1.939221739768982,2.7493481636047363,3.820221900939941,1.7800441980361938,2.070152521133423,2.735389947891236,1.3520631790161133,1.9674758911132808,1.935570478439331,1.076661467552185,12.749279975891112,2.090258836746216,1.3042480945587158,1.130907654762268,1.7312030792236328,1.3262382745742798,40.34029769897461,32.60896301269531,5.882668972015381,2.0569968223571777,2.039133787155152,1.7130011320114136,2.2802867889404297,1.4056135416030884,1.6676766872406006,1.3354041576385498,2.1990807056427,1.4596837759017944,1.6216952800750732,1.705192804336548,1.4795514345169067,1.8986611366271973,1.4920330047607422,6.633449077606201,1.6930702924728394,1.537868618965149,1.1949307918548584,1.6614221334457395,1.3718745708465576,1.2238082885742188,1.400692105293274,1.3124547004699707,1.0077813863754272,1.3120224475860596,26.508169174194336,1.7550677061080933,1.3652547597885132,2.22170352935791,1.4028202295303345,1.4068924188613892,1.6803351640701294,2.735889434814453,1.5046545267105105,1.4142690896987915,1.7656556367874146,1.0578651428222656,3.300408363342285,2.31652307510376,73.62895202636719,79.37922668457031,3.883899927139282,1.9676055908203125,3.123488426208496,1.952406406402588,1.7658541202545166,4.879618644714356,1.873615026473999,2.4480860233306885,10.97232151031494,2.3210432529449463,3.9691646099090576,1.914670467376709,1.8630282878875728,2.3170270919799805,2.9451169967651367,2.19377875328064,2.3355648517608643,2.622370481491089,1.8939471244812007,2.8858389854431152,3.543577194213867,6.271206378936768,5.162508487701416,12.514057159423828,4.0081987380981445,3.3263628482818604,1.595488429069519,5.545916557312012,3.607213497161865,2.999448299407959,4.653814792633057,4.378457069396973,15.374357223510742,12.17111587524414,17.559988021850586,12.54194450378418,13.698846817016602,14.971736907958984,12.294315338134766,74.5798568725586,16.798391342163086,51.30962371826172,61.05580139160156,13.978652000427246,17.630043029785156
TEST_09+4일,2.824274778366089,48.274452209472656,4.188181877136231,2.5374343395233154,1.3294941186904907,2.121979236602783,15.85032081604004,1.3621442317962646,2.0306930541992188,1.2503983974456787,1.5205683708190918,1.5248239040374756,1.6805845499038696,2.397986888885498,6.566208839416504,1.8237868547439573,49.71663284301758,1.528518795967102,1.7068077325820925,48.24895095825195,25.579626083374023,1.5896811485290527,1.4180550575256348,1.7096586227416992,3.341114997863769,48.659912109375,2.316451072692871,3.83685827255249,3.9673352241516113,1.7655799388885498,1.3412195444107056,1.6638658046722412,1.388169527053833,1.942340970039368,2.2388808727264404,1.6354902982711792,9.205568313598633,1.6511962413787842,2.046996593475342,8.005139350891113,3.610666275024414,1.305194854736328,1.507059931755066,1.5614240169525146,1.4175151586532593,1.7381329536437988,2.219500541687012,1.9166829586029053,2.1507396697998047,1.6897387504577637,6.136684417724609,2.0587401390075684,2.775731086730957,1.7026265859603882,1.714964747428894,1.5445196628570557,1.9754669666290283,1.5301588773727417,1.377832055091858,1.4993841648101809,1.8267313241958616,2.515463352203369,6.329726696014404,7.07045316696167,2.3992202281951904,1.608317494392395,1.5142863988876345,1.6701022386550903,3.2622594833374023,1.7134770154953003,1.79920756816864,1.3120768070220947,1.6054474115371704,1.7145017385482788,1.5184098482131958,1.6958810091018677,1.6162432432174685,1.5502644777297974,1.3399039506912231,1.8175610303878784,1.6767693758010864,1.6920846700668335,1.525269865989685,1.8131293058395384,3.048685073852539,1.756108641624451,2.157207489013672,1.440577268600464,1.6596158742904663,2.7421298027038574,3.1910500526428223,1.3977924585342407,1.928915023803711,2.069765329360962,1.4001401662826538,1.7897145748138428,1.690076231956482,1.0,13.089573860168455,1.7448382377624512,1.1284284591674805,1.0,1.6966346502304075,1.0,39.24041748046875,31.187328338623047,5.589748859405518,2.292828321456909,1.4673349857330322,1.2863329648971558,2.239156484603882,1.4632760286331177,1.0711063146591189,1.0,1.334823727607727,1.1793898344039917,1.126897215843201,1.62875497341156,1.0,1.793570876121521,1.034462332725525,7.472827434539795,1.7080823183059692,1.4526513814926147,1.0,1.839574933052063,1.195512294769287,1.2557635307312012,1.0373932123184204,1.2060166597366333,1.0,1.322043538093567,26.20113945007324,1.5789419412612915,1.2588684558868408,2.0241827964782715,1.2218869924545288,1.109469294548035,1.3681944608688354,2.7323479652404785,1.3998173475265503,1.1327846050262451,1.683252453804016,1.0,2.751293897628784,1.9729790687561035,71.80554962158203,78.48626708984375,3.602348566055298,2.072601079940796,3.02435302734375,1.712350368499756,1.7943260669708252,4.900045394897461,1.6338629722595217,1.710519552230835,9.937825202941896,1.8107502460479736,3.101884603500366,1.861729621887207,1.9038991928100584,1.5945794582366943,2.8114919662475586,1.0,1.9207139015197756,1.7809958457946775,1.6557992696762085,2.8149282932281494,3.4534130096435547,5.236616134643555,4.95121431350708,10.776529312133787,3.602703332901001,1.0,2.8038976192474365,2.764455795288086,3.2647202014923096,3.8931262493133545,3.2625732421875,4.44415283203125,12.441329956054688,10.498821258544922,13.919910430908203,11.351449966430664,11.662725448608398,12.714071273803713,10.361907958984377,68.22510528564453,13.773977279663086,47.39424896240234,58.67970657348633,13.033720016479492,13.808238983154297
TEST_09+5일,2.9287571907043457,48.9868392944336,5.054892539978027,3.020772933959961,1.5604774951934814,2.015889883041382,18.02938270568848,1.8049976825714111,2.493402004241944,1.6263434886932373,1.5965101718902588,2.004392147064209,1.7034116983413696,2.5093741416931152,7.544517517089844,1.9056192636489868,49.21684646606445,1.953282713890076,1.8582119941711424,48.55638885498047,26.614103317260746,1.7626992464065552,1.7073142528533936,1.233734965324402,3.396501064300537,48.27870178222656,2.470484733581543,4.93592643737793,2.95792818069458,1.875427007675171,1.2506242990493774,1.493119239807129,1.4409335851669312,2.1274476051330566,1.7265751361846924,1.5354814529418943,9.91065502166748,1.4674959182739258,1.993365168571472,9.092644691467283,3.540369987487793,1.364446997642517,1.776289939880371,1.451151967048645,1.5882337093353271,1.3525474071502686,1.603704571723938,1.788269281387329,1.9353293180465696,1.253865361213684,5.785157680511475,1.3603744506835938,2.867920398712158,1.300444722175598,2.0811071395874023,1.711531639099121,2.1784110069274902,1.5389559268951416,1.6166727542877195,1.1539995670318604,2.302367687225342,2.4423980712890625,6.903135299682617,7.205333709716797,2.968179702758789,1.2303237915039062,1.3979064226150513,1.5840510129928589,3.433384895324707,1.4790412187576294,1.7262195348739624,1.7456635236740112,1.3800941705703735,1.665164351463318,1.763468623161316,1.4300920963287354,1.807559370994568,1.4384315013885498,1.2492690086364746,1.804552674293518,1.6218513250350952,1.734160304069519,1.5944615602493286,1.5555185079574585,3.1127805709838867,1.8753341436386108,2.022655487060547,1.5943931341171265,1.6501513719558716,2.705399513244629,4.32840633392334,1.4090622663497925,1.6769040822982788,1.935748815536499,1.0737950801849363,1.0,1.2531601190567017,1.0,12.83901596069336,1.3590006828308103,1.0,1.0,1.3941653966903689,1.0,39.76211166381836,32.34403610229492,5.564299583435059,2.004933834075928,1.0,1.0,2.0194332599639893,1.0,1.0,1.0,1.6767011880874634,1.0873596668243408,1.0,1.193230152130127,1.1610186100006104,1.462884783744812,1.0,8.85183334350586,1.6665881872177124,1.151465654373169,1.0,1.7206839323043823,1.2704802751541138,1.3154321908950806,1.2052745819091797,1.1807034015655518,1.0,1.0548731088638306,26.495607376098636,1.654247164726257,1.19903564453125,2.225252628326416,1.1597315073013306,1.0,1.4779492616653442,3.048699855804444,1.330442190170288,1.0,1.8062483072280884,1.054448127746582,2.3338842391967773,1.8142173290252688,72.41676330566406,74.70494079589844,2.5556440353393555,1.8619468212127688,2.6922621726989746,1.4416301250457764,1.276542901992798,5.520855903625488,1.522881031036377,1.8357183933258057,10.402010917663574,1.0,3.4771883487701416,2.1911513805389404,2.0695624351501465,1.594117522239685,2.180251359939575,2.1091110706329346,2.258095979690552,1.9901180267333984,1.777771234512329,2.647852897644043,3.2492010593414307,3.674917936325073,4.939099311828613,12.894760131835938,3.9689221382141113,1.704612374305725,4.027559280395508,2.084820508956909,2.8230197429656982,3.340545654296875,4.506179332733154,2.7732057571411133,13.713672637939451,9.113151550292969,17.342628479003906,10.56352996826172,13.476009368896484,12.85285758972168,10.234367370605469,68.92082214355469,14.18927764892578,49.96934509277344,59.53201675415039,13.210245132446287,14.855154037475586
TEST_09+6일,4.701866149902344,48.074493408203125,7.398375511169434,5.484737396240234,1.7395668029785156,2.57825779914856,20.976003646850582,2.0279629230499268,3.625730514526367,1.7017300128936768,1.5303088426589966,2.296109676361084,1.7116707563400269,4.064728736877441,11.588208198547363,2.165277004241944,47.99468612670898,1.959139108657837,2.0855774879455566,47.44254302978516,30.06595993041992,2.1090750694274902,2.1301138401031494,1.726438045501709,4.352747917175293,49.68095016479492,4.448879718780518,7.603240966796875,5.496508121490479,2.0558643341064453,1.6195392608642578,2.2248830795288086,2.098414182662964,2.0533323287963867,2.113431453704834,2.047434091567993,14.972309112548828,1.7613767385482788,2.8669824600219727,13.72580623626709,6.198978900909424,1.5634469985961914,3.047062873840332,1.832047939300537,1.9084151983261108,1.70737624168396,1.944881081581116,2.3705196380615234,2.152667999267578,2.146420955657959,8.90050220489502,2.237586259841919,3.732820510864258,2.352849006652832,2.520454406738281,2.3283398151397705,3.1386489868164062,1.9424666166305544,1.854949116706848,1.8484402894973757,4.224876403808594,3.507604122161865,8.45766544342041,9.786185264587402,4.591435432434082,1.5955318212509155,1.624942660331726,1.6884278059005735,4.1665754318237305,1.4663902521133425,1.9838160276412964,1.7851709127426147,1.4251991510391235,1.733265042304993,1.9744004011154173,1.8264120817184448,1.7848511934280396,1.501416802406311,1.286057710647583,2.646491527557373,1.522534966468811,1.5417784452438354,1.829264998435974,2.008887767791748,3.3713855743408203,2.018670082092285,2.248828411102295,1.6419774293899536,1.857430338859558,3.440277099609375,6.98906946182251,1.008242130279541,2.489400863647461,3.486879110336304,1.194962978363037,1.0,1.3132541179656982,1.1849814653396606,14.61804485321045,2.030017852783203,1.0,1.0,2.03624963760376,1.0,41.177772521972656,33.939796447753906,7.776914596557617,2.7486188411712646,1.6344735622406006,1.616761565208435,2.4433364868164062,1.0,1.5370545387268066,1.2774583101272583,1.939380168914795,1.0,1.378069519996643,1.3103529214859009,1.4046329259872437,1.724548101425171,1.0,11.019146919250488,1.4264501333236694,1.296808838844299,1.0,1.7439390420913696,1.4437319040298462,1.0884734392166138,1.2031292915344238,1.3387103080749512,1.0,1.1410478353500366,26.753807067871094,2.028374195098877,1.4073318243026731,3.0924839973449707,1.46859872341156,1.2303731441497805,1.612132906913757,3.776309967041016,1.386780858039856,1.3317831754684448,2.359979152679444,1.1093729734420776,5.62581729888916,2.074570178985596,73.41468811035156,72.55795288085938,6.104658603668213,2.2721710205078125,6.263457775115967,1.5157932043075562,1.9603946208953855,9.468578338623049,2.5216000080108643,2.3123605251312256,15.92348575592041,3.415435552597046,6.929113864898682,2.3762128353118896,4.572985649108887,2.182411193847656,5.478062152862549,3.1576812267303467,6.829901218414307,2.408801794052124,1.2694144248962402,5.678124904632568,4.174098014831543,4.640588760375977,6.468846321105957,20.289281845092773,4.510251998901367,7.025765419006348,10.631099700927734,10.856341361999512,4.566713333129883,4.813941478729248,5.2256035804748535,5.458591461181641,17.633148193359375,13.330774307250977,25.364404678344727,12.420074462890623,18.30056381225586,16.644250869750977,12.8284912109375,73.84833526611328,18.239896774291992,58.463748931884766,58.67226028442383,17.67112922668457,20.755393981933597
TEST_09+7일,10.00633144378662,48.24066925048828,13.105938911437988,8.478862762451172,2.477994203567505,4.556973457336426,22.402080535888672,2.678032159805298,6.214579582214356,2.522588968276977,2.3165743350982666,2.672882318496704,2.103991985321045,6.177351951599121,19.79229736328125,3.4478087425231934,45.98074722290039,2.5260884761810303,3.4058971405029297,47.038536071777344,31.897668838500977,2.692835807800293,2.3674142360687256,2.1941237449646,5.26246452331543,50.95721054077149,7.740368366241455,10.376729011535645,10.448643684387209,3.42421293258667,3.0446982383728027,4.091263294219971,2.635741710662842,2.9954237937927246,2.4348278045654297,3.198746681213379,28.4005126953125,2.2759180068969727,3.897545337677002,25.584829330444336,13.32777976989746,2.546086311340332,4.557912349700928,2.02620267868042,2.613388538360596,2.6381072998046875,2.249425411224365,3.5656580924987797,2.8401970863342285,2.3759987354278564,15.928373336791992,2.535360336303711,7.80500602722168,2.391451358795166,3.840352058410645,2.514598846435547,4.078491687774658,2.881153106689453,2.687620162963867,2.4080610275268555,7.925373554229736,8.016989707946777,15.773880004882812,15.14880084991455,10.036591529846191,1.9546505212783811,2.1875996589660645,2.1530795097351074,5.2134108543396,1.763696551322937,2.7774438858032227,3.3378701210021973,2.1722006797790527,2.026949405670166,2.927057266235352,1.9631043672561648,2.322878360748291,2.240088939666748,1.6639574766159058,3.735745429992676,2.0254998207092285,1.9419103860855105,2.8739051818847656,3.082194328308105,4.380955696105957,3.1553096771240234,3.0469441413879395,2.3878397941589355,3.4083681106567383,4.347082138061523,8.59110164642334,2.049133062362671,4.281133651733398,7.880288124084473,1.6912648677825928,2.1216635704040527,1.841652631759644,1.6201114654541016,21.979522705078125,3.467731237411499,1.6407183408737185,1.1982065439224243,3.473007678985596,1.3726812601089478,47.16181564331055,38.62122344970703,17.468807220458984,4.415708065032959,3.638507604598999,1.697683334350586,3.843400478363037,1.3656466007232666,2.09543251991272,1.8546135425567627,2.287668228149414,1.9464139938354488,1.7511303424835205,2.050998449325561,2.820213079452514,2.105230569839477,1.3994654417037964,15.878107070922852,1.8620322942733765,1.507943034172058,1.0393075942993164,1.796308159828186,1.4128910303115845,1.075468897819519,1.4922512769699097,1.3974438905715942,1.017069935798645,1.1019740104675293,27.633441925048828,2.962418556213379,1.9646202325820925,5.319272994995117,2.348170280456543,1.4699996709823608,1.903831362724304,6.081756591796875,1.8603886365890503,1.2883305549621582,3.5881028175354004,1.445994257926941,12.38568115234375,2.876694679260254,74.56410217285156,71.5615005493164,16.061901092529297,2.1058461666107178,13.24281120300293,2.337655067443848,2.137312412261963,23.463886260986328,2.3515625,2.6641628742218018,31.34126091003418,9.759904861450195,13.29669952392578,2.3939874172210693,11.098041534423828,2.0395402908325195,12.88143539428711,6.188122749328613,14.482714653015137,2.644632577896118,2.0444788932800293,13.394098281860352,9.136845588684082,10.724642753601074,4.813587665557861,51.26372146606445,5.247832298278809,19.01645851135254,25.33514213562012,37.73794937133789,6.695618629455566,4.616403579711914,6.088399887084961,7.93688440322876,37.40608596801758,24.97978973388672,45.53424453735352,19.021278381347656,31.673398971557617,32.802101135253906,21.885536193847656,85.55921173095703,38.79074096679688,70.42467498779297,65.50386047363281,31.98096466064453,41.196022033691406
