date,느티나무 셀프BBQ_1인 수저세트,느티나무 셀프BBQ_BBQ55(단체),"느티나무 셀프BBQ_대여료 30,000원","느티나무 셀프BBQ_대여료 60,000원","느티나무 셀프BBQ_대여료 90,000원","느티나무 셀프BBQ_본삼겹 (단품,실내)",느티나무 셀프BBQ_스프라이트 (단체),느티나무 셀프BBQ_신라면,느티나무 셀프BBQ_쌈야채세트,느티나무 셀프BBQ_쌈장,느티나무 셀프BBQ_육개장 사발면,느티나무 셀프BBQ_일회용 소주컵,느티나무 셀프BBQ_일회용 종이컵,느티나무 셀프BBQ_잔디그늘집 대여료 (12인석),느티나무 셀프BBQ_잔디그늘집 대여료 (6인석),느티나무 셀프BBQ_잔디그늘집 의자 추가,느티나무 셀프BBQ_참이슬 (단체),느티나무 셀프BBQ_친환경 접시 14cm,느티나무 셀프BBQ_친환경 접시 23cm,느티나무 셀프BBQ_카스 병(단체),느티나무 셀프BBQ_콜라 (단체),느티나무 셀프BBQ_햇반,느티나무 셀프BBQ_허브솔트,담하_(단체) 공깃밥,담하_(단체) 생목살 김치전골 2.0,담하_(단체) 은이버섯 갈비탕,담하_(단체) 한우 우거지 국밥,담하_(단체) 황태해장국 3/27까지,담하_(정식) 된장찌개,담하_(정식) 물냉면 ,담하_(정식) 비빔냉면,담하_(후식) 된장찌개,담하_(후식) 물냉면,담하_(후식) 비빔냉면,담하_갑오징어 비빔밥,담하_갱시기,담하_공깃밥,담하_꼬막 비빔밥,담하_느린마을 막걸리,담하_담하 한우 불고기,담하_담하 한우 불고기 정식,담하_더덕 한우 지짐,담하_들깨 양지탕,담하_라면사리,담하_룸 이용료,담하_메밀면 사리,담하_명인안동소주,담하_명태회 비빔냉면,담하_문막 복분자 칵테일,담하_봉평메밀 물냉면,담하_생목살 김치찌개,담하_스프라이트,담하_은이버섯 갈비탕,담하_제로콜라,담하_참이슬,담하_처음처럼,담하_카스,담하_콜라,담하_테라,담하_하동 매실 칵테일,담하_한우 떡갈비 정식,담하_한우 미역국 정식,담하_한우 우거지 국밥,담하_한우 차돌박이 된장찌개,담하_황태해장국,라그로타_AUS (200g),라그로타_G-Charge(3),라그로타_Gls.Sileni,라그로타_Gls.미션 서드,라그로타_Open Food,라그로타_그릴드 비프 샐러드,라그로타_까르보나라,라그로타_모둠 해산물 플래터,라그로타_미션 서드 카베르네 쉬라,라그로타_버섯 크림 리조또,라그로타_빵 추가 (1인),라그로타_스프라이트,라그로타_시저 샐러드 ,라그로타_아메리카노,라그로타_알리오 에 올리오 ,라그로타_양갈비 (4ps),라그로타_자몽리치에이드,라그로타_제로콜라,라그로타_카스,라그로타_콜라,라그로타_하이네켄(생),라그로타_한우 (200g),라그로타_해산물 토마토 리조또,라그로타_해산물 토마토 스튜 파스타,라그로타_해산물 토마토 스파게티,"미라시아_(단체)브런치주중 36,000",미라시아_(오븐) 하와이안 쉬림프 피자,미라시아_(화덕) 불고기 페퍼로니 반반피자,미라시아_BBQ Platter,미라시아_BBQ 고기추가,미라시아_공깃밥,미라시아_글라스와인 (레드),미라시아_레인보우칵테일(알코올),미라시아_미라시아 브런치 (패키지),미라시아_버드와이저(무제한),미라시아_보일링 랍스타 플래터,미라시아_보일링 랍스타 플래터(덜매운맛),미라시아_브런치 2인 패키지 ,미라시아_브런치 4인 패키지 ,미라시아_브런치(대인) 주말,미라시아_브런치(대인) 주중,미라시아_브런치(어린이),미라시아_쉬림프 투움바 파스타,미라시아_스텔라(무제한),미라시아_스프라이트,미라시아_애플망고 에이드,미라시아_얼그레이 하이볼,미라시아_오븐구이 윙과 킬바사소세지,미라시아_유자 하이볼,미라시아_잭 애플 토닉,미라시아_칠리 치즈 프라이,미라시아_코카콜라,미라시아_코카콜라(제로),미라시아_콥 샐러드,미라시아_파스타면 추가(150g),미라시아_핑크레몬에이드,연회장_Cass Beer,연회장_Conference L1,연회장_Conference L2,연회장_Conference L3,연회장_Conference M1,연회장_Conference M8,연회장_Conference M9,연회장_Convention Hall,연회장_Cookie Platter,연회장_Grand Ballroom,연회장_OPUS 2,연회장_Regular Coffee,연회장_골뱅이무침,연회장_공깃밥,연회장_돈목살 김치찌개 (밥포함),연회장_로제 치즈떡볶이,연회장_마라샹궈,연회장_매콤 무뼈닭발&계란찜,연회장_모둠 돈육구이(3인),연회장_삼겹살추가 (200g),연회장_야채추가,연회장_왕갈비치킨,연회장_주먹밥 (2ea),카페테리아_공깃밥(추가),카페테리아_구슬아이스크림,카페테리아_단체식 13000(신),카페테리아_단체식 18000(신),카페테리아_돼지고기 김치찌개,카페테리아_복숭아 아이스티,카페테리아_새우 볶음밥,카페테리아_새우튀김 우동,카페테리아_샷 추가,카페테리아_수제 등심 돈까스,카페테리아_아메리카노(HOT),카페테리아_아메리카노(ICE),카페테리아_약 고추장 돌솥비빔밥,카페테리아_어린이 돈까스,카페테리아_오픈푸드,카페테리아_진사골 설렁탕,카페테리아_짜장면,카페테리아_짜장밥,카페테리아_짬뽕,카페테리아_짬뽕밥,카페테리아_치즈돈까스,카페테리아_카페라떼(HOT),카페테리아_카페라떼(ICE),카페테리아_한상 삼겹구이 정식(2인) 소요시간 약 15~20분,포레스트릿_꼬치어묵,포레스트릿_떡볶이,포레스트릿_복숭아 아이스티,포레스트릿_생수,포레스트릿_스프라이트,포레스트릿_아메리카노(HOT),포레스트릿_아메리카노(ICE),포레스트릿_치즈 핫도그,포레스트릿_카페라떼(HOT),포레스트릿_카페라떼(ICE),포레스트릿_코카콜라,포레스트릿_페스츄리 소시지,화담숲주막_느린마을 막걸리,화담숲주막_단호박 식혜 ,화담숲주막_병천순대,화담숲주막_스프라이트,화담숲주막_참살이 막걸리,화담숲주막_찹쌀식혜,화담숲주막_콜라,화담숲주막_해물파전,화담숲카페_메밀미숫가루,화담숲카페_아메리카노 HOT,화담숲카페_아메리카노 ICE,화담숲카페_카페라떼 ICE,화담숲카페_현미뻥스크림
2024.7.14,0.9579508463820074,0.38310269238035954,0.9615574417580759,0.5707636752936183,0.9762198796668206,1.0704816018019283,1.084515368790097,0.2946980527356403,1.707558872706144,0.6600299100727538,1.6035159820868012,1.0188728193459748,0.5782437029583055,1.5712715641203037,0.6574682470848136,1.3445257097702312,1.7139592023534505,0.8614454423281241,0.3705766484359745,0.20207693929322731,0.7027243617940939,0.7209033929918898,1.440405797683728,1.886688958893595,0.7875794105871373,0.7518961177228939,0.29081554315736013,1.173554409605619,1.015394895631438,0.9373613255155195,0.3286535518755439,0.3007536966342461,1.0890748171656646,0.9108352999777707,1.2571757999672193,1.9508417230779362,1.0052740281899954,1.4018592641996346,1.7420420219177326,1.1554509037181666,0.9316803141686021,0.11223094392892119,1.6218262144325857,0.6866940386755002,1.5558993607992284,1.2478644929407945,1.025382181043499,1.6014673690333419,0.45609457364133477,0.743958697318955,1.3910522484406804,0.46046270748299734,1.4058681423147257,0.6452375833995873,0.8958267882234603,1.025387993441728,0.8281684895185649,1.3363954629684456,0.40420509790817644,1.5762656883808868,0.36764937577576745,0.3426936809924871,0.5349299786077755,0.8278152980867837,0.967950483271848,0.7889330050225375,0.2932288326066135,1.553498507579093,0.6905088182475226,1.46888373642486,1.1623010366417277,1.0734445767977194,1.341255397456603,2.0660432522725807,1.7260959324670169,0.9989927492872451,0.2710121001645014,1.9695717613167716,1.0891078205118057,0.8080880679262832,0.545996017236712,1.363042281707411,1.5804525632788817,0.4586863435524571,1.1814593053303382,0.5946137847858434,0.8633858981321688,0.3732082878756155,1.2251554402429508,0.16302292737002588,0.2582335004164907,1.6555373171349448,1.4945815370869153,1.6487186049973124,0.4005080167608715,2.132269259491246,0.6423066642781206,0.6711423745552224,1.6967280550388781,0.4151890820467624,0.10339050991471764,1.6981210751817883,0.3317277174863362,0.6520815717396352,1.3079361960949945,2.084039439779122,1.2353016515683684,0.14673196382674542,1.6441671546451722,0.25988319192881076,0.43093960141055965,0.9879661967448474,1.0250497656678745,0.7849533109747858,1.2915646437322672,0.6485656075439542,1.603238263998168,0.7175260992723296,1.1569030925131165,1.7033152368192246,0.9303976952855454,0.11353560496831822,0.16752736577745753,0.9189549872239605,1.5964285815888049,0.2629145514615466,1.8580077348480961,1.3412232888003857,0.5529152937611953,1.004654918890587,0.8526757964327697,1.1848486869769534,0.22428436286620948,0.813890814441087,1.1253012517416936,1.4200298452605533,1.6645939292436505,0.42719289230337504,1.0408584229139985,0.39476560156774576,1.5472530380396095,1.7393113713939305,1.344410448376868,0.22468559310064343,0.13753127914667498,2.2518166647395774,1.5666780388216877,1.0328691143785615,1.32296019984979,1.6050258239899484,2.1255344170391783,0.5410103432241624,1.4120002065477122,0.8863463332333836,0.8091724743273259,2.010117853905493,0.7964101252072108,0.86884750378148,0.8943859955550193,1.4941502996145413,1.5170186185034737,1.539780229759812,1.2967217079398712,0.7172379357792027,0.5142619248195259,0.7184748051214314,1.8085570129443107,0.8688406439545915,0.8821928214553821,0.7455373640978237,0.9478535719421599,2.0567109927293648,2.3675228950475713,0.8194888254833752,0.9912529592007981,1.6535010045815557,1.3682870125003221,0.2200475350023083,0.9696015682793692,0.6247820866390097,1.613341372199548,1.0131987882014493,1.0701365947646013,0.29510299952914487,0.8190444684348457,2.339207650335819,1.4694293264704785,1.368298242350473,0.9189871631515012,1.7998577992369689,1.4968926260060178,0.8086164344501877,0.39680935387329413
2024.7.15,0.8869431727712577,0.5378204729455117,0.9548550965191261,0.4708171575374449,1.1822367615950984,1.3659066059701015,0.882917120477605,0.29586875595270895,1.828074124978595,0.7587067745571218,1.5268734655876106,1.0613584195163537,0.4399876551306917,1.3103376290843074,0.9170288209657826,1.2674717134187496,1.703957721685996,1.135568683742279,0.38826362667212627,0.18175274136324535,0.5722092639511672,0.6710341475891023,1.787277669162916,1.4403206101313777,0.9877453176339533,0.6818201191244322,0.3820586609845116,1.1839065757043747,1.0287888682515067,1.1420033585733522,0.41800141806659763,0.2535125665595421,1.2115676323644011,0.826259959448322,1.011251477298126,2.2494609229309868,0.9079173186588938,1.3421801077717526,1.5839625079239203,1.265898724980983,0.9872109188808256,0.12199699783442257,1.4659849434062628,0.767280412864865,1.5953768012398415,1.220370436902204,1.0525108359463629,1.6366010001903069,0.5389913111462002,0.8886667064188933,1.6797556576057022,0.5966091313019288,1.4754926406411377,0.5953134644279068,1.1405710547963046,0.941521797071598,0.6660029676951451,1.0321121258360997,0.3414663547516585,1.644610713950881,0.30791706497107135,0.37136099277639156,0.6781515161403888,0.7703113595669698,0.6932473815359117,0.807656878921924,0.3710369188710605,1.8869004429618526,0.7713546341768125,1.8187519038694193,1.012737342988445,1.305889020779987,1.1348378485727757,2.208647443006745,1.4395409860353001,1.0335059359380943,0.2640192076946333,1.6336634059562203,0.9299528187175418,1.0391166931854388,0.6380319504033319,1.7988411563751463,1.257689080671791,0.4180815596743985,1.1856301127494036,0.6296766706650767,0.9106793402234876,0.39377788660182744,1.4469576005508273,0.15626103638987066,0.2942344958997862,1.2733480926051817,1.5439129600459816,1.3830859064649403,0.3689910543138242,1.6506915802707336,0.6263172521309116,0.783733984143575,1.4529852806933539,0.35564870756718353,0.13897299131972354,1.9632821028958292,0.299311215855356,0.943328822842653,1.1781901220817832,1.9217629545287847,1.2803315900383287,0.1116647392279418,1.944201165729737,0.21598401220187702,0.4407630730253063,1.1190152399347892,1.4419402915374386,0.8469016054440911,0.9260176221562992,0.8486939427367511,1.5093267311851397,0.7442545845143602,1.2005780408255562,1.347487463891074,0.8276919507410618,0.1373660914655223,0.171295990585188,1.1485986247090156,1.3567925641114362,0.2927997865338293,1.4237104297057626,1.749120607142763,0.5149870984901874,0.9110440874374871,1.1761982654431158,1.042756485518798,0.16199503693232298,0.6721000536864865,1.269454637649077,1.5671430213886206,2.0028129616190404,0.4153699825901535,0.9891882354267814,0.43461700839458556,1.515825480741488,1.3857511464873786,1.094073508906993,0.1942627764321387,0.14623944163209746,1.8482961195835559,1.7224653921378164,0.9859692096888238,1.2345599674066554,1.9919647952849546,2.138675304765853,0.6226932339846367,1.4402805938608305,1.2618733113696672,1.0721423438270905,2.189273970830657,0.7464929527636048,0.866377721198942,0.7567599153757251,1.3384052114384408,1.7228816983224449,1.2736166887813405,1.4089594273327273,0.5548106725596184,0.5760324618078981,0.9328608730935429,1.7040100349788965,0.8582337001127222,1.0599647593013106,0.5842362604195087,0.8434625741532691,1.6754289572350665,2.0911932013178562,0.9887228632238372,1.2599933200923752,1.7441787865409588,1.4885334476884269,0.18157714760486976,0.8487237425930741,0.6274960248409611,1.1895208414560954,0.8901668250352945,0.8841340137367577,0.36403131715417053,0.8217538451391816,1.5958894910213013,1.1114098143574067,1.6128031295619092,1.065736251591373,1.362179756490525,1.564652411530316,0.7946389879720815,0.3968710563125122
2024.7.16,0.8436557510791788,0.5170744951967334,0.8512331112394262,0.4893679841661103,1.2191800677633187,1.553143257644016,0.7950924231723876,0.26732934075802084,2.024162816691598,0.7225595963123603,1.4899706155488788,0.9871087775812318,0.4371040888493207,1.4698533619394691,0.6716879139119799,1.4140978854133441,1.7807696384417657,0.9192462667984787,0.40076640081576725,0.17188089516616054,0.602134710151272,0.8426617511750634,1.534709587572499,1.5464598075084146,0.8288622868894313,0.6306522078755193,0.35014937043499633,1.3227767382322413,0.8031279446520594,1.2755896428450968,0.41271775772234504,0.3401526603611614,1.0678974730810393,0.8293863509744364,0.8648317776687883,2.0335791018689053,1.0931684426554706,1.4799385508776448,1.8696314236971467,1.562108443512174,0.9982053675373977,0.09146318110660089,1.7081280460013941,0.6729643602128972,1.2421909956857458,0.8920816490508893,1.0766190229874126,1.7815045886864054,0.4761525430518948,0.786558163486332,1.630814898426022,0.46699357061211055,1.2773118780580344,0.6719658564537336,0.8240131403549373,1.0494297608909602,0.7879767570592833,1.3757096896903207,0.37602714515083707,1.4311383674953553,0.3044039756517235,0.33442025780371487,0.6089207325966493,0.7500245689915881,0.9120162185249082,0.6467084332006515,0.43396703156271255,1.5677021370643895,0.7556399793787468,1.5547011573099472,1.0858252978555853,1.2846818184566797,1.3064459403244022,2.0098713778654105,1.7742190021800626,1.170238294436905,0.3161267374697826,1.8604406818813097,1.1695771839754983,1.0976696682740898,0.484124987796706,1.8826129647967873,1.366018966377721,0.5426269776448364,0.8511373589134127,0.46602210126971805,1.2207884412622811,0.440423455292461,1.2767434767736323,0.15851766359384215,0.28816185325181337,1.578439289519761,1.6740568680893808,1.3911339958080648,0.3156717857797465,2.3819018222324413,0.5935245184176842,0.768308218906838,1.3774353701088973,0.40258872074158886,0.12274055584971784,1.4971117364629347,0.26820099297529937,0.6435255767233291,1.673784561114093,1.778313355076268,1.095573737322098,0.13060677180202615,1.797906263254554,0.2730780372949015,0.5095186701871064,0.8155457226031331,1.2605799114224923,0.9947823478210219,0.9740349928081441,0.7699015769821858,1.2358003830825692,0.7348243365125705,1.0362396742481121,1.7168881199175923,0.931171765734958,0.1294787084465429,0.17160926230993856,0.9209704895174731,1.5551346216586277,0.29789002488899,1.633682782562719,1.4949466376043217,0.4383735089321643,0.9563693382768009,0.9858500765287009,1.1438489013717283,0.17535187644820294,0.9764999274089968,1.3984278731751991,1.5339674057964372,2.135933399571081,0.41785506036147285,0.7814414306023492,0.39084629468582915,2.004852675102132,1.487070715607175,1.4064819106764126,0.17915783467339227,0.15075700558883592,1.602607632992278,1.7256225404930736,1.1328758771970815,1.4873797494679333,1.6466144216517233,1.9316934199349973,0.5808485036857058,1.5512840223060744,0.8663206470491056,0.8114102808749212,2.036421565918354,0.9874083775118959,0.6138447165183413,0.8797887234396243,1.4746117653400461,1.4813853619654938,1.4560982666105198,1.5734797377850123,0.6825992878826639,0.5884084688039938,0.7796579058282973,1.8524808087284441,0.9056811899575584,1.0109919085444827,0.6298220531317608,1.1608649747442137,1.9054322244597774,1.9386969896636672,0.9883299342240018,1.2431765863834034,1.5247702577755011,1.5286755156770293,0.2529340180622996,0.9455704867141935,0.7705825595582934,1.253112090340992,0.8220886567806163,0.8585786414924463,0.3334099262562478,0.806166225755131,2.2975020268621553,1.4771894222723259,1.5662018519765928,0.8305056618471579,1.7402791011234016,1.6888958565880277,0.7475534328129688,0.4246792392497002
2024.7.17,0.6999525087673112,0.5213056413964083,1.0905600675963827,0.5779844916622591,1.0963803123176088,1.360465006531455,0.804828773062095,0.2512721777167077,1.7426715062479823,0.7604770909770655,1.451067803193672,1.3159883035002307,0.40634919279661086,1.6466993774083707,0.9273780867779452,1.3736300794746987,1.9403220944518615,0.928796363452526,0.37958722922034127,0.19208429609054836,0.8370886283958396,0.8636240696490372,1.6890909732548807,1.3873224579224348,0.9798015576363913,0.7946180326020049,0.3025192955205761,0.9830066339853752,0.9710208107842765,1.1177939259597443,0.44406334465450814,0.3622723491836016,1.1265936626146704,0.7313122684692314,0.8614215507020102,1.8659413768842956,1.2216454286052028,1.5199317396917724,1.3353417390338616,1.36883167062244,0.8717586738553288,0.10950477957594572,1.181149719989509,0.5368386801081214,1.7616782217459337,1.0151924813738167,0.9022864588918187,1.590153218357081,0.4520876809495826,1.0091197335268198,1.3955631219127826,0.4698122175893644,1.863327967960477,0.6299724139279004,1.141035654106653,0.9483504892154835,0.9199196651354515,1.2606878033446525,0.4016908682208793,1.5629713849377822,0.3391400206057725,0.2885771482311187,0.6689587364484301,0.7312371897243877,0.9187280667293206,0.8029408156650101,0.34549846076816465,1.8856727900163779,0.7297295046312378,1.6897471547036949,0.903293072159853,1.2744418953942498,1.219480559810562,1.7746795685670964,1.6819821046686503,1.204247093630509,0.24742658636540743,1.6012339385254393,1.266003389917858,0.8733297446471965,0.4693554407971987,1.5414607299912526,1.5257412604005631,0.4347593027784284,1.1973455272822502,0.6281247960381144,1.2343588797748293,0.37531870163561504,1.3727643032897163,0.14691560424325284,0.31996319911328575,1.1539391759925204,1.9857215416994187,1.657587154155168,0.35799502036935016,1.9163679812226708,0.5436820659699253,0.9057521249426224,1.6954213863434717,0.4027428007195595,0.1062212460972651,1.7678846025916484,0.3496265154030567,0.8377910978530108,1.2859109996972755,1.8037980011261698,1.0108155807235695,0.1065544893330543,2.023564915729475,0.2296880087488017,0.46727585800470645,1.0937622941914709,1.3301110208916296,0.7840902625039835,1.0850408234207791,0.6936069329249943,1.5558592702927985,0.673682991783725,1.2712202479308436,1.5555259346302892,0.9737739504894738,0.12014825066602293,0.18154767937726154,0.8011411897877208,1.1464688973856987,0.277901614770869,1.4419647770075383,1.8889762261660927,0.5266085272950178,0.8180142887229279,1.09848742924108,0.8903260583537418,0.2103670581046655,0.8928361893549533,1.3002991010925269,1.8174856918515638,1.9410727701416943,0.5370112357707097,0.7568735232211241,0.3816078926169101,1.7246265252893969,1.1964955333440344,1.4624020653705654,0.17937272150213673,0.11852086673535589,2.2295049792532295,1.5658651867329516,1.1605572646435907,1.3540773701060262,1.7009326143173054,1.7912590223154126,0.5163480733105252,1.5960893029253145,1.1700764611020325,0.7478083921804247,1.7936143384892356,1.0493956320090057,0.7920830646896048,1.0129249131133249,1.5767420130898677,1.4016209874034848,1.2960363681486926,1.5972062263140447,0.7522904319099778,0.49378316795272215,0.7999607366324635,1.9763561303789283,0.6269449383768235,0.8186586126128677,0.7790666706590154,0.9436283234997686,2.040005905797173,1.9770051198447987,0.8197113322280752,0.9615449925931767,1.7793566202725408,1.51071816156955,0.23964412144246158,0.9758072772322088,0.7383162966068579,1.4158939888039526,0.7775974977555083,0.8884927910013671,0.35504079079326195,0.9176932638194849,1.6454228206278674,1.3839681300228837,1.1667417416223513,1.053481406977364,1.650467544109281,1.8731671039636937,0.7551365375849043,0.41034924758992425
2024.7.18,0.6999446781629957,0.5293789193668641,1.0458917487510166,0.5576011348127965,1.2422861720695233,1.261523661221255,1.037121717333995,0.22882412566904772,1.9066781586819808,0.6926025235048358,1.8097845163500648,1.1689087758506693,0.4932471933012334,1.7062041894115958,0.7688778501281693,1.3790766585870644,1.6127506555977071,0.8197668981100977,0.2980422087848469,0.17526785087580785,0.8310594350302514,0.8478540070913094,1.326891685765696,1.9287812122727361,0.9912517552718145,0.5701666864307363,0.37266536335177836,1.285468360500663,0.7943656709842585,0.9326721722504585,0.47197159184451215,0.28306127849184326,1.029140443418243,0.803065287654201,1.0128547686792038,1.7955982032798896,1.1834250935950632,1.126722030110122,1.2671139847310946,1.4171993451800338,0.7973391824976955,0.112747064275785,1.4420157544623196,0.5364778927208379,1.6942317416223258,1.0833493243148618,0.8048634715007502,1.6231947310640031,0.5276435077557832,0.8923226346980321,1.7079388790411247,0.4153021133935382,1.6785837478389163,0.5602313949010823,1.0438476062048154,0.831727522100109,0.9112430213765714,1.3235961645855034,0.43183165952980596,1.4993840317891916,0.31138635694676453,0.36511131726262835,0.4860262197851196,0.8044192937828837,0.9634029842232122,0.8025287183510637,0.3437566507393039,1.73900148770104,0.5946365238948816,2.142542625723136,0.9813238986817624,1.219260330437353,1.2325748581107954,2.206279690504214,2.0024799484257354,1.0835241551630355,0.3271169604512506,1.4268173237216344,1.248428663658,0.942057478423241,0.6039159675738478,1.7017643831281968,1.197946638403257,0.5495934314993299,1.152102566895705,0.5683009062525516,0.9854416234308744,0.35939210330997345,1.1851879741898736,0.1296083356968587,0.24370725491335937,1.4249754435976747,2.1486049508221075,1.918758902109128,0.35411200121970404,1.8204723899711908,0.5520267618157814,0.9148838402363606,1.5165672538581014,0.38078409542915415,0.09707792783577596,2.1360398809899626,0.3750732835791789,0.7708376676513257,1.3632757960642048,1.9815000143248065,1.027603725663753,0.12630916869239872,1.7743607424297645,0.24587331871510704,0.5272124686013098,0.8563825557626061,1.4109464897103472,0.8885603551171514,1.1490570420422885,0.8899334225351141,1.537011372047708,0.6020315562844062,1.3617471520788813,1.876269295249028,0.7761680781909943,0.11952470484311858,0.1460333292459432,0.8049324952070843,1.1927668226007857,0.32444088898807744,1.7903561044877099,1.6346915110246458,0.5719667825116115,1.0222791439795216,0.9509317980438655,0.9375503986623683,0.18805509988554306,0.7636905681570015,1.231441559283065,1.6346361159389173,1.7096536589842557,0.4825887925961003,0.9504461789180412,0.4488224217311288,1.69761877192395,1.1922645526866766,1.3011901954153438,0.2331903713552412,0.12219544739073751,2.280907858616943,1.9230299991871227,1.1998467403332436,1.4212952378586001,1.6849071440897163,2.206443811559465,0.5115697378736008,1.5564704425862925,1.0730193179498926,0.7457680783537987,1.912102052173182,0.8159188363537854,0.7187262399969834,1.0679989829805128,1.179268024864342,1.704492552620628,1.2898635641070924,1.1967234816332675,0.691025463940545,0.6892493546324192,0.7340908600081048,1.4065240056045065,0.8740950359010496,0.8522100525702133,0.7102532856469987,1.128489761367349,1.5622713694336838,2.1288537716390046,0.7442441961483052,1.1043174818680603,2.008041029787885,1.0854051876763873,0.1798326661469212,1.0562760071717723,0.6143160217197919,1.5586187971054672,0.9862480589330914,0.9172227026545902,0.2929917392442985,0.8420489723948019,2.3513340851023203,1.1227558273654001,1.4811969452292921,0.971347885421687,1.7607657999914978,1.6408625625551077,0.6922527075173487,0.3652949613841001
2024.7.19,0.6681578538181857,0.3961921354106138,0.8573311554360653,0.5996038951652637,0.9736104678264772,1.39628700386877,0.9833063045253047,0.2787860948948875,2.081398134240593,0.9444392174238201,1.7486807345654636,1.0863146257002796,0.5117582647783219,1.4628628401420016,0.6868750381312314,1.3414211649002934,1.8395755034967058,1.058914369562328,0.34500633136952985,0.20252744834888872,0.5619418507015078,0.7973624715447694,1.661426127990714,1.8865749706438009,0.8049194527808534,0.8116496437110593,0.37867669827941336,1.1558726763023563,1.023529509453325,1.2664420724784435,0.33956166468291676,0.3548564047242112,1.0816341627378638,0.6223892434182722,0.9161656982601598,1.7307427968037845,0.8962731445349215,1.218119399949196,1.7403060432047748,1.3538899679760983,0.942939271713305,0.1171275500621553,1.5650192863932066,0.7628569138231323,1.6742951306216984,1.0620339430848873,1.0905589382211534,1.3297345310056878,0.6222694127104345,0.8956558599508448,1.4798937148932398,0.5959027796774202,1.845530049304406,0.5478531043981387,0.9846151360138315,0.9266474341452748,0.722433527745529,1.1983835576091981,0.4157402605916364,1.2517742586180287,0.3376791509602466,0.407661521536446,0.5403741811314234,0.7987788255578508,1.00956428915315,0.7765251855850498,0.3418461327731342,1.4195784265467644,0.7025628428621843,1.5828531953979463,0.851665328195513,1.2382955201821075,1.3695174478157284,1.7087226648597158,1.5336481323595341,1.111185448652808,0.3261691395758749,1.870362343766591,1.1592031508911949,1.104509500462301,0.5473638078318618,1.5720652556008625,1.3662064824964197,0.47155354067502764,1.1381477912453029,0.4660897414106571,1.2122951761803205,0.5043805473409015,1.4096767989733696,0.13657391908658287,0.2672765389924488,1.1624674252548421,1.8299672245811989,1.5082803589755176,0.37202458039052216,2.0357363261101242,0.6516681387083829,0.7442605070544039,1.3191348069312059,0.44156507081040886,0.09525566564795969,1.9780703445682237,0.28337825964430124,0.9305695609357402,1.4904213004224154,1.8918515723559897,1.0786673434184546,0.14216037084129363,1.7672134399623316,0.2594515494508836,0.4722160419955746,0.9276957280619254,1.0714794329818165,0.9877002155163813,1.2519577991788722,0.8856757124609002,1.1621852269305288,0.7729036340824726,1.0778969094774895,1.364434763544204,0.9379670878234502,0.11093120988211191,0.1510458719844098,0.9978735570796498,1.2378047337504194,0.3065933931349257,1.2712904678518744,1.5166671902654414,0.5319729551892979,0.9740835068988042,0.8110169233018952,1.1370813623160596,0.2244935457901189,0.7622123576461329,1.1938372503699421,1.385643427514792,1.715375172496541,0.5438060159703023,0.9092684779076087,0.36072434715110235,1.7559156383883354,1.3307822646530763,1.484542198731524,0.2277666222641866,0.13574744457101803,2.2099187156063387,1.6573683646383963,1.2502601996226568,1.5402686307922,1.5463475761078738,1.8286671309504396,0.5295243727132628,1.8314513441229443,1.0065238221212807,0.9680039943046486,2.0361862373206105,0.8341594011269429,0.7332440748472665,0.8842046551110809,1.161289942707892,1.5112836637536602,1.5144586368312776,1.2959776212448098,0.7248529448359806,0.5776883439716918,0.9914377512493112,2.0982281063193167,0.9143469981586214,0.9410399361942123,0.8224033220186427,0.8592637628305191,1.5519851112320635,1.6678396305818426,0.7192293937342785,1.2437104611243734,1.3779713015475552,1.1770524191745997,0.18085794852102746,0.8280237243383538,0.6115984453210638,1.1338811703651455,0.9243305431487036,0.9581930830815324,0.2529709286687378,0.7568164158440619,1.8168810883901236,1.1328598167628756,1.2631816490508918,0.7421613599558634,1.7160694686504352,2.021986924648932,0.7634788110979245,0.3896260447930368
2024.7.20,0.9305054910807722,0.45052336385499514,0.9522665564164171,0.5592804819009698,0.9768940059145972,1.298544191763854,0.7891043160078667,0.2659986652179161,2.144775209462503,0.8474199304301011,1.8317140841632726,1.1139851864147632,0.41216723138976574,1.3860673951072844,0.7990215547592754,1.2264046916874056,1.762445556945181,1.0205986369233904,0.37336810823049826,0.2044501273440213,0.8273297921118775,0.7702685038780718,1.5524578024850026,1.6371089729750632,0.771004299244841,0.6884979927989313,0.3767106850040976,1.371150894145501,0.9884046786432518,1.0005819631161001,0.4460462432818272,0.28457350872618137,0.850380625443376,0.816204353695599,0.858196474895306,2.1695316944033882,0.9061860672476632,1.5250971718745676,1.7635490006157906,1.1374537266189135,0.7614422345876234,0.09961876643784555,1.6480277518663549,0.5937827384667912,1.6849753490789976,0.9308165149782547,1.015362647996495,1.525478317926161,0.5736371769223224,0.8134716856493317,1.6193107506300692,0.5796958799226409,1.4254174431749176,0.65918278954084,0.7905707429590827,0.8183129990142655,0.7230053221960966,1.3030824040985889,0.39849386025792816,1.1596358903200294,0.2628572749346306,0.33473818412064377,0.5795257250023689,0.6703413399754864,0.6954077189056809,0.6029559795145556,0.36757870584355445,1.6025273160740612,0.5757896502124527,2.1716653526145318,0.88476622005433,1.1431879357966024,1.1332052956662597,1.7512279087117792,1.966793458763051,1.0011009285767893,0.24782753523103662,1.3914547316894577,0.9160774979641305,1.119403570801757,0.6373643675468885,1.5769961548546887,1.4664410458084656,0.48988826815612513,0.8974143821199928,0.5319198793321581,1.0553461605763423,0.34336975057464125,1.4975034820407636,0.18373572292499715,0.2492320444559713,1.6472520208959671,1.9393446888601484,1.8749620318407918,0.3128678942411955,1.8339265987690219,0.6495930274241981,0.7780363802234687,1.2205872405804383,0.3526405191366684,0.10542628918021552,1.5782995901948977,0.36847561588012945,0.7087549586209805,1.1387950734618102,2.3286260767798495,1.2123092793323837,0.11357914650446432,1.8095031181737022,0.21671679299399205,0.6161849278082762,0.8976721359526215,1.0158108824034664,0.8283856253661019,1.3284358574075086,0.7857587665554878,1.3845387719244864,0.7107898860901908,1.1894009896505107,1.6837666421799644,1.0673895138414695,0.11909359975870537,0.18850229694443824,1.0011897820073692,1.3495470694785534,0.25529542630099883,1.6259865456531275,1.6561673134918302,0.6079383281382315,0.9856487437222071,0.8438168328236763,0.9010543361695292,0.17935511827067202,0.8048956729849149,1.341916991165927,1.7836157715206566,1.5460801759282234,0.5366386124272606,0.9908898635616559,0.3554122879707707,1.7098942351380761,1.2480173816445825,1.1990290192264006,0.20523155286590444,0.12591508672861895,1.667216453787509,1.6319147935946983,0.9532615931630632,1.4513415129329836,1.3820279111134843,1.9088946761515244,0.46943017928558073,1.3896363759160366,0.877860855062376,0.9825332731145809,2.2526889064753726,0.9169639389323665,0.8596310038819219,0.8879007301393174,1.419316527898858,1.8621143565025038,1.493549918726373,1.2935680141233263,0.5438215940843139,0.6318589630822035,0.8629629882072445,1.5308200684727995,0.8679331046295216,0.8612639339891517,0.6821838566006888,0.999971147807888,1.64017316876795,1.8478135231038442,0.8679851906514822,1.047618603165747,1.9411676095150578,1.429006503553903,0.22115271691091157,0.8511988607106274,0.5999068534534726,1.6616397093065431,0.8692294258249289,1.0196099146215913,0.3682511990816821,0.9012217495447941,1.8966716322381016,1.5140059038400606,1.4452526334041604,1.0008786969390095,1.4397124977341034,1.4465000099729042,0.9181006929006924,0.40087397825409826
2024.8.18,0.8444532639515379,0.4041815976534646,1.2153900940050482,0.5404868698166813,1.353416948573938,1.3446931798631256,0.7827137817395128,0.214268462006265,1.5612672574163615,0.8753590787918422,1.3123338372442361,1.3335589930921072,0.5537961702748136,1.8367229355843657,0.9030822585312429,1.2118595142229838,1.5572608356200728,0.8414186417536818,0.30962352939495225,0.17069012090966046,0.7396889463933568,0.9267791011816713,1.6378389051521889,1.8318097389319272,1.0400851509303743,0.7376496228315838,0.3862937906260223,1.0270591683372667,1.0998799575261304,1.0266069094288417,0.35719865781447435,0.36136527795940665,0.9257139888864113,0.9020299140522543,1.1690366752494432,1.8747478674201206,1.0504357962985222,1.4988676113422261,1.3319850967445517,1.2052645565394005,0.8673447616160702,0.0946967601539235,1.254601743750507,0.5407383642041378,1.7504687428114845,1.212944373234088,1.135677434357314,1.674994685956431,0.5169922138044616,0.7088274477817634,1.3553338079260266,0.5453894534464803,1.64309498415047,0.7512561210786377,0.962844167225985,1.2147387832494863,0.9150289230547465,0.9452273697666863,0.39898105817860385,1.3078193841106471,0.35878094621803497,0.3112984331973404,0.4711002227021513,0.7665703066885073,0.7414136685999826,0.7556481760138505,0.35592971086993375,1.888980688501866,0.6557586557621564,1.615144319404685,0.80253089931757,1.2337197610443582,1.1511431848966691,2.028036533723966,1.779765920465416,1.104835602069144,0.25890004285807455,1.667938379358327,0.9324624050905596,0.8727558362889967,0.469875206028508,1.4945845584899717,1.7333862648722462,0.47339376089174723,1.1437781595769247,0.4734849551724523,0.9412687717762245,0.4759496361232278,1.5384405504847554,0.14998388488210668,0.261115502174161,1.5531105993631993,1.6280396370776282,1.8060637475622714,0.40130070091394854,1.6605465056361348,0.4852106234245282,0.9043395489765916,1.631621957736897,0.38123603779476267,0.1353313389749387,1.7860091256362918,0.37384498806375843,0.7990335261035139,1.5806359087067348,1.8926649382385785,1.3772889957927723,0.1307161577754789,1.9298417072672636,0.27364538831594754,0.6089359497054896,0.9300484528634904,1.4345192297294442,0.9300146296821584,1.0619670777393446,0.7263649604066076,1.3393026614254406,0.6819895426894409,1.4204595394947124,1.5175752496644819,1.0285101341088314,0.1254658074560517,0.19765268766765048,0.9316268148756178,1.5988940584826066,0.2911236204454799,1.4829557427796864,1.5669129347065172,0.48449900951962305,0.7501959403104556,1.002771517440835,0.9787343165950445,0.1570246283998729,0.863310745645901,1.5108983941249357,1.5608395723512376,1.7478956866127997,0.508960677816676,0.972821389920511,0.40964839936757586,1.8919279633600499,1.3427139231129297,1.1959468066802939,0.21026120542242074,0.1545445064556143,2.348820967560165,1.984630952180461,1.142276278725043,1.5247504806943826,1.9285919136411036,1.8391913337212844,0.5679632133619178,1.5581365927942434,1.114266006241001,0.8531001414431915,1.7149944098364436,0.9521302803855693,0.7011233468881742,0.9901298127697,1.2309473343999942,1.4674460610894742,1.4397166774062335,1.1311654723165465,0.580376024250609,0.5078449091538985,0.8902013869750454,1.7323365751041158,0.6628422877897754,1.1003092659919058,0.8060683611783351,0.7943507107785355,1.734345067792476,1.6469657463668528,0.8618661050774865,1.1801894661808812,1.723113442471896,1.2787558020177419,0.19987814128150033,0.7645550179631126,0.794284821980273,1.3670058587679148,0.7809771185530886,0.8927033053551606,0.24974682033785373,0.6867086332885192,1.6654461966776832,1.0513532898555076,1.6709365745052003,0.7477490562343485,1.7022564036555798,1.6373543173468665,0.886141876251766,0.3746964286373391
2024.8.19,0.8791770902144526,0.5469212339525499,0.9359327666573142,0.44060270646913485,1.1316946720952485,1.553795403836916,1.0143845589118063,0.2884097869975357,2.1280992363370177,0.911322553294518,1.6870566666086235,0.9743281517314775,0.4895004297882691,1.9335643125013797,0.8588480125248562,1.794314174704367,1.97738060745816,0.7889851432249216,0.3485900113967606,0.16047762055814882,0.8038162385949326,0.8153546314732752,1.3727852772924098,1.6248632214628183,0.9200364057933821,0.7438458665148846,0.29806393242839435,1.2700662951867172,0.769665900630481,0.9839201272701747,0.46673284835017964,0.34189790107674367,0.9698405843310418,0.8089211476634358,1.0427724287336377,1.972733462434566,1.0034050964227619,1.6673180540594776,1.4233149135110066,1.3609719304515624,0.7978321415293714,0.09561637956846511,1.6119675138305187,0.6717773034509856,1.5186077961345665,1.1357776731140778,1.1297793084120449,1.4003169621431057,0.5933445216167885,0.7018339283134306,1.6009228895336032,0.5709090787200586,1.6852732866085212,0.6067063989104556,0.9364557219427088,1.2095967118282827,0.9517602862937129,1.321302346449115,0.4386302347322652,1.3985506488153598,0.37494688059001086,0.34307596243061017,0.45463800928804105,0.7919181512949296,0.9935291282297622,0.8271877352121073,0.4199868598850331,1.8040024869283744,0.6657309960084671,2.0074513619924077,0.8179007978731846,1.076153887031683,1.4523830607280372,2.0764754898421067,1.4296991694488066,1.4230337037031722,0.3192687042812046,1.6126885125171249,0.9046138402536682,0.992352564996189,0.5791705407587062,1.7868283827219003,1.431575804607516,0.3964054686456838,1.162132277178781,0.5916967899150447,1.1206925734025737,0.47345971506328494,1.5642268978236105,0.15359438274483897,0.3056596804085256,1.4922508969419677,2.0866335359420796,1.4687236520203824,0.3235407960313131,1.5928744439029972,0.6157165431996953,0.8763846090641132,1.355888644982692,0.39510202370042347,0.11346536132895618,1.5947901452302036,0.38182981603181626,0.7833403719166405,1.4267035124492444,1.896779950754864,1.3098174901611466,0.10710380109032719,2.0810211256703615,0.22982864690830573,0.5378701483978706,0.8333065087428921,1.1535093190783674,0.7904256299324969,0.9101813165191392,0.8336999139086205,1.532459034114046,0.8505883731326391,1.1138447481183416,1.8838061932888501,1.011283243274151,0.11426669845604528,0.14324682995335825,0.9366666138538802,1.3182597206083178,0.35271815895659553,1.472482938433015,1.6868628559303285,0.44159609886684603,0.7843070966016301,1.0806019512388993,0.9427336356652674,0.17956396547581707,0.7055651919769236,1.373455493942712,1.4736031667000022,2.0808488345752423,0.5249359959962536,0.9324730627063987,0.46981475367115677,1.8382249578246166,1.2933066279781724,1.163718086584056,0.19886568909418917,0.1336495391966426,1.769566428245042,1.6509275425254208,1.0069257207751412,1.4804799210251784,1.86666745354048,1.9284428376322045,0.5097765530776808,1.880220936161938,1.0985658865296501,0.8564110715724303,2.187796246690911,0.8378049602427697,0.8933261335286447,1.0781088828942393,1.5384234777247876,1.8248582400606868,1.1867173349104585,1.4392616892936425,0.7463887663979661,0.5325847024123435,0.8892620238695396,2.01409743849186,0.6476215337944984,0.9520819393521889,0.6878587323694215,1.0848826080512928,1.8713607914904624,1.6454487673068616,1.0685606660282334,0.9189296493761869,1.5145174155750882,1.6053254711959783,0.1734551915178607,0.7781305448460658,0.7850544549120567,1.3137293238084562,0.822099603141045,1.0257217409688448,0.3649496752278488,0.8010540857346312,1.6818762551763626,1.2739763040883236,1.626956882888314,1.1010718682583236,1.3881497839482915,1.870891629972415,0.6669047812507886,0.36916628281406905
2024.8.20,0.6559837468141947,0.5011126861793929,0.8963705804207848,0.49827318311713276,1.0199104289105072,1.260431639581672,0.7784534682199774,0.2796522597200009,1.8121687984220018,0.8163309202642114,1.815227908881261,1.170192904202872,0.5036871746559308,1.6363693983712029,0.8822148849679148,1.45802962209403,1.9216002029244126,1.0156038109424241,0.30151713377202005,0.1827165905524344,0.688011147756532,0.8024401740814084,1.7329867901445335,1.6910110883343308,0.7698127062069747,0.8097911851884104,0.3646051305930017,1.2174473714651082,0.7652377970381764,1.0591485073991358,0.4603457095323503,0.34822258741689227,1.0152724600326628,0.8897723231256464,0.9709737603478288,1.9578472961974027,0.9759051469682634,1.55207499126886,1.2674938765399655,1.229437013032633,0.8986538685761993,0.11154327346065579,1.469598486281772,0.6781367700254572,1.3132986999455674,1.204073317935604,1.1385639473364235,1.3579619979955386,0.49893938184859826,0.8371030111313286,1.5012579663757775,0.4467292147176143,1.4581686191772931,0.7074055401187891,0.8405720343582329,0.9768775850308149,0.6805495445920345,0.956450107973759,0.34183422336648484,1.4982008668583675,0.3377469763244997,0.287705938839639,0.6057721563478866,0.7971331031662786,0.8463149116813876,0.7534622925270501,0.3653878486281796,1.3240995851929929,0.5626502591587972,1.8647483014123576,1.1941178575598308,1.3737076375261075,1.0211251661512113,2.199688525726641,2.067956513403086,1.4125519308962193,0.3271046104163333,1.8646937720633265,0.9965051420596994,0.8530350707818257,0.48875777224905825,1.899419774760689,1.629154996634601,0.4422828479958547,0.9333935429073114,0.6045196715817198,1.1026542770282253,0.3901092638470658,1.6657102475075507,0.12781726440282448,0.2871784423164873,1.585418103850121,2.2074151731503124,1.3305477643664843,0.37744581538580296,1.9495470495205949,0.4812623035084564,0.625634613004975,1.5271055710752017,0.41470890250897857,0.12776268229560886,1.7204071532825331,0.296792157896952,0.852925296620512,1.2813878459140469,1.9048434886508818,1.3523648495461793,0.12849083740548586,1.4555074724846444,0.26573378018786653,0.49336581344799263,0.9701211836826604,1.060850041498157,0.7424319080546354,1.2452644796011476,0.7231103819641229,1.2722417014134106,0.8149270901247203,1.2388252328002558,1.4844424243465484,1.1165879917554373,0.12824266423779654,0.16750545234079964,0.7911076207470592,1.4915103901833326,0.33756599167956186,1.676758408291616,1.3909938276622746,0.6215824725117506,0.78937129236615,0.9379007356897268,0.9781123501939026,0.20121628416022294,0.7195546330291519,1.0665581221353346,1.54691094744514,1.5523461443451931,0.39440170595370805,1.0607605878901039,0.441173811723504,1.8926753711011035,1.2050740560391966,1.2770942483442016,0.19222224463668025,0.15125249517965733,2.1343731667671464,1.4423008412255398,1.1258696552516445,1.5942982127895893,1.4249900004128717,1.857530336158802,0.6150486398826498,1.3696533025511732,0.9692406200203711,0.863603017408079,2.225160868071956,1.017447453332901,0.6616009396729713,0.8305565422046376,1.2784197186850794,1.8318754983547303,1.3152740499703148,1.581392278870242,0.7001199268822789,0.7075903065341338,0.8342541914656149,1.5603766611075893,0.6288166208566374,0.8249423557128736,0.836806547411886,1.0129396759238338,1.9159516178109146,1.7426494435154354,0.8831288614076696,1.1692450033392363,1.987138488765147,1.43465786905674,0.2166492924207003,0.9508817835545067,0.59588889513343,1.276695307017953,1.0424289969648117,0.9224170199425474,0.2932666944039002,0.9289821096804142,2.171140158202645,1.1968612699259433,1.3587913375538483,1.0552476681221272,1.4287280173086578,1.537338699200564,0.6310133186324669,0.3944339480087014
2024.8.21,0.9641826897224564,0.4452572730864963,1.0403643762197492,0.4766997765064573,1.20939775332106,1.5642153100817215,1.059786740327438,0.29226123181978647,1.6421063619908454,0.6818719120349094,1.347507273463548,1.133840896292726,0.48700112139880575,1.4070092806073673,0.8357623933491066,1.4319372893617268,1.82613643595477,1.0057572868333393,0.30824615016199314,0.2052720633826163,0.7050678331320245,0.6556423256313849,1.8127213677326477,1.3465283774694194,1.1201665044265132,0.7375008749562846,0.3256303707657642,1.2966253195197686,0.8489885035677723,1.2530213569284663,0.41490498463866277,0.25053077343510066,0.8399985504525104,0.8434133764773741,1.2300583616091574,2.0245825914069457,0.9971598562811129,1.6587315612846156,1.440733174493834,1.140836807610227,0.7578557557921005,0.11582626682062887,1.3797006702596613,0.684561332665327,1.561899103080507,1.212922101902552,0.9951159376738988,1.4267603182679314,0.45028944762960554,0.720080323646311,1.837064551920605,0.5103067772518673,1.791988974401387,0.6881638119273283,1.033168697279041,1.1127814276045258,0.7957513545076057,1.3548381516031955,0.2979534012796317,1.6315012193375853,0.3767399385531698,0.39615592692710283,0.5992810551904928,0.6854291551922519,0.8828289253009044,0.6548961293701968,0.36571408403514827,1.708573759298959,0.627244248536251,2.11209597772218,0.8993548312336892,1.0703856770629259,1.234371047124714,1.6555857147827227,1.7484015932463306,1.1200219273629304,0.26941758548811523,1.915142096228834,0.9427318834991268,0.8177796586605695,0.47209604881635087,1.902378897387612,1.407008065305473,0.3907770136362565,1.2037743666946648,0.4614194513221308,1.239598923712947,0.36266873079075646,1.30110727715956,0.12687431159885681,0.30838692076992985,1.4863951246623344,1.6876258770130208,1.3733498099408923,0.28245754432462733,2.2577711871292174,0.484831357916001,0.7244304122259281,1.4182448643627665,0.4334461614421719,0.13705964425146464,1.9849576688620707,0.3804688870295368,0.6525880123988755,1.1595555640557602,2.266934885694884,1.1399535708255395,0.11437556710436193,1.4413783895062315,0.21542021323668142,0.4989655526754047,1.0856228284924179,1.2300108733111108,0.9835775988000248,1.1577808773995635,0.7066315754489156,1.487370622828305,0.8478661096513951,0.9978192412493251,1.887228245136682,0.7744517554557309,0.13519209272132116,0.14849424896635408,0.9692913676746544,1.5222399455118663,0.34197985165467987,1.8077201764610475,1.9714970400409595,0.5033925212464576,0.7842884522995837,1.082821071889941,1.127319623637184,0.18543971070333742,0.9399659089035546,1.264956609811331,1.6265246110771092,1.68258099976584,0.45173852986990926,0.8999290704037252,0.4183915842037449,2.013422122480565,1.7283176429279061,1.5328460066603604,0.23432175859247004,0.1394228301838211,2.278401150695888,1.6638840668574646,1.0412952167061142,1.5745950895215508,1.8494122420391161,1.539831631951998,0.5943887814974659,1.9498723637932045,1.2366722662129284,0.9893562847987636,2.032129273014795,0.8966377752494487,0.808236519397777,0.8939670295977346,1.4047566121590194,1.4002209085992787,1.1493220622359732,1.319243692615572,0.6806380652951888,0.6387811937741339,0.7588187084351231,1.7369273220284271,0.8179739138042659,0.978985616231242,0.8313536026237124,1.0304736874779161,1.6468162753970488,1.9723325453350367,0.8068290998660624,0.9648443995589254,1.6700348917027517,1.5913665980021907,0.20353970048995426,1.0298398529736574,0.7411647577057138,1.2107826647743336,0.8875519570352068,0.8513386090541958,0.24886992318938375,0.826607622817685,2.344395369929914,1.3787603365231356,1.2949336409471006,0.8439168944872799,1.2933239250128334,1.834605117745325,0.9119669096383453,0.3813677204769872
2024.8.22,0.9195538921504495,0.3941890010230319,1.2477297910062217,0.4722356716306923,1.3281922615816562,1.534718505057912,1.0163649395058612,0.2700597208397735,1.7881866512064257,0.8289639516090702,1.2766259571504768,1.1816062045704194,0.47902005400801995,1.4722051813262982,0.8462906505627948,1.6092958030712543,1.9581137755820155,0.861306338372702,0.3554556025351352,0.15581407095447267,0.6975705341413142,0.7577948723004664,1.4036382927204762,1.7758874252613304,0.7696693654314671,0.7311413784124935,0.37611306118783605,1.0132519348806572,0.8413692923065056,1.1451319721011401,0.44257557093068706,0.36782594597588897,0.8787516155109796,0.6565804057450643,0.8975516418167417,2.2510552941919286,1.22556551323329,1.5191916387868014,1.7421804795704066,1.5825236060194563,0.7413462480810669,0.08970819495587283,1.2272325363857575,0.5860573641729924,1.6371640864610193,1.1660777990282563,0.9344637235366954,1.3821622854508149,0.6179361718500183,0.9004942800859383,1.3388704149694226,0.48807373887299804,1.8543111978880693,0.7587991606968725,1.1555823726656593,0.9567502361054028,0.7591787309306938,1.4026805478980011,0.3382801945422125,1.2572732271721196,0.27433149147228814,0.3969780508642764,0.5468731125308699,0.850471311856369,0.9167145074223964,0.7023536979479437,0.311845345344387,1.4808000287802079,0.8152699345542994,1.870105274297534,1.068190695724637,1.0210182009007127,1.446502800657468,2.101016199035265,1.5941050868292546,1.2332175055302699,0.2559169243202451,1.5951833177842838,0.9976390821053701,1.1326319912284122,0.5873792969047181,1.4068713130824708,1.6177777336302428,0.4882890915959083,0.8358237533439452,0.5491421723961644,0.9393216676738947,0.3643672598086217,1.245326347463818,0.16919230432102222,0.23574947777620195,1.666852306350005,1.8559176650742153,1.7828015801235773,0.3324074767103919,2.047225490246617,0.5861449524242409,0.7561904614381266,1.2621823470353233,0.37285579017935316,0.11309559039267841,1.9786322651721298,0.30404760533129827,0.692279209195488,1.2163015897367233,2.11842406577987,1.1659813021853072,0.10824462773844513,2.061970500300068,0.26830349205766896,0.5053998207797562,0.9460825116766641,1.294711327558786,0.7388026671601781,0.977365122345631,0.862907436773554,1.6724165048176054,0.740232646798052,1.2440614590343284,1.8485558362544552,0.9813075225114581,0.10180800810423844,0.1381592895200241,0.9647436841469619,1.453057732475714,0.33862214946181307,1.654119192017909,1.5955927217137806,0.5453474380098594,0.9861528700554836,1.0840853247357438,0.9855986745696184,0.197844386606991,0.7416860392553226,1.4860768982474626,1.5258232565888767,2.0517573388607886,0.5154500541882728,0.7505734951927214,0.4430638027156516,1.7982852166912822,1.1930163689495956,1.522562482269048,0.17083905208921885,0.14982140407498237,1.7516268925582852,1.8631389835490033,1.2590568112706766,1.4746549987307436,1.7488938562202967,2.1669625297691493,0.5628986382778874,1.9790132134792113,0.9791106096843762,0.7597414725974002,2.230631408428719,0.8582456573685724,0.8110845050444618,1.0243279428634595,1.2689608382939654,1.7477184712203861,1.2630293060604256,1.517809041127946,0.6868816311126006,0.7224268707529762,0.950070542723816,1.495537547667938,0.8182624964685559,0.8239202822018523,0.6542042363370416,0.8052455710642845,2.0591805010340485,2.210036749732227,1.0338189401695999,1.2687007585963943,1.5680420921578697,1.1849316572565556,0.17909557031990544,0.8453963214260941,0.6034865275434125,1.5544778299143336,0.8455036915645715,0.9676437972919255,0.33294539988422506,0.8869237817151224,2.078782621509029,1.4690636419210086,1.26266186670598,0.829247898582102,1.8008418394510666,1.494678465601888,0.7855098220386888,0.39426169478890294
2024.8.23,0.7182369770446544,0.44145289744422184,0.9369747726147626,0.6256542405313957,1.0624704662142765,1.1599017478779785,0.7816779689194365,0.2589327977735125,2.166962298753829,0.8452140263066567,1.6933908025026017,0.913135479210327,0.5107205578618498,1.307695124367476,0.8956166217550979,1.3322002096858185,1.9695938608747738,1.1180410593925691,0.31627452197422423,0.18487451560674595,0.7474650865891366,0.7704011568979307,1.3270051814918973,1.3714006407637729,1.008021017268553,0.5780616731978805,0.36109131018597806,1.2660333747424157,0.8358907949862517,1.0021807625030588,0.37792732931384815,0.33850979851904966,0.9349213653610622,0.898675535374195,1.2537408213279433,2.341521005716024,1.2805361087063067,1.2918147568474543,1.5818670227321754,1.6590677857161942,0.9871475458618858,0.09749334269591554,1.6495564062542651,0.5208474022683416,1.6342011269695897,1.0349130464593723,1.1178343034892062,1.3657675015783686,0.5865045206354297,0.9951868126155362,1.5742514413578144,0.43463291559835565,1.8151089502114144,0.7301783834305555,0.9965230033131883,1.0894203960136555,0.9323671646220568,1.0754959458405449,0.33023051639393886,1.2168023020068193,0.31589805252914294,0.36350159033465734,0.5647609609378844,0.6280828862559017,0.9222358747437466,0.7431217058374703,0.4349821352397409,1.2670383938605232,0.8147136152480842,1.85587512948616,1.1386954859116514,1.1930416078403676,1.296311577850741,2.0563737170531313,1.7183350562884971,1.3957089975799928,0.27853125088171277,1.9465608917506112,1.0528214830379072,1.0973771196573936,0.567734943885336,1.859678672653471,1.5015084414462119,0.4555100691426217,0.8766184486070728,0.6167370572256218,1.108110811688572,0.4580735666458467,1.6746639057972847,0.15804100431874918,0.30741546091245564,1.5236954484701162,1.5518756883224034,1.437267144368938,0.3294727740866706,2.3869756191742657,0.5267676558755813,0.696221041679986,1.4933641538226068,0.41197215794627023,0.10291513450178348,1.5908457781682674,0.3344011357976596,0.6988352532997121,1.628317625422414,2.0891589724366693,1.1606612104291192,0.11323652080133038,1.7758091981670667,0.21241640585743993,0.5715599210629522,0.9651006037536591,1.0120134308986852,0.7994891462920389,1.1090792748941043,0.6447912008807032,1.6061654842919733,0.6322227488900501,0.9975500333913909,1.446476183427046,1.069689280550786,0.1158346286127059,0.15596042602142565,0.8279360585097624,1.3244265872246708,0.29003437355287814,1.8087906324279577,1.5447262015585117,0.5909829494395974,0.7017382134750193,1.0862145476919125,1.063609241337632,0.22451572334067157,0.7824281653691065,1.0766937328712045,1.4599160574602073,2.1096952196870635,0.3926409343666232,1.0046005356681666,0.4084752181556604,1.6959664822666443,1.6254124026184935,1.2829248792590113,0.19437461791561436,0.12602703995981746,2.278576399278514,1.8385380092485155,1.1476630671114614,1.5588641338973477,1.6045631391635935,1.837897728187269,0.5097872058445538,1.3840808700349863,1.0409885520571227,1.08125680697005,1.82473448195587,0.9269933871944543,0.683626037134746,0.9560828422036736,1.4715241545443598,1.519654444214923,1.2838546858249258,1.4555821621390728,0.6225282387105973,0.7342945854283123,0.7361587528099961,1.6796194807574927,0.9294234667587763,0.8389337067592151,0.8105936789490688,0.8677734081631018,1.9996759608279626,1.9725251051910728,0.8907329148815524,1.0557401701499787,1.467038815561509,1.5415288883601908,0.2388354410055781,0.7695768253370616,0.8405964866853173,1.6457116835117076,0.8880211117877931,0.9894039629113172,0.3690216294122705,0.835474786135613,2.16246866590685,1.2211261422861701,1.4311232241099852,0.8748095989409441,1.4056650816783305,1.419926706424959,0.7889568553115127,0.389625957170496
2024.8.24,0.7083305454049206,0.44416562816268124,1.1167091323482585,0.5036146733654853,1.2576573794051014,1.0931166229097993,0.7829882838618493,0.23959546728618172,1.812533688279142,0.8970338130901161,1.5904404252611868,1.2995515621351137,0.4300313162222558,1.8881450378120066,0.7071610056185679,1.7716362086964916,1.860421260634093,0.8150058426650423,0.38075761052254264,0.18548022076538653,0.5996985432916558,0.7764302358218694,1.281366721473148,1.8215191983219585,1.115982096724058,0.7044219957635669,0.36743795920242245,1.2569555642354664,1.0811456933850323,1.308054985041117,0.4035352641805078,0.2861294344659231,1.2201914715158617,0.639825117422379,0.9814594718744424,1.8912787559037338,1.0514104020241148,1.1834985579909287,1.475152189311703,1.5544159989056627,0.7109733938458019,0.11932808497186008,1.2419464306709522,0.7663700882356602,1.5049960407469027,1.107607885015523,0.981581055677653,1.4952203630908847,0.6174777500049689,0.9958575806427463,1.600172650207937,0.5160790217084879,1.723381168350226,0.6643361537562672,1.0558605504066068,1.1442104519551888,0.6767053434260843,1.0362331036445842,0.39633095546156744,1.6964877695055272,0.3317592271337236,0.33050868979237324,0.5479288880036376,0.7303131787186412,1.0092157361213479,0.7051599596292031,0.32812050763337514,1.5173540516582091,0.6488528307602125,1.607575735425676,1.0230093547803285,1.3017861691516126,1.2645509311677188,1.5497029446019157,1.9886383773639864,0.9623498925705292,0.2963578216816945,1.588136915739446,1.2991027584637964,1.073848995668332,0.6030077059030235,1.770851070522841,1.6699632828442237,0.5171496470719799,1.0346903884866325,0.6433683058082313,0.8509801920671406,0.4487972311876197,1.266545523401609,0.15621104243694042,0.2203700624174654,1.6419889686409586,1.9037588273528792,1.5493915861549725,0.35634025258220614,1.8200299758783889,0.6420964948139118,0.6868084755335444,1.1828289454093253,0.334836022926651,0.11821850297680539,2.0864439836988318,0.2686525152989325,0.8640597281105378,1.5107597352517854,1.865371411478963,1.0628071333151383,0.10666016619912233,1.8354929304604028,0.24207705909201668,0.5137370632568083,1.1038835342079685,1.1335589772543537,1.0049518761172698,1.2190976299709337,0.661996554132791,1.677153692605022,0.7999378329355203,1.4126821026710803,1.786155018391549,0.9752777154933273,0.11377799828835451,0.1437669126503976,0.810330088282706,1.4479285574196334,0.26351441781292095,1.4356585012019354,1.7828453873414116,0.4919871799727681,0.7170085138184784,1.0012861218122215,0.8740809335982639,0.22731666421802635,0.9438571077268887,1.5364819668983059,1.5618906327422375,1.8615243035539955,0.3972588008487015,0.7998565351671858,0.5070249898100844,1.6318531337487792,1.2785171216106572,1.3939949202478326,0.18843636625890786,0.15297260173860378,1.809443734794146,1.8462986839442292,1.241695397220426,1.6721355591146247,1.5012467370658973,1.9465822623079037,0.47652225464588616,1.5184117549215217,1.080948739934079,0.8204235401721139,2.2471823512395908,1.034215370125112,0.7056493475135727,0.7732307785612281,1.221833954593135,1.822233313639977,1.4634068165280316,1.3159612507551506,0.527211476509502,0.5807900025371674,0.7281354662523951,1.526781874696818,0.7461874742827677,0.8825455654774659,0.7998325817499198,0.8141193873334474,1.767311519032681,1.8534676574166304,0.9293890558714742,1.0226192921929813,1.5093752426993443,1.2494711353371577,0.24848088001526308,0.8067362883931269,0.841572534923413,1.3440293479939645,0.9787335960449068,0.9312738965107862,0.36717505043909604,0.8939771915287975,2.199191043219495,1.2555418797241062,1.1947610255441932,0.8655252877985004,1.5465498828979276,1.4648422862484258,0.86446285313783,0.40548352445083446
2024.9.22,0.7088433446995402,0.521420066690258,1.1541053175627836,0.6086157979386796,0.9999093184225345,1.1097121384157076,1.1216718607331155,0.29056982315166063,1.693376436387404,0.7945106258587067,1.7556055820075094,1.3266972509439179,0.4353563031457107,1.3720697374883322,0.7825262455479227,1.6733744648291726,1.9487934070018142,0.9215777416971309,0.39883854464327095,0.19263796545629353,0.5689582365635685,0.8351279040093251,1.6728947466664708,1.793133864779349,0.8375180340240764,0.6014221387424769,0.35151923591397455,1.2565509739631435,0.8368458848508488,1.3088512170329383,0.460765936394199,0.3512627011904414,0.9573139625627282,0.7845826733185725,1.2251045451497657,2.221158641202109,1.2704302997253205,1.563759563037503,1.4900059535637984,1.5881639929811395,0.8476859246895733,0.11541153163090283,1.3297494153614242,0.5817902732668488,1.234616346873809,0.9166040614809262,0.8743240905956675,1.7930419808403535,0.4557787578293836,0.9185254152431483,1.773683883204042,0.6062966004311355,1.4329477063169267,0.6877416834884474,0.8044912413536025,1.2018511396849056,0.7181487150811706,1.2964470904370078,0.39214361425113947,1.2067811748153305,0.32920006841262267,0.393247883819876,0.4591335143341261,0.8622381815017087,1.0316631407712782,0.5954447346345991,0.3023650965238699,1.4108344188962836,0.5635573874904295,1.5861737091834787,0.8635751410201361,1.1937618651047794,1.1172275342558355,1.7925654082889737,1.6038652572895762,1.3482618100287107,0.2506770125312961,1.6936539577774306,1.1522822213724115,0.7971151569058997,0.5055212172596737,1.4573660046245593,1.3947869111079507,0.41336275657863136,1.0502709342539183,0.5507588334366293,0.876535131507907,0.472561464738161,1.7470308245375552,0.13967392887718752,0.30904576305190257,1.4131915382377491,1.861837295142189,1.6346135759448113,0.2903887890005526,1.814943115843416,0.4575560326349605,0.6362910215454736,1.3852548990828373,0.4565940786398271,0.1365805295814829,1.8510728641622687,0.2677843427409268,0.6908117032634687,1.2654617553455882,2.2519776386204424,0.9994537015964051,0.14205664599936874,1.7425009439173371,0.2242957018240624,0.5986232295693805,1.0485843109113444,1.0129249392534938,0.8259188576567883,1.2315902072566531,0.6341926921508039,1.709904004073193,0.6545166710630074,1.2964051388682531,1.9085192603132766,0.8918317357847588,0.1269816506024255,0.18174229625613736,0.8179306344117849,1.3160120459930622,0.2852017700085778,1.5972572947348236,1.5550335172855962,0.574930205096265,0.7853264922661599,1.1709566534277227,1.1675676296229893,0.17685710175012384,0.8754416642487843,1.516018857548063,1.3148737075531092,2.0455721479100113,0.5572801027535369,0.9864955287376017,0.3548488434659008,1.7699177151295633,1.7300555674720055,1.464901578821375,0.20078055626826904,0.12288804206963652,2.331974546113867,1.7929618600552426,1.1922706225528998,1.4153481648710469,1.9046664698992755,1.6084185667752655,0.5986149104523365,1.572174860782304,0.8924744513788195,1.1073022308839215,2.0567601458058387,0.9787879872965534,0.8604680858692985,0.9626916400650875,1.1681654995733066,1.5303034214185591,1.496683049594712,1.1860136094980176,0.7179989607272604,0.5629007498335854,0.9379615496328946,1.6575652182823684,0.7256079789480231,1.1268317630757498,0.620932415718234,0.8983376496376618,1.55102200518482,1.6525851303589383,0.7493497314376257,1.2733198729262853,1.9050671652276925,1.6091374522322217,0.2349718178015307,0.8667365691012221,0.7811032200038953,1.6440447805781375,0.8241643424210026,0.7487236788272544,0.2675462887895274,0.9270733313205696,1.8017434458869768,1.5426756109743356,1.4405943721571368,0.8714655638757957,1.46722310433554,2.0235425765625874,0.7195848833175478,0.3940918787312254
2024.9.23,0.748073374002077,0.5038365620386921,0.935128565123681,0.5537091135279238,0.9837668330442024,1.066102775482491,0.8916886927134835,0.283964806916279,1.914905365846146,0.6951570011351815,1.3218939717106426,1.1606472915172528,0.5710070789898994,1.6692992452015152,0.6982153350543229,1.2548219978909685,1.8529396910195919,1.115295028862379,0.4153175207849156,0.1502392541865783,0.6468634647420922,0.8200545861493495,1.6508103574571713,1.7458996442525876,0.8012631392509042,0.765685521103112,0.288163200917504,1.277567050112009,0.8451801430110447,1.3047589040573409,0.4015915840683242,0.28324549732564874,1.0191930044499102,0.663261738522237,1.1040275219534483,2.1716759353697017,1.0148609180389883,1.4863678774432998,1.2573172877419116,1.247685950113517,0.7512439211826305,0.12273769029176174,1.3183837187198666,0.691674830297121,1.415263822626825,1.134379508982719,1.1432281410696552,1.5459122553094278,0.6342021430777514,0.7638352577444465,1.6755824592035606,0.42348208215472866,1.4355596832465538,0.7502138907526406,0.9403135183787402,0.9789401021586389,0.8939706065103358,1.0562552041222262,0.3861506021103939,1.4188487392496312,0.3062130224459872,0.35882250001117,0.5297651681105018,0.7951501015507951,0.9363808989342578,0.6494042081905467,0.388374856720266,1.7795949973552754,0.6010694462414454,2.1355349048712373,1.0941827346005193,1.1149376462203746,1.1636753729156846,1.7141281528832917,1.5257723657006954,1.4143086442844464,0.30172800075236345,1.8879842840083034,1.251425011755783,1.106411845013255,0.5358396469259011,1.3373314540286443,1.50665129443536,0.4029555899820794,1.078551273200904,0.6464614256412122,0.8310307516777662,0.4988384020552393,1.669378965329939,0.17090897686498407,0.2491831900161272,1.1885819427365913,1.5952606032576193,1.7808245409722594,0.39089530381162674,1.7188772869815638,0.5500997381072396,0.8253828691125359,1.4617530996553758,0.37102662943469084,0.13170973873002045,1.6992468329462755,0.3564167000355795,0.8120994031721637,1.161801311014059,1.6289942975651492,1.2562971821866082,0.11734878481983518,1.4696122309925104,0.27431785747211695,0.6169303931117561,0.9650389271714338,1.2060302187621972,1.0464633960283496,1.1112086558631955,0.6803811449322057,1.15428773324861,0.7242847137957736,1.331013877797625,1.4351865056307018,0.8198199989761605,0.10630534916946237,0.1699248882850143,0.8092473292892106,1.170833465984836,0.3553979505498184,1.5535362101982757,1.8638003359524393,0.45200383851411335,0.7597551469171746,0.999950280835848,0.9864484105722956,0.1921677017387493,0.7697778254029705,1.0683720466993603,1.805434543357546,1.8104499112860204,0.5244784016450543,1.0503621041563096,0.46165147528792466,2.0654715077093484,1.7185106844052902,1.2066773206033226,0.19752398879447963,0.13755777087947302,1.7873325721666318,1.492500404042322,1.2208397781283347,1.4039962583240606,1.7984076215768379,1.5063129132434414,0.5361383789499333,1.8398969347716996,1.2459954774048576,0.8015979604190099,1.5539228531507256,0.7145117126921446,0.838311889714624,0.8011326032648399,1.1843473375705194,1.714042595699087,1.2478886470418185,1.50079645729272,0.6907357510040071,0.6999167487981648,0.7644624792579483,1.664463338035688,0.8166295874101933,1.1524792328728177,0.7371065397216164,1.0311995370165719,1.6003088020216176,2.023951020404003,0.8520610919967473,0.9188986786664902,1.7581687524001397,1.1613789548642313,0.2405830226225553,0.8086959649755651,0.8470934858128675,1.5724214842805895,0.7673197898942494,0.7899595744158023,0.27006097466884155,0.7156304266687716,1.6284938292482576,1.4402409498989548,1.1309529056953562,0.8516064456870079,1.816089696702487,1.7623219704526938,0.7715693937655892,0.3757411578646933
2024.9.24,0.8196634134780671,0.5515266900882064,1.1401457962992785,0.5881531569912337,1.2137665913361813,1.10636572510101,0.8903259058688661,0.20263683823863002,1.6289456497454176,0.7461917220486566,1.726841158073675,1.220155154096557,0.5878332646748445,1.4733376244691194,0.9391440446631594,1.451908473620581,1.8410349410856537,0.9168009417534853,0.3262748284438989,0.19141945153422013,0.7580642452252632,0.8441041924079072,1.612567252282496,1.3123908233070074,0.7934592400710385,0.7026916861124699,0.3368115245162134,1.313379468300614,1.0265141834933371,1.0175960585794088,0.3850222990891616,0.3566456408765271,0.9017769543320525,0.6228770367730703,1.1989363077701767,2.0216367162809896,1.0825947737381616,1.1513563119371812,1.4448116137556766,1.6476228195746687,0.6897052125273827,0.11325497704367445,1.6530787093725996,0.6995849645736789,1.7433396985431908,0.9246178352734832,1.1542744511386496,1.349123438185266,0.5855618894652073,0.9889772259410008,1.7360664171396194,0.47566888124011003,1.8645032838386617,0.6210877479843555,0.8231243164500577,1.1351837665309805,0.666237057575974,1.34342201197978,0.3002063669768197,1.480144060672083,0.2981317045976342,0.3969206740306105,0.49385816970215407,0.7012631155804038,0.7873478953692795,0.787126887539102,0.37849030729504457,1.4755923242581876,0.659856070718669,1.7045082182580507,1.0428991078290366,1.2527489544736643,1.4163330429236751,1.7304414267432162,1.4815127660333547,1.0031917678991928,0.22621909044558838,1.8643771652080483,1.1964137643072172,0.9485717664641425,0.5265367719330775,1.4671729590097948,1.5215275984576178,0.447962777594553,0.8224125489754482,0.5556169374426682,1.243885028236122,0.45713884295093427,1.468726350829437,0.13501083762043786,0.2476333447021748,1.419392990258574,1.81666934372679,1.3807881033769973,0.3107094197993946,1.7223107670322941,0.6392440927020109,0.7064608545845206,1.398287255706674,0.4249685867746854,0.09702338873095992,1.7863619141258364,0.32026983760027844,0.699049520869522,1.5133420021988055,2.2942480054049947,1.4494272920388638,0.10991249765455696,1.9430198583527372,0.22577579102138937,0.48949381167310224,0.8748460436595831,1.4426009457118172,1.0488178095700038,1.0247861542404362,0.6538499482117125,1.505666216524062,0.6126619401477138,1.2908874328205981,1.5524868598946762,1.108148076477173,0.12475081298925193,0.14377676089877592,1.005174200294158,1.6815198492916166,0.37405844755830375,1.275297529180482,1.614482082607518,0.48499785837735204,0.7708021546627171,0.9843109415671886,1.1024325292123625,0.19895824471763926,0.8821975148042547,1.5079705890837027,1.41370674393535,1.6375599118646196,0.442670078701511,0.9578996358834725,0.4992777594161088,2.076694871940762,1.5765914950909394,1.1673383758407008,0.20244736926536583,0.11961589324113207,2.313972104115116,1.8949640089965205,1.1836279966400542,1.608525326253401,1.6968723774033,1.6881950569075745,0.4797174686664411,1.7203042187899358,1.009037560070801,1.0230913053519584,2.212068250069811,0.8168882464077742,0.7069683009872684,0.9196383870364857,1.705823290275766,1.5408233406507994,1.0427605192651934,1.5812510890009353,0.6376399031865784,0.7342606450770744,0.7983573257129766,2.0990512553410214,0.8792309585658867,1.1137213233519225,0.5821717326446031,1.0071593636196092,1.8422034709130586,1.8025112507300947,1.0527681254106345,1.0741882688266509,1.9591331879840486,1.3544234377788087,0.1889334556330762,0.7885474132906669,0.8138789434554844,1.3815643426844224,0.9103901715596856,0.8319770784282746,0.31764017729034394,0.6831187658150499,1.5939713375587303,1.4988495578357721,1.3132065740721717,0.9628592878679553,1.4326897707904764,1.9312471409565501,0.9228907123504438,0.3999065160244203
2024.9.25,0.7895321427431612,0.47225218105838535,0.9895175603253689,0.5266666501770316,1.2182165204862425,1.4172678797852558,1.0563839531177575,0.2007690438313778,1.5094860394088816,0.7721039720294681,1.3601062964057775,1.3223449811202799,0.4735422563722554,1.6548263720529588,0.9254360888161772,1.7290906302596822,1.798769338989698,0.9997006921971681,0.3214303248296836,0.20503729689597672,0.6171324905610486,0.8949135300342803,1.413267543311291,1.4844628881649362,0.8614914315178771,0.7496844772089837,0.3949943152594874,1.376446513612102,0.911319227961199,1.1141574577411386,0.40729837873748825,0.26227189286619895,1.0720567155410463,0.7499252201408415,1.265656917723647,2.3221240379687225,0.9731268643274277,1.3266661250314231,1.6625938986507405,1.2226143156518992,0.6887204646740214,0.09840843743865527,1.5386803726645935,0.6746108755891381,1.5425992512312419,1.1429942032452736,0.9875938269473873,1.2807098394340677,0.5730145493443886,0.9969555845117212,1.8075583770856676,0.4582485004362071,1.2648418142947528,0.6022639594096372,1.0162058088104982,0.9241716873399167,0.8095473199882367,0.9858466326270193,0.40629843026728313,1.4548472401435106,0.271193661222017,0.36960559687707145,0.47601505488326756,0.8357963115082649,0.9913195033369893,0.8037047783451315,0.3522081626906316,1.785058666354772,0.8130991810968984,1.736904953259091,1.095439768564079,1.1493385354155419,1.2709129284014518,2.2398942515036766,1.5989638853900412,1.0368286918555865,0.2259585571638976,2.0682311727609672,0.9325092416389135,0.9113575516622349,0.6531911595456297,1.883914605365029,1.3985128277205419,0.5448130978194361,1.2070798455133018,0.5246119716428427,1.1621110151276177,0.3661032947773192,1.7509429291305592,0.1363619297472331,0.26876359635536423,1.1940886741241337,1.7363560184069113,1.572323022773055,0.37505098140451937,1.818708794107493,0.6360883353548098,0.6408381644395014,1.5777336453701387,0.3145538582176108,0.12645888445634795,1.859999956223029,0.29561395435770316,0.903023645411683,1.4468559071101903,2.0081082360091083,1.0506639177329706,0.11985618915511041,1.9283741639197276,0.2876268506257197,0.5365894673581234,1.1178950328177928,1.4862274692933592,0.798396105152379,1.3219811798504946,0.9467446506647419,1.38516551358876,0.8382364484350546,1.236286851786943,1.6056238245067251,0.9481942123724272,0.13596023023452591,0.1347502577055829,0.8460132429231189,1.1951666547222133,0.31298563417430747,1.6209104348046095,1.7889951125769845,0.45397062975184177,0.9663065837498158,0.8835266527766292,1.1344230322276554,0.23017539785481053,0.6639191470371024,1.214808162005051,1.3309788492612664,1.8181811155140557,0.5252479118908028,0.9221078621051163,0.48418554576773865,2.0090466412142556,1.587482502590928,1.6001918565771498,0.1719888712613251,0.1337449705398372,1.608921039315316,1.9157268146245041,1.0342203456352834,1.502798167412486,1.7380521244163418,2.0335317843135936,0.4733401917235391,1.7524043626142887,0.8842082184541922,0.8207526296109225,1.8906308383586645,0.8653047804961567,0.769151227265087,0.9265579180437571,1.2369810558174885,1.391444163376843,1.4789801263930789,1.4877958952267083,0.7477349977492912,0.6439120626164015,0.8566582815441612,2.1002029254452643,0.9138217191409381,0.9197715906831051,0.7967708233876869,1.025198940409241,1.6590992573990102,2.075249181741466,0.9259312574226704,1.0622634787414729,1.5009800203265158,1.5032524885481158,0.1929467537604298,0.9659176644855203,0.8188249857974143,1.4890218019179438,0.9386598004475157,0.8310042780969955,0.3265255373292841,0.7820856032870822,1.8716812010469024,1.2616776419253068,1.254484066593872,0.7950306400139339,1.704801006149683,1.6110068987944064,0.830711090258248,0.36526398817396416
2024.9.26,0.7438486638099209,0.4048931973572623,1.1000639406227417,0.5422957009961089,1.2646289308924186,1.0940818985338396,1.1068780510489973,0.23545600765960858,1.5480374725501056,0.8645163204035766,1.3366485982212495,1.2249458267933386,0.45307771253822027,1.7178287408793982,0.6410737536087238,1.7684957700404556,1.8908885569488085,0.9084150873609705,0.31210028171932785,0.15363057289930557,0.7493060059622735,0.9104829243193528,1.5139202219451013,1.4586710345951595,0.7858518185826433,0.571074776925093,0.3887370091949471,1.1138321102508995,1.0329544701794986,1.3567620373606222,0.46184571665221597,0.3356562629487311,0.9365100432255788,0.7106046913758498,0.9706177602164373,1.7285836521546658,1.1543057946573383,1.6621196073468842,1.868488428665075,1.6425044918339158,0.7358084002931546,0.10652729919539072,1.610054983205597,0.5978191755918458,1.5150730742865117,0.9459782700779907,0.8311803625574332,1.6625136272359806,0.5866992134339302,0.758799431771994,1.8629842072612537,0.46460173443553754,1.7088992044739446,0.5204752451112633,1.142876376963479,1.2196238809451767,0.7931687631582728,0.996682195463896,0.3459595248984813,1.1941798506913228,0.30497370021723397,0.3910879584264408,0.6707144565537257,0.7962349570846918,0.7054192081277004,0.6003171229714712,0.3532357872363721,1.2630078737253103,0.5906164583218133,2.0208200505765657,1.1108796136676333,1.4362396682258476,1.2488260871431165,1.9844610633298048,1.9344945534695583,1.420245669536844,0.2631159790534905,1.5405355708042556,1.2077004888017304,0.9907596027114502,0.5017533060250979,1.7034097017918812,1.2405348974205321,0.5045720907040085,0.8336740907487342,0.6240946417085924,1.1556621021094557,0.38097787334441924,1.231757081658017,0.153222584010245,0.31461887050897286,1.4555017396335759,1.8760068079321668,1.623749957506635,0.3927279069661112,2.2227343533972834,0.47234483146198364,0.6966154173554984,1.6232246200697051,0.3433331778049887,0.12079127131375358,1.8277412838077276,0.28698266337599343,0.9284455793246048,1.3524268499914225,1.9166038168123904,0.992407426539932,0.11359652468464067,1.6226663399310077,0.28863523085236376,0.43901577457229307,0.998582826988779,1.3140158393070573,0.7183909932704347,1.1840013550831219,0.7233182731770083,1.6417884329862868,0.6307420920870527,1.1695412597564758,1.4621158132764551,1.1045223048282717,0.114255763071938,0.18832971018385639,0.8671772218110854,1.1643578956279859,0.25222370753608697,1.6872935155085231,1.3863366514978397,0.5950528176024998,0.885209575439275,0.9270221679991165,0.9197548276871804,0.23403920486004787,0.8992724837246622,1.4623707230557546,1.7280732227004085,1.9560285053107394,0.5456667825237379,0.8739272257047421,0.3771485671752731,1.6829493931011161,1.1913030899164003,1.4093063973330369,0.20198539045873917,0.12524377032254608,2.122673465565424,1.4527317387022824,0.947008838814739,1.2051269365141724,1.3927137658399258,1.5783483119871797,0.46692015854798796,1.8273842542121892,1.0144576904324816,0.7681257750213131,1.8722563808927621,0.8106565050105292,0.6257976017818567,1.0537209109847385,1.5639069420874472,1.373674415135459,1.1236789259980158,1.1177788424900708,0.6024045347006385,0.6844374070901835,0.8477027335306256,1.4830576352097238,0.872234563684853,0.8954852317153031,0.6107830105908781,1.0005129417267917,1.8307458681657167,2.362738791554024,0.838325173613456,1.024074416864066,1.4264478588902598,1.3093732280513493,0.18825468793409292,0.7088537544505251,0.7438968703323413,1.3559121292129515,0.9553937486444907,0.9732757384155329,0.3391681906716153,0.8506825984753088,1.784743683016554,1.1557846734934971,1.679034648524553,1.0454559517537192,1.7519654690807989,1.790574200483557,0.6695510217739471,0.3342754851071491
2024.9.27,0.8479393229257675,0.5182946496560839,1.100575410993722,0.524537076481102,1.307141458782434,1.2249725596611796,1.1214320581293882,0.27846491378895494,1.547431105715245,0.8399657275022,1.3370253503203178,0.973960582642274,0.5275526038532735,1.8333614016967594,0.8504709371508793,1.4818289415148018,1.4827830928598134,0.8616684304378631,0.3909736753770717,0.15770873366690677,0.8324029085561034,0.8797785971827099,1.6428208369224346,1.5212069700129014,1.0069461004615392,0.5831355919683806,0.2703957493320117,1.386290431751004,0.768329705690683,1.2599578987518973,0.3813333754939138,0.31542174759181346,0.9062506800464618,0.7697308408359015,1.255953444719693,1.6569333597306417,1.3022860683058841,1.4055621042565725,1.7886188382824852,1.6666512363941,0.9697373093662999,0.10942118497061622,1.2955987974296774,0.5870122139397463,1.354227479299579,0.8984388088300677,0.9561663129924595,1.4692900572469998,0.6403077565171719,0.9456007868646734,1.5060823944478046,0.6037422682210155,1.702730789147025,0.7316201283810929,1.0352565465355963,0.8262215462847851,0.7581871185660589,1.39667445372989,0.39681060287836595,1.1775753718613848,0.2757632499027993,0.36498516672121445,0.5896493037983798,0.867209925875045,0.7680222651135235,0.8292557404058922,0.4061544880268642,1.4569612919398984,0.7622728628543473,1.7125519500513247,1.1933664590397615,1.4312336351814352,1.042655555235359,2.0407025163649517,1.7198795099881756,1.2172371529798773,0.25949779725635863,1.8431904037337175,1.0042828822541683,0.8136844855908109,0.5023154804710791,1.7602568912885945,1.2111733046238946,0.45030679131007983,0.8738264842703459,0.5462591961478362,1.040790669381894,0.4826568395950668,1.3525550853508401,0.14236110680569203,0.21908824761448267,1.3937442841222398,1.923485505599864,1.660179796728288,0.358917031853116,2.312601271990323,0.5183649164729083,0.8748877447846596,1.5906893069203012,0.38722244329845135,0.13655138678816228,1.7752732295314673,0.3498108303693978,0.7947438070489686,1.3294180206550874,1.995655112159351,1.3477541126634498,0.13434674881186856,1.618830911504426,0.21922882465941002,0.46110479905617435,0.8606838572984017,1.0771236054132936,0.9521380867344482,1.0705851597293494,0.6792197027827886,1.292724277924306,0.8613155794541658,1.3645324965156191,1.2839385653087962,0.9923617196442437,0.1375443421457722,0.14594698753015095,0.8371888648377075,1.6173149417296242,0.26858234636204437,1.6431637793625675,1.8722500270387543,0.4704678831877276,0.6927193528961074,0.8204386172816912,1.2007243813606105,0.17447139110203266,0.817542848161617,1.2432107405317168,1.806371144741292,2.235096193573874,0.45076474357499385,0.8398365163352294,0.39646935156081564,1.9496702077878696,1.773209650823485,1.605209646675268,0.1802269547585354,0.12246291078068262,1.9838706089706712,1.410558401830975,0.9968583654633177,1.6829312809642365,1.6477059100891835,2.1871425041526797,0.5988325502912998,1.4035712374606646,1.104932443795368,1.0612556321577973,1.95302636971543,0.9457368728665522,0.6704375448815603,0.9021551618310489,1.1940447159814191,1.5148805701164356,1.355002713501558,1.2276548161747665,0.5916161654113615,0.6811574485168104,0.9374195986582186,1.9116677899417336,0.7550963836086526,1.0045258859134347,0.5816471601189894,0.8921030078616523,2.024358277568331,1.6755692571716236,0.9388616563582893,1.3050825591602195,1.349076999770983,1.3284497079848527,0.2356937569903157,0.8964552359978525,0.6675740279089115,1.4248158711562717,1.01500890431147,0.7347925862958082,0.27003652886795027,0.701232166282237,1.6421000548876357,1.2477617472856781,1.5411636345840785,1.0331209567194506,1.4943875949341758,1.723094910969917,0.6631723475015462,0.29844922782879524
2024.9.28,0.6945877309058635,0.5273759766486734,1.0597227187942815,0.46197719753034044,1.4268999648509688,1.5027730977723515,1.0340674698723613,0.29597431249670914,1.5647788705736712,0.7698215349180857,1.738768757015704,1.1656946806992354,0.4806105156873259,1.4295182656696996,0.9195230290342665,1.5695170060324468,1.9789198329883577,1.1305875247530817,0.40136118233607004,0.20943279724932648,0.5868756444607062,0.9566183790239902,1.580951255960054,1.3455733690733096,0.7713566984191603,0.7597807525567044,0.28649385708546365,1.225928274354911,0.9253927378056744,0.9214048011304956,0.3549695911517353,0.2602798295643428,1.0333725986197775,0.7979685606530222,1.0134889240250158,2.2419309858563277,1.138138395922288,1.367521323279075,1.271290040772649,1.5091047984299892,0.7720900254151909,0.08546632095919303,1.5111451839325698,0.6714215688494478,1.4136737300741145,0.9186911400749788,1.1226312831170724,1.7400076812741034,0.578276876439015,0.7898422156075248,1.6519779558890564,0.5123297713426788,1.6501581761256008,0.7250015321970656,0.8077398519808587,1.0618638948952674,0.7777300235669825,1.253538940041224,0.38065895489794177,1.2053150171063096,0.34866196312683545,0.33908190125502463,0.6189794597510303,0.848224017736124,0.9973895561727674,0.6541112957741745,0.3202075673935384,1.4148816496525047,0.5816472808806176,2.1615826665242004,1.032195132461686,1.2254237327491764,1.0011636820850611,2.235141624694856,1.5499915452493838,0.9661935725551647,0.2553254996354051,1.8067491585692221,1.1649651171834388,1.0725306866593198,0.515390068998314,1.46015735656593,1.1666918732834548,0.46861535519265,0.8212078157062852,0.5416401295974793,0.9538444782526853,0.3751808600087026,1.5493886058378272,0.13994407369604234,0.2516607344910247,1.4723906094755095,1.494133256938885,1.8415206068471448,0.38399567271019464,2.3677791600174167,0.5736664491198963,0.8903674350468211,1.1702755291599023,0.448125035306473,0.09968407622868498,1.7885019075004198,0.2620877583011902,0.7423022166795559,1.2468516548587063,2.1317119925715144,1.0922458896547964,0.14544925474205783,1.9919812564378117,0.2608903640599592,0.5057379237019858,0.8792728283714328,1.4479572505344984,0.8627072101675713,1.0137829286061268,0.708208005386423,1.7113527104823572,0.8497842166468316,1.4115364996703936,1.4144590331342013,1.026263591982232,0.1414258045427663,0.1747865295056538,1.1392613709975883,1.2932957521744743,0.29142840646322427,1.734685378580826,1.7996252935263954,0.5751924677165035,0.8389986585752498,1.0579334887463934,1.0889837719663196,0.21283816266924688,0.9247616049195055,1.2547627354490556,1.8323492371459915,1.5684443042222,0.3978568323570445,0.8357854284897798,0.469190239877379,1.936564925018364,1.7096214805514667,1.2586599160379952,0.17555836794345875,0.1602969389993141,1.941379049385111,1.970125318247674,0.8496275775640546,1.1817206211470523,1.4610712095432141,1.6654374252627495,0.48063111445015183,1.8775499211643774,1.0681538607959098,1.0552821691750982,1.6356358149069823,0.989896771040668,0.7545401423402369,0.8350926006280713,1.217276382439373,1.7210322547411365,1.0465158625137276,1.1463628560200105,0.7407822159750476,0.5767447018774172,0.9079507244810024,1.438848374341389,0.8198934945922169,1.072579429843774,0.6741697456799386,0.8809091610973723,1.9620102359744445,1.755574370619081,1.0406777357012775,1.2329984808194643,1.6865161371603665,1.6074101966271153,0.25128018538325153,0.9863172545211552,0.6420238862542414,1.146015655755241,0.835105207907079,1.003223366911948,0.3663555950320009,0.6309922416975038,1.7354278078794316,1.4051523420870484,1.3277882635734861,0.9097228136890674,1.459148044569681,2.034422231323325,0.6852564715306813,0.3817389665484091
2024.10.27,0.7441458840404809,0.4892652052766276,0.8735506242338626,0.5729255511166053,1.2065481692873439,1.0687704388230164,0.8924356089277329,0.21305970167265226,1.5552708668755153,0.9758019386941595,1.6464873450759456,1.1794618609659078,0.40412179664318343,1.3029040764092046,0.685442406530581,1.3014394308843695,1.97271887194085,0.9128630612784744,0.30127734349319857,0.15372176687583222,0.7490732863755134,0.6532440881376378,1.8918639735875404,1.8929925816513145,0.9385963564732793,0.579581136430469,0.28211521564318043,1.0192409407698122,0.7565175468740987,0.9386937683488099,0.44286480680978474,0.27832585240831575,0.8235147739428434,0.632795125544986,1.01180506901452,1.9160751321751566,1.030737797482241,1.3815580890229757,1.820972721161397,1.6590406294196425,0.9980465763403804,0.10462998158498305,1.4805592227480435,0.740802218514962,1.7281667640325657,0.8494091402299377,1.161968447253563,1.6399172216414535,0.5769387536732108,0.9681280157427412,1.848602822980369,0.5119624234687611,1.8813330677670836,0.5447137675179015,0.9158103525621514,1.0846945012176588,0.8216961081980341,1.334666795384172,0.3488183643178714,1.4801577741102667,0.28165045253669085,0.41546284067587974,0.5252265033208245,0.8094829398769573,0.7766663028895163,0.7477810787527079,0.4112862667912281,1.4100850094689972,0.8223335334339064,2.0047872681017185,0.9391766572245778,1.1399761900246805,1.47177209135022,1.7850403718842072,1.5073383453644404,1.0829675162138763,0.2746639067380385,2.018196801339717,1.0333564212059458,1.0047500891685932,0.5613672786791094,1.7591788249338733,1.6624070849314103,0.38799706772479253,1.0466281096235588,0.5456741007128615,0.8921355269364107,0.3519524586327902,1.380122875406309,0.16471253807695743,0.30561922379961615,1.1284992233037172,2.0539307657290746,1.418977432793312,0.37292462471322224,1.776609766567413,0.4729724997750742,0.7753286731768301,1.2594265749756497,0.39347705456581533,0.1190130792522035,1.5539406274500545,0.36762105526678873,0.7049865133435504,1.5015282286776828,1.6085368585534305,1.3720527457828906,0.11934834476041735,1.4546608707024928,0.2083770149663933,0.4623062801204598,1.0862003896202994,1.2538224769264614,0.7394306836474581,1.2141154266585132,0.9278853666824364,1.500480365732927,0.7312133080997761,1.1929918225661251,1.453837089680777,1.0761796459079898,0.09951201757881269,0.1567262154248026,1.0995052360937287,1.4890808088016787,0.32362056125787575,1.6301201808183579,1.4549238905010358,0.6230076003876088,0.8315948181737017,0.9032729767890701,1.0109386702265417,0.1856030429026685,0.9712614804066632,1.354177087149213,1.6237587411991437,1.901006006044819,0.5730868330051536,0.9364375021300685,0.3599198194849374,1.8714599648395553,1.7198831460302677,1.4553262493024444,0.1659541835041759,0.11670206118915172,1.7420740189160708,1.899095384426489,1.0614868528810402,1.599302577237229,1.470850791986523,1.6575960730747679,0.544813758887248,1.7929970682715064,1.1450211259931489,0.887256269447921,1.8789827199865177,0.95664975519162,0.6331715752874516,0.8173329896255801,1.4486544176137284,1.627080655188281,1.2400778638479335,1.423833606368592,0.7212341142527449,0.6303535739800158,0.9152063405495352,1.4237333576774318,0.8887808207181805,1.179575050185978,0.7238018171115052,0.8387387679776338,1.718563755801702,1.962683213941544,0.8131124147993962,0.9250746518790813,2.0163362044651962,1.3054255144761528,0.23158295796127437,0.8000739560132595,0.6736940203720646,1.5014045598272958,0.7309204612913524,0.8247122449740016,0.32670313454004346,0.7376741734188558,1.6916111979648119,1.0912999867071422,1.182665990856116,1.0479350404947236,1.6859033974005204,1.897564209323888,0.8601086020129816,0.38631558570514446
2024.10.28,0.7682405327092907,0.5293210072700381,1.1848980463839418,0.47997639899625283,1.1138411524099834,1.4867110357541558,0.7824861568703194,0.2570221237562726,1.9203400845950456,0.8514003474639988,1.5586821344485213,1.0968478034322562,0.4302133561082484,1.3844668191550602,0.8072083189429703,1.79638385522249,1.393924972722991,1.0965338354040872,0.43543033000769793,0.20118558307170498,0.6849309874344568,0.7107104504815936,1.3527923514776472,1.6460327277304256,1.1208511780180856,0.5793496467598468,0.3607590326316301,1.0101591307393012,0.7673204690357153,1.119926344750755,0.4614748617955074,0.24983523382185416,0.8244010028255486,0.6573374042081077,0.992665570370344,2.2364375432878325,1.1575151496482008,1.241689500476868,1.74849833397395,1.429978315956457,0.8732807817230266,0.1114075563645933,1.6308660218874558,0.7616448167880887,1.5915516398955403,1.1535121645507045,0.8823449986035643,1.72422859297317,0.6685284300540201,1.0353486917151038,1.945808978826214,0.573049236708684,1.4546009710934278,0.6669897972897441,0.9920403681199872,1.096334527877414,0.7019876893350049,1.0896832213328362,0.3178254036438277,1.4565477275978544,0.26248991740053446,0.3569160553166032,0.5428712021651203,0.7716682373713932,0.7644319364939574,0.7729227199057953,0.38627498630352985,1.3056776348667516,0.656931868567579,1.9019103185510535,1.0622362563788788,1.3403871450953722,1.1804161642715256,2.1039012561586072,1.6232282053192493,1.1752178465046417,0.25588787442333155,1.4929043546006355,1.323243998318748,0.8507383649139881,0.49301380630897185,1.311996744901227,1.2938532822240565,0.555608611013334,1.195622207217512,0.6237839035960803,0.9474612286087342,0.4590667389247939,1.7197881422901757,0.16506958663027008,0.25634932796248144,1.232247710353921,2.0182294266398615,1.8346408203218945,0.33000795029426455,2.2931349211474386,0.6500862236917482,0.7544095413546212,1.456008849836215,0.45616162169253843,0.1352363212035318,2.0082687074182193,0.27241824015124966,0.6468355373532193,1.6708582160940064,2.2948511244807737,1.3110991996270078,0.14005532682164368,2.0223496253062194,0.2387015140542738,0.6027786886729687,0.7920964276521725,1.0731928994757207,0.9530038027960185,0.9967656026283876,0.7964304440197604,1.603717045602699,0.8142224242850865,1.3994584708808233,1.55683354017656,1.0204930692470857,0.10551088120895029,0.1733962199929326,0.8591136235957313,1.3085619345890678,0.2604307709592031,1.3102319868160435,1.4112240310024207,0.5350532245633703,0.7300788805852025,0.9256162288388989,0.9083806934547354,0.1567309181696985,0.9617780765804501,1.4262669086481994,1.4361229917877834,1.7656939117959438,0.45826556628245285,0.9772500374181136,0.4855630431291717,1.9209630545352583,1.5797658199202977,1.1966612948285025,0.22203901190847689,0.15059051428411965,2.119793201556173,1.9155895508503444,1.0535234227140047,1.60535308982096,1.7725094954529714,1.6402383673449896,0.5286210110902648,1.7079879996706422,0.8734592225635445,0.9975650921366337,2.154427451885063,1.0470097543043895,0.8630584344206671,1.0530059681025095,1.4232452317287154,1.6792693526666207,1.5431603586649376,1.5269167363552643,0.6485152814350896,0.6937218335381079,0.9393145276191935,1.4764288656645372,0.774990947958994,0.8399714326877896,0.8018845627330201,1.1181841171337645,1.8053298325572218,2.355934402949338,0.8957563430063008,1.2167548631732923,1.8123414872015817,1.4016454615201859,0.245615966618816,0.9190714590080423,0.7609151070198286,1.1431079751621043,1.041902527291729,0.8409780525102434,0.35249377154664524,0.9347466950683978,2.3209430296141247,1.1746123024954378,1.4222430930333931,0.825476679749385,1.7872327171098292,1.885801354245335,0.7135812250040342,0.44318858981274406
2024.10.29,0.7973643246461085,0.4763746054238111,0.9698745616560113,0.4260065160376497,1.340271954575016,1.2053638890009235,1.0429941299715937,0.23589467592427368,1.5865772483516685,0.7309824523939092,1.4572221939636403,1.238160502068675,0.5419131879146841,1.8788930619747495,0.9164550628237057,1.3402584459772078,1.941102284518409,0.8448987075723827,0.3043003905285549,0.17566318395191935,0.8038790097591538,0.6497906093186724,1.7065638918574655,1.4860071815359672,1.0525061577144212,0.5628053339517938,0.37290865792487576,1.145442708001574,1.0812137232702164,1.3223226839380164,0.34302861420688774,0.306491743598716,0.9112095060787976,0.7922226757926442,1.0779275904849983,2.272668189346741,0.9280522154373301,1.331532358781854,1.7467252771688004,1.2574608805954137,0.8242291485385752,0.08912047912457964,1.6730400388317759,0.5443152955506723,1.6637284351515402,1.1593084633122634,0.8276861309157004,1.4009356459897322,0.616232097755707,0.7012405551234431,1.8807641849979488,0.4472364727168791,1.4722763188905403,0.6377732292904645,0.9346898247254681,0.86481202262033,0.8353551915032751,1.2547788891029976,0.3118462159477094,1.2787378356197752,0.3254550025552694,0.36590185988557555,0.5074329123991094,0.6615720843570361,0.7360234518701517,0.7898093144103371,0.35276584591018545,1.380764780730036,0.765505282665871,2.1094719897260035,0.8296024614726698,0.9973883008998291,1.292760900267457,1.8280888430126836,2.0457443572550305,1.2917662738479692,0.24172193793384933,1.9051398566417264,0.9991855837060833,0.8513772592063649,0.6381315438300866,1.5366011671894069,1.2794086133318903,0.49637835002157954,1.087031215512067,0.6205314235075143,0.9853221444574567,0.40799322199211985,1.2131104187718644,0.17587583344973726,0.2352836290210131,1.3987058431491761,1.7602962250604601,1.7595303608421802,0.39351896556509214,1.8529856656727917,0.6384178669442305,0.9298243079768184,1.684583384687995,0.38671088949059435,0.11318873888046511,1.8147964580933884,0.2871236538619327,0.7158552375511076,1.2237354225969068,1.9553548853189742,1.4283138595200195,0.12560594061938124,1.5840306715661359,0.27081913345864506,0.45226546195504636,1.159421117804969,1.4558687486255286,0.7149403871905896,0.9654365347078916,0.7473386450835189,1.1973033010027552,0.7771591708944005,1.2332334641642433,1.383223756219602,0.920291537498335,0.13940427803282138,0.15529985283669112,0.8965023722292459,1.3436489173111403,0.36940058684143307,1.34173667935978,1.5237163765105561,0.5376476586491113,0.9242408635408091,1.1130807628358814,1.2247107531579693,0.1568202316809754,0.9563463970219532,1.0455036126847146,1.7824668136349928,1.9017016940246854,0.4116221887771653,0.9514071468455847,0.46951126013272415,1.8771283098669986,1.3929573581045462,1.2174418687777881,0.19509757166673164,0.16122511760848102,1.716465956748204,1.9110477544460418,1.06201562001131,1.7184268778730665,1.9389852666013965,1.514278258371068,0.5562352576633609,1.915009261590112,0.9707947722304066,0.9439177597179831,1.5337391810293848,0.7959565983992551,0.8250172303653579,0.7953677981607148,1.7042769055707174,1.4254998664056715,1.0856497618631955,1.1691292510280484,0.5494334520589284,0.6582300764371176,0.7934566440876836,2.0796362214511714,0.6897556415183507,0.8075485025304768,0.8354005393708961,1.0268981678556044,2.0134581536762246,2.1997479013904107,1.0579410934005704,1.1327652144883826,1.552375956846419,1.1058588547667587,0.22492247236903867,0.9422340540883022,0.6289556989734709,1.5686835591075001,0.8575882826048703,0.9203015493156971,0.314486332495019,0.8485117152649685,1.7041665627015292,1.0588136616632116,1.2508185859644294,0.741141840713076,1.690312376425181,1.4132779771500767,0.6284044525175756,0.3521409859543045
2024.10.30,0.9042087415048474,0.4819023090499279,0.9137654678417967,0.5567255580363947,1.0888479578237364,1.1188965320637254,0.9608424384266698,0.29425414123629595,1.7056768474741237,0.6867279222248367,1.7774573089405308,1.327714736138487,0.5305304430136604,1.8619646266029444,0.6393509077456971,1.7672944959086694,1.4623574449295844,0.8385145146961253,0.37686563815103036,0.158391555172727,0.6102085815887003,0.8569117456333853,1.52241318114084,1.544955189548509,0.9781676062255571,0.8269607614493257,0.2929384095254258,1.3665870829975508,0.7958132558583376,1.1539116112363648,0.36576559294590644,0.2856966762855652,0.836332726201336,0.7255059608703618,0.9136717656920945,1.620164402920194,1.2628010487049255,1.3321541275467454,1.544195149363806,1.356216120991145,0.8727620615044113,0.11433986759069255,1.1584026125255362,0.5569604161185436,1.4649434150518177,1.0670408424215223,1.1521884217518201,1.66017216995157,0.5459438334036584,1.000849468326528,1.5435683978273649,0.5163146014688772,1.308038484875172,0.5484034003885705,1.1021012297941977,1.1984959311197012,0.9111727123978955,1.2162225452397624,0.42159583192929745,1.5100326810622866,0.3309205865017572,0.31188201070724353,0.4756841987131302,0.701316019887273,0.9842142141516619,0.8273915496962299,0.35846191779644926,1.6133572697474434,0.646167314467511,1.50077875545551,1.1620772770537993,1.211906499615152,1.0327907344414775,2.154732295116872,1.6303935299784618,1.3110745718283998,0.2546458837265844,1.7780776832258227,1.0060625218425259,0.8498273769106464,0.4959388112022759,1.6992531425154531,1.5828607617059893,0.4254507923973287,1.1509293274733579,0.5266562393264203,1.143049777068117,0.49587657869467666,1.497230342371232,0.15054485377390964,0.25942413441990875,1.6564990813602092,1.5271927348853689,1.6700094032169526,0.32148593345282817,1.6815439428749506,0.47462733671080093,0.6871185499223036,1.6272608743388326,0.3877465934331488,0.11656892192990281,1.521573908678216,0.3126389046681963,0.8375792466158095,1.4607534743388377,1.8724228644041232,1.168053456749088,0.10560252323828526,1.8201077236071348,0.26543947641036014,0.5145798305237446,0.8255008774530203,1.374020731721389,1.0102623481652129,1.1246409859266533,0.9080598978420877,1.2534819205748262,0.8316402446943317,1.2117758079425924,1.8305693643451453,0.964646634581512,0.1397798148225759,0.13996109041443003,0.8511784092561471,1.2709779496122664,0.29682543034217757,1.6460547356741086,1.9577353834817401,0.5209266648494715,0.9332049031916878,0.9348821834112627,1.146776528471103,0.19204481620082434,0.8258115538385983,1.3330555728033944,1.7580375232793644,1.5344973057864846,0.48692734843469665,0.7808735310302458,0.47135892609058533,1.932622552407488,1.7190172498243754,1.3524210954674192,0.21110775085694217,0.10912897198884597,2.000112767851403,1.6828314295562072,1.2507541961916715,1.1953088374342156,1.6009751149092724,2.084072923958223,0.620393950817986,1.78947587849125,1.198006414682451,1.0531429436260564,1.729641500087937,1.0069610030024532,0.8935036605646495,0.8887370286381963,1.7003823467847838,1.5498597529763742,1.25257766859254,1.5722621499758855,0.5711806085416148,0.49491609098785544,0.8037427228737017,2.06236922511976,0.6751423289125923,1.0617437946758064,0.6852008009786063,0.8581470919718428,2.203574267253665,2.300076159622921,0.7767852134530367,1.3002031297087497,1.9346632118624012,1.529823563140657,0.20352391413310253,0.9373354507093772,0.6538468576762737,1.5730614756369246,0.9238866049080885,0.8067217197264985,0.298912373352213,0.7560583944452987,2.0205774461354196,1.2583591515653474,1.433335406162046,0.9621519724570997,1.3664727929300204,1.7608846165679943,0.9152777715471629,0.3570104491172015
2024.10.31,0.7141251719305491,0.4637183963499533,0.8528580220625156,0.45816134978055206,1.169469496987209,1.4245208035114572,0.9104485293491056,0.281592379778392,2.1064304208594233,0.7034165061104405,1.477988406475696,1.3237336729246356,0.4044629174919172,1.6828379605311925,0.8479075229102299,1.5912785460181194,1.6040334327123413,0.7695683835902968,0.40174449837691917,0.20233902358940373,0.7546855393325514,0.9380094938480278,1.537534518818644,1.5773247469359073,0.8626054665301064,0.7657063848216724,0.33162716647884005,1.3286961136112303,0.9420770406115557,1.1353262750420432,0.3497784319425358,0.32257997794675414,0.8656122326374616,0.8450235664070291,1.0831462297694072,2.265106919297742,1.0942437131594063,1.1536998556433173,1.506507132066901,1.4433463642770414,0.8513190869089978,0.10624500747691275,1.5394385288919024,0.7611285289524666,1.5699352291189037,0.9170272381557234,0.9567985375471308,1.3960741514352069,0.6052042933755516,0.9059464688808271,1.428815702982852,0.5044242044122933,1.5369731166054128,0.7714856911101622,1.0947219778806188,0.8896078915620613,0.8964690735132212,1.220398897053367,0.4345316169300347,1.6143892016191406,0.3662007808554023,0.3687898248501283,0.49430037543235034,0.7502447453069473,0.8606144437418651,0.6496444988928312,0.3290938438308977,1.4465710577645086,0.7248015900521804,1.6526844133156153,0.8500334072657066,1.1441090056504486,1.3324400103978953,1.6374553381287458,2.079284087556949,1.4368790828811564,0.3280178029845465,1.5748090344775956,1.293668597710153,0.8003195707840107,0.6338688093533328,1.3883150982414902,1.3421838296974589,0.4813740578689913,0.8209088092997578,0.5112696933187013,1.0532050964855273,0.45006212027000353,1.521575894403122,0.12908598503257585,0.25522574145774046,1.3382279001702289,2.0494126908511068,1.7638751155861785,0.3602249930284183,2.2841633941249833,0.464596914626092,0.6917381188321549,1.6316104817202453,0.33003067489280363,0.0972408796527075,1.9750139582786446,0.32556016502408003,0.7995163717455228,1.3634877676767883,1.70881651664252,1.290750100949169,0.13171326399041888,2.0608781776647076,0.26197378407008026,0.5460201432474999,1.0834629057315817,1.361182884968361,0.7527707537008316,1.018016910224704,0.756873768250848,1.5835474354374444,0.7214885529738555,1.171722866917415,1.7233167823524698,1.0757131287504045,0.09911584029228408,0.1490826629551776,0.9597890787433784,1.3164494007030518,0.36553846853663124,1.4422402995566699,1.4846015577808527,0.4923208731934511,0.9396963602938423,0.9007261562965863,0.9190737053379995,0.19421215262883815,0.7758362932226245,1.1241269746373228,1.4627584951213333,1.753643395035267,0.5409791783971615,0.885862275944548,0.3626777202853296,2.0456586666210397,1.3613114809203264,1.2488943975174003,0.2192212440598048,0.14582002609293046,1.765383513701162,1.752162373264221,1.2244368119821567,1.5111211528079427,1.4704282582703663,2.161689083217932,0.6183654321327083,1.4590525882874839,0.883831922192192,0.8545819707853136,1.52382524766561,0.9690056741684744,0.8175686275386331,0.8012889760894011,1.6049784587798974,1.276892402420693,1.192347514502014,1.4155926089921071,0.6849376823870622,0.5721818426787877,0.8437733456677388,1.5385580272570216,0.6223793932114712,1.1160731078764232,0.5787350749095523,0.8544964499253567,2.1206633074347536,1.8520694978161503,0.9724721384183236,1.0366894460538156,1.8706848384477799,1.425380167600217,0.20677170082259524,0.8634878509202499,0.7144713945657608,1.245708392741033,0.9390476396426316,1.0501100116373008,0.3686059489831639,0.6903335689220166,2.0647349239640485,1.4627605096692635,1.602262226488997,0.9028998276282454,1.7721463925257532,1.7037843581038916,0.6745152343114942,0.32832987042626843
2024.11.1,0.8162474432204544,0.3869034971138727,1.082757127872413,0.618803851693871,0.9966050926890131,1.3887092240874273,1.091519698106679,0.28121685128893764,1.7989674500451602,0.7338351633960307,1.7400195742461986,1.108932704376722,0.4433462186915546,1.684848854455422,0.7221490584000567,1.5661090571947929,1.8845631595956909,1.0046795875368917,0.42575499594552035,0.17235241476659352,0.7954630929280069,0.7261509697442677,1.7207812517884231,1.676192195315713,0.9814128297037694,0.6582261648094913,0.3759416100702631,1.368411550407758,0.8969433182360794,0.9569972146756238,0.3834127006150964,0.2851966774500132,0.9603992667238086,0.8212189361612111,1.0780536487905952,1.9232780313995463,1.0707533623554575,1.5557456395690161,1.4467686873875776,1.1536936320196616,0.9332063369698382,0.12139566917820643,1.1812459068129957,0.7073146284515845,1.3420094544075962,0.8840145110028873,1.0178070421353098,1.8122991160127635,0.5340821975181248,1.027108260181728,1.620324982380631,0.5390751356824988,1.4226189009134396,0.573248473839982,1.0158305590361365,1.069704755007817,0.6995623447752518,1.2576146222312647,0.39453729928141235,1.1687319628436819,0.32859374868980284,0.36119911240859726,0.6345994335772451,0.8061308157804215,0.9207992323987658,0.8028869810157041,0.401349347618546,1.5261380533874085,0.6046335432329714,1.8049685291958404,0.9336424967862463,1.4302007229246214,1.4563185909122414,2.213416996627429,1.729345907075132,1.0973003231991902,0.26585330258109546,1.7131142247230824,0.8937263055724902,1.0068368208077183,0.46043234711613457,1.8262078919108706,1.4498057335378554,0.392701210510954,1.0364984028619288,0.5460280946030914,0.8615384744983884,0.35499164124203625,1.5579064108171097,0.14157569614654078,0.3119148546141721,1.3611134337591655,2.1983745119379146,1.576015611742807,0.3846281553016334,2.0979943205922704,0.4567672499929933,0.7156274388204357,1.3220379979489572,0.43635519901147624,0.10699487991343887,2.0937414530257517,0.3085457480061359,0.9290312090959701,1.376144999947224,1.949541619764853,1.1951719024045584,0.12303941993238034,1.879868924810409,0.22782249965419016,0.5640758127086665,0.9279637461372207,1.3499591054401485,0.7487790300301115,1.1686832431941043,0.7379181272568444,1.1607842618417026,0.8265172778485315,1.0546715016685815,1.328495023021102,0.9109259069796796,0.0952078833381315,0.14674266022033855,0.7778878900550518,1.3544624385117594,0.34896422059056453,1.3184067900280922,1.6157033256722377,0.5240215880412878,0.9423134280889306,0.8713453878502944,0.9730546208574591,0.1578596243457924,0.8103172506201419,1.205974913849048,1.8906823185697077,2.1379113470284716,0.43412639324625024,0.991588348028239,0.4693132954284114,1.589235770919754,1.5224188847923756,1.1670586624793955,0.21534116661560612,0.12171779232849436,2.315684453276063,1.6852652996789823,0.9091267454607634,1.412769913244868,1.7641461343143898,1.9655440359366092,0.5285196037789522,1.6101768394007663,1.2134128080419944,0.9315908391806054,1.838304802952451,0.8273497677464156,0.8925225362933105,1.0160228925281347,1.5024839543908353,1.7597799198409518,1.5013651813338484,1.4900750825757128,0.615009187367445,0.525111087797504,0.7985959295585284,1.5159378961428653,0.8458209451263584,1.1216384468174951,0.7721672384831084,1.1275896313724376,1.9667569792877593,2.374524547074373,0.9348618088330183,1.1537697027599916,1.355349755960653,1.2939671930764838,0.17690021131576344,0.8284407820644445,0.6464388468204123,1.2939232114766748,0.8968581605154786,0.7591916836961616,0.3196932563909251,0.7418158918869818,2.0252282795124876,1.0474464817898819,1.4781834118613204,0.9430341166260727,1.4649215418829131,2.0220628851183746,0.6247265655223909,0.3087557390005525
2024.11.2,0.8416286609041315,0.4026576790311426,1.118977882024839,0.6216385399218435,0.9711413159730558,1.5199919359726635,0.7928880422664891,0.24459398097329732,1.9397429065252205,0.7059723113013258,1.506832113101477,0.9561780378219434,0.4451624514615315,1.726650596467265,0.9192551728547182,1.5090266175406164,1.4842632558098026,0.897401606910148,0.40248989835114285,0.17725183502549857,0.8253124681178877,0.9473972566765576,1.7048489329009517,1.6214609747195976,0.9451864969538514,0.6423622238397921,0.3616618149138946,1.235258397432935,0.873227054880327,1.2075815339223346,0.40013591550561206,0.28552955501800487,1.1508172718028649,0.8810736138127483,1.1714493013281275,1.9720712644966105,1.1304320364340914,1.3584008550305682,1.297738602509301,1.4593640601387694,0.7720958848959123,0.08398461891870658,1.4673829487033794,0.7451699086214747,1.6148285366656658,0.8566799885091386,1.188513919087915,1.6256507166499752,0.498236867100771,0.8514987679551056,1.7845117113463413,0.6226579072408666,1.4744248856164814,0.5350797125306752,0.9231191040673183,0.9065309638882095,0.6980519360638878,1.207370051426224,0.313188526873622,1.4300913017740273,0.29907483332101786,0.30687484160087897,0.6073853513635074,0.7795860115408814,0.7707711864504021,0.5987405274686055,0.36646029799314583,1.500552173128732,0.5919465198193742,1.6306559555078688,1.129328623348867,0.9852877339430026,1.2790806022489438,1.6660752590439771,1.5163697170209984,1.2175633233539018,0.2695580228656568,1.6157328943703653,1.1903828054402696,1.1050965463730604,0.581498407785529,1.4458471939263404,1.251063459003976,0.5521201166468629,1.002878739340182,0.5637426353358063,0.8368824724527971,0.5006003351830394,1.3247180660898243,0.185557718920649,0.295494124931593,1.5241098625177072,1.6664637133641331,1.397231838379296,0.33328993103244126,1.7228418565262362,0.637255766621783,0.6784358057217195,1.3944993955289675,0.34983778041803854,0.10917235654939345,2.1043534591702064,0.30405407894212794,0.7561770206570505,1.2678496782707012,1.9949802076061562,1.2755338457581775,0.12975436179572597,1.6947736979874288,0.23735285393790634,0.4993684069221854,0.9657216062945309,1.0964085091819353,0.7658011075912666,0.9415324262337208,0.697553664822812,1.6171164337218393,0.7305825640100705,0.956537242633448,1.6883914375491784,0.9164794440480818,0.1021111225927567,0.16283568653136613,1.0289235427265648,1.5284775253751448,0.3458160332482085,1.5402650718202875,1.3353992488361677,0.5509359419574231,0.69074462338454,1.1147052546869933,1.1695058899060657,0.20971210701662954,0.884234441588434,1.2070128910812812,1.3703545082380713,1.936296566648285,0.4434752192619069,0.8793681325753949,0.462761253155514,2.071361964894982,1.2473780334679392,1.2183466752078878,0.19855827937800227,0.11024118771000363,1.5894017241625158,1.3580880540760614,0.9962537478566548,1.356204421854658,1.9122980219457297,1.6452699822865262,0.4345685491167811,1.6527863751035337,0.8889322348250279,0.9174527299849494,2.0761899354088698,0.9576232530863766,0.7753907499520477,0.906506899530499,1.4175227282971896,1.867432708067123,1.4828904144884891,1.6459713234413567,0.7314158954230868,0.5467809540429407,1.0330653563916972,1.571242777836282,0.6568998887281124,1.0554812243301996,0.7205018096005347,1.0764485069317906,1.8195567450210053,1.6688382131102777,0.958173317122255,1.1208679447723162,1.8943149923341867,1.0852060834576687,0.17316122772492146,1.001200543546101,0.7493785427321278,1.3817087057113235,0.7766709461740604,0.8898928475527629,0.3549485170231128,0.6831749200363666,1.6713528880503183,1.3840610823417898,1.488352869953798,1.0650567694727389,1.5806680096506849,1.5589936334337764,0.6954740361399808,0.41347747886467706
2024.12.1,0.6643811299132902,0.38805156212030206,0.8427499297078251,0.6134176898229138,1.420568901238269,1.444770239762805,0.9361382133170254,0.23925626927964627,1.5796254379121204,0.7144300843654875,1.4684125034373876,1.3505528193812248,0.5331180853289401,1.4094012857862244,0.9339229291294013,1.3396567485655595,1.9357101719783627,1.0852654026769912,0.4154867841599706,0.16628581130396872,0.7520571075676419,0.6668495515540059,1.8940614752882123,1.8816706542022532,0.9074252590172202,0.6572337064234796,0.33644233092617515,1.1974390643378061,1.078756952070604,1.2827255283584504,0.44887616197663444,0.34056099166419457,1.0561525466548092,0.8336662734329559,1.2018809839548625,2.063320817172623,1.1474458295195196,1.586445081866083,1.3998519840175476,1.6590596092263104,0.795962171147469,0.0931504481498318,1.3169946633320266,0.5693163629312403,1.4489804714345147,0.9188878740271786,0.827522399890835,1.4333489369417258,0.580493331836342,0.9835853766620472,1.6223925616240393,0.5748911750325761,1.7834714107302876,0.671646300770836,0.8771775783886301,0.9410112170938468,0.736677398796926,1.1387837426105885,0.3576472209197158,1.539535378474366,0.3574151159381673,0.28928247730237155,0.5777556773233704,0.7096435827104349,0.9494216440836651,0.7597821314582063,0.338457398220581,1.8156024725666835,0.8104192954238698,2.009164100918992,1.0417203319623138,1.2501259441353874,1.0558331925431197,1.7467585417057065,2.0117978487368027,1.215214486636537,0.28409405795644055,1.785724269841513,1.2030240377490378,0.784949650251745,0.6363137782897039,1.7157671154363041,1.7122824384508295,0.404857945759626,1.0189459853121603,0.49046159857272514,0.8718432413581656,0.3835446187470848,1.3886734804133554,0.16166273011847043,0.2680175660574605,1.4618454851733007,1.7284854573132808,1.741814567966467,0.3226160072832284,1.9338269723584254,0.4804696649982642,0.7429485120783126,1.4181814535742172,0.4514506506091151,0.13832008532690185,1.691459637720679,0.38832508688936757,0.850084248657008,1.5890028015274893,1.9209164923513737,1.1877745526474424,0.14145801827550886,1.8878792059119158,0.20989698583315858,0.6012151595131373,1.1162380380552561,1.1017237098578505,1.0419653999432976,1.1802575633306955,0.7514402310430469,1.1561700830188062,0.8725506620290269,1.070051977584147,1.6906621016308068,0.8042542840600942,0.14156042076776737,0.17827842452510104,0.9718379548319545,1.4111174649600253,0.3271514956490924,1.6193321688487898,1.57695760944496,0.6320444593373665,1.0201755102091266,0.8555372608759106,1.122055660133302,0.17904476359211813,0.9480404300511168,1.2692621083332019,1.9423093105037588,1.8579337203463064,0.43824317293394643,0.901006584833817,0.4888545334886543,1.609016546801854,1.7358334547625276,1.096057465944566,0.1919194030482314,0.12982062326560043,1.7234536921850614,1.8177766191677256,1.0194154443946317,1.2163645367888114,1.8304640283688278,1.7182612745752182,0.5232082078273624,1.3619796742063055,1.2044755613320506,0.8689230440669024,2.129805691740581,0.7369496268195118,0.7892642588030884,0.8613609538210917,1.3604849743083693,1.503293243372383,1.1564547656885928,1.1542293262897438,0.7606784336788552,0.7114581631922746,0.9739229705560324,1.7641031691650788,0.6982045396762122,1.1640659506815854,0.6875598517123911,1.043743010559912,1.821681310251761,1.6292686750544128,0.8407272533222137,1.1158504970614775,1.5470849041361912,1.3949693786560604,0.22976209689095986,0.973847508033662,0.8462212926332839,1.4459423437348886,0.9703354509504822,1.037350185614356,0.3656480574223072,0.6631713337692993,1.8463202206212561,1.5171075099414955,1.4359352844369755,1.09098621814254,1.7372520026128975,1.5676206446121819,0.6948203180403483,0.33546990317106695
2024.12.2,0.8465407147116121,0.5036174461258842,1.0498259574574538,0.49878727782406984,1.3598323526241185,1.4809069859952773,0.7553903730328259,0.22524536266895184,1.5941462154236086,0.7466227726824106,1.5213775065472137,1.2845178550599008,0.4029893106248126,1.888218339674227,0.9255012042004949,1.3071412233229365,1.945441834399816,0.9370647492996407,0.3469325389125642,0.18275891719515291,0.6999047461550439,0.9497929044366192,1.3476979691360536,1.6093977627900626,0.7969472229778574,0.7760962326022971,0.34280932282972143,1.0537843620309255,0.7521315141693575,1.0819680706483243,0.432925476860052,0.2542721218517244,1.0317691403339389,0.7523702815181678,1.0351031675740319,2.2988210489357477,0.9056938143576165,1.6022793547311607,1.411391546534853,1.2188199901418577,0.9789801326707763,0.10697616812218429,1.3280158272345886,0.6688155592003955,1.4579003160117041,1.2265378426325804,1.0604760855532405,1.3994346748198423,0.6545580044383742,0.7124215934920921,1.6162818551662903,0.4977567322234051,1.8469642308991083,0.7089240340424265,0.8190466647592474,1.0385874658105438,0.7668503852705968,1.066989385102986,0.4063224238736392,1.2893691555570246,0.3239137447499742,0.3657992986850744,0.5614594264557345,0.622272609262399,0.9500981139417793,0.770156813099501,0.3785900200318569,1.8341593980716158,0.8047876216896495,2.1375257447850364,0.9600303797045661,1.342116374918992,1.2820881604691765,2.069624230833254,1.7120365978980023,1.1539682609664057,0.3289480247662027,2.0001286004025043,1.2520451203130123,0.7972078826556305,0.47472033849423806,1.5559278929475222,1.6497068371977324,0.4929572904218238,0.8449381316760328,0.6122078794399068,0.9996407952550017,0.3969017248289661,1.6700498207003251,0.168728761923467,0.3197201039025904,1.290684446319319,1.6245529738080098,1.649624256743915,0.3445525235396273,1.8203571171501243,0.5292391543955347,0.9088977160470308,1.2383280055235373,0.4531962435992238,0.1072073401286063,1.524741899514215,0.346093362654535,0.7855387555120534,1.3978370206404052,2.140698282914609,1.061235650061117,0.11946587599550097,1.6453222271092043,0.2713881645798995,0.5381872048016436,0.9349913083312017,1.3395509595336603,0.947951619799977,1.0150424775374414,0.7321272407442215,1.525401725781354,0.7376779531382474,1.1980935902774115,1.883428072456304,1.1185179527835714,0.10300412091452923,0.15182268461632076,1.1164608639692397,1.6538548386098824,0.3296696204534338,1.4763261675879298,1.691480101344019,0.6218362536117171,0.9719241155775961,0.9857123549469252,1.151237020173934,0.19979720059015366,0.7254902415642919,1.1999021874896278,1.8625768123760436,1.7327937793912374,0.5845951441763331,0.984305334898853,0.35255060567848173,1.5568426460032265,1.2717581818303438,1.456075667039876,0.1909598762242814,0.15858065592099826,1.7568162979696513,1.6587612003592902,0.9927422508078247,1.4912184441293714,1.9106796906077574,1.8616067578929176,0.561967207629407,1.958019523317648,1.0031955780538664,1.067354483111265,2.2412266163507506,0.9769601057488767,0.9036228119097355,0.8650083985445411,1.7016827321085701,1.2560116207598218,1.0755690521533816,1.6070971844271587,0.7234644240465249,0.4987677185457826,0.7491712943958774,1.8020828455476816,0.7150190432554383,0.9894920477966357,0.6486237925594213,0.944629788208039,2.217871869558789,2.2662471067982715,0.8273754713572204,1.1008553452261272,1.44563733302175,1.083315899832007,0.20785145837613334,0.8195007628853451,0.795535989854544,1.2737046097819893,0.98745505654415,0.95231450196224,0.33123649506737457,0.9151891414044894,1.633303677999852,1.1572599598145092,1.6541967354373641,0.9677522202567373,1.342708683280524,1.665353973690866,0.752947106716201,0.38903695060850757
2024.12.3,0.7046617210151398,0.44209734707317855,0.9304723211785088,0.4241421130250052,1.292700509700401,1.205458865147221,0.9271380436248609,0.20374223791488327,1.4840392634753987,0.7101193167027847,1.42172951278226,0.9613473491757959,0.4198291047570107,1.5670972221173651,0.7777448968812565,1.3335408581994102,1.7224228518663134,1.1246071038597965,0.41742902944451393,0.1524916216829518,0.7337266636415237,0.761152917238367,1.3323209498188868,1.92857142202452,1.0796733513315813,0.744409953026077,0.3319590584956824,1.142476066425647,0.9909471684259282,1.2615939160916168,0.42799079023824893,0.36038759454373276,0.9417683711387738,0.8276204493583958,0.9765251842293422,1.586117470574549,1.1727281572886632,1.2434384872440867,1.560580301101641,1.55411116546756,0.996692604531851,0.09443478423630858,1.3546028401962504,0.6981658883243577,1.5813207290470672,0.9510436369897178,0.830541949028654,1.350977134808661,0.654772023972768,0.806685418386714,1.8473806713595105,0.5869526244598092,1.3752315107381303,0.526074532493528,0.915900382481294,0.9858659569054715,0.7822391514784447,1.2979557254613634,0.4138983966671038,1.3211174649544148,0.2651313071119512,0.38817865348182023,0.6629368471600818,0.7741683962263334,0.7960835534484525,0.7521092442175346,0.43687722333503276,1.5738416115202056,0.7964633966192446,1.7747522532414257,0.9920363209555744,1.2169254760287838,1.3737736513896013,1.797470286128641,1.8855229447786672,1.040529133945168,0.24716261715851087,1.7787951872500405,1.312988419180707,1.000989797593014,0.6497408849132089,1.679386928418878,1.6567695810025707,0.4180137742651418,1.0945697163972492,0.544834936538673,1.216403594647729,0.40794806017556406,1.2890561156663944,0.1249933077381731,0.2637553713135929,1.3535029059360553,1.9169999694829643,1.7245710194088018,0.3947945629465607,2.178129505253309,0.5363721847070345,0.8166331345753455,1.1658300156631394,0.458254083888848,0.11557671348634933,1.798117110657963,0.26510527795227157,0.7928766953936395,1.430543744789623,1.9347020005158282,1.216042644399223,0.14202049517887091,1.5984882424913307,0.24991544012307818,0.5111949863785035,0.9832664438151585,1.1060668392725934,0.9860370179074076,0.8892106298719047,0.8460915943355239,1.3577557369737916,0.7306307624976954,1.136147124185596,1.276137852087133,0.8024683141529689,0.1182443860599977,0.13493994145252267,0.8336532372903355,1.1472393237730056,0.33107769267618664,1.7246395621835768,1.9426409349538414,0.6058315555626858,1.0029283808482448,1.0070741524421325,1.0161316954321864,0.1795845261378723,0.959281286243456,1.0833245233628144,1.7503440337833533,1.742284010597529,0.4293890173987855,0.9452793341803062,0.3493584954149069,2.241955386734986,1.321734754954395,1.3417684992061403,0.21218514228384958,0.10868938826898002,1.8913854702519508,1.7530279518492948,1.1769313449410501,1.4425634834981174,1.6894226679160487,2.2213219779684046,0.5515246273167766,1.410594637983396,1.1100345037337729,0.7995142449550626,1.985016396779376,0.8869452107313719,0.8019856845460284,1.0449322852841645,1.5029499148066432,1.3552133404655067,1.3577192649111014,1.177728306901764,0.6130763088397072,0.543555689814075,0.6941215972905843,1.5579593704531205,0.7967009942403096,1.1482242541172478,0.7028697431171028,0.8877649101679856,1.5707278505120548,2.323119288408361,0.9597947355747258,0.9885890883205947,1.4971887733679614,1.07715065276729,0.21755058173837646,0.7424542781624641,0.7718956895416375,1.4436166735414422,0.8991339728873162,0.8345370478218159,0.31558489685466984,0.9438115552637439,1.9075284325243311,1.3935343205165118,1.6568171317028182,1.0153609846485612,1.7084604631448819,1.549343927033286,0.9078836940355717,0.40079768384637415
2024.12.4,0.670420012207019,0.4791970019208853,1.105441157188679,0.616249048756696,1.1550758505218355,1.1502077281913616,0.772271799405788,0.2838318920321802,1.5771641387753603,0.9464774433799036,1.697399366374257,1.321595011790587,0.5586623587687063,1.5440116080078714,0.8996549496310674,1.3130929363982955,1.3782210748225756,0.8280651447817946,0.3084739855485294,0.16853056521374826,0.8040927867144428,0.6801697409192392,1.72504968147823,1.8378630601430295,0.9162902166735873,0.6112193932188781,0.30405996525724527,1.1944066343988013,1.1024020923097395,1.3474382989502207,0.3841366853064415,0.354101859832461,1.2038571529065334,0.7045175851137206,0.9582876099538645,1.9456853956121076,0.9800788526305205,1.4937904498086783,1.7260364710853722,1.6182789825504624,0.9784605272965601,0.11161740605916513,1.5090832206593077,0.6927308381910149,1.7525996629230745,0.9988748450806205,0.951218087678646,1.6615793275726165,0.523503250159127,0.7140183527583941,1.5370181597381642,0.4506026756097205,1.4927481694673463,0.688178380336169,0.9385654616771029,0.8810601844609917,0.8703353689790757,1.0437125377878271,0.3153898499718976,1.4962155354270283,0.3271744160410043,0.3544282253208129,0.4701876031784855,0.7088500935383378,0.82984797878974,0.6326220379573821,0.3551418324479283,1.471062853324032,0.7241849822853162,1.714974978550049,1.1448911893916613,1.0212320747509627,1.1950313455061379,1.9585054328549676,2.076213657508219,1.4282614441290313,0.29564254390202344,1.8220083642457647,1.3135016222959792,1.096983450486425,0.5369147761040344,1.3633148983089192,1.3923751601771748,0.505901192524592,1.0206799162711817,0.5114330876438532,1.0937384445559546,0.3483356625021418,1.6601759909618201,0.15680256872261647,0.22020696511143653,1.2450815946689193,1.6030008855702713,1.5276515257877235,0.41047983207315053,1.9525975174338868,0.5692616756637583,0.7531217988762925,1.6915177793776435,0.3923833609355199,0.1254599977528975,1.5083860254956456,0.31839575310468776,0.7156262138700928,1.2963174179174701,2.366668894832529,1.226073363001519,0.13465269149850664,2.1034780031369356,0.27036438521768924,0.43318699626014145,0.7940936163692137,1.2151670273111046,0.8439283477516729,0.9455322246027112,0.7235624756875703,1.499209857175352,0.8262987303868483,1.1688597733607964,1.4321726394143324,1.0162922274293502,0.13458661261807606,0.1689331242880848,1.080051123634236,1.4063597547039963,0.3299127915715508,1.6760384126762766,1.6555733688536363,0.611541895969654,0.6961289972676491,1.0795677554962868,1.130712921544105,0.16914275410717483,0.9254184241028085,1.102996638841638,1.9136969105527026,1.8067722777964876,0.503275787820884,0.8557974123289254,0.40977995071833295,2.2275759803888415,1.5196996174948727,1.1275512998931223,0.20051079956849396,0.13981538577912223,1.7493102279021486,1.6569786965285702,1.0615055687461346,1.2246484613663096,1.83283339392183,1.6897448965627169,0.571701190440442,1.7875904576249324,0.9148498160531211,0.7934716714094318,1.7157229765556206,0.802871389783763,0.6164201922255009,0.9355962283162571,1.4891865664875892,1.6567204373108388,1.2074479278407786,1.325549950689012,0.7190935516977417,0.5655370572972552,0.706992479468409,1.9331648377533293,0.7461607461891511,1.1695025638908179,0.656884630696482,1.169354736114694,2.3014943440695896,1.6591184547765319,0.7922133672274423,1.2351416183787298,1.6600991655444248,1.4081187213221071,0.21801481359252298,0.7314352525694625,0.7476641449720984,1.2795144172155317,0.8764478185160498,0.8812930529054791,0.2480553065322466,0.681372403197144,1.7426502141334155,1.5391494583939564,1.4199389593957532,0.7654758430373891,1.5928983124490277,1.4704835109790735,0.8950740105892464,0.3685080277999234
2024.12.5,0.9573571355786333,0.5554147395958656,0.9086870053050228,0.5109984243942057,1.042079211638766,1.4529810270289354,0.7957499966861621,0.27869751782520935,1.656901135892433,0.6796871781498655,1.5461135178110372,1.2985436627122346,0.43468120560621365,1.631981578271927,0.8941561178263892,1.669314337182996,1.571005955782269,1.086881320684725,0.429291504206744,0.20929304557995043,0.7204870031991321,0.8046054971540304,1.6326330271200458,1.4234777181317215,0.8208522074952594,0.6081184715339825,0.3394576935189762,1.0249048321003855,0.952399292354807,1.0016740476141794,0.4640009646792074,0.3312016845572753,0.9842790285864152,0.714095042649768,0.9308406795827612,2.111341145419072,1.1864266897670523,1.389755248247397,1.5541300766967954,1.638203650261671,0.8184223700109238,0.11345058632131656,1.3437171577891767,0.6224370513647363,1.2319588260360819,0.8932601014761651,1.1227421575268541,1.3681125064741342,0.5650302688550665,1.0277854890164537,1.861416665490538,0.42149023113497186,1.8426518241941383,0.655454530540178,1.040719203106316,0.8854286451865803,0.6679865589129431,1.2622192628493298,0.29779239107697153,1.6589657663571218,0.37080463069470027,0.3127647780807212,0.5173407392645286,0.8480947274180811,0.7606588214339082,0.8069699947544028,0.4259334630000144,1.330055292906479,0.774617107382033,2.1685302544697325,0.9385202050306487,1.4556288969324371,1.430133281772352,1.8356297827338564,1.426613110521497,1.368712805411622,0.29946890737214726,1.743793195251612,0.9116623947878681,0.9052661686224417,0.6447913477822139,1.3047458054439411,1.5980908632083946,0.5169330305045439,1.127480376798196,0.46164393247333096,1.1619253123025077,0.42395429650181055,1.5050080994997186,0.1268719720807046,0.24203644262911767,1.6652112833572081,1.752788389589034,1.8993505035879765,0.3565642690749725,2.3790747476405385,0.4537724208364621,0.9162594160807629,1.2861656140142717,0.41680594745397076,0.10154871105319277,2.0948434568885017,0.37667666647370457,0.7746922250398495,1.2271625663640244,2.077258302405236,1.3628205500700237,0.12182394523152903,1.9308769749329426,0.22446911840965827,0.5164717691607112,0.7758998724871163,1.3862451812652001,0.8223439146021163,1.3041425783934215,0.8144562871910169,1.547740695871484,0.837129589568641,1.4229041541859562,1.8653153261050923,0.9261016134856844,0.09546317816642198,0.17475587044190902,1.075372022346671,1.4519578659761743,0.3205009149672633,1.4789078791500156,1.8544809347581426,0.522369325257705,1.0132468311183465,1.0578323321034728,0.9933601580606121,0.18787760083326102,0.9792226472357877,1.0453230901950825,1.7727532693956582,2.149816402391473,0.5716184471845086,1.028448307416605,0.371060987177366,1.5521784689912244,1.6420526897688166,1.1692512794735563,0.2289895293329166,0.1351426435611023,1.9519341670365327,1.6498092408856884,1.0817185146169104,1.5202178507715676,1.4253481774725623,2.0538776371367593,0.46447813910113483,1.6608633974290696,0.8779996225840442,0.9512428461415162,2.2252142460405677,0.9301822424686914,0.8267767065727879,0.9957133857929716,1.2887257464019313,1.6314576212759784,1.380947597886498,1.5795192181460385,0.606345169131166,0.6407882560069915,0.7766540915025895,1.619643789241317,0.8322653454240666,1.1219571159047075,0.7743851355780348,1.0978417182108349,2.052235795279434,1.677246247749814,0.8651976451284533,1.0987176589070247,1.6307032955331202,1.1782415075657329,0.1941233085051918,0.7393675547770537,0.7202284348533007,1.1445925702623698,0.7445091317928006,0.9853891955392023,0.2525754712460428,0.6468673503362,2.0396745236759823,1.5325151283759022,1.302983840556975,0.7937272723006468,1.7752349823033962,1.9734234233513586,0.7637934088024169,0.4289183832049106
2024.12.6,0.9627938936582031,0.42966861426243075,1.124566734511972,0.6243167097945687,1.0339962666916016,1.482678597476501,0.7952648931832773,0.2972069998225085,1.5830362669668485,0.8248486623980074,1.379001120643914,1.1397001089367738,0.5292977905905722,1.3262087689964341,0.7289864176985098,1.4113972166022433,1.7976122544611743,1.0520138330061892,0.37779931968230435,0.1591599859342682,0.5690741233234747,0.7304539445875025,1.4399971504329692,1.8888916135058509,0.8856103860762264,0.5869406540132359,0.35584989341694445,1.089684694215403,1.0925171450376738,1.1469245276308024,0.4035547404094173,0.32194236626465134,0.857016583430024,0.8635428261501632,0.8727427642596669,2.1388235598605703,1.2338942738881566,1.6190358783377645,1.2928067126811182,1.6473493659255907,0.9405092939177487,0.08645567675580325,1.573220220373574,0.5209208616208097,1.686025514530676,0.9429078026522132,0.9744445721524171,1.6003253573408194,0.49438318103392187,0.9730793306675064,1.5665693088155868,0.45760653603420154,1.2972599447585116,0.5444058767814041,1.0338494181054971,0.9862539783571764,0.6608386976185672,1.0470225641022937,0.4038206854580103,1.608582644988548,0.3055564482303099,0.3745304503947932,0.5330694347451095,0.6276943413458576,1.024644685752086,0.609181141128121,0.3419810607707982,1.8645281085889478,0.5707116580729755,1.790189312230287,1.1509483600118016,1.23308203732596,1.3153413407290482,2.0592450705997427,1.4589834705042206,1.1984298219589045,0.28748784782124004,1.4200740485284278,1.245627146706849,0.9141663609830163,0.5859325631174556,1.8822043186204684,1.2402827257992106,0.4976837828247809,1.013369106941755,0.49057289988056985,1.0228126847931533,0.3605785845011136,1.622190224847031,0.15997973944191313,0.26063056426907955,1.1962005203828054,2.0063259692662854,1.6905909274118207,0.3728694106346019,1.63530749541791,0.4877271855624977,0.639625728266477,1.2857272617430362,0.4325967026211597,0.11677780096934814,1.5590583197793255,0.30153120733500954,0.779688922884682,1.1732244995253835,2.243645324772989,1.326413836409316,0.12743476780188967,1.8564225114619297,0.2320043141263618,0.5910807218079929,0.8698489937198731,1.3872171928788457,0.7865018683591435,1.2746862797616698,0.6528709560850134,1.3447707680282812,0.7578874861654884,1.1219748435066879,1.8680819208312986,0.9231945532434933,0.12306107579330773,0.19870560360630637,0.819320587032943,1.6407252969844346,0.37480434042533795,1.7464723173518852,1.6755657394371053,0.5625009054426214,0.9703975279571775,1.1291117057092632,0.9204216460487014,0.17422679445852696,0.9468090272801288,1.269873202803825,1.4264129127261727,2.2496224830410743,0.4195195420926213,0.7681421141943229,0.4417916259883607,1.8405640277825406,1.5560666218650199,1.1320154711502661,0.2310446118561604,0.15523997705384718,2.25053310288118,1.4379249784978916,1.1998591846423545,1.5932256174338593,1.5640224163217042,1.8341792197826783,0.5706659609113223,1.342373632772672,0.9416428030982577,0.9809899572663568,2.1119561185741937,0.9252236670987228,0.8819191524972758,1.0613540421356191,1.1817871980469796,1.7412500118801078,1.0502104295901562,1.6098836091592246,0.558810658186968,0.6205175918680681,0.7317408859407762,2.049232689440665,0.6396431206104363,0.9101885284551771,0.7145248404984665,0.9033867816807695,2.065146951776926,1.613556105102945,0.7824271437556228,1.3260418123405067,1.5392574665732583,1.1797865487358057,0.21104485385834107,0.9118615808261388,0.6329816876277476,1.1151002200043845,0.7339481611073363,1.0824343647031527,0.2724880790045564,0.7335168853528155,2.144122002945028,1.156225961782206,1.3899117149790439,1.0040281144097356,1.3326313706405908,1.766828790221361,0.7494947037840153,0.3644159306262299
2024.12.7,0.9117475760906176,0.4604407897565355,0.9974378583824719,0.6236780434652184,1.0789755090505424,1.5797004033252513,0.9949458483166265,0.2969017557337949,1.518822203992031,0.7875633307914189,1.7912793859786005,1.1724758914327715,0.446580695166944,1.403513319912056,0.8892417475077934,1.2358632437050165,2.0478282250918074,1.0498636515465403,0.41779571598548104,0.18725473173374335,0.8214823136484912,0.739547923348466,1.3166870792945877,1.364086967758593,0.90295425562699,0.7441112539420094,0.3802585601483142,1.2749847318473708,0.7634533405218057,1.0395687466962507,0.4864800561315826,0.35907256091722367,1.0746380994342575,0.7574755339330436,0.9935396818525448,2.1151199485414907,1.2257734974862806,1.2455445946556536,1.8581824833478424,1.4032211669198429,0.8376656844258589,0.10336995898392229,1.384291147102238,0.667611132964707,1.368271764361905,1.0688615300071558,1.2001731670488371,1.3964275028242943,0.6696353762732401,0.9853676415666889,1.5154276431897657,0.4858302142456815,1.3164828619460156,0.5623327355643675,0.8051359726457064,1.1245734002746803,0.7768655164798061,1.2307972633026718,0.350882815667409,1.4787509621846495,0.2928070188096758,0.29216445297107985,0.6311767575822148,0.8016427206347851,0.9107162930490508,0.5768175318434416,0.29964802757547104,1.3006525711936117,0.644015242829432,1.8225508354935194,0.8375011457100926,1.280179803835337,1.4397729084396151,1.6732535188060533,1.893027956546077,1.248755435360287,0.23029005826851529,1.5458647684404518,1.1681442899264183,1.0101626167561886,0.5037972937746251,1.4682291837127392,1.1620332850680395,0.4867151863590736,0.8764033144968992,0.6462427337898927,0.9793897620093239,0.40772897964451593,1.5936598532090747,0.18186932307398967,0.23076292437731624,1.3316186111141328,1.904487354902521,1.3626047681714517,0.40674644760464496,1.8742832564560332,0.6420846627662651,0.6901509372471847,1.1958564061537191,0.3317850021592177,0.12861772649649564,1.608456734287186,0.2744236919217756,0.8541168879395831,1.5265617779042768,1.6857288351920554,1.2916334575073734,0.11384348940783377,1.6532611210560066,0.23298017631652432,0.5478729237545134,1.0387128643409818,1.2224371239655965,0.8731475826573054,0.9929538357929609,0.6924993816262599,1.2101414166957427,0.646720894583974,1.170624989670791,1.73330361120123,1.0283204694300474,0.10758855316932499,0.17366346588256795,0.9238465258723555,1.1513285724456395,0.342911049049587,1.6791602952038662,1.3424806016476458,0.6127984079719436,0.9798710523903346,0.821409541522574,1.0958321198993928,0.1978387843374265,0.7494710238215458,1.5187836639882961,1.5903179359470503,1.8488910610424494,0.5805269852216861,1.0640050758500208,0.5037789769566205,1.646953083560186,1.326034071630466,1.4066334821966973,0.17445157194766853,0.11259210736729847,2.124860492692908,1.5087189430814902,1.1800570157529449,1.6102900547107306,1.591512523152611,1.7277119540194474,0.4706398883275358,1.9382115852187678,0.9042121436616863,0.810123846826933,1.9590851883819644,0.7738694234536432,0.8485638724342961,1.0630770836574632,1.7005862462835588,1.407735294073304,1.1025522096190343,1.388373606374631,0.5243328638021282,0.5431807425091798,0.8767699554913957,1.8631068936862587,0.6608958671023336,0.8654455593353276,0.808044455552501,1.1175930215550405,1.569768319953872,1.6701673159596517,0.7181109713820876,1.0133209438392423,1.460798560243023,1.428127142706411,0.21060737799403323,0.7243230893060709,0.8379808809132752,1.1700183636145003,0.8239727187131299,1.0532654351343758,0.27065038924029117,0.7750544985786438,2.016175350151274,1.086592496816292,1.235623074270611,0.8931490498606125,1.4852306848634294,1.9761499520840449,0.7942950159266128,0.3407229969958715
2025.1.5,0.7481939901695661,0.5263761746400853,1.2272854948720837,0.6004006481698999,1.2223361044623158,1.274437908084277,1.0313133501458682,0.25318789072621767,1.5420428689843326,0.9744503522878732,1.4727040451450477,1.085478137510749,0.4188978686549692,1.7739445847419462,0.6403133092284966,1.7831318444162294,1.8078381228002511,1.0778486998837777,0.3636704946237365,0.16388633751984472,0.7538168994373163,0.746803684642073,1.3206375346993948,1.8159645860508755,1.0575808417398227,0.7732205785512102,0.3488895553165739,1.3424273522784942,0.8998069190609881,1.2694311498951263,0.4301485318440832,0.2713036082905542,0.8679990591322851,0.8664518200458633,0.9629162270182691,1.676706385483193,1.1158467679636583,1.5052915661517794,1.8487178437208338,1.6569059495435405,0.8448383639967623,0.10316584254149808,1.1907550071783939,0.582361104489881,1.4587203896187104,1.1064224107145193,1.0247338746942143,1.6414329911787788,0.6663911339483918,1.0148738806376951,1.5972817062307525,0.5211544884450726,1.3607966853739593,0.6646905135507463,0.9315984038411435,1.181951211558164,0.8760082827446792,1.2878747412251437,0.3356785373619545,1.5629556583168578,0.2733161388073918,0.3429715131704474,0.6788341549595855,0.9122508664282297,1.0101807988887532,0.7632717634253349,0.3214514458479464,1.4505415282623257,0.6381990205500819,1.7219437913908495,1.113707928986389,1.0952787618345705,1.3028380724585211,1.5456957159297475,1.5878063625674854,1.0683988233930297,0.29515630832643436,1.7252761777312633,1.1685999279288983,0.8848298350598534,0.4790003386115885,1.8240559245930414,1.1686018003232115,0.5384620098423362,1.0798180895729772,0.5050905073189565,0.8743597386391248,0.3991938145359666,1.2964375353006898,0.18483626606012474,0.31535440716170693,1.137365309485928,1.7753054185335322,1.6007051990994472,0.2940048331668702,1.975266994783268,0.6370293865688816,0.8011896628066891,1.680958992698743,0.4049519796841065,0.1346442005678816,1.7183191548959158,0.36139688227964306,0.9279578904393199,1.2352763956431214,1.9158374615286597,1.0247503809029321,0.14605516137041322,1.4383784768833496,0.20219121015147987,0.5934751504215964,0.8219797920936182,1.3913218213955958,0.8982020281033621,1.2351288879606763,0.7607972032444772,1.1881445918071152,0.7321554324265114,1.0184993053236868,1.7620861142167277,0.7932799688669905,0.13524419434954854,0.16572976646149515,0.8358717841747179,1.4459318638152847,0.3485154948565102,1.6720284855733025,1.5228716800816726,0.5065155865059675,0.7229444076300542,0.9225171781651669,1.2387435320700302,0.1716164572127666,0.6922790869919861,1.087598529356071,1.3489507745024372,1.8145444835387086,0.5759589528565092,0.752614761817637,0.4129698752651503,1.8722725758392782,1.188691518267763,1.1275336925407298,0.1716926754656445,0.14487448093806027,2.0213610204736154,1.4293598752735652,0.8967197408496528,1.6906480090928497,1.6725994546999208,1.8465610108906052,0.5930888319512859,1.8898941490231134,0.9826358728964836,0.882511719141752,2.0513247327272053,0.7111438218645858,0.7842906916032608,0.8530685674725866,1.335977731875421,1.7261146396278837,1.38833163163494,1.4369721976873981,0.6151833660254151,0.5299509725711856,0.9891314268295166,1.7085647269532744,0.7776675331196413,1.0041177849345746,0.7144265943272269,1.0828069994216425,2.0069095450296657,1.753427182090791,1.06200549448682,1.2024373613226913,1.8575769844665042,1.105405392634783,0.20358932047758457,0.825033533053457,0.6509218136824239,1.554854698664021,0.8138582663780871,0.852777468124959,0.27916239327845777,0.6941889598134177,1.9382368509778172,1.1113998829609606,1.4897972057178053,0.8985122131738992,1.738115570291645,1.9552735463877802,0.6974395314688744,0.4318505687183508
2025.1.6,0.6810102803511446,0.42575375792757836,0.8932889505664496,0.4828545518316977,1.301629490732242,1.2529916348228791,0.9702181912289962,0.27434663253176866,1.789381384661536,0.6900790666198706,1.5713387230165017,0.9297191842005591,0.4475762234070995,1.3494244175481893,0.8161118933524762,1.731893802442407,1.5522980720139912,1.0461134927865066,0.39203361735617454,0.19548266602887437,0.7501695311248464,0.9072592090589122,1.8325999009691483,1.53441162788187,1.0224507343009848,0.6335544167721662,0.3654097123142124,1.4713301831572387,0.8407934660807196,1.1715889264090285,0.34721347933318164,0.25809913783774346,0.9630118781498338,0.873895862972672,1.2581937410886386,1.8062911412275084,1.1017129728691288,1.4659078070818872,1.7497492283436922,1.534474709409606,0.7457732195430851,0.09742507353776225,1.6026160187357474,0.6333193352592372,1.2068344532744288,0.9526624731123244,0.9294718182012871,1.7357583932911251,0.5922641487658838,0.7202662045992924,1.7980538434108817,0.5428569805639899,1.6328702311710364,0.5943856692871097,0.8485685441821007,0.8500232113351744,0.7124030082770731,1.0401689714193822,0.29970817191620797,1.353777474073539,0.27433317558342146,0.3038590094040535,0.5082827883880829,0.6743580183703537,0.7929122695704048,0.6953026887227042,0.35272579570174295,1.450804107151191,0.7270017682861154,2.1304527462945235,1.142083751778347,1.216181172373076,1.05840194086766,1.7270165525151002,1.5199446280207636,1.2202337524042475,0.2275904533985311,1.5994346444162826,0.9395043952029237,0.7884941444413506,0.5042675108438248,1.940287018729928,1.496409876736481,0.38695712215277334,0.8857834160430406,0.47523768496160285,1.192657750473814,0.4708793129868828,1.5086241949968706,0.15819405872404121,0.2960199203352302,1.2473720538031243,1.800439821063175,1.8010067271254202,0.3127125274611058,1.9921659862678025,0.6091863972548788,0.8166970772085362,1.480765177854981,0.3167268434807102,0.12334441548149737,1.7015602937319754,0.3414336113436684,0.7350481729849053,1.5130383016227855,1.8675329032785253,1.3191869042899675,0.13057405722447676,1.4256706717449426,0.23366213796611857,0.5226161901176404,0.819072441576208,1.4144583767747232,0.9263417528834179,1.1596439359941801,0.928145669860199,1.486259258976018,0.8805929120527483,0.9776556475047735,1.3324976328389937,0.9953756862936883,0.1078926374712437,0.1725857827504293,0.8684445562957335,1.6033243080159176,0.36050310644827105,1.6187648419256884,1.6942623696680954,0.6269158901043849,0.9458731152721037,0.9159665522361121,0.9617703680384464,0.19577867988960193,0.6943451726356787,1.5145769510685145,1.5561310761933904,2.158141049557603,0.5636668001087931,0.7157086377701848,0.49127692262468614,2.13204342099243,1.637928436612891,1.4829198552479008,0.2114097267457837,0.14479796097075182,1.6367022566525875,1.453733881041886,1.1413599244171575,1.4020804381339904,1.9508540681691635,1.5573047564257543,0.5043718033791741,1.6728097041942478,1.0684643118714066,1.0876973901925229,2.225342399317756,0.8523728678929028,0.8108412032474268,1.0816549606680053,1.4103793987710962,1.6788663296788109,1.1433650646720819,1.5001447395917193,0.7487147892910084,0.5477177712926672,0.9471694106978333,1.9565099024139565,0.7271820087987679,0.966640375943654,0.6286796087786338,0.901542678097637,1.913900893047501,2.35709530478963,0.8695057405423249,1.3180640035052336,2.01082369225695,1.245193789046939,0.2404341147557578,0.9719953592073675,0.6054066140567668,1.6490623104005357,1.0402500023283476,1.091512886639586,0.28537468006774674,0.7246046670354693,1.900890582381221,1.3978804336643034,1.4128012620519466,0.848054640217178,1.2389172109963007,1.5760525081964707,0.6379782833286304,0.4267132388550531
2025.1.7,0.871437568201034,0.3967528399121052,0.9783523804355669,0.5019311167920996,1.2755457737740554,1.4666086382140051,1.1124829451056197,0.2917624533643949,1.6043589677192343,0.7834656605899264,1.7955404997267859,1.0566080432059624,0.5431691589949299,1.6865562059367993,0.7009813384484027,1.758298374643964,1.809343966376915,0.995038262072624,0.3746569566934631,0.15019033727424683,0.6210064179135397,0.8218537878407199,1.387889056447684,1.85497523868523,1.0358000170548556,0.5652769806848617,0.2858661395804047,1.439318877691318,1.0158832421229809,1.1974920586663924,0.43701280676737153,0.27802992682363514,1.0296109723338738,0.8847761158522521,1.0848416854781409,1.8528899419406273,0.9367758312882549,1.2902684756220328,1.8792522398918303,1.2029949116265788,0.8764970394471613,0.12060217767714665,1.315915565001462,0.7644485242283674,1.3734424941868784,0.8730586266761928,0.8890076500491696,1.7129960487868066,0.6268912277360599,0.8240671674566836,1.3837971097674566,0.6041929657562984,1.35304592675762,0.7605491194723916,0.8388583485357427,0.976040914095035,0.8579308001337599,0.9657347507276602,0.3782351077225635,1.5118596371552,0.31020535726506654,0.3068215598496919,0.6520195347140779,0.7665422870933691,0.9576318839121807,0.8002443738477782,0.323696228735442,1.4649045856282055,0.6498543081857694,1.8810610358383812,0.8750752618580682,1.1895664001980832,1.1469976004885674,1.8579579116447027,1.419088564494993,1.292755025148296,0.28625492790576185,1.510490428719115,1.1698557929082614,1.0641975560409926,0.45814325777225356,1.430580270011596,1.4205036416577552,0.43392306323256624,1.171209464823879,0.5391794878935668,1.154184521622054,0.4760299782855097,1.6841696833380049,0.1530664563993967,0.24267974911735657,1.561037900931935,1.9059713740306197,1.8256912540428323,0.37951485041541844,1.8431811450826519,0.4423096775511983,0.6368446345288428,1.5308750970074003,0.38885466158589277,0.1253542820055042,1.9953668640190312,0.3367561104528048,0.6444433998052791,1.3444720470503815,2.0534470009612167,1.2123612691398291,0.10005183403401746,1.7928701796487752,0.2798004037509973,0.4439202904614133,0.9342354675002565,1.3228496324842676,0.7944688416269488,1.3207196007441953,0.7512680492426296,1.4470606169968736,0.8167792822422029,1.3249271423443896,1.6016069298547078,1.0638111151722005,0.126948146674442,0.1963603414775723,0.8717283670813609,1.2596367830928632,0.27806975012475893,1.2751357232909748,1.9409762108811597,0.5113491309572913,1.022246268451013,0.8620895103799182,1.0243601815004688,0.16838132327694377,0.7531810037123742,1.4051305845020141,1.785316011327558,1.839982634543531,0.43274079954965955,1.026532430349986,0.34540925184196575,2.222769770975893,1.773409114183996,1.0878535305069932,0.18495336652400113,0.14420206170492317,2.1107018934566444,1.968385612193967,1.0242434350398038,1.7184045812590356,1.9143690528922936,2.1042849646956,0.5843281965813655,1.4771059362700378,1.1000698094360521,0.8293185003422058,2.0640740270393048,0.8999678968078416,0.9076358026908051,0.7418300413142189,1.221017774079952,1.4507880326204652,1.476816694288276,1.5691716476135205,0.5773473850326629,0.6127866389950553,0.7668062341166336,1.9761475869677418,0.7143771192593636,1.1340157678795164,0.8008101813401733,0.9523570946933759,1.6219767049611034,2.1172520478559145,1.0617524253894393,1.193793365812245,1.868041485447672,1.1569347368649985,0.20893699814446448,0.8100014571076523,0.7960934877250497,1.3514473461245806,0.9803657305383844,0.7293885349575682,0.29220044861389755,0.6929451395299532,2.2626689145362127,1.4101534792186372,1.188574328635475,0.9577983722820161,1.2959595582300156,1.7595501594988678,0.9137388569028765,0.3226991963490809
2025.1.8,0.7921967035578819,0.43739729370386254,0.8832393193664249,0.6000065307597352,1.0932121323726085,1.236502905381741,0.8919139494131756,0.28233828772541536,1.7192039091989926,0.9702327844655008,1.6211838347974792,1.2682087169771075,0.5697921209617541,1.4547392223668274,0.6665793377166519,1.798629476610199,1.7447597839542959,0.8074989678790161,0.4050854731040376,0.20932185357912608,0.745228802933811,0.7481041101509064,1.471157459558217,1.8485829096877038,0.7521837782383304,0.5824026562594916,0.3257650909260121,1.2967429306520784,1.1090619974230076,1.2717309447793403,0.3796834134659902,0.3469403286350421,1.1802332926030137,0.9030666317632873,0.9955879078852795,2.2030267910305636,1.2132653704937235,1.2010573852298585,1.5985289077735787,1.3784232768858518,0.7395003021655444,0.11626735615512368,1.4005486793776165,0.6200807344888635,1.4937641314610086,1.0144721040099312,0.9412279069953757,1.7024062084543006,0.6069262374648281,0.7154064290115263,1.4296310741599343,0.5210036277592845,1.8674705609427549,0.7295983813623389,1.0996346628956688,0.8565969882731621,0.7339666376889352,0.9990349713204197,0.42451897704527564,1.411801996599751,0.3309779781546543,0.3093265879259252,0.6421099488172529,0.648620851331969,0.9521129715775798,0.6694399909780624,0.29169929727852834,1.3663471660103896,0.5926321787001618,2.0225414663443986,0.9747542950969081,1.0160866532616921,1.0934158486480372,1.627965849923554,1.4069006469783791,1.2065049534586099,0.30207069419454097,1.733674855442798,1.3165389102852634,1.0215637201351204,0.4692740012516745,1.4653444726456188,1.4567310395691697,0.41854116869103913,1.065489578252214,0.5055261277359276,0.8991248520373387,0.36568916638836296,1.428344444047637,0.1833790779715012,0.2771852674069075,1.2358042192077594,1.4921761495413215,1.6299730456675872,0.3956044721476831,2.1721172577033823,0.509684549153515,0.7503403726611377,1.6712407021392108,0.3354948753129171,0.0998626428868578,1.7537904856404973,0.2690546198661393,0.787738981723251,1.3587574029481906,2.286509144528686,1.4033063835001591,0.11389443807370249,1.9387684762783062,0.28918202344334704,0.4219550360993062,1.0260239281320573,1.1104035127330765,1.0378780679275,1.0551895208561226,0.8419106514991598,1.5742457921944253,0.8340395530017964,1.2271947239184298,1.4217562912010955,1.0853714532195438,0.12635582147527116,0.1896858427617516,0.9845786120923745,1.6160572866319516,0.26152396773906156,1.7094711642969092,1.8808091103561815,0.5505708396039274,0.9250716529339843,0.9195997267761293,1.1130330656946428,0.20846701351793323,0.8593459682232022,1.3558507407877527,1.5540380915364496,1.9348381991401193,0.5147139303138876,0.7974057124849949,0.37446741047431464,1.9844485192279606,1.6692728489453066,1.2110755596566332,0.1622359085442815,0.15896514818388016,1.6973526825364715,1.4255599642269061,0.9650341664852555,1.6674045656063856,1.4216589900981709,1.6867001892955151,0.44157630494127736,1.4059860210551032,1.1855291001082542,0.9850012171639598,1.802282506188778,1.0075269288333883,0.6345946670311384,0.8707733832413778,1.6380732053445712,1.5898659776805053,1.063890852926827,1.1751848875824829,0.5689737548134742,0.5561362339196476,0.8303800781860786,1.6062692801549612,0.6431871111514931,0.8275430890496321,0.7182676433050261,0.8579282617926705,1.754569971752463,2.205099440485927,0.7653169829500083,1.2869383083376187,1.5439983092379335,1.3887835508913027,0.22193442395822893,0.9755640410725989,0.629812290403529,1.399178967364872,0.9368003016850767,0.7381714272723207,0.2996875302222499,0.8734771858742193,1.7671498320524917,1.3834987480345573,1.2418899551323994,0.8027086503900099,1.8348873516339739,1.438737751134065,0.6797956665649681,0.3021090222205084
2025.1.9,0.6889207534286234,0.41284495788271924,1.22225538896147,0.48758389881573533,1.416836943682752,1.5481392973653492,0.8584293020741998,0.22266348357517393,1.8203864242900092,0.9362642330118237,1.3077628206185512,0.9070370080096576,0.5647088188224402,1.5480007222882197,0.6528698051903306,1.305560072581454,1.9095237672639023,0.7700958295843738,0.30869867503245585,0.17295041260033658,0.6709490594400843,0.8448902899746962,1.4099174791597198,1.8085366856265797,0.90371138196742,0.8301378770536466,0.26591704830608187,1.1881395762785538,0.8394439273685638,1.0890361959070007,0.43867021559245317,0.2525995340271399,1.023917482205438,0.7526966718284539,1.094494726238265,1.7900807461503205,0.9929652714167934,1.4905785689072801,1.8613101745156262,1.5127824318116891,0.7886942441458593,0.1109095324128187,1.5460153275387727,0.7340059786171048,1.2272851149583992,0.9479321776604794,0.9500425522620527,1.34900136204344,0.5796676614274515,0.7636837053929606,1.9210709895202311,0.5192229029724963,1.53943725277479,0.7722619423346335,0.7941707790955382,0.8224786069407055,0.9373681484014518,1.2217335450603097,0.4403733360540064,1.2536612149728825,0.2653015497945357,0.33522861497046497,0.504650307947702,0.8143129621479172,0.9265695001544825,0.6090182679685645,0.4251036926709126,1.7570520957112234,0.7161950583411097,2.058883500558558,0.8685305483265617,1.0313970376477637,1.4445291538593807,1.768216842448488,1.9306239028510837,1.4344152216717219,0.2437851505389939,1.6081402972981655,1.28534613124783,1.0040968090078792,0.4606918157381224,1.7226104859549274,1.1613645916433244,0.5562486412784476,0.8795928101973091,0.4459415026916471,1.0418417291370217,0.4018839758996722,1.742233113818301,0.16647920543639638,0.29116268811041257,1.167808492189861,1.546217354128189,1.8914319285510592,0.4002676148315115,2.287921604527996,0.5756020916445114,0.827188977567355,1.3463824071328672,0.3398667852228991,0.138350803249876,1.5499111063654596,0.2804429884583802,0.8029384660274855,1.3887938563787936,1.6609405069094414,1.415802556112107,0.12841834016325177,1.781076215833709,0.2513456825577273,0.4826360031512211,1.0509146591309078,1.1331185492758467,0.7637195466817405,1.192046845503386,0.7126610845801673,1.440791741014964,0.6031159023054329,1.3179073971954782,1.3896684497481873,0.8329754246473026,0.10496469282565436,0.15579111281175917,0.9287965831039495,1.1344082652997338,0.3116110512124596,1.5063097001759926,1.4658693423917828,0.5735840217609952,0.8877772853868541,0.9278698800429879,1.057882976156144,0.21494219411778806,0.9218485080937003,1.3598496424547364,1.5174740736043502,1.6914108212779713,0.5394987086450833,0.9695871509956239,0.3506213100076159,1.773256111018939,1.4615242303424076,1.5563498909204778,0.2321650480546842,0.15252260684744176,2.1830765201949798,1.502466612358879,0.8621528990635927,1.3363432362546919,1.447144085816562,2.0491905644779433,0.5192010322768229,1.5662051927065903,1.1287450048210252,1.0115013633132384,2.0645566197927376,1.0256037897379813,0.8096092396853524,1.0608998828936405,1.170778275855952,1.341148484820814,1.1449730154647657,1.5566031569892798,0.7658010430930136,0.7217702483044167,0.867964004307854,1.6407953623781795,0.9010469038134159,0.8896900034176171,0.6198540225792646,0.8285316221977004,2.2262653988236076,2.203183955666517,0.9251665550328962,1.2673102419323867,1.509615154852257,1.4326988288450047,0.24681387337163832,0.9692654035007549,0.6866329222682439,1.195464634606767,0.8866919609450175,1.028036986290056,0.2598612993382481,0.8540563836333767,2.1770942618980076,1.208554834350259,1.4012391090535194,0.9649835950281617,1.39915572387003,2.0133675583223924,0.683433476418085,0.3116562891208933
2025.1.10,0.8100604073127359,0.5596423240061855,1.2024656218899212,0.45655819640347084,1.3128021520828932,1.5099240972833048,1.077340213722209,0.24279580604340587,1.9563491388491316,0.920438758645035,1.8161494206094535,1.055839716513842,0.47830583639782204,1.4828217725742348,0.8475518497304594,1.439093215390445,1.4473213560807412,1.1066685237069713,0.30554323482976226,0.15760351232603198,0.7430839725512478,0.8791401871406034,1.4911822280384943,1.798291714335861,0.9280943822705369,0.6420571159342039,0.29732783093149134,1.2936083326275947,0.9873702940921211,1.3249907021168574,0.3379669944090967,0.3206494013763973,1.1096203350672171,0.7179818790487011,0.9073314879472016,1.7366201850151324,1.0914509156759409,1.5394605031949196,1.3039645100993826,1.250670624269314,0.9657659887289887,0.1116133956837592,1.3427995990881496,0.5656739841601461,1.486878843835413,0.9417166813286753,0.8283829120634173,1.287747536260976,0.45899992633391273,0.7700993440275846,1.416009480159446,0.425596087199196,1.573918777097025,0.5848897210409751,0.940903096074408,1.0855969637863099,0.9404873656100905,1.3358665812198058,0.3820237942034655,1.5466498910998443,0.3748276113201908,0.2880974606821387,0.5442743348931023,0.7910063279864976,1.0208849044438826,0.7966896506780742,0.41473173292361987,1.3399651472146947,0.7763040307132868,1.7147673493113194,1.085554658449874,1.3895241861392216,1.3708202866832853,1.8021467975938954,1.4852440356116337,1.2526391320646062,0.31332188277312506,1.5633453530579335,1.0766904199561274,1.0667092457541796,0.5303612113379671,1.9183559484599473,1.4015811299695522,0.4448087710760194,1.2078836296353894,0.5090446209683328,1.0315215340952097,0.40303907629642344,1.4401481972118668,0.12857627438743155,0.31468185881252453,1.3892304597231622,2.143387093664143,1.4816975852043086,0.33835469631438997,2.3388351074929346,0.49833516301961583,0.8424630075536241,1.5047412069024504,0.36822239751629954,0.10015808629257585,1.6187696596734547,0.34360006086804334,0.6842801294712629,1.3317224197072401,1.6563345687685906,0.9965152637991782,0.10066307834057048,1.9940475373099993,0.24508587908140708,0.5653596243393076,0.8441390030011793,1.1534634404471096,1.0438614712740475,0.9173475220991079,0.6721930930741862,1.3906803619029502,0.7321854666985127,1.0263031670047058,1.7904628289911309,1.1119304642834926,0.09614345856899148,0.150041987880103,1.1353702184080672,1.5352414423620337,0.31552502468373184,1.8654897261613101,1.4604450545775978,0.6245514391301663,1.0173120604558559,1.013081553715873,1.1835555474203712,0.16471424525178222,0.9530543088138452,1.4531270201220983,1.690080618211604,2.080013991784451,0.5834920448764571,0.9984704402567011,0.4020333681029919,1.9611503691731058,1.725028369767455,1.4636713238886325,0.17897974336652375,0.1103214123253201,1.7628852904887766,1.7152096221701536,1.0460340155329693,1.2564952354179586,1.5702604137786391,1.5551556150925883,0.583280050076373,1.494658003820196,1.1085681439240114,0.9037045654411362,1.5526081828194191,0.8857104498224767,0.6930971808643014,0.833332050382586,1.6363793290662092,1.531827545555659,1.5496720787789926,1.3744722516052343,0.5221696439042068,0.6033190064431505,0.9725918712177836,2.058927065730843,0.8376001456931533,1.0843799312004325,0.7368867268471073,1.0686112748807344,1.9641291851268923,2.0118708032161696,0.7870038294537014,1.0578325355946263,1.491361658143883,1.4646551908065584,0.24431749496970917,0.7928714902096412,0.5871620036352669,1.4205325778666587,0.7633264451420863,0.8007282918002189,0.2528654710555057,0.8296156680777731,2.195617979620207,1.1225198708082618,1.6317754796438273,0.7985333421338994,1.825670460926599,1.6604618553589177,0.7686324587575178,0.34096736935205196
2025.1.11,0.6604652308895637,0.5364181570244846,0.9436138216965285,0.5380652112034945,1.2247946505471914,1.283088529368621,0.835100726470047,0.2109535465808693,1.4829074551318693,0.7377380567214384,1.6233275430199048,1.085100772398548,0.5323583601590733,1.5262167833612943,0.7355166744087823,1.6564947302912167,1.8965977068734658,0.9914123198144683,0.33323779777778256,0.14614624112138316,0.5904330291096611,0.7355833048093003,1.3103579181590124,1.4854624329935386,0.7552362325913067,0.7745773042003313,0.36082279522619387,1.3669573956549634,0.8177066817291596,1.1513331041358716,0.3551524587589118,0.37187653113675384,1.2289313168041898,0.7995163385446687,1.0366311102558743,2.3232244962304662,0.998589186167769,1.3016943491479673,1.4861997719188256,1.4695325922902986,0.7465836087733633,0.10122602578599044,1.1839804088494073,0.6907531774631519,1.7471263012012208,1.2558163812048633,0.9488576388353211,1.664235661819699,0.5487314639559752,0.8529142517331233,1.6713124421588013,0.4224135336433627,1.4135649782214468,0.7686786930271642,0.843288679393375,1.0614236699875232,0.7461329190586101,0.9587275992348383,0.37438797514595906,1.4634858569338205,0.3513101060306977,0.33678577009089383,0.5466199680142884,0.7466056500751784,0.8239521165458822,0.7159285422535114,0.3999169602115065,1.6634566058685256,0.6570717153495046,1.7820190383132644,1.0168677978898117,1.0968507975564112,1.3291048724517351,1.544895148939379,1.717161697071024,1.1373366048765332,0.22387012606060153,1.705879772385194,0.9004816655952752,1.040854210292813,0.6119277264432822,1.886247407623671,1.5724662916778116,0.5087031454304238,1.0268552601279792,0.5574618411896586,1.08863306685597,0.36534911546054916,1.2584250343824783,0.15353475667304917,0.30830070524301867,1.1284555742433147,1.5457480387627993,1.575088407992229,0.29271494653007907,2.2324863980847325,0.6372870947212437,0.8237498754744491,1.1702677841508446,0.3787145163378956,0.13031478456482903,1.7914868088343974,0.2892637246057528,0.871101159401125,1.1814979374992995,2.27788148174368,1.367687689324206,0.09907460775086054,1.4273340178627396,0.2026984700939752,0.5846945375703115,0.8058302564515316,1.0547834537822753,0.709196440885865,1.0652549127458284,0.6505464229830484,1.3766965430676883,0.7852219947131038,1.2277416094764946,1.36024692544662,1.019338144074474,0.1138360908509219,0.15174405313877465,0.8190081981642187,1.6479823394929385,0.3550712005819591,1.786482801567362,1.4479879016001858,0.4751176435243252,0.8437005559962072,1.0700529357669455,1.149554740135279,0.19260961062743234,0.862491749062323,1.0830976892659923,1.8703629579167773,1.9196523642149486,0.4260710164931539,1.0155097072746315,0.5021973129642419,1.7416885059785445,1.4316077111993715,1.116096873339796,0.23543119073785357,0.13350489287097891,1.8937209621204727,1.728179295462644,0.9905989848198934,1.4171626042959689,1.5257051849322703,2.2218878483972895,0.4801747022410041,1.6611683457972743,1.0248648562056508,1.0843611473190007,1.816011363832011,0.9645157740180436,0.8013668470681808,0.8327622059109919,1.235825536228043,1.7995438826300105,1.2574268279678822,1.3574925532776512,0.7183446513686802,0.5041309712754906,0.982599403907682,1.51808991650437,0.6601736411276947,0.8255550349968083,0.6622317582427807,0.889937757126334,1.8589346922810683,2.2201272831096297,0.9976487635318045,1.1654061499540922,1.4369094747901014,1.213881366474208,0.24637932742124924,0.9633890681115983,0.6186532658920056,1.1942433217771227,1.04898440682366,0.7502360762724587,0.3310619004950866,0.7516166143861619,1.9262640360755745,1.3351398267916756,1.4502664550153797,0.7581354161035749,1.339111255760352,1.6531504533692818,0.774586701824002,0.4432200295833359
2025.2.9,0.9445122950444803,0.503043103154927,1.1116309122083061,0.617898137755908,1.2523015732943998,1.4531164231266902,1.1128772830529037,0.29268242506714687,2.0356209671950274,0.7093070485136351,1.4424420514274123,1.14809685239693,0.4399566594013725,1.7616426366093394,0.8565036274874394,1.6191290150945201,1.7456398616267692,1.0595689870016778,0.32025316083025823,0.15293101490526803,0.7449372667259925,0.7811967240716023,1.595067126970198,1.3412398145254298,0.8452354110713699,0.7341426541169406,0.39593925836096966,1.0394965773436813,0.9543196165365491,0.98085136608061,0.4663344363207093,0.3545279618141957,0.8752469234789827,0.7341770638474147,1.1139064925885518,1.5780633720391017,0.9328205993435396,1.4867520304467388,1.3980589457705939,1.4839937068412232,0.7006070296418647,0.12011160078564499,1.3666710177705974,0.7694695635831778,1.256661715980785,1.1100490892238988,0.9867644338516378,1.460378889427434,0.597914585084546,0.783639120612698,1.6788544212886856,0.5295780511914061,1.5546923109930544,0.6292968318112454,1.1198701601019767,0.882199534413869,0.7242767669737573,1.2818143506659943,0.3104521949160873,1.350227684208317,0.3298232496746949,0.35278573724506684,0.6755916569901241,0.7819644799547243,0.7334733490593419,0.6148934167372102,0.3161391092599981,1.340816264097517,0.5881531606040693,2.0857306797998634,1.0569656289573488,1.074881812854864,1.1426645533397266,1.9398049273808642,1.813311510462289,1.329778545643673,0.3135634501459781,1.4769269488577192,1.0427726610466495,0.8582442765562819,0.4687301851035285,1.619116273386148,1.4131556971479613,0.4997884024553194,0.8452175468593355,0.5591279647839936,1.2217922345048084,0.47522894369583163,1.4032782225044762,0.13949462864529272,0.2690956499274146,1.1704487547874967,2.0136092487215853,1.8939470922762256,0.3415313487274287,2.2686879409332006,0.5769010993216246,0.72458767833906,1.255204103139848,0.40841074524799664,0.10636895148846601,1.533264852979592,0.3280771881977879,0.9419339053222813,1.2990570638622365,1.7684380300608158,0.9880495539103183,0.119935316236205,1.6613070084175738,0.2873760289011388,0.48107136547309787,1.1393894983138502,1.1326939260047806,0.8733157124078635,1.3175690432200855,0.7285653822795768,1.16334488205233,0.8396380882331627,1.0758455888025846,1.5727942941777677,1.1059574370464973,0.1081634723351028,0.1679595835823396,1.1453689031904535,1.4929579899339875,0.3067025157618598,1.6404885196599284,1.9224945551800188,0.5812731976831033,0.8977003163865763,0.9565263771203207,0.8567508123636572,0.161629549422966,0.6592999438177367,1.2876112024466533,1.3333743185503828,2.1296977464781737,0.5405020137459294,1.0626119089175006,0.36210972057819435,2.192043047844244,1.4999765942034087,1.518908887560928,0.2184047568655273,0.1295539183506223,1.841557698367615,1.426129816509524,0.9468930112467049,1.3976742420057244,1.7415170940945333,1.6488903008867644,0.6027409831734633,1.965820609024682,1.0512224144147715,1.0102120800278014,1.8311605240833169,0.8543625199262516,0.7915119444579832,0.8435847352647848,1.66673579501555,1.512232458507431,1.3969072059865018,1.3426893048989088,0.5985908450589744,0.6683069682411918,1.0070324130152926,1.432119547343462,0.6425703440712228,0.9145255181604179,0.7989321524079694,1.1067978757315375,1.5964839245735092,2.060070002160223,0.9953706311738187,0.9664617088917994,1.715748346099871,1.124541609923136,0.19349502074149438,0.9700807895198978,0.6291140758116246,1.454045251683468,0.8364669801284962,0.8144478948929702,0.3141482200933998,0.915912846805081,1.8292028402131149,1.2849157911190257,1.515334445175862,0.8560443885671428,1.4486700744752607,1.5903575891166213,0.627485922154998,0.3815230433183805
2025.2.10,0.733314028560471,0.5485176522225372,1.1773421306689027,0.567365114863895,1.1601810680909828,1.4550560131313393,0.7556911352659564,0.2582154150760926,1.9109056445001376,0.8719417149260281,1.3215848973437578,1.3211487553519659,0.4575477553363786,1.488282175746779,0.6492244460820288,1.293549216239186,2.0353303329209136,0.9402142187406194,0.42587577506075985,0.17760119061254398,0.8406715992034541,0.6867937610717395,1.3092110173007854,1.548821578773312,1.0324281202951366,0.6662505281636814,0.2778074254159389,1.1825733305680437,0.9165989843522196,1.2253622295007331,0.36369260514796986,0.31303155923729375,0.9340661187831465,0.8053606628328722,1.0556557850188428,2.3549393945041084,1.1495327503167696,1.346386056592601,1.379495788352082,1.2035671765672582,0.6998795186943177,0.11080204632344473,1.6951248426512207,0.5432781285967808,1.6500323071206224,1.0848373886591798,1.090276267939648,1.4998421938002084,0.598528264732312,0.7257498426420556,1.620475940210101,0.5061250167514778,1.6748374050576367,0.6076281508183138,0.9945206539340253,0.9110731517516674,0.7831642765703899,1.0976480653497518,0.3795116339816124,1.6666390245224736,0.36065731371326787,0.34879492280228885,0.49472236524967006,0.8983259850348967,0.9197030610328658,0.7640916438550266,0.30921918029184814,1.3071606055097056,0.6059222728180018,1.7304416478618176,0.8809587754858714,1.2266674026209787,1.0846010750510535,2.165852938232594,1.6897669338914438,1.0411530295859812,0.2712798987136936,2.0269528339695397,1.2476360616749294,0.915281690075184,0.46630856438800156,1.808163653392313,1.580653003750476,0.41180101511098555,1.071082503570973,0.516366189206566,1.069838685648576,0.45973722861432387,1.7334894068195463,0.1537887301645227,0.29685482576112904,1.5762833620269552,2.1722358659866057,1.8924180063277949,0.3125242358024138,2.0298995172238135,0.45380995680818575,0.6536942712826413,1.6251307832282966,0.32297490184587807,0.13777860208294535,1.8647011808068001,0.33342422586369885,0.929578218639897,1.498222756772542,2.132781058145216,1.1478058045767425,0.11419149650390853,1.5702788459336123,0.2009203979446999,0.5229603210600616,0.8759971887286712,1.1009825189320828,0.8213073616444533,1.1287072903675976,0.681872094447131,1.3407992648863964,0.6079958803002135,1.0636338747528682,1.8721876424164863,0.9537658494985717,0.13272308928992968,0.18403031912322096,0.8591690117528459,1.3703791216027774,0.32265013042602736,1.4277878354119002,1.87655678981537,0.5335807170665995,0.8552360912066961,1.0924549355117332,1.248070406524451,0.20278564715468117,0.7186956639360752,1.3864851857808465,1.5534045341203953,2.1082404373393917,0.45701912708649295,0.814841092537726,0.45008481850750204,2.1623445804024213,1.4715776919029373,1.3422630052193214,0.22203908674699094,0.12481004316791192,2.239837274932547,1.8496989656455916,1.1332671778468377,1.4988211267085207,1.933337259008482,2.167484253891992,0.5672686695256792,1.7064053335073914,1.026028685186855,0.9073206260829145,1.6489176990932162,0.9618113900921547,0.6536552362280544,0.9570426332890172,1.5762025679571503,1.773542140208203,1.1280120137339924,1.389946740356146,0.5253887407665908,0.5702570957299562,0.868431589793412,1.7209802806779195,0.9256766708812719,0.9406876934541976,0.6890789528148121,1.175696298701743,2.0905527534099506,1.8368569028304083,0.7554064208184612,1.1364525404623553,1.7521098470153393,1.11885439463006,0.17346172338692262,0.8464021291450915,0.5947249077646976,1.6333744750846164,0.7420393668791835,0.883237094069783,0.3026102598921053,0.9349586543009983,1.9671441798530442,1.4117444508495745,1.321784175631172,0.8195974288176989,1.6890470412992569,1.69941423678653,0.6677509494880255,0.35389811296530116
2025.2.11,0.8643891651140847,0.5355684248210599,1.0678410696893395,0.5408556881579532,1.0777710666629976,1.1109513162784383,1.11537713947285,0.22081019417207062,1.5137731629968258,0.9571324876074541,1.7260738080596052,1.061652525781416,0.5779008194617498,1.6627478883379556,0.7277887391168973,1.6910839196874483,1.608672399099924,0.8022185508444032,0.3291019169711663,0.16471896093589858,0.5740700842376303,0.705975579900379,1.7731840369751526,1.4009277731678258,0.7993407568537978,0.6169511094814473,0.31781626969699495,1.3935298697626552,1.1056054016687138,1.269616111702342,0.4632814065204886,0.25619617124685845,0.9832775235106657,0.8377202201698802,1.0187046060546312,2.10277806186417,0.8980681263792958,1.5251875814778286,1.3449240167785819,1.4274993539908511,0.9947739496664937,0.11221598721319603,1.5208516904884783,0.5190921933107108,1.4382782915992305,1.0249697876301065,1.0638443254939847,1.2524545552773492,0.5304814910256567,0.7487257062477106,1.7214427752586983,0.5893662659338178,1.7310007058137866,0.5307093149118237,0.8678603714506469,0.8253806111339432,0.7276993354500739,1.1619742040933099,0.35436438748672255,1.156913518781013,0.2652468923728536,0.33467761005452884,0.634972348375847,0.6811453096095742,0.9395314797571601,0.7053125400447939,0.30152519736363653,1.8367670484276282,0.6171749688094224,2.045797426385211,0.8870787560463986,1.3558690270060103,1.3688592155333728,1.6157433491262196,1.4105607728611456,1.1438326394897402,0.24451486746303283,1.9853830982282517,1.192506104247749,0.8272073801785071,0.5786235438184861,1.3816191971386647,1.291853935200794,0.41681177974897404,0.9187344662503604,0.5362498627659071,1.0534354547686586,0.3719671671205727,1.3623363623660083,0.15289589098300077,0.27411901188878063,1.5559862762211247,1.6891766779619903,1.7548483097659062,0.32099489751694593,2.2490363708332715,0.6371598149622075,0.7578572969513251,1.5881208257735666,0.3898083894582764,0.12774512507337063,1.8319229739174332,0.2991795733962794,0.6933259036885084,1.4993758063358307,2.0321857424728043,1.2327239405737198,0.11936131484524345,1.7178274708223447,0.2939182096630281,0.5073416265742985,1.1056578403847603,1.2234670791840387,0.8620514333738012,1.0170798452571677,0.6870388995899643,1.708476947855201,0.846285750195608,0.9602638455831392,1.3926080672957528,0.9755455696205869,0.1323161019270419,0.1678789824020862,1.0680203044485872,1.1489252365678244,0.3171553409726948,1.3970633422197258,1.8253893257290559,0.48018520373022244,1.0128971251852175,0.9384751945124715,1.1456669298053275,0.1767345829633277,0.6902312301538426,1.3297986762443454,1.4054338738770393,1.6793281033227154,0.4251335773836418,0.9626762937510787,0.42333370396151304,1.9271800683327365,1.4540492535320293,1.5327227074499792,0.1769351465247419,0.13243807134555996,1.6661152798290038,1.844061541923306,1.1647306996613747,1.5032825414813054,1.972976390642258,2.112394651548221,0.5579496851568523,1.9151389647252612,1.2077526271095103,0.948446849424602,1.539524918228129,0.7722286146841114,0.6698307012751638,0.8933033968838408,1.2499058639088878,1.617825524798581,1.348794212131862,1.631374349195628,0.7523875649117959,0.6497515741420639,0.9324689569178712,1.9644328943785843,0.8342874703564009,1.0334650670420722,0.7657985391512446,0.8150177356820097,2.081871490962674,2.0325336302747354,1.0412689299761,0.9997013769296116,1.8194277946310855,1.3058794747134013,0.19273312967370554,0.7803714531132087,0.7690675012492411,1.2226667865047072,0.8782924995317929,0.9940799079977274,0.3261708349871335,0.684371313748082,1.6667008486861477,1.2630216267429444,1.4531036351547324,1.0612555715359613,1.6307031065849276,1.5551381075689938,0.7393149908875082,0.4307620861951089
2025.2.12,0.7504981343398385,0.4176871795554945,1.057163400727413,0.44133962604774585,1.1296721888691752,1.5332406331483777,0.7673356359132603,0.26470762629009126,2.0895531789103905,0.83538638846482,1.6186106612731936,1.0619272693229604,0.40165075255980714,1.6042082815119185,0.7982641034160461,1.335915700382942,1.808393403434307,0.8052032648734657,0.4413107370073355,0.19938814518369208,0.83443833074862,0.8678010665055986,1.4143851312424982,1.7370090844343515,0.9482792174410726,0.5933713843999534,0.3705643208402329,1.1697794736789744,0.9703891895277738,1.0530335629775474,0.3721998326750567,0.3515083707107414,0.9944679720261834,0.8324005809951722,1.2698284882731414,2.221905210510944,1.2015928455819922,1.2362550924264963,1.6474879625395653,1.542442119066358,0.848011518077601,0.11767302982772448,1.537975802378163,0.6290102502442622,1.5848132917042475,1.0305572542618973,1.084681367817355,1.3933082642396764,0.6575779688358387,0.7417425709006854,1.451375745648334,0.44852086925244106,1.7326938098092184,0.5313345989762782,0.9732796993769679,1.156249193073723,0.8679600679115288,1.3730967479074667,0.3881865622562333,1.325698468583303,0.3158244388757623,0.3987767088184021,0.529497743457227,0.6272658127288419,0.8864330720620539,0.7314900355049115,0.3972536041903848,1.382661564643973,0.6343909793390895,2.153476812150598,0.8187961099223507,1.0097453061769248,1.228671867119059,1.9506935492585373,1.9368976103085231,1.1258169207994837,0.2352738626161533,1.874554595906122,1.0856129177123042,0.8286651785749946,0.48094419321395737,1.9261120173166644,1.627468743755161,0.42468390541546214,1.1431968118851388,0.6498005089972171,0.8502748562203488,0.4019129675060439,1.6843899192154435,0.16078389971108173,0.27310895176339367,1.6366442802859542,1.7634243904363238,1.8680617074947306,0.38839259652133157,1.8332869727763572,0.6478399573578086,0.6646960614276227,1.3492653274364033,0.33982042038378285,0.12933511403435557,1.9382756548275828,0.386295512439836,0.9073589446799216,1.2858914667831853,2.263956695450283,1.041582545972484,0.11076496031659946,1.4546743025537439,0.24845095962313218,0.5051212264162291,1.1095889600973028,1.4492469051086743,0.9048319380024349,0.9425692480477175,0.8724654653788734,1.6496539675485529,0.756081194028636,1.0169837035788487,1.8972993170689596,1.1202271851392032,0.11609341136262244,0.13867724957934627,0.9008946782148904,1.6406785660144712,0.25580085188836443,1.4837047043237601,1.5740023836806187,0.5877240194538778,0.7170032428111357,0.9200437931604434,1.1920783296803403,0.19727866383036521,0.7768824130646503,1.4562378559801192,1.755199080752636,2.058886357159276,0.47315504637591965,0.7513883583321432,0.5074259404079625,1.7513292656589132,1.6486454931109478,1.4002517474725873,0.17956594690239983,0.12881056948430714,2.010143791558733,1.4813109604753114,0.9440653772959331,1.6002281699838248,1.7673803884051509,2.231482901747279,0.5074900457791116,1.756720577159275,0.9476184278237111,0.9939538972452912,1.623457637088261,0.8304620687044384,0.7957632935045619,0.9989618792300524,1.481533243443427,1.3690066544177955,1.4088662917733266,1.4115459806504853,0.5517303725744771,0.5581971768406621,0.7308787984552187,1.9437158207470575,0.7522280913699171,0.8504384866300182,0.5885908977188958,0.9706001427838038,2.013467711344726,2.0106286669511775,0.784735263046779,1.2297751306714397,1.80242095989044,1.585604886038866,0.19423680819703,0.8901146988720171,0.8212767143698143,1.5394373028627641,1.012195049731379,0.9554059343064807,0.35009587385562724,0.6999165284897574,1.6290515168507922,1.2098799097013033,1.3830134402062764,0.7548761211558707,1.5836701451774038,1.6401500494860288,0.8343116763180539,0.36580892315426916
2025.2.13,0.8181413187251974,0.5525479528392808,0.9368899452180881,0.550314346442276,1.3223676489984397,1.3233711347306996,1.0858069046332275,0.2593997583261403,2.123943350121498,0.840238351024464,1.5651042987699328,1.2386387691176117,0.4161178690911109,1.7257658967297806,0.8772363708240298,1.3355415757305449,2.0140606968729347,1.0175232420815632,0.3465537299308853,0.1713362100179351,0.6746048893126688,0.7060691203286436,1.6083339989470782,1.5121597400288012,0.82854948260983,0.7314432918899061,0.2916843812831517,1.2620529426636555,0.8740317220616485,1.2986686040453022,0.43157571374814185,0.32265707660255827,0.9900302839313385,0.7352237438791605,1.2216736671540653,1.8025392016360482,1.0131521076732726,1.624689977377754,1.7473194177542466,1.3906640568631363,0.8150275364770684,0.09351006204369929,1.5154100152143413,0.5408827193989669,1.3490842362926483,1.0780601465649016,0.8042167329342483,1.2540129550458958,0.48448520153174457,1.0270026190400263,1.661506725800677,0.42035017895789734,1.6219716555674095,0.6967960489595694,1.062368619723009,1.21324432229864,0.9178738681871144,1.0932659743054285,0.35566680254460176,1.1774920689533164,0.33536605608448666,0.301325164157355,0.6194817064515503,0.887499280873308,0.759670038310667,0.6912082476508575,0.42711712604256624,1.7810980856218408,0.7289739152203194,1.9207879831695456,0.9313261599891421,1.2618754552215037,1.105331617736851,2.000952168389705,1.3990142475180598,1.1665178785304762,0.32563647089516895,1.4581854013298274,0.9071708090506752,1.0412296281323519,0.45914854417459244,1.9176473311652162,1.4974682872340432,0.44885542353828417,1.148957711052005,0.5209215702488703,0.8554937026707894,0.35760447539528795,1.6921141929056374,0.14675038741022053,0.22625223463795732,1.6026085373602912,1.9110377676790606,1.3648072420664847,0.2907797813756248,1.9088744983645538,0.45508158015502564,0.9203850862253373,1.3642856830572285,0.4007510561079616,0.10421992956316473,2.0974975056022576,0.37241275284813197,0.8534387787167943,1.3836896777291394,1.6983021439754387,1.3316472554562055,0.10596879139112918,2.0736095042710767,0.2337506323967693,0.46757558397324633,1.0743389713780556,1.0486426253673664,0.8572875963833892,1.2018570828892832,0.6370526743684034,1.3372519404162382,0.6519177365603059,1.102400198525496,1.9076806903626033,1.112886230535239,0.12315667322905681,0.18265757755765163,0.8254448261641072,1.3879466087196601,0.328217684595342,1.5700390163668265,1.6474457096301065,0.5402285680292819,0.8637946770816669,1.0208361179021714,1.1035412132475753,0.19648541650745194,0.8222550969806944,1.0652862206613403,1.3712356406522115,2.12288936144274,0.5459362968562428,0.8548967587247956,0.3665247312880266,1.7276678984304044,1.5010665995269998,1.4439127768280091,0.20263851096348295,0.1314114080137663,1.678272731710225,1.5153084752574364,0.8619125985555306,1.4605147666120375,1.8903004712651397,1.863083428376797,0.5352850050669727,1.6403301596784823,0.852312883447567,0.956883558065124,2.020110361391629,0.9226346295919147,0.6459979267801713,1.0605744779961914,1.3353547367396101,1.6121123983061068,1.1961339851019255,1.6358761920028926,0.6580044314228459,0.6294900169835785,0.8878279113314484,2.0474088725316,0.8406845561677951,1.127256083376253,0.672991531144776,1.0997346105483108,1.933530401588704,2.2407327453903982,0.9343241417067771,1.1331055366479477,1.5415748806121752,1.1936957640377113,0.24799361130957087,1.031376291360738,0.6870438220109664,1.1267800021295684,1.0168767157541143,0.8146201460743764,0.3005734201355906,0.7951960634111896,1.681343125554604,1.1865161018097778,1.5026733383983768,0.7995673568235246,1.5522416895616549,1.9337342970333382,0.6927653146246071,0.3452457731894986
2025.2.14,0.8267907409019551,0.48507510410722016,0.874726200929968,0.6292409112858766,0.9658873900213987,1.4930440802402278,0.9493114692563075,0.23364281004220364,1.498734702042676,0.7449511669746302,1.7877692048462728,1.109556466507263,0.4405356823500952,1.9027426037171717,0.7288770366546338,1.5236118266872407,1.4442502102831785,0.9208090174488456,0.32360069520164453,0.1584960954088161,0.8046108722109587,0.8173230707506904,1.823664325961562,1.9179056614100454,0.7525912865275493,0.7760907081927998,0.33814261478064334,1.2698538622420144,0.7864574454538206,1.3209241228311128,0.43994775259619634,0.2625639634550598,1.1939435021761073,0.6709166507362825,1.1127068539368046,1.5823461870107367,0.8743753131453333,1.2858321758573816,1.619773291883699,1.1197584288587958,0.9508308985466999,0.1154270497075984,1.2659641012083815,0.7103772810980105,1.2889522151740376,1.144046514365697,0.8880290193052811,1.7753740230978576,0.5589236716349207,0.953154198133292,1.5440279225774622,0.5083794028495157,1.8273809973637907,0.6362065567747895,1.1505134319818031,0.8709592056250129,0.8681901117249866,1.155789845459461,0.3335668929550594,1.583739333202827,0.36068463107569204,0.3519414946525447,0.5489651124929267,0.799251362231423,0.8621282920875484,0.7945175749291555,0.35445255834666034,1.6064641293215902,0.7174303578426269,2.0074961589559033,1.0266528125727628,1.0377877302725096,1.2994197952527242,1.816677957048841,1.9218591875669588,1.3343969213715274,0.2285354922421779,1.9218104236765736,1.0712891874464632,1.112197839199445,0.47430425677538696,1.3997215358146202,1.2789783944206958,0.41594192588156065,1.21465601658642,0.494819782967615,0.9070990469961705,0.44631788332252326,1.380228384527892,0.1347638763378623,0.22747143895138933,1.5064133165258835,2.1437225225767502,1.8719915434911594,0.3961419987128063,1.8439588612900102,0.5546631415402954,0.7728633688908583,1.454256389025061,0.41062660355092356,0.11473937125066519,2.079326371211642,0.3566787738217172,0.7743437759951111,1.233708811689097,1.7020534812200063,0.973821716059304,0.13164084408654142,1.5605816156613943,0.29186892728472996,0.4476731768138101,0.8404124363076934,1.3554837623146738,0.849986642910754,1.1757742361247467,0.8083287068601556,1.4856044520206249,0.6875029221902264,1.0105572212722973,1.6282006009879113,0.9395205213731266,0.1230502336026033,0.18818304385817225,1.1007653963850028,1.1400005896199419,0.3549283159866058,1.4556081306956756,1.6211004792918726,0.5632479928805664,0.9279744650663577,0.8129594140930074,1.1889073158163515,0.22824305106826556,0.6717145052887409,1.3832002477441072,1.7353073819415457,1.7787247591037614,0.4816499667319926,1.0115972953471173,0.38198143765046927,1.5318247182087086,1.3762820503368935,1.6117167246737776,0.1745753021024369,0.16096021875157926,2.119166450027668,1.9452193216328317,1.1980672442932383,1.2248045179794085,1.6818615766090959,2.0506831801951586,0.560060146320274,1.891730310052765,1.126654297220472,1.0626451744944365,2.1324820440544436,0.7068569720975041,0.6875676902160505,0.9797150780533675,1.2577372038808747,1.565191980446882,1.4619892564714552,1.2077447664831855,0.5863899575200328,0.6788083537862583,0.7782559328001425,1.7764833376875557,0.8576744056358921,0.9644838647066453,0.8379281392547069,1.094588633595862,1.8746230159083965,2.366341386449844,1.0675751087235148,1.080740480937963,1.5671145606319679,1.2146943330088673,0.22582121111539896,0.9318957910049958,0.8321523569643788,1.3227870431245234,0.7082432685012223,0.9113314273622385,0.32699782893313056,0.6584311809062109,1.7414925608156155,1.144089667685046,1.1587795003510841,0.9362584666598742,1.7446176672387221,1.9574288294516624,0.7532608429284963,0.43859133908073455
2025.2.15,0.7093140702729286,0.5362882178944328,1.2107721475546596,0.4503692854658158,1.0146418221522457,1.225539872514896,1.1240473795825725,0.20940774410999666,1.655655734547675,0.9048929432055273,1.7227205488364967,1.0065682277084436,0.40435042573284613,1.7704061210869435,0.8254231198086757,1.5572226172106114,2.017632928811729,0.8337481366923358,0.41370283879887365,0.18446419207282033,0.7798432188219538,0.876840692272842,1.678533937248017,1.70221734597586,0.8382740785730282,0.7395244514225701,0.36169751407825296,1.0719524115910706,0.8002778765093623,1.0349173454638148,0.4103099591260773,0.25994746328929974,1.1144550071195476,0.7525555188096263,1.0897908466074433,2.1507345157240194,1.097760733388769,1.3310145298443612,1.348793784475472,1.1180529173164797,0.9592697932154434,0.0902685236231674,1.3922395639571263,0.7533259151677538,1.2895313962312733,1.1464718327089394,1.0658283964381117,1.38333143793347,0.6015130162160292,1.025166520978586,1.7324571720837334,0.4644630487134709,1.772672107057294,0.5763094298056447,0.8636075184194102,0.9101197405361026,0.9173171032874403,0.9440468987910804,0.3119275682393724,1.546861233766954,0.35492325311644485,0.289627202541658,0.5848855872531307,0.8964911699444101,0.795943005186983,0.794757368055608,0.30904084038691293,1.311782389551916,0.7436716960640665,2.0539706856557634,1.1462498435592123,0.9972649478321202,1.0132339399869885,2.0282536709439687,2.013303946379364,1.1916373881841344,0.24247563148771228,1.9440202745671693,1.089886467316107,1.1527127456013635,0.6399793048209175,1.487502423081584,1.2939953465448781,0.37597829441110864,1.02012909781727,0.49158564114184355,0.8428715132687504,0.3602480216553724,1.2234651684695137,0.15590054207532356,0.2706300079468781,1.152239752231601,2.188503187917516,1.5162961459951327,0.34011461029880785,1.963716684354675,0.5045061327756107,0.7235560003841467,1.1481352925081125,0.3980628658207328,0.1229477384207889,2.1034743343033533,0.27225371617887834,0.8017234409424582,1.2432282296422263,2.043326320568251,1.0515218464166278,0.1230950605150465,2.051271206866507,0.2020563240159262,0.46031260346987113,1.0934342919965268,1.3390476890748453,0.9618740010699518,1.0553375804812886,0.7519662704618365,1.6345792689445149,0.677022204513607,1.4253914134467447,1.3826123006382445,0.8728418809142124,0.13358210595370978,0.15354571054150365,0.8892976662868329,1.5112875936577737,0.27077309605573363,1.5943586128592537,1.4823429353273017,0.49168817610433607,0.9642217467651836,0.8354847450712031,0.8792636099380113,0.19895349990785782,0.7720020063796095,1.3026596909149726,1.488747745039146,1.64718541156072,0.49585086886746754,0.8409902673275444,0.35046907694501506,2.1212283912504986,1.3414941873668191,1.2019010051806707,0.18529140533556787,0.11284231990086364,2.2760845831287306,1.8708554783107691,0.8453057114459932,1.663250895059791,1.4708130066475145,1.7824966243335238,0.5331310242981888,1.6377599577419584,0.9359162906966759,0.8700241310044585,2.2739591490394173,0.9535382221182688,0.8606037839434799,0.8076246315368936,1.65092515886853,1.4981481074260081,1.3454602197168442,1.5090014514236505,0.5325327406828214,0.7169723853319536,0.8415995845634953,1.4727336644029625,0.8650273676482181,1.1494879775064542,0.788835886952221,1.08322506574518,1.9974676774968474,1.9134378804972598,1.0306605516778344,1.0169015592897113,1.8032959820838688,1.1308063451671835,0.1774442573774715,0.7671330859663071,0.640734933899552,1.1753626688697965,1.0165261955969027,1.065306738815957,0.365682702948951,0.7671168725633631,1.9939259815203172,1.1721690293956482,1.4089630377890245,0.9114067152363673,1.371272170224734,1.5913431955313058,0.7950212191657521,0.4249168607562753
2025.3.16,0.9640771054623636,0.5532227068985477,1.2121104167812318,0.5299690657130962,0.9810437548741018,1.529527285424762,0.7788416346896617,0.2646949949121529,2.0405590282662516,0.7145858474065696,1.3292470188275074,1.1096567227852485,0.43525799649330266,1.4350377097472027,0.9071787119693426,1.549503150154336,1.8463550812485525,0.9440304330746787,0.39427735701375366,0.1907817392577016,0.7194798259284668,0.6819357225023844,1.6038673293556425,1.8192071833366457,1.113062737572348,0.7077488886060118,0.34620225077864647,1.1591812796282916,0.8278324381349443,1.3560947065604265,0.37645121294295864,0.3612233347101607,1.0708762217218988,0.6634032439691531,1.1115423705860568,2.2263634428147077,0.894798127716358,1.1569247838022103,1.766041977042424,1.3117138246904378,0.7889061130505017,0.09644070683436567,1.5837214547576084,0.6291235070277101,1.2358299337901064,0.9214105402990638,0.9946733414607778,1.576914564655053,0.6029105334469969,0.8427699786231766,1.3937046681290128,0.4254655928009023,1.7346946397605265,0.6765960497087723,1.1225349651242713,1.1698969881367665,0.7785159624862713,0.9758871616215601,0.34467725533749877,1.3346169353588984,0.29035159474328764,0.2909073602348096,0.6425611445702281,0.8054007408658918,0.8356256291867855,0.7610033582707251,0.3663900178791646,1.8658193451641603,0.6516594270208663,2.0832175815355014,1.0696412834530142,1.0052387643435705,1.1551808784629074,1.8102178631455188,1.6928899894531286,1.3402657701199343,0.2588747259001748,1.9161938389177053,1.2927342258639682,1.0226131236979201,0.6175954513025356,1.3585953859212896,1.5203773687603974,0.5360277749333123,1.0010006180743676,0.538542251426067,1.1376763881306113,0.5070666131631705,1.6000909385606699,0.17622987534340506,0.24274119715249695,1.562372687588489,2.037979372266798,1.4233247192577958,0.36370660127976806,1.8190215866589827,0.5241038068323005,0.8637686848734523,1.286470837919972,0.42633465481901506,0.1300940772044595,1.6027089112006176,0.275940046687222,0.8992290684014733,1.137866909928512,2.354650274066509,1.251390500108048,0.10770350220921418,1.7028202236630723,0.2576543892734458,0.430691642010876,1.0730710747472667,1.0442944833054308,0.9453845729592589,1.3118448629588586,0.7921292904897856,1.4014894748553663,0.7508767136969483,1.1020968407182636,1.4756057508797922,0.9184170692681729,0.11458040633544697,0.17867021666289276,1.0241040968535633,1.394430986799659,0.32559678208075366,1.3727529913950425,1.6478715476632837,0.5252109443198179,0.8920795584988017,0.971337259511908,0.9772283099145903,0.20160055318977738,0.7163495244201499,1.223047766426212,1.4319218963797105,1.5183156748277316,0.5852764043115359,0.9203550320008546,0.4203012568721766,1.8459350633224179,1.2105556732851381,1.412745870397222,0.18657982638910403,0.1578790120739413,1.9074781135547096,1.7861908063858527,1.2352277089806865,1.3440610348478559,1.6815193780609572,1.6423889600414514,0.5818307743418067,1.9010216778202127,1.2281281640860882,0.8489820178716367,1.7855326010601227,0.9931422975101352,0.7063598979092044,1.074412291693176,1.387822086314525,1.3238829352299013,1.2347116329042749,1.5578053292809955,0.5285951211542302,0.5536751646788068,0.9116257847121622,1.8153961879324165,0.7710290741444272,0.9724942341767026,0.6066807584865699,0.9219176858740743,1.7202733790379778,2.1930663848813436,1.0571806387245173,1.3440519503378576,1.5799837870513933,1.402451855398004,0.1820194785339889,0.9471260943800747,0.6731701652405122,1.3099674372512227,0.7999953622813583,1.0248213721297958,0.35157479902704486,0.8128781391817502,2.268596816967652,1.0837467900449844,1.297464590422993,0.7515327576798414,1.4985993254910077,1.7051814914297025,0.8979986152174044,0.42404462111287794
2025.3.17,0.9009482318183997,0.44279410564786104,1.100396440064999,0.6055278415224042,0.9785149861431339,1.2620686727850727,0.959133638972012,0.24970786320520882,1.9984261868935285,0.7592295752392461,1.4281198781093996,0.9686748111662314,0.5153897642816647,1.31598323024389,0.8222708574913904,1.256068666701648,1.4204329557600188,0.7820999846753491,0.37047396237469643,0.15273958331501952,0.76752881948196,0.8309654418779295,1.4717667183139143,1.3745016540695554,1.0478557976520282,0.5711526263923516,0.28956548202814697,1.1455766581411302,0.837374305806701,0.9730138019814065,0.3613190481075849,0.33137494250016214,0.9482907267068009,0.8948497100220181,0.9336774822858851,2.1527821419360404,0.9950462220631362,1.186954162697269,1.6559949128614453,1.6284605124279523,0.9111653897946188,0.09604054661791099,1.2097645118519496,0.5838111526605892,1.304563211796337,1.0607527301734039,0.8029953272227628,1.2572828589191674,0.592069677339058,0.7870265576216777,1.6733628154452909,0.5655809406574205,1.2933571456046284,0.5831263269035435,1.1412513925035608,1.1935747509334935,0.7003473804982704,1.0588642834723323,0.3121776443524709,1.5317226603077214,0.374994852391028,0.36151629139425345,0.6361082912836605,0.8715262083315631,0.9105841053331244,0.5913575437384634,0.3425374238723329,1.4185407226394837,0.7789558289396777,1.7537250224521654,0.9767796463905949,1.387904040872414,1.2258904233199417,1.8807316690399472,1.7643554898076745,1.2359205528244526,0.2889113731541563,1.4635523493053675,1.1658383668006704,0.8497700558050029,0.5152842030031222,1.469579650855895,1.6371865434915924,0.5520778885943858,1.1227206496638327,0.6046625401244303,1.1293729614362045,0.4722110275273892,1.3575156070607208,0.16588158589704297,0.2162269082828356,1.5975530772175053,1.5522503571757031,1.4632072416162842,0.2927587035798475,2.3570542485073527,0.4774092466664604,0.7799756336343597,1.2675216974172616,0.36363904375010786,0.09881417342241913,1.5219205124634325,0.32659816566533006,0.7826394210881489,1.6292809319558088,1.92998789450775,1.3161666852085228,0.11355017917303067,2.0956450047216846,0.2544112959491719,0.46061481075437444,1.0062174838297562,1.4562901705984184,0.9972652075937356,0.8989729227935114,0.8099151812350207,1.1584714852294762,0.6087115007193091,1.0169756946252166,1.5446604277256848,0.916342390428479,0.10751395695385678,0.1627399541698947,0.988510126599173,1.193572597492415,0.32550627053554654,1.8877436041238935,1.3357125857250238,0.5540150440737959,1.0046331099672479,1.1822153739066457,1.1972886984001292,0.18744672229805484,0.8701565441281655,1.2030578231084268,1.9121357828421375,1.8581772112347301,0.46880378373634557,0.8893383490366662,0.39334490544759393,1.7515808860347655,1.5345874988435668,1.3246497629698817,0.17357307380096834,0.1339994475022211,1.9493824902018826,1.378630709216602,1.1050679481051422,1.7290096005512672,1.7017628338941078,1.8369068323528197,0.5247721821404367,1.5186133776890656,1.2149257570489083,0.8172186013035535,1.9780721690039407,0.8402959724134977,0.7552199444852259,0.8296157096403193,1.3849471235192243,1.5094326349738885,1.3218033576173138,1.4840702984172285,0.5455196268887951,0.5717291528822649,0.7811264705030029,1.948433688585047,0.7560948433573612,0.896507357262559,0.6397747658991398,0.9630717720832227,2.265505495250851,1.6664019663592486,0.8376446865591268,0.9285650367959297,1.4879704939014682,1.4424453341192045,0.18374963811676237,0.8569048139630787,0.6226102775337011,1.2103261687862503,0.7181068758602095,0.8457719237849838,0.3003639208757603,0.7940759965202308,1.7801080558517004,1.2141310843717563,1.3145263250093318,0.7373534053475668,1.322496540472551,1.9847532001342925,0.7231231452258603,0.37462906758150266
2025.3.18,0.9543097726856797,0.4030703857349142,0.9775012839578742,0.5767801615342986,1.369173096699926,1.0622021692762946,1.1151607057584305,0.2746766601064452,1.5884976322203703,0.7924773127938636,1.3890562715198072,0.9847510754382612,0.48314260490923105,1.4656982392641154,0.701908842306486,1.7280952309062787,1.5805715765190522,0.9782729633613338,0.3789517585787185,0.1527802737337001,0.8067864261138131,0.7303847488229296,1.4772553919158737,1.8446884531454848,1.1069671474967262,0.830313742210707,0.3117140575255084,0.99428247157785,1.0604477994066963,1.0008782638209504,0.33201451171191804,0.35124930993677467,1.1595244954651776,0.7263450811280291,1.0158878288599835,1.6833169161941823,1.1833770106455717,1.4142531313673992,1.5003255745133028,1.2402841526141863,0.9373827865716295,0.12247727936672988,1.3113643251730707,0.6292223324061683,1.5902124483418352,1.0233502997999386,1.1230144914592288,1.64444115664435,0.5086118494742762,0.9666263731881232,1.422374373216448,0.4383313169381853,1.2626984727455508,0.6671902348596674,1.1342958596224189,0.9868586629373158,0.8892555222585402,0.9506899425256173,0.32412669565809726,1.3715895746851985,0.27087766563241683,0.3604140692612818,0.6502310620121277,0.7535240671485752,0.9450065613660013,0.7973670316887586,0.3463280659427025,1.80533755290474,0.6079632998307711,1.5019924605177313,1.1844263676394584,1.037181495584651,1.066680476587945,1.5073210240696857,1.7236071938436153,1.1234714602914335,0.2805939231908194,1.8304447226377676,1.0204187047545934,0.8192470708293456,0.5813360046685954,1.8216486625985397,1.3974974265557356,0.435906713549567,0.869507917898931,0.48337332110297393,0.885828704559401,0.40590652624728174,1.6343682191195752,0.14560450058133725,0.29131140658237253,1.5714866653561,1.9856015786934282,1.5799038521949804,0.32746224627809295,1.8407209598124594,0.5646754168440453,0.7212999726841671,1.2917737864082002,0.43050896434321595,0.1391299107159598,1.6438070768642916,0.28309142217586125,0.748897010317264,1.243416416831108,1.8596166680261321,1.4142374280287877,0.12687601045490404,1.7927839314532787,0.22151240724174398,0.4210248615418854,0.9056543805364826,1.2798453907172957,0.7919488065720655,1.0241234711520653,0.7310790969736467,1.1909372633583795,0.6404128065339392,1.049799616667754,1.4712857452403807,0.8776213941112698,0.10702200532792334,0.19375946624487664,0.9520396479051539,1.2440981855880981,0.27161201125878814,1.3363347464106379,1.4023594126623509,0.5090471686277405,1.0160555494403087,1.0932750583952457,0.9164225104411737,0.23017283365462185,0.8100664485642839,1.347283214943816,1.31445151620389,1.7835204934275772,0.5110687412285764,0.9398398933450088,0.4955863436801393,1.8615493386327104,1.3247434655627721,1.0980514809752067,0.17723423665878976,0.1417526034412854,2.2935913229555562,1.6011141741889545,0.9764724046967073,1.2323910713921018,1.8265602660690647,1.6283894863438189,0.474870838488802,1.4107509097390365,0.8824864250391274,0.7522291503794251,2.235104699395572,0.8573883681867257,0.892746839353895,0.7876315719350285,1.2529178812282962,1.2946099883886941,1.3316838776141842,1.4440723720026134,0.5341248292651445,0.6034172467583032,0.7102463706708466,1.4680094547102975,0.6257618641386414,0.844013768710003,0.6543949817986087,1.0184556752180536,1.9940196031569004,2.2037331095927035,0.7528921599904802,0.9159479470808943,1.596721102752295,1.4225614306825014,0.22421691208320127,0.9149187262116542,0.7586176707054345,1.3215662959771408,1.002964929929308,1.085712261547419,0.32744322078262944,0.733887614178744,2.3370936691321096,1.053606036996834,1.6732133546691563,1.0976507197919432,1.5927625919235382,1.417642817342175,0.6632754089741952,0.415957908161124
2025.3.19,0.9398071187196488,0.42558890372291414,0.9817555057477227,0.5675726015961349,1.2963847669522484,1.534735057132496,0.9475826524412106,0.24969357613150267,1.606551796833731,0.8193264943143453,1.6951364091205292,1.1304379075501612,0.5771697265128498,1.6813250263002562,0.6363504689683052,1.3606345370618242,1.8602901363252677,0.8596899640167414,0.40324841270767703,0.1435506825988223,0.6738291791982057,0.9590145761428563,1.6903175158764827,1.8838396779902875,0.9305292700149546,0.7828262216756983,0.3684099165735409,0.9932986177869781,0.952791612238876,0.9927918298951728,0.37622843032394165,0.35741846754132,1.213427550357497,0.6670771453645283,0.8650283779055661,2.162956426085522,0.9017217141101824,1.2746923987643886,1.6799780943509712,1.4660535639048264,0.8979839666412326,0.11746110996447218,1.3104813897043204,0.7039319141387574,1.720016117682561,1.2179127977238138,1.1103267183145025,1.4324335872470184,0.4819926566949136,0.8035678284725071,1.4831498952511668,0.5414434133173882,1.3920397007374261,0.610653959910846,1.025002926612416,0.8363579307922915,0.7666554402089533,1.2336313302941817,0.44479615699486225,1.5778581025279255,0.3666114376502875,0.40423862891006296,0.46721194849660874,0.8528247750355565,0.7684160173485309,0.7502244904079673,0.38227675478380957,1.369202707224392,0.6810464877293693,1.758720965050103,1.0906246921486398,1.0015206369464025,1.4821854828608518,2.0212121280574578,1.6625291775979973,1.3479237104751112,0.23437692253903408,1.9622751430328562,1.1147356828260815,1.0943981863330963,0.5553875174932564,1.5385381621810037,1.306479856530079,0.43533641101247356,1.0384964495884983,0.5936575164881163,1.1761301309505063,0.43788764457849083,1.434533608404569,0.1827879051462686,0.21745188937103693,1.4083335711552427,1.7930410146438298,1.4709318621467797,0.29276552470103506,1.6697682624928116,0.6478865439830337,0.8780270050967496,1.6105856832859362,0.3787658819387097,0.1357415783968686,2.0670675658108153,0.3902051172144101,0.7867772609404292,1.2528809160379468,2.083181576909013,1.3118556134065527,0.10144123400465006,2.057255268202225,0.24242948496482375,0.5505378310699724,0.8767110406470942,1.17782205725489,0.918511406762189,1.2985652857943346,0.7253088719877641,1.4411690336316045,0.8344936167659919,1.2353197701223646,1.4530080199946176,0.870603364274132,0.11983408355081955,0.19081571843081527,0.9613079909809958,1.1599430110247921,0.2665013488564093,1.8587282069116788,1.898872498701424,0.46532923813983923,0.7129398709720112,0.8388340311864196,0.8650527255760947,0.21675669577433787,0.8202717887251083,1.486164928668306,1.5874664436180965,1.9370305413606788,0.46218629196355904,1.05596973829442,0.44983115225865833,2.123425945465119,1.2761325629632747,1.0846014136853483,0.22412058066898247,0.15290595119295178,1.9751584575322048,1.6944942182994027,0.94477544434033,1.7214179145511284,1.4785096831515827,2.2421481330709474,0.47738518568609145,1.8921987692750886,0.8950906116828511,0.7541601253535429,1.6490725939576458,0.9986575607408343,0.6760236110020571,0.7656768133759664,1.3760099236405348,1.3108532885429856,1.119160297143814,1.4207463354848793,0.7118403557851247,0.7167681898460803,0.6957273640062624,1.5236415045370175,0.9106425962942888,0.7896001894594283,0.7444304893662114,1.1671921380207075,1.7801965311515446,1.8819903949176027,0.7824887271694512,0.9938008611339126,1.5279574949762136,1.540007367330306,0.2331664443145686,0.9652396634979075,0.700520650571844,1.3461888268066056,1.0086269168552862,0.986090375326414,0.2695438333327912,0.8004902038400947,2.352816144919839,1.13112686575429,1.2334400381688468,0.9767086556744096,1.3808411469413158,1.995337270730162,0.773858900456195,0.32498271510443044
2025.3.20,0.8434095019337162,0.46363563910911126,1.1392010423745977,0.5687233852608805,1.1863488021210762,1.104698453913254,0.9875053167702267,0.28258936306172733,1.7237139350748722,0.7326759055128352,1.2562617856547695,1.094492593722266,0.5621595854679733,1.3290982590564149,0.90218734404359,1.278906909701132,1.420098799615906,1.0599561364349859,0.3304722894833175,0.1928697834774912,0.6522176892513204,0.8038526011647066,1.895887221846947,1.6030157891654324,0.7891022745776521,0.641323511102889,0.3380290085722963,1.3895525165399227,0.9387179068360287,1.3153999937565102,0.4332545546797113,0.31927949622837637,1.1584601086044761,0.6271316563255583,1.0499926763451677,2.1751284195538796,1.2412401485072437,1.5939216631338147,1.4197478958973357,1.236610671206202,0.7278162394148143,0.11107238775228716,1.4001180819367829,0.5192819676222631,1.6796881374106871,1.1164635685306064,1.0204732100584653,1.7869254893244586,0.5892310595224409,0.7942858215538582,1.4441398309413638,0.4735076982223443,1.6758503693151607,0.7308439112905021,1.0228273441111093,0.8317774515631143,0.867598572224597,1.1375348104445648,0.36391213164522407,1.404933605675821,0.37882784613085185,0.35927008596645665,0.6106756672026913,0.9034329004916714,0.8280038033758309,0.7575304183489416,0.3964790736172705,1.8017375012426826,0.7725953816551808,1.9577990727779297,1.1752196975983986,1.1938515115650465,1.0970422434505194,1.9984017176797897,2.0092123813496743,1.07368916032978,0.2524691464940978,1.7843673109056437,0.9120060654305412,1.003318853106978,0.5859991541900831,1.3509890874273238,1.6586335744149139,0.3736401864083379,1.0382241099827494,0.44287177490866697,0.893596007016314,0.4943994579723129,1.4595589181499096,0.18133610847972859,0.27766375112042274,1.2536164648783623,1.837970952294377,1.516261959688524,0.4149100448130611,2.011015034405293,0.5482482677059256,0.8952581419585681,1.308529324205639,0.3867712365398126,0.10662877901494106,2.1220223152810966,0.2828040855465556,0.81387856139614,1.282166417626749,2.341919492440709,1.2955065499566565,0.10512363576385204,1.407625396180805,0.2647249060012032,0.4853927928894773,0.8222217125507364,1.3735570887075736,0.9099463332972954,1.0317749046735216,0.8638198590158286,1.7046990453235948,0.6327190311645143,0.9853346950675665,1.893627216405819,1.0979782297001028,0.11572128531107104,0.16936868844139616,1.0523686383818955,1.4463779507359689,0.37400587996434487,1.8470848607198327,1.8101253610086443,0.6268900693367709,0.8296903517847898,1.1434117297164448,1.1605336499909584,0.17837369026951252,0.7980415190388012,1.2832013325562954,1.316471791353649,1.6588853218944137,0.4675680949074924,0.7301956348235196,0.45141119629846566,1.6005251101831879,1.576549207988495,1.14100362848121,0.17418115956372,0.12752844921514156,1.9489955879975809,1.4482683035446529,0.8449044662519415,1.2167679396841244,1.577366847198228,1.5761317321187411,0.4325066142797993,1.7146636034796723,1.0603004939721434,1.059454914134024,2.068070350614274,0.9721691089353249,0.7253414768215798,0.9391168531034252,1.6581050690688575,1.5089378842944103,1.241745023546709,1.5847770758064115,0.6409306581208065,0.7104535672381832,0.6998547550969347,1.411179493361503,0.8100586976634442,0.9978275356293379,0.7743803302376526,0.9135000512507859,1.8868664890412425,1.6184892157245396,0.8941037143718904,1.3316696416112594,1.4043727489572921,1.3383221940241563,0.24375578848937013,0.8878822530103029,0.7565114075423608,1.2810758420619348,0.9143681506934054,0.7508477226614924,0.31701905441044936,0.9315798092276061,2.355998474438611,1.4210236767369584,1.3060838445924638,0.8689192456849855,1.431949140018083,1.5326407271867044,0.8538941367780877,0.3837161054037992
2025.3.21,0.948587903065304,0.5383082214724733,1.2107280590049618,0.4965423489321806,1.005896600424007,1.2251511081797395,1.012423952929626,0.2528386528282329,1.8066472440424595,0.6909932485482397,1.587608906209402,1.3188820065596412,0.4672587197664692,1.617370714219021,0.6353661533942712,1.7348739108645497,1.7737374436124973,0.8753639325043125,0.4443461699851388,0.18775289582457572,0.7476694455981031,0.9082194293326464,1.6854749555106276,1.679839403338059,0.9530104425099242,0.8335252383375903,0.26537418450378125,1.1154269738443154,0.7867078382088002,1.2064508711562456,0.47981750316015426,0.3125350509076517,0.8218966187101961,0.8192158831745404,1.0786134244677617,2.088417585183697,0.8759863415646113,1.132528947864219,1.4733281859487901,1.2920359390502698,0.9728198560021949,0.11213685979389479,1.715804148432214,0.6692984133733819,1.60269609518281,1.0744957803981734,0.8274817950457906,1.7808819622074619,0.5810410517735713,0.771184081968551,1.4207910299636444,0.45118135271870585,1.5170904479575273,0.7301046516042745,0.9346909437089962,1.0497999573595325,0.7374794885969042,1.194611701761646,0.376980283424383,1.380945080590256,0.2776112309927422,0.4157220055322669,0.48544341695562726,0.7977025167505621,0.7811310860456688,0.6637060958539671,0.3077958526014364,1.2709819364259667,0.601362853660314,1.7942150671118091,1.0137555284256115,1.3927175284208357,1.0579376964485505,1.5306348358657063,2.0137416473449283,1.0670182350629076,0.24684842604555407,1.8321751333992318,1.3121624820762432,1.0186982557184803,0.5872133198136663,1.5151913999344884,1.5442344206586018,0.49895543414356786,0.8519758145873986,0.5300335130868996,0.9543041781088573,0.433733096128245,1.631423452200766,0.1375707710451349,0.2716635322030452,1.597451551068956,1.5243751547318058,1.394997793940922,0.3932952425199436,1.6371810472067954,0.4562210104912753,0.8346373677993008,1.2579299035647413,0.41229213648827334,0.13257324422623337,2.041535054674695,0.32590200242057416,0.6907924404790247,1.1965649551952098,2.2671807276028377,1.160980876100637,0.10149098247773479,1.9290860394672789,0.27219746907911047,0.6230177589269116,0.9725186130761085,1.124823844569439,0.8341089979229089,1.0012419624365916,0.9073916752041827,1.5461207166190791,0.6626229388809932,1.3664710206752377,1.3719229813904836,0.7943423048894226,0.11529474272631142,0.18050644980039574,0.8041418090110272,1.4731985946712005,0.300419275088008,1.6009714157553183,1.5938248360767326,0.5316020173277499,0.6988282614697864,1.0976091695299932,1.1802498991568133,0.2219878294092865,0.9717157967471044,1.4520965811523132,1.617301411795018,2.168084145503118,0.5267482332056426,0.9142690973882579,0.43722003218799305,2.1527438482026895,1.5928143059222994,1.4262846961258149,0.16303051701378535,0.13130810906564944,2.020081685497639,1.6209521173455235,0.9401465700210195,1.2982486449839505,1.5745142967787007,1.9467838232548698,0.49614994578025823,1.91458319163049,1.1087654599845105,0.9887046032269737,2.096480079385931,0.8014211211846625,0.7911580801568593,0.7743943758717536,1.3644980871087642,1.4398996854705859,1.2110975434444498,1.5630162530838305,0.6041405650892832,0.5117419883893795,0.6950752841161018,1.818877065660823,0.6855447348074123,0.8303507923765806,0.7722826878785988,1.1472557935057877,2.1610793773854433,1.8755059839484018,0.998777096228168,1.3353296087950586,1.903244619322141,1.148874496721006,0.2506595938235945,0.9934547654743164,0.7994688262101289,1.479330319612644,0.9066913388482686,0.7409131199388337,0.3691191903430254,0.6945655704499114,2.259381212585937,1.2030661313180406,1.4183393740527246,0.9075000259415257,1.5162574162591111,1.8498861273483376,0.6559080741443835,0.44494773889605316
2025.3.22,0.6780301148291438,0.5464679642587041,1.2065390092150992,0.4826741906847327,1.1947121394785325,1.5583367551299103,0.9218352502867386,0.2537334423268479,1.9038917310811456,0.852983456099192,1.7065728689973119,1.0689137305026977,0.4508188053820814,1.6824684991539598,0.903634188557278,1.7750535983459972,1.611427549275564,0.930248680975259,0.4411517491473308,0.17441937206771577,0.7869792413256321,0.8254352973858469,1.6195869036857586,1.7820359563028234,0.9180080137920383,0.7277703240066867,0.36539240514724747,1.2356557331185754,1.0639906540430986,0.9781921307198559,0.4688601935006681,0.3017318537423731,1.0825775120162209,0.8164539963208168,0.9448908936522648,2.1729234979332746,0.9822175131939562,1.3373711826251033,1.8328621889601262,1.584968041143759,0.8588949986617046,0.10535270177416022,1.1902652842120531,0.6754597631313931,1.2596691696947049,0.8975237777662849,1.107806178146645,1.4338291746499068,0.487167421033864,0.7356641072597331,1.8392318523498823,0.4939965320248722,1.5115591339577326,0.6412335630049506,1.0705018272430336,0.9759557543824136,0.6759598624654258,1.0195097880189652,0.4278642946093168,1.6800293899984362,0.34709362608872374,0.2877525897027506,0.5480140832420366,0.6763353959479463,0.7568520119084102,0.8087216548565755,0.2968564210601856,1.585725163530011,0.5819729239573216,2.0128676832628765,0.905992875805321,1.107912459528672,1.0942798992562353,1.778318560761366,1.6253762143068378,1.20138947025004,0.24406884973685988,1.7019875617122202,1.041786702026421,1.0821856885024954,0.5754069508196701,1.9286641444900217,1.4162749716318883,0.5259838551549857,0.985925082462074,0.608244017405923,0.9326572311417696,0.36926989027826707,1.3991253280308669,0.12698959102431667,0.31762785777280395,1.5311090445256494,1.629945739132385,1.5003249650290469,0.34459269618376687,1.6797155311565688,0.5738591810362748,0.6391574178650083,1.4374434152386484,0.314245165158624,0.11827514338634555,1.5065357094351886,0.3097414066644921,0.9154198468641928,1.484458724952328,2.393893363616088,0.9703934417265299,0.1376705435047598,2.0377539514292846,0.1996933869212078,0.45968992879544956,1.0017759703712659,1.3421504608461994,0.875051643072483,1.1265910195984636,0.6929078346427072,1.1888738606380775,0.7278867897652982,1.4137630091830309,1.7414212983802324,1.0275757125302063,0.09880541339698289,0.19337252300076746,1.0276958809842143,1.4078621395204498,0.27954842386769746,1.7274775174134676,1.6558459174039895,0.5786885798387457,0.804494766356614,1.0488592173276057,0.9001878063660661,0.1898462022492525,0.7280374684433545,1.2348690002012,1.6286675702207163,1.7117397841942268,0.5740849451240454,1.016945560375926,0.36122872457641514,2.1827659961723134,1.6349606699716297,1.3821738857581407,0.21132565930797279,0.13017876211173612,2.1069706473175023,1.7221193635415786,0.899039869181392,1.190912863970934,1.9710769077888897,1.974793061323701,0.5927424606960516,1.9468794400038667,0.9667016254388787,0.9821114759446099,1.589665845539396,0.8139693432852231,0.8363491164529702,0.7835582499479263,1.7042903321587985,1.8272422102750703,1.2407994519786834,1.1756156027034828,0.6236030952327287,0.5220390194616222,0.7303785855240066,2.024409522606389,0.9084788484925105,0.9424894914443517,0.7049694577356563,0.890661894152778,1.6649852860126046,2.0718434438700775,0.7688319474358118,1.1899698557673875,1.918693423623713,1.232275523513599,0.187673097487254,0.9610354774833668,0.7369477841625076,1.6253522029158929,0.990754483037453,0.7894226182290356,0.31179338388031025,0.8358748454586945,1.882172267683016,1.380394922953286,1.617895478395981,0.832605020864519,1.2435427579064002,1.7835940117812321,0.753779711723694,0.3416251374638757
2025.4.20,0.7129269130274666,0.3833758591442209,1.161734632760112,0.5912150958561503,1.1860121701425743,1.5586247402180782,0.9868140709336227,0.2850140179485971,1.722580682011389,0.747777909960149,1.7771886368845478,1.1676402997057183,0.47481586353096444,1.5123332616296499,0.7949465075745591,1.7188866579822917,1.8003520922053515,0.7621749742368632,0.3930343215856702,0.20046562443881602,0.7742095202661411,0.6613941168978836,1.7290462417156751,1.4017747736819122,1.063871703537083,0.7223274810704937,0.2693552336254649,1.1280161176665373,1.0129047116282772,1.109195861403689,0.45169115413874095,0.2876434761999124,0.8422515111557376,0.724712331192848,1.2571806522164755,2.2356147463775984,1.198208726032986,1.313902903431265,1.4389715418742552,1.5186426459422635,0.7720878883694989,0.12118467704415632,1.450021118344027,0.6817655636246244,1.3663643445424254,1.1055251418750258,1.0346062912377179,1.7888010788475226,0.6046995786202263,0.7794596745898298,1.487748122743129,0.5815331915040379,1.814940184126016,0.6084823990185249,0.9845069600423971,0.8273973242613402,0.9719567437748652,1.0763700851419238,0.44602196211662254,1.2885489125224672,0.2601590417961112,0.29467890007310615,0.5781321338974104,0.7036310444848259,0.958146969275025,0.7654925434134745,0.4366724518888939,1.7483911763284092,0.7954193708182038,1.7258484388235535,0.8233400475900196,1.185924526374933,1.3751213896077012,2.2369544496319644,1.8196944936555493,1.084510803255156,0.2658567118140167,1.7506883915545561,1.093789720177051,1.0517662418388434,0.4960298269996616,1.701148726257548,1.439308715645651,0.3996125739676669,1.163417520891333,0.5124601863729097,0.9838026218936062,0.4039476378643233,1.4348110986592748,0.17069465041624407,0.2657812561377732,1.6734865910380108,2.0758816844634507,1.6807336795597199,0.3115250421067137,1.7663428477690593,0.5125793005821143,0.8013252636632577,1.6448758896321807,0.41320949691190234,0.1156207555081778,2.1044399227572836,0.34580600707671827,0.8438751021420875,1.167168334006434,1.6163712234771366,1.0280341034239842,0.13473787992414138,1.501945560493774,0.29313003776315544,0.4915646564675913,0.9142323426809285,1.0163687912267947,0.8144135170185482,1.2553247855316625,0.6628973132638067,1.2568707162043764,0.746800764024318,1.0725540227426702,1.274474633072353,0.8338541187389756,0.1284529530606577,0.1673758457961906,1.1153720627477184,1.5828010082360378,0.27250805102602427,1.5443512799580847,1.5590459109515264,0.5103460552570235,0.8761408989811797,1.132957047637359,1.1881001611075244,0.2207747567038091,0.8272889411811873,1.0807713302599564,1.511853157893243,1.68798995805935,0.49679582994681976,0.8813851787291246,0.4222151867028349,2.219828895654518,1.487289022604914,1.3747796839163806,0.2391847462656392,0.12829930435988346,1.650711119472196,1.5409383204413243,1.0985687824277315,1.5741159084872163,1.6277417799435117,1.9083384149105256,0.6024985453304604,1.3609264973468453,1.1544785015947565,0.9651717464794849,2.177349779878231,0.9382733107296312,0.8807610636368504,0.8426352062362176,1.701233131803637,1.4838229892507182,1.4269568162115065,1.577939920168422,0.7552612185934794,0.6110675634131327,0.7750708083750597,1.872883166416206,0.9070252349817888,1.0203341126728185,0.7894988297811637,1.1731317818957416,1.7660571847121351,1.6818672582762715,0.9510420704752207,1.290897703347261,1.492763415828395,1.4330566684397315,0.19688479784661175,0.9232309406098026,0.7606646790483093,1.3367628475478375,0.9813119998262142,0.9930931688802921,0.36247181560862113,0.6433643668318495,1.6503540277436897,1.4055622114466937,1.365659377716095,0.8613767981469725,1.2835267536219634,1.7631437300082387,0.6272841413362005,0.4166906679253488
2025.4.21,0.6639840421688222,0.4796127867608599,1.1041284451598419,0.5913734005903999,1.0420348824423822,1.3593893595786108,0.9705733038027723,0.23813305437149812,1.790658240949531,0.8433833584856565,1.4468752745385078,1.1910221410244928,0.516837018813403,1.7952462925001695,0.9238670155226103,1.6872901358763834,1.4052555016439652,0.7852212293399263,0.32618469475402173,0.19775200863377376,0.7841674038665367,0.8522756911382758,1.5609666938308038,1.613008869479917,0.7847434848899205,0.7686614625944839,0.363373280813155,1.4430315751866185,0.7691861407461067,1.188726758064,0.45534616882935947,0.3022493694994059,0.9270344171944928,0.6414562419239266,1.2340332142415429,2.053117776731067,1.012576525262146,1.1351340159819874,1.5517292447327822,1.166113696178515,0.8203776251031204,0.10264642149048558,1.2546645356242319,0.579497387083486,1.3786716165713044,0.8982914156246296,1.1139908494526292,1.8475016628847936,0.5488225887649805,0.8136081624457027,1.9052406235685562,0.4965585355819917,1.8218460987189127,0.6115213404240397,1.0413473887652134,1.053594045108695,0.7003098794928992,1.2488440163030203,0.384550449196803,1.2138813293643402,0.30671809976748116,0.28710241822946225,0.5450471709400915,0.6818742094246376,1.0014746176905176,0.5933767891597362,0.32560568272922724,1.8527809983279302,0.6462607064800472,1.9292333306230736,1.093367913747186,0.9989600523879383,1.2045110426555723,1.8177306300914244,2.0366866184349135,0.9637425396567108,0.2981509235059699,1.408450840458238,1.039678493689347,1.1028049486275646,0.44632072341715656,1.5630204043642475,1.275214155229802,0.4020434602052106,1.1645872742372048,0.5617628081795282,0.9350155912382841,0.48281835969170334,1.3955001009856944,0.17606843899195762,0.22078080710587994,1.210268936586006,1.8255163430124681,1.595510473822727,0.4109748506404814,1.9612995626033958,0.6255336092613716,0.8628290855560121,1.2865313188765088,0.40769653653956983,0.10869929130985889,1.7302581719547994,0.2789411862903347,0.8309628754856893,1.2003864536433424,1.6885277131100782,1.2289682948399543,0.13478211841929172,1.4713448876599506,0.21604326509721325,0.494081875300806,0.9591895562780581,1.4148501534290665,0.753894239272481,0.934956661392937,0.9157722511760554,1.590964259187696,0.8199313856508518,1.1696283757830337,1.6540451588573994,0.8997412806016821,0.10459818421268083,0.1551387026912307,0.7925926771628072,1.6074701708141155,0.33479239468778776,1.6673303520057674,1.8029551279659435,0.4985104433432127,1.005281421045577,0.9657695967536777,1.1183469943946542,0.22032370542581725,0.899395659502359,1.0597517909036254,1.3884514033402706,1.880778267856988,0.5409659167366971,0.7382912142494976,0.5179660393266592,1.8060877684591565,1.7192584144045449,1.093962191179023,0.18736355764525198,0.15805721712892906,2.2102972440088813,1.8412423202337356,0.9111592250346016,1.6585999704867183,1.8349764953961953,2.0016518424728478,0.47491274794168237,1.657376479556335,1.1026859825376343,1.051763475329086,2.1407129650494436,0.897756505382866,0.8849558328704678,0.8359024676391148,1.2384895095538904,1.7225084323803201,1.2829892134037357,1.3372434705454643,0.7505694570720824,0.515841303156145,0.768748662753503,2.091245514986161,0.9301299517293676,0.8967617787747747,0.6845226397492395,1.048007078192045,2.063891693190805,2.3205556143799706,0.8308432744628382,0.9923237032096665,1.388541946019347,1.4065165684356187,0.19096491988009884,0.7593203769970186,0.8497166407596426,1.2207983537183338,1.01786794618496,0.7950039572370233,0.2980528911833923,0.650612132965806,2.04539646301568,1.3353593101504821,1.5505572639285858,0.9731122660984076,1.6479752835480146,1.9747669646009962,0.6321879366788357,0.3713773313734509
2025.4.22,0.7549196320475524,0.461783321155528,0.8709805661847433,0.603360102829903,1.1670146028821993,1.3902381397577617,1.0895681311306007,0.21143465242465906,1.9978526373280743,0.7039077784935507,1.7428970784128823,0.91086601021564,0.4525427708490642,1.364843930678596,0.8797699748247513,1.5946388926554949,1.9725081795863353,0.9064824496171784,0.3974687693612154,0.18222349410959165,0.6826419785523082,0.9552847385158535,1.304480877914004,1.5460389937667298,0.9306740540131897,0.7864779926424694,0.29147858110204045,1.1086678583444842,1.00733234913025,0.9469932235451849,0.4351850748488899,0.344370643215868,0.8456963917763921,0.7460841942701546,1.1545858642535751,1.640704283964046,0.9188595255314096,1.1941810706006595,1.8156833302075823,1.3516004903085512,0.6892455489991564,0.0978871376738187,1.7102243323935038,0.7015035559408309,1.342948544160336,0.9916345788610328,1.101892548673322,1.742218102865762,0.5963440765121234,0.9236892424009745,1.9331005747550924,0.5710136768575593,1.8304108331563553,0.7262268282405827,0.9445104721839748,0.8203210734531318,0.9706053624668813,1.390181897453139,0.41876022008983854,1.479559794268658,0.32085404027124026,0.30693642510599667,0.5715589328273569,0.696826524614543,0.8159234075937128,0.6762880083486005,0.2995164595808335,1.8366235078835118,0.7403038301123219,1.6009577159515682,0.8508042704879474,1.1993257399375734,1.2739907724495765,1.8787103347168683,2.0611463736805944,1.2703665596983493,0.24449998129198153,1.8270212183046153,1.1841246258956073,0.8000127954232705,0.5375021536847089,1.4015390441907973,1.5196670376517267,0.5194018624255637,0.8559572746152017,0.48315224096553316,1.0321751550073488,0.44903606803806045,1.3903026594697048,0.184801734669499,0.2730002601682307,1.2495532577008561,1.7122218928887907,1.5333491725002875,0.3284762170099763,1.936548584954691,0.5332678233508429,0.667115526540497,1.1930766400238264,0.3596280494334572,0.12121730126401928,1.4346314128354705,0.318414163641596,0.6625238348016477,1.4875487482438998,2.0854020161921087,1.2971312142734206,0.1329714758793588,1.7018932844110846,0.22293571423152522,0.4208678256329128,0.9158503157058259,1.2199003639664028,0.7792218619942585,1.3083237310321933,0.7426227389886875,1.631216884176802,0.7260953316492078,0.9653281094383037,1.8577665840071826,0.7911498003797905,0.1038051913612083,0.18467526446778124,0.8245096183746538,1.4695998713487142,0.3274935817631859,1.483825853454435,1.8315095685571303,0.5095241633434557,0.9830950797588895,0.8924127057194206,1.048965563387986,0.17083921805487298,0.8404971378416404,1.0545230291169971,1.5474898042107121,1.8945289916770605,0.40824648546060904,0.9095015549546628,0.48959824820478226,1.6702274119182103,1.74438035041846,1.3294855062625748,0.17027990632443457,0.15283825143926538,1.9081811921276655,1.8806399690366145,1.0634368440244268,1.416395472047347,1.832124162734299,1.5911199777755407,0.6380514985920486,1.5738739297961863,0.9879128792682473,0.9155681009443504,1.547376335562529,0.757317848082919,0.8428148160079573,0.9540847025249322,1.2572049195985022,1.5803469603072484,1.519571216806395,1.2484075001975152,0.700267131106445,0.5743550863630956,1.033708647711247,1.4467645458585792,0.894306253929602,0.8571736584171225,0.5965522160961078,0.9668623669486388,1.7835061132046799,1.6488705574247493,0.8371452679797832,1.3321042436755814,1.8418384267985057,1.3623159854450635,0.2010606228320407,1.0012093829727498,0.6655490989886204,1.2644437513210969,0.8990536246827628,0.9143226309890493,0.3712879181621663,0.8034442624070678,2.037324748023052,1.530662873930449,1.6141359553377188,1.0589854405969923,1.4903157022310063,1.4514139236702626,0.7718945077812859,0.3041735230319261
2025.4.23,0.775485253323483,0.4244757400989042,0.9033638013307796,0.6130759618331568,1.150066007926246,1.2933635606462992,0.7681943492554959,0.20100838751882505,1.480995795741035,0.8106777028981385,1.3038916662627473,1.2051722914287675,0.523591841297602,1.3444610060369744,0.9423710929943089,1.531949405157912,2.042540879519871,0.9396142463060503,0.30730000469739316,0.20216432299843506,0.7897787412416442,0.8420672402810551,1.6224447848749337,1.3834281216947124,0.8041803012273251,0.7430416143744294,0.391474538470426,1.1922658696875483,0.946212836298475,1.3101395833906972,0.3690989408633561,0.32302268185505045,1.0691886429481716,0.715613448295087,1.0745255253886832,1.954157039352704,1.0317956480957522,1.3567921622906247,1.7010811184665904,1.1292562133037178,0.7197897185116101,0.08894423970957543,1.2166329858772529,0.5405637671990499,1.5011501418593316,0.909169181517489,1.1224168157687677,1.7542149374046392,0.6342574578233121,0.7124805845535851,1.6736121415336147,0.4412153325138421,1.4558584868326734,0.6026223929407882,1.0623725496469953,1.136845360270824,0.9669868716460175,0.9612685606029033,0.34646734422776926,1.699832031109006,0.32906090005994465,0.3569380067162223,0.6797441826825154,0.7152976100167524,0.9470940816574264,0.8107161035747094,0.31935629427041295,1.7800720185008911,0.5586609110230546,2.0131651770745522,0.923588433594487,1.262269746505011,1.003637257077729,2.185066009124556,1.7458574264239877,1.2045510695761603,0.2609538779399978,1.4410388440720068,1.1751727394656086,1.0689800605132542,0.6328089712991409,1.93176504741373,1.3645879604937896,0.4870486525288541,0.8524845846105722,0.6008225375628155,0.9983590181341538,0.45014181830142375,1.4834495590648755,0.17994310948868383,0.3039634953516339,1.241768236151385,1.7734876897552267,1.794535488725041,0.3027522911326373,2.2281875007957863,0.4802979013988936,0.6958945779090623,1.3525727321484118,0.3247444927230555,0.12821147584361473,1.7438495184637013,0.29802633607510726,0.8217815695469458,1.3159468288034086,2.25411322415496,1.1721851879143428,0.13067363978646412,2.0592530057332157,0.22591936315717845,0.5949515236280464,1.02337695622577,1.3138391259770112,0.7411064083355114,1.2425533291113113,0.8062768484784752,1.502769007031418,0.827720686897716,1.2606242910863408,1.457657951699835,0.8711383463402996,0.11400187773692233,0.14888926333299088,1.046357726560456,1.130875926752061,0.3317740955219729,1.4588371998003522,1.8177597053317338,0.5099543496206059,0.7347600911645811,1.0091202021459216,1.1780704687873649,0.21082147380511634,0.9628406243558925,1.2235563214547311,1.7401621528692952,1.679389105270021,0.43207671054351104,0.8283508035022,0.4996535866592193,1.788123094879874,1.667762626839931,1.5746320533924354,0.2065863331738116,0.11394268615124666,1.623653577202918,1.5384440790279632,1.0892955516641347,1.7041184367492475,1.5089214298096578,1.9210745440340624,0.5395870606010156,1.740139690125273,0.8606632088636196,1.0595861937432127,1.5912706575049467,0.8090496825425824,0.6763823159444227,1.0319379501739645,1.6529414058764422,1.6889231280018064,1.1853843181344406,1.5896728239824196,0.7438471656606261,0.526068439365157,0.7980919950405708,2.035817031630633,0.9328060415874172,1.0934128920351485,0.720296371032179,1.025685845259683,2.150925086064533,2.325295259505928,0.9518237907914906,0.9604213876201667,1.4872344089774228,1.4441093624135939,0.24844579033690267,1.03649822496267,0.6829471568767955,1.589240031399634,1.0451773746801964,0.7620645762076269,0.31933404112170494,0.6627410462414214,2.2692649666711673,1.04577865878757,1.3053893954859184,0.8023284404908042,1.757717009817931,1.6209337212160584,0.7144579912456834,0.412018336526832
2025.4.24,0.7373945768623277,0.4049449880284524,1.2113314895559195,0.5284986354192294,1.2542815682022221,1.2113625655021287,0.8566457913269939,0.2729743819393997,1.63788341751472,0.8274880495584189,1.7584618655271846,0.9854971905347163,0.48074569230475883,1.767566198306168,0.7389231321190608,1.2533660886948175,2.0393734258243774,0.9851115331963534,0.30113888745529305,0.15547427396383984,0.5942493100934537,0.9124906968461907,1.8727665306862102,1.5259753010605623,0.8694959411109139,0.5952480454987422,0.3133757558665806,1.4096880730290087,0.7744154305852649,1.2743169266505427,0.47473735606826606,0.3590999717024241,1.1031862815920053,0.8289066418866703,1.2172856223776047,1.6320982812931826,0.9925210775497908,1.4013255420851347,1.2955450420048096,1.3806437799184468,0.9354965808672525,0.11456906837519644,1.3837578264641472,0.5684473069433823,1.5134148721311025,1.142198274272651,1.0082955786043615,1.3867919624376421,0.48501529713513475,0.7635848552706738,1.3948616797664484,0.5755808756587861,1.6931732416158736,0.5717895272970335,1.0985337330883227,0.9406916237356536,0.9074005432593796,1.3550589380014364,0.3433112300874563,1.3612291007323436,0.37436457507934023,0.37158791464032054,0.4843613565139039,0.7924335971005877,0.9972551560801824,0.5750092243989618,0.29734753085339044,1.8233590791221872,0.742007594253,1.864029768981265,1.0157139575722638,1.258985772304322,1.01030272484973,2.0403914321432333,1.7067964574273258,1.1730947979426865,0.26362645972774484,1.6858225347221372,1.1986079982591655,1.1091835716456253,0.5624405414139753,1.824814098442836,1.733051116741121,0.38067121547118205,0.9226066615248268,0.44969278307453464,1.2385390143053105,0.48683908592697295,1.6495646960824255,0.1619289982926957,0.3206272258269561,1.567813582721157,2.1234068358803793,1.8906232794255378,0.3590974001363296,2.1802625015185897,0.4799181061990705,0.9000489252259977,1.5771479656292464,0.3255449384028708,0.1132314363615008,1.460876957205504,0.3783462004878654,0.6692972218225781,1.5230907097881705,1.8262931720565507,1.3240661699298004,0.12125545694301419,1.7845910657990252,0.2033966991548177,0.4258012164175613,1.1242237817163385,1.1068217841638717,0.9443966604453659,0.9696776727750765,0.7456716351227232,1.518113381814196,0.7768331794534614,1.1523618900599855,1.3924130615062864,1.062425446141988,0.10526164680135776,0.16018740085259853,0.938761136534662,1.514326430188119,0.26205131542448384,1.6344883119151328,1.7910036590555223,0.5385262841410009,0.7228556458432696,1.0239107321986372,1.006994400893525,0.17878248609067363,0.7816962137106401,1.2014964830856003,1.8118800392552044,1.7224340190498821,0.488935114746918,0.7654336195816527,0.48752553602470633,1.7574411280518334,1.5657155406620678,1.2908758645173464,0.23358855431979092,0.1138953241697351,2.1829317974167552,1.8794532167158555,0.9664610354781458,1.507305149751765,1.712943545750334,1.7197158476783043,0.6289810709608374,1.851295151962657,1.1686513708393411,0.8709677896158398,1.5593418785732749,1.0157150397348722,0.614605875173292,1.0116433050236806,1.381608069966237,1.4116276713961369,1.2484486138859379,1.347190074600569,0.5981468268938245,0.6454789954297613,0.7362849098477279,1.9734502260216966,0.6984681240774069,1.1612189964044302,0.8292377463900877,0.8919077027166836,1.6409823063056552,2.1484230717549093,0.8821267136761607,0.941749036850656,1.6095652454729121,1.4195793253305775,0.21950236247389426,0.7544386197944389,0.7867396384452301,1.4320082744585778,1.0552147142359833,1.06336706583093,0.25285396440764774,0.6367367945596303,2.3855281896896514,1.416823989229788,1.352142251186425,1.043391553141618,1.6533394942192554,1.7529997192720617,0.8844800432762255,0.3233745851448641
2025.4.25,0.9183510193440515,0.4465404087382159,1.0892498086653553,0.5264307841180036,1.2635087152857223,1.230090619094893,1.1080659223478524,0.25961587895399996,1.973040934087065,0.6704045411784934,1.3143054225484827,1.3397971949176701,0.509205509833615,1.6168038551814408,0.869838414126173,1.4464268012888715,1.8887832875786106,0.8682789980694574,0.33480672470282363,0.1488543998551816,0.7131659433174358,0.9335350332379603,1.3774004996146592,1.3330238550048117,1.023850611015721,0.654035028815351,0.3079485640503525,1.3945757186117242,0.9145039011544127,1.138687177402754,0.43612361163552016,0.3033398891095988,0.8682656564721771,0.8068174796095842,0.9037074338247719,1.891246408869322,1.2427148623175386,1.3515345576416282,1.349007594111517,1.481675020045379,0.6765403787368153,0.11244062101728733,1.576205772922047,0.7437421728966608,1.4067720692058938,0.9360729636128083,0.8570583141754894,1.588855622905148,0.4513542502425891,0.9703330359816692,1.5455737826804472,0.46434986772029313,1.429278612168707,0.5395975208952004,0.8348225921576271,0.83213072359977,0.8637505201838667,1.2080836028654485,0.35774794826029915,1.1804433341107643,0.3407416128022337,0.2873158133418284,0.6069113017630521,0.8026239278876293,0.9797434100828745,0.8317920169423406,0.3488051825378977,1.3884008002535992,0.6388605230756128,1.6138775734943651,1.0285266113537295,1.1422007715544036,1.2146019416257305,1.9388759764129198,1.5856278759117306,1.4232304134246652,0.328188957334793,1.5872634344684646,1.0012124916693392,0.8894683968315669,0.6199856978673626,1.4758932268683573,1.4348444349538505,0.4882133144803513,1.1721764358463616,0.6250455109978629,0.852598609553088,0.4914499228590702,1.3870301901763475,0.15754022823517722,0.26001781059678675,1.2277937823055634,2.0449987039778885,1.801289759778827,0.41242053688255814,1.931031114172252,0.606442723875399,0.6307758793354733,1.4640924907405481,0.4551267685904377,0.12348343046823763,1.816308408360196,0.2673525905397148,0.6559605766327461,1.4384286990988973,1.789504888016589,1.2228140093997781,0.1293466660498518,1.774111102922107,0.21190378204944765,0.616110021296601,0.8385085392554866,1.3339604956126214,0.9365325773297285,1.205626709575857,0.671803992129726,1.1644302098188608,0.626932344534359,1.0836822676556361,1.689402744749186,1.1071703380987548,0.1220862826598059,0.19219066833097645,0.9257682782030772,1.3585633100125625,0.3631476795762471,1.5837082388876003,1.4501793630682502,0.5383759464681348,0.8942376264604068,1.0196865334696394,0.9132335703454855,0.17931709865756146,0.8098703435706767,1.3972013647147459,1.648010138081003,1.6449838105250274,0.39472530051200333,1.0119748081610649,0.36316129080981246,1.6393512610190033,1.3685614731594473,1.4132718357330039,0.22375970685347293,0.13117021122652886,1.8623041954230484,1.3927619746236286,0.8558639207063681,1.5304114271467668,1.9276938800767174,2.210667882317127,0.583653249581539,1.5113326583628406,0.9411394443564198,1.080367602389488,1.7766900506333234,0.9415292931442212,0.7235651480580135,0.8288799088491469,1.1573489215951607,1.837460775236768,1.4403142828776927,1.5556589048905598,0.613995300537183,0.7222337642127683,0.8810007418394576,1.6229316367939959,0.8844090307312362,0.8277041607086355,0.7844916420941479,0.8925524140062979,2.1279596812966823,1.8488929191986119,1.0055007179508457,0.9467180698701811,1.3881136043229882,1.5508771640979628,0.23340322985723508,0.8784538327229335,0.7559388516434831,1.3670640099151046,0.7454270908050531,0.8533336752642192,0.3202669223006155,0.683701842522536,1.9970954042355495,1.5307088670946243,1.3316890577489764,0.7793424402330322,1.232087835073961,1.941567315885688,0.8089514072452438,0.39240237061002964
2025.4.26,0.7651211230837812,0.5621661418614451,0.839661258354079,0.5888863200234772,0.9807087656656555,1.411727545178093,1.0854766607336659,0.26791569163810963,2.1052803638434883,0.7634526512276132,1.480979777319439,0.9722066640848918,0.4860760649704826,1.7417890138890122,0.7550233517147174,1.4249478642524145,1.4631929922959235,1.0210910601067673,0.3651986426081196,0.159978728897004,0.5621713090960425,0.7211656136254605,1.7033094602292211,1.305720797760235,0.9261022961094206,0.8190120519422347,0.2843860922936091,1.0727499021705382,0.9243232537869495,1.3486427811714898,0.4181132681787435,0.32366404695680223,0.9788685426433493,0.7321401275590311,1.183583259163558,1.890903483196584,1.0112990474727384,1.4227277471514375,1.26139324439591,1.1789709729859068,0.8174474250215205,0.09804492903017784,1.5570173057858623,0.7078801426454435,1.404923649337622,1.0148227747699128,1.0696217800487147,1.274718874925957,0.6212331686108,0.741620411535708,1.8210207559463776,0.5557819412212488,1.3782998979893881,0.6384750497722528,1.1018234160371214,1.055674038970079,0.8372425944780427,1.202006978857726,0.3979200521388009,1.3391697752207985,0.31639046999933823,0.41378087781304584,0.5435185781016151,0.7525398212176944,0.7514067815274851,0.7525135172261962,0.40868292228701875,1.4420402493286022,0.5670441402900374,1.6782014457337886,1.043032179672657,1.1339279362506702,1.3987567214370413,2.1008710096444827,2.058928962338726,1.2333831180070554,0.32578633732650836,1.7622645091953484,1.0221912706558307,1.0273209412824458,0.6548404788462149,1.339132483976506,1.4381432285249316,0.4298280939985287,0.8680530485386897,0.48166599230089846,0.8883688186614587,0.4958345519027285,1.4824559578542575,0.12626874831372906,0.24824436544024725,1.1602833340565453,1.6903905795684684,1.523732373017308,0.28073511432761483,1.8573224491050684,0.49623190153304275,0.8595293353610539,1.6168351072376104,0.41870315557230103,0.1267754397571238,1.6697087969928166,0.381749508985094,0.7975264186890334,1.2689036531258706,2.2272606823124055,1.0057375910773805,0.09978331386808469,1.5029321666881765,0.2980703281673439,0.6060295934951653,0.9227842899687654,1.3813810934311317,1.0385652423535805,1.0602365400053697,0.8182902550637443,1.6238057839049171,0.6397586914820137,1.0535016080385962,1.728216307169363,0.8525462402017884,0.11205070619643323,0.18271402232992418,0.8230896203671151,1.4414695596464084,0.2998604381087659,1.6353166300974675,1.5379764765525916,0.528572233140826,0.8745003390405314,1.0304314021120526,0.9510528329650909,0.1792277642632961,0.6865482386174399,1.4099936502853632,1.6864851613430523,2.061027877058384,0.44022460270900704,0.8956701547561516,0.3846442919724182,1.9641193018961494,1.772065097520705,1.4966687541896877,0.210775991461929,0.113383907048573,1.6456060264788739,1.8788387580141312,0.8567844945575204,1.6557605500816837,1.6485570694040348,2.076754235616176,0.5870317329560203,1.6943740581214306,1.2044838598208079,0.9961848141365303,1.909515423507287,1.0458332801145194,0.6500407155670601,0.8225880876347831,1.3129601170456904,1.5802476333804705,1.3157992160228071,1.25378445207516,0.6739745122520682,0.7338008691157842,0.9891183558304592,2.0852751413698742,0.8784280392933508,0.8494366539055997,0.7243013619342572,0.8295136293166971,1.593148401368585,1.897333686151629,0.7708932944306544,1.153306217576008,1.4971475799097858,1.3919269432192272,0.21225753863690752,0.7974827879846615,0.630656830987105,1.1970174299401353,1.0035824923186925,1.0587238546575093,0.2816155585083192,0.8075439133471147,1.8673454731623795,1.4807775089588555,1.6008457785117574,0.8136655041918607,1.6055066574399544,1.5307475225224927,0.7628727158930493,0.3110118924478645
2025.5.25,0.7405065069669304,0.4437873263046361,0.8782235862124217,0.5576707986778098,1.1386099059591506,1.4539106096791568,0.9222542616278084,0.21925678040103355,1.8263928954446773,0.6973900369589887,1.7280940353796872,1.092546370366085,0.4578107394132382,1.577500271065029,0.7795245034187842,1.3571234929565252,1.8946985822243494,1.0836604971688868,0.4253550965805497,0.14498962299544357,0.6515317544617274,0.7159755653380677,1.3936298725785818,1.376204286716887,0.8886508422835809,0.622245543790573,0.3051260735139259,1.3752954514636684,0.8056822800845908,1.098940596106871,0.3447190672512423,0.3266706515854738,1.0085969605620084,0.6867176032063043,0.9012340144059395,1.622954874764299,1.2192047425002421,1.4588134164237323,1.652833066105185,1.273790682824473,0.8532850327582513,0.08327616539310378,1.3947696433005803,0.5204945558834616,1.6883010265447256,1.2285825603273597,1.049326317325607,1.2917759322611275,0.5833647913823782,0.8092299205487952,1.5409150156609597,0.5326132488277472,1.3745390199770235,0.6424712510776149,0.9880083459243556,0.9779090996351018,0.9308773880713598,1.1721710335129056,0.39936200426519836,1.43455750608102,0.3582647420990312,0.39920071460783424,0.48386059490108707,0.811130637162697,1.0176672818698302,0.7390913920251335,0.3414309214417601,1.4450606059148983,0.7198762582878606,2.0126081507158924,0.8688335837745307,1.0316239009771342,1.432815494293985,2.1508520914035034,1.4910758631923313,1.37356459571149,0.3087477423537871,1.477018389429345,0.938136557131463,0.9003728925462348,0.4735967182814508,1.3304360850213617,1.484405543149433,0.44096184489779483,1.1090697775890614,0.6298344355229785,0.8513128413826152,0.35574397341775804,1.5684770650099535,0.13989385275410615,0.31097732806604944,1.6834798256730605,1.575223741983317,1.793222177510672,0.31355960468763316,1.8436053126707623,0.6061074355259046,0.7724269814944763,1.698801388503149,0.3311759286521159,0.12733005421251437,1.7660126808947518,0.3711720205732663,0.7582307919259119,1.4909635203553824,1.6433936928784705,1.0628765041917256,0.12832777711370646,1.404424937557057,0.2310839086158485,0.531314596224887,0.8295761342604524,1.232378724923405,0.9608022101907614,1.067943261818883,0.798004440913618,1.6006961194102118,0.7230398256648913,1.2669795911234327,1.7125620316065564,0.9454255133091157,0.11571011171787893,0.16121214805715187,0.9655257914694179,1.488397384905934,0.29033512740398815,1.4496458048386567,1.624727525782735,0.45186983774652195,0.7827234107500484,1.1845421965668508,1.0427557807247205,0.21272798678708463,0.8576416594634315,1.0542760701151073,1.4330286383091952,2.1001708102525716,0.4919189176043006,1.0418974641622158,0.34590671541507906,1.8657030264602734,1.3509861679582904,1.4988797707665054,0.18606496694267272,0.14150142436689314,2.063525868690882,1.4253196153614258,0.8521976526010244,1.3365170125622436,1.9615379607009165,2.2349825840209263,0.4495929119711378,1.7950572342090074,1.028480352319514,0.8332165230039831,1.9270626309577594,0.9691422237652814,0.822704709720829,1.0865422778998475,1.4999012861636305,1.7683939389622885,1.3163178576692964,1.1100518762915703,0.6765308860086887,0.5816179016845324,0.9268572811327913,1.6044853234338115,0.694190901105998,1.1664290837881344,0.7434305902400147,0.8297081994480593,1.5501999396215334,2.1751455311970727,0.9976037606858253,1.246465454849483,1.8782033027592429,1.4955860795484526,0.17293966516983783,0.9724626476548944,0.6878636211401926,1.364121787334159,0.8804138709481083,1.0721005891245148,0.2516421496442216,0.8511481135839879,1.740502579659453,1.1215450674862528,1.155259661934167,0.7483454073679582,1.284623140183305,1.935794310532776,0.748573096677577,0.43943354289923225
2025.5.26,0.8254875301422281,0.4811492531013618,1.113100999863659,0.5686145418587046,1.2590812047730964,1.4746199494369736,0.9840253331868127,0.21166810544205658,1.8412531810027148,0.6741788099873518,1.328161311890954,0.9435593674458839,0.588299730764011,1.4554214010049111,0.8259304921084852,1.6355841260399526,1.3907236865089827,1.0532467798021687,0.40442993504788166,0.1784043850730289,0.6632686200909612,0.8450997718731115,1.605684546973604,1.9098520519536546,0.8956032887079809,0.6635170372136386,0.38069897076452824,1.2062659676891552,1.0958189578390833,1.3563623538311307,0.3995977795603233,0.32175311461709366,0.9727970691936126,0.9251741672679294,1.1851529672301913,1.8451169273777612,1.2642056662678378,1.1298478087272803,1.5377103141454067,1.3344235442239212,0.6950175311571023,0.11673986760179356,1.350898580588698,0.5811397575870224,1.6648659770513545,0.9352516681154691,1.0980909080305714,1.8491880906502913,0.6034702181032051,0.9895513689624753,1.3584222201443117,0.6080413514460042,1.4736201062267162,0.7353364368335308,1.1063880237504642,1.2128812562716769,0.7435840804278064,0.970165431675891,0.3447250488022411,1.2376246859675908,0.3762256725456858,0.32257424271872753,0.4896966038769339,0.6455669423214967,0.8181417633829076,0.6377464930177671,0.3564428280308363,1.5006702610487712,0.6180908800963324,1.8178300411657031,0.954456175551439,1.1590327263129003,1.0362627247818574,1.8448767915350135,1.795172640001935,1.0262766959518888,0.24716897312235728,1.8634931852276084,1.1722054061020353,1.1508601782111403,0.5892066503304672,1.3716777922326937,1.687411876355148,0.5156131656991686,0.8567433918198138,0.5154832108847487,1.0889439456863625,0.43203944977456654,1.3328068680190965,0.15315425035010985,0.23443684293562547,1.1367916630728332,1.6752764971775258,1.4061067250750496,0.4116743010558822,2.207736238642988,0.48315574096853653,0.7639959727822074,1.6029840114823426,0.3669263434302546,0.09637226659365992,1.8657826538032047,0.30102214248381165,0.8169333606652652,1.1903023943226743,1.8935337771808713,1.3770734510290685,0.13598463056156557,1.9725367409165204,0.2111301443028818,0.5330064186270608,1.0171528984484877,1.3043885525035936,0.7222866134825356,1.2373152748635916,0.6961982506071532,1.2968693973181047,0.71112946481579,1.1534555565143436,1.477652132289551,0.9480259907448955,0.1198802484146521,0.14853235876347842,0.8190756676270708,1.3204905988925664,0.30903409654944913,1.50055085534044,1.5332552703238391,0.5283439816031603,1.0013643649518849,1.1658787503945427,1.0536475047987828,0.17403578324651978,0.7521910994567828,1.1418058722979276,1.4894962683174853,1.8668390716943455,0.3937383903262486,0.9966948454653336,0.3977789470162308,2.158804351327604,1.3085228040856798,1.3563934279016228,0.20429516562810715,0.11581696594847064,2.2565391643745003,1.3790901556299953,1.1519622398535283,1.3699564209919934,1.474896627511935,1.5320034123186907,0.4786913161396949,1.4144739286870032,1.0951056407974702,0.9465087560204738,1.725646057204927,1.0304223824559464,0.8077533370670774,0.7357339713023111,1.6163288266552485,1.4771648756595694,1.0611772501327095,1.3823287726160862,0.6399336734520712,0.6364121333909021,0.7946573650241897,2.026212045330105,0.6529606437190861,0.803013722587416,0.8231316299991125,0.9213983676847717,2.2323573561906915,2.064564691157152,0.7381100462390552,1.0607680817145098,1.8859330345036678,1.210369781513836,0.1759518366698018,0.960849797360692,0.7144068824958038,1.2687700273763132,0.8408783926666525,0.7303438128372745,0.34925073196408696,0.6934513650394141,1.5963019967220675,1.2037652266038452,1.3044879106931362,0.7864157465653984,1.7062657906841308,1.657268210277329,0.7763376063748315,0.3417392814981067
2025.5.27,0.6950520993845768,0.5163412718644569,0.8379330097140604,0.5883596802181345,1.200236081636893,1.4735841257734252,0.8553005215296103,0.19959770928564935,1.532252480537112,0.976927538730539,1.3771717089982003,1.3559974217618729,0.5514174298785718,1.8264681851491427,0.9033121286734155,1.498929493964193,1.3890315586341337,0.7727831342057798,0.4067340864640124,0.20698073635138406,0.6715960226878075,0.7803808677710393,1.3276142522676033,1.643278790149361,0.9199041284727398,0.680274378418916,0.3965380203734417,1.2184268272632153,1.0602094598943625,1.212644930157549,0.40177008020253496,0.335525634247244,0.8709500738082707,0.759823152090547,0.9652574597859775,1.6582954165338284,1.0639632799849759,1.3851532516500125,1.340822847273133,1.624752452255725,1.0056978626714261,0.08270971824726508,1.3803101639540531,0.5723595598336907,1.37747126998902,1.0640164393095461,0.8688937313940137,1.4346607724512166,0.6344335818158243,0.7443850558902525,1.6641901200791376,0.4955681437102181,1.5288940499096346,0.5749420044439785,0.9456165243953254,1.0376657613342017,0.8014749670594324,0.9797680837230065,0.3176219634988925,1.5216697878693566,0.2578358699544236,0.2917545732043767,0.6690250745424637,0.6474939008100171,0.8052549547568765,0.6316325252016811,0.39018909691000075,1.5109397007609562,0.6583636542735929,1.622640183469022,1.0496944694940318,1.0281328192250798,1.26055627825994,1.858558406272088,1.5883110371794404,1.232427226199741,0.2280251712494963,1.935057574075475,0.9004150785967434,0.7911457422518838,0.5853795408830098,1.6695054860196705,1.6203390753838767,0.5232836598143302,1.069575858777222,0.5965909568959901,0.8520109453957858,0.4653889880986703,1.3375541001493065,0.16367056835872762,0.27981978332142926,1.5917890228051728,2.1727702044362385,1.3919526183367317,0.30416750860101216,1.6331804754396246,0.5085192213996651,0.6267088099197824,1.494579004509703,0.40363260214239743,0.1343103953672125,2.0483009459308223,0.3654460961191505,0.659281719716129,1.4266091290929939,2.0025614718631193,1.3212701927190256,0.122399307655151,1.4653424355796967,0.21030073262308335,0.5560949549126931,1.0574240025666053,1.2239639615580151,1.0152071848420674,1.3171098869669375,0.7748488108296819,1.5550001311491517,0.8139779723632498,1.0405274385329137,1.434893054315077,1.1027800496448008,0.10411618317165511,0.15800357191629988,0.9539131581307226,1.6389844020985194,0.2999607990725265,1.3211029048470504,1.81227015734781,0.45913394892515397,1.0110045998702624,1.1552217904612774,1.1678020296072693,0.15616878075369817,0.7101462862733446,1.1691226592606878,1.4078139029096908,2.0577123252056064,0.4425091710597349,0.9565414534927793,0.36412239873284685,1.5308390569950927,1.450799857698075,1.538736110800628,0.16807684945766774,0.13627595379511495,2.262511007799667,1.749099314039998,0.9748587508985335,1.6909847748833189,1.3814531380720279,1.7181523855811656,0.433155882823183,1.864864274165605,1.2208334558933087,0.9350453198473434,2.2156631550103576,0.7762169124615302,0.6204223582877978,1.0550094556353926,1.2318434768964446,1.311754121637806,1.2396092182444636,1.163395481070363,0.619036102642807,0.6994053683912603,0.8865567818220881,2.020211789465208,0.9270918438563726,1.173372333280518,0.6820690857725312,1.0843468797259694,1.98827714712091,2.1202540520813153,0.7845293856516945,1.3347280276840663,1.4842459901794824,1.4415355335008184,0.21633232981435177,0.7558225436185088,0.7003817683708224,1.6388897379481966,0.9202994734046124,0.897083988295101,0.2817587997735055,0.8401026821038035,1.9978569170553195,1.1239037128430112,1.5141327932349269,1.0716556516342925,1.8354656157048388,1.5117349449792734,0.634326665417631,0.33200790386265905
2025.5.28,0.9097346237862187,0.45150978726684293,0.9030208391232668,0.6081862354562362,1.3696666182160893,1.1046558917508458,0.8217777432550314,0.23289227596132686,1.7796618642339,0.758796522192898,1.6817346082887068,1.1321696199514084,0.4270130383733685,1.8137135384843,0.9380172801580716,1.2497984204442383,1.5961279526777743,0.9398294962264431,0.3596924453950199,0.14373902115238746,0.7554818822689121,0.9191817747627836,1.5515733859970706,1.9115968590130943,1.0416766280333183,0.6823241175943006,0.31342456049227796,1.0469278383007494,0.9928937488451148,1.1975324460912702,0.4677757563255023,0.2777721092064196,0.9932852068788438,0.8323600872434418,1.2203061439800986,2.206010313307993,1.2721055519619917,1.6658855864512092,1.8582731500420462,1.6657806974694354,0.7530274567145143,0.11117641824714121,1.3035482999650576,0.5869372765861854,1.7391745895209103,1.0264533139481182,0.8789422951951911,1.6945951784621758,0.626532869488701,0.7194486824063919,1.851865595441098,0.42890126470961554,1.7811921113319196,0.6162921155825323,0.9252903452156488,0.9279691212025144,0.8507482566193467,1.2193496327784947,0.3919477676460301,1.7161058163504002,0.38030455501707533,0.30477483026277286,0.6532204840272039,0.6735579328498346,0.7099667309574078,0.826354699341832,0.36587978424566997,1.6064164356983803,0.5738958565463812,2.1727189339383957,1.1911238399143107,1.3548155803702988,1.4467157862533484,1.7916851993553946,1.5858463547959054,1.3757462574121182,0.2554656336094493,1.497745307336279,1.146678908879962,1.0037220734319277,0.652286259362669,1.8946241945135343,1.418036334148487,0.4468503592066348,0.9606787158333417,0.5081856932018655,1.176279770925247,0.4681769520528182,1.7227483944557795,0.15923387482221948,0.25738282735895923,1.3279861956845789,1.9204611548352652,1.532635838450234,0.296063815788542,1.6019420214202909,0.5400158834965151,0.8803471489348764,1.4311742769075915,0.44147992043898304,0.11545387812257125,1.900576350521739,0.266124673943672,0.7671288955185994,1.370778860866709,2.046147633092946,1.4036275962207374,0.11540665680535618,1.8487923625663591,0.27143179664699296,0.5002025441837264,1.1361018729540973,1.44209834007509,1.0076148933388227,0.945407668069006,0.8839017940890568,1.271506185319536,0.7656749728818829,1.2837289747887208,1.883235428182816,1.06026790757219,0.10185841278658742,0.15318397972193948,1.0644541802816876,1.1989830013872567,0.35938790913657875,1.3010561592658458,1.5323083519811183,0.45003889362964694,0.8297735493622748,1.1253741946734324,1.161879688266131,0.21192163139138367,0.8364495148192551,1.3096429056563283,1.4647281074824516,2.074276885708124,0.49126030265377746,0.7121834746704137,0.4270114215950556,1.9916919460996527,1.2218983193776995,1.2875303354053889,0.21531132935219052,0.10844382814474358,2.317284403709469,1.636650846065127,1.1760078919290633,1.6880819919599155,1.9257963458669711,1.6507005349012784,0.585672032320505,1.7270522875798302,1.2168705718918178,0.7891860121859676,1.802197491391159,0.9707086562165244,0.8610130229384335,0.8058887523501398,1.2186512066513133,1.6699520624695279,1.173527417117392,1.5257525127048195,0.7700195273931835,0.5184963458349058,0.9395919706383846,1.9338905424464532,0.7144428338453335,0.7899546044157761,0.6548383006584751,1.0235589304705681,1.8114952280541858,1.896075227183924,0.9497613173860735,1.091135755859857,1.5708824232347909,1.5621100558413306,0.2317493316109343,1.0157117022913529,0.6305821155020238,1.6059840044585165,0.7240917185989281,0.7370888329565032,0.34624155316703675,0.6871536529832137,2.034806417987135,1.3457698231446977,1.449731180738511,0.9034616223411689,1.5530390817806639,1.9054455717767664,0.8993045689245395,0.31749441937890316
2025.5.29,0.6735038836725981,0.5676814567824312,1.0651384437714428,0.49201863137947405,1.2748247386650151,1.317649217872663,0.9252744100917133,0.25660470395338236,1.841619510838829,0.9180870356715171,1.6803656032619776,1.1743353561790628,0.5723403975708912,1.745866881734829,0.8701795124731723,1.3333588834707761,1.7094919482235433,0.7975286952377015,0.34789421278660254,0.1495726422423108,0.6694618156651183,0.9386544331327855,1.7452009429662814,1.5678469750066957,1.0817232067897944,0.7308633467934781,0.3240516921195693,1.0209796545202081,0.9159900373007325,0.9844876247819174,0.4158610035166368,0.3119040612589061,1.129707911623064,0.6627712422819891,1.2487033529405773,2.3155575296952233,1.0392641181367976,1.4160353103435532,1.5892168491134222,1.138016558012083,0.7794372029532174,0.12213728359209898,1.269614512099305,0.5809287186869556,1.7624686706149522,0.856253616797771,1.1574177126166107,1.730656032722236,0.6618761804204185,0.8582445733804743,1.8198453260832237,0.41914283818072945,1.3338046939108896,0.7269234177285631,1.1337669821458167,1.1050599089192774,0.7831274142884697,1.0974792565911065,0.31689475642556203,1.403534394947156,0.2660049945773949,0.2987432529006466,0.6594451901202665,0.7809411858960729,0.8558348384511048,0.645530476026535,0.41729347712278053,1.3635649095093079,0.5922615866950306,1.9880904575593676,1.0939880924378627,1.45259904754884,1.1858721257720743,2.227699083236777,1.6734957410388136,1.239094603377025,0.24994046857858687,1.4568694705214793,1.266752174066694,0.8429232748437578,0.6535219633659067,1.6151494080890112,1.5728314006160462,0.5486419531855687,1.1371705237424279,0.6367396640763587,1.0417082225092964,0.4426684184464786,1.5994899491746304,0.17077729700839792,0.2183715343285725,1.5953661130754702,1.8846728247751499,1.8345564774593837,0.3600812929575864,2.224886658617756,0.6446485115687861,0.7368469982152085,1.1709965507681068,0.31818460545106697,0.10625622224927826,1.7378913466722665,0.38871152823283994,0.6862827455272728,1.2755700648675798,2.180620749285164,1.0267724271558867,0.11148620133480258,2.0458723965914247,0.28491711970095707,0.5547212310403744,0.8830517480490989,1.2446645732087438,0.8600088393803683,1.076094358623749,0.8186361298182524,1.1713149984406683,0.7085315679140836,1.22451619193559,1.8624534615883317,0.9644331972362992,0.136098797315264,0.14593993775208078,0.8698095342131349,1.5010004545245148,0.36763145396044783,1.428596225057421,1.406583779982555,0.6207527489762803,0.9982041096099171,1.182422416719358,1.0744745174522865,0.16945888620193855,0.8324321642584871,1.1024242178726906,1.4488333881790079,1.6211550592196264,0.5028124828637328,0.8623609736299361,0.46229662371876123,2.0813986097653903,1.7694212339450919,1.555287369252241,0.21902052991570867,0.12515846938598418,2.2468036654437293,1.9252921523666238,1.0226859785128977,1.7320269561283734,1.8966424109907207,1.5121525911456197,0.5055255565209479,1.9546397351657299,1.007755692998764,0.9565338801858655,1.5566200572677726,0.7075783281614652,0.6825782569808115,1.0797620094062939,1.687250389052182,1.25401045716439,1.5500725380124656,1.2608036862204814,0.7274578406588771,0.658585264375667,0.9441771867276283,1.7977109541445813,0.8933214869530592,1.132404177025748,0.8362429048392843,0.8252082041912931,1.719656551274699,1.974364378287685,1.0208377704622134,0.9638563484359471,1.4352573946894185,1.2841237725458974,0.18883457395070283,0.7699752746845722,0.8465843275925463,1.1604135898431833,0.8827520153141163,1.058927984582884,0.28330493627953257,0.8228482444624169,2.2493292747370957,1.4031326664752581,1.376746223437753,0.7632194022908898,1.6460427450740727,1.4440426362541945,0.9321051989377959,0.43930452463111197
2025.5.30,0.9696943085096945,0.5658982890475345,1.1249668653621079,0.4999287828552746,1.0371117164314345,1.0868820646431665,0.8838324488738998,0.23701953081086993,1.6306362144307973,0.7366721877165464,1.6316301548922487,0.9352912863116708,0.49631279585428156,1.4721001005084735,0.7600012011975228,1.6114647232869261,1.9030406577775036,0.8494795953321176,0.35161701690612185,0.17283830848859952,0.68631651779231,0.7617351023475932,1.486480860851181,1.4900625251593675,1.1053805327511297,0.8232055080996588,0.360241715217186,1.3386371742836731,0.8971925399154267,1.3099174963100793,0.38871319298014073,0.26123456629309016,0.8504116065912091,0.7696036482153851,0.911402978037888,1.6279090514081505,1.2957712311428067,1.5051392654103786,1.408432352854738,1.5365325309139732,0.7793505361380166,0.1002368892452509,1.429490839595428,0.5331029564098472,1.3887801339745964,1.1849168767391216,1.101184103591276,1.762324724247008,0.566876153524697,0.7953346075258922,1.4157696348600333,0.5868084597051884,1.7207756304017336,0.7308623882506624,0.8755568480262119,0.926440813337863,0.7884201638306793,1.367662472993398,0.38392182788220014,1.3479990645466697,0.3588655416114205,0.29822909285114035,0.6786114294080781,0.6866347963062389,0.7260021133491947,0.7795739152267926,0.41796284942270484,1.6990249067628196,0.6338612785915487,2.165296809310563,1.172186981217462,1.4544600039781792,1.4051681458040997,2.025301633677273,2.086708006369392,1.3038090641576754,0.27630747077109247,1.4853949368045594,1.2760822246142338,1.0552456932548417,0.5880905176970992,1.8391083608000787,1.4961979990879164,0.4479870690506407,0.9107799563913206,0.465986018198397,1.047957377906019,0.36796039478740855,1.5135420809893416,0.1419555623607221,0.2511319457003249,1.434238735382522,1.931474515913006,1.46776694461778,0.4009421639792918,1.97148360058164,0.6421374573098275,0.7933451028875732,1.7129962739782008,0.3482291120199362,0.10528630417032606,2.013048847504851,0.33102834109294904,0.9426189860140782,1.464627856265063,1.8819163388046452,1.4499150145185042,0.12937231171923816,1.55033091088525,0.22526848156806223,0.42847797288477574,1.1431924420289579,1.4160463852778498,0.9101815517082102,1.1029058580945512,0.6626756436400311,1.2636309040411486,0.6440395635544875,1.3646750782987116,1.5655726734007966,1.0249415508344553,0.11499248378251967,0.18398226435703874,0.9555176540295082,1.126158092337752,0.28909061441206346,1.314984516038611,1.5781501962429074,0.5513894406151749,0.8233281936164626,0.8429990525545893,1.157481153553448,0.16425283189422343,0.6823896534386492,1.096988472526421,1.6406504609464607,2.2488376494346447,0.5717136206467841,0.780545391058983,0.4963805789711166,2.078790365411669,1.5376994490684475,1.2061498944637137,0.23830455615624838,0.14464025787609483,1.5686469965037053,1.5646495136871257,1.03162927211435,1.6885910533701551,1.9931560040706835,1.6859662029842428,0.6008791406338404,1.5503909627867456,0.9386472623176597,0.8544821751517943,1.7504237907120197,0.9354299189252013,0.7382725020932828,0.8581236634343307,1.5885451641220607,1.5460233398599763,1.192970327234235,1.3536272991298746,0.6278864989835242,0.5898460484076514,0.9228696276361797,1.48671584273576,0.6236145353166342,0.9092296244971944,0.8042793812763468,1.119426550118694,2.0156568983082033,2.3728016185505862,0.8054922353240507,1.1052753177547723,1.3948636566775612,1.495856727768346,0.23201532608795306,0.9875501546584089,0.7996552142021541,1.4013893890176814,1.0111006380517638,0.9168421830586686,0.2716802337728994,0.7594065884113661,1.9942445950460843,1.1987229196603852,1.4353238116872264,1.0872397673892107,1.3727236035335015,1.736779959023832,0.6781754161876621,0.4043960276445732
2025.5.31,0.9000106236502915,0.43014427655497023,1.108278118598943,0.4406673491835911,0.9928230281596512,1.3467596985978616,0.970326108089883,0.24150093029377384,1.650104287097791,0.8761433768058942,1.664249079827368,1.2442762006151855,0.5775449425443517,1.6781845325632443,0.7611297515672641,1.2468464414639722,1.8432018935861993,1.1316048130934195,0.44305830995331175,0.2067882702414448,0.6271358254543932,0.7240109396318924,1.6874204825739323,1.615313613876236,1.04238236159609,0.6267424572221582,0.38196216851491377,1.2250476739547198,0.9861794512077487,1.1033625687377049,0.48610371941822894,0.2960314799383098,0.8541780207138916,0.6277784530230467,1.0445337353360888,2.32139195501269,0.9133500801959319,1.29957876337695,1.5709628020775197,1.3198916060209034,0.7544790775751394,0.09190234060645538,1.3059993470099338,0.6355644830998847,1.4053031380795267,0.8778588454278038,1.1645530313629155,1.848408484355172,0.5562716664433651,0.8854891020113121,1.7396803483901984,0.5240928043421771,1.5927546737499167,0.6172290596396226,1.10621160947032,1.1845119921227039,0.7568501221617091,1.128248584186092,0.4010341481937609,1.3743184801053598,0.2907679825877834,0.3537484602969154,0.5009432206481723,0.7081238886369381,0.7740323010892612,0.6721714175967418,0.29311149497789885,1.3684176879436358,0.5764276549450148,1.7771941788892358,1.1078576787081285,1.403039345778571,1.0595976008408416,1.5642918090770368,1.4299468943278855,1.1378498056333386,0.3062768152497841,1.9919085866640849,1.0810636498788684,0.8465753799008447,0.4911077114962199,1.5822500149622631,1.4418928952980017,0.5160049611607639,1.076125892172632,0.47735448139611547,1.0623006584735049,0.47505352957378755,1.5549652487407741,0.15971338337916635,0.24235250696241534,1.6290607232825884,1.7601042075286812,1.3481325327313682,0.3470412195928672,1.6959018894350877,0.48337139027366144,0.8359776920371478,1.368114536921031,0.4499149684819738,0.11661678926213882,2.074562314392218,0.30177029340040884,0.8082048631887436,1.6149873627822868,2.087972603665573,1.0713088844226686,0.1318199053333264,1.8708492901681073,0.2017088342227514,0.43042242262953734,0.7995042143614781,1.3958872190802414,1.0475309564835638,1.0563925467003237,0.8052352679286178,1.2507096783116316,0.6606769095706234,1.0108422836092616,1.8133289467516371,1.0927176125897182,0.11397047042147418,0.15103559441294842,1.1524266446529812,1.6432278631800905,0.35943294020593825,1.3337039198801914,1.9602639642309359,0.5629339250540872,0.9451957899903355,0.9099364493921077,0.9123093046944537,0.1746359865190472,0.8869692478323025,1.5133043251868337,1.6688080786403698,2.138793693356375,0.5169201910471698,1.0339131182494807,0.4747453450445201,2.1741518236228834,1.5189973924190114,1.2276803084533716,0.1816719205118797,0.13420486994513753,1.8648827964963886,1.514306041444225,1.0568142100308382,1.2379260990807828,1.7845576706138775,2.014125652068041,0.5043391588026107,1.3970549329433422,1.1792731073902025,0.757605983234673,1.9261203069412378,0.8648626242897002,0.8098183488465337,0.8940430736165985,1.495368955406073,1.3695845111294813,1.4907233374961038,1.1560864447899581,0.7032624440738016,0.5402121422521315,0.9935666753513831,1.7756215135642381,0.6288724959780685,1.1579867745076062,0.652492810159135,1.0209672174002253,1.9325595299059826,1.7570008699426731,0.8321355356188249,1.2007759863214602,2.0122103233275004,1.4666216641009062,0.2395808965110278,0.8674174654172865,0.718320114590668,1.2390156883555834,0.7795603129694865,0.75539648152043,0.3682038957294997,0.8355499673186346,2.322209025919303,1.313797072460066,1.241854243496464,1.0575823710396197,1.4956093414402925,1.4253795942631768,0.659179503388726,0.40883337973788053
