영업일자,느티나무 셀프BBQ_1인 수저세트,느티나무 셀프BBQ_BBQ55(단체),"느티나무 셀프BBQ_대여료 30,000원","느티나무 셀프BBQ_대여료 60,000원","느티나무 셀프BBQ_대여료 90,000원","느티나무 셀프BBQ_본삼겹 (단품,실내)",느티나무 셀프BBQ_스프라이트 (단체),느티나무 셀프BBQ_신라면,느티나무 셀프BBQ_쌈야채세트,느티나무 셀프BBQ_쌈장,느티나무 셀프BBQ_육개장 사발면,느티나무 셀프BBQ_일회용 소주컵,느티나무 셀프BBQ_일회용 종이컵,느티나무 셀프BBQ_잔디그늘집 대여료 (12인석),느티나무 셀프BBQ_잔디그늘집 대여료 (6인석),느티나무 셀프BBQ_잔디그늘집 의자 추가,느티나무 셀프BBQ_참이슬 (단체),느티나무 셀프BBQ_친환경 접시 14cm,느티나무 셀프BBQ_친환경 접시 23cm,느티나무 셀프BBQ_카스 병(단체),느티나무 셀프BBQ_콜라 (단체),느티나무 셀프BBQ_햇반,느티나무 셀프BBQ_허브솔트,담하_(단체) 공깃밥,담하_(단체) 생목살 김치전골 2.0,담하_(단체) 은이버섯 갈비탕,담하_(단체) 한우 우거지 국밥,담하_(단체) 황태해장국 3/27까지,담하_(정식) 된장찌개,담하_(정식) 물냉면 ,담하_(정식) 비빔냉면,담하_(후식) 된장찌개,담하_(후식) 물냉면,담하_(후식) 비빔냉면,담하_갑오징어 비빔밥,담하_갱시기,담하_공깃밥,담하_꼬막 비빔밥,담하_느린마을 막걸리,담하_담하 한우 불고기,담하_담하 한우 불고기 정식,담하_더덕 한우 지짐,담하_들깨 양지탕,담하_라면사리,담하_룸 이용료,담하_메밀면 사리,담하_명인안동소주,담하_명태회 비빔냉면,담하_문막 복분자 칵테일,담하_봉평메밀 물냉면,담하_생목살 김치찌개,담하_스프라이트,담하_은이버섯 갈비탕,담하_제로콜라,담하_참이슬,담하_처음처럼,담하_카스,담하_콜라,담하_테라,담하_하동 매실 칵테일,담하_한우 떡갈비 정식,담하_한우 미역국 정식,담하_한우 우거지 국밥,담하_한우 차돌박이 된장찌개,담하_황태해장국,라그로타_AUS (200g),라그로타_G-Charge(3),라그로타_Gls.Sileni,라그로타_Gls.미션 서드,라그로타_Open Food,라그로타_그릴드 비프 샐러드,라그로타_까르보나라,라그로타_모둠 해산물 플래터,라그로타_미션 서드 카베르네 쉬라,라그로타_버섯 크림 리조또,라그로타_빵 추가 (1인),라그로타_스프라이트,라그로타_시저 샐러드 ,라그로타_아메리카노,라그로타_알리오 에 올리오 ,라그로타_양갈비 (4ps),라그로타_자몽리치에이드,라그로타_제로콜라,라그로타_카스,라그로타_콜라,라그로타_하이네켄(생),라그로타_한우 (200g),라그로타_해산물 토마토 리조또,라그로타_해산물 토마토 스튜 파스타,라그로타_해산물 토마토 스파게티,"미라시아_(단체)브런치주중 36,000",미라시아_(오븐) 하와이안 쉬림프 피자,미라시아_(화덕) 불고기 페퍼로니 반반피자,미라시아_BBQ Platter,미라시아_BBQ 고기추가,미라시아_공깃밥,미라시아_글라스와인 (레드),미라시아_레인보우칵테일(알코올),미라시아_미라시아 브런치 (패키지),미라시아_버드와이저(무제한),미라시아_보일링 랍스타 플래터,미라시아_보일링 랍스타 플래터(덜매운맛),미라시아_브런치 2인 패키지 ,미라시아_브런치 4인 패키지 ,미라시아_브런치(대인) 주말,미라시아_브런치(대인) 주중,미라시아_브런치(어린이),미라시아_쉬림프 투움바 파스타,미라시아_스텔라(무제한),미라시아_스프라이트,미라시아_애플망고 에이드,미라시아_얼그레이 하이볼,미라시아_오븐구이 윙과 킬바사소세지,미라시아_유자 하이볼,미라시아_잭 애플 토닉,미라시아_칠리 치즈 프라이,미라시아_코카콜라,미라시아_코카콜라(제로),미라시아_콥 샐러드,미라시아_파스타면 추가(150g),미라시아_핑크레몬에이드,연회장_Cass Beer,연회장_Conference L1,연회장_Conference L2,연회장_Conference L3,연회장_Conference M1,연회장_Conference M8,연회장_Conference M9,연회장_Convention Hall,연회장_Cookie Platter,연회장_Grand Ballroom,연회장_OPUS 2,연회장_Regular Coffee,연회장_골뱅이무침,연회장_공깃밥,연회장_돈목살 김치찌개 (밥포함),연회장_로제 치즈떡볶이,연회장_마라샹궈,연회장_매콤 무뼈닭발&계란찜,연회장_모둠 돈육구이(3인),연회장_삼겹살추가 (200g),연회장_야채추가,연회장_왕갈비치킨,연회장_주먹밥 (2ea),카페테리아_공깃밥(추가),카페테리아_구슬아이스크림,카페테리아_단체식 13000(신),카페테리아_단체식 18000(신),카페테리아_돼지고기 김치찌개,카페테리아_복숭아 아이스티,카페테리아_새우 볶음밥,카페테리아_새우튀김 우동,카페테리아_샷 추가,카페테리아_수제 등심 돈까스,카페테리아_아메리카노(HOT),카페테리아_아메리카노(ICE),카페테리아_약 고추장 돌솥비빔밥,카페테리아_어린이 돈까스,카페테리아_오픈푸드,카페테리아_진사골 설렁탕,카페테리아_짜장면,카페테리아_짜장밥,카페테리아_짬뽕,카페테리아_짬뽕밥,카페테리아_치즈돈까스,카페테리아_카페라떼(HOT),카페테리아_카페라떼(ICE),카페테리아_한상 삼겹구이 정식(2인) 소요시간 약 15~20분,포레스트릿_꼬치어묵,포레스트릿_떡볶이,포레스트릿_복숭아 아이스티,포레스트릿_생수,포레스트릿_스프라이트,포레스트릿_아메리카노(HOT),포레스트릿_아메리카노(ICE),포레스트릿_치즈 핫도그,포레스트릿_카페라떼(HOT),포레스트릿_카페라떼(ICE),포레스트릿_코카콜라,포레스트릿_페스츄리 소시지,화담숲주막_느린마을 막걸리,화담숲주막_단호박 식혜 ,화담숲주막_병천순대,화담숲주막_스프라이트,화담숲주막_참살이 막걸리,화담숲주막_찹쌀식혜,화담숲주막_콜라,화담숲주막_해물파전,화담숲카페_메밀미숫가루,화담숲카페_아메리카노 HOT,화담숲카페_아메리카노 ICE,화담숲카페_카페라떼 ICE,화담숲카페_현미뻥스크림
TEST_00+1일,2.6486282,0.055466324,4.2822027,1.7944382,0.02665022,0.12037912,0.91101074,0.007819325,1.302827,0.05173102,-0.020466536,0.011075288,0.59010255,0.8967639,9.996894,-0.0053565204,0.03680697,0.23359397,0.44145945,1.2501701,0.042651862,-0.0034838617,0.02282086,-0.016616195,0.030679733,0.016370386,-0.02255842,0.06502357,4.384028,2.3513286,2.0472333,1.2528535,1.2307205,0.69577396,-0.014223307,-0.009207219,15.223367,-0.01646182,1.03139,10.265524,8.521726,0.07691768,-0.006072551,0.0010621846,-0.03906849,1.6602958,-0.023980945,2.2324278,-0.006749481,2.0051944,6.240031,0.0024549067,3.670862,-0.0024254024,1.0734005,0.006106049,0.81562066,0.007684976,0.009686738,0.20791402,5.084984,5.8429837,8.802217,5.637108,4.0322337,1.6154046,-0.0014034212,0.1011118,1.4906296,0.09539631,1.3371397,1.7577049,-0.006601125,0.165862,1.8206244,0.2023162,-0.0030278862,1.5092404,0.006375462,1.004929,1.4341046,0.6377759,-0.01987657,0.0065142214,0.5750747,0.81145024,1.1128682,0.025655061,1.3820742,2.6924171,-0.010748893,0.8766395,1.4242896,4.6980333,-0.0019161403,0.011030823,-0.013744444,0.015604645,9.672965,2.5785873,1.0833725,-0.0048131645,2.948179,0.0052086413,122.91282,-0.12360945,21.449175,2.2318847,2.1655722,-0.0012567937,1.4990932,-0.0018377006,1.4892137,0.057635456,-0.011016458,0.15003362,0.032288343,0.21843281,1.6368219,0.048467427,-0.019355923,0.025477141,0.012326986,0.011445314,0.0010022223,0.0034560263,-0.00845179,0.0060278475,0.030880004,0.020831972,0.026107341,-0.01030311,0.036803573,-0.008287162,-0.0038813055,-0.0124388635,-0.007123202,-0.015004903,-0.012169808,-0.012826771,-0.0066809356,-0.015609115,-0.009338707,-0.021036237,3.8624938,-0.015693158,-0.07129076,-0.006866902,4.4289713,-0.020631403,3.6786318,-0.023712963,-0.014767379,6.712465,-0.028635055,-0.03400722,8.161644,3.9095452,-0.007183403,-0.013982803,4.524145,0.1385738,3.3517292,0.2828242,3.467522,-0.031045407,-0.02635482,3.597818,-0.023301572,-0.0011846721,-0.020620555,0.14248362,-0.0049043596,-0.0228993,0.115876585,0.006798893,-0.026759952,-0.021508187,-0.0030138195,0.07829252,13.146471,5.8083596,12.413375,4.709061,13.376332,9.236524,4.136604,34.531315,21.96847,3.710345,19.462852,4.274254,9.202434
TEST_00+2일,0.027305394,21.328424,0.25051394,0.030750424,-0.010143727,0.0029924214,2.4707263,-0.012790173,0.008341342,0.0030353367,-0.028066605,-0.0044502914,0.023542315,-0.0043979585,0.08120456,-0.014910549,11.563064,0.006846577,0.013113409,9.735629,6.7522902,-0.021740586,0.01524213,0.0024118721,0.24289605,2.9932923,-0.009172827,0.08798048,1.8715442,1.3481667,1.0443019,0.05239418,0.33545163,0.006049782,-0.021183938,-0.012665063,7.4284577,-0.025597185,0.07409921,5.0336647,3.1846683,-0.0099971,-0.028285831,0.030034453,-0.03150019,0.0047992766,-0.007953435,1.4979768,-0.014377862,0.495119,3.8439486,-0.0035340488,2.0565302,-0.0102516115,0.010023743,-0.007742256,0.0063252747,-0.009027094,-0.009735912,-0.0016122162,2.2389014,1.4958094,2.1664565,3.3893673,0.63341737,0.025967628,-0.0035132468,-0.002551049,-0.0017828047,-0.0021695793,0.0824565,0.110269696,-0.015344411,0.0018452108,0.20281234,-0.0011489689,-0.00705716,0.06848124,0.0018824637,0.047248274,0.019279271,-0.006551951,-0.0014531314,0.0058126748,0.024302274,0.0012222826,0.0028043091,-0.013269335,0.19861141,0.44914547,-0.106912225,0.1175777,0.35096768,2.516377,-0.015399307,-0.0017336309,-0.011889845,-0.0016954839,8.712662,1.7086124,0.24524,-0.017269284,2.042849,-0.0026637614,0.03520277,57.22499,6.157762,0.81093884,0.8051169,-0.011158913,0.6002474,-0.0107859075,0.395919,-0.0019448698,-0.012804061,0.009443313,-0.011689395,0.0016644299,0.7174771,-0.00350222,-0.02273807,-0.049176306,0.0697234,0.011912316,0.0064282715,0.01855895,0.008030802,0.033332378,1.0371931,3.3765705,0.9988841,0.0033402145,4.176403,-0.021129936,-0.014129847,-0.016468674,-0.013808936,-0.024433345,-0.019072741,-0.019541591,-0.016208619,-0.016602188,-0.016185373,-0.025968999,1.6511911,-0.026067048,0.013241887,5.3000574,2.7067325,-0.019489616,1.7578765,-0.031778187,-0.023205549,3.0621636,-0.026727289,-0.03364709,3.7603486,1.1339388,-0.011979014,-0.028884262,0.18382075,-0.009389132,0.06536868,0.034257084,1.1435604,-0.029866904,-0.02844593,1.7853687,-0.029622465,-0.018317193,-0.020295352,-0.00180915,-0.02023545,-0.023180157,-0.0090352595,-0.007234305,-0.018631905,-0.020792633,0.000993222,-0.0154744685,0.07020393,0.06743148,0.111598164,0.21096674,0.115974575,0.028032213,0.11365929,0.09202263,0.029456526,0.026693493,0.19731131,0.038475424,0.081009656
TEST_00+3일,0.3566405,11.437676,1.0648931,0.07734755,0.033528715,0.048083812,0.26558712,0.07762411,0.4137428,0.056376487,0.0027270615,0.022287875,0.11035541,0.44929412,3.3612525,0.044679433,2.42502,0.055355698,0.08937791,3.2933848,0.94055796,0.034126192,0.060802728,0.019556433,1.8181133,5.6793237,0.01537326,48.143505,1.7396877,0.76330006,0.79053617,0.14346233,0.41674057,0.06737426,0.024518043,0.013159424,7.950747,-0.0048592985,0.07727161,4.697972,3.2382524,0.034267932,-0.0013128221,0.05312088,-0.0041284263,0.08219853,0.023657948,1.3441237,0.02218154,0.6901127,4.1291304,0.040982395,2.3770108,0.027632147,0.035687238,0.038752705,0.05679682,0.03230682,0.028852731,0.035578877,1.236773,0.94444966,1.5599085,2.8644116,0.51735485,0.39162508,0.024694234,0.044284374,0.23223844,0.04732755,0.9770925,1.0962456,0.011910826,0.056963354,1.3955282,0.030154496,0.026984721,0.8226285,0.03461626,1.1389105,0.41386524,0.04266277,0.025368482,0.038486153,0.12292841,0.050931245,0.10743609,0.11094013,1.23917,1.9915314,19.974882,0.0821065,0.67166543,2.173883,0.020873576,0.033596665,0.0059463084,0.04066363,9.002353,1.5885917,0.12440148,0.012077004,2.3135414,0.037703782,0.05623749,34.503666,3.9004264,1.2286427,0.6851771,0.039462358,0.6150936,0.030228764,0.32697907,0.035118014,0.007463962,0.08216944,0.03664115,0.043131858,0.68289447,0.036937505,0.011598498,0.031527072,0.21584132,0.07962838,0.030149966,0.06584671,0.046993405,0.08082464,1.0881155,2.8415668,0.8796637,0.027209014,8.630811,0.033366114,0.032090575,0.034908563,0.041532308,0.010376364,0.033472568,0.036248833,0.030056149,0.025628954,0.033123285,0.011416703,1.3395041,-0.002188176,5.426831,16.73514,2.4436774,0.007763773,1.2365727,-0.0016511381,0.011235267,2.919377,0.0037297308,-0.009473532,3.6536634,1.1606257,0.027160794,0.00892821,0.9825597,0.03741613,1.26286,0.068979055,1.818947,-0.0024305284,0.00047013164,1.8608891,0.00014391541,0.019851476,0.005180031,0.03730324,0.012694329,0.007112652,0.014654428,0.01848355,0.013522536,0.01840344,0.024305731,0.01633349,3.310857,2.1878514,4.1744146,1.6054436,5.127374,3.8388102,2.744898,13.893313,7.798256,2.5846565,10.828511,1.1184723,3.448735
TEST_00+4일,1.8505719,19.363379,1.65483,0.46886662,0.050154477,0.14718416,0.24229601,0.7041576,1.0177023,0.07617405,0.016773611,0.05054179,0.35798576,0.91258,5.5184274,0.07254866,8.434021,0.07526544,0.23150995,8.5098295,1.2743683,0.07190505,0.08277455,0.03255537,4.0312486,6.2516055,0.040382534,35.605762,1.7762014,1.0834155,1.0074507,0.6607963,0.69119775,0.10934797,0.029493958,0.019428283,7.587432,-0.004927844,0.32469323,4.9801726,3.7090683,0.11160019,-0.0044160783,0.09242311,0.014753312,0.40383235,0.037944943,1.6036807,0.037457258,1.0678538,4.5217113,0.064786226,2.6978369,0.041668326,0.39557424,0.049947172,0.09012321,0.04543832,0.041009218,0.050160557,1.4627992,0.95283806,1.5977979,3.0883102,0.9724258,0.9706044,0.04876688,0.286711,1.0474453,0.055027634,1.3653972,1.5832014,0.03909698,0.07059458,1.8518149,0.10564938,0.044765264,1.2657143,0.062333018,1.8247095,1.0118206,0.15347722,0.05221489,0.061700255,0.5246818,0.25151888,0.46728483,0.7089044,1.5161693,2.7580223,30.293608,0.19759658,1.0398946,2.5601947,0.0381141,0.060127407,0.014146119,0.050451905,9.407828,2.027354,0.3153048,0.03436771,2.1545968,0.041720062,0.06658301,26.409756,3.3175137,1.5133213,1.0017055,0.05335644,0.9053538,0.05078104,0.6909772,0.056471974,0.018528849,0.3236877,0.04901436,0.05973068,0.9724523,0.0705252,0.021547467,0.05288902,0.894583,0.58623683,0.050751835,0.43267432,0.081287175,0.61360836,1.3684772,4.084292,1.2030511,0.0461587,7.130669,0.06777015,0.06264725,0.070254594,0.068051845,0.027309924,0.06146136,0.081301,0.05123225,0.042393476,0.072800666,0.026985437,1.6377406,0.002510339,9.138419,40.66438,2.6091719,0.01772806,1.6731026,0.01513043,0.02635637,3.4574366,0.030185968,0.005257398,3.9979188,1.2860929,0.050706297,0.013113767,1.6774589,0.053743392,1.6329123,0.23378411,1.7873509,0.008944422,0.013952762,2.3298898,0.014668375,0.0397636,0.010692388,0.065847665,0.019428879,0.016574413,0.023572713,0.022684842,0.027243644,0.020904452,0.030376464,0.027980477,4.136984,3.013384,4.7013054,2.0233438,5.3686194,4.0752807,2.8270564,13.433745,7.7620873,2.901127,10.108168,2.221519,4.7774854
TEST_00+5일,1.5971617,49.420815,1.8140581,0.49416867,0.037512034,0.07599178,4.4735045,1.0017309,0.74946,0.048044533,0.01692453,0.030613512,0.35186985,1.2415885,5.5647635,0.048329383,26.497015,0.04792282,0.323257,18.95112,15.705612,0.045359045,0.054503947,0.024862915,9.928996,24.10946,0.025313407,16.41246,1.6462295,1.1727928,0.7748604,1.0196564,0.6761929,0.09196159,0.024336725,0.01968643,8.584708,-0.006146401,0.14029613,6.4831657,4.1129975,0.059352487,-0.0046037734,0.055476576,0.014598578,0.58503246,0.0314624,1.7623051,0.031678885,1.1042781,4.6894574,0.051517516,2.6821678,0.027334183,0.53091705,0.032279223,0.032714337,0.039241344,0.029014736,0.03724006,1.7461013,0.8556756,1.7305118,3.7546647,1.0008004,1.0091771,0.030868322,0.14698943,0.9831065,0.039343625,1.0430318,1.360081,0.03495601,0.035903722,1.5513328,0.030892998,0.035365492,1.051748,0.058241874,1.64854,0.97510064,0.09985283,0.03869638,0.048871726,0.25766084,0.19855812,0.37051633,0.8640965,1.2224826,2.820754,47.15441,0.1601974,1.0487369,2.842882,0.021937758,0.0430229,0.014830917,0.02765581,11.982286,2.3406417,0.4001421,0.021725506,2.3618817,0.027910084,0.033447176,37.46062,3.3763716,1.36269,1.215793,0.029539555,0.9052559,0.033903748,0.80143714,0.033560187,0.024092823,0.33203116,0.024505466,0.024600536,0.95128703,0.03126791,0.0120461285,80.93462,0.8281076,1.1931896,0.050445706,0.5986601,0.06730357,0.78526354,1.1909008,5.1682935,1.1493076,0.03757903,47.25371,0.031258315,0.024153918,0.028628856,0.042719334,0.027849644,0.030128151,0.050604314,0.026929468,0.023843735,0.035628647,0.012204558,1.3702251,-0.0074941814,20.853657,72.417564,2.4549658,0.01604423,1.7432725,0.00780496,0.01491496,3.2579787,0.013780981,0.007496208,5.1807494,1.1454129,0.037314147,-0.0047085583,1.5706513,0.037154526,1.5991539,0.44493368,1.510246,-0.004597038,0.008391231,2.4793942,-0.00074258447,0.021936983,0.010380834,0.044017464,0.015488416,0.0077673495,0.0149330795,0.019221872,0.019383878,0.013460726,0.016280085,0.017798334,4.5162673,2.5673385,5.033995,1.7501261,5.233866,3.949825,2.4946005,13.066653,7.608976,2.315642,10.68068,1.9964263,4.409204
TEST_00+6일,1.3956393,41.025143,2.0763853,0.8502966,0.025795132,0.070162326,16.748085,0.34426126,0.7723912,0.05415073,0.009865791,0.026037663,0.8007517,1.7416432,8.100528,0.023436397,30.584784,0.08755925,0.79156744,24.883879,25.046295,-0.0020216405,0.05462411,0.016553432,9.875087,1.2372904,0.012347847,32.25915,2.1682725,1.510762,0.89108944,1.6882561,1.0930846,0.6463729,-0.0021675527,0.019183546,13.023212,-0.026816815,0.32816795,11.064198,5.0891023,0.05972871,-0.012750238,0.056720644,0.0073945224,1.0767362,0.030199736,2.6468136,0.018014401,1.7353567,6.725365,0.04447922,3.3496587,0.020742744,1.0616416,0.026987165,0.10962728,0.024475247,0.018663436,0.030231565,3.3774054,1.0621114,2.3960214,5.1971803,1.4202535,1.4961615,0.032895654,0.14016125,1.3300371,0.028100401,1.0749707,1.4081457,0.029003888,0.025087625,1.6922505,-0.0067093074,0.022473365,1.192086,0.033322006,1.659865,1.1954087,0.21290019,0.04111615,0.037477344,0.64459205,0.33225253,0.8058264,0.71827114,1.2064447,3.463759,35.144306,0.3587875,1.6121707,4.39134,0.023173243,0.025439233,0.009435743,0.024374813,24.76377,3.2951562,0.81848276,0.02136615,2.7523124,0.0048889816,0.030810922,61.916927,4.978123,2.1564302,1.8115542,0.011155337,1.2554979,0.023994476,1.133517,0.049097627,0.016077131,0.6284075,0.12227443,0.057157606,1.3222383,0.02322337,0.00928691,16.193914,0.67152596,1.5164994,-0.034030348,0.44269976,0.035282403,0.8557241,1.0432795,5.018018,1.2047349,0.02205643,23.656439,0.6825218,-0.051537126,0.32882413,0.21857467,0.03244278,0.21318391,2.169169,0.017584473,0.025437385,0.10201815,-0.0016714633,2.1305108,-0.025927931,47.477913,41.803562,3.743115,-0.0069413483,2.96157,0.0031227171,0.0006866157,5.4485335,-0.02937159,0.0043001473,10.401541,1.7301644,0.006188482,-0.027825683,1.6374165,0.013863653,3.393782,0.80064905,2.213755,-0.05943826,0.0028443635,4.2099133,0.0016084611,-0.020463914,-0.006468147,0.16271189,-0.003232807,-0.008213609,-0.044193357,0.0060997903,0.011229843,0.000151366,-0.011146218,0.01105842,2.6739876,1.6339074,3.5831094,1.502375,4.6957936,2.5830722,1.6923234,8.597203,6.078718,1.1129285,11.367248,1.4648997,3.2258034
TEST_00+7일,6.01398,0.031130046,7.447778,4.3047404,0.96385276,0.96455204,0.37654856,1.3645947,1.9941252,0.5807544,0.0014555156,0.11484626,1.3860943,3.3239987,24.32274,1.7554526,0.10512683,0.99760664,1.8454992,1.6825862,0.48849538,0.8088616,0.41609225,-0.018115073,1.4762598,0.0037737787,-0.017600983,18.846949,4.970681,2.6742928,1.8301448,3.001443,1.6227758,1.3297778,-0.0110527575,-0.0074261725,25.409595,-0.02137956,1.2937168,21.933424,9.753516,0.9681573,-0.027759522,0.007087618,-0.02357021,2.7220478,0.0075208843,3.4238307,0.14228526,3.124514,9.242672,0.61186814,4.6394815,0.0186297,2.6510265,0.7568768,1.5256022,0.48188058,0.7855885,0.9280952,7.6966147,4.5867286,8.288513,7.4907675,4.582408,2.470981,0.030727595,0.93495107,2.555339,0.9035492,1.7725359,2.9800115,0.027234167,1.1930621,2.881065,0.69442666,0.03437063,2.0352626,0.026715428,2.4864876,2.1411915,1.1722171,-0.01117,0.021339625,1.4234991,1.7321545,2.1297877,1.337627,1.792465,4.6324058,0.012919933,1.1526356,2.8238988,7.653087,0.64858186,0.5878948,-0.003176242,0.38923356,14.609199,5.482395,1.6384926,0.0455074,4.2120357,0.03960535,88.848526,-0.0029769838,16.576529,3.9706528,3.8591783,0.8450135,2.3296564,0.7724869,1.8581275,1.1414086,0.0054213107,1.0922425,1.3033804,1.0566444,2.5673428,1.1538929,-0.011955291,-0.003273517,0.023501962,0.07493517,0.0056938827,0.019865602,0.0064272583,0.0033098161,0.13417372,0.002096802,0.033341616,-0.0047187507,-0.027865976,2.313051,1.4196595,2.0604222,1.661748,0.6930336,1.6706864,5.0673785,1.3387498,0.38180628,1.9722837,0.035223275,5.126224,-0.021392435,19.598047,0.17420861,6.247464,-0.01810053,5.370326,-0.02181235,-0.0024953187,11.2152,-0.012059778,-0.035657316,9.509509,4.7056413,0.011303037,-0.010801405,6.54106,1.2131891,5.0402107,1.8395168,5.0158095,-0.030463189,-0.028526098,5.927092,-0.022654504,0.96452165,-0.015232712,3.0602105,0.111414045,-0.02789417,3.5796635,0.060928136,-0.01335445,0.25889137,0.47619888,0.79245377,16.333456,8.345218,14.840196,5.8557363,15.312381,11.815431,6.339463,39.60797,31.388683,4.623075,28.060472,6.053645,13.935473
TEST_01+1일,3.2324283,0.049074784,8.09239,3.0617487,0.050141335,1.1470491,0.02353695,1.6903056,1.6012825,0.084890276,0.017908722,0.033685803,0.5839838,0.9821733,14.65656,0.10218011,0.022742212,0.06331098,0.31644177,0.03679411,0.035849467,0.04331708,0.09417386,0.004196793,0.029740661,0.040219516,0.0053037107,0.028674036,5.0273743,3.501332,2.6936572,2.8150468,1.9586531,1.2133508,0.054171145,0.029942065,30.573988,0.01835297,1.4459013,20.07265,11.996343,0.2788717,0.026591957,0.015925765,0.013936818,1.8915914,0.028665349,2.7998886,0.13650578,4.3291826,8.593089,0.6314832,4.2613816,0.02761665,1.8217739,0.6140443,1.189777,0.07314795,0.48001412,0.48485997,9.824361,7.667923,13.368285,8.809991,7.603889,0.3495902,0.02799195,1.3240217,2.5419936,0.025683552,1.5395771,0.023908168,0.09509309,0.024118096,1.8042862,0.08813913,0.017469198,0.74807787,0.021022528,2.067987,1.6520449,0.98608565,0.0699237,0.16075964,0.17041323,0.85800505,1.0834228,0.73002326,1.599176,2.8550284,0.039426416,1.5638151,2.812152,6.993239,0.10357164,0.101750344,0.03287679,0.05658561,27.377813,7.7277017,1.4343438,0.50608534,5.8534327,0.044489905,202.59822,-0.02418083,40.737133,3.4357374,3.0755694,0.06250885,2.6978261,0.037509203,1.8423495,0.035099596,0.03252271,1.094542,2.107128,1.2780626,2.3112738,0.59821796,0.016291708,0.0147559345,0.04408391,0.042676732,0.04043731,0.04813604,0.015965253,0.030752644,0.059203,0.023904637,0.040261388,0.026957199,0.032134086,3.0887551,2.170895,2.4282362,1.5714409,0.029575735,1.4054826,4.8854876,0.255076,0.055384576,2.58779,1.4861377,7.4627113,0.016288787,0.014837056,0.030497089,7.574014,0.018261,6.817974,0.012456328,0.017991796,16.019766,0.009763151,0.0066144466,13.500165,6.787048,0.014650315,0.019936427,10.248499,0.5531417,5.7628245,2.8009133,6.12316,0.0030224025,0.010520667,9.326379,0.0096484125,0.033250704,0.011524439,7.612038,1.5786008,0.0037623942,6.9636083,0.047075525,0.009193361,1.6221262,1.5912606,0.50629884,8.698858,6.414506,10.955222,4.98963,9.504384,12.446742,5.2941957,31.247217,26.804426,0.034748033,24.489336,3.2284214,20.445024
TEST_01+2일,0.662694,0.041614532,2.7333658,0.35589337,0.018098995,0.08087838,-0.0051540434,0.01417461,0.60733545,0.023068994,0.005272776,0.014540583,0.03446801,0.05465418,1.4006939,0.0422616,5.079769,0.02205789,0.03472045,3.7647464,0.48860827,0.017332375,0.041280597,0.009217918,0.021362215,0.03537737,0.012670815,0.05184135,1.0868219,0.102870315,0.11485392,1.5343438,0.88425803,0.3557749,0.010644227,0.024836063,18.876034,0.007868141,0.07851662,13.2622175,2.5410903,0.02710542,3.299117e-05,0.01997915,0.011360556,0.4621133,0.040032238,0.16063973,0.044798464,1.7136927,4.9152856,0.055459574,2.5392013,0.01773052,1.0563679,0.045808747,0.079829425,0.038221464,0.042556226,0.04817924,4.5575175,2.713261,3.9988985,5.0989776,2.2021086,0.21811797,0.021190107,0.45812753,1.3761963,0.0115867555,0.07051438,0.010125428,0.051634327,0.0129163265,0.45452365,0.028996766,0.012450904,0.043228537,0.013718188,0.33036402,0.23959568,0.061545745,0.07761043,0.06023331,0.015833944,0.04537417,0.038084865,0.07644273,0.034386694,1.5711395,0.023050934,0.50281876,0.9252827,2.8924868,0.035199642,0.04301715,0.027441725,0.03848411,16.885813,3.243332,0.2410118,0.08247712,5.8378286,0.023754537,0.08153638,-0.008330613,12.663019,1.4194787,1.3548788,0.028548762,1.0811101,0.025339514,0.45834252,0.024881646,0.021101594,0.15229812,0.16001987,0.051008016,0.3827399,0.094985634,0.012073845,0.013286501,0.040990204,0.028852537,0.032090843,0.04292451,0.02024062,0.030821413,0.03589207,1.379688,0.055386096,0.029512852,0.035395592,0.6655025,0.14266571,0.7130146,0.12616909,0.016674727,0.15028423,1.3113893,0.03952162,0.03701809,0.29276016,0.094317496,2.8306339,0.006588906,0.010020912,0.041899666,3.8925653,0.018331885,2.6567433,0.00365296,0.0065422356,6.814122,0.01016131,0.006201923,8.214528,1.8348187,0.0074127913,0.0072452426,4.6254764,0.07087168,2.1259322,0.4996525,2.8083363,0.00707072,0.0038759708,3.2110944,0.006786853,0.025743335,0.007534176,0.5343305,0.04072903,0.012441933,2.085295,0.037676826,0.018592,0.11067486,0.26002327,0.013762921,0.13952717,0.10312411,0.12833801,0.08034986,0.14586285,0.1132513,0.079331845,0.11928752,0.14328447,0.026859403,0.15012422,0.124961525,0.14051166
TEST_01+3일,0.25038823,0.032457888,2.1099632,0.35777396,0.033452183,0.08309463,0.024725676,0.04763308,0.848109,0.034966767,0.015563339,0.020804435,0.05838445,0.114165604,2.4543097,0.0710412,1.5823852,0.030652106,0.052042127,1.0839945,0.9770421,0.04649976,0.04298033,0.00486061,0.03731802,0.046012223,0.011260271,0.058873683,1.6209909,0.17963554,0.38697812,1.3026909,0.66263294,0.25127125,0.04147169,0.02316621,15.322879,0.004259348,0.0996657,8.562682,3.1812031,0.05122964,0.007626027,0.008792937,0.018995777,0.20989454,0.041094452,0.99281895,0.055012926,1.4483186,4.485024,0.057944387,2.3167722,0.02971077,0.5627649,0.06821442,0.09358665,0.07710552,0.04687944,0.057553425,2.8284223,1.820664,2.6595204,4.470514,1.807299,0.33401138,0.024909735,0.32836837,1.3658465,0.02641955,0.6575391,0.017066032,0.06787199,0.025611863,0.9922613,0.03630787,0.015685081,0.6241598,0.0132581,0.69338894,0.62592846,0.070150256,0.07721008,0.05507222,0.04556629,0.05522293,0.05301389,0.15835798,0.3621926,1.5848969,0.23361894,0.20544577,0.8458123,2.0163805,0.044264346,0.062742546,0.022410244,0.051296115,11.879181,2.6490743,0.10509859,0.08253409,3.9883993,0.03468117,0.06181988,-0.017297596,3.955424,1.241074,0.88787115,0.043505117,0.7971281,0.027769446,0.21246079,0.020216286,0.020731688,0.09361723,0.1324275,0.056830987,0.30106354,0.10528126,0.01636073,0.016092747,0.03185147,0.020049438,0.02513647,0.042201832,0.02109316,0.0275926,0.04015255,1.0968331,0.034104466,0.028599441,0.08884594,0.58631885,0.21467713,0.931826,0.14058734,0.03950222,0.22656724,1.2898468,0.062374726,0.04028596,0.2567902,0.088496596,2.2380526,0.011831731,0.019539863,0.053546727,3.148178,0.030724496,1.7491442,0.006073445,0.01272884,5.4103017,0.018098265,0.01313287,5.555508,1.8898844,0.012656361,0.0199444,3.151728,0.08824679,1.6958127,0.51591253,3.0426729,0.023609549,0.011717707,2.7014942,0.020946264,0.04510115,0.012136072,0.51225996,0.04082313,0.030908138,1.1686423,0.043405488,0.02365221,0.055458516,0.19398156,0.03377354,1.3944296,1.6969391,4.4432683,1.023924,3.7596674,3.670944,1.9648913,16.656961,11.55016,0.053985983,10.23541,0.87595356,6.15711
TEST_01+4일,0.21622811,0.1378375,1.9193264,0.41717017,0.03560409,0.0911102,0.05090022,0.05070439,1.0536724,0.040861577,0.023205161,0.038692087,0.045420676,0.24193284,2.9923742,0.08888507,4.9254813,0.033400804,0.067605704,2.6407917,1.6108145,0.06422165,0.047650695,-0.00038450956,0.043084353,0.055905044,0.01583013,0.18578716,1.4585097,0.5349144,0.8368212,1.480234,0.7722708,0.23943585,0.03627029,0.012384921,14.564932,-0.010149866,0.19627878,8.480703,2.9597313,0.27513248,-0.0075542033,0.0071556866,0.036295444,0.18127373,0.038302988,1.5409782,0.054667056,1.5077554,4.282376,0.06580579,2.5262146,0.034252137,0.9280683,0.06701103,0.23603997,0.095558345,0.037446707,0.060891718,2.6441522,1.5928484,2.2714956,4.2181916,1.7879863,0.5966883,0.04172221,0.7159121,1.6238064,0.027851462,1.0219394,0.015002459,0.086812824,0.022893637,1.3852919,0.049311936,0.016961485,1.1257045,0.016763479,1.1980027,0.78036296,0.1385966,0.09870133,0.05490747,0.045448422,0.08336255,0.10349023,0.3384817,0.7180375,1.9104882,28.399378,0.33479542,1.0162444,2.0500786,0.049756885,0.07943168,0.02022171,0.047370344,10.295002,2.4632878,0.123256505,0.083010405,3.3882945,0.026055068,0.048499435,-0.17231935,2.7972038,1.3452206,0.97573566,0.036524624,0.92838836,0.02724111,0.29424882,0.015324116,0.021351963,0.11124021,0.15260872,0.0555121,0.3119358,0.10607383,0.013405651,0.012184411,0.01926276,0.006217569,0.015755743,0.040652066,0.02642247,0.021745116,0.026838481,1.5465022,0.25262097,0.023030132,0.111599535,0.52207464,0.67879844,1.019292,0.14305398,0.08654907,0.30420125,1.4767554,0.06569883,0.031730056,0.2932646,0.12312016,2.2900681,0.0049519837,0.04591337,0.16758427,3.291189,0.03789696,1.9295787,0.0070354044,0.01599601,5.5014315,0.029233843,0.017332047,5.291503,1.7690504,0.013442069,0.012259811,2.9228704,0.21438321,1.8239344,0.88322306,3.0191886,0.03251204,0.01227352,3.097811,0.03127286,0.05079177,0.0043875575,0.5238155,0.026594251,0.038830787,0.99153674,0.032927632,0.022040099,0.032815337,0.196993,0.03282267,2.0568247,2.0198486,4.889451,1.4177822,4.3404617,4.0568476,2.1248336,15.353551,11.050407,0.3143938,9.658871,1.6571317,6.900248
TEST_01+5일,0.4713455,10.546254,1.8427175,0.32636073,0.039505213,0.08902982,1.1051321,0.046672434,0.79316485,0.051155835,0.039257735,0.054174274,0.04463032,0.6113244,4.7360463,0.10769233,16.237757,0.03949836,0.07141104,9.554675,4.475757,0.06914702,0.053016216,0.012358755,0.05431494,0.050501913,0.030360967,0.524222,0.96730876,0.5165198,0.2789031,1.5517973,0.62658155,0.30531612,0.046586126,0.027704448,18.413216,-0.0008124411,0.14051232,12.271382,2.5297463,0.33396563,-0.0023783147,0.022848576,0.05444184,0.362834,0.049294323,1.6003947,0.062036723,1.653037,3.979511,0.06843349,2.228342,0.03726712,0.8499062,0.06948838,0.14573058,0.15038213,0.039765984,0.064270765,2.8473158,1.2975837,2.1180913,4.172239,1.3035682,1.0431943,0.052092344,0.6028503,1.4305081,0.037849754,0.7195009,0.028295964,0.09707484,0.032614917,1.1968235,0.049217433,0.02402857,1.0796951,0.03014037,1.1474289,0.66047657,0.092579216,0.10950264,0.059248,0.061791033,0.1491184,0.06623551,0.32121167,0.51862216,2.0360196,55.149136,0.20039448,0.7925297,2.3059523,0.046133548,0.09583309,0.032714218,0.04938844,11.914703,2.5040562,0.20006064,0.083713144,2.9017622,0.03052175,0.035555094,2.3412695,2.8257968,1.1636295,1.0591712,0.03388235,0.7133366,0.034108907,0.31443277,0.024008721,0.03874615,0.18816862,0.095693976,0.049725503,0.10935119,0.10682967,0.02402404,0.028957814,0.036233753,0.029644638,0.03854862,0.07048538,0.04339972,0.050468475,0.04725334,3.447493,0.58308697,0.038441688,1.779716,0.44079116,0.3870363,0.5918292,0.101700455,0.08453974,0.21420401,1.2854221,0.050810784,0.03401515,0.1744186,0.10654119,1.6966829,0.0090384185,0.05330971,40.892277,3.1294246,0.04512772,1.7477585,0.014464408,0.024578422,5.318921,0.03945425,0.028274328,6.077323,1.2383623,0.027183324,0.011112899,2.681548,0.08563706,1.5953432,0.38319972,2.1405768,0.036801487,0.018288463,2.8896375,0.038144857,0.058214694,0.026262015,0.18401274,0.029824525,0.056880146,0.94372725,0.04489103,0.03390941,0.03681925,0.10741407,0.052132577,1.5945376,1.672134,4.633387,1.1690638,3.6724288,3.2133296,1.982746,15.154342,9.875654,0.1927801,8.601354,1.1391022,6.3594136
TEST_01+6일,1.8986475,3.194486,4.0602393,2.3551824,0.03106901,0.33672583,0.5657362,1.2844812,1.7153906,0.040581882,0.030112356,0.059554815,0.039049596,2.3582804,17.191694,1.2961904,18.062246,0.041807353,1.1708181,9.5117655,3.9747317,0.09925982,0.044282198,0.009889156,0.042683452,-0.00062039495,0.018110752,23.12543,1.6498585,1.4768181,1.0083169,2.5899975,1.535143,1.2858106,1.0009589,0.024655461,29.313105,-0.0016150475,0.73815763,23.322927,4.115302,1.0044923,-0.012257427,0.014547288,0.047887266,1.6203413,0.045009732,3.2347615,0.07378724,3.2786577,6.917159,0.357917,3.200583,0.02887699,1.4733043,0.7148779,1.039718,1.02209,0.036278397,0.13599283,6.165148,2.0421307,3.741839,6.286012,2.314191,1.7732217,0.06091705,1.0659918,2.257941,0.023991019,1.4171498,0.0234918,0.14077154,0.034170866,2.0081203,1.2558527,0.013809383,1.5982797,0.01840344,2.1779065,1.3548455,0.82240045,0.1980603,0.055279672,0.97087204,1.2775645,0.9872172,1.3486718,1.6237963,3.3440928,68.8261,0.9303322,2.0434806,4.8396883,0.065152645,0.5874896,0.02772513,0.18295497,19.204218,4.2637305,1.0429591,0.14891535,4.2245827,0.015804231,0.031185359,26.156057,9.417766,2.558182,2.6225276,0.24381766,1.8619062,0.033253938,1.2760605,0.020212919,0.043992817,0.97594285,1.4229368,0.8745854,1.5031478,0.49734846,0.014189273,0.024866581,0.035796493,0.029217303,0.046314985,0.05765173,0.035492927,0.058270246,0.04500413,0.8835219,0.055219978,0.04412219,-0.06649414,1.9462615,1.7817553,2.1977797,1.1457103,1.0586145,1.2401664,4.6242685,0.39779904,0.03640744,1.7559679,1.0464339,2.7951295,0.010180086,-0.0036254823,129.14331,4.7408843,0.023742467,3.2417798,0.005132228,0.016557723,10.527885,0.026074767,0.019158095,11.809241,2.3431504,0.013751209,0.00559631,4.8586235,0.08640298,3.3448045,0.9940175,3.7955291,0.012072951,0.0050303936,5.6594787,0.028836519,0.06051123,0.028999954,1.1792433,0.018293113,-0.031549156,1.6392947,0.029908776,0.02988103,0.31026056,0.3917562,0.2579909,4.1012073,2.117569,8.607196,1.8685808,8.165937,4.406675,3.4732761,17.024889,12.825244,0.47804946,16.020529,1.6762997,8.427323
TEST_01+7일,6.001658,0.22025636,9.951241,6.3024325,0.6885927,1.7260691,0.4325693,4.333287,2.811042,0.85095286,1.4578148,0.7733754,1.0289414,2.975919,25.73939,2.0384786,0.112012535,0.97228026,2.1599152,0.06608537,0.02977112,1.4806064,0.43326274,0.014638215,0.02134642,0.015014201,0.015758783,29.003828,5.6272388,4.573341,3.3585422,5.190677,2.6082184,1.9056044,2.3981915,0.021434814,51.111656,0.004109055,1.869824,33.947796,12.718158,1.5044953,-0.008006901,0.0080168545,0.08562526,3.0849168,0.059544176,4.1194777,0.61238563,5.581847,10.633397,1.4289488,5.283754,0.2414538,2.669045,1.3269395,1.7620846,1.4635347,1.6309639,1.432968,12.138361,8.2800865,12.193955,9.755118,7.996802,2.1193354,0.99473655,1.9778757,3.496431,0.051501185,2.3794334,0.16894332,0.9728894,0.09814343,3.3601072,3.025094,0.038386017,1.8682913,0.020225793,3.4858067,2.5304077,1.7991266,1.4535083,0.70685244,1.7559206,2.087728,2.3549745,2.1079578,2.5992014,5.329156,0.0053786933,2.015947,3.859552,9.851784,1.5633348,1.486595,0.044609696,1.0166214,4.6754723,10.233264,1.9481007,1.5531921,6.597147,0.035740644,166.02327,-0.037195534,40.597782,5.7402205,4.458459,1.7961955,3.3767908,1.1841301,2.1748757,0.18601587,1.2376167,1.5858322,3.068315,1.9745424,3.0768673,1.9611791,0.015633494,0.011440247,0.0105216205,0.0043628514,0.01796928,0.015368789,0.015134066,0.014312178,0.0117100775,-0.0005996525,0.015813619,0.014426142,0.042161256,4.60621,5.0859647,4.2634883,2.650726,1.6917478,2.7480018,7.717465,1.8550507,1.5385005,4.530964,2.4040487,7.939756,0.016222686,0.028378397,0.018610686,8.885882,0.020379037,7.474898,0.008669168,0.029151827,23.128012,0.027498513,0.0019436181,17.500847,7.348475,0.025296956,0.020648688,12.483286,1.7659558,6.4606256,2.9020803,8.180237,0.012638539,0.0025666058,12.642296,0.015671998,0.59649765,0.026309699,15.380219,2.7825906,0.7914592,8.467931,1.6106449,0.017878205,2.1448116,2.6201189,2.8344195,14.494713,10.986535,14.323726,8.452584,15.781886,15.538025,9.282605,48.368755,41.47667,0.7123077,44.272697,4.63183,28.455648
TEST_02+1일,3.0153084,0.047647864,3.1646283,2.117751,0.55122197,0.66102564,0.06836918,-0.025162697,2.1797752,0.018022686,0.6038189,0.029804498,1.1893868,2.1630561,16.340326,0.8392935,0.026834637,0.9511807,0.8071735,0.03720978,0.08949438,1.8952159,0.102213115,-0.008317262,0.010382801,0.027110368,-0.0008725226,0.04012993,4.741964,4.4505467,2.4503815,1.7263786,1.3555505,1.0672221,-0.0016870201,2.9753785,12.907457,1.2316712,0.8976207,3.6644003,12.585788,1.51627,-0.009341955,-0.019417465,-0.008270204,0.62953043,-0.012145847,2.5054052,-0.016905665,2.4369676,5.6876235,0.7721211,4.321435,0.22310832,1.324648,0.79660106,0.97660816,0.912534,-0.014648169,0.4344153,5.5315304,12.061793,18.75826,4.971477,9.9404125,0.8648541,0.008361101,1.1707362,1.4134287,-0.010434508,1.2077531,0.0074744225,0.91285026,-0.003912419,2.1250868,1.4285284,-0.0057559013,1.4356261,-0.012807459,2.4515831,1.9668733,1.1123203,0.017976433,-0.03039524,0.61389077,0.009661704,1.471512,1.9220465,2.2126617,2.266412,0.034786254,1.2917829,1.230822,-0.030174404,-0.005785793,0.0019428432,-0.009434432,0.0030150115,6.119256,1.8718582,-0.008634776,0.006290138,1.8328096,-0.017127126,219.48201,-0.20690379,31.585722,1.8739127,2.1223557,1.4516782,1.302558,-0.00946486,1.1493458,-0.024784952,-0.010276645,0.7552341,1.8379892,1.0086067,1.5343021,0.42659584,-0.013264358,0.020031959,0.011143237,0.006200433,0.019905567,0.009046912,0.0073548257,0.007934302,0.029499441,-0.0019502044,0.0181835,0.00837329,0.023946911,0.5903932,-0.00065782666,0.6194167,0.9190296,-0.00056040287,-0.020727485,-0.081626385,-0.022840291,-0.008097947,0.9145429,-0.02195558,3.8484077,-0.0074698627,0.094914585,0.05047658,4.765906,-0.0008356571,5.5612826,-0.013177663,-0.005726069,10.612098,-0.002440244,-0.013437152,10.189335,4.3769817,-0.011725754,0.00010636449,8.20591,0.92891574,5.4030857,2.938471,3.846609,0.0002207458,-0.012227088,6.237334,0.067646354,5.031855,-0.0074523985,12.705926,3.4056194,0.4326292,12.965539,5.0209017,-0.007315278,5.0653005,2.0100968,3.7088208,44.16065,17.947504,53.5416,18.187721,30.779394,32.287224,14.423438,145.80322,55.297047,7.9358306,82.82604,13.226198,53.05706
TEST_02+2일,0.3547562,0.08649656,0.6572076,0.92518234,-0.017967999,-0.018428832,0.04563877,-0.01920861,0.1049768,0.002113551,-0.022772104,0.0050774217,-0.018550307,0.02249667,0.014843315,-0.031779766,-0.09994349,-0.0337027,-0.03240308,0.004777044,0.23980501,0.0010516644,-0.0069445074,0.0010377467,0.04793778,0.05709161,0.01731053,0.037413806,1.8846122,2.2139196,0.524407,1.0645145,0.8300656,0.3161083,-0.004851073,3.4436142,7.086059,3.1300154,0.48712912,2.9316413,4.1882668,1.050475,-0.013271928,0.0025988221,-0.0039814413,0.7766943,-0.004796833,1.2722646,-0.01772374,1.0761036,2.79015,-0.029134601,2.2435842,-0.023157358,0.63098574,0.22437236,0.33289224,0.0787936,-0.010078788,-0.010937542,0.96229196,1.6808293,2.2030754,2.4412115,1.735634,0.6591959,0.0053543746,0.56007004,0.31764862,-0.008521378,0.37401563,0.00058069825,0.0052265525,-0.00069996715,0.80781066,-0.058153003,-0.008294374,0.597105,0.007181525,0.5899519,0.84677017,-0.0031450987,-0.03182736,-0.017535001,-0.028017819,-0.0010461211,0.873147,0.4416,1.0133861,1.1437486,0.052753404,0.89663064,0.6880938,-0.026788384,-0.010417014,0.0053403676,0.005267054,-0.023138255,4.5809946,1.7931968,-0.010421276,9.1314316e-05,3.10281,-0.011368066,-0.09406909,46.285065,3.2137861,0.78937113,1.1639371,0.7460834,0.6499424,-0.004691452,0.8871145,-0.040862232,-0.0070141554,0.23488674,1.1951807,0.28776345,0.8213655,0.001303941,-0.007093519,0.03633216,0.016138315,0.0026008487,0.023440242,0.01600787,0.015897274,0.018826514,-0.009644121,-0.042298257,-0.008343101,0.020993292,0.06575358,0.6148385,-0.020330757,0.37722966,0.7877276,-0.0070145726,-0.033204913,0.58265555,-0.016398191,-0.0008561909,1.0324018,-0.013908714,0.92195296,-0.0009913146,0.08420268,0.108338386,1.5297034,0.01532349,1.9782141,-0.009813845,-0.0054475367,2.7345536,0.0080034435,-0.0015415549,3.8107655,0.9357754,-0.0011005104,0.0021240413,0.65890765,-0.045375794,1.0769255,1.2839481,1.4231888,0.016649961,-0.010694444,1.611428,1.1906958,0.4703698,0.000973016,-0.05466631,0.7202488,-0.0005598366,-0.20696029,1.126228,0.016611665,0.03581959,1.1872319,-0.040276498,0.08653858,0.034006745,-0.027582973,0.019031197,0.090660244,0.00594905,-0.05022034,0.03566733,0.021596462,1.0954837,0.0032315552,0.02494803,-0.029307336
TEST_02+3일,0.28883412,0.057844818,0.3196309,0.66326463,0.092532784,0.09573689,0.0873293,0.019173533,0.48532012,0.057038695,0.11488941,0.033362657,0.18988398,0.42480943,0.16326955,0.11423507,0.05365345,0.07061878,0.10108033,0.0591017,0.18794844,0.11847201,0.065576464,0.013331324,0.076189905,0.1359972,0.03515449,0.060002387,1.2910882,0.8544668,0.3920553,0.6518911,0.73221207,0.38366178,0.015586644,1.4155205,6.0791354,2.0975358,0.4325023,0.6978452,1.555416,0.87217927,0.014321357,0.012759,0.020496279,0.65993047,0.051977307,1.1146995,0.02390793,1.1091901,2.1237442,0.049192816,1.615754,0.052542716,0.23539677,0.17041972,0.24470428,0.18556193,0.060884863,0.0690445,0.24100152,0.5982126,0.336072,1.5121393,0.6729512,0.5963048,0.037290484,0.44571295,0.24003562,0.02777329,0.50167334,0.015601665,0.06821415,0.044373423,1.1734996,0.15004203,0.031557113,0.9265702,0.03246048,1.034704,0.8583832,0.10376766,0.08603993,0.029137403,0.08234647,0.09836158,0.7987248,0.75610685,1.557026,1.3548915,2.4910767,0.5309032,0.79809105,0.07060352,0.050714284,0.0694069,0.05455163,0.074656874,1.6241022,0.74720514,0.02627936,0.013040692,1.1613318,0.022047788,0.02068898,29.853777,0.27634683,0.97870195,0.74988675,0.74823296,0.7056478,0.054181963,0.70381856,0.06837502,0.04662314,0.35469952,0.6699897,0.30240908,0.56650686,0.12851039,0.036087662,0.08485374,0.031028897,0.015711576,0.032189637,0.03453806,0.03188184,0.032895237,0.03259626,0.017786413,0.04560879,0.043203384,0.09642053,0.6143061,0.11329773,0.8114022,0.9301933,0.012380987,0.10270658,1.0530534,0.06161216,0.06070414,1.2059329,0.038168818,0.73611915,0.026047021,0.061170667,0.055523634,1.4565232,0.048416287,1.2146132,0.009788305,0.018869191,1.4405812,0.035519272,0.017837197,1.848095,0.79467,0.017955929,0.030140549,0.24291411,0.12213662,0.8936497,0.94719076,0.55775917,0.04110697,0.016572863,0.95219076,0.1136736,0.16268054,0.02140215,0.17072651,0.72060466,0.06604591,0.056772858,0.09760156,0.049131185,0.12597671,0.43318912,0.10684934,1.739499,0.37376216,4.542208,0.16748193,6.0549235,0.3702313,0.7102848,58.67814,1.2692882,2.6799338,3.9319072,0.13673988,0.3475254
TEST_02+4일,0.48479488,0.024851114,0.9313258,1.4686431,0.07710329,0.092603594,0.04974118,0.014095217,0.9039351,0.048575908,0.10749331,0.045081645,0.44340602,0.68269765,1.4839529,0.09348598,0.014558703,0.19486514,0.08506289,0.02318737,0.16527286,0.1210933,0.071193606,0.016365916,0.058477312,0.10579839,0.049557835,0.050358564,2.6558187,1.5078152,0.72419393,1.3367888,1.1549741,0.61207545,0.0038786232,1.0545853,15.372888,0.75264204,0.7043574,1.3330015,3.3728542,1.2821821,-0.01354453,0.032254726,0.027827173,0.98710835,0.06399837,1.7105101,0.026455909,1.7001289,4.8003597,0.071697384,2.3164065,0.04884687,0.7875501,0.31857482,0.83691275,0.34762767,0.06010309,0.056440502,1.9843303,1.0534801,0.77308846,2.5994656,1.4098674,0.9677235,0.06422606,0.8632667,1.1870462,0.023989826,0.50433064,-0.002675265,0.093114644,0.037092835,1.5576576,0.92854047,0.04050389,1.2293924,0.054063827,1.9084042,1.3162799,0.42585006,0.12042037,0.04377809,0.16361406,0.2419757,1.4430027,1.382658,1.5715796,2.1228814,0.048401266,0.8466543,1.199856,0.052175432,0.06312111,0.09558907,0.065217406,0.08953491,1.8711971,0.8754586,0.007960111,0.012099057,2.4328988,0.017624408,-0.23290476,25.735107,0.30961123,1.7216159,1.2121927,0.7568649,0.97935724,0.06625345,1.127356,0.09910408,0.0772852,0.69915915,1.4369297,0.7268373,0.75853145,0.17987838,0.04104355,0.08425048,0.030018836,0.006229311,0.0265899,0.037158042,0.038713127,0.024013072,0.029304534,0.0086559355,0.036447436,0.057053715,0.054889828,0.45928827,0.2573432,0.42301622,1.0697092,0.011615068,0.21815315,0.7909404,0.064846545,0.06920341,1.0373203,0.04331556,1.5485181,0.01595512,0.06596187,0.019403726,3.1364682,0.035829693,2.7041018,0.011576682,0.016329914,4.137001,0.047422558,0.037222058,3.9726238,1.64932,0.01913336,0.013359457,1.4360443,0.12986746,1.6520387,1.247784,2.1463249,0.03755513,0.019750863,1.8035628,0.13673106,0.50517666,0.0045880377,0.19151917,0.10923436,0.07140604,0.1619437,0.19776979,0.038090855,0.026211053,0.16655889,0.18520394,1.8907467,1.4227904,2.1914456,0.5406053,6.116355,0.13547531,1.4240175,23.149553,1.2349464,2.0204659,0.87857974,0.088525444,0.3095539
TEST_02+5일,3.5105233,0.020404428,7.896107,6.189035,0.22749951,0.82591283,0.028581172,0.0036425889,2.978869,0.1375635,1.0429028,0.075838834,1.5971196,2.756775,30.366434,1.2150861,-0.002402395,0.9628372,1.5012658,-0.0061736405,0.056289285,1.2326599,0.2796748,0.009225398,0.03954807,0.059996992,0.045886546,-0.01075688,6.9129796,4.8309846,1.839567,4.30635,2.463154,1.6438845,-0.0016430318,3.7735353,61.552937,5.166053,1.3142626,58.30174,18.23438,2.2467763,-0.020982355,0.03461042,0.03146735,1.9495981,0.061296135,3.6539614,0.03828183,3.7403839,17.369047,0.68527114,4.0928354,0.07158187,2.2791586,1.1350049,1.5366533,1.2514114,0.79411757,0.0896025,12.319781,5.619535,9.6494665,12.980352,9.458868,2.038208,0.092974335,1.4618918,2.131753,0.030884534,1.3614682,-0.0117562115,0.59872305,0.04981616,2.8384593,3.4103546,0.04657331,1.9875722,0.076099664,4.191859,2.6308951,1.2398953,0.11838308,0.048300415,1.4488367,1.063943,2.672115,2.5368388,2.6966026,4.1806355,0.0031711757,1.772115,3.190132,-0.0018274486,0.07052961,0.09098831,0.055939585,0.693702,10.8155365,5.016703,0.007645756,0.010304481,4.40039,0.021195918,217.81691,35.66676,26.381655,4.9580064,3.3267481,2.2564244,2.1352158,0.05614689,1.7549739,0.13925424,0.09712425,1.0388709,3.2837908,1.6987027,1.696689,1.3469428,0.019377142,0.017138511,0.03360918,0.015270382,0.032050997,0.042583376,0.04147342,0.021478087,0.02954939,-0.012214631,0.038119823,0.041868597,0.032197326,2.920811,2.4544961,3.2973044,2.720433,-0.0024757087,1.7149746,4.500586,0.11888257,0.05766037,3.8101075,0.031161338,4.562961,0.0046295226,0.03324929,-0.11328241,8.981621,0.023006946,8.962716,0.0030955374,0.00507918,26.458616,0.039782196,0.035949737,20.293407,5.74425,0.0107087195,-0.008744925,14.782993,0.9847082,9.023583,3.4087782,9.689652,0.018490702,0.013321668,13.315906,0.091704756,4.658772,0.0030101836,13.504446,2.722574,0.06055692,5.795504,1.5967203,0.022909194,2.8297162,2.7216065,2.4984848,43.219437,21.39192,45.94388,12.58934,20.711178,29.498003,24.569845,162.41988,60.120846,4.587384,100.491844,12.667979,38.946186
TEST_02+6일,10.595199,0.030835003,14.188952,9.217537,1.53742,2.172022,0.016007155,-0.010908097,6.0904965,0.77549374,2.942755,0.3261899,2.4829261,6.595792,62.068497,2.9241757,0.013737351,1.5546317,2.6749783,0.01769355,0.043703765,3.2921343,1.0641364,0.0032249987,0.029567748,0.029452592,0.03771928,-0.039888114,10.29418,7.882906,4.378928,7.7103333,3.6982384,2.745451,-0.009584159,5.5860457,88.20646,9.651904,1.9653391,76.357994,29.702284,3.0600107,-0.027136296,0.025072128,0.0454233,3.085087,0.052520066,6.1047153,0.04780832,6.5972533,23.93373,1.4291087,8.251409,0.20324603,3.9195836,1.6638042,2.0587068,1.7284563,1.9465725,0.35546413,16.016233,14.902546,24.315115,23.171791,16.914192,2.6458187,0.44560567,2.0281808,3.4531114,0.027205378,1.9311925,-0.015005916,1.5862545,0.31382146,5.437925,5.8739038,0.042209417,3.2189925,0.0667322,7.839885,4.5493064,1.9261905,0.6191485,0.071168214,2.6020508,2.1416826,3.865391,4.2940416,4.5649037,7.321003,0.0042827427,2.409413,5.890655,0.4641054,0.73227704,0.05595544,0.040977508,1.292921,20.945166,8.971581,0.0023218691,0.0015576184,3.7428455,0.021603972,218.46025,22.451902,46.05663,8.153467,7.117279,4.0639234,3.7590065,0.036459357,2.3233416,0.18892351,0.22236636,1.3688768,3.9195504,2.2720375,3.4414265,2.5674798,-0.0028656423,3.0010939e-05,0.03331223,0.017726213,0.03760317,0.03777793,0.033863932,0.02523759,0.031877667,0.011046678,0.037294537,0.035825998,0.0047698915,5.6555343,5.327913,7.287555,3.7588239,-0.009037465,3.0599911,9.598582,0.58306193,0.026991278,6.8923573,0.015569955,10.912431,0.007485062,-0.26108226,-0.37322184,16.07908,-0.00053307414,12.607429,-0.004812449,-0.0047408044,48.804127,0.015878707,0.015140802,37.886143,10.353631,-0.0030327737,-0.017837018,23.304026,2.3887742,12.807843,5.90337,17.328772,0.0017526448,-0.0030569732,22.25258,0.6399536,8.978735,0.0055619776,23.093973,6.227672,6.496089,24.129066,6.627177,0.006729156,6.560623,5.1154866,5.520592,80.789894,55.279182,109.14968,34.921223,60.39862,85.528885,56.212208,218.43208,114.71454,21.50361,182.89122,36.10725,118.62525
TEST_02+7일,10.47734,0.01840493,13.040717,7.8932934,3.4003916,3.052704,0.009382397,2.7093284,5.5070634,1.4797248,4.66304,0.94515026,3.0062788,6.150887,46.207516,3.3881319,-0.0039785802,2.204574,2.8643823,-0.00731346,0.0066931546,5.024053,1.4041592,0.018653303,0.0054095685,0.010486275,0.04924479,-0.0019178092,8.503647,6.3181605,4.876704,6.5305696,3.3676631,2.8823855,0.23419967,4.6034207,53.972412,6.501986,2.5085301,41.33955,24.477503,2.9499762,-0.014918536,0.0043214858,0.28273764,2.849614,0.17105499,5.751917,0.32174614,5.7141776,12.60258,1.9338552,6.7973285,1.1552218,3.6363077,1.9022838,2.163191,1.9612488,2.106276,1.572244,14.870513,14.363273,23.311872,13.299124,14.295436,2.884389,1.030702,2.321884,2.832786,0.054059774,1.9684342,0.0068024695,2.273898,1.5768019,5.0070686,5.7151637,0.3665003,3.0657659,0.047869354,6.784886,5.0043926,2.5143616,2.0571942,0.27822188,2.775797,2.728554,3.4184918,4.5227957,4.218951,6.0895634,-0.0033235252,2.549821,5.437824,2.6303217,1.5411581,0.097020775,0.037516266,1.3486856,6.7082057,5.958076,0.038213044,0.020237356,2.539189,0.07481077,219.77292,-0.025215238,40.23494,6.672583,6.6979012,4.003873,3.3044655,0.065787464,2.4675548,0.67233086,0.62022924,1.536409,3.958811,2.2393677,3.2675836,2.4328527,0.0041680634,0.001330167,0.01642266,0.009544045,0.016495496,0.0042717755,0.017636567,0.0015884936,0.008818895,-0.005797118,0.0056519806,0.016814262,-0.009042233,5.0591807,3.8894386,4.894012,3.3128223,0.04607001,3.0641325,6.460036,0.432892,0.039539248,5.652777,0.0315893,9.081853,0.02783814,-0.040988415,0.018739253,10.378792,0.015069157,11.509865,0.0018669665,0.018297225,31.434036,0.030972272,0.003556043,22.400244,10.504071,0.015437275,0.010343224,16.754446,2.5388606,9.406378,4.85312,8.58639,0.00494197,0.0003450215,17.137337,0.23046544,11.729486,0.017425448,29.359974,6.491437,9.161021,28.878012,8.505203,0.011112958,7.949126,6.354746,7.805406,58.588127,37.700443,84.276085,36.081654,45.717213,58.7469,34.31438,216.47551,100.42837,17.177446,142.03072,28.588684,108.37548
TEST_03+1일,7.3609695,0.052557677,9.304192,3.7115698,0.07741013,1.8253583,5.12126,0.012771755,4.5942335,0.1651229,0.044914633,0.013476044,1.1434454,4.2055116,19.552462,0.2733287,0.14507928,0.27762285,0.51670253,1.1418504,0.11890438,0.014655739,0.047150046,0.064638644,0.02171442,0.033493668,0.12817112,44.97497,15.371013,7.7554617,9.302383,4.5998206,2.1731522,1.3860527,-0.028881878,6.110725,63.134438,9.1765375,1.2314775,37.527863,29.719587,0.5820085,-0.034845203,-0.017887682,0.021797568,1.3516134,-0.020290703,2.504196,0.033240706,2.9748437,15.8372755,1.1204783,6.7778316,0.034234077,4.11046,1.3477429,1.6440889,0.40330163,0.20622459,0.021028906,12.230515,15.205665,26.091406,16.602228,15.497592,3.3360522,0.017105967,1.6292169,3.377948,0.32488146,3.1776593,-0.022967666,1.2101432,0.038318783,6.045634,1.0119919,0.04076782,3.4842207,0.010327607,5.960804,4.0883183,1.6021056,0.038659006,0.20630684,1.689526,0.7061051,2.994575,2.8360364,5.5276437,7.5071535,0.06367561,2.077094,5.1313367,9.223069,0.043647677,1.2834374,-0.013129562,0.85613036,21.954445,7.1715946,2.248523,1.3363651,7.4219136,-0.01753959,216.22287,0.18081895,42.43403,6.4375668,2.628143,0.05531326,4.0495987,0.062704474,1.7365378,0.39811388,1.1691247,1.2034199,0.8184587,1.4097053,4.674907,1.3875383,0.04723206,0.08057788,0.040327936,-0.007992834,-0.008337349,-0.0017620027,-0.014223427,-0.017928332,0.0072542727,0.098640114,0.045633703,-0.005736083,0.0048522055,0.016104132,0.14195672,0.025812417,0.0283629,0.02141133,0.17942849,0.013551027,0.07391134,0.38853303,0.026417285,0.1298224,12.435039,-0.017577976,0.59540415,0.13574073,15.414349,-0.029174894,12.830473,-0.041914314,-0.019741625,35.23803,-0.016739935,-0.029509395,42.782925,12.266822,-0.024875253,-0.024668545,17.617592,2.4587197,10.1544485,5.3214154,14.281618,-0.03213224,-0.020754427,16.782547,17.205624,16.5469,-0.029573053,22.66726,1.8726376,16.676552,31.083746,27.38256,11.774699,5.3248186,3.469278,9.754701,153.3152,89.3477,153.45511,50.920406,110.81223,159.0804,102.432,223.78122,138.4806,95.46607,130.941,27.502657,168.61812
TEST_03+2일,0.02618733,-0.08760771,0.22886196,0.0033871233,-0.0052631795,0.03171435,13.308064,-0.0025788248,0.14932314,-0.0007453859,-0.0014882982,-0.016815513,-0.008842558,0.3418242,3.324916,-0.009815782,35.361576,-0.0027881563,-0.014379352,23.004288,0.06443682,-0.031642288,-0.017722934,0.08477369,0.056028992,0.054831415,0.16851774,0.34059873,16.579273,5.5017276,7.835525,3.2830045,0.5052496,0.39088407,-0.043129534,4.9145055,46.471977,6.4454155,0.873078,23.365408,24.882345,0.10917321,-0.04194674,-0.013822883,-0.016681045,0.07150689,-0.019338697,2.0604007,-0.023342937,1.5877985,12.239884,0.07289687,4.9587135,-0.022933096,2.264282,0.0076262057,0.73096526,0.011721045,-0.015250057,-0.01092419,5.903497,11.318935,18.965433,17.591795,14.30218,0.19217959,-0.016290277,0.33602992,0.44681612,0.049163252,0.2350525,-0.040872425,0.05796972,-0.021752685,0.99919975,0.00410977,-0.028763145,0.94374144,0.0071255267,0.38611642,0.50381315,0.21534267,0.05745998,0.023917109,0.063224226,0.01042524,0.5078877,0.17883816,1.9242455,0.20603672,11.139782,0.9744538,3.624737,6.135077,-0.02485308,0.02374807,-0.021167368,0.05499521,22.078108,3.8228755,1.2519063,0.12423244,9.623591,-0.029245704,-0.076036304,164.56203,29.610344,3.5718153,0.49756256,-0.020375341,2.7408745,-0.021941513,0.25213066,0.011277109,0.08297005,-0.0076604784,0.1297361,0.023794323,2.9102507,0.06787601,-0.022251457,-0.0016590059,0.06645647,0.002977997,0.014716774,0.013905436,-0.0103803575,0.0054475367,0.26762596,0.53234184,0.08755556,0.01268068,0.1355671,-0.023454756,0.0015601218,-0.0094200075,-0.019528002,-0.017653793,-0.0050807893,-0.018737644,-0.016703218,-0.0042537153,-0.016600221,-0.02080068,6.139696,-0.017347187,-0.03588423,153.14082,8.519267,-0.034761757,7.461624,-0.03127083,-0.040937275,24.706835,-0.013303846,-0.031888336,34.367863,3.9403946,-0.027557224,-0.028980583,9.150615,0.05254498,7.1502233,3.2618968,8.273655,-0.027821153,-0.04238853,11.067519,3.7913096,1.3094212,-0.024218172,4.293448,0.03351322,2.2952044,1.0430342,3.5183647,2.568757,0.09962621,0.18541399,0.19062272,143.07693,84.08404,151.50276,38.13373,100.36603,163.463,99.20705,223.33919,143.0646,107.3105,157.83434,20.655895,165.42882
TEST_03+3일,0.11990896,0.08871046,1.7514564,0.02780357,-0.005494207,0.061668783,6.9417415,0.011030585,1.3502799,0.01178661,0.006137997,-0.009915441,0.0014537871,1.7843426,6.5925655,-0.0077854097,0.49373642,0.005158335,-0.014288515,3.280289,0.27341142,-0.02076158,-0.0055747926,0.09747186,0.07989326,0.07544461,0.17433253,31.28222,13.4897785,3.8686652,5.156543,3.4865897,0.5002059,0.17207375,-0.03918323,3.7344635,38.432888,6.589723,0.7609118,21.412859,17.864119,0.32388154,-0.044731945,-0.008879989,-0.0043388307,0.20119634,-0.007836908,1.9100171,-0.0130625665,1.6427988,11.751003,0.06080714,4.7012095,-0.014223903,2.283891,0.06770483,1.0520178,0.04100004,0.0017026961,-1.9401312e-05,3.578866,8.265488,13.406728,14.491429,10.495133,0.9702898,-0.009481519,1.2400419,2.1406329,0.124584824,1.9841169,-0.03983125,0.076357275,-0.0074718893,4.064672,0.022888094,-0.015925974,2.2902324,0.027893692,3.6663883,2.033679,0.6056496,0.06045547,0.021256596,0.48787728,0.035983473,1.5313808,1.7660223,3.3404734,4.692757,81.34079,0.70865333,2.9910524,4.630843,-0.022272676,0.017511278,-0.011390775,0.04913655,16.542738,2.882959,1.0008925,0.09407559,7.3477974,-0.015029281,-0.04954633,120.55184,14.817871,2.9239573,1.1916982,-0.014165491,2.2694917,-0.016380876,0.15392008,0.033790737,0.061650187,0.006442696,0.15107003,0.041063458,2.8691113,0.09147444,-0.0146707,0.10221663,0.075556904,0.003621012,0.02046147,0.0128315985,-0.0008085668,0.0031205714,0.0467259,0.51262486,0.107296616,0.021531016,0.6073581,-0.02338633,0.010068566,0.0046049654,-0.020096153,-0.013181776,0.00926581,-0.012730926,-0.0043593347,0.0059200823,-0.018215507,-0.008545011,6.1491857,-0.017799467,101.30024,130.3048,8.07801,-0.03160295,5.725105,-0.027546495,-0.02036199,22.267183,-0.010664314,-0.02719459,28.931616,2.6726031,-0.016279072,-0.020183176,8.658254,0.08140436,5.738853,3.2376654,7.6161275,-0.02810821,-0.033047765,9.764647,3.3777401,1.0261644,-0.022517532,3.771074,-0.00272426,3.4036672,4.489901,4.070642,1.5156776,0.05362764,0.10164538,1.0956029,127.79448,64.26881,131.22798,28.648218,89.95059,126.03033,73.04559,223.42323,119.09299,100.421196,115.52444,18.99476,114.49366
TEST_03+4일,0.17322746,18.481348,2.267688,0.018803746,-0.018809885,0.05680886,12.755942,-0.014022678,2.01454,0.005688101,-0.0049344003,0.0016151965,-0.018551677,1.8218185,6.8968577,-0.024988502,41.145733,-0.004869789,-0.014504999,25.013151,14.042923,-0.026498646,-0.0073934495,0.091092974,-0.14743671,0.044005543,0.12935796,2.75897,9.945496,3.589042,3.6281323,3.9326375,0.6954185,0.632985,-0.05388221,2.9075222,35.190945,6.4856424,1.2864813,24.91207,15.838189,0.86712015,-0.06059012,0.008654505,-0.006866306,0.9277493,-0.0064364374,2.3235247,-0.03121242,1.789781,9.619407,0.06822792,4.5115047,-0.02721724,2.481487,0.077352196,1.2367152,0.18277135,0.0028282702,-0.00633654,3.5621352,6.2064967,11.215745,13.233647,7.885485,1.0704714,-0.0017515123,1.430708,2.3408825,0.2311925,2.0554173,-0.051066965,0.06238833,-0.020437807,3.765221,0.06306353,-0.02562961,2.22424,0.046178967,3.9741366,2.0222764,0.8657621,0.08412567,-0.0040198267,0.91950667,0.18199626,1.7443563,2.0295935,3.0492969,5.0476594,21.634254,0.81340873,2.7774687,4.556268,-0.025676578,-0.009506553,-0.016723484,0.029108673,20.987577,2.6691055,1.0939275,0.07399574,6.339365,-0.03373298,-0.022874683,80.98039,11.356512,2.996319,1.463158,-0.03288278,2.0612886,-0.02721557,0.10320702,0.057094723,0.026277691,0.0039893687,0.11240783,0.029518515,2.7286556,0.060720593,-0.027341932,0.075102,0.91461194,0.39696994,0.111037165,0.112126976,0.0141917765,0.06650105,1.6392823,6.1059537,1.7456981,0.12267676,-0.25026378,-0.049657673,-0.004304737,-0.01939258,-0.039672226,-0.028872102,-0.011447281,-0.040510267,-0.018790334,-0.009995073,-0.04076609,-0.027871937,5.104717,-0.01796946,75.51197,106.90986,7.521961,-0.03693518,5.4712276,-0.02381906,-0.027904838,21.090265,0.009530693,-0.016101211,25.813908,2.4143639,-0.019783825,-0.032638878,7.766126,0.12177816,5.6517234,3.2270837,5.5323124,-0.038086504,-0.037256807,9.62319,2.1297617,0.832935,-0.027378887,2.5040774,-0.040685028,2.2533472,5.5443416,1.9340793,0.9197968,0.00030484796,0.033911616,0.79997814,128.48969,60.496487,129.05882,24.735903,87.454185,112.88708,67.092766,224.04799,116.774574,95.98678,115.31965,18.706018,105.37072
TEST_03+5일,0.31158265,58.805813,2.881467,0.027418524,-0.022590429,0.048279464,10.788569,-0.017660469,1.6684979,0.013244629,0.0030256808,-8.496642e-05,-0.011646599,1.6673206,8.0876665,-0.017687857,73.799095,0.0017726719,-0.0027286708,52.274883,9.483466,-0.013816386,0.001044184,0.03715667,-0.06676361,-0.010397226,0.025620699,21.676432,13.406604,5.3080735,5.6125674,4.99598,0.5532923,0.86101484,-0.022751272,3.51575,33.58736,7.488545,1.5363587,29.782797,23.8203,1.0558236,-0.0409756,-0.012539059,0.007948905,1.7489642,-0.005300075,2.6410263,-0.012647063,2.1243174,12.154717,0.05040726,6.028819,-0.022225767,2.861243,0.08047806,1.2231213,0.07321876,0.021178156,0.004713744,6.0396,9.16632,13.651374,18.320004,11.119567,1.3054526,-0.019885153,1.738484,2.9596071,0.2592472,2.536113,-0.033489674,0.049767435,-0.007900983,4.6715226,0.0029421747,0.0014117658,2.56753,0.04729131,4.8287663,2.5509691,1.045198,0.03341931,-0.00021466613,0.5160372,0.17376208,1.8538202,2.9013786,3.825287,6.15268,-0.60706246,1.3143816,3.066682,7.366655,-0.009138584,-0.0060747564,-0.0007905662,0.011406094,24.526276,3.3147,1.3098419,0.04932913,7.3321805,0.001036197,-0.072814256,79.52354,13.226473,3.5343664,1.5620077,-0.00041550398,2.6260765,-0.011510521,0.3809427,0.068297476,0.026243776,0.031112581,0.053026527,0.037334353,2.7962844,0.027386367,-0.0111989975,-0.25105795,1.7330345,0.7339436,0.14272198,0.25453377,0.00999108,0.021447152,1.5451354,7.53504,1.3157037,0.0932447,-0.2783514,-0.04078135,-0.005579263,-0.022982359,-0.015404433,-0.029070973,0.005765319,-0.051585644,-0.016200125,-0.014340997,-0.039875,-0.007304311,6.2783127,0.015570372,100.175606,179.15605,8.819552,-0.039957732,6.9870563,-0.026455313,-0.025374442,21.957153,-0.027661115,-0.023564428,30.64509,3.3577454,-0.021873027,-0.013016701,8.968798,0.16661397,7.307116,4.232587,6.8946633,-0.07141784,-0.04110709,11.569018,2.4358175,0.7199843,-0.0028733313,2.6857789,-0.033808738,3.064871,8.669091,2.3108633,1.8634706,0.13160744,0.16012451,0.7742286,142.34204,68.33187,144.35796,40.34534,94.25593,132.95375,78.92019,223.1132,132.83365,110.89561,140.48604,25.042498,131.34904
TEST_03+6일,6.066685,-0.4271401,7.9207497,3.824224,-0.052497238,0.4881138,18.313982,-0.048108667,3.1325963,-0.036951393,-0.04077086,-0.04470858,0.22698322,3.5358765,12.339346,0.09510937,58.835346,-0.03823456,0.0071281493,43.97915,14.036284,-0.068905205,-0.056176275,-0.030715317,-0.06300196,-0.047337145,-0.0022638738,82.37551,13.865106,5.2714,5.6490436,6.7076926,1.7402672,1.7916166,-0.114795774,4.0552125,51.433205,9.538495,1.5671617,41.011692,22.948427,0.9921166,-0.101144165,-0.09354457,-0.059382528,2.597508,-0.053925127,3.5327747,-0.069883436,3.146705,16.62807,0.0065912306,7.812778,-0.07701525,4.2227807,0.97985256,1.6390857,0.8755156,0.6816009,-0.036898464,9.096789,10.898225,17.63808,19.740114,13.610183,2.6192098,-0.073414415,1.6692909,4.0475826,0.61513674,2.8977137,-0.10591659,0.15197507,-0.06686339,5.904919,0.40577403,-0.052653402,3.2049174,-0.012274593,5.493185,3.1612318,1.4817058,0.44439378,0.007846981,1.8270866,1.286158,2.756395,3.4815538,4.712658,7.771912,45.62534,1.5737637,4.7384396,10.248694,0.05221954,0.8414501,-0.07811436,0.22643843,30.29701,7.0128236,1.9806291,0.8288008,8.317111,-0.09862384,-0.14081678,90.89351,20.810349,5.4454646,3.8115962,0.29641214,3.2787192,-0.0048600137,1.3648959,0.5723332,0.71643746,0.684229,1.7127653,1.0368506,4.1773496,0.59060204,-0.06468448,-0.071529716,1.1151029,0.28415313,0.014407307,0.45920768,-0.054208368,-0.041774362,0.6204556,5.759998,0.1475958,-0.028589576,17.172834,4.0601687,3.0515358,5.683455,1.9928845,1.4899141,2.874615,8.770337,1.1062778,1.5486866,4.244141,1.2966708,9.284059,-0.06283745,115.662544,120.05257,12.721465,-0.112778276,9.345281,-0.086357445,-0.09771523,27.133005,-0.07745752,-0.082359165,33.57133,7.1331477,-0.095724195,-0.07516989,11.461704,0.99242103,8.143038,4.433601,10.692683,-0.11954674,-0.09968194,14.336022,8.936683,5.971125,-0.07877073,9.685062,0.40934673,11.048356,19.856804,14.834762,5.5467467,1.9719876,2.506703,4.6973658,149.15498,77.17154,152.36024,46.511215,94.7324,157.68066,96.42609,225.07054,151.83978,108.85423,179.78102,26.377588,165.53304
TEST_03+7일,9.518213,-0.059885353,12.750798,7.789487,0.17279568,2.157683,9.482462,-0.04551062,4.9093394,0.2910649,0.30035797,0.0008677542,1.24925,4.154669,13.905608,1.180359,12.253028,0.6446494,0.712957,11.32572,2.131335,0.028543621,0.026774079,-0.055687994,-0.07907471,-0.074588865,-0.047194332,41.922382,15.759379,6.783279,7.5945063,7.2834535,2.8165352,2.1569166,-0.089710325,5.953588,64.63692,10.652919,1.6158198,45.296627,29.255781,1.2095678,-0.097325176,-0.098308176,0.03538981,3.3504908,-0.064077705,3.6703422,0.06583372,3.914065,18.902853,1.3540128,8.235168,0.07281843,5.30206,1.6135727,2.0989752,1.2225112,1.504013,0.04944864,13.560284,14.670445,23.26518,19.466875,15.395359,3.3811336,-0.019712538,1.9829704,4.1409135,0.7908896,3.5030375,-0.08773336,1.5501643,0.279524,6.5520687,1.6669182,0.15579072,3.7528481,-0.017978758,6.2039537,4.1515813,1.8929391,-0.013293594,0.49582186,2.3667471,1.7656194,3.3507094,3.8052387,5.5133376,8.644895,-0.062117428,2.3484223,5.279714,11.700989,1.0390073,1.7006742,-0.043714374,1.1882981,10.892612,11.181843,2.463239,1.5454968,9.64982,-0.067834705,179.99535,-0.023405164,33.87883,6.8113413,4.7293,1.2933358,4.1179523,1.3196024,2.1863596,1.147525,1.692895,1.6043955,2.3818367,1.7940305,4.8327775,1.9086629,0.13162819,-0.07648644,-0.05840811,-0.08256635,-0.077237695,-0.06465134,-0.06811389,-0.09418306,-0.08565578,-0.039479107,-0.07665953,-0.08471355,0.013885409,5.199885,4.5274873,5.579109,2.4674742,2.0193284,3.2523773,10.176392,2.033801,2.702215,5.3358645,2.2003484,12.785867,-0.054661125,0.010466725,-0.18003568,14.744088,-0.08931765,11.958997,-0.08019981,-0.06818995,29.494219,-0.07115874,-0.092461675,34.213696,12.352861,-0.0800229,-0.05314073,15.438195,2.4832122,9.1613,4.9921355,14.085834,-0.09689173,-0.07959613,16.61255,15.935257,12.754586,-0.07847914,20.871695,3.2127864,14.856632,33.851295,23.083834,9.924833,5.3331695,4.597258,9.143629,152.53719,83.047585,156.12877,49.521458,101.32691,157.99812,103.71174,225.10701,155.53654,94.16729,157.19556,24.583487,170.89513
TEST_04+1일,2.0012414,-0.074530214,4.3603134,2.3964865,0.025805384,0.18644038,-0.0010059774,-0.08140001,0.0013844073,-0.02455005,-0.048329204,-0.012953132,-0.042966217,-0.07483825,-0.08235058,-0.077525705,0.047683746,0.31632534,0.0053710043,0.1516656,-0.020621628,-0.039075702,0.06901708,-0.07603535,-0.06805858,-0.050460905,-0.044120878,0.052073747,7.6762867,2.61047,2.2859156,1.8984147,1.1126698,0.87490094,-0.07921991,2.4392087,27.556059,3.4196336,1.2866617,25.091684,12.569,0.29597512,-0.08197746,-0.080949396,-0.0742546,0.71244895,-0.045351356,1.7448739,-0.055600256,1.4485084,9.72835,-0.029310077,4.921479,-0.053084224,2.2941282,0.033427864,0.7083496,0.030606419,0.12456933,0.015663058,6.0315433,7.6195107,11.564555,7.8274026,6.114654,0.08982697,-0.027499765,0.8447596,1.337895,-0.02590999,1.1941184,-0.074442476,0.0068913996,0.041020066,2.0811198,-0.04147896,-0.05426368,0.9502667,-0.0629991,1.2849938,-0.0042499006,0.2724642,-0.062013,-0.00974378,0.08911148,0.67132556,1.6735598,1.4472741,1.8715554,2.5127585,0.056777626,1.4262524,2.4847815,5.5505986,-0.03771147,-0.03876838,-0.06466445,-0.024531215,21.047016,4.77356,1.2871143,-0.0319992,3.605536,-0.050402254,193.04977,-0.16877636,30.302095,3.048574,2.6779323,-0.0028716028,1.7059325,-0.04602775,1.0754918,0.051024586,-0.022487015,0.030295044,0.9410242,1.3897547,2.388103,0.009242207,-0.0434421,0.18313971,-0.06314477,-0.067679256,-0.06847748,-0.060512155,-0.07575974,-0.07722625,-0.060800165,-0.066290945,-0.059725136,-0.08059248,0.12790051,-0.03827271,0.11053696,-0.054002136,-0.006305307,-0.046756595,-0.055105776,-0.05482444,-0.057685226,-0.052438825,-0.042483658,-0.032101482,4.6552577,-0.06829819,0.039353043,0.1694602,6.3890543,-0.083305925,5.3108196,-0.08794865,-0.068627685,13.869718,-0.07657847,-0.0891777,10.320138,4.1543975,-0.07783732,-0.06772146,5.2619615,-0.036604494,3.7394,2.0975213,4.998773,-0.08613548,-0.07259902,5.0086174,-0.067239374,-0.0708414,-0.07525906,-0.07043609,-0.07064685,-0.07563552,-0.06386122,-0.057764143,-0.064611286,-0.07297668,-0.0589436,-0.05749044,-0.037189335,-0.04575619,-0.0570682,-0.03690228,-0.050579876,-0.054026693,-0.036543936,-0.10846028,-0.0750905,-0.074329466,-0.08268103,-0.05126056,-0.059580177
TEST_04+2일,-0.041173786,-0.039410204,-0.047112316,-0.047195762,-0.053217024,-0.040694088,0.024516732,-0.075991005,-0.05283889,-0.042375416,-0.06751928,-0.051576704,-0.051792234,-0.06640205,-0.0698224,-0.07011303,0.03690067,-0.032334656,-0.05319652,0.115174204,0.008876473,-0.061395735,-0.05135855,-0.07112393,-0.03822145,-0.009808391,-0.04698214,0.019866258,3.0112283,0.12081924,0.162568,-0.029605478,-0.03143224,-0.03096518,-0.06854138,0.5501169,7.867062,0.17666736,0.08456126,8.897858,2.9902031,-0.022416443,-0.07196984,-0.07286915,-0.07466659,-0.048696846,-0.04864511,0.29516712,-0.06444368,-0.005676359,6.6158967,-0.052109808,3.1144788,-0.06229481,1.1323813,-0.049099773,0.00031152368,-0.051419348,-0.052868456,-0.04060039,0.38782635,2.6456087,4.5780087,4.2376304,3.0813658,-0.04688701,-0.062240213,-0.017370552,-0.046996206,-0.04943928,-0.03628525,-0.06970224,-0.05062303,-0.050869077,0.09046474,-0.06287512,-0.06804952,-0.052748293,-0.062318176,-0.00934419,-0.053561777,-0.043586105,-0.06451687,-0.05421552,-0.042931885,-0.045897335,0.050476223,-0.006301254,0.12670031,-0.010665506,-0.011165708,0.05834213,0.8016807,1.0589505,-0.062110752,-0.0669125,-0.06533632,-0.04395351,7.6620893,0.86301744,0.017299563,-0.05883655,0.049719244,-0.05817017,-0.07127008,64.962395,13.158282,0.7075826,0.1978859,-0.051624626,0.00762406,-0.056318372,0.020522267,-0.047586292,-0.0678688,-0.042778105,-0.019160122,0.041773945,1.074663,-0.046146482,-0.054088444,0.091074616,-0.058062643,-0.059126943,-0.053642124,-0.049893945,-0.06621012,-0.06091866,-0.042250246,-0.045232147,-0.050255388,-0.06691632,0.07162896,-0.05973205,-0.048413128,-0.06976542,-0.056471437,-0.07159576,-0.062071174,-0.068210214,-0.06621751,-0.06461272,-0.06373128,-0.061267942,0.48435226,-0.052146047,0.05024138,-0.2741495,2.842388,-0.07272968,2.3408568,-0.0677906,-0.066000074,5.3986983,-0.06471929,-0.07938251,3.7662823,-0.010304779,-0.06798062,-0.05572781,0.27274814,-0.055891365,0.024627358,0.14328495,2.7629468,-0.06499991,-0.069637865,0.054453045,-0.063121885,-0.0554398,-0.047887415,-0.058019012,-0.064961284,-0.05513057,-0.049328417,-0.051405042,-0.05662951,-0.06471905,-0.050608963,-0.058051914,-0.08636102,-0.0878416,-0.099025816,-0.07609877,-0.08730587,-0.09651527,-0.08942923,-0.093657106,-0.10447988,-0.08820304,-0.10562047,-0.07972488,-0.09554705
TEST_04+3일,-0.0071838796,-0.013098329,-0.026031822,-0.011391014,-0.03840527,-0.011196464,0.056940943,-0.047309488,-0.028651088,-0.0229083,-0.04408869,-0.031782478,-0.02574429,-0.041676372,-0.044896454,-0.046303123,0.049058348,-0.008350939,-0.031446546,0.07141557,0.031772286,-0.036006063,-0.030305237,-0.042448133,-0.012257427,0.013704926,-0.02999553,1.8083404,2.7283962,0.07600203,0.2992169,0.005724579,0.008048445,0.0047866404,-0.045596927,0.30013123,6.549209,0.8366407,0.21787968,7.4997067,2.2337103,0.006065041,-0.056833357,-0.053952068,-0.04559478,-0.017207235,-0.027162403,0.39459768,-0.04014191,0.037460715,6.400006,-0.03415975,3.1660404,-0.039412588,1.2658201,-0.021862596,0.077334315,-0.028658956,-0.019983143,-0.017538875,0.3741602,1.6549796,2.9608579,3.782777,2.4354854,-0.01878938,-0.04252562,0.031868845,0.09751168,-0.02408871,0.06673136,-0.050257534,-0.03533873,-0.016535848,1.1369396,-0.041243643,-0.03875479,-0.009158224,-0.03857121,0.35606113,-0.027831644,-0.015338987,-0.050352424,-0.030682176,-0.005638927,-0.011759132,0.35353985,0.3517343,1.0295514,0.7377881,-0.07043061,0.079458386,0.71608675,1.4018861,-0.038576692,-0.04545459,-0.044776767,-0.022387832,7.075599,1.3600937,0.06525865,-0.04017982,0.11333004,-0.035176367,-0.048656315,36.677315,5.760735,0.84109914,0.28850904,-0.022997946,0.16958895,-0.034364313,0.058356196,-0.010898441,-0.04436502,-0.016714662,0.018458515,0.05216971,1.0497109,-0.026150316,-0.02702102,0.19756952,-0.041591495,-0.045526356,-0.03688225,-0.03828773,-0.044020265,-0.04409823,-0.027218431,-0.016094059,-0.033201307,-0.043788522,-0.029956907,-0.035502285,-0.014380068,-0.039203256,-0.024969429,-0.05099234,-0.037597746,-0.036738724,-0.03778109,-0.038865656,-0.038538307,-0.02933368,0.68010676,-0.034183115,-0.22393689,40.314415,3.2278264,-0.05382213,1.9343878,-0.045761913,-0.038909286,5.185312,-0.044790357,-0.05424604,3.5733192,0.0788807,-0.047404617,-0.03372082,0.42651787,-0.030684322,0.2841324,0.51267064,3.1616652,-0.04248199,-0.041412205,0.7169777,-0.043234438,-0.035729498,-0.03489527,-0.046732992,-0.052206367,-0.032919496,-0.030694336,-0.03403172,-0.036068767,-0.043055385,-0.033600897,-0.039954513,-0.057106107,-0.06059584,-0.0709959,-0.052700132,-0.05381736,-0.06484422,-0.0605627,-0.074650615,-0.079164356,-0.0693222,-0.079075664,-0.052049488,-0.07034096
TEST_04+4일,0.006021172,-0.0822905,0.0006507933,0.03822723,-0.02533874,0.0095779,3.6664066,-0.032636017,-0.007405609,-0.0056227148,-0.027166218,-0.010089964,-0.012077421,-0.03180203,-0.029268593,-0.033724397,15.703013,0.0017649233,-0.013893694,35.28312,7.3457265,-0.016036123,-0.014051765,-0.019287914,0.0027765334,0.028602988,-0.008418649,12.661329,2.626928,0.24610701,0.6545354,0.16083685,0.1134707,0.16798225,-0.033519834,0.4305233,7.35743,1.5441159,0.41835776,8.537253,2.7432077,0.10803524,-0.05018553,-0.030590385,-0.018755287,0.023610502,-0.0035613477,0.39875785,-0.029274076,0.08101073,6.2729363,-0.018498749,3.5888321,-0.024573892,1.4840008,-0.0081959665,0.09837189,-0.016113847,-0.0024412572,-0.005176872,0.88313687,1.5798134,2.3364723,3.647986,2.4464552,-0.0041581094,-0.016636938,0.1621863,0.64902747,-0.014379114,0.27967945,-0.039857954,-0.012919515,-0.0043328702,1.4619204,-0.026068062,-0.023587078,0.16283265,-0.014593691,1.1221973,-0.010533661,0.0006431639,-0.023752064,-0.0152309835,0.031822115,0.007805258,0.85223496,0.7782124,1.1564935,1.6663369,1.8924919,0.120740086,0.8091661,2.1422276,-0.01670608,-0.0273107,-0.024264663,-0.0075341165,8.504012,1.5636703,0.1273574,-0.018325418,0.26935473,-0.03142962,-0.027204841,32.221897,4.2390733,1.1210247,0.707759,-0.015508503,0.4902269,-0.015651554,0.07821503,0.009820372,-0.025203079,0.0023695529,0.056080014,0.059297234,1.0917996,-0.003859371,-0.0059553087,-0.15121564,0.00299564,-0.011465162,0.0036462843,-0.0087684095,-0.016419023,-0.024825424,0.06133762,1.9980603,-0.0038829744,-0.005420536,0.0646061,-0.025404066,0.0006290972,-0.028359503,-0.014230341,-0.037897915,-0.025781006,-0.028074592,-0.020374864,-0.024303526,-0.024586767,-0.017887205,1.03008,-0.015044063,-0.10956392,66.16804,3.5084867,-0.03893456,1.9338118,-0.023733944,-0.025855869,6.024245,-0.012395233,-0.02838549,4.008941,0.13472524,-0.034638256,-0.025184005,1.119824,-0.010647863,0.69559944,0.9383396,3.016756,-0.027570099,-0.0198749,1.8118364,-0.012732118,-0.016359657,-0.016759723,-0.026302904,-0.044099182,-0.004856676,-0.01520595,-0.014498085,-0.01261887,-0.03359422,-0.018637747,-0.016744703,-0.029489845,-0.037826627,-0.04212579,-0.029589266,-0.023359388,-0.043278545,-0.029776424,-0.055157274,-0.050596803,-0.044772953,-0.050750583,-0.03166303,-0.052045673
TEST_04+5일,0.03816095,22.452087,0.025933415,0.09206477,-0.014524072,0.025678068,10.8064,-0.0216752,0.0066793263,0.006331116,-0.0063892305,0.0033642352,-0.0014439523,-0.015812248,-0.019651264,-0.019417375,72.09382,0.01736036,0.0021373332,73.10453,17.40803,-0.00048443675,0.0012570918,-0.01116547,0.014054924,0.022026211,-0.0014363229,8.421876,2.3186069,0.39180914,0.6803745,0.3642806,0.11620441,0.25888887,-0.017452091,0.5137471,8.987405,1.7427938,0.40627638,10.474297,3.1313155,0.1689767,-0.03357491,-0.02004525,-0.0059340894,0.0729374,0.010714442,0.5824007,-0.018931955,0.14768496,6.7835164,0.0004312098,3.718764,-0.013077587,1.4647629,0.0075668395,0.080880076,0.001985699,0.010629922,0.0077416003,1.0856522,1.5981712,2.3197606,3.771894,2.5582488,0.010397702,0.0065781176,0.19616786,0.81005526,-0.001889199,0.24929395,-0.022456259,0.0062648356,0.010433346,1.4248329,-0.011750311,-0.010882944,0.25992003,0.0017705262,1.1440849,0.010689408,0.015380055,-0.008503526,-0.0059911907,0.0732725,0.028812796,0.87006867,0.792694,1.2301328,1.7044239,0.6121975,0.15908328,0.86585724,2.8089855,0.00948444,-0.009606689,-0.0067189634,0.007288128,10.653697,2.0306933,0.14573517,9.158254e-05,0.33899823,-0.017743915,-0.02194056,36.91113,4.784614,1.2667536,0.632408,-0.0005296171,0.48712292,0.0060626566,0.11552754,0.027204663,-0.0009900033,0.03665915,0.113322645,0.19029394,1.208665,0.0122927725,0.014755875,50.719357,0.043361336,0.03237906,0.03715077,0.025196463,-0.0034296215,0.0030991137,0.33187976,3.0042303,0.022267848,0.020329148,0.4678878,-0.0032308996,0.031063944,-0.0020914972,0.014238983,-0.014098495,-0.00042304397,-0.0078087747,-0.003627628,-0.008461803,0.0044323504,0.003594786,0.7142037,0.0005238354,-0.12798104,75.68973,3.8337827,-0.028229803,2.02019,-0.015979856,-0.013756841,6.59537,-0.0047813356,-0.01617834,4.6678767,0.12495437,-0.023992151,-0.011695474,0.99281204,0.0038937628,0.4958183,0.9415387,2.8143852,-0.018364519,-0.010253996,1.7378306,0.00025084615,-0.006542057,0.008495003,-0.0071006715,-0.02951631,0.01622191,0.0074039996,0.0036799014,0.002822429,-0.018157572,-0.0017364919,0.0054341853,-0.023607343,-0.023530096,-0.03455171,-0.014462322,-0.017964453,-0.031746477,-0.013206691,-0.046634406,-0.035321087,-0.019049972,-0.035974592,-0.012805551,-0.038903564
TEST_04+6일,0.27320078,18.99457,2.1888494,1.6139326,-0.00889799,0.057709366,11.428832,-0.041081995,0.0048772395,-0.00025209785,0.008563668,0.0003207028,-0.009923786,-0.026626915,-0.031199545,-0.03406748,62.82581,0.032036692,0.035573393,51.1806,17.046461,0.019569784,0.01282528,-0.02238664,-0.0050701797,-0.119547695,-0.022957772,84.31728,2.624666,1.255931,0.86243093,2.4668663,0.7878294,0.97989213,-0.03467068,1.0481558,13.767444,3.7861502,0.8283428,19.014406,4.120146,0.3120984,-0.045407385,-0.0324336,-0.018097728,1.2610418,0.014974982,1.7470574,-0.030139416,1.4721574,8.864483,0.007841378,4.342298,-0.019848078,2.1835108,0.023136407,0.553007,0.019664317,0.2039477,0.012083441,3.5679405,2.3754718,3.4589937,5.1631036,3.1615543,0.0832552,0.04540053,0.55432224,1.5866866,-0.0056830347,0.90061045,-0.031078905,0.011199385,0.0008663237,1.8175163,-0.010659665,-0.013887614,0.82442594,-0.015742749,1.6451777,0.10541263,0.14584568,-0.005027026,-0.010483354,0.574525,0.4607995,1.4190742,1.0409551,1.4401487,1.9925716,-0.09159705,0.68190515,1.9416933,6.034065,0.06490949,-0.0020557344,0.00021615624,0.008731395,14.78227,4.5578866,1.0192246,0.015439302,2.5011985,-0.026158541,-0.027807921,55.294254,9.087119,2.5601795,2.9733558,0.13719466,1.2450745,0.030217797,0.8865081,0.27136174,0.04649785,0.37887302,0.6839404,1.0797594,2.1882813,0.035022885,0.0358589,7.0332026,0.029475957,0.0196158,0.037612706,0.020890623,-0.014769763,0.003793031,0.041356713,1.2293471,0.019977719,0.013868004,8.776209,2.0898824,1.2313682,3.6383045,1.9607638,0.8632791,1.0859938,3.9195592,0.028599292,0.029282242,1.6834282,0.521798,2.0393076,-0.006177753,104.31118,60.709976,5.03739,-0.044161886,3.3267848,-0.03127727,-0.031758755,9.692952,-0.026010126,-0.03221652,7.055389,1.7045876,-0.04005322,-0.019588202,2.4527261,0.016568571,2.0436363,1.6089219,4.468802,-0.03306827,-0.025231928,3.351717,-0.0072732866,-0.018831342,-0.00272879,-0.0014012754,-0.033581108,0.022694021,0.0045485795,0.0062181056,0.0037974417,-0.030400366,-0.004079193,0.010679036,-0.04757783,-0.039776772,-0.060409635,-0.02734682,-0.046307057,-0.0502145,-0.022593707,-0.06475112,-0.04782781,-0.044125646,-0.041065663,-0.022134393,-0.046369523
TEST_04+7일,1.7082864,0.017862827,7.2191377,4.6057,0.11868146,0.76566255,0.038270384,-0.019313902,0.6452149,0.035016805,0.05773118,0.04531756,0.018627197,-0.0018280447,-0.0018194616,-0.01197347,0.024979979,0.62535846,0.6024213,0.031303555,0.020493537,0.11034623,0.21209398,0.0028569996,0.011036307,0.013943464,-0.007563323,-0.056560725,4.556339,2.643516,1.7009126,3.736003,1.622326,1.4682392,-0.015778989,1.3991838,25.231915,5.159741,1.4868287,30.155949,8.441383,0.5522686,-0.03279051,-0.008648843,0.017276198,1.8909692,0.03646508,2.4385493,0.010604531,2.5136378,10.475593,0.074003845,4.8551245,0.019061,3.054229,0.286639,1.1580728,0.21607211,0.9730942,0.20530763,7.007288,4.5949035,6.9708586,7.2797136,4.472963,0.8456913,0.32771185,1.240803,2.301148,0.042172104,1.7021009,-0.0160757,0.13167194,0.40472105,3.0007358,0.0366036,0.033710986,1.5818337,0.0151105225,2.8496728,0.44002452,0.85272956,0.018935591,0.03648761,1.2043484,1.5373262,2.297387,1.8099124,2.2563562,3.8886569,-0.0051390827,1.5133611,3.062919,8.221803,0.745561,0.29760817,0.028218657,0.0658609,12.610944,7.240722,1.7490455,0.06736234,6.62041,0.012633711,26.940134,0.006545931,20.435606,4.517717,3.7816265,0.7359227,2.0563116,0.16265073,1.5534886,1.0100747,0.5464064,0.9105058,1.7688879,1.7509177,3.0713463,0.57512283,0.14270857,0.025307328,0.013275653,0.010430485,0.018672734,0.015754372,0.0035901368,0.0034258664,0.009369522,0.014719516,0.012080222,0.009548098,0.021100909,4.5266953,3.1465755,4.7736535,2.9934251,1.8661747,1.5003465,6.909597,0.65750146,0.27616826,4.0328326,1.3105232,5.015691,0.008496791,-0.00016626716,0.049664408,7.3177686,-0.016604513,5.672571,-0.017701477,-0.007980436,12.828591,-0.0022111833,-0.012437195,8.095989,5.302102,-0.01421532,-0.0036736429,5.6590853,0.26347032,3.6915567,2.266882,6.6695094,-0.014817089,-0.0032553375,6.519579,0.019007593,0.0072930157,-0.0017971694,0.014346391,-0.011472791,0.03470519,0.013470322,0.02760151,0.038020045,-0.013018101,0.017318279,0.039179713,-0.009949774,0.005787164,-0.017402261,0.014006525,-0.010116547,-0.0070488155,0.025247365,-0.035126895,-0.01398477,-0.045757264,-0.006015867,0.0059610903,-0.009413451
TEST_05+1일,0.5786489,-0.049589008,6.7696443,1.6895515,-0.010516733,0.50739586,-0.049965948,-0.06309423,1.4049395,0.014978796,-0.052125543,-0.020794481,-0.033173412,-0.058210462,-0.06326684,-0.062439293,-0.046015114,0.14735833,-0.005442232,-0.03648123,-0.044068664,0.26681796,0.007648617,-0.05298981,-0.056638807,-0.021049827,-0.03117904,0.021431834,11.312593,3.8634896,3.1028292,3.036073,1.5256239,1.4670051,-0.067165464,3.3489563,33.54797,4.806605,1.5257269,21.53346,19.360676,1.4901487,-0.061982006,-0.05055532,-0.030810922,2.6883566,0.023727328,3.1486132,0.2922944,3.6077042,15.521916,1.2801167,5.551322,0.89680994,1.7042202,0.8257514,0.8785647,0.802385,0.6444031,0.091077715,15.278136,14.039088,9.839277,13.556631,7.2056737,0.45255533,0.13671532,1.6326324,3.1453583,0.640648,2.4434578,2.9976413,-0.017554373,-0.0060103834,2.9695666,0.15789738,0.5130173,1.6949068,-0.016139358,2.8079588,2.0254703,1.4407877,0.2601017,0.03504744,1.9811014,2.4326897,2.5301085,1.531418,3.0494013,3.4429204,-0.049612135,1.9653848,3.4696817,7.6824346,0.40730563,0.19352093,-0.017719835,0.013288647,-0.044248194,6.329723,1.9909364,1.0407592,0.033795744,-0.047433704,78.84577,0.15581194,40.311146,3.9701092,3.580138,2.057747,4.1677756,0.11349931,1.8479978,0.115947634,0.032258183,0.7998818,2.4541366,1.3702482,3.147998,1.3660773,1.6592015,-0.04186043,-0.031827062,-0.040207237,-0.039616197,-0.035690874,-0.05914268,-0.051836103,-0.040525526,-0.039100975,-0.03229794,-0.047802776,1.1670033,5.683131,3.8624165,3.1671977,2.441741,1.4989315,2.2596486,9.247859,1.7257756,1.8346366,3.6362216,1.9320244,53.745777,49.847218,-0.050463766,-0.04775867,70.05982,45.711147,39.330482,-0.059458107,3.1502008,186.90938,155.6683,115.31513,70.93076,25.212646,2.6449618,49.920696,58.280453,3.589136,44.100677,20.580662,83.99183,86.35918,19.309982,-0.060222477,225.09488,224.83978,66.34598,224.64368,31.73863,109.43528,64.56925,195.13591,50.0201,8.7063465,90.58799,79.6532,-0.05525431,-0.050090402,-0.06303343,-0.058476537,-0.06119761,-0.066061825,-0.048332065,-0.05118975,-0.0668467,-0.08337101,-0.057772726,-0.06273827,-0.062095016
TEST_05+2일,0.4009799,-0.049899906,4.5750284,0.06136003,-0.03736052,0.09973088,-0.058989137,-0.071507305,0.81705844,-0.023290247,-0.05888304,-0.03475961,-0.044561237,-0.06318268,-0.061414093,-0.06700382,-0.0419496,0.04896751,-0.019861788,-0.035217136,-0.05489859,0.053008944,-0.011887163,-0.054437727,-0.06901798,-0.042485565,-0.055343956,-0.023172468,9.578798,2.3063028,1.8464361,2.3183062,1.2008518,0.8087851,-0.07249531,1.9224077,27.47596,3.9986966,1.0811468,18.802206,14.183757,0.88406193,-0.072196096,-0.05123958,-0.028187126,1.5922312,-0.008500427,2.07356,0.03636089,2.2298613,12.946434,0.5724298,3.91823,0.051416546,0.8548168,0.05831209,0.48891392,0.28996983,0.052931696,0.05194202,11.972496,7.289611,3.4632745,8.078017,3.6515763,0.036494404,0.033857495,0.90533507,2.1813083,0.4845666,1.4313537,1.6062969,-0.046858877,-0.044870228,2.0135317,-0.00814566,0.042052418,0.8993157,-0.027205795,1.9855248,0.88144934,0.772771,0.08392468,0.006112486,1.4247411,1.4641837,1.6323885,0.17431512,2.0695078,2.247168,-0.049903005,1.1046683,2.164418,5.1116557,-0.009154648,0.04260245,-0.0029524267,-0.026046842,1.8926159,3.208862,1.2809345,0.10213485,0.08952442,-0.046247333,0.11142889,104.06977,39.135143,2.1800902,2.0990317,0.70668924,2.0049636,-0.009363741,1.2186028,0.011828095,0.0076791346,0.5120815,1.3776463,0.5828377,2.0686083,0.22580734,1.0216647,-0.047847837,-0.036462396,-0.047530025,-0.043688387,-0.037236303,-0.06421289,-0.04577288,-0.040632814,-0.03897533,-0.031369776,-0.049883217,-0.03712687,2.3255315,1.8396078,1.9772865,1.2150806,0.058070093,0.99277914,6.0851116,0.20439377,0.060175568,2.0187724,1.0609401,43.440083,28.63267,-0.062445015,-0.04179725,58.522125,27.473713,32.801575,-0.054230064,0.7676538,106.331345,79.46249,53.957577,55.409966,18.567633,1.4694356,44.225273,45.04623,3.5182476,28.875784,13.129163,60.27514,55.788914,9.453875,-0.06364855,224.71709,223.24052,53.27731,223.85934,21.6344,68.327286,41.28793,117.469444,34.975597,5.0120463,64.499565,46.040432,-0.0606142,-0.049961656,-0.06649098,-0.05865392,-0.061249346,-0.069532484,-0.04928574,-0.051489204,-0.07016072,-0.080470175,-0.060021967,-0.06939086,-0.062476486
TEST_05+3일,0.17970291,-0.03627643,4.113827,0.13904205,-0.017958969,0.16107312,-0.05097589,-0.04157123,0.8541478,-0.008111328,-0.026686758,-0.012169689,-0.023271888,-0.040809482,-0.03533992,-0.04697141,-0.027906507,0.10280576,0.004312426,-0.019243568,-0.03983459,0.07194796,0.011266381,-0.015585989,-0.051737636,-0.02515468,-0.03836736,-0.02392444,8.060734,2.376608,1.7675816,2.3433852,1.1705922,0.90038526,-0.056825727,1.7225364,24.907602,3.7839622,1.1455973,16.201656,13.464215,1.1807498,-0.06563911,-0.026830047,0.02023831,1.4853932,0.0092794,2.093857,0.06728187,2.1077433,12.759294,0.56262195,4.7242293,0.11470786,1.0277444,0.12968937,0.6934997,0.80118716,0.346867,0.10048881,10.066801,6.266269,3.0916219,9.006881,3.39055,0.5393244,0.0517191,1.0619453,2.3367393,0.8122393,1.8850921,1.9912964,-0.025716156,-0.001803726,2.4561868,0.04117766,0.07990447,1.1052448,0.015367895,2.3974419,1.3829285,0.9180807,0.1593453,0.04723707,1.4652754,1.4256951,1.8721284,1.1649598,2.40454,3.144442,-0.06025371,1.1915101,2.1954536,4.9317822,0.024669796,0.08013788,0.03588453,-0.011289209,0.39981833,3.2537482,1.1906422,0.37056556,0.18007055,-0.020499319,0.22971264,69.43915,30.018965,2.571339,1.8062507,0.8670939,2.5002468,0.02130571,1.2530278,0.045700222,0.04564181,0.7585856,1.354263,0.29499617,2.11677,0.52740633,0.8983401,-0.044306368,-0.01399979,-0.024998993,-0.022862762,-0.018625587,-0.04072365,-0.019631475,-0.019215196,-0.01506862,-0.004799694,-0.022555918,-0.0318695,2.6308808,1.3989817,2.0923364,1.0799595,0.074144036,0.8675605,6.904135,0.6478807,0.22626963,1.7423512,0.73035705,44.99203,28.32626,-0.047245115,-0.040427536,63.473843,29.15649,33.1737,-0.03765115,1.9919659,110.46183,79.40604,56.16524,56.985073,19.432398,1.5350558,46.67943,45.224735,4.1595936,29.655365,13.632641,61.78428,56.45759,10.977974,-0.04697284,224.57774,218.54443,47.90669,222.15215,19.727432,68.62484,38.700428,114.72554,34.75607,4.628415,63.4916,47.76933,-0.04185185,-0.027603,-0.048024982,-0.037321895,-0.04280004,-0.042917818,-0.022757143,-0.02228412,-0.051537126,-0.0698522,-0.036034912,-0.047454923,-0.0430983
TEST_05+4일,0.78559244,0.003513962,4.0536566,0.23668185,0.0015446246,0.5671488,-0.027729124,-0.02075705,1.3251513,0.0041846335,0.0067910254,0.015773684,-0.009409517,-0.024736017,-0.013206333,-0.028895468,-0.0024199188,0.26830187,0.025317103,0.008776575,-0.016729206,0.09426442,0.040899187,0.021680027,-0.035286278,-0.011721224,-0.014730543,-0.06098637,7.77138,2.685376,1.8117608,2.0984652,1.1458684,0.94783986,-0.046479076,1.7868682,23.978897,3.3208668,1.1687194,15.704093,13.220804,1.2820188,-0.062042564,0.004432112,0.062236696,1.2547859,0.03190294,2.182956,0.09569755,1.9912461,12.419513,0.49777117,5.0522656,0.21401301,1.059395,0.17439714,0.7646817,0.87197006,0.43818966,0.19333377,8.961253,6.1354613,3.6420207,10.002915,3.30112,1.0618006,0.08123556,1.0992373,2.494416,0.85821545,2.0243008,2.0438051,0.0036217272,0.22837916,2.5614982,0.12200323,0.109714895,1.2458667,0.056463152,2.6459708,1.5274199,0.9463481,0.7535075,0.08076993,1.45985,1.4007715,2.0280468,1.4338425,2.5493667,3.4060018,-0.050017923,1.1464926,2.256521,5.05909,0.05826536,0.40831962,0.07319227,0.0021018088,3.804487,3.1781666,1.1696855,0.36635128,1.1817485,-0.009372324,0.44769922,60.144947,25.772333,2.7592847,1.8952175,0.8071133,2.7439437,0.052920014,1.2207733,0.07669583,0.08618203,0.87859166,1.4451028,0.3320507,1.9801675,0.4374067,0.8573252,-0.030747503,0.028688103,0.0038472712,0.016695887,0.012012154,-0.008241981,0.012014061,0.012607008,0.019804507,0.023058802,0.01582256,0.006057173,2.1907241,0.9143721,1.6795391,0.86259735,0.23575774,0.6510929,4.788937,0.6687418,0.29187313,1.3075734,0.29704133,44.771687,29.777908,-0.022997707,-0.013557047,62.91672,30.993853,34.427322,-0.015491337,1.9883996,115.323975,79.856346,61.227222,58.20407,20.435884,1.4081258,45.166668,44.781498,3.9788702,30.740385,12.896812,59.527058,56.607525,11.656695,-0.033253998,224.8135,211.13763,41.78793,212.87602,17.818525,65.84797,35.935154,105.92903,33.60429,4.474074,54.040062,47.040188,-0.017762035,0.0026268065,-0.021297783,-0.008071035,-0.019926399,-0.016984075,0.012916952,0.0024496615,-0.01256904,-0.051210493,0.004202038,-0.020838827,-0.017171472
TEST_05+5일,0.5273253,0.028031975,4.2502027,0.31061068,0.016290098,0.73923385,0.0012038052,-0.008520693,1.47131,0.020723492,0.020146638,0.028716952,0.004837662,-0.0058988035,-0.0017885864,-0.013426155,0.020986468,0.3660926,0.05080977,0.042920858,0.004310757,0.13001862,0.057608753,0.022654086,-0.023406833,0.00568524,-0.0029414594,0.15980032,8.532793,3.120711,2.0274875,2.3863304,1.2330195,1.0259067,-0.029428095,1.9005688,27.759531,3.835058,1.1119726,18.96692,14.400593,1.3465334,-0.03913507,0.016306192,0.066729456,1.5419065,0.053838283,2.3723896,0.11807719,2.3134038,13.361012,0.73057604,5.3774676,0.23531142,1.3087589,0.22452357,0.8642043,0.8316916,0.458352,0.2295964,10.47454,6.6861815,4.4218,10.987328,3.7460766,1.2802539,0.08887902,1.099758,2.8414824,0.9012357,2.063736,2.2295742,0.018913656,0.24400833,2.575609,0.09710327,0.15871122,1.329811,0.07266262,2.865801,1.6477902,0.99721646,0.8543886,0.09519902,1.5613015,1.5596193,2.043897,1.603653,2.6591296,3.7333598,-0.017037004,1.186623,2.45133,5.626991,0.100970656,0.443051,0.07993403,0.029415518,3.4735036,3.4854743,1.3772335,0.5315801,1.3841451,0.0042699873,0.4525608,53.54774,24.940485,2.9506314,2.2174275,0.96134984,3.1484241,0.08312884,1.2791736,0.095219284,0.09262958,0.9289628,1.5704519,0.756863,2.236484,0.7417692,1.1393499,-0.012722105,0.049097687,0.013771206,0.032637745,0.027134567,0.001550585,0.022991806,0.035210043,0.04304841,0.031315,0.027864724,-0.014820427,2.0913932,1.0526612,1.8864272,1.0571656,0.39372674,0.96565104,4.938185,0.926788,0.43061128,1.3939072,0.5822309,48.474865,36.69105,-0.0026465356,0.005770713,66.301155,36.33143,40.44826,0.00030317903,2.249878,123.6972,84.40865,72.6406,64.31449,22.757023,1.4167683,50.41479,49.996674,4.0384717,34.17583,16.412054,67.03655,59.12025,16.280638,-0.019188613,225.0642,223.33401,56.210957,223.64102,24.991724,74.346794,49.877052,124.286644,38.29671,5.758926,69.90989,57.356415,-0.0055547655,0.012657911,-0.007088512,0.0016216338,-0.0037542284,-0.012678713,0.024369627,0.0061388314,-0.0015051067,-0.03518185,0.0061383545,-0.0109755695,-0.0057284534
TEST_05+6일,0.2978858,0.029459625,5.927804,1.7270137,0.0108172,0.5811559,0.007401377,-0.025578827,1.5407041,0.0093815625,0.020701557,0.036482006,-0.0013889968,-0.0061157644,-0.0019156635,-0.019322604,0.015992492,0.39698794,0.09353188,0.04750529,-0.0008122623,0.15881827,0.06613293,0.015465409,-0.038386792,-0.025227755,-0.012435049,77.43663,9.968101,3.488033,2.6030986,3.942489,1.7409714,1.6148696,-0.038178414,2.427917,37.69196,5.841498,1.302326,28.364122,16.467144,1.5277416,-0.043091983,0.019925624,0.06528059,2.4882276,0.08924964,3.2348301,0.15620151,3.0959015,17.01856,1.2549219,5.8649683,0.43523422,2.2391727,0.75648654,1.2512316,0.9404061,1.3383684,0.261344,14.910462,7.312636,5.1928797,12.792911,4.5783496,1.7085434,0.28156462,1.3142173,3.4171913,1.1081753,2.4734797,2.9066427,0.029833466,0.12747982,3.0292974,0.28447345,0.47735086,1.6736184,0.06734362,3.7118113,2.0967202,1.3082062,1.0969836,0.10674229,1.9583687,2.1997733,2.7363975,1.9531457,3.0291593,4.333485,-0.03946802,1.4700416,3.3030727,8.199002,0.7329699,0.9317461,0.0737088,0.034628898,-0.017370552,5.5029507,1.9977704,1.1334156,1.5372223,-0.00828442,0.65171695,0.42946044,27.77994,3.9629364,3.3487682,1.7392629,4.0432115,0.67347467,1.8098365,0.227788,0.10889366,1.1700879,2.053919,1.3869685,3.1954935,1.2617534,1.6772288,-0.011934608,0.063813955,0.01559487,0.038378507,0.03533843,-0.00644961,0.023903996,0.030958742,0.049283773,0.037239283,0.028020233,4.779297,4.089282,3.00417,4.322934,2.4409802,1.3471512,2.3256543,9.124582,1.4681809,1.3468807,2.9925694,1.7224637,48.920506,46.29289,-0.019856304,-0.0012492836,70.225586,47.78552,46.015984,-0.006472796,2.5988584,172.24222,95.96981,101.758354,71.92674,25.1358,1.8794913,54.953857,55.88396,4.445207,40.489338,24.207413,77.94787,67.116325,23.266901,-0.02193901,225.39195,225.1523,77.149666,225.11644,37.85625,101.588234,77.29549,204.50642,50.140575,7.241245,106.792755,74.29676,-0.023809284,-0.0046432912,-0.031351656,-0.020545453,-0.028539628,-0.034061402,0.0128799975,-0.0025101602,-0.019775718,-0.0568299,-0.0067423284,-0.02789697,-0.021537036
TEST_05+7일,0.15643546,0.02067858,8.287731,2.812218,0.046996027,0.4611621,0.016005486,-0.0014264882,1.7942854,0.04751274,0.035293847,0.05968091,0.027490467,0.019696802,0.026309282,0.010159105,0.0067801774,0.19293705,0.11029652,0.03866455,0.007224858,0.1282784,0.084284455,0.033416837,-0.007837385,0.003172785,0.02592197,4.392655,12.992643,4.209585,3.7381403,4.9243712,2.3730783,2.2743556,-0.0017025173,3.9840262,44.92664,6.23181,1.5864812,30.969704,19.16772,2.044723,-0.01851073,0.01945579,0.052104264,3.482177,0.2610719,4.002711,0.5549127,4.6339927,21.112223,1.729949,6.985816,1.4169191,2.9850633,1.118797,1.5081323,1.1061237,1.7481738,0.273257,18.490953,13.520923,8.295387,18.600018,7.073663,2.0455358,0.7043905,1.9768213,4.347597,1.3467808,3.4176126,3.898762,0.071161956,0.2591584,4.3278346,0.47688738,1.0463877,2.477974,0.06034127,4.5707064,3.168451,1.7839612,0.63769037,0.13699529,2.626031,3.3816726,3.9697697,2.5076373,3.897435,5.058807,-0.005533725,2.2022793,5.057711,10.827344,1.5381793,0.6392734,0.053900003,0.09219822,0.039651096,8.438956,2.6610641,1.5439988,0.14389095,0.030273467,73.845085,0.45510176,31.564674,6.0388303,4.9547324,2.708759,6.01137,1.4805857,2.4245584,0.5192487,0.12241554,1.4567033,3.2116442,1.933241,4.23789,2.0315952,2.4450412,0.002998978,0.032524705,0.015432119,0.02449879,0.018341213,-0.00042259693,0.018179685,0.02295956,0.034833252,0.027130485,0.010622352,27.175356,6.047191,5.1535935,5.020043,3.4264228,2.1179872,3.450074,10.496165,2.2671094,2.899669,4.180663,2.7743092,68.89477,60.24158,-0.0016004145,0.0015538037,88.61679,66.17191,54.93523,0.0015949905,4.165651,217.27385,155.79083,151.71634,82.06112,31.154678,2.832563,64.733246,72.730644,4.9849534,55.387867,30.46655,106.12322,85.739365,32.03672,0.00018903613,225.30382,225.21748,97.12681,225.02603,54.00248,123.53288,98.981636,220.74849,67.133,10.253583,132.87523,111.91996,-0.0069800913,0.00860396,-0.013968557,-0.0006043017,-0.016444653,-0.012596101,0.021483332,0.012915045,-0.015157193,-0.0458816,0.00029304624,-0.0078029335,-0.007463187
TEST_06+1일,0.070135266,-0.02622065,7.7995563,2.8581383,-0.015435427,0.026677161,0.0012439787,-0.038971275,0.116564065,-0.01875171,-0.01121828,-0.016370744,-0.018631428,-0.029046148,-0.021181315,-0.029813856,0.0035622418,0.040998966,-0.016184539,0.015630215,0.0013835132,-0.012955159,0.013626963,-0.000933975,0.005863577,0.020042688,-0.0212048,0.006798476,13.964912,5.6269183,5.166854,2.7196457,2.3427026,0.8959093,-0.04431793,4.2647657,41.356766,7.18587,2.4207084,29.18054,21.130922,0.9327642,-0.044930547,0.03068629,0.018639117,2.0483377,-0.015467495,3.144081,-0.0032462776,5.2982254,22.496235,0.1675351,8.910079,0.04069379,2.3731549,0.00043430924,1.2995685,1.5580019,0.35952726,0.026361018,18.918123,10.477998,6.622911,15.174932,7.270178,0.1677672,0.0454171,1.1347997,3.8593185,1.6632752,2.9225404,3.9773548,0.080045015,0.031306535,3.8955615,0.006089717,0.07209447,2.5038292,0.007813722,4.0273385,3.378409,1.83002,0.061164767,0.090504676,2.1709251,1.8871773,3.185385,2.565077,4.1649256,5.071057,-0.020237714,1.7688279,5.297349,11.544148,0.6958009,0.17355934,0.015901476,0.01995948,0.09243885,8.318931,1.8658603,0.6248076,0.112496525,-0.02335164,92.31391,0.13934413,38.821457,6.8785505,3.7170875,1.1242687,5.060846,0.004363805,1.9051172,0.039860517,0.023114473,1.4199811,3.5489473,1.7882278,3.818626,1.4684056,1.1753855,-0.043486208,0.022067696,0.0004402697,0.008087784,0.0038504899,-0.022420377,-0.004211277,0.008714706,-0.00076571107,0.021644503,-0.0028366745,-0.035722107,5.651448,2.106919,6.215108,3.9067767,2.293627,2.7579632,9.187076,2.3325438,2.1845055,5.534018,3.1660001,80.75966,57.953476,-0.0164226,0.030197889,75.46091,60.978806,49.613327,43.725945,6.3715734,218.33827,142.15549,149.69144,76.00115,29.497852,0.22237483,53.97154,77.14851,6.483379,39.81095,17.491482,82.87606,68.796486,26.770273,-0.03454992,224.6845,224.5852,112.98116,224.24385,43.842705,86.13523,110.01896,223.37154,46.069912,15.666823,128.73285,104.253555,-0.046912283,-0.03184256,-0.04596135,-0.03537807,-0.054590553,-0.041247338,-0.026551574,-0.043993443,-0.048563927,-0.07442054,-0.037087053,-0.037344664,-0.02876839
TEST_06+2일,0.08899811,-0.029847115,6.3242655,2.5806248,-0.027688354,0.031549126,-0.015699834,-0.040139884,0.11723068,-0.02148363,-0.011846036,-0.02360341,-0.02375099,-0.02662906,-0.01829514,-0.030115098,0.008088142,0.0053699315,-0.02402994,0.01832822,-0.006770402,-0.0125926435,0.0067442954,0.010840088,0.020010024,0.010028154,-0.0008357465,0.020786315,12.540458,4.3657856,4.427639,0.8035188,1.7144632,0.057920247,-0.046345323,3.222238,27.374205,6.1339135,2.0088358,22.450342,17.275465,0.48149076,-0.050177187,0.054309517,0.027747303,1.0089617,-0.014105409,2.1929011,0.0040262043,3.7883608,21.56529,0.06391922,8.592217,0.034659296,1.5384499,-0.003627628,0.42862657,0.7998568,0.038615018,0.026708513,13.875598,8.283006,5.063159,12.287492,5.565886,0.07180765,0.022667319,0.43552843,3.5325665,1.0757757,2.2549508,3.5455835,0.10084668,0.02725938,3.5071046,0.008517057,0.054137975,2.1702077,0.021377474,3.047418,2.3750665,1.4113688,0.09979454,0.113634974,1.7120585,1.1945807,2.4730437,1.8715076,3.7023225,4.613735,-0.0128130615,0.9838041,4.236725,9.848043,0.090657264,0.17053822,0.019491345,0.008292109,0.12896803,6.397289,1.3521518,0.1238834,0.19290152,-0.024829239,0.02085653,0.18761602,50.133198,5.142424,2.2480185,0.077222615,3.6685,-0.009106725,1.3202847,0.040139943,0.026115328,0.7686695,2.2772448,0.14538291,2.969404,0.6254672,0.07119599,-0.03050825,0.038727432,0.005633205,0.021097451,0.007045895,-0.017476529,8.401275e-05,0.015510052,0.013803631,0.04053262,2.5302172e-05,-0.012306422,2.8342977,0.22761264,4.6347165,2.4118564,1.2143797,1.5515206,5.9995456,0.25445464,0.4842488,1.1191969,2.0455568,56.41209,28.917395,-0.03861305,0.0008544028,63.460796,38.540443,41.705807,37.509876,5.51028,143.24757,87.26855,83.99791,59.884228,22.477402,0.19878724,50.232677,64.091484,5.8028007,35.330193,14.263684,63.562836,52.394436,18.777668,-0.03874144,224.57901,222.23734,86.739655,217.25302,25.805513,60.084576,77.74779,151.01662,30.637026,11.93667,84.24598,57.60406,-0.051129192,-0.030546516,-0.053197116,-0.033495516,-0.05978188,-0.04762599,-0.02701506,-0.053589195,-0.05280611,-0.07191989,-0.043650955,-0.037971944,-0.031387657
TEST_06+3일,0.11128047,0.0064266026,3.8660247,1.756637,0.02028218,0.077185065,0.029116064,0.012991697,0.22870067,0.026595384,0.017685145,0.0059509575,0.0176678,0.015348226,0.013406187,0.007186085,0.032803982,0.039858013,0.020312935,0.03711322,0.028971225,0.03626421,0.04329279,0.052011043,0.076324254,0.028054267,0.047575742,0.0521318,9.247201,3.8939059,3.2714489,1.577914,1.2709947,0.10190478,-0.006953329,2.794289,15.533479,4.2773433,1.7191544,10.672084,11.939675,0.97141373,-0.013711184,0.092131644,0.06969431,1.1918219,0.022179633,2.196687,0.048090726,2.8282125,14.017538,0.097376615,7.539698,0.07680777,1.3386443,0.030115038,0.3137839,0.52121246,0.06465092,0.06260577,7.385614,6.098675,5.0393753,10.102706,3.9320056,0.16564718,0.045253187,0.9162903,2.9934776,1.0003489,2.2684143,2.8998184,0.13508037,0.07571307,3.2398858,0.03258708,0.08555749,2.042827,0.07368615,3.0876486,1.9705155,1.2446107,0.1213986,0.14686897,1.4921468,0.5628003,1.9074552,1.8693495,3.2712555,4.615539,-0.043373317,1.2774779,2.9616957,6.205432,0.11315349,0.15686134,0.050897986,0.047820836,0.16668513,3.8880305,1.0060264,0.13809851,0.21805504,0.015708119,0.054110557,2.2257118,28.58866,4.0539684,1.5160216,0.101545125,2.7287128,0.030630976,1.1638529,0.063269645,0.04973021,0.9878639,1.4885646,0.124005705,2.3986814,0.7871263,0.1933333,0.017680675,0.0655916,0.026771516,0.048381,0.026313275,0.027955443,0.019136399,0.04572186,0.03826222,0.06257805,0.02590987,0.03625849,1.4765887,0.56515014,2.8941305,1.4042273,0.2152833,0.93350756,3.7009602,0.1762748,0.18368867,0.28192595,1.0820763,42.49012,13.166288,0.0033439696,-0.020024866,43.705235,25.182482,27.584993,15.261552,4.2151513,101.82728,66.46011,55.44776,41.376087,14.77827,0.2586445,35.714386,41.410892,4.5098476,26.822168,9.03873,42.257885,32.22919,11.310867,-0.0009340942,223.49625,169.081,54.816006,145.7159,17.937273,36.24304,41.540073,97.45849,16.630007,6.6919165,52.13721,36.594894,-0.008942217,0.014369041,-0.006783575,0.016978174,-0.024239033,0.0019362271,0.02009955,-0.00910148,-0.0077552497,-0.04125294,-0.0005186498,0.0099335015,0.00948599
TEST_06+4일,0.107548624,0.03136614,3.0554283,1.2874256,0.03441909,0.08804026,0.056045204,0.028797299,0.22345284,0.051861554,0.03115663,0.022826582,0.033587128,0.028199106,0.024646908,0.022228628,0.05237916,0.056383997,0.03581646,0.04768315,0.04498008,0.050596505,0.053744823,0.07292774,0.08378282,0.055268556,0.0671002,0.0772008,6.5170627,3.1426792,2.4469757,1.7639064,1.0756632,0.12011686,0.013227373,2.1325104,13.236835,3.538773,1.4557316,8.562619,9.526971,0.83252084,0.0053735077,0.100524575,0.08166054,1.1848557,0.035051376,1.7952068,0.05937162,2.3519237,10.739601,0.097466975,6.3853884,0.08018616,1.288129,0.046307355,0.21409157,0.40553632,0.097185045,0.06841138,5.87171,4.4749084,4.031165,8.016249,2.7553065,0.11441162,0.054519206,0.926257,2.534077,0.87150455,2.0328975,2.402384,0.13153806,0.07555595,2.7401965,0.045776874,0.0926868,1.8507023,0.085727006,2.8263776,1.7497132,1.0902164,0.11541179,0.13562647,1.302318,0.34671023,1.593815,1.7548869,2.8735738,3.9490805,-0.0064273775,1.1036352,2.3014376,4.947061,0.11724535,0.14458969,0.06271234,0.054227382,0.82674325,3.1889088,0.7829977,0.13612583,0.26542893,0.03077057,0.07121375,2.278213,17.991629,3.309981,1.1912782,0.11628106,2.1712658,0.046777874,1.0657016,0.07991031,0.061672717,0.8965024,1.0383396,0.12256518,1.9969358,0.35087314,0.11075273,0.04514149,0.07260713,0.03906545,0.06790051,0.035862476,0.0513604,0.027357608,0.0635353,0.04592946,0.069063514,0.03854361,0.052172333,1.2034338,0.34492674,2.23538,0.94166243,0.14392152,0.7888371,2.7408946,0.15512267,0.15719119,0.22526708,0.7588068,29.670021,9.092335,0.024971873,0.034288675,31.93321,18.995358,19.913708,3.3130496,3.5542042,77.79491,46.058277,36.548214,33.097843,10.708869,0.20905867,25.444664,27.688517,3.5893714,20.133272,6.890689,30.86677,22.05149,8.39018,0.019335538,222.33469,121.84632,34.830658,101.96187,11.319827,25.095789,28.166454,61.928127,11.254495,4.7964373,34.560925,22.893938,0.012474209,0.032769352,0.015206009,0.041424066,-0.001967281,0.016403586,0.037400037,0.00057938695,0.014359742,-0.027281612,0.018825322,0.027524978,0.03018549
TEST_06+5일,0.09854892,0.017106026,2.8921976,1.1178782,0.013751298,0.06749776,0.036310703,0.005328208,0.18250671,0.031327993,0.02102542,0.01416257,0.014361411,0.014101237,0.011611193,0.011731952,0.05377564,0.045396954,0.011044651,0.0599221,0.031736195,0.028551608,0.040836543,0.055362195,0.045809656,0.015455753,0.041425973,0.022680968,6.2857347,3.3803027,2.4082031,1.5340832,0.92237186,0.076121,0.0039337575,1.9899886,16.19763,3.3714087,1.2945379,11.1426,10.992345,0.9032364,-0.006935388,0.07271364,0.06673354,0.94967043,0.01741895,1.6445278,0.046307057,2.3841197,12.166789,0.06944147,7.094938,0.054502755,1.140538,0.043268114,0.14709082,0.43148383,0.08590451,0.05597189,6.2143073,4.2400537,4.7052794,8.187853,2.7510674,0.096358925,0.035900623,0.8170166,2.621921,0.66170216,2.0945983,2.3966608,0.106167585,0.052645713,2.6498141,0.043920487,0.08070168,1.8529947,0.074284226,2.7460716,1.8222815,0.93647945,0.07813504,0.10267022,1.3026136,0.3831528,1.4549414,1.9721587,2.819645,4.262314,-0.018574744,1.0240575,2.3537686,5.542379,0.09221974,0.10039213,0.050082296,0.02991131,0.5723146,3.1461287,0.67201066,0.10141185,0.29809013,0.030666977,0.011618763,0.63380873,17.726332,3.6362846,0.9418423,0.10099843,2.2126856,0.028729469,1.0153079,0.07123259,0.063400656,0.67578435,0.940138,0.09854159,2.0296793,0.22801915,0.0729337,-0.0030373037,0.069063276,0.044225693,0.06856081,0.042590827,0.02645126,0.02359885,0.10955861,0.0796186,0.07894161,0.024991482,0.018877774,0.7488401,0.15951362,2.4043992,1.0080047,0.10811296,0.7551067,3.049472,0.12429467,0.1257135,0.1616812,0.8763381,30.714132,11.996347,0.002129823,-0.025088578,34.374744,19.24801,20.074507,3.4837465,3.3440301,83.286255,48.600224,39.78519,39.258293,10.176221,0.16431335,26.158949,28.280645,3.313581,19.840345,7.5386844,29.811304,24.470758,8.385333,-0.00081416965,223.37018,120.81576,31.139727,100.697296,10.593457,24.006472,30.008667,59.655087,9.661791,4.447242,36.297188,20.385061,-0.009993285,0.019255728,-0.0025365055,0.025228173,-0.016888827,-0.00684759,0.01886037,-0.031126589,-0.012185067,-0.029595941,-0.014677793,0.010708362,0.009373099
TEST_06+6일,0.5622084,-0.0054229796,4.1330924,2.12966,-0.011905521,0.065467745,0.08376601,-0.028889239,1.2635351,-0.0029844642,-0.0023348033,0.0015792847,-0.0017216504,-0.013823926,0.004878193,-0.010530859,0.058522373,0.03909293,-0.0015264452,0.10041109,0.04761955,0.012837797,0.033226162,0.041575044,0.003379494,-0.016360521,0.020126075,1.958273,8.297065,3.9093506,2.8781912,2.5722477,1.5138983,0.6291324,-0.02468875,2.6326735,32.044483,4.5889955,1.4538218,26.642534,13.14139,1.2325804,-0.031022757,0.053581923,0.03953716,1.86785,0.00696674,3.598459,0.026116878,3.4151287,21.405582,0.053864002,7.7632027,0.0292103,1.6734164,0.036456913,0.68742096,1.1057311,0.14638904,0.026816905,10.81715,4.6103225,5.307056,12.675498,4.2371893,1.6568408,0.06462011,0.98656857,3.0317607,1.0769295,2.3555086,3.1390612,0.07026443,0.025936216,3.0249546,0.067344636,0.070890516,2.1528046,0.036599427,3.4200237,2.3883908,1.0643531,0.16145816,0.08685979,1.7944399,1.1809192,2.1188085,2.4787333,3.2835553,5.0787826,-0.034555703,1.1677074,3.2323945,7.9677815,0.13366416,0.21930215,0.04144904,0.016188353,8.946813,4.236857,1.484099,0.61722994,1.6245918,0.020738631,0.02050656,0.010134369,21.086369,4.735211,2.4006453,0.39623985,3.3270571,0.051864892,1.4033484,0.07649985,0.06403002,1.0492831,2.0015535,0.5909345,2.5958664,1.2210267,0.77303946,-0.03371033,0.06741926,0.046384543,0.047172338,0.0447177,-0.003140092,0.013807982,0.20067957,0.16189733,0.06739065,0.016729414,-0.013239235,3.275543,1.3864505,4.43082,2.5791738,1.6974664,2.0319014,7.9874825,1.3108696,0.7346394,2.6504223,1.7146465,41.975418,39.926296,-0.04784432,-0.049625278,51.351887,43.417,35.530308,25.57068,2.9518678,129.76823,72.29247,97.49138,62.664684,17.69163,0.316541,40.116787,52.501965,3.9269934,33.313663,14.59372,54.268394,53.017467,19.845482,-0.010981947,224.81163,223.60403,63.194347,218.4669,27.813929,56.085392,65.050186,143.5103,23.744917,6.9657083,68.86888,54.12524,-0.04713109,-0.004165679,-0.040959686,-0.0013387203,-0.061655015,-0.036613435,-0.00693956,-0.04797122,-0.04381427,-0.06772229,-0.031176984,-0.008793443,-0.009850681
TEST_06+7일,0.5485854,-0.027315348,6.015652,2.3919158,0.022231668,0.043873906,-0.0042203963,-0.022245765,0.8631253,-0.0049842,-0.0077783763,0.0012256503,0.004597932,-0.0105088055,-0.00029692054,-0.006444454,-0.023563743,0.049349517,0.004133284,-0.0002939403,-0.01155147,-0.0003144443,0.024438083,-0.0025042295,-0.022057205,-0.035685033,-0.022662878,0.009755164,11.965303,4.4190383,3.478621,3.3947554,1.9619926,1.380646,-0.014271557,3.2789917,34.745186,4.5645337,1.8913094,26.704506,15.97934,1.3324728,-0.021087497,0.014708489,0.0059053004,2.347001,-0.0061801374,3.8223894,0.016160846,4.680364,22.9254,0.39776236,8.284163,0.07712206,2.316304,0.02902013,1.1373671,1.5346135,0.56457055,0.02663663,13.7227,7.490333,5.708079,13.875748,5.9318748,1.5371876,0.07886481,1.1715019,4.058486,1.4191402,3.0601628,3.701856,0.10578427,0.027286917,4.0767727,0.07024652,0.11180475,2.7269795,-0.0016674697,3.726086,3.0910733,1.53391,0.054452866,0.06419787,2.2397609,1.5825614,2.7731433,2.7739787,3.8412945,5.2612286,-0.034130275,1.437482,4.518047,8.814246,0.8163115,0.33801624,0.032873064,0.06736496,-0.03469959,5.8602986,1.9143087,1.0953158,0.4764506,0.023799062,50.196075,-0.0040965676,22.915842,6.303772,3.460322,1.1853606,4.32667,0.0604876,1.7828745,0.05622679,0.04506269,1.4611162,2.8022401,1.408081,3.6015851,1.4792535,1.502358,-0.061288834,-0.011749804,-0.00074768066,-0.0050222278,-0.0056781173,-0.027976394,-0.014697641,0.004228592,0.0028427541,-0.0074498355,-0.023729354,-0.053352147,3.8757827,1.9282862,5.1094923,3.1596117,2.3506176,2.3577802,8.278179,2.2505817,1.6856376,3.5201068,2.2405303,64.40447,34.66352,-0.04864934,-0.06778988,54.443005,77.085976,43.369038,29.94213,3.1651876,186.11487,122.816345,152.27238,51.61365,24.992197,0.8328123,46.800472,57.08501,5.0255933,35.031067,10.453528,74.50222,47.978283,22.800577,-0.008914024,224.33746,223.6095,102.46316,222.94765,52.134777,62.324898,123.82089,217.80913,35.29743,11.42012,117.484146,91.42313,-0.054530233,-0.013665229,-0.045448422,-0.010252863,-0.07249522,-0.035846442,-0.011741787,-0.023653954,-0.051718324,-0.068785995,-0.03963521,-0.010048747,-0.026349783
TEST_07+1일,-0.018751472,-0.022569388,0.44574645,-0.011530966,-0.007965773,-0.007840246,-0.029604167,-0.01685366,-0.01715061,-0.007422358,-0.016458362,-0.0022511184,0.002244383,-0.014767617,-0.012751669,-0.009206384,-0.022447556,0.004159242,-0.009308428,-0.052621216,-0.00725314,-0.011451334,-0.007358402,-0.022339076,-0.0070107877,-0.009247154,-0.023219079,0.0045618117,0.00037398934,-0.013213009,-0.019595236,-0.022161096,-0.01794514,-0.01459524,-0.007847041,0.5282718,1.3819095,-0.025145382,0.06459704,2.7947938,0.020945817,-0.01563546,-0.0038346946,-0.020711273,-0.027423233,-0.020983905,-0.00907287,0.05239764,-0.009973496,-0.008831114,1.872766,-0.0009859502,2.0595,-0.008706659,0.032687455,-0.003952354,-0.00370726,-0.0009795129,-0.006919831,-0.01030156,0.42670503,3.5946307,3.2105448,3.7771373,2.040556,-0.014655918,-0.0053980052,-0.006851405,-0.01680538,-0.0071828067,-0.0049003065,-0.008979887,-0.008351177,-0.008361667,-0.013961524,-0.002258271,-0.010264963,-0.006893128,-0.017057747,-0.0043917596,-0.006589383,-0.011888117,-0.007700354,-0.016286701,-0.013280004,-0.009465069,-0.012006015,-0.014720887,-0.012777656,-0.015496701,0.001459986,-0.020674556,-0.025235146,0.5509548,-0.008420676,-0.0074988306,-0.0039968193,-0.012346357,-0.0866321,0.02595058,-0.017053694,-0.013473123,-0.0048200786,-0.003412336,98.348564,-0.07168719,17.919851,-0.018909663,-0.0076934993,-0.012007445,0.0343,-0.01094839,-0.014715999,-0.011406153,-0.008692592,-0.0042750537,-0.017550915,-0.0153232515,-0.014450163,-0.014315456,-0.023967952,-0.006730646,-0.0031015575,0.0017848313,-0.0013334453,-5.0991774e-05,-0.016273111,-0.0046207607,0.014355451,-0.009820551,0.0054199994,-0.005805582,-0.015714616,-0.015749425,-0.010040015,-0.018496364,-0.017526716,-0.01607129,-0.021235317,-0.018035263,-0.015670627,-0.009974688,-0.019346803,-0.009035677,0.00288108,-0.015636295,-0.022366256,-0.0237647,-0.021977156,-0.014083594,-0.043304414,-0.030513853,-0.0012038648,-0.057208985,-0.034326643,-0.028283805,1.4820212,-0.024221152,-0.019483417,-0.02293393,-0.031784147,-0.010914117,-0.010053486,-0.016302556,-0.024801105,-0.021018475,-0.016257137,-0.0040260255,-0.031243712,-0.030224532,-0.021263212,-0.02447465,-0.012870163,-0.023177952,-0.019137233,-0.015948862,-0.02321127,-0.020185202,-0.023709863,-0.021556348,-0.033747047,-0.01685211,-0.024281174,-0.014236301,-0.035015374,-0.023018569,-0.011083692,-0.02343914,-0.028047532,-0.03222701,-0.035452932,-0.012722462,-0.0076286495
TEST_07+2일,-0.003077358,-0.060799807,0.01839903,0.023153454,0.011567563,0.03273204,0.04446879,0.01452741,0.024235278,0.024628133,0.015578538,0.030487925,0.02801451,0.020678788,0.019867092,0.02253142,0.10993531,0.03741792,0.018686503,7.0166373,0.48702243,0.018653184,0.024611086,0.022541732,-0.018620938,0.023136169,0.020699471,0.0033667386,0.0043208897,0.02275315,0.021866232,0.025445908,0.027883321,0.031053215,0.017895848,0.023229688,0.7524555,0.015055567,0.037464947,0.702021,0.042705804,0.025862485,0.015816838,0.022200495,0.013188928,0.022295922,0.01684609,0.02104786,0.026082963,0.018316597,0.089212924,0.021171242,0.36788645,0.016330272,0.016904682,0.028483182,0.030078143,0.025964707,0.033373386,0.029408127,0.035455376,0.034694582,0.09018627,0.63989913,0.0051306784,0.01858446,0.021454662,0.025569052,0.020736724,0.025576085,0.017116636,0.01119706,0.011376351,0.019635588,0.010625929,0.022817284,0.02936998,0.0184488,0.014925867,0.023264676,0.022461206,0.024312466,0.024215728,0.014750391,0.013367921,0.02655533,0.018175572,0.0120022595,0.0102262795,0.004130751,0.032693535,0.027917832,0.0114941895,0.0019256175,0.02623424,0.020055681,0.028335243,0.0068723857,1.0598664,0.019358426,0.029675096,0.024927646,0.02266547,0.021074563,0.008296639,0.74348474,-0.07805303,0.009630591,0.011698991,0.025829703,0.039494067,0.015414745,0.025594264,0.0315108,0.027651459,0.028345734,0.018609136,0.028424174,0.024757057,0.017249495,0.01393804,0.014108568,0.043669015,0.0361301,0.037563294,0.040309817,0.027981907,0.041559726,0.041096002,0.013142198,0.039640814,0.04151258,0.0036723912,0.015321463,0.023107082,0.023492604,0.022458702,0.02005741,0.022026151,0.017372042,0.026410252,0.024844378,0.015417427,0.040306717,0.010843307,0.022767097,-0.0026438534,0.008900493,0.0016664565,0.01896748,-0.015813857,-0.0053064525,0.023442656,0.010921985,0.009754688,0.013433665,0.19617519,-0.007781476,0.0040296614,0.0004376471,0.00024595857,0.010895997,-0.012298137,0.027789265,0.015137941,0.012536675,0.020376354,0.019765466,-0.016343325,0.000572592,0.014751047,0.007293552,0.009829611,0.013504356,0.0050824583,0.019594043,0.015023559,0.016877085,0.020549148,0.010307044,-0.012308806,0.007179171,-0.0069208443,0.012424499,-0.016694576,-0.01180467,0.0068919957,-0.025272697,-0.005018443,-0.005082339,-0.007017821,0.012301296,0.021271497
TEST_07+3일,0.008121878,2.735121,0.010424823,0.025652915,0.016486347,0.04278326,-0.0018561184,0.024980396,0.029314548,0.034505457,0.029414326,0.038332373,0.035361797,0.032085508,0.026925057,0.02877292,-0.2491323,0.05013284,0.033754855,2.245236,0.71883523,0.028681412,0.032469004,0.032420814,-0.343753,-0.005720049,0.01737836,-0.20995423,0.005446881,0.025724351,0.030468702,0.03281927,0.03314069,0.040694326,0.01745537,0.0064763725,1.3223516,0.0017888546,0.041449636,0.93309975,0.065312475,0.028763086,0.029388934,0.025002986,0.02261746,0.032800764,0.018654972,0.016616672,0.033810467,0.022071943,1.1664155,0.02828607,1.2220615,0.023312598,0.021182746,0.03942865,0.038353562,0.037635148,0.043241203,0.037642986,0.026933938,0.13348159,0.3414723,2.2424285,0.022249669,0.025667787,0.028524637,0.03386289,0.022221088,0.03988725,0.022786051,0.004540473,0.012236655,0.029154241,0.012036145,0.030014664,0.041157573,0.030757248,0.021284193,0.024376303,0.017067969,0.035303503,0.020146549,0.017650336,0.02253744,0.03679037,0.020752668,0.025181785,0.0023961365,0.02749452,-0.029155165,0.037055284,0.01553157,0.083654314,0.0361121,0.023866683,0.03892985,0.01999794,1.3398627,0.014843851,0.04106316,0.037940413,0.00937891,0.02689448,0.013486296,9.373766,0.0150280595,0.01746139,0.021894366,0.03708318,0.055204183,0.021355003,0.035065502,0.04488066,0.04133174,0.041061014,0.03053929,0.040561467,0.033317894,0.026210114,0.021729857,0.015713274,0.054274827,0.050067276,0.052843124,0.046744496,0.03361848,0.042185396,0.055520326,0.0173693,0.051968783,0.049218804,-0.003883332,0.02436629,0.035039634,0.026680201,0.032662243,0.024283797,0.03512594,0.015203923,0.033009917,0.030624807,0.018325597,0.056206286,0.041208386,0.024923861,-0.037507772,0.007977515,0.0214566,0.011737287,0.013929397,0.003107965,0.03129676,0.012224525,0.011944503,0.0015305579,1.4288278,0.009839147,0.007929474,0.014294565,0.0046498775,0.008951336,0.09872973,0.029860348,-0.01703471,0.011067897,0.017665207,0.026471406,-0.044929653,0.0012079775,0.023209065,0.022416145,0.003115654,0.013753146,0.0021815002,0.016565055,0.008189499,0.026645988,0.02786374,0.010493636,-0.038792104,0.010844976,-0.03210801,0.026873618,-0.022263676,-0.015965074,0.015669733,-0.097061306,-0.0013732016,-0.042542487,-0.0035639405,0.018766671,0.032194525
TEST_07+4일,-0.0009523332,55.05042,0.007852763,0.015968114,0.0076178014,0.03797415,0.11093745,0.015498251,0.020676225,0.025560051,0.027642116,0.028084815,0.020147458,0.025589675,-0.0023759902,0.01024574,0.29921713,0.04484853,0.043121785,8.486417,2.952111,0.02671814,0.023527846,0.024861634,1.1969073,-0.04249713,-0.023455918,2.3447626,0.05432096,0.018064737,0.025495648,0.015254945,0.015742004,0.03522803,-0.004522413,-0.010409713,1.9647926,-0.029548109,0.03219816,1.2885875,0.03541684,0.019063309,0.024538249,0.017074138,0.01999998,0.027386636,0.012716979,0.010445178,0.022850916,0.00848484,1.3143436,0.022817135,1.3762039,0.0152644515,0.013371199,0.031254947,0.029844388,0.032233745,0.039212212,0.02876693,0.0062488914,0.17659569,0.45133677,1.7003038,0.018026114,0.014269978,0.018964812,0.026933923,0.008873969,0.03471592,0.01738146,-0.0047367513,0.017965347,0.024484426,0.008601248,0.017806381,0.036304966,0.026613623,0.022030085,0.011878461,0.0053617656,0.028899342,0.01143086,-0.0012005866,0.018346637,0.030810356,0.010644227,0.020500124,-0.009400517,0.036325604,0.5560955,0.0297575,0.013370037,0.29800007,0.030329376,0.017703861,0.03287247,0.01884833,4.153705,0.002687782,0.03711021,0.03209594,0.009540379,0.012973875,0.010931939,22.46752,0.09628233,0.046649337,0.0212093,0.03293377,0.04140693,0.018369377,0.025635764,0.04109463,0.040070385,0.038867116,0.018761873,0.031897485,0.03608659,0.03224784,0.02295044,0.01303497,0.047632366,0.04231456,0.050037652,0.038402706,0.026878864,0.034261256,0.04735294,-0.0057539046,0.03732732,0.041754007,-0.029577106,0.033435732,0.028387576,0.036988363,0.026183188,0.023792803,0.033686697,0.024220318,0.022521764,0.023889601,0.022249728,0.05282381,0.05947721,0.008054823,-0.080989,-0.02204901,0.15668473,-0.0026234388,-0.0037929118,0.0133547485,0.018688828,0.018874824,0.009060055,-0.04414758,2.5565288,0.00545004,0.011525124,0.023629636,-0.00057294965,0.007000178,0.52319574,0.008951813,-0.084988505,-0.0030211806,-0.010476798,0.026811272,-0.12379697,-0.031522006,0.011643887,0.013663322,-0.023126394,0.00067803264,-0.021667123,-0.017611355,0.0037693083,0.01561445,0.012233347,-0.020919412,-0.1792709,-0.043224245,-0.23137406,0.019140929,-0.05081013,-0.09099528,-0.07394263,-0.28322676,-0.015660793,-0.07649532,-0.027784497,-0.009528816,0.020331323
TEST_07+5일,0.0029439628,136.74158,-0.023007363,-9.164214e-05,-0.069842935,0.010908067,6.996967,-0.03827098,-0.017725706,-0.018967062,0.028158695,-0.039152116,-0.062500924,0.00027045608,-0.020359546,-0.037348986,19.851736,0.017567903,-0.15081832,39.75379,11.271224,-0.069016546,-0.02338183,0.023182243,31.33338,-0.7770878,-0.18857226,3.0088809,-0.06101936,0.01438567,0.0043643713,0.0104883015,0.009705186,0.019922525,-0.041916013,-0.009740561,2.9734004,-0.03901431,0.025191933,1.7529141,0.11474165,0.008667052,-0.092338085,-0.043969363,0.014321595,0.012064964,-0.013361931,-0.053292364,-0.009738177,-0.06957063,1.3281373,0.0076741576,1.3375801,-0.019569308,-0.0022121966,0.020867497,-0.0028793514,0.0044035316,0.040733963,0.0055108964,0.008832365,0.063183516,0.29531398,2.4187925,-0.020792961,-0.012465626,-0.014926821,0.016964227,-0.023716033,0.010346502,-0.0005249083,-0.027279645,-0.0135703385,-0.0025527775,-0.029236466,0.008640349,0.025938421,-0.0067557395,0.008203357,-0.011521906,-0.022779137,0.02150932,-0.021644682,-0.07883838,-0.02491358,0.028335959,-0.00498417,-0.0049218237,-0.03156647,-0.014768183,6.630074,0.016699463,-0.004261881,0.32641244,0.008727938,-0.020980686,0.029413372,-0.026402712,6.584775,0.0036354363,0.031395108,-0.0055509508,-0.05532241,-0.0039788485,-0.022028327,28.357676,0.3172625,-0.016771913,-0.0016847551,0.027583808,0.0008391738,-0.015723467,0.015073448,0.04144731,0.0391213,-0.01853156,-0.01939109,0.020394534,-0.006975174,-0.020914108,-0.0052140057,-0.31148997,0.04652062,0.044007808,0.051486164,0.042649537,0.01753661,-0.04060957,0.025585324,0.05481997,0.027470618,0.040456682,-0.49997982,0.022258282,0.02607131,-0.00090804696,0.0038982332,-0.04475084,0.028769106,-0.029038101,0.0051277876,-0.017347991,0.0064299405,0.056176454,-0.013673693,-0.004724741,-0.107993364,-0.13278177,0.115569025,0.0006186366,-0.046712786,-0.023117632,0.007007122,-0.0021907985,-0.0042696893,-0.10210785,5.6807303,-0.014516979,-0.0036132634,-0.01579091,-0.0135279,-0.009573072,0.2231603,-0.008215129,-0.14890033,-0.020723492,-0.115089506,-0.01807955,-0.06660077,-0.030388683,0.006042093,-0.011322647,-0.038309395,-0.009466082,-0.04550135,-0.06308362,-0.0068692863,-0.0046376586,0.009388715,-0.063685685,0.41801134,-0.086731195,2.254635,0.004464239,-0.06489733,-0.2103307,-0.16415739,-0.79327357,-0.080973536,-0.06173566,-0.12581351,-0.044165105,-0.020736068
TEST_07+6일,-0.048205465,62.530415,0.97029316,0.01304844,-0.016032726,0.04256144,19.165644,-0.023908883,0.023751616,0.0015417635,0.040497333,0.025205284,-0.0021200478,0.0032668412,-0.032227725,0.0075425804,36.907505,0.039757222,0.11376098,66.46781,16.600758,-0.008961409,0.015567929,0.031940013,61.238873,9.678184,-0.21650067,37.971966,0.0038184822,-0.00056663156,0.0013781488,0.037126213,0.027757078,0.029355496,-0.009932488,0.011939347,5.766709,0.011347681,0.055439502,4.1223392,0.33809403,0.02421394,0.007491559,0.0060084164,0.035149604,0.056168824,0.012948781,0.29077473,0.015731663,0.71611524,6.128799,0.014504701,2.6389983,-0.0098306835,0.064097196,0.017443687,0.025594264,0.020164937,0.038226753,0.011003524,0.41250077,0.7144997,1.5825906,6.042958,0.71087813,-0.038112015,0.016736418,0.026087314,-0.0072300136,0.014698535,-0.005442828,-0.022032708,0.0068140924,-0.0022964776,-0.024641871,0.034995228,0.017989308,-0.013293952,-0.022487253,-0.02860719,0.009224206,0.022033364,0.009419471,-0.015277833,-0.0035360157,0.032936126,0.01003781,-0.02482143,-0.008768022,-0.012743145,29.372202,0.03771153,0.013901174,1.210673,0.03343281,0.0032152534,0.0304375,-0.020186126,13.021663,0.02609232,0.023670703,0.014909893,0.0679563,0.016017824,-0.021888345,47.70572,0.9968331,0.8055148,-0.005125135,0.02236572,0.17200741,0.007440597,0.04072407,0.043366104,0.050898343,0.02205941,0.0010304749,0.017278224,0.4451901,-0.00026008487,-0.0068653524,0.62270725,0.049260765,0.016839415,-0.0053919256,0.046083122,0.015523344,1.4352454,0.026241452,0.77791655,0.04307285,0.049523503,13.302333,-0.058778584,0.035329103,0.07640973,0.0080341995,-0.0120948255,0.027425915,1.7147994,0.0057084262,0.012108296,-0.026253045,0.05751434,0.32634583,-0.034558803,37.79891,-0.11872223,1.175942,-0.09637484,0.9941262,-0.031793088,0.030509561,2.2900896,-0.031699747,-0.032961547,7.161669,-0.02042368,-0.0046675205,-0.07187119,0.3620619,-0.00090637803,3.7467425,0.012139887,0.08019039,-0.109363675,-0.036898613,-0.1558966,-0.08211091,-0.17681259,0.028551191,-0.07924631,-0.06999943,-0.027358383,-0.04855886,-0.15958682,-0.008832037,-0.003874451,0.040042073,-0.030297369,0.35261568,-0.20815453,4.817731,-0.19550666,-0.3561947,-0.37176576,-0.1569657,0.74115074,-0.21379587,-0.22034773,-0.24794373,-0.13313028,-0.06574401
TEST_07+7일,0.46764413,0.02889505,7.578194,3.816344,0.7668015,0.23315874,0.34508672,-0.03569278,2.0040157,-0.015707701,0.02448824,0.08014992,-0.02965793,-0.026714295,-0.037471503,-0.0017586648,-0.12192854,0.4604374,1.1505595,-0.020354837,0.025855452,-0.020354956,-0.008815616,0.007279545,0.033848673,-0.0075081885,0.005341679,34.22937,1.3506966,0.44264475,0.2977591,3.124962,1.5569355,1.3360226,-0.025268108,2.0917342,14.656037,1.49531,1.4900287,14.63637,0.9394301,0.7599473,-0.0441902,0.0034802258,0.020028025,2.51438,0.018715054,4.8478937,0.14380279,6.3445783,11.614926,0.005446106,5.429372,-0.0150823295,1.9093581,-0.0019801557,0.5134945,0.2779607,0.013949305,0.008972555,6.63285,5.234809,5.675918,10.564955,4.9505296,0.65653455,0.024405628,0.03469506,1.480038,0.024608105,0.39066795,1.075061,0.022944719,-0.012455136,1.2273513,0.04066518,0.005358845,0.8482517,0.006398827,0.6087301,0.43919447,0.25055352,-0.02568695,-0.029732555,0.88552845,0.024512798,0.26892862,1.1114017,0.5520593,1.5866762,0.725098,1.0091233,4.5053487,8.406963,1.098737,0.30382177,0.021891743,0.5084517,9.09911,4.3187304,1.8112129,1.5453994,3.1522121,0.0014278591,51.6733,2.689815,10.377955,8.151829,3.725643,-0.013154,4.1867056,0.40336758,1.1761465,1.0036162,0.050788313,1.2401446,2.3011243,1.1512601,3.9274132,1.7371563,2.1809244,-0.027516931,0.007564217,0.020301133,0.0323855,0.018522292,-0.013217419,0.05428973,0.020451576,0.0011327565,0.017502338,0.0095154345,-0.08021131,5.7243657,0.6740383,4.4872375,2.8262756,2.895185,1.8771123,10.228471,2.3726723,1.9176589,3.1942594,0.9819063,4.3956313,-0.023197025,-0.06039104,-0.03443548,4.2749414,-0.040987104,6.0659747,-0.03789565,0.03573075,5.5594745,-0.03368494,-0.06736609,9.015197,5.4921556,0.0008482039,-0.04178062,5.4463406,-0.0066476166,6.458228,2.2795742,5.479127,-0.12757894,-0.03835675,-0.058265895,-0.10574338,-0.09579614,0.014848143,-0.042549938,-0.030916959,-0.1618546,-0.12019822,-0.1275967,-0.051162213,-0.061397642,0.0020767748,-0.087172955,-0.24274781,0.101608604,0.78340733,-0.16551802,-0.2488589,1.3430353,-0.20963416,8.633109,-0.15512738,1.1720041,-0.15363988,-0.13001975,-0.23844668
TEST_08+1일,0.054905325,0.02044478,3.0484762,1.1478883,0.053629667,0.09982458,0.07990947,0.008223683,0.082286984,0.04480055,0.051472813,0.035195976,0.019206434,0.009799749,0.019015342,0.01667133,0.043674856,0.061557204,0.012111694,0.06225434,0.056313425,0.051703483,0.04266265,0.023623735,0.07314578,0.061420828,0.06553963,0.047056347,9.40626,2.2384026,2.1432183,1.1836568,0.14035752,0.04251972,0.018134326,2.6481848,14.16203,0.022862583,1.2707301,11.959179,13.476682,0.036565095,2.744731,0.014953762,0.021114975,0.8967885,0.04340747,1.6343464,0.025848418,1.4240764,5.4542866,0.024598747,3.676712,0.045184284,1.1789268,0.054093033,0.07297018,0.041825324,0.04903224,0.035728484,3.8151321,7.5639195,14.213149,6.3062663,11.232602,0.22564235,0.023963839,0.8657321,1.62803,0.01784125,0.7868165,1.5319277,0.24266258,0.08511153,1.3272511,0.039539963,0.0374327,1.162908,0.035057575,0.46798816,0.04379025,0.048392087,0.07140198,0.49974623,0.789076,0.058723718,0.9039775,0.7670802,1.5493301,2.2882419,0.042340547,0.9667455,0.14710107,2.3350234,0.017730981,0.047341138,0.036376625,0.014830619,9.796184,0.7473875,0.2006084,0.0483326,1.6641945,0.022876412,212.60832,-0.36070952,28.416079,1.0675732,0.39293423,0.04818383,1.0214082,0.029425293,0.06412378,0.058843523,0.034114867,0.6028552,0.025722772,0.025650054,1.3246809,0.0594894,0.0067972243,0.03423682,0.089751154,0.03725782,0.04918936,0.049174815,0.023150474,0.040840536,0.085508734,0.028645664,0.053497225,0.061118633,0.04600826,0.03716734,0.03834775,0.05199662,0.03181079,0.0327231,0.034397632,0.0515714,0.020809084,0.040151387,0.037966996,0.029603392,1.1953143,0.015162975,-0.04206571,-0.007598728,3.5407383,0.010726124,1.7594715,-0.003627628,0.023679405,4.7366853,0.001267463,0.00871399,10.263886,2.153921,0.083174616,0.007255465,4.2009225,0.014492661,3.3427422,1.1811768,2.2982376,0.008421212,0.014074355,2.129438,-0.06775889,0.0042274296,0.01829496,-0.021853417,0.01814285,0.016606003,-0.06774029,-0.048538417,0.017444283,0.017595083,0.022289783,-0.00078341365,44.53346,16.893023,63.24126,7.305561,34.356556,31.568998,16.152435,208.07744,73.07692,67.7653,83.19556,14.372161,81.10686
TEST_08+2일,0.06372777,0.19151488,0.0923529,0.092588335,0.051362306,0.10288921,0.7510184,0.013452321,0.07505408,0.048888713,0.06295732,0.039321154,0.019972295,0.022232324,0.03172472,0.025771052,19.661303,0.06501183,0.012635738,54.560055,3.2433245,0.05450061,0.04699841,0.04445067,0.079455644,0.053194076,0.073280126,0.08525506,0.99074614,0.09988108,0.09106818,0.11182645,0.08308038,0.060765535,0.016974121,0.13345137,6.522745,0.026296765,0.30324617,3.8682072,2.2073948,0.042769343,0.21335903,0.041065603,0.031995207,0.103517205,0.035485536,0.4836873,0.026806027,0.07583597,3.0336788,0.024111897,2.6284964,0.043519527,0.20387211,0.06323019,0.074366,0.038175613,0.05174616,0.04764989,0.23748448,1.4250995,4.0872917,2.746082,2.5467992,0.06984082,0.02783081,0.10185149,0.09417012,0.022242099,0.08315578,0.09154025,0.057650775,0.07373276,0.051671416,0.036383778,0.04623583,0.086906105,0.047923714,0.09354594,0.050461978,0.06949332,0.09635213,0.10218826,0.07949343,0.07281104,0.082544714,0.045946866,0.057171255,0.064846784,0.029122263,0.10888997,0.054991037,1.2151548,0.022793382,0.04003778,0.039690167,0.0081216395,4.7479763,0.0990825,0.08711007,0.060686737,0.8828765,0.024244815,0.06804004,55.219395,1.9064707,0.06994364,0.075203925,0.059274107,0.08368459,0.018954545,0.05708775,0.07150379,0.039471895,0.057646066,0.026129037,0.04037717,0.35719684,0.06317821,0.0033124983,0.030392677,0.24681893,0.04310265,0.060238272,0.1359488,0.044090062,0.06331697,0.88163006,0.026736826,0.0591096,0.09394303,-0.041379422,0.03463283,0.032107025,0.057875544,0.035521775,0.02940479,0.039903373,0.04374519,0.023825377,0.035113364,0.036721617,0.040647656,0.14422682,0.022189885,0.021167904,-0.013151497,2.054031,0.019252688,0.14844337,-0.00982222,0.023890764,1.8816382,0.016854912,0.017344981,4.407024,0.039416105,-0.00012585521,0.002481848,0.82755435,0.010871083,0.11118141,0.08905211,0.046435148,0.021093875,0.019788057,0.048579365,-0.0022564232,0.017549187,0.02592507,0.018728167,0.0142304,0.023379236,0.038228065,0.052014858,0.026496202,0.02699998,0.035683364,0.024502069,0.05839935,0.015493542,-0.012962669,0.06613985,0.007010609,-0.016519278,0.04240194,-0.24365386,0.042514592,0.05281058,0.09369841,0.0454866,0.10092774
TEST_08+3일,0.036630362,-0.1404576,0.4306201,0.047893256,0.038053542,0.08914086,0.35862938,0.022644728,0.39594534,0.0540134,0.06284782,0.045631677,0.026317805,0.032265455,0.03098777,0.028421134,-0.4995748,0.058974028,0.01554963,12.924536,5.077163,0.04989195,0.047996372,0.04171881,0.21947172,-0.11822805,0.047611624,3.941004,3.3508961,0.67147756,0.9475516,0.15975699,0.05638203,0.05333063,0.014557391,0.31809375,7.5780506,0.030970842,0.2821401,4.3687615,3.0409281,0.035465926,1.7785816,0.029990286,0.032675177,0.083690554,0.026009172,0.89565146,0.029914528,0.66974664,2.883364,0.025855869,2.7206454,0.04252872,0.30076525,0.06445965,0.070560545,0.04466155,0.05285707,0.04594955,0.23526797,1.1395562,2.8581798,3.5838072,1.8633512,0.03437093,0.029676348,0.24863747,1.0081295,0.031725198,0.9581461,0.21992844,0.048209876,0.049794108,1.2500674,0.025111407,0.052695364,0.9154699,0.047436684,0.8363043,0.022013694,0.06641978,0.05047895,0.0739415,0.055600792,0.062387794,0.034193784,0.16066614,1.1305047,1.8708793,22.038643,0.090393364,0.036374927,0.83997035,0.027431399,0.02851215,0.042408556,0.014118224,4.3876266,0.06580046,0.07196835,0.05215034,0.55801183,0.027475566,0.061974198,38.841187,1.3833193,0.3697348,0.0545983,0.059984773,0.06265813,0.017585307,0.050455004,0.06986162,0.044767648,0.050863385,0.020095557,0.04196796,0.37897205,0.057513297,0.009420365,0.060225695,0.14486322,0.043165475,0.06829879,0.05480832,0.04110226,0.04984054,0.42721012,0.01556614,0.068476826,0.084950775,-0.67021465,0.039077193,0.036394686,0.058211476,0.03546545,0.024966985,0.04480651,0.03737554,0.02442804,0.032870382,0.036057025,0.048316747,0.86314785,0.019761175,77.9743,197.33418,2.2837007,0.018639892,1.069072,0.004355103,0.03144452,1.4368889,0.013742834,0.008327514,5.1068397,0.044111818,-0.13410315,0.016623765,0.97875357,0.0074798763,0.8238666,0.03527662,0.7300675,0.017134339,0.016404122,0.30623832,-0.0012360513,0.0142039955,0.02758053,0.005613953,0.0021844804,0.018188745,-0.02622673,0.03377703,0.01657936,0.028942734,0.0348939,0.010270268,22.115282,10.898632,34.19151,3.4761703,17.681742,19.936127,6.878848,210.69608,34.92171,53.342747,76.28956,8.515288,27.394407
TEST_08+4일,0.0066105425,24.451363,0.6597426,0.06833425,0.028428823,0.093024045,1.2533256,0.020476371,0.33654347,0.04950109,0.045429558,0.040263385,0.021466404,0.027271181,0.0057462156,0.019048959,2.7941718,0.048803598,0.015575916,14.455882,9.338906,0.04187253,0.045075923,0.037679702,2.8870645,0.18047419,0.042856127,-0.47178802,2.3507965,0.73789465,0.99706864,0.7455491,0.028245598,0.042574793,0.008804113,0.34513786,7.999085,0.017892033,0.37664995,5.017018,3.444435,0.028517276,1.6772512,0.042892367,0.046693236,0.06646839,0.027211517,1.0200205,0.029207975,0.5475633,2.5403187,0.02259162,2.9148753,0.036836654,0.44390312,0.060111076,0.099574834,0.037489742,0.050273627,0.042143255,0.2728525,1.088862,2.4378736,3.0592275,1.6386447,0.015024573,0.023331016,0.5465865,1.0343207,0.028158814,1.0637885,0.28166738,0.04476753,0.0314025,1.1842883,-0.0071192086,0.05423823,1.0373447,0.05671385,1.046967,0.011193305,0.049902648,0.050826937,0.061334997,0.039290458,0.031844646,0.05509153,0.6535398,1.1545335,1.9177386,21.576662,0.07701972,0.027790934,0.90510976,0.021821767,0.014621407,0.039848417,0.00844422,4.849158,0.08613387,0.057596594,0.040859133,0.52811897,0.020211667,0.055006295,41.58017,1.2968298,0.28685954,0.05328563,0.05056873,0.039979964,0.020826966,0.03686443,0.06332275,0.039993256,0.043601662,0.008600742,0.0357531,0.34167376,0.05088058,0.006111771,-0.047675222,0.6089702,0.06855658,0.11809245,0.5896412,0.053532332,0.06438139,0.7567441,0.105677694,0.15895781,0.1103231,6.175573,0.053905874,0.03465107,0.063194424,0.033015877,0.028919846,0.044090062,0.042975098,0.022602588,0.029734522,0.04516104,0.044933528,0.662881,0.023575455,78.3204,191.02798,2.0289474,0.017488867,0.88223135,0.01061216,0.029245764,1.6217395,0.024749309,0.01236549,5.3491106,0.03523639,-0.25177357,0.01985529,1.182476,0.0050795376,0.5806726,0.03567341,0.62111557,0.012693793,0.011629969,0.77094364,0.001039654,0.01902929,0.026969105,0.015157014,-0.003815502,0.02214089,0.012562305,0.036643773,0.021693736,0.026557595,0.021770865,0.002224356,20.578772,9.36873,30.89805,4.4381127,17.135687,19.04098,7.6595483,189.98982,24.132524,43.941715,54.685757,14.220309,25.731928
TEST_08+5일,0.028678328,88.63569,0.5816914,-0.023949891,-0.008474082,0.030229002,12.26184,-0.026703328,0.26800624,0.009675413,0.02342084,0.021322995,-0.02903983,-0.008300215,-0.037358195,-0.010213941,42.61957,0.013666242,-0.032407075,67.63053,16.489943,-0.008014649,0.009728283,0.0020745099,24.293264,15.14162,-0.18289015,-0.28291628,1.973961,0.6769563,0.83214045,0.8446119,0.011038095,0.0006676018,-0.02499649,-0.013098389,9.344077,-0.01090315,0.0540767,5.6014743,3.4687302,0.0042556226,2.0605109,-0.03885612,0.017368346,0.025672942,-0.027677745,1.068193,-0.014193505,0.8038068,2.8726072,-0.016300112,2.6448243,-0.01307711,0.14433816,0.029488593,0.002322644,0.012309521,0.030159563,0.0019690096,0.19403496,0.7903985,2.812976,3.748017,1.4984262,0.081890255,-0.0131106675,0.20294914,0.99017537,-0.0060337484,0.9327712,0.11220011,0.01883033,0.009085089,1.2646474,-0.050134033,0.020389467,0.82838774,0.037719637,1.0745258,-0.015171677,0.022426158,0.00041684508,0.025399178,0.0026133955,0.0089586675,0.002189666,0.39226386,0.79785943,2.4038613,51.893215,0.0464904,-0.024241775,0.8716657,-0.015677541,-0.020741433,0.0031486452,-0.03766343,6.1906734,0.23555008,0.024940878,-0.0032384098,0.76963985,-0.00838992,-0.027972728,42.2556,1.1631199,0.44185337,-0.023061365,0.018592805,-0.0031250417,-0.031846732,0.013340145,0.0317519,0.020976871,0.0019298494,-0.03598824,-0.0052823722,0.17393139,-0.008986622,-0.039671987,29.437082,0.58654904,0.09131995,0.25479367,0.91520286,0.02425602,0.3918263,0.75665843,0.19483086,0.5063395,0.03561029,73.16459,0.0016934574,0.0061416924,-0.013156503,-0.019227594,-0.024622113,0.0031159222,-0.035880238,-0.024571389,-0.020502836,-0.0060119927,0.019990116,1.0215625,-0.022978336,3.0326655,209.27068,2.3164604,-0.009532183,1.02781,-0.04742393,-0.0070199072,1.8513186,-0.017241687,-0.037391037,7.341351,-0.029093057,16.316704,-0.044285446,1.2480145,-0.030012876,1.1173617,0.018702358,0.42492238,-0.027378231,-0.03701201,0.8778889,-0.04689607,-0.025063783,-0.003736049,-0.04852,-0.048473984,-0.01880017,0.056485802,-0.030121714,-0.016331226,-0.022069126,0.0023031533,-0.044148773,23.034426,11.045918,33.252026,4.6302314,16.086397,21.089256,6.6078377,214.35503,40.872593,51.435898,103.63271,22.560514,39.758804
TEST_08+6일,0.7914454,108.28213,2.7462828,0.18525514,-0.027920932,0.03288248,26.70845,-0.049554795,0.4786506,-0.032871693,0.013369173,0.0053956807,-0.052324623,-0.04425463,-0.054308742,-0.03052494,96.66039,-0.02816698,0.01248619,138.91429,25.663656,0.11141083,-0.012972325,-0.012256473,74.186516,22.31009,0.4819335,89.63789,3.2545831,1.0797386,0.6614189,1.9828693,0.115935594,-0.026460022,-0.058985323,0.034866244,15.951371,-0.022039503,0.515828,12.045154,5.5573316,0.029171914,3.3544645,-0.012995511,-0.0043365657,0.92475677,-0.037014455,2.5725694,-0.034988552,1.949749,5.6375318,-0.041791648,3.9192665,-0.04717818,0.9873743,-0.010764331,0.06947389,0.14525536,0.00441131,-0.029462427,1.8388946,1.2627121,5.7156835,6.47489,2.4228184,1.3770295,-0.023389906,0.28336677,1.8142744,-0.047045857,1.2947198,0.876536,-0.0045851767,-0.013182253,1.423994,-0.015806526,-0.018040031,1.4502194,0.013935953,1.4737728,0.15906766,0.10384497,-0.016262084,0.076811224,0.43260208,0.15573362,0.18290654,0.7559143,1.0665994,3.3618557,73.789116,0.10539541,0.99906504,2.4671924,-0.03649226,-0.091697544,-0.025087923,-0.07229325,14.892083,2.034864,0.80972016,-0.024101824,1.443918,-0.03600064,-0.054410994,77.71191,1.7809452,1.425718,0.40764394,-0.014391512,0.69477296,-0.067435,0.45808646,0.0045478046,-0.0021087825,0.101148516,-0.05374667,-0.039121777,1.5447131,-0.037747294,-0.07096419,62.014484,0.80842113,-0.0029307306,0.32277396,0.7328545,-0.010224551,0.021443695,0.8868872,-0.0060289204,0.16845581,0.025254875,86.29789,1.7398416,-0.029274613,1.71672,0.40795866,0.52301145,0.218519,4.3860755,-0.056359917,-0.04415229,0.35062513,-0.0155852735,2.0087996,-0.04453966,217.08032,216.10484,3.0754347,-0.04012391,1.7185179,-0.08756623,-0.02181986,4.072341,-0.05693993,-0.03811845,12.214524,0.8046876,100.238205,-0.07573536,1.9427456,-0.05359468,2.401869,0.48746642,1.3551196,-0.05543384,-0.038829893,3.1410651,-0.07973346,-0.11457071,-0.009467632,-0.10968253,-0.13887498,-0.05326411,0.79466546,-0.31878802,-0.056379646,-0.08124086,-0.0074489415,-0.060338587,30.412254,12.209631,39.487,4.582049,22.69222,25.465906,7.243732,215.69029,57.544056,49.769955,208.5755,24.984205,54.08274
TEST_08+7일,5.622768,-0.008612722,8.853045,6.4718037,1.7856714,1.2754594,-0.075582474,-0.054763883,1.6522797,1.0772785,2.675261,0.70999396,-0.058637112,-0.048722,-0.07108036,-0.029645175,0.005324155,0.8225111,1.006801,-0.2007018,0.006936699,1.968247,0.84765947,-0.02973792,-0.0013471544,-0.035414428,-0.02403745,62.131165,9.657661,3.8219962,3.2221434,6.7827725,1.9976637,1.8796123,0.03331378,2.8625891,49.72362,-0.031888872,2.3406718,45.78695,18.442883,1.5445093,4.146977,-0.04954657,0.5308523,4.177168,-0.018564433,3.969143,0.46377543,4.377085,9.914979,0.57209647,6.2366815,0.07383701,2.8398726,1.1426625,1.284658,1.7073147,1.3803526,-0.023219794,9.167401,6.8577847,14.957388,9.9971075,8.939266,3.1257222,0.044840664,1.5469948,4.1050367,0.6526216,2.7308457,3.7333944,1.0851306,0.98365796,3.7267241,0.34337422,0.5536947,2.5540197,1.0931854,3.5988526,2.105708,1.4279953,0.9684526,1.8618612,2.055134,1.5515074,1.9934292,2.8913858,3.0709488,5.557236,-0.19446334,1.8326333,4.2006927,8.484709,0.8471974,0.7842722,-0.0267286,-0.03327021,8.304189,7.186991,2.2220445,1.4779941,3.396625,-0.023319334,178.03148,-0.17889604,18.96778,4.474398,3.4982855,2.1335454,3.7562099,0.9456049,1.819596,1.9717097,0.012507856,1.2308481,1.2628654,1.3027487,3.7522879,1.7109061,-0.07048157,-0.064619154,-0.02301523,-0.022241682,-0.009575456,-0.022996753,-0.044258207,-0.022191614,-0.017997116,-0.025737137,-0.021427184,-0.020822018,-0.07115504,4.9089108,2.5360148,5.214581,2.5402882,2.2425883,3.2225204,10.408269,1.4929658,1.5184649,3.9362524,2.2101383,4.0135508,-0.03351751,67.021034,-0.035494655,8.143024,-0.03893575,6.138886,-0.055921942,-0.016328424,12.35428,-0.03303179,-0.04822108,17.60095,4.445967,0.0030327141,-0.06069389,8.935071,0.014148325,5.655292,4.697589,5.708714,-0.050670236,-0.04419729,7.2940574,3.151291,3.186377,0.0023219883,3.0562944,-0.033874303,9.300404,15.657556,11.253729,1.526783,1.3402603,0.3850992,3.66802,55.472675,29.363907,67.133896,14.71846,37.64567,56.227345,26.995283,220.83928,83.630394,70.39013,145.2354,19.19057,99.16017
TEST_09+1일,4.58022,0.009203374,5.5872455,2.0417297,0.2787961,1.4055604,0.043205142,-0.0040112436,2.3017716,1.0488304,0.02907446,0.03973773,0.4619607,2.1538277,16.735361,0.6294569,0.06554082,0.016808182,1.4547538,0.09669641,0.08661559,0.011228114,0.09106699,0.01990071,-6.765127e-06,0.008322269,-0.2334108,0.019090205,9.254228,5.111643,3.192623,2.3425248,1.7114488,0.8055092,-0.027572721,3.8912108,24.283836,0.021173865,1.989858,17.216515,16.770847,1.6465994,3.7256076,0.030838758,0.085026175,0.69771004,0.022030145,3.2787478,0.013549477,2.7817848,9.508862,0.023693949,4.015307,-0.006993741,1.9364911,0.0758169,1.0430664,0.8329319,0.091957,0.024461657,7.006481,12.695758,20.06924,10.584832,10.206273,1.164306,0.055918723,1.2407941,2.0659463,0.1186991,1.6354612,2.261287,0.484345,0.0065096915,1.7992388,0.043132335,0.051021248,1.2157599,0.044464737,1.5692145,0.4415343,0.15767017,0.12576357,0.42446855,1.7772526,1.2854029,0.94216526,1.0901102,2.020129,2.4807527,0.009494752,1.7768816,2.4892342,5.8829365,0.032592922,0.0071876347,0.04441443,-0.021398395,16.298693,3.1119478,1.2566916,0.1918731,3.525447,0.11450449,211.062,-0.07673791,33.011425,3.1193883,2.0259907,-8.150935e-05,2.453456,0.000651747,1.0378436,0.044343263,0.06191197,0.97793126,1.9495331,0.99852943,2.4351513,0.7151269,-0.04023561,-0.020370454,0.06882134,0.04925719,0.036366016,0.040272504,0.01800099,0.04302588,0.08609536,0.04499498,0.07071844,0.041901022,0.039153844,-0.018611401,-0.0008369386,0.016959459,-0.0041223466,0.009999067,-0.0027696788,-0.02265343,-0.0057091415,0.0011492074,-0.0041997135,0.03191176,7.8416615,-0.021295756,0.05101964,0.034661204,11.851527,-0.015062779,7.986841,-0.053832024,0.016221434,18.258207,-0.026807636,-0.012135714,19.992407,6.0782757,-0.040222377,-0.039016575,14.216519,0.58232224,8.606754,3.8571494,8.300645,-0.015624136,0.0012839139,7.5814447,-0.1461657,-0.18406674,0.00393191,10.649901,1.6254333,12.284619,22.097225,26.526981,2.0328114,3.4318094,2.5388677,4.1822724,35.487682,19.347376,43.772984,11.483248,24.777996,34.642166,16.1025,184.20943,51.285313,50.21419,122.92499,25.405504,51.305714
TEST_09+2일,0.00048223138,31.889116,-0.030082554,-0.01513955,-0.06369123,-0.0049491823,-0.18307897,-0.050107926,-0.028937787,-0.039678305,-0.022843927,-0.028843254,-0.04653558,-0.014916629,-0.039461702,-0.020097584,17.506907,-0.038550586,-0.048279375,16.181255,5.865912,-0.04907307,-0.023854345,-0.020347089,-0.043060154,-0.061493486,-0.039536327,-0.08620939,1.1790916,0.00064209104,-0.04258725,0.020937711,-0.015645474,-0.036450833,-0.0517101,0.42226043,8.881309,-0.019662708,0.08732727,5.768169,1.8222362,-0.0021245182,1.5366732,-0.024777621,-0.010387987,-0.013453454,-0.03264126,0.4252744,-0.038902134,1.37846,4.041832,-0.04859385,2.8928034,-0.05590567,-0.037908882,-0.025328964,-0.023072332,-0.04134044,-0.008058399,-0.038909644,1.4858264,1.945676,4.3257914,3.998547,2.7569249,-0.046682686,-0.022410601,-0.01971075,-0.008077353,-0.051616877,-0.039215535,-0.039856523,-0.04844007,-0.036883444,-0.041166753,-0.012196273,-0.026304215,-0.05367109,-0.028590769,-0.019449562,-0.032715052,-0.030351609,-0.024305433,-0.03898725,-0.02938947,-0.021342605,-0.014163464,-0.052029103,-0.03592524,-0.048143476,-0.015758842,-0.0018124282,0.35144082,1.7655822,-0.03638026,-0.043792933,-0.018492669,-0.06376073,8.171404,0.09818116,-0.034310788,-0.036663502,1.7778388,-0.03376779,-0.051969975,62.28359,3.9436333,0.43287578,-0.040857524,-0.036992878,0.49172094,-0.055600137,-0.010947317,-0.014512628,0.005704671,-0.046064585,-0.022893399,-0.029560894,-0.021937937,-0.048488706,-0.06593546,-0.04371819,0.008413702,-0.0057329834,-0.004152149,0.0034901202,-0.02478394,0.0057976544,0.0010317862,0.013283521,0.03033176,0.001036793,-0.02786228,-0.047531456,-0.035507053,-0.040249556,-0.050172895,-0.045583814,-0.039902538,-0.050216287,-0.051105827,-0.05510375,-0.046412677,-0.022454232,1.1982337,-0.04830739,-0.014900804,-0.06367108,2.404271,-0.047945708,1.9088324,-0.07837567,-0.025761455,3.6929898,-0.053555697,-0.04767415,5.473429,-0.071991056,-0.066203326,-0.06618151,0.38006225,-0.044430584,0.7010952,0.030282527,1.8016437,-0.042570442,-0.036930412,1.8007156,-0.053253144,-0.06010863,-0.029610246,-0.045065492,-0.055112332,-0.03454563,-0.010372132,-0.028333277,-0.04271421,-0.04893872,-0.009172767,-0.05090031,-0.13836822,0.15485647,-0.115214914,0.01301828,-0.14676246,-0.18328509,-0.06258795,-0.17892787,-0.25842592,1.764731,14.328145,0.052916437,-0.051968068
TEST_09+3일,0.013320833,7.7737737,0.6269573,-0.030097812,-0.058852047,0.01796642,0.07967535,-0.0230982,0.13712278,-0.0268372,-0.015333861,-0.019841522,-0.030219883,0.073603064,2.1762996,-0.011268228,-0.45320567,-0.042533487,-0.029980034,6.339658,3.2430897,-0.025872916,-0.009589285,-0.02562496,-0.035476536,-0.21691665,-0.036073774,14.781298,3.0211005,1.0243757,1.0767349,0.34599295,-0.031005472,-0.020475239,-0.047813267,0.090538174,7.7314553,-0.016011685,0.22132555,4.4529023,3.385492,0.19885197,1.8269501,-0.019539207,0.002006203,0.0016340315,-0.03607425,1.1224,-0.033856124,1.1967523,4.439636,-0.042550176,2.688842,-0.05368659,-0.023821324,-0.022833198,-0.020291299,-0.030742496,-0.010098904,-0.032564968,0.9251727,1.348106,2.852969,4.623238,2.2744215,-0.025302738,-0.020600528,-0.0034228265,1.3388432,-0.047733158,0.88292754,-0.033893675,-0.03074488,-0.024956554,0.4910287,-0.013763994,-0.018470377,-0.019155353,-0.005869597,0.25545207,-0.01274094,-0.020051092,-0.025706142,-0.031511873,0.1272513,-0.027255386,-0.035020083,0.11105099,0.19651762,1.4766448,92.696396,-0.006167978,0.41899362,1.2142546,-0.030225605,-0.03844866,-0.02012536,-0.06272194,9.103356,0.04534164,-0.021732658,-0.027690977,0.44664684,-0.03249976,-0.034705013,20.759108,2.221415,0.8914901,-0.0055449903,-0.035890907,0.46656242,-0.053400606,-0.019757599,-0.02381286,-0.0023902357,-0.038858622,-0.042771667,-0.026543349,0.8842212,-0.03687367,-0.06644902,-0.020708412,0.024094969,0.00891462,-0.0041707456,0.003510505,-0.008185834,0.005738169,0.04158476,-0.0029185712,0.02790168,0.014738947,-0.076214164,-0.036614984,-0.03269252,-0.021156162,-0.04491338,-0.029346079,-0.03592691,-0.042155355,-0.047324747,-0.051219553,-0.033493727,-0.021128029,1.4673802,-0.042392105,33.822453,83.11739,3.0218837,-0.038167566,1.5027486,-0.07635221,-0.010359734,3.5059466,-0.051270932,-0.04224357,4.9901366,-0.035702556,-0.066192955,-0.060842365,2.0007467,-0.03722939,1.5061777,0.30549803,2.116879,-0.034320325,-0.024944037,1.6703008,-0.046329588,-0.06295547,-0.0155135095,-0.03987202,-0.060640663,-0.014110178,-0.00897786,-0.012883276,-0.040795416,-0.040344328,-0.024869174,-0.05576262,10.233869,5.5303674,12.194654,2.8752606,9.376051,8.420079,3.9081855,46.933746,20.729776,16.778185,65.58582,8.427623,15.407734
TEST_09+4일,0.062262684,16.264336,0.6948837,-0.05816564,-0.082924455,0.00077334046,0.66287863,-0.049445003,0.3210422,-0.048520654,-0.032162517,-0.032632917,-0.058375448,0.7463535,2.0908337,-0.027027458,21.473225,-0.076977104,-0.045639843,22.279242,3.1675081,-0.04960844,-0.023652047,-0.043384284,-0.03158745,-0.4755536,-0.0398632,-0.5168196,2.4200976,1.2498289,1.0260714,0.39483014,-0.072856754,-0.04381165,-0.082134694,0.1023747,7.9291573,-0.043322653,0.41283217,4.818134,3.4048278,0.50258124,2.2869642,-0.011428565,-0.011475891,0.008553654,-0.062868446,1.3215331,-0.058227748,1.4384396,4.0486727,-0.06756911,3.073765,-0.080901474,-0.004736036,-0.04736635,-0.046436638,-0.054869503,-0.0355452,-0.056504577,0.98568475,1.1393572,2.8257887,4.7793684,1.944574,-0.06591281,-0.04165086,0.23031607,1.3148931,-0.08349761,1.0089997,0.18739262,-0.043260545,-0.05600199,1.0413395,-0.029085964,-0.041027874,0.008393198,-0.010480732,0.87777126,-0.014739364,-0.04929611,-0.04719767,-0.044829458,0.54620254,-0.060936302,-0.052127212,0.6435511,0.6158446,2.128199,74.62438,0.043394476,0.5675777,1.2388326,-0.053886503,-0.06330356,-0.041353434,-0.09374651,9.433477,0.038628012,-0.047937006,-0.048354954,0.6161312,-0.070542425,-0.04081711,19.390476,1.804969,1.1660982,-0.014848083,-0.07102808,0.57988536,-0.07699022,-0.050094217,-0.040403455,-0.019786686,-0.057039827,-0.09233293,-0.05012068,1.01926,-0.05942902,-0.09688339,-0.23701105,0.026559502,0.08245292,0.0033324063,0.022969157,-0.0066729486,0.029488951,0.3841962,-0.017081708,0.17436448,0.0060299933,-0.7496041,-0.058848232,-0.0598422,-0.035202354,-0.07203993,-0.046085924,-0.066078514,-0.07108387,-0.075220436,-0.08183536,-0.052592367,-0.043138117,1.808672,-0.0685198,4.541344,94.81235,2.7944958,-0.0660325,1.757945,-0.09283075,-0.04075727,3.3475873,-0.05592546,-0.06094417,4.947416,-0.002787441,-0.093190044,-0.10075244,1.8342347,-0.06986663,1.6768049,0.50943387,1.6482172,-0.059568018,-0.05372724,1.8684007,-0.063955635,-0.0857819,-0.04924938,-0.050335735,-0.08823177,-0.040203184,-0.008813232,-0.028887123,-0.06693217,-0.07379493,-0.036587447,-0.08310601,8.945726,4.5634456,10.334096,2.4878461,7.717822,6.732231,3.3884213,38.529636,15.422275,18.065294,41.783184,7.161111,12.3978815
TEST_09+5일,0.047083765,65.57107,1.011418,-0.12583265,-0.11873683,-0.07257494,8.770768,-0.10618457,0.15288654,-0.08565256,-0.0841876,-0.07939562,-0.11157319,1.3827962,4.2835116,-0.08027622,61.698864,-0.1042473,-0.09951529,58.606762,12.897154,-0.09260854,-0.08514282,-0.104320854,12.605584,18.741302,-0.10921547,5.291052,1.9007461,1.1743072,0.80148137,0.52310336,-0.10432455,-0.10229406,-0.1255897,-0.0968909,10.535794,-0.1143665,0.000685364,7.1220803,3.4730344,0.24076632,2.4209487,-0.09429678,-0.07162449,-0.06973836,-0.121353,1.1413025,-0.109428376,1.5273885,4.387584,-0.11476442,3.0919654,-0.12187299,-0.08913562,-0.09055492,-0.1055536,-0.09134981,-0.085190505,-0.10337648,1.048415,1.037266,3.2739727,4.810302,1.5399287,-0.10467252,-0.10559794,-0.027721375,1.2412313,-0.11343679,0.79035175,-0.11837289,-0.092470974,-0.09189209,0.469152,-0.10582921,-0.09355387,0.15317026,-0.06722936,0.4572952,-0.07831892,-0.08405754,-0.10248324,-0.104697555,0.32767537,-0.1067985,-0.11244604,0.7935034,0.10804406,1.9742675,92.21158,-0.0811387,0.5387968,1.5421716,-0.10476181,-0.11299512,-0.09572682,-0.1260843,11.966523,-0.089413255,-0.0022731721,-0.10296604,0.41613653,-0.11925992,-0.13142988,24.54949,1.772138,1.0714623,-0.08984122,-0.107182354,0.5466467,-0.12476167,-0.108760804,-0.096542805,-0.08673844,-0.09276757,-0.12478456,-0.10681948,0.9785967,-0.10298893,-0.1308479,8.385014,-0.046068996,0.16048601,-0.059131354,0.07160416,-0.06607959,-0.037228793,0.18788043,-0.08434734,0.11098531,-0.075742334,28.379564,-0.11242303,-0.10927698,-0.12799057,-0.12427494,-0.111389965,-0.11469886,-0.14669439,-0.11998436,-0.13008842,-0.116522044,-0.09646401,1.4446944,-0.123349994,32.037876,212.62607,2.8720338,-0.11442265,1.5587257,-0.12554702,-0.10600099,3.4524179,-0.10584852,-0.12228629,5.160621,-0.1261178,-0.12368271,-0.13685319,1.6885986,-0.11045751,1.2745451,0.059814602,1.4298195,-0.11586222,-0.10888788,1.9643638,-0.12296304,-0.12808833,-0.09986088,-0.11460754,-0.13111338,-0.108471364,-0.095354766,-0.104548424,-0.11129424,-0.1171256,-0.0979453,-0.118415564,8.759634,4.2428107,10.795837,2.156076,7.114839,6.8714967,3.332984,43.98901,14.432245,15.914442,48.561966,7.51436,14.041276
TEST_09+6일,1.766498,66.275444,3.714014,0.4535264,-0.1254147,-0.02497527,8.159631,-0.19918522,0.5898218,-0.09877297,-0.111816615,-0.10039613,0.20747545,4.044574,23.13472,1.2564604,71.12474,-0.124135464,0.70764863,83.49697,20.543287,-0.11351082,-0.10846719,-0.13436732,33.218464,-0.062093586,-0.13822743,80.893105,2.3741157,1.4837667,0.7908939,2.0666652,0.28796282,-0.050938696,-0.15297303,-0.058128566,21.263702,-0.14379081,0.55401874,18.39474,5.249128,0.5267767,3.8483593,-0.12214622,-0.105192035,0.8228996,-0.15109071,2.5392058,-0.13984081,2.6268446,7.7904563,-0.13998863,4.7753797,-0.15663514,0.91445434,-0.124264926,-0.07116565,0.4837691,-0.11692974,-0.1336771,2.7538438,1.472021,5.6747146,7.135396,2.6738489,0.9667436,-0.12353107,0.017862111,1.8792082,-0.13774118,1.1751435,0.612867,-0.09101483,-0.11337504,1.069136,-0.09035906,-0.13212475,1.1319722,-0.09618148,2.148149,0.4245905,-0.10661098,-0.123639435,-0.07536051,1.0035362,0.0443708,0.0709683,1.7254156,0.8105804,3.8000615,91.12178,0.07426086,1.7013239,4.055395,-0.124987096,-0.14638588,-0.132534,-0.1595653,28.12253,1.8196679,0.90308535,-0.12108883,1.2723076,-0.1335673,-0.1636683,53.487453,4.3064427,2.6647623,1.2001289,-0.12802145,1.5235375,-0.15090546,0.35790542,-0.10871491,-0.11744031,0.2512999,0.08640745,-0.12156078,2.0106983,-0.11917719,-0.166818,-0.3247623,-0.03468606,-0.07419261,-0.08490774,-0.07265255,-0.106095284,-0.091407865,0.027154475,-0.10261366,-0.07337186,-0.11268613,18.835878,1.2428628,-0.12752244,0.4712352,0.06344023,0.45422724,0.13850358,2.3541179,-0.14690086,-0.1560472,0.018715888,0.02375403,2.6865642,-0.14531836,217.85918,104.80377,5.4692965,-0.1461254,3.4170105,-0.15286538,-0.13565144,7.9282107,-0.15190384,-0.14564118,10.997929,1.165857,-0.15186736,-0.16029689,3.2567294,-0.14950785,3.1478298,1.4381715,2.8567379,-0.15575144,-0.13682267,4.79674,-0.17809746,-0.17990562,-0.10598323,-0.16815445,-0.1452547,-0.34775612,-0.17380878,-0.17845032,-0.14165363,-0.14813694,-0.11232683,-0.13371894,15.120387,6.4260793,16.645037,3.3074849,11.066969,10.566976,5.104546,54.832287,22.153738,18.842318,63.17017,8.712884,19.274336
TEST_09+7일,11.354758,-0.020819396,11.8993025,7.6667924,2.2740564,2.6322055,0.2999033,2.8470032,3.7781072,1.8075056,0.01532951,0.3470705,1.7214432,6.018557,39.319477,3.5044394,-0.06907925,1.035229,2.9499047,-0.0788866,0.00087943673,0.31342354,1.2046196,-0.09299627,-0.08233926,-0.109438926,1.9242975,-0.15520939,10.04245,5.54625,4.41138,6.777131,3.4842274,2.1952558,-0.08072969,3.5725548,49.082813,-0.10123709,3.1516197,44.542175,19.897356,2.4110913,5.704602,-0.08003649,0.83617306,3.764743,-0.042064518,6.033426,0.42533585,4.87977,16.59275,0.90048385,7.0400696,-0.032272726,4.605328,1.23132,2.1920109,1.799962,2.229338,0.0420312,14.07841,11.067841,19.84096,15.981364,11.875555,3.7846656,1.1746451,2.0656142,4.623475,1.1759595,2.9713142,3.927891,1.6221992,0.9951714,3.5293124,3.5730462,0.25976107,2.80889,0.6028495,4.6900225,2.2394607,1.8146269,1.3531324,1.8572443,3.1414638,4.6131434,2.121497,3.738294,3.0649037,5.515929,-0.19804546,2.6670034,5.5919642,13.355632,0.96711767,1.1993458,-0.06253424,-0.08897957,22.56709,8.508534,2.8893707,1.7604783,6.7182755,2.7882323,144.85774,-0.6040299,28.061462,6.974119,5.5505223,3.4056716,4.96691,1.5068061,2.6915448,1.543111,-0.036536783,1.7556888,2.8933923,1.9979621,4.819603,2.3676887,-0.12132427,-0.08900091,-0.03927645,-0.0465748,-0.048742205,-0.06903669,-0.096488446,-0.07527152,-0.05981335,-0.07638249,-0.05977103,-0.08194426,-0.08151445,5.1253896,3.8943431,4.623945,3.0508325,2.418358,3.7507956,6.7752357,2.388759,1.6909343,3.8468401,2.7961872,11.453549,-0.089292735,6.736279,-0.086761564,14.6062975,-0.11059442,10.826538,-0.0958409,-0.10184774,25.155336,-0.096806854,-0.118703455,26.595346,9.201434,-0.11804065,-0.10665026,15.858312,1.8677751,10.588745,6.51027,10.165996,-0.12885043,-0.108382195,13.166113,-0.18106455,-0.1716474,-0.04436335,12.1378565,3.0110195,17.022343,29.235853,28.200203,4.027281,6.6616054,5.502947,8.182217,38.098667,23.125536,42.14256,14.158713,27.367407,31.85716,18.640821,150.85411,50.17608,41.997105,122.65589,27.207268,44.766373
