영업일자,느티나무 셀프BBQ_1인 수저세트,느티나무 셀프BBQ_BBQ55(단체),"느티나무 셀프BBQ_대여료 30,000원","느티나무 셀프BBQ_대여료 60,000원","느티나무 셀프BBQ_대여료 90,000원","느티나무 셀프BBQ_본삼겹 (단품,실내)",느티나무 셀프BBQ_스프라이트 (단체),느티나무 셀프BBQ_신라면,느티나무 셀프BBQ_쌈야채세트,느티나무 셀프BBQ_쌈장,느티나무 셀프BBQ_육개장 사발면,느티나무 셀프BBQ_일회용 소주컵,느티나무 셀프BBQ_일회용 종이컵,느티나무 셀프BBQ_잔디그늘집 대여료 (12인석),느티나무 셀프BBQ_잔디그늘집 대여료 (6인석),느티나무 셀프BBQ_잔디그늘집 의자 추가,느티나무 셀프BBQ_참이슬 (단체),느티나무 셀프BBQ_친환경 접시 14cm,느티나무 셀프BBQ_친환경 접시 23cm,느티나무 셀프BBQ_카스 병(단체),느티나무 셀프BBQ_콜라 (단체),느티나무 셀프BBQ_햇반,느티나무 셀프BBQ_허브솔트,담하_(단체) 공깃밥,담하_(단체) 생목살 김치전골 2.0,담하_(단체) 은이버섯 갈비탕,담하_(단체) 한우 우거지 국밥,담하_(단체) 황태해장국 3/27까지,담하_(정식) 된장찌개,담하_(정식) 물냉면 ,담하_(정식) 비빔냉면,담하_(후식) 된장찌개,담하_(후식) 물냉면,담하_(후식) 비빔냉면,담하_갑오징어 비빔밥,담하_갱시기,담하_공깃밥,담하_꼬막 비빔밥,담하_느린마을 막걸리,담하_담하 한우 불고기,담하_담하 한우 불고기 정식,담하_더덕 한우 지짐,담하_들깨 양지탕,담하_라면사리,담하_룸 이용료,담하_메밀면 사리,담하_명인안동소주,담하_명태회 비빔냉면,담하_문막 복분자 칵테일,담하_봉평메밀 물냉면,담하_생목살 김치찌개,담하_스프라이트,담하_은이버섯 갈비탕,담하_제로콜라,담하_참이슬,담하_처음처럼,담하_카스,담하_콜라,담하_테라,담하_하동 매실 칵테일,담하_한우 떡갈비 정식,담하_한우 미역국 정식,담하_한우 우거지 국밥,담하_한우 차돌박이 된장찌개,담하_황태해장국,라그로타_AUS (200g),라그로타_G-Charge(3),라그로타_Gls.Sileni,라그로타_Gls.미션 서드,라그로타_Open Food,라그로타_그릴드 비프 샐러드,라그로타_까르보나라,라그로타_모둠 해산물 플래터,라그로타_미션 서드 카베르네 쉬라,라그로타_버섯 크림 리조또,라그로타_빵 추가 (1인),라그로타_스프라이트,라그로타_시저 샐러드 ,라그로타_아메리카노,라그로타_알리오 에 올리오 ,라그로타_양갈비 (4ps),라그로타_자몽리치에이드,라그로타_제로콜라,라그로타_카스,라그로타_콜라,라그로타_하이네켄(생),라그로타_한우 (200g),라그로타_해산물 토마토 리조또,라그로타_해산물 토마토 스튜 파스타,라그로타_해산물 토마토 스파게티,"미라시아_(단체)브런치주중 36,000",미라시아_(오븐) 하와이안 쉬림프 피자,미라시아_(화덕) 불고기 페퍼로니 반반피자,미라시아_BBQ Platter,미라시아_BBQ 고기추가,미라시아_공깃밥,미라시아_글라스와인 (레드),미라시아_레인보우칵테일(알코올),미라시아_미라시아 브런치 (패키지),미라시아_버드와이저(무제한),미라시아_보일링 랍스타 플래터,미라시아_보일링 랍스타 플래터(덜매운맛),미라시아_브런치 2인 패키지 ,미라시아_브런치 4인 패키지 ,미라시아_브런치(대인) 주말,미라시아_브런치(대인) 주중,미라시아_브런치(어린이),미라시아_쉬림프 투움바 파스타,미라시아_스텔라(무제한),미라시아_스프라이트,미라시아_애플망고 에이드,미라시아_얼그레이 하이볼,미라시아_오븐구이 윙과 킬바사소세지,미라시아_유자 하이볼,미라시아_잭 애플 토닉,미라시아_칠리 치즈 프라이,미라시아_코카콜라,미라시아_코카콜라(제로),미라시아_콥 샐러드,미라시아_파스타면 추가(150g),미라시아_핑크레몬에이드,연회장_Cass Beer,연회장_Conference L1,연회장_Conference L2,연회장_Conference L3,연회장_Conference M1,연회장_Conference M8,연회장_Conference M9,연회장_Convention Hall,연회장_Cookie Platter,연회장_Grand Ballroom,연회장_OPUS 2,연회장_Regular Coffee,연회장_골뱅이무침,연회장_공깃밥,연회장_돈목살 김치찌개 (밥포함),연회장_로제 치즈떡볶이,연회장_마라샹궈,연회장_매콤 무뼈닭발&계란찜,연회장_모둠 돈육구이(3인),연회장_삼겹살추가 (200g),연회장_야채추가,연회장_왕갈비치킨,연회장_주먹밥 (2ea),카페테리아_공깃밥(추가),카페테리아_구슬아이스크림,카페테리아_단체식 13000(신),카페테리아_단체식 18000(신),카페테리아_돼지고기 김치찌개,카페테리아_복숭아 아이스티,카페테리아_새우 볶음밥,카페테리아_새우튀김 우동,카페테리아_샷 추가,카페테리아_수제 등심 돈까스,카페테리아_아메리카노(HOT),카페테리아_아메리카노(ICE),카페테리아_약 고추장 돌솥비빔밥,카페테리아_어린이 돈까스,카페테리아_오픈푸드,카페테리아_진사골 설렁탕,카페테리아_짜장면,카페테리아_짜장밥,카페테리아_짬뽕,카페테리아_짬뽕밥,카페테리아_치즈돈까스,카페테리아_카페라떼(HOT),카페테리아_카페라떼(ICE),카페테리아_한상 삼겹구이 정식(2인) 소요시간 약 15~20분,포레스트릿_꼬치어묵,포레스트릿_떡볶이,포레스트릿_복숭아 아이스티,포레스트릿_생수,포레스트릿_스프라이트,포레스트릿_아메리카노(HOT),포레스트릿_아메리카노(ICE),포레스트릿_치즈 핫도그,포레스트릿_카페라떼(HOT),포레스트릿_카페라떼(ICE),포레스트릿_코카콜라,포레스트릿_페스츄리 소시지,화담숲주막_느린마을 막걸리,화담숲주막_단호박 식혜 ,화담숲주막_병천순대,화담숲주막_스프라이트,화담숲주막_참살이 막걸리,화담숲주막_찹쌀식혜,화담숲주막_콜라,화담숲주막_해물파전,화담숲카페_메밀미숫가루,화담숲카페_아메리카노 HOT,화담숲카페_아메리카노 ICE,화담숲카페_카페라떼 ICE,화담숲카페_현미뻥스크림
TEST_00+1일,1.0,1.0,1.0,1.0,1.0,1.0704816018019283,1.084515368790097,1.0,1.707558872706144,1.0,1.6035159820868012,1.0188728193459748,1.0,1.5712715641203037,1.0,1.3445257097702312,1.7139592023534505,1.0,1.0,1.0,1.0,1.0,1.440405797683728,1.886688958893595,1.0,1.0,1.0,1.173554409605619,1.015394895631438,1.0,1.0,1.0,1.0890748171656646,1.0,1.2571757999672193,1.950841723077936,1.0052740281899954,1.4018592641996346,1.7420420219177326,1.1554509037181666,1.0,1.0,1.6218262144325857,1.0,1.5558993607992284,1.2478644929407945,1.025382181043499,1.601467369033342,1.0,1.0,1.3910522484406804,1.0,1.4058681423147257,1.0,1.0,1.025387993441728,1.0,1.3363954629684456,1.0,1.5762656883808868,1.0,1.0,1.0,1.0,1.0,1.0,1.0,1.553498507579093,1.0,1.46888373642486,1.1623010366417277,1.0734445767977194,1.341255397456603,2.0660432522725807,1.7260959324670169,1.0,1.0,1.969571761316772,1.0891078205118057,1.0,1.0,1.363042281707411,1.5804525632788815,1.0,1.1814593053303382,1.0,1.0,1.0,1.2251554402429508,1.0,1.0,1.6555373171349448,1.494581537086915,1.6487186049973124,1.0,2.132269259491246,1.0,1.0,1.696728055038878,1.0,1.0,1.6981210751817883,1.0,1.0,1.3079361960949945,2.084039439779122,1.2353016515683684,1.0,1.6441671546451722,1.0,1.0,1.0,1.0250497656678743,1.0,1.2915646437322672,1.0,1.603238263998168,1.0,1.1569030925131163,1.7033152368192246,1.0,1.0,1.0,1.0,1.5964285815888049,1.0,1.858007734848096,1.3412232888003857,1.0,1.004654918890587,1.0,1.1848486869769534,1.0,1.0,1.1253012517416936,1.420029845260553,1.6645939292436505,1.0,1.0408584229139983,1.0,1.5472530380396097,1.7393113713939303,1.344410448376868,1.0,1.0,2.251816664739577,1.5666780388216877,1.0328691143785615,1.32296019984979,1.6050258239899484,2.1255344170391783,1.0,1.4120002065477122,1.0,1.0,2.010117853905493,1.0,1.0,1.0,1.4941502996145413,1.5170186185034735,1.539780229759812,1.2967217079398712,1.0,1.0,1.0,1.8085570129443107,1.0,1.0,1.0,1.0,2.0567109927293648,2.3675228950475717,1.0,1.0,1.6535010045815557,1.368287012500322,1.0,1.0,1.0,1.613341372199548,1.0131987882014493,1.070136594764601,1.0,1.0,2.339207650335819,1.4694293264704783,1.368298242350473,1.0,1.7998577992369689,1.4968926260060178,1.0,1.0
TEST_00+2일,1.0,1.0,1.0,1.0,1.1822367615950984,1.3659066059701015,1.0,1.0,1.828074124978595,1.0,1.5268734655876106,1.0613584195163537,1.0,1.3103376290843074,1.0,1.2674717134187496,1.703957721685996,1.135568683742279,1.0,1.0,1.0,1.0,1.787277669162916,1.4403206101313777,1.0,1.0,1.0,1.1839065757043747,1.0287888682515067,1.1420033585733522,1.0,1.0,1.2115676323644011,1.0,1.011251477298126,2.2494609229309868,1.0,1.3421801077717526,1.5839625079239203,1.265898724980983,1.0,1.0,1.4659849434062628,1.0,1.5953768012398415,1.220370436902204,1.0525108359463629,1.6366010001903069,1.0,1.0,1.6797556576057022,1.0,1.4754926406411375,1.0,1.1405710547963046,1.0,1.0,1.0321121258360997,1.0,1.644610713950881,1.0,1.0,1.0,1.0,1.0,1.0,1.0,1.8869004429618528,1.0,1.8187519038694195,1.012737342988445,1.305889020779987,1.1348378485727757,2.208647443006745,1.4395409860353,1.0335059359380945,1.0,1.6336634059562205,1.0,1.0391166931854388,1.0,1.7988411563751463,1.257689080671791,1.0,1.1856301127494036,1.0,1.0,1.0,1.4469576005508271,1.0,1.0,1.2733480926051817,1.5439129600459816,1.3830859064649403,1.0,1.6506915802707336,1.0,1.0,1.452985280693354,1.0,1.0,1.9632821028958287,1.0,1.0,1.1781901220817832,1.9217629545287849,1.2803315900383287,1.0,1.944201165729737,1.0,1.0,1.1190152399347892,1.4419402915374386,1.0,1.0,1.0,1.5093267311851395,1.0,1.2005780408255562,1.347487463891074,1.0,1.0,1.0,1.1485986247090156,1.3567925641114362,1.0,1.4237104297057626,1.749120607142763,1.0,1.0,1.1761982654431158,1.042756485518798,1.0,1.0,1.269454637649077,1.5671430213886206,2.0028129616190404,1.0,1.0,1.0,1.515825480741488,1.3857511464873786,1.094073508906993,1.0,1.0,1.848296119583556,1.7224653921378164,1.0,1.2345599674066554,1.9919647952849544,2.138675304765853,1.0,1.4402805938608303,1.2618733113696672,1.0721423438270905,2.189273970830657,1.0,1.0,1.0,1.3384052114384408,1.7228816983224449,1.2736166887813405,1.4089594273327273,1.0,1.0,1.0,1.7040100349788965,1.0,1.0599647593013106,1.0,1.0,1.6754289572350665,2.091193201317856,1.0,1.2599933200923752,1.7441787865409588,1.4885334476884269,1.0,1.0,1.0,1.1895208414560954,1.0,1.0,1.0,1.0,1.5958894910213013,1.1114098143574067,1.6128031295619092,1.065736251591373,1.362179756490525,1.564652411530316,1.0,1.0
TEST_00+3일,1.0,1.0,1.0,1.0,1.2191800677633189,1.553143257644016,1.0,1.0,2.024162816691598,1.0,1.4899706155488788,1.0,1.0,1.4698533619394691,1.0,1.414097885413344,1.7807696384417655,1.0,1.0,1.0,1.0,1.0,1.534709587572499,1.5464598075084146,1.0,1.0,1.0,1.3227767382322413,1.0,1.2755896428450968,1.0,1.0,1.067897473081039,1.0,1.0,2.0335791018689053,1.0931684426554706,1.4799385508776448,1.8696314236971467,1.562108443512174,1.0,1.0,1.708128046001394,1.0,1.2421909956857458,1.0,1.0766190229874126,1.7815045886864054,1.0,1.0,1.630814898426022,1.0,1.2773118780580344,1.0,1.0,1.0494297608909602,1.0,1.3757096896903207,1.0,1.4311383674953553,1.0,1.0,1.0,1.0,1.0,1.0,1.0,1.5677021370643895,1.0,1.5547011573099472,1.0858252978555851,1.2846818184566795,1.3064459403244022,2.0098713778654105,1.7742190021800626,1.170238294436905,1.0,1.8604406818813095,1.1695771839754985,1.0976696682740898,1.0,1.8826129647967875,1.366018966377721,1.0,1.0,1.0,1.2207884412622811,1.0,1.2767434767736323,1.0,1.0,1.578439289519761,1.6740568680893808,1.3911339958080648,1.0,2.3819018222324413,1.0,1.0,1.3774353701088973,1.0,1.0,1.4971117364629347,1.0,1.0,1.673784561114093,1.778313355076268,1.095573737322098,1.0,1.797906263254554,1.0,1.0,1.0,1.2605799114224925,1.0,1.0,1.0,1.2358003830825692,1.0,1.036239674248112,1.7168881199175925,1.0,1.0,1.0,1.0,1.5551346216586277,1.0,1.633682782562719,1.4949466376043217,1.0,1.0,1.0,1.1438489013717283,1.0,1.0,1.3984278731751991,1.5339674057964372,2.135933399571081,1.0,1.0,1.0,2.004852675102132,1.487070715607175,1.4064819106764126,1.0,1.0,1.602607632992278,1.7256225404930736,1.1328758771970815,1.4873797494679333,1.6466144216517231,1.931693419934997,1.0,1.5512840223060744,1.0,1.0,2.036421565918354,1.0,1.0,1.0,1.474611765340046,1.4813853619654938,1.4560982666105198,1.5734797377850125,1.0,1.0,1.0,1.852480808728444,1.0,1.0109919085444827,1.0,1.1608649747442137,1.9054322244597772,1.9386969896636672,1.0,1.2431765863834034,1.5247702577755011,1.5286755156770293,1.0,1.0,1.0,1.253112090340992,1.0,1.0,1.0,1.0,2.2975020268621558,1.477189422272326,1.5662018519765928,1.0,1.7402791011234016,1.6888958565880277,1.0,1.0
TEST_00+4일,1.0,1.0,1.090560067596383,1.0,1.0963803123176088,1.360465006531455,1.0,1.0,1.7426715062479825,1.0,1.451067803193672,1.3159883035002309,1.0,1.6466993774083707,1.0,1.3736300794746987,1.940322094451861,1.0,1.0,1.0,1.0,1.0,1.689090973254881,1.3873224579224348,1.0,1.0,1.0,1.0,1.0,1.1177939259597445,1.0,1.0,1.1265936626146704,1.0,1.0,1.865941376884296,1.2216454286052028,1.5199317396917724,1.3353417390338616,1.36883167062244,1.0,1.0,1.181149719989509,1.0,1.7616782217459337,1.015192481373817,1.0,1.590153218357081,1.0,1.0091197335268198,1.3955631219127826,1.0,1.863327967960477,1.0,1.141035654106653,1.0,1.0,1.2606878033446525,1.0,1.5629713849377822,1.0,1.0,1.0,1.0,1.0,1.0,1.0,1.8856727900163777,1.0,1.6897471547036949,1.0,1.2744418953942498,1.219480559810562,1.7746795685670964,1.6819821046686505,1.204247093630509,1.0,1.6012339385254393,1.266003389917858,1.0,1.0,1.5414607299912526,1.5257412604005631,1.0,1.1973455272822502,1.0,1.2343588797748293,1.0,1.3727643032897163,1.0,1.0,1.1539391759925204,1.9857215416994187,1.657587154155168,1.0,1.9163679812226708,1.0,1.0,1.6954213863434715,1.0,1.0,1.7678846025916484,1.0,1.0,1.2859109996972755,1.8037980011261696,1.0108155807235697,1.0,2.023564915729475,1.0,1.0,1.0937622941914709,1.3301110208916296,1.0,1.0850408234207791,1.0,1.5558592702927985,1.0,1.2712202479308436,1.5555259346302892,1.0,1.0,1.0,1.0,1.146468897385699,1.0,1.4419647770075383,1.8889762261660927,1.0,1.0,1.09848742924108,1.0,1.0,1.0,1.3002991010925269,1.817485691851564,1.9410727701416943,1.0,1.0,1.0,1.7246265252893969,1.1964955333440344,1.4624020653705654,1.0,1.0,2.229504979253229,1.5658651867329516,1.1605572646435909,1.3540773701060262,1.7009326143173054,1.7912590223154126,1.0,1.5960893029253145,1.1700764611020325,1.0,1.7936143384892356,1.0493956320090057,1.0,1.0129249131133249,1.5767420130898675,1.4016209874034848,1.2960363681486926,1.5972062263140447,1.0,1.0,1.0,1.9763561303789283,1.0,1.0,1.0,1.0,2.040005905797173,1.9770051198447989,1.0,1.0,1.7793566202725408,1.51071816156955,1.0,1.0,1.0,1.4158939888039526,1.0,1.0,1.0,1.0,1.6454228206278674,1.3839681300228837,1.1667417416223511,1.053481406977364,1.650467544109281,1.8731671039636937,1.0,1.0
TEST_00+5일,1.0,1.0,1.0458917487510166,1.0,1.2422861720695233,1.261523661221255,1.037121717333995,1.0,1.9066781586819808,1.0,1.8097845163500648,1.168908775850669,1.0,1.7062041894115958,1.0,1.3790766585870644,1.6127506555977071,1.0,1.0,1.0,1.0,1.0,1.326891685765696,1.928781212272736,1.0,1.0,1.0,1.285468360500663,1.0,1.0,1.0,1.0,1.029140443418243,1.0,1.0128547686792038,1.7955982032798896,1.1834250935950632,1.126722030110122,1.2671139847310946,1.4171993451800338,1.0,1.0,1.4420157544623196,1.0,1.6942317416223258,1.0833493243148618,1.0,1.6231947310640031,1.0,1.0,1.7079388790411247,1.0,1.6785837478389165,1.0,1.0438476062048154,1.0,1.0,1.3235961645855034,1.0,1.4993840317891916,1.0,1.0,1.0,1.0,1.0,1.0,1.0,1.73900148770104,1.0,2.142542625723136,1.0,1.219260330437353,1.2325748581107954,2.206279690504214,2.0024799484257354,1.0835241551630357,1.0,1.4268173237216344,1.248428663658,1.0,1.0,1.7017643831281968,1.197946638403257,1.0,1.152102566895705,1.0,1.0,1.0,1.1851879741898736,1.0,1.0,1.4249754435976747,2.1486049508221075,1.918758902109128,1.0,1.8204723899711908,1.0,1.0,1.5165672538581014,1.0,1.0,2.1360398809899626,1.0,1.0,1.3632757960642048,1.9815000143248065,1.027603725663753,1.0,1.7743607424297645,1.0,1.0,1.0,1.4109464897103472,1.0,1.1490570420422883,1.0,1.537011372047708,1.0,1.3617471520788813,1.876269295249028,1.0,1.0,1.0,1.0,1.1927668226007857,1.0,1.79035610448771,1.6346915110246458,1.0,1.0222791439795216,1.0,1.0,1.0,1.0,1.231441559283065,1.6346361159389171,1.7096536589842557,1.0,1.0,1.0,1.69761877192395,1.1922645526866766,1.3011901954153438,1.0,1.0,2.280907858616943,1.9230299991871227,1.1998467403332436,1.4212952378586,1.6849071440897163,2.206443811559465,1.0,1.5564704425862923,1.0730193179498926,1.0,1.912102052173182,1.0,1.0,1.0679989829805128,1.179268024864342,1.704492552620628,1.2898635641070924,1.1967234816332677,1.0,1.0,1.0,1.4065240056045063,1.0,1.0,1.0,1.128489761367349,1.5622713694336838,2.128853771639005,1.0,1.1043174818680603,2.008041029787885,1.0854051876763873,1.0,1.0562760071717725,1.0,1.5586187971054672,1.0,1.0,1.0,1.0,2.3513340851023203,1.1227558273654,1.481196945229292,1.0,1.7607657999914978,1.6408625625551077,1.0,1.0
TEST_00+6일,1.0,1.0,1.0,1.0,1.0,1.39628700386877,1.0,1.0,2.081398134240593,1.0,1.7486807345654636,1.0863146257002796,1.0,1.4628628401420016,1.0,1.3414211649002934,1.8395755034967056,1.058914369562328,1.0,1.0,1.0,1.0,1.661426127990714,1.8865749706438009,1.0,1.0,1.0,1.1558726763023563,1.023529509453325,1.2664420724784435,1.0,1.0,1.0816341627378638,1.0,1.0,1.7307427968037843,1.0,1.218119399949196,1.7403060432047748,1.3538899679760985,1.0,1.0,1.5650192863932066,1.0,1.6742951306216984,1.0620339430848873,1.0905589382211534,1.3297345310056878,1.0,1.0,1.4798937148932398,1.0,1.845530049304406,1.0,1.0,1.0,1.0,1.198383557609198,1.0,1.2517742586180287,1.0,1.0,1.0,1.0,1.00956428915315,1.0,1.0,1.4195784265467644,1.0,1.5828531953979463,1.0,1.2382955201821075,1.3695174478157284,1.7087226648597158,1.533648132359534,1.111185448652808,1.0,1.870362343766591,1.1592031508911949,1.104509500462301,1.0,1.5720652556008623,1.3662064824964195,1.0,1.1381477912453029,1.0,1.2122951761803205,1.0,1.4096767989733696,1.0,1.0,1.162467425254842,1.8299672245811989,1.5082803589755176,1.0,2.035736326110124,1.0,1.0,1.319134806931206,1.0,1.0,1.978070344568224,1.0,1.0,1.4904213004224154,1.8918515723559897,1.0786673434184546,1.0,1.7672134399623316,1.0,1.0,1.0,1.0714794329818165,1.0,1.2519577991788722,1.0,1.1621852269305288,1.0,1.0778969094774895,1.364434763544204,1.0,1.0,1.0,1.0,1.2378047337504194,1.0,1.2712904678518744,1.5166671902654414,1.0,1.0,1.0,1.1370813623160596,1.0,1.0,1.193837250369942,1.385643427514792,1.715375172496541,1.0,1.0,1.0,1.7559156383883354,1.3307822646530765,1.484542198731524,1.0,1.0,2.2099187156063387,1.6573683646383963,1.2502601996226568,1.5402686307922,1.5463475761078738,1.82866713095044,1.0,1.8314513441229443,1.0065238221212809,1.0,2.0361862373206105,1.0,1.0,1.0,1.161289942707892,1.5112836637536602,1.5144586368312776,1.2959776212448098,1.0,1.0,1.0,2.0982281063193167,1.0,1.0,1.0,1.0,1.5519851112320635,1.6678396305818426,1.0,1.2437104611243734,1.3779713015475552,1.1770524191745997,1.0,1.0,1.0,1.1338811703651457,1.0,1.0,1.0,1.0,1.816881088390124,1.1328598167628756,1.2631816490508918,1.0,1.7160694686504352,2.021986924648932,1.0,1.0
TEST_00+7일,1.0,1.0,1.0,1.0,1.0,1.298544191763854,1.0,1.0,2.144775209462503,1.0,1.8317140841632729,1.1139851864147632,1.0,1.3860673951072844,1.0,1.2264046916874056,1.762445556945181,1.0205986369233904,1.0,1.0,1.0,1.0,1.5524578024850026,1.6371089729750632,1.0,1.0,1.0,1.371150894145501,1.0,1.0005819631161,1.0,1.0,1.0,1.0,1.0,2.169531694403388,1.0,1.5250971718745676,1.7635490006157906,1.1374537266189135,1.0,1.0,1.6480277518663549,1.0,1.6849753490789976,1.0,1.015362647996495,1.525478317926161,1.0,1.0,1.6193107506300692,1.0,1.4254174431749176,1.0,1.0,1.0,1.0,1.3030824040985889,1.0,1.1596358903200294,1.0,1.0,1.0,1.0,1.0,1.0,1.0,1.6025273160740612,1.0,2.171665352614532,1.0,1.1431879357966024,1.1332052956662595,1.7512279087117792,1.966793458763051,1.0011009285767891,1.0,1.3914547316894577,1.0,1.119403570801757,1.0,1.5769961548546887,1.4664410458084656,1.0,1.0,1.0,1.0553461605763423,1.0,1.4975034820407636,1.0,1.0,1.6472520208959671,1.9393446888601484,1.874962031840792,1.0,1.8339265987690216,1.0,1.0,1.2205872405804383,1.0,1.0,1.5782995901948975,1.0,1.0,1.1387950734618102,2.328626076779849,1.2123092793323835,1.0,1.8095031181737025,1.0,1.0,1.0,1.0158108824034664,1.0,1.3284358574075086,1.0,1.3845387719244864,1.0,1.1894009896505109,1.6837666421799644,1.0673895138414695,1.0,1.0,1.0011897820073692,1.3495470694785534,1.0,1.6259865456531275,1.6561673134918302,1.0,1.0,1.0,1.0,1.0,1.0,1.341916991165927,1.7836157715206566,1.5460801759282234,1.0,1.0,1.0,1.709894235138076,1.2480173816445823,1.1990290192264006,1.0,1.0,1.667216453787509,1.6319147935946985,1.0,1.4513415129329836,1.3820279111134843,1.9088946761515244,1.0,1.3896363759160366,1.0,1.0,2.252688906475373,1.0,1.0,1.0,1.419316527898858,1.862114356502504,1.493549918726373,1.2935680141233263,1.0,1.0,1.0,1.5308200684727995,1.0,1.0,1.0,1.0,1.64017316876795,1.847813523103844,1.0,1.047618603165747,1.9411676095150576,1.429006503553903,1.0,1.0,1.0,1.6616397093065431,1.0,1.0196099146215911,1.0,1.0,1.8966716322381016,1.5140059038400606,1.4452526334041604,1.0008786969390095,1.4397124977341034,1.4465000099729042,1.0,1.0
TEST_01+1일,1.0,1.0,1.2153900940050482,1.0,1.353416948573938,1.3446931798631256,1.0,1.0,1.5612672574163615,1.0,1.312333837244236,1.3335589930921072,1.0,1.8367229355843655,1.0,1.2118595142229838,1.5572608356200728,1.0,1.0,1.0,1.0,1.0,1.6378389051521889,1.8318097389319272,1.0400851509303743,1.0,1.0,1.0270591683372667,1.0998799575261304,1.0266069094288417,1.0,1.0,1.0,1.0,1.1690366752494432,1.8747478674201208,1.0504357962985222,1.498867611342226,1.3319850967445517,1.2052645565394005,1.0,1.0,1.254601743750507,1.0,1.7504687428114845,1.212944373234088,1.135677434357314,1.674994685956431,1.0,1.0,1.3553338079260266,1.0,1.64309498415047,1.0,1.0,1.2147387832494865,1.0,1.0,1.0,1.3078193841106471,1.0,1.0,1.0,1.0,1.0,1.0,1.0,1.888980688501866,1.0,1.615144319404685,1.0,1.2337197610443582,1.1511431848966691,2.028036533723966,1.779765920465416,1.104835602069144,1.0,1.667938379358327,1.0,1.0,1.0,1.4945845584899715,1.7333862648722462,1.0,1.1437781595769247,1.0,1.0,1.0,1.5384405504847554,1.0,1.0,1.5531105993631993,1.6280396370776282,1.8060637475622716,1.0,1.6605465056361348,1.0,1.0,1.631621957736897,1.0,1.0,1.7860091256362918,1.0,1.0,1.5806359087067348,1.8926649382385785,1.3772889957927723,1.0,1.929841707267264,1.0,1.0,1.0,1.4345192297294442,1.0,1.0619670777393446,1.0,1.3393026614254406,1.0,1.4204595394947124,1.517575249664482,1.0285101341088314,1.0,1.0,1.0,1.5988940584826066,1.0,1.4829557427796864,1.5669129347065172,1.0,1.0,1.002771517440835,1.0,1.0,1.0,1.5108983941249357,1.5608395723512376,1.7478956866127997,1.0,1.0,1.0,1.8919279633600496,1.3427139231129297,1.195946806680294,1.0,1.0,2.348820967560165,1.984630952180461,1.142276278725043,1.5247504806943826,1.928591913641104,1.8391913337212844,1.0,1.5581365927942434,1.114266006241001,1.0,1.7149944098364436,1.0,1.0,1.0,1.2309473343999942,1.4674460610894742,1.4397166774062335,1.1311654723165463,1.0,1.0,1.0,1.7323365751041158,1.0,1.1003092659919058,1.0,1.0,1.734345067792476,1.6469657463668528,1.0,1.1801894661808812,1.723113442471896,1.278755802017742,1.0,1.0,1.0,1.3670058587679148,1.0,1.0,1.0,1.0,1.6654461966776832,1.0513532898555076,1.6709365745052005,1.0,1.7022564036555798,1.6373543173468663,1.0,1.0
TEST_01+2일,1.0,1.0,1.0,1.0,1.1316946720952483,1.553795403836916,1.0143845589118063,1.0,2.1280992363370177,1.0,1.6870566666086235,1.0,1.0,1.93356431250138,1.0,1.794314174704367,1.97738060745816,1.0,1.0,1.0,1.0,1.0,1.3727852772924098,1.6248632214628185,1.0,1.0,1.0,1.2700662951867172,1.0,1.0,1.0,1.0,1.0,1.0,1.0427724287336375,1.972733462434566,1.003405096422762,1.6673180540594776,1.4233149135110066,1.3609719304515624,1.0,1.0,1.6119675138305187,1.0,1.5186077961345663,1.1357776731140778,1.1297793084120449,1.4003169621431055,1.0,1.0,1.6009228895336032,1.0,1.6852732866085212,1.0,1.0,1.2095967118282829,1.0,1.321302346449115,1.0,1.3985506488153598,1.0,1.0,1.0,1.0,1.0,1.0,1.0,1.8040024869283744,1.0,2.007451361992408,1.0,1.076153887031683,1.4523830607280372,2.0764754898421067,1.4296991694488066,1.4230337037031722,1.0,1.6126885125171249,1.0,1.0,1.0,1.7868283827219005,1.431575804607516,1.0,1.162132277178781,1.0,1.1206925734025737,1.0,1.5642268978236105,1.0,1.0,1.4922508969419677,2.08663353594208,1.4687236520203824,1.0,1.5928744439029972,1.0,1.0,1.355888644982692,1.0,1.0,1.5947901452302036,1.0,1.0,1.4267035124492444,1.896779950754864,1.3098174901611466,1.0,2.081021125670361,1.0,1.0,1.0,1.1535093190783674,1.0,1.0,1.0,1.532459034114046,1.0,1.1138447481183416,1.88380619328885,1.011283243274151,1.0,1.0,1.0,1.3182597206083178,1.0,1.472482938433015,1.6868628559303285,1.0,1.0,1.0806019512388991,1.0,1.0,1.0,1.373455493942712,1.4736031667000022,2.0808488345752423,1.0,1.0,1.0,1.8382249578246168,1.2933066279781724,1.163718086584056,1.0,1.0,1.769566428245042,1.6509275425254208,1.0069257207751412,1.4804799210251784,1.86666745354048,1.9284428376322045,1.0,1.880220936161938,1.09856588652965,1.0,2.187796246690911,1.0,1.0,1.0781088828942391,1.5384234777247876,1.8248582400606868,1.1867173349104585,1.4392616892936425,1.0,1.0,1.0,2.01409743849186,1.0,1.0,1.0,1.0848826080512928,1.8713607914904624,1.6454487673068616,1.0685606660282334,1.0,1.5145174155750882,1.6053254711959783,1.0,1.0,1.0,1.3137293238084562,1.0,1.0257217409688448,1.0,1.0,1.6818762551763626,1.2739763040883236,1.626956882888314,1.1010718682583236,1.3881497839482917,1.870891629972415,1.0,1.0
TEST_01+3일,1.0,1.0,1.0,1.0,1.0199104289105072,1.260431639581672,1.0,1.0,1.8121687984220016,1.0,1.815227908881261,1.170192904202872,1.0,1.6363693983712029,1.0,1.45802962209403,1.9216002029244128,1.015603810942424,1.0,1.0,1.0,1.0,1.7329867901445335,1.6910110883343308,1.0,1.0,1.0,1.2174473714651082,1.0,1.0591485073991358,1.0,1.0,1.0152724600326628,1.0,1.0,1.9578472961974027,1.0,1.55207499126886,1.2674938765399657,1.229437013032633,1.0,1.0,1.469598486281772,1.0,1.3132986999455674,1.204073317935604,1.1385639473364235,1.3579619979955386,1.0,1.0,1.5012579663757777,1.0,1.4581686191772931,1.0,1.0,1.0,1.0,1.0,1.0,1.4982008668583675,1.0,1.0,1.0,1.0,1.0,1.0,1.0,1.3240995851929929,1.0,1.8647483014123576,1.1941178575598308,1.3737076375261077,1.0211251661512113,2.199688525726641,2.067956513403086,1.412551930896219,1.0,1.8646937720633263,1.0,1.0,1.0,1.899419774760689,1.629154996634601,1.0,1.0,1.0,1.1026542770282253,1.0,1.6657102475075507,1.0,1.0,1.585418103850121,2.2074151731503124,1.3305477643664845,1.0,1.9495470495205949,1.0,1.0,1.5271055710752015,1.0,1.0,1.7204071532825331,1.0,1.0,1.2813878459140469,1.9048434886508816,1.3523648495461793,1.0,1.4555074724846444,1.0,1.0,1.0,1.060850041498157,1.0,1.2452644796011476,1.0,1.2722417014134106,1.0,1.2388252328002558,1.4844424243465484,1.116587991755437,1.0,1.0,1.0,1.4915103901833326,1.0,1.676758408291616,1.3909938276622746,1.0,1.0,1.0,1.0,1.0,1.0,1.0665581221353346,1.54691094744514,1.5523461443451931,1.0,1.060760587890104,1.0,1.8926753711011035,1.2050740560391966,1.2770942483442016,1.0,1.0,2.1343731667671464,1.4423008412255398,1.1258696552516445,1.5942982127895893,1.4249900004128715,1.857530336158802,1.0,1.3696533025511732,1.0,1.0,2.225160868071956,1.017447453332901,1.0,1.0,1.2784197186850794,1.8318754983547303,1.3152740499703148,1.581392278870242,1.0,1.0,1.0,1.560376661107589,1.0,1.0,1.0,1.0129396759238338,1.9159516178109144,1.7426494435154354,1.0,1.1692450033392363,1.987138488765147,1.43465786905674,1.0,1.0,1.0,1.276695307017953,1.0424289969648115,1.0,1.0,1.0,2.171140158202645,1.196861269925943,1.3587913375538485,1.0552476681221272,1.4287280173086578,1.537338699200564,1.0,1.0
TEST_01+4일,1.0,1.0,1.0403643762197492,1.0,1.20939775332106,1.5642153100817215,1.059786740327438,1.0,1.6421063619908454,1.0,1.347507273463548,1.133840896292726,1.0,1.4070092806073673,1.0,1.4319372893617268,1.82613643595477,1.005757286833339,1.0,1.0,1.0,1.0,1.812721367732648,1.3465283774694194,1.1201665044265132,1.0,1.0,1.2966253195197686,1.0,1.2530213569284665,1.0,1.0,1.0,1.0,1.2300583616091574,2.0245825914069457,1.0,1.6587315612846156,1.440733174493834,1.140836807610227,1.0,1.0,1.3797006702596613,1.0,1.561899103080507,1.212922101902552,1.0,1.4267603182679314,1.0,1.0,1.837064551920605,1.0,1.791988974401387,1.0,1.033168697279041,1.1127814276045258,1.0,1.3548381516031955,1.0,1.6315012193375853,1.0,1.0,1.0,1.0,1.0,1.0,1.0,1.708573759298959,1.0,2.11209597772218,1.0,1.070385677062926,1.234371047124714,1.6555857147827229,1.7484015932463306,1.1200219273629304,1.0,1.915142096228834,1.0,1.0,1.0,1.902378897387612,1.407008065305473,1.0,1.2037743666946648,1.0,1.239598923712947,1.0,1.30110727715956,1.0,1.0,1.4863951246623344,1.6876258770130208,1.3733498099408925,1.0,2.257771187129217,1.0,1.0,1.4182448643627663,1.0,1.0,1.9849576688620707,1.0,1.0,1.1595555640557602,2.266934885694884,1.1399535708255395,1.0,1.4413783895062315,1.0,1.0,1.085622828492418,1.2300108733111108,1.0,1.1577808773995637,1.0,1.487370622828305,1.0,1.0,1.887228245136682,1.0,1.0,1.0,1.0,1.5222399455118665,1.0,1.8077201764610475,1.9714970400409595,1.0,1.0,1.082821071889941,1.127319623637184,1.0,1.0,1.264956609811331,1.6265246110771092,1.68258099976584,1.0,1.0,1.0,2.013422122480565,1.728317642927906,1.5328460066603604,1.0,1.0,2.278401150695888,1.6638840668574646,1.0412952167061142,1.5745950895215508,1.849412242039116,1.539831631951998,1.0,1.9498723637932045,1.2366722662129284,1.0,2.032129273014795,1.0,1.0,1.0,1.4047566121590194,1.4002209085992787,1.1493220622359732,1.319243692615572,1.0,1.0,1.0,1.7369273220284271,1.0,1.0,1.0,1.030473687477916,1.6468162753970488,1.9723325453350369,1.0,1.0,1.6700348917027517,1.5913665980021907,1.0,1.0298398529736574,1.0,1.2107826647743336,1.0,1.0,1.0,1.0,2.344395369929914,1.3787603365231356,1.2949336409471006,1.0,1.2933239250128334,1.834605117745325,1.0,1.0
TEST_01+5일,1.0,1.0,1.2477297910062215,1.0,1.3281922615816562,1.534718505057912,1.0163649395058612,1.0,1.7881866512064255,1.0,1.2766259571504768,1.1816062045704194,1.0,1.4722051813262982,1.0,1.6092958030712543,1.9581137755820155,1.0,1.0,1.0,1.0,1.0,1.4036382927204762,1.7758874252613304,1.0,1.0,1.0,1.0132519348806572,1.0,1.14513197210114,1.0,1.0,1.0,1.0,1.0,2.2510552941919286,1.22556551323329,1.5191916387868014,1.7421804795704066,1.5825236060194563,1.0,1.0,1.2272325363857577,1.0,1.6371640864610193,1.1660777990282565,1.0,1.3821622854508149,1.0,1.0,1.3388704149694226,1.0,1.8543111978880693,1.0,1.155582372665659,1.0,1.0,1.4026805478980011,1.0,1.2572732271721196,1.0,1.0,1.0,1.0,1.0,1.0,1.0,1.480800028780208,1.0,1.870105274297534,1.068190695724637,1.0210182009007127,1.446502800657468,2.101016199035265,1.5941050868292546,1.23321750553027,1.0,1.5951833177842838,1.0,1.1326319912284122,1.0,1.4068713130824708,1.6177777336302428,1.0,1.0,1.0,1.0,1.0,1.245326347463818,1.0,1.0,1.666852306350005,1.8559176650742155,1.7828015801235773,1.0,2.047225490246617,1.0,1.0,1.2621823470353233,1.0,1.0,1.9786322651721295,1.0,1.0,1.2163015897367233,2.11842406577987,1.1659813021853072,1.0,2.061970500300068,1.0,1.0,1.0,1.294711327558786,1.0,1.0,1.0,1.6724165048176054,1.0,1.2440614590343284,1.8485558362544552,1.0,1.0,1.0,1.0,1.453057732475714,1.0,1.654119192017909,1.5955927217137806,1.0,1.0,1.0840853247357438,1.0,1.0,1.0,1.4860768982474626,1.5258232565888767,2.0517573388607886,1.0,1.0,1.0,1.7982852166912822,1.1930163689495956,1.522562482269048,1.0,1.0,1.7516268925582852,1.8631389835490035,1.2590568112706766,1.4746549987307436,1.7488938562202967,2.1669625297691493,1.0,1.9790132134792116,1.0,1.0,2.230631408428719,1.0,1.0,1.0243279428634595,1.2689608382939654,1.747718471220386,1.2630293060604256,1.517809041127946,1.0,1.0,1.0,1.495537547667938,1.0,1.0,1.0,1.0,2.0591805010340485,2.210036749732227,1.0338189401696,1.2687007585963943,1.5680420921578695,1.1849316572565556,1.0,1.0,1.0,1.5544778299143336,1.0,1.0,1.0,1.0,2.078782621509029,1.4690636419210086,1.26266186670598,1.0,1.8008418394510666,1.494678465601888,1.0,1.0
TEST_01+6일,1.0,1.0,1.0,1.0,1.0624704662142763,1.1599017478779785,1.0,1.0,2.166962298753829,1.0,1.6933908025026017,1.0,1.0,1.307695124367476,1.0,1.3322002096858183,1.9695938608747736,1.1180410593925691,1.0,1.0,1.0,1.0,1.3270051814918973,1.3714006407637729,1.008021017268553,1.0,1.0,1.2660333747424155,1.0,1.0021807625030588,1.0,1.0,1.0,1.0,1.2537408213279433,2.341521005716024,1.2805361087063067,1.2918147568474545,1.5818670227321754,1.6590677857161942,1.0,1.0,1.6495564062542651,1.0,1.6342011269695895,1.0349130464593723,1.1178343034892062,1.3657675015783686,1.0,1.0,1.5742514413578144,1.0,1.8151089502114144,1.0,1.0,1.0894203960136557,1.0,1.0754959458405449,1.0,1.2168023020068193,1.0,1.0,1.0,1.0,1.0,1.0,1.0,1.2670383938605232,1.0,1.85587512948616,1.1386954859116514,1.1930416078403676,1.296311577850741,2.0563737170531318,1.7183350562884971,1.3957089975799928,1.0,1.9465608917506112,1.0528214830379072,1.0973771196573936,1.0,1.859678672653471,1.501508441446212,1.0,1.0,1.0,1.108110811688572,1.0,1.6746639057972847,1.0,1.0,1.5236954484701162,1.5518756883224034,1.437267144368938,1.0,2.3869756191742657,1.0,1.0,1.4933641538226068,1.0,1.0,1.5908457781682674,1.0,1.0,1.628317625422414,2.0891589724366693,1.1606612104291192,1.0,1.7758091981670667,1.0,1.0,1.0,1.0120134308986852,1.0,1.1090792748941043,1.0,1.6061654842919733,1.0,1.0,1.446476183427046,1.069689280550786,1.0,1.0,1.0,1.3244265872246708,1.0,1.8087906324279577,1.5447262015585117,1.0,1.0,1.0862145476919125,1.063609241337632,1.0,1.0,1.0766937328712043,1.4599160574602073,2.1096952196870635,1.0,1.0046005356681666,1.0,1.6959664822666445,1.6254124026184935,1.282924879259011,1.0,1.0,2.278576399278514,1.8385380092485155,1.1476630671114614,1.5588641338973477,1.6045631391635935,1.837897728187269,1.0,1.3840808700349865,1.0409885520571227,1.08125680697005,1.82473448195587,1.0,1.0,1.0,1.4715241545443598,1.519654444214923,1.2838546858249258,1.4555821621390728,1.0,1.0,1.0,1.679619480757493,1.0,1.0,1.0,1.0,1.9996759608279624,1.9725251051910728,1.0,1.055740170149979,1.467038815561509,1.5415288883601908,1.0,1.0,1.0,1.6457116835117076,1.0,1.0,1.0,1.0,2.16246866590685,1.22112614228617,1.4311232241099852,1.0,1.4056650816783305,1.419926706424959,1.0,1.0
TEST_01+7일,1.0,1.0,1.1167091323482583,1.0,1.2576573794051014,1.0931166229097993,1.0,1.0,1.812533688279142,1.0,1.5904404252611868,1.2995515621351137,1.0,1.8881450378120064,1.0,1.7716362086964916,1.860421260634093,1.0,1.0,1.0,1.0,1.0,1.281366721473148,1.8215191983219583,1.115982096724058,1.0,1.0,1.2569555642354664,1.0811456933850323,1.308054985041117,1.0,1.0,1.2201914715158615,1.0,1.0,1.8912787559037336,1.0514104020241148,1.1834985579909287,1.475152189311703,1.5544159989056627,1.0,1.0,1.2419464306709522,1.0,1.5049960407469027,1.107607885015523,1.0,1.495220363090885,1.0,1.0,1.600172650207937,1.0,1.723381168350226,1.0,1.0558605504066068,1.1442104519551888,1.0,1.0362331036445842,1.0,1.6964877695055272,1.0,1.0,1.0,1.0,1.009215736121348,1.0,1.0,1.5173540516582091,1.0,1.607575735425676,1.0230093547803285,1.3017861691516126,1.2645509311677188,1.5497029446019157,1.9886383773639864,1.0,1.0,1.588136915739446,1.2991027584637964,1.073848995668332,1.0,1.770851070522841,1.6699632828442237,1.0,1.0346903884866323,1.0,1.0,1.0,1.266545523401609,1.0,1.0,1.6419889686409586,1.9037588273528792,1.5493915861549723,1.0,1.8200299758783889,1.0,1.0,1.1828289454093253,1.0,1.0,2.086443983698832,1.0,1.0,1.5107597352517854,1.865371411478963,1.0628071333151383,1.0,1.8354929304604028,1.0,1.0,1.1038835342079685,1.1335589772543535,1.0049518761172698,1.2190976299709335,1.0,1.677153692605022,1.0,1.4126821026710803,1.786155018391549,1.0,1.0,1.0,1.0,1.4479285574196334,1.0,1.4356585012019354,1.7828453873414116,1.0,1.0,1.0012861218122215,1.0,1.0,1.0,1.536481966898306,1.5618906327422375,1.8615243035539957,1.0,1.0,1.0,1.6318531337487792,1.2785171216106572,1.3939949202478326,1.0,1.0,1.809443734794146,1.8462986839442288,1.241695397220426,1.6721355591146247,1.5012467370658973,1.946582262307904,1.0,1.5184117549215217,1.080948739934079,1.0,2.2471823512395908,1.034215370125112,1.0,1.0,1.221833954593135,1.822233313639977,1.4634068165280316,1.3159612507551506,1.0,1.0,1.0,1.526781874696818,1.0,1.0,1.0,1.0,1.767311519032681,1.8534676574166304,1.0,1.0226192921929813,1.5093752426993443,1.2494711353371577,1.0,1.0,1.0,1.3440293479939645,1.0,1.0,1.0,1.0,2.199191043219495,1.2555418797241062,1.1947610255441932,1.0,1.5465498828979276,1.4648422862484258,1.0,1.0
TEST_02+1일,1.0,1.0,1.1541053175627836,1.0,1.0,1.1097121384157076,1.1216718607331155,1.0,1.693376436387404,1.0,1.7556055820075094,1.326697250943918,1.0,1.3720697374883322,1.0,1.6733744648291726,1.9487934070018145,1.0,1.0,1.0,1.0,1.0,1.6728947466664708,1.793133864779349,1.0,1.0,1.0,1.2565509739631435,1.0,1.3088512170329385,1.0,1.0,1.0,1.0,1.2251045451497655,2.221158641202109,1.2704302997253205,1.563759563037503,1.4900059535637984,1.5881639929811395,1.0,1.0,1.3297494153614242,1.0,1.234616346873809,1.0,1.0,1.7930419808403537,1.0,1.0,1.773683883204042,1.0,1.4329477063169267,1.0,1.0,1.2018511396849056,1.0,1.2964470904370078,1.0,1.2067811748153303,1.0,1.0,1.0,1.0,1.0316631407712782,1.0,1.0,1.4108344188962836,1.0,1.5861737091834789,1.0,1.1937618651047794,1.1172275342558355,1.7925654082889737,1.6038652572895762,1.3482618100287107,1.0,1.6936539577774306,1.1522822213724115,1.0,1.0,1.4573660046245591,1.3947869111079507,1.0,1.0502709342539185,1.0,1.0,1.0,1.7470308245375552,1.0,1.0,1.4131915382377491,1.861837295142189,1.6346135759448113,1.0,1.814943115843416,1.0,1.0,1.3852548990828373,1.0,1.0,1.851072864162269,1.0,1.0,1.2654617553455882,2.2519776386204424,1.0,1.0,1.7425009439173371,1.0,1.0,1.0485843109113444,1.0129249392534938,1.0,1.2315902072566531,1.0,1.709904004073193,1.0,1.2964051388682531,1.9085192603132768,1.0,1.0,1.0,1.0,1.3160120459930622,1.0,1.5972572947348236,1.5550335172855962,1.0,1.0,1.1709566534277227,1.167567629622989,1.0,1.0,1.516018857548063,1.3148737075531092,2.0455721479100117,1.0,1.0,1.0,1.7699177151295633,1.7300555674720055,1.464901578821375,1.0,1.0,2.331974546113867,1.7929618600552426,1.1922706225528998,1.4153481648710469,1.9046664698992757,1.6084185667752655,1.0,1.572174860782304,1.0,1.1073022308839215,2.0567601458058387,1.0,1.0,1.0,1.1681654995733066,1.5303034214185591,1.496683049594712,1.1860136094980176,1.0,1.0,1.0,1.6575652182823684,1.0,1.1268317630757498,1.0,1.0,1.55102200518482,1.6525851303589385,1.0,1.2733198729262851,1.9050671652276925,1.6091374522322217,1.0,1.0,1.0,1.6440447805781375,1.0,1.0,1.0,1.0,1.8017434458869768,1.5426756109743356,1.4405943721571368,1.0,1.46722310433554,2.0235425765625874,1.0,1.0
TEST_02+2일,1.0,1.0,1.0,1.0,1.0,1.066102775482491,1.0,1.0,1.914905365846146,1.0,1.3218939717106426,1.1606472915172528,1.0,1.6692992452015152,1.0,1.2548219978909685,1.852939691019592,1.115295028862379,1.0,1.0,1.0,1.0,1.6508103574571713,1.7458996442525876,1.0,1.0,1.0,1.277567050112009,1.0,1.3047589040573409,1.0,1.0,1.0191930044499102,1.0,1.1040275219534483,2.1716759353697017,1.0148609180389885,1.4863678774432998,1.2573172877419116,1.247685950113517,1.0,1.0,1.3183837187198666,1.0,1.415263822626825,1.134379508982719,1.1432281410696552,1.5459122553094278,1.0,1.0,1.6755824592035606,1.0,1.4355596832465538,1.0,1.0,1.0,1.0,1.0562552041222262,1.0,1.4188487392496312,1.0,1.0,1.0,1.0,1.0,1.0,1.0,1.7795949973552754,1.0,2.1355349048712373,1.0941827346005193,1.1149376462203746,1.1636753729156846,1.7141281528832917,1.5257723657006954,1.4143086442844464,1.0,1.8879842840083036,1.251425011755783,1.106411845013255,1.0,1.3373314540286445,1.50665129443536,1.0,1.078551273200904,1.0,1.0,1.0,1.669378965329939,1.0,1.0,1.1885819427365911,1.595260603257619,1.7808245409722594,1.0,1.7188772869815638,1.0,1.0,1.4617530996553758,1.0,1.0,1.6992468329462755,1.0,1.0,1.161801311014059,1.6289942975651492,1.2562971821866082,1.0,1.4696122309925104,1.0,1.0,1.0,1.2060302187621972,1.0464633960283496,1.1112086558631955,1.0,1.15428773324861,1.0,1.331013877797625,1.4351865056307018,1.0,1.0,1.0,1.0,1.170833465984836,1.0,1.5535362101982757,1.8638003359524395,1.0,1.0,1.0,1.0,1.0,1.0,1.0683720466993605,1.805434543357546,1.8104499112860204,1.0,1.0503621041563096,1.0,2.0654715077093484,1.7185106844052902,1.2066773206033226,1.0,1.0,1.7873325721666318,1.492500404042322,1.2208397781283349,1.4039962583240606,1.798407621576838,1.5063129132434414,1.0,1.8398969347717,1.2459954774048576,1.0,1.5539228531507256,1.0,1.0,1.0,1.1843473375705194,1.714042595699087,1.2478886470418185,1.50079645729272,1.0,1.0,1.0,1.664463338035688,1.0,1.1524792328728175,1.0,1.031199537016572,1.6003088020216176,2.023951020404003,1.0,1.0,1.7581687524001397,1.1613789548642313,1.0,1.0,1.0,1.5724214842805897,1.0,1.0,1.0,1.0,1.6284938292482576,1.4402409498989548,1.1309529056953562,1.0,1.816089696702487,1.7623219704526938,1.0,1.0
TEST_02+3일,1.0,1.0,1.1401457962992785,1.0,1.2137665913361813,1.10636572510101,1.0,1.0,1.6289456497454176,1.0,1.726841158073675,1.220155154096557,1.0,1.4733376244691194,1.0,1.451908473620581,1.8410349410856537,1.0,1.0,1.0,1.0,1.0,1.612567252282496,1.3123908233070074,1.0,1.0,1.0,1.313379468300614,1.0265141834933371,1.0175960585794088,1.0,1.0,1.0,1.0,1.198936307770177,2.0216367162809896,1.0825947737381616,1.1513563119371812,1.4448116137556766,1.6476228195746687,1.0,1.0,1.6530787093725996,1.0,1.7433396985431908,1.0,1.1542744511386496,1.349123438185266,1.0,1.0,1.7360664171396194,1.0,1.8645032838386617,1.0,1.0,1.1351837665309803,1.0,1.34342201197978,1.0,1.480144060672083,1.0,1.0,1.0,1.0,1.0,1.0,1.0,1.4755923242581876,1.0,1.7045082182580509,1.0428991078290366,1.2527489544736643,1.4163330429236751,1.7304414267432162,1.481512766033355,1.0031917678991928,1.0,1.8643771652080483,1.1964137643072172,1.0,1.0,1.4671729590097948,1.5215275984576178,1.0,1.0,1.0,1.243885028236122,1.0,1.468726350829437,1.0,1.0,1.419392990258574,1.81666934372679,1.380788103376997,1.0,1.722310767032294,1.0,1.0,1.398287255706674,1.0,1.0,1.7863619141258364,1.0,1.0,1.5133420021988055,2.2942480054049947,1.4494272920388638,1.0,1.9430198583527367,1.0,1.0,1.0,1.4426009457118172,1.0488178095700038,1.0247861542404362,1.0,1.505666216524062,1.0,1.290887432820598,1.5524868598946762,1.108148076477173,1.0,1.0,1.005174200294158,1.6815198492916166,1.0,1.275297529180482,1.614482082607518,1.0,1.0,1.0,1.1024325292123625,1.0,1.0,1.5079705890837027,1.41370674393535,1.6375599118646196,1.0,1.0,1.0,2.076694871940762,1.5765914950909394,1.1673383758407008,1.0,1.0,2.313972104115116,1.8949640089965205,1.1836279966400542,1.608525326253401,1.6968723774033,1.6881950569075743,1.0,1.7203042187899358,1.009037560070801,1.0230913053519584,2.212068250069811,1.0,1.0,1.0,1.705823290275766,1.5408233406507994,1.0427605192651934,1.5812510890009353,1.0,1.0,1.0,2.099051255341021,1.0,1.1137213233519223,1.0,1.0071593636196092,1.8422034709130584,1.8025112507300949,1.0527681254106345,1.0741882688266509,1.9591331879840488,1.3544234377788087,1.0,1.0,1.0,1.3815643426844224,1.0,1.0,1.0,1.0,1.5939713375587303,1.498849557835772,1.3132065740721717,1.0,1.4326897707904764,1.93124714095655,1.0,1.0
TEST_02+4일,1.0,1.0,1.0,1.0,1.2182165204862423,1.4172678797852558,1.0563839531177577,1.0,1.5094860394088816,1.0,1.3601062964057775,1.32234498112028,1.0,1.6548263720529588,1.0,1.7290906302596822,1.798769338989698,1.0,1.0,1.0,1.0,1.0,1.413267543311291,1.4844628881649362,1.0,1.0,1.0,1.376446513612102,1.0,1.1141574577411386,1.0,1.0,1.0720567155410463,1.0,1.265656917723647,2.3221240379687225,1.0,1.3266661250314231,1.6625938986507405,1.2226143156518992,1.0,1.0,1.5386803726645937,1.0,1.542599251231242,1.1429942032452736,1.0,1.2807098394340677,1.0,1.0,1.807558377085668,1.0,1.2648418142947528,1.0,1.0162058088104982,1.0,1.0,1.0,1.0,1.4548472401435106,1.0,1.0,1.0,1.0,1.0,1.0,1.0,1.785058666354772,1.0,1.736904953259091,1.095439768564079,1.149338535415542,1.2709129284014518,2.2398942515036766,1.5989638853900412,1.0368286918555865,1.0,2.0682311727609672,1.0,1.0,1.0,1.883914605365029,1.398512827720542,1.0,1.2070798455133018,1.0,1.1621110151276175,1.0,1.7509429291305592,1.0,1.0,1.1940886741241337,1.7363560184069111,1.572323022773055,1.0,1.818708794107493,1.0,1.0,1.5777336453701387,1.0,1.0,1.859999956223029,1.0,1.0,1.4468559071101903,2.0081082360091083,1.0506639177329706,1.0,1.928374163919728,1.0,1.0,1.1178950328177928,1.4862274692933592,1.0,1.3219811798504946,1.0,1.38516551358876,1.0,1.236286851786943,1.6056238245067251,1.0,1.0,1.0,1.0,1.1951666547222133,1.0,1.6209104348046095,1.7889951125769843,1.0,1.0,1.0,1.1344230322276554,1.0,1.0,1.214808162005051,1.3309788492612664,1.818181115514056,1.0,1.0,1.0,2.009046641214256,1.587482502590928,1.6001918565771498,1.0,1.0,1.608921039315316,1.915726814624504,1.0342203456352834,1.502798167412486,1.7380521244163418,2.0335317843135936,1.0,1.752404362614289,1.0,1.0,1.8906308383586643,1.0,1.0,1.0,1.2369810558174883,1.391444163376843,1.4789801263930789,1.4877958952267083,1.0,1.0,1.0,2.1002029254452643,1.0,1.0,1.0,1.025198940409241,1.6590992573990102,2.075249181741466,1.0,1.0622634787414729,1.5009800203265158,1.5032524885481158,1.0,1.0,1.0,1.4890218019179438,1.0,1.0,1.0,1.0,1.8716812010469024,1.2616776419253068,1.254484066593872,1.0,1.704801006149683,1.6110068987944064,1.0,1.0
TEST_02+5일,1.0,1.0,1.1000639406227417,1.0,1.2646289308924186,1.0940818985338396,1.1068780510489973,1.0,1.5480374725501056,1.0,1.3366485982212497,1.2249458267933386,1.0,1.7178287408793982,1.0,1.7684957700404556,1.8908885569488083,1.0,1.0,1.0,1.0,1.0,1.5139202219451011,1.4586710345951597,1.0,1.0,1.0,1.1138321102508997,1.0329544701794986,1.3567620373606222,1.0,1.0,1.0,1.0,1.0,1.7285836521546658,1.1543057946573383,1.6621196073468842,1.868488428665075,1.6425044918339158,1.0,1.0,1.610054983205597,1.0,1.5150730742865115,1.0,1.0,1.6625136272359806,1.0,1.0,1.8629842072612537,1.0,1.7088992044739446,1.0,1.142876376963479,1.2196238809451767,1.0,1.0,1.0,1.1941798506913228,1.0,1.0,1.0,1.0,1.0,1.0,1.0,1.2630078737253103,1.0,2.0208200505765657,1.110879613667633,1.4362396682258476,1.2488260871431165,1.9844610633298048,1.9344945534695583,1.420245669536844,1.0,1.5405355708042556,1.2077004888017304,1.0,1.0,1.7034097017918812,1.240534897420532,1.0,1.0,1.0,1.1556621021094555,1.0,1.231757081658017,1.0,1.0,1.455501739633576,1.8760068079321668,1.623749957506635,1.0,2.2227343533972834,1.0,1.0,1.6232246200697051,1.0,1.0,1.827741283807728,1.0,1.0,1.3524268499914225,1.9166038168123904,1.0,1.0,1.6226663399310075,1.0,1.0,1.0,1.3140158393070571,1.0,1.184001355083122,1.0,1.6417884329862868,1.0,1.1695412597564758,1.4621158132764551,1.1045223048282715,1.0,1.0,1.0,1.164357895627986,1.0,1.6872935155085231,1.3863366514978397,1.0,1.0,1.0,1.0,1.0,1.0,1.4623707230557546,1.7280732227004083,1.9560285053107396,1.0,1.0,1.0,1.682949393101116,1.1913030899164003,1.4093063973330369,1.0,1.0,2.122673465565424,1.4527317387022824,1.0,1.2051269365141724,1.3927137658399258,1.5783483119871795,1.0,1.8273842542121888,1.0144576904324816,1.0,1.872256380892762,1.0,1.0,1.0537209109847383,1.5639069420874472,1.373674415135459,1.1236789259980158,1.1177788424900708,1.0,1.0,1.0,1.4830576352097238,1.0,1.0,1.0,1.0005129417267915,1.8307458681657167,2.362738791554024,1.0,1.024074416864066,1.4264478588902598,1.3093732280513493,1.0,1.0,1.0,1.3559121292129517,1.0,1.0,1.0,1.0,1.784743683016554,1.1557846734934971,1.679034648524553,1.0454559517537192,1.7519654690807989,1.790574200483557,1.0,1.0
TEST_02+6일,1.0,1.0,1.100575410993722,1.0,1.307141458782434,1.2249725596611796,1.1214320581293882,1.0,1.547431105715245,1.0,1.3370253503203178,1.0,1.0,1.8333614016967597,1.0,1.4818289415148018,1.4827830928598134,1.0,1.0,1.0,1.0,1.0,1.6428208369224346,1.5212069700129014,1.0069461004615392,1.0,1.0,1.386290431751004,1.0,1.2599578987518971,1.0,1.0,1.0,1.0,1.255953444719693,1.6569333597306417,1.302286068305884,1.4055621042565725,1.7886188382824852,1.6666512363941,1.0,1.0,1.2955987974296774,1.0,1.354227479299579,1.0,1.0,1.4692900572469998,1.0,1.0,1.5060823944478046,1.0,1.702730789147025,1.0,1.0352565465355963,1.0,1.0,1.39667445372989,1.0,1.1775753718613848,1.0,1.0,1.0,1.0,1.0,1.0,1.0,1.4569612919398984,1.0,1.7125519500513249,1.1933664590397617,1.4312336351814352,1.042655555235359,2.040702516364952,1.7198795099881756,1.2172371529798771,1.0,1.8431904037337172,1.0042828822541685,1.0,1.0,1.7602568912885943,1.2111733046238946,1.0,1.0,1.0,1.040790669381894,1.0,1.35255508535084,1.0,1.0,1.3937442841222398,1.923485505599864,1.660179796728288,1.0,2.312601271990323,1.0,1.0,1.5906893069203012,1.0,1.0,1.7752732295314673,1.0,1.0,1.3294180206550874,1.995655112159351,1.3477541126634498,1.0,1.618830911504426,1.0,1.0,1.0,1.0771236054132936,1.0,1.0705851597293494,1.0,1.292724277924306,1.0,1.3645324965156191,1.2839385653087962,1.0,1.0,1.0,1.0,1.6173149417296242,1.0,1.6431637793625675,1.8722500270387543,1.0,1.0,1.0,1.2007243813606103,1.0,1.0,1.2432107405317168,1.806371144741292,2.235096193573874,1.0,1.0,1.0,1.9496702077878696,1.773209650823485,1.605209646675268,1.0,1.0,1.9838706089706712,1.410558401830975,1.0,1.6829312809642365,1.6477059100891835,2.18714250415268,1.0,1.4035712374606646,1.104932443795368,1.0612556321577973,1.95302636971543,1.0,1.0,1.0,1.1940447159814191,1.5148805701164356,1.355002713501558,1.2276548161747665,1.0,1.0,1.0,1.9116677899417336,1.0,1.0045258859134347,1.0,1.0,2.024358277568331,1.6755692571716236,1.0,1.3050825591602195,1.349076999770983,1.3284497079848527,1.0,1.0,1.0,1.4248158711562715,1.01500890431147,1.0,1.0,1.0,1.6421000548876357,1.247761747285678,1.5411636345840785,1.0331209567194506,1.4943875949341758,1.723094910969917,1.0,1.0
TEST_02+7일,1.0,1.0,1.0597227187942817,1.0,1.4268999648509688,1.5027730977723517,1.034067469872361,1.0,1.5647788705736712,1.0,1.738768757015704,1.1656946806992354,1.0,1.4295182656696996,1.0,1.5695170060324468,1.9789198329883575,1.1305875247530817,1.0,1.0,1.0,1.0,1.580951255960054,1.3455733690733096,1.0,1.0,1.0,1.225928274354911,1.0,1.0,1.0,1.0,1.0333725986197777,1.0,1.0134889240250158,2.241930985856328,1.138138395922288,1.367521323279075,1.271290040772649,1.5091047984299892,1.0,1.0,1.5111451839325698,1.0,1.4136737300741145,1.0,1.1226312831170724,1.7400076812741034,1.0,1.0,1.6519779558890564,1.0,1.6501581761256008,1.0,1.0,1.0618638948952674,1.0,1.253538940041224,1.0,1.2053150171063096,1.0,1.0,1.0,1.0,1.0,1.0,1.0,1.4148816496525047,1.0,2.1615826665242004,1.032195132461686,1.2254237327491764,1.0011636820850611,2.235141624694856,1.5499915452493838,1.0,1.0,1.806749158569222,1.1649651171834388,1.0725306866593198,1.0,1.46015735656593,1.1666918732834548,1.0,1.0,1.0,1.0,1.0,1.5493886058378272,1.0,1.0,1.4723906094755097,1.494133256938885,1.8415206068471448,1.0,2.3677791600174167,1.0,1.0,1.1702755291599023,1.0,1.0,1.7885019075004198,1.0,1.0,1.2468516548587063,2.1317119925715144,1.0922458896547964,1.0,1.991981256437812,1.0,1.0,1.0,1.4479572505344984,1.0,1.0137829286061268,1.0,1.7113527104823572,1.0,1.4115364996703936,1.4144590331342013,1.026263591982232,1.0,1.0,1.1392613709975885,1.2932957521744743,1.0,1.734685378580826,1.7996252935263954,1.0,1.0,1.0579334887463934,1.0889837719663196,1.0,1.0,1.2547627354490556,1.8323492371459915,1.5684443042222,1.0,1.0,1.0,1.936564925018364,1.709621480551467,1.2586599160379952,1.0,1.0,1.941379049385111,1.970125318247674,1.0,1.1817206211470523,1.461071209543214,1.6654374252627495,1.0,1.8775499211643771,1.0681538607959098,1.0552821691750982,1.6356358149069825,1.0,1.0,1.0,1.217276382439373,1.7210322547411363,1.0465158625137276,1.1463628560200103,1.0,1.0,1.0,1.438848374341389,1.0,1.072579429843774,1.0,1.0,1.9620102359744445,1.755574370619081,1.0406777357012775,1.2329984808194645,1.6865161371603663,1.6074101966271153,1.0,1.0,1.0,1.146015655755241,1.0,1.003223366911948,1.0,1.0,1.7354278078794316,1.4051523420870484,1.327788263573486,1.0,1.459148044569681,2.034422231323325,1.0,1.0
TEST_03+1일,1.0,1.0,1.0,1.0,1.206548169287344,1.0687704388230164,1.0,1.0,1.5552708668755153,1.0,1.6464873450759456,1.1794618609659078,1.0,1.3029040764092046,1.0,1.3014394308843695,1.97271887194085,1.0,1.0,1.0,1.0,1.0,1.8918639735875404,1.8929925816513145,1.0,1.0,1.0,1.0192409407698122,1.0,1.0,1.0,1.0,1.0,1.0,1.01180506901452,1.9160751321751568,1.030737797482241,1.3815580890229755,1.820972721161397,1.6590406294196425,1.0,1.0,1.4805592227480435,1.0,1.7281667640325655,1.0,1.161968447253563,1.6399172216414537,1.0,1.0,1.848602822980369,1.0,1.881333067767084,1.0,1.0,1.0846945012176588,1.0,1.334666795384172,1.0,1.4801577741102667,1.0,1.0,1.0,1.0,1.0,1.0,1.0,1.4100850094689972,1.0,2.0047872681017185,1.0,1.1399761900246803,1.47177209135022,1.7850403718842072,1.5073383453644404,1.0829675162138763,1.0,2.018196801339717,1.0333564212059458,1.0047500891685932,1.0,1.7591788249338731,1.6624070849314103,1.0,1.0466281096235588,1.0,1.0,1.0,1.380122875406309,1.0,1.0,1.1284992233037172,2.053930765729074,1.418977432793312,1.0,1.776609766567413,1.0,1.0,1.2594265749756497,1.0,1.0,1.5539406274500545,1.0,1.0,1.5015282286776828,1.6085368585534303,1.3720527457828906,1.0,1.4546608707024928,1.0,1.0,1.0862003896202994,1.2538224769264614,1.0,1.2141154266585132,1.0,1.500480365732927,1.0,1.1929918225661251,1.453837089680777,1.0761796459079898,1.0,1.0,1.0995052360937287,1.4890808088016787,1.0,1.630120180818358,1.4549238905010358,1.0,1.0,1.0,1.0109386702265415,1.0,1.0,1.354177087149213,1.6237587411991437,1.901006006044819,1.0,1.0,1.0,1.8714599648395556,1.7198831460302677,1.4553262493024444,1.0,1.0,1.7420740189160708,1.899095384426489,1.0614868528810402,1.599302577237229,1.470850791986523,1.657596073074768,1.0,1.7929970682715064,1.1450211259931489,1.0,1.8789827199865177,1.0,1.0,1.0,1.4486544176137284,1.627080655188281,1.2400778638479335,1.423833606368592,1.0,1.0,1.0,1.4237333576774318,1.0,1.179575050185978,1.0,1.0,1.718563755801702,1.962683213941544,1.0,1.0,2.016336204465196,1.3054255144761528,1.0,1.0,1.0,1.5014045598272958,1.0,1.0,1.0,1.0,1.691611197964812,1.0912999867071422,1.182665990856116,1.0479350404947236,1.6859033974005204,1.897564209323888,1.0,1.0
TEST_03+2일,1.0,1.0,1.1848980463839418,1.0,1.1138411524099834,1.4867110357541558,1.0,1.0,1.9203400845950456,1.0,1.558682134448521,1.0968478034322562,1.0,1.3844668191550602,1.0,1.79638385522249,1.393924972722991,1.0965338354040872,1.0,1.0,1.0,1.0,1.3527923514776472,1.6460327277304256,1.1208511780180856,1.0,1.0,1.0101591307393012,1.0,1.119926344750755,1.0,1.0,1.0,1.0,1.0,2.2364375432878325,1.1575151496482008,1.241689500476868,1.74849833397395,1.429978315956457,1.0,1.0,1.6308660218874558,1.0,1.5915516398955405,1.1535121645507045,1.0,1.72422859297317,1.0,1.0353486917151038,1.945808978826214,1.0,1.4546009710934278,1.0,1.0,1.096334527877414,1.0,1.0896832213328362,1.0,1.4565477275978544,1.0,1.0,1.0,1.0,1.0,1.0,1.0,1.3056776348667516,1.0,1.9019103185510533,1.0622362563788788,1.3403871450953722,1.1804161642715256,2.1039012561586072,1.6232282053192493,1.1752178465046417,1.0,1.4929043546006355,1.323243998318748,1.0,1.0,1.311996744901227,1.2938532822240565,1.0,1.195622207217512,1.0,1.0,1.0,1.7197881422901755,1.0,1.0,1.232247710353921,2.018229426639861,1.8346408203218945,1.0,2.2931349211474386,1.0,1.0,1.456008849836215,1.0,1.0,2.0082687074182197,1.0,1.0,1.6708582160940064,2.2948511244807737,1.3110991996270078,1.0,2.0223496253062194,1.0,1.0,1.0,1.0731928994757207,1.0,1.0,1.0,1.603717045602699,1.0,1.399458470880823,1.55683354017656,1.0204930692470855,1.0,1.0,1.0,1.3085619345890678,1.0,1.3102319868160437,1.4112240310024209,1.0,1.0,1.0,1.0,1.0,1.0,1.4262669086481994,1.4361229917877834,1.7656939117959438,1.0,1.0,1.0,1.9209630545352585,1.5797658199202975,1.1966612948285025,1.0,1.0,2.119793201556173,1.9155895508503444,1.053523422714005,1.60535308982096,1.7725094954529714,1.6402383673449896,1.0,1.7079879996706422,1.0,1.0,2.154427451885063,1.0470097543043897,1.0,1.0530059681025097,1.4232452317287154,1.6792693526666207,1.5431603586649376,1.5269167363552645,1.0,1.0,1.0,1.4764288656645372,1.0,1.0,1.0,1.1181841171337643,1.8053298325572216,2.355934402949338,1.0,1.2167548631732923,1.8123414872015815,1.401645461520186,1.0,1.0,1.0,1.1431079751621045,1.041902527291729,1.0,1.0,1.0,2.3209430296141247,1.1746123024954378,1.4222430930333931,1.0,1.7872327171098292,1.885801354245335,1.0,1.0
TEST_03+3일,1.0,1.0,1.0,1.0,1.340271954575016,1.2053638890009235,1.0429941299715937,1.0,1.5865772483516685,1.0,1.4572221939636405,1.238160502068675,1.0,1.8788930619747493,1.0,1.3402584459772078,1.941102284518409,1.0,1.0,1.0,1.0,1.0,1.7065638918574657,1.4860071815359672,1.0525061577144212,1.0,1.0,1.145442708001574,1.0812137232702164,1.3223226839380164,1.0,1.0,1.0,1.0,1.0779275904849983,2.272668189346741,1.0,1.331532358781854,1.7467252771688004,1.2574608805954135,1.0,1.0,1.673040038831776,1.0,1.6637284351515402,1.1593084633122634,1.0,1.4009356459897322,1.0,1.0,1.8807641849979488,1.0,1.4722763188905403,1.0,1.0,1.0,1.0,1.2547788891029976,1.0,1.2787378356197752,1.0,1.0,1.0,1.0,1.0,1.0,1.0,1.380764780730036,1.0,2.1094719897260035,1.0,1.0,1.292760900267457,1.828088843012684,2.0457443572550305,1.2917662738479692,1.0,1.9051398566417264,1.0,1.0,1.0,1.5366011671894069,1.2794086133318905,1.0,1.087031215512067,1.0,1.0,1.0,1.2131104187718644,1.0,1.0,1.398705843149176,1.76029622506046,1.7595303608421802,1.0,1.852985665672792,1.0,1.0,1.684583384687995,1.0,1.0,1.8147964580933884,1.0,1.0,1.2237354225969068,1.9553548853189744,1.4283138595200195,1.0,1.584030671566136,1.0,1.0,1.159421117804969,1.4558687486255286,1.0,1.0,1.0,1.1973033010027552,1.0,1.2332334641642433,1.383223756219602,1.0,1.0,1.0,1.0,1.3436489173111403,1.0,1.34173667935978,1.523716376510556,1.0,1.0,1.1130807628358814,1.2247107531579693,1.0,1.0,1.0455036126847146,1.7824668136349928,1.9017016940246851,1.0,1.0,1.0,1.8771283098669984,1.3929573581045462,1.217441868777788,1.0,1.0,1.716465956748204,1.9110477544460416,1.06201562001131,1.7184268778730665,1.9389852666013965,1.514278258371068,1.0,1.915009261590112,1.0,1.0,1.5337391810293848,1.0,1.0,1.0,1.7042769055707174,1.4254998664056715,1.0856497618631955,1.1691292510280484,1.0,1.0,1.0,2.0796362214511714,1.0,1.0,1.0,1.0268981678556044,2.0134581536762246,2.1997479013904107,1.0579410934005704,1.1327652144883826,1.552375956846419,1.1058588547667587,1.0,1.0,1.0,1.5686835591075,1.0,1.0,1.0,1.0,1.7041665627015292,1.0588136616632116,1.2508185859644294,1.0,1.690312376425181,1.4132779771500767,1.0,1.0
TEST_03+4일,1.0,1.0,1.0,1.0,1.0888479578237364,1.1188965320637254,1.0,1.0,1.7056768474741235,1.0,1.7774573089405308,1.327714736138487,1.0,1.8619646266029444,1.0,1.7672944959086694,1.4623574449295844,1.0,1.0,1.0,1.0,1.0,1.52241318114084,1.544955189548509,1.0,1.0,1.0,1.3665870829975508,1.0,1.1539116112363648,1.0,1.0,1.0,1.0,1.0,1.620164402920194,1.2628010487049257,1.3321541275467454,1.544195149363806,1.356216120991145,1.0,1.0,1.1584026125255362,1.0,1.4649434150518177,1.0670408424215223,1.15218842175182,1.66017216995157,1.0,1.000849468326528,1.5435683978273649,1.0,1.308038484875172,1.0,1.1021012297941977,1.1984959311197012,1.0,1.2162225452397624,1.0,1.5100326810622866,1.0,1.0,1.0,1.0,1.0,1.0,1.0,1.6133572697474434,1.0,1.50077875545551,1.1620772770537993,1.211906499615152,1.0327907344414775,2.154732295116872,1.6303935299784618,1.3110745718283998,1.0,1.7780776832258227,1.006062521842526,1.0,1.0,1.6992531425154531,1.582860761705989,1.0,1.150929327473358,1.0,1.143049777068117,1.0,1.497230342371232,1.0,1.0,1.6564990813602092,1.5271927348853689,1.6700094032169526,1.0,1.6815439428749506,1.0,1.0,1.6272608743388326,1.0,1.0,1.521573908678216,1.0,1.0,1.4607534743388375,1.8724228644041232,1.168053456749088,1.0,1.8201077236071348,1.0,1.0,1.0,1.374020731721389,1.0102623481652129,1.1246409859266533,1.0,1.2534819205748262,1.0,1.2117758079425924,1.8305693643451453,1.0,1.0,1.0,1.0,1.2709779496122664,1.0,1.6460547356741086,1.95773538348174,1.0,1.0,1.0,1.146776528471103,1.0,1.0,1.3330555728033944,1.7580375232793644,1.5344973057864846,1.0,1.0,1.0,1.932622552407488,1.7190172498243754,1.3524210954674192,1.0,1.0,2.000112767851403,1.6828314295562072,1.2507541961916715,1.1953088374342156,1.6009751149092724,2.084072923958223,1.0,1.78947587849125,1.198006414682451,1.0531429436260564,1.729641500087937,1.0069610030024532,1.0,1.0,1.7003823467847838,1.5498597529763742,1.25257766859254,1.5722621499758855,1.0,1.0,1.0,2.06236922511976,1.0,1.0617437946758064,1.0,1.0,2.203574267253665,2.300076159622921,1.0,1.3002031297087495,1.9346632118624008,1.529823563140657,1.0,1.0,1.0,1.5730614756369246,1.0,1.0,1.0,1.0,2.02057744613542,1.2583591515653474,1.433335406162046,1.0,1.3664727929300204,1.7608846165679943,1.0,1.0
TEST_03+5일,1.0,1.0,1.0,1.0,1.169469496987209,1.4245208035114572,1.0,1.0,2.106430420859424,1.0,1.477988406475696,1.3237336729246356,1.0,1.6828379605311925,1.0,1.5912785460181194,1.6040334327123411,1.0,1.0,1.0,1.0,1.0,1.537534518818644,1.5773247469359073,1.0,1.0,1.0,1.3286961136112303,1.0,1.1353262750420432,1.0,1.0,1.0,1.0,1.0831462297694072,2.265106919297742,1.0942437131594065,1.1536998556433171,1.506507132066901,1.4433463642770414,1.0,1.0,1.5394385288919024,1.0,1.5699352291189037,1.0,1.0,1.3960741514352069,1.0,1.0,1.428815702982852,1.0,1.5369731166054128,1.0,1.0947219778806188,1.0,1.0,1.220398897053367,1.0,1.6143892016191406,1.0,1.0,1.0,1.0,1.0,1.0,1.0,1.4465710577645086,1.0,1.652684413315615,1.0,1.1441090056504486,1.3324400103978953,1.6374553381287458,2.079284087556949,1.4368790828811564,1.0,1.5748090344775956,1.293668597710153,1.0,1.0,1.3883150982414902,1.3421838296974589,1.0,1.0,1.0,1.0532050964855273,1.0,1.521575894403122,1.0,1.0,1.3382279001702289,2.0494126908511068,1.7638751155861785,1.0,2.2841633941249837,1.0,1.0,1.6316104817202453,1.0,1.0,1.9750139582786448,1.0,1.0,1.3634877676767885,1.70881651664252,1.290750100949169,1.0,2.060878177664708,1.0,1.0,1.0834629057315817,1.361182884968361,1.0,1.018016910224704,1.0,1.5835474354374444,1.0,1.171722866917415,1.7233167823524698,1.0757131287504045,1.0,1.0,1.0,1.3164494007030518,1.0,1.44224029955667,1.484601557780853,1.0,1.0,1.0,1.0,1.0,1.0,1.1241269746373228,1.4627584951213333,1.753643395035267,1.0,1.0,1.0,2.04565866662104,1.3613114809203264,1.2488943975174005,1.0,1.0,1.765383513701162,1.752162373264221,1.2244368119821567,1.511121152807943,1.4704282582703665,2.161689083217932,1.0,1.459052588287484,1.0,1.0,1.52382524766561,1.0,1.0,1.0,1.6049784587798974,1.276892402420693,1.192347514502014,1.4155926089921071,1.0,1.0,1.0,1.5385580272570216,1.0,1.1160731078764232,1.0,1.0,2.1206633074347536,1.8520694978161505,1.0,1.0366894460538156,1.87068483844778,1.425380167600217,1.0,1.0,1.0,1.245708392741033,1.0,1.0501100116373008,1.0,1.0,2.0647349239640485,1.4627605096692635,1.602262226488997,1.0,1.7721463925257532,1.7037843581038916,1.0,1.0
TEST_03+6일,1.0,1.0,1.082757127872413,1.0,1.0,1.3887092240874273,1.091519698106679,1.0,1.7989674500451602,1.0,1.7400195742461986,1.108932704376722,1.0,1.684848854455422,1.0,1.5661090571947929,1.8845631595956909,1.0046795875368917,1.0,1.0,1.0,1.0,1.7207812517884231,1.676192195315713,1.0,1.0,1.0,1.368411550407758,1.0,1.0,1.0,1.0,1.0,1.0,1.0780536487905952,1.9232780313995463,1.0707533623554577,1.555745639569016,1.4467686873875776,1.1536936320196616,1.0,1.0,1.1812459068129957,1.0,1.3420094544075962,1.0,1.0178070421353098,1.8122991160127635,1.0,1.027108260181728,1.620324982380631,1.0,1.4226189009134396,1.0,1.0158305590361365,1.069704755007817,1.0,1.2576146222312647,1.0,1.168731962843682,1.0,1.0,1.0,1.0,1.0,1.0,1.0,1.5261380533874085,1.0,1.8049685291958404,1.0,1.4302007229246214,1.4563185909122414,2.213416996627429,1.729345907075132,1.0973003231991902,1.0,1.7131142247230824,1.0,1.0068368208077183,1.0,1.8262078919108704,1.4498057335378554,1.0,1.0364984028619288,1.0,1.0,1.0,1.5579064108171097,1.0,1.0,1.3611134337591655,2.1983745119379146,1.576015611742807,1.0,2.0979943205922704,1.0,1.0,1.3220379979489572,1.0,1.0,2.093741453025752,1.0,1.0,1.376144999947224,1.949541619764853,1.1951719024045584,1.0,1.879868924810409,1.0,1.0,1.0,1.3499591054401483,1.0,1.1686832431941043,1.0,1.1607842618417026,1.0,1.0546715016685817,1.328495023021102,1.0,1.0,1.0,1.0,1.3544624385117594,1.0,1.3184067900280922,1.6157033256722375,1.0,1.0,1.0,1.0,1.0,1.0,1.205974913849048,1.890682318569708,2.137911347028472,1.0,1.0,1.0,1.589235770919754,1.5224188847923756,1.1670586624793955,1.0,1.0,2.315684453276063,1.6852652996789823,1.0,1.412769913244868,1.7641461343143898,1.9655440359366088,1.0,1.6101768394007665,1.2134128080419944,1.0,1.838304802952451,1.0,1.0,1.0160228925281347,1.5024839543908353,1.7597799198409518,1.5013651813338484,1.4900750825757128,1.0,1.0,1.0,1.5159378961428651,1.0,1.1216384468174951,1.0,1.1275896313724376,1.9667569792877595,2.374524547074373,1.0,1.1537697027599916,1.355349755960653,1.2939671930764838,1.0,1.0,1.0,1.2939232114766748,1.0,1.0,1.0,1.0,2.025228279512488,1.047446481789882,1.4781834118613204,1.0,1.4649215418829131,2.0220628851183746,1.0,1.0
TEST_03+7일,1.0,1.0,1.118977882024839,1.0,1.0,1.5199919359726637,1.0,1.0,1.9397429065252203,1.0,1.506832113101477,1.0,1.0,1.726650596467265,1.0,1.5090266175406164,1.4842632558098026,1.0,1.0,1.0,1.0,1.0,1.7048489329009515,1.6214609747195976,1.0,1.0,1.0,1.235258397432935,1.0,1.2075815339223346,1.0,1.0,1.1508172718028649,1.0,1.1714493013281275,1.9720712644966103,1.1304320364340914,1.3584008550305682,1.297738602509301,1.4593640601387694,1.0,1.0,1.4673829487033794,1.0,1.6148285366656658,1.0,1.188513919087915,1.6256507166499752,1.0,1.0,1.7845117113463411,1.0,1.4744248856164814,1.0,1.0,1.0,1.0,1.207370051426224,1.0,1.430091301774027,1.0,1.0,1.0,1.0,1.0,1.0,1.0,1.500552173128732,1.0,1.6306559555078688,1.129328623348867,1.0,1.2790806022489438,1.6660752590439771,1.5163697170209984,1.2175633233539018,1.0,1.6157328943703653,1.1903828054402696,1.1050965463730604,1.0,1.4458471939263404,1.251063459003976,1.0,1.002878739340182,1.0,1.0,1.0,1.3247180660898243,1.0,1.0,1.5241098625177072,1.6664637133641331,1.397231838379296,1.0,1.7228418565262362,1.0,1.0,1.3944993955289675,1.0,1.0,2.1043534591702064,1.0,1.0,1.2678496782707012,1.994980207606156,1.2755338457581775,1.0,1.6947736979874288,1.0,1.0,1.0,1.096408509181935,1.0,1.0,1.0,1.617116433721839,1.0,1.0,1.6883914375491784,1.0,1.0,1.0,1.0289235427265648,1.5284775253751448,1.0,1.5402650718202875,1.3353992488361677,1.0,1.0,1.114705254686993,1.1695058899060655,1.0,1.0,1.2070128910812812,1.3703545082380713,1.936296566648285,1.0,1.0,1.0,2.071361964894982,1.2473780334679392,1.2183466752078878,1.0,1.0,1.5894017241625158,1.3580880540760614,1.0,1.356204421854658,1.9122980219457295,1.6452699822865262,1.0,1.6527863751035337,1.0,1.0,2.0761899354088698,1.0,1.0,1.0,1.4175227282971896,1.867432708067123,1.4828904144884891,1.6459713234413569,1.0,1.0,1.0330653563916972,1.571242777836282,1.0,1.0554812243301996,1.0,1.0764485069317906,1.8195567450210053,1.6688382131102777,1.0,1.1208679447723162,1.8943149923341869,1.085206083457669,1.0,1.001200543546101,1.0,1.3817087057113235,1.0,1.0,1.0,1.0,1.6713528880503183,1.3840610823417898,1.488352869953798,1.0650567694727389,1.5806680096506849,1.5589936334337764,1.0,1.0
TEST_04+1일,1.0,1.0,1.0,1.0,1.420568901238269,1.444770239762805,1.0,1.0,1.5796254379121204,1.0,1.4684125034373876,1.3505528193812248,1.0,1.4094012857862244,1.0,1.3396567485655595,1.9357101719783627,1.0852654026769912,1.0,1.0,1.0,1.0,1.8940614752882123,1.8816706542022528,1.0,1.0,1.0,1.197439064337806,1.078756952070604,1.2827255283584504,1.0,1.0,1.0561525466548092,1.0,1.2018809839548623,2.063320817172623,1.1474458295195196,1.586445081866083,1.3998519840175476,1.6590596092263104,1.0,1.0,1.3169946633320266,1.0,1.4489804714345147,1.0,1.0,1.4333489369417258,1.0,1.0,1.622392561624039,1.0,1.7834714107302876,1.0,1.0,1.0,1.0,1.1387837426105885,1.0,1.539535378474366,1.0,1.0,1.0,1.0,1.0,1.0,1.0,1.8156024725666835,1.0,2.009164100918992,1.0417203319623138,1.2501259441353874,1.0558331925431197,1.7467585417057063,2.0117978487368027,1.215214486636537,1.0,1.785724269841513,1.2030240377490378,1.0,1.0,1.715767115436304,1.7122824384508295,1.0,1.0189459853121603,1.0,1.0,1.0,1.3886734804133554,1.0,1.0,1.4618454851733007,1.7284854573132808,1.741814567966467,1.0,1.9338269723584252,1.0,1.0,1.4181814535742172,1.0,1.0,1.691459637720679,1.0,1.0,1.5890028015274893,1.9209164923513735,1.1877745526474424,1.0,1.887879205911916,1.0,1.0,1.116238038055256,1.1017237098578505,1.0419653999432976,1.1802575633306955,1.0,1.1561700830188062,1.0,1.070051977584147,1.6906621016308068,1.0,1.0,1.0,1.0,1.411117464960025,1.0,1.6193321688487898,1.57695760944496,1.0,1.0201755102091266,1.0,1.122055660133302,1.0,1.0,1.269262108333202,1.9423093105037588,1.8579337203463064,1.0,1.0,1.0,1.609016546801854,1.7358334547625276,1.096057465944566,1.0,1.0,1.7234536921850614,1.8177766191677256,1.0194154443946315,1.2163645367888114,1.830464028368828,1.7182612745752182,1.0,1.3619796742063055,1.2044755613320506,1.0,2.129805691740581,1.0,1.0,1.0,1.3604849743083691,1.503293243372383,1.1564547656885928,1.1542293262897438,1.0,1.0,1.0,1.7641031691650788,1.0,1.1640659506815854,1.0,1.043743010559912,1.821681310251761,1.6292686750544128,1.0,1.1158504970614775,1.5470849041361912,1.3949693786560604,1.0,1.0,1.0,1.4459423437348886,1.0,1.037350185614356,1.0,1.0,1.846320220621256,1.5171075099414957,1.4359352844369755,1.09098621814254,1.7372520026128977,1.567620644612182,1.0,1.0
TEST_04+2일,1.0,1.0,1.0498259574574538,1.0,1.3598323526241185,1.4809069859952773,1.0,1.0,1.5941462154236086,1.0,1.5213775065472137,1.2845178550599008,1.0,1.888218339674227,1.0,1.3071412233229365,1.945441834399816,1.0,1.0,1.0,1.0,1.0,1.3476979691360536,1.6093977627900626,1.0,1.0,1.0,1.0537843620309255,1.0,1.0819680706483243,1.0,1.0,1.0317691403339389,1.0,1.035103167574032,2.298821048935748,1.0,1.602279354731161,1.411391546534853,1.2188199901418575,1.0,1.0,1.3280158272345886,1.0,1.457900316011704,1.2265378426325804,1.0604760855532405,1.3994346748198423,1.0,1.0,1.6162818551662903,1.0,1.8469642308991083,1.0,1.0,1.0385874658105438,1.0,1.066989385102986,1.0,1.2893691555570246,1.0,1.0,1.0,1.0,1.0,1.0,1.0,1.834159398071616,1.0,2.1375257447850364,1.0,1.342116374918992,1.2820881604691765,2.069624230833254,1.7120365978980023,1.1539682609664057,1.0,2.0001286004025043,1.2520451203130123,1.0,1.0,1.5559278929475222,1.6497068371977324,1.0,1.0,1.0,1.0,1.0,1.6700498207003251,1.0,1.0,1.290684446319319,1.6245529738080098,1.649624256743915,1.0,1.8203571171501245,1.0,1.0,1.2383280055235373,1.0,1.0,1.524741899514215,1.0,1.0,1.3978370206404052,2.140698282914609,1.061235650061117,1.0,1.6453222271092045,1.0,1.0,1.0,1.3395509595336603,1.0,1.0150424775374414,1.0,1.525401725781354,1.0,1.1980935902774117,1.883428072456304,1.1185179527835714,1.0,1.0,1.1164608639692395,1.6538548386098824,1.0,1.4763261675879298,1.691480101344019,1.0,1.0,1.0,1.151237020173934,1.0,1.0,1.1999021874896278,1.862576812376044,1.7327937793912374,1.0,1.0,1.0,1.5568426460032263,1.2717581818303438,1.456075667039876,1.0,1.0,1.756816297969651,1.6587612003592902,1.0,1.4912184441293714,1.9106796906077572,1.8616067578929176,1.0,1.958019523317648,1.0031955780538664,1.067354483111265,2.2412266163507506,1.0,1.0,1.0,1.70168273210857,1.2560116207598218,1.0755690521533816,1.6070971844271589,1.0,1.0,1.0,1.8020828455476816,1.0,1.0,1.0,1.0,2.217871869558789,2.2662471067982715,1.0,1.1008553452261272,1.44563733302175,1.083315899832007,1.0,1.0,1.0,1.2737046097819893,1.0,1.0,1.0,1.0,1.633303677999852,1.1572599598145092,1.654196735437364,1.0,1.342708683280524,1.665353973690866,1.0,1.0
TEST_04+3일,1.0,1.0,1.0,1.0,1.292700509700401,1.205458865147221,1.0,1.0,1.4840392634753987,1.0,1.42172951278226,1.0,1.0,1.5670972221173651,1.0,1.3335408581994102,1.7224228518663134,1.1246071038597965,1.0,1.0,1.0,1.0,1.3323209498188868,1.92857142202452,1.0796733513315813,1.0,1.0,1.142476066425647,1.0,1.2615939160916168,1.0,1.0,1.0,1.0,1.0,1.586117470574549,1.1727281572886632,1.243438487244087,1.560580301101641,1.55411116546756,1.0,1.0,1.3546028401962504,1.0,1.5813207290470672,1.0,1.0,1.350977134808661,1.0,1.0,1.8473806713595105,1.0,1.3752315107381303,1.0,1.0,1.0,1.0,1.2979557254613634,1.0,1.3211174649544148,1.0,1.0,1.0,1.0,1.0,1.0,1.0,1.5738416115202056,1.0,1.7747522532414255,1.0,1.2169254760287838,1.3737736513896013,1.797470286128641,1.8855229447786672,1.040529133945168,1.0,1.7787951872500405,1.312988419180707,1.000989797593014,1.0,1.679386928418878,1.6567695810025709,1.0,1.0945697163972492,1.0,1.216403594647729,1.0,1.2890561156663944,1.0,1.0,1.3535029059360553,1.9169999694829645,1.7245710194088018,1.0,2.178129505253309,1.0,1.0,1.1658300156631394,1.0,1.0,1.798117110657963,1.0,1.0,1.430543744789623,1.934702000515828,1.216042644399223,1.0,1.5984882424913307,1.0,1.0,1.0,1.1060668392725934,1.0,1.0,1.0,1.3577557369737916,1.0,1.136147124185596,1.276137852087133,1.0,1.0,1.0,1.0,1.1472393237730056,1.0,1.7246395621835768,1.9426409349538412,1.0,1.0029283808482448,1.0070741524421325,1.0161316954321864,1.0,1.0,1.0833245233628144,1.7503440337833531,1.742284010597529,1.0,1.0,1.0,2.241955386734986,1.321734754954395,1.3417684992061405,1.0,1.0,1.8913854702519508,1.7530279518492948,1.17693134494105,1.4425634834981174,1.689422667916049,2.2213219779684046,1.0,1.410594637983396,1.1100345037337729,1.0,1.985016396779376,1.0,1.0,1.0449322852841645,1.5029499148066432,1.355213340465507,1.3577192649111014,1.177728306901764,1.0,1.0,1.0,1.5579593704531205,1.0,1.1482242541172478,1.0,1.0,1.5707278505120548,2.323119288408361,1.0,1.0,1.4971887733679614,1.07715065276729,1.0,1.0,1.0,1.4436166735414422,1.0,1.0,1.0,1.0,1.9075284325243311,1.3935343205165118,1.6568171317028182,1.0153609846485612,1.708460463144882,1.549343927033286,1.0,1.0
TEST_04+4일,1.0,1.0,1.105441157188679,1.0,1.1550758505218357,1.1502077281913616,1.0,1.0,1.5771641387753603,1.0,1.697399366374257,1.321595011790587,1.0,1.5440116080078714,1.0,1.3130929363982955,1.3782210748225756,1.0,1.0,1.0,1.0,1.0,1.72504968147823,1.8378630601430292,1.0,1.0,1.0,1.1944066343988011,1.1024020923097395,1.3474382989502207,1.0,1.0,1.2038571529065334,1.0,1.0,1.945685395612108,1.0,1.4937904498086785,1.7260364710853722,1.6182789825504624,1.0,1.0,1.5090832206593077,1.0,1.7525996629230745,1.0,1.0,1.6615793275726165,1.0,1.0,1.5370181597381642,1.0,1.4927481694673463,1.0,1.0,1.0,1.0,1.0437125377878271,1.0,1.4962155354270283,1.0,1.0,1.0,1.0,1.0,1.0,1.0,1.471062853324032,1.0,1.714974978550049,1.1448911893916611,1.021232074750963,1.195031345506138,1.958505432854968,2.076213657508219,1.428261444129031,1.0,1.8220083642457647,1.3135016222959792,1.096983450486425,1.0,1.3633148983089192,1.3923751601771748,1.0,1.0206799162711817,1.0,1.0937384445559546,1.0,1.66017599096182,1.0,1.0,1.245081594668919,1.603000885570271,1.5276515257877237,1.0,1.9525975174338868,1.0,1.0,1.6915177793776437,1.0,1.0,1.5083860254956456,1.0,1.0,1.29631741791747,2.366668894832529,1.226073363001519,1.0,2.103478003136936,1.0,1.0,1.0,1.2151670273111046,1.0,1.0,1.0,1.499209857175352,1.0,1.1688597733607964,1.4321726394143324,1.0162922274293502,1.0,1.0,1.080051123634236,1.4063597547039963,1.0,1.6760384126762766,1.6555733688536365,1.0,1.0,1.0795677554962868,1.130712921544105,1.0,1.0,1.102996638841638,1.9136969105527024,1.806772277796488,1.0,1.0,1.0,2.227575980388841,1.5196996174948727,1.1275512998931223,1.0,1.0,1.7493102279021486,1.6569786965285702,1.0615055687461346,1.2246484613663096,1.83283339392183,1.6897448965627169,1.0,1.7875904576249324,1.0,1.0,1.7157229765556206,1.0,1.0,1.0,1.4891865664875892,1.6567204373108388,1.2074479278407786,1.325549950689012,1.0,1.0,1.0,1.9331648377533293,1.0,1.169502563890818,1.0,1.169354736114694,2.3014943440695896,1.659118454776532,1.0,1.2351416183787298,1.6600991655444248,1.4081187213221071,1.0,1.0,1.0,1.2795144172155315,1.0,1.0,1.0,1.0,1.7426502141334157,1.5391494583939564,1.4199389593957532,1.0,1.5928983124490277,1.4704835109790737,1.0,1.0
TEST_04+5일,1.0,1.0,1.0,1.0,1.042079211638766,1.4529810270289354,1.0,1.0,1.656901135892433,1.0,1.5461135178110372,1.2985436627122346,1.0,1.631981578271927,1.0,1.669314337182996,1.571005955782269,1.086881320684725,1.0,1.0,1.0,1.0,1.6326330271200458,1.4234777181317215,1.0,1.0,1.0,1.0249048321003855,1.0,1.0016740476141794,1.0,1.0,1.0,1.0,1.0,2.111341145419072,1.1864266897670523,1.389755248247397,1.5541300766967954,1.638203650261671,1.0,1.0,1.3437171577891769,1.0,1.231958826036082,1.0,1.122742157526854,1.3681125064741342,1.0,1.0277854890164535,1.861416665490538,1.0,1.8426518241941383,1.0,1.040719203106316,1.0,1.0,1.2622192628493298,1.0,1.6589657663571218,1.0,1.0,1.0,1.0,1.0,1.0,1.0,1.330055292906479,1.0,2.1685302544697325,1.0,1.4556288969324371,1.430133281772352,1.8356297827338564,1.426613110521497,1.368712805411622,1.0,1.743793195251612,1.0,1.0,1.0,1.3047458054439411,1.5980908632083946,1.0,1.127480376798196,1.0,1.1619253123025075,1.0,1.5050080994997186,1.0,1.0,1.665211283357208,1.752788389589034,1.8993505035879763,1.0,2.3790747476405385,1.0,1.0,1.2861656140142717,1.0,1.0,2.0948434568885017,1.0,1.0,1.2271625663640244,2.077258302405236,1.3628205500700237,1.0,1.9308769749329424,1.0,1.0,1.0,1.3862451812652,1.0,1.3041425783934215,1.0,1.547740695871484,1.0,1.4229041541859562,1.8653153261050923,1.0,1.0,1.0,1.075372022346671,1.4519578659761745,1.0,1.4789078791500156,1.8544809347581424,1.0,1.0132468311183465,1.0578323321034728,1.0,1.0,1.0,1.0453230901950823,1.7727532693956582,2.149816402391473,1.0,1.028448307416605,1.0,1.5521784689912244,1.6420526897688166,1.1692512794735563,1.0,1.0,1.9519341670365329,1.6498092408856884,1.0817185146169104,1.5202178507715676,1.4253481774725625,2.0538776371367597,1.0,1.6608633974290696,1.0,1.0,2.225214246040568,1.0,1.0,1.0,1.2887257464019313,1.6314576212759784,1.380947597886498,1.5795192181460385,1.0,1.0,1.0,1.619643789241317,1.0,1.1219571159047077,1.0,1.0978417182108349,2.052235795279434,1.677246247749814,1.0,1.0987176589070249,1.6307032955331202,1.1782415075657329,1.0,1.0,1.0,1.1445925702623698,1.0,1.0,1.0,1.0,2.0396745236759823,1.5325151283759022,1.302983840556975,1.0,1.7752349823033962,1.9734234233513583,1.0,1.0
TEST_04+6일,1.0,1.0,1.124566734511972,1.0,1.0339962666916016,1.482678597476501,1.0,1.0,1.5830362669668483,1.0,1.379001120643914,1.1397001089367738,1.0,1.326208768996434,1.0,1.4113972166022433,1.7976122544611743,1.0520138330061892,1.0,1.0,1.0,1.0,1.4399971504329692,1.8888916135058509,1.0,1.0,1.0,1.089684694215403,1.0925171450376738,1.1469245276308024,1.0,1.0,1.0,1.0,1.0,2.1388235598605703,1.2338942738881566,1.6190358783377643,1.2928067126811182,1.647349365925591,1.0,1.0,1.573220220373574,1.0,1.686025514530676,1.0,1.0,1.6003253573408194,1.0,1.0,1.5665693088155868,1.0,1.2972599447585116,1.0,1.0338494181054971,1.0,1.0,1.0470225641022937,1.0,1.608582644988548,1.0,1.0,1.0,1.0,1.024644685752086,1.0,1.0,1.864528108588948,1.0,1.790189312230287,1.1509483600118016,1.23308203732596,1.3153413407290482,2.0592450705997427,1.4589834705042206,1.1984298219589045,1.0,1.4200740485284278,1.245627146706849,1.0,1.0,1.8822043186204684,1.2402827257992106,1.0,1.013369106941755,1.0,1.0228126847931531,1.0,1.622190224847031,1.0,1.0,1.1962005203828054,2.0063259692662854,1.6905909274118207,1.0,1.63530749541791,1.0,1.0,1.2857272617430362,1.0,1.0,1.5590583197793255,1.0,1.0,1.1732244995253835,2.243645324772989,1.326413836409316,1.0,1.8564225114619295,1.0,1.0,1.0,1.3872171928788457,1.0,1.2746862797616698,1.0,1.3447707680282812,1.0,1.121974843506688,1.8680819208312984,1.0,1.0,1.0,1.0,1.6407252969844346,1.0,1.7464723173518852,1.6755657394371053,1.0,1.0,1.1291117057092632,1.0,1.0,1.0,1.269873202803825,1.4264129127261729,2.2496224830410743,1.0,1.0,1.0,1.8405640277825408,1.55606662186502,1.132015471150266,1.0,1.0,2.25053310288118,1.4379249784978916,1.1998591846423543,1.5932256174338593,1.5640224163217042,1.8341792197826785,1.0,1.342373632772672,1.0,1.0,2.1119561185741937,1.0,1.0,1.0613540421356191,1.1817871980469796,1.7412500118801078,1.0502104295901562,1.6098836091592246,1.0,1.0,1.0,2.049232689440665,1.0,1.0,1.0,1.0,2.065146951776926,1.613556105102945,1.0,1.3260418123405069,1.5392574665732583,1.1797865487358057,1.0,1.0,1.0,1.1151002200043845,1.0,1.082434364703153,1.0,1.0,2.144122002945028,1.156225961782206,1.389911714979044,1.0040281144097356,1.3326313706405908,1.766828790221361,1.0,1.0
TEST_04+7일,1.0,1.0,1.0,1.0,1.0789755090505424,1.5797004033252513,1.0,1.0,1.518822203992031,1.0,1.7912793859786005,1.1724758914327715,1.0,1.403513319912056,1.0,1.2358632437050163,2.0478282250918074,1.0498636515465405,1.0,1.0,1.0,1.0,1.3166870792945875,1.364086967758593,1.0,1.0,1.0,1.2749847318473708,1.0,1.0395687466962509,1.0,1.0,1.0746380994342577,1.0,1.0,2.1151199485414907,1.2257734974862806,1.2455445946556536,1.8581824833478424,1.4032211669198429,1.0,1.0,1.384291147102238,1.0,1.368271764361905,1.0688615300071558,1.2001731670488371,1.3964275028242945,1.0,1.0,1.5154276431897655,1.0,1.3164828619460156,1.0,1.0,1.1245734002746803,1.0,1.2307972633026718,1.0,1.4787509621846495,1.0,1.0,1.0,1.0,1.0,1.0,1.0,1.3006525711936117,1.0,1.8225508354935196,1.0,1.280179803835337,1.4397729084396151,1.673253518806053,1.893027956546077,1.248755435360287,1.0,1.5458647684404518,1.1681442899264185,1.0101626167561886,1.0,1.4682291837127392,1.1620332850680395,1.0,1.0,1.0,1.0,1.0,1.5936598532090749,1.0,1.0,1.3316186111141328,1.904487354902521,1.3626047681714517,1.0,1.8742832564560328,1.0,1.0,1.1958564061537191,1.0,1.0,1.608456734287186,1.0,1.0,1.5265617779042768,1.6857288351920554,1.2916334575073734,1.0,1.6532611210560066,1.0,1.0,1.0387128643409818,1.2224371239655965,1.0,1.0,1.0,1.2101414166957427,1.0,1.170624989670791,1.73330361120123,1.0283204694300474,1.0,1.0,1.0,1.1513285724456397,1.0,1.6791602952038662,1.3424806016476458,1.0,1.0,1.0,1.0958321198993928,1.0,1.0,1.518783663988296,1.5903179359470505,1.8488910610424492,1.0,1.0640050758500208,1.0,1.646953083560186,1.326034071630466,1.4066334821966973,1.0,1.0,2.124860492692908,1.5087189430814902,1.1800570157529449,1.6102900547107306,1.591512523152611,1.7277119540194474,1.0,1.938211585218768,1.0,1.0,1.9590851883819644,1.0,1.0,1.0630770836574632,1.7005862462835588,1.407735294073304,1.1025522096190343,1.388373606374631,1.0,1.0,1.0,1.8631068936862587,1.0,1.0,1.0,1.1175930215550405,1.569768319953872,1.6701673159596515,1.0,1.0133209438392423,1.460798560243023,1.428127142706411,1.0,1.0,1.0,1.1700183636145003,1.0,1.0532654351343758,1.0,1.0,2.016175350151274,1.086592496816292,1.235623074270611,1.0,1.4852306848634294,1.9761499520840449,1.0,1.0
TEST_05+1일,1.0,1.0,1.2272854948720835,1.0,1.2223361044623158,1.274437908084277,1.0313133501458682,1.0,1.5420428689843326,1.0,1.4727040451450475,1.085478137510749,1.0,1.7739445847419462,1.0,1.7831318444162294,1.8078381228002511,1.0778486998837775,1.0,1.0,1.0,1.0,1.3206375346993948,1.8159645860508755,1.0575808417398227,1.0,1.0,1.3424273522784942,1.0,1.2694311498951265,1.0,1.0,1.0,1.0,1.0,1.676706385483193,1.1158467679636583,1.5052915661517794,1.8487178437208336,1.6569059495435403,1.0,1.0,1.190755007178394,1.0,1.4587203896187104,1.1064224107145193,1.0247338746942145,1.6414329911787788,1.0,1.0148738806376951,1.5972817062307525,1.0,1.3607966853739593,1.0,1.0,1.181951211558164,1.0,1.2878747412251437,1.0,1.5629556583168578,1.0,1.0,1.0,1.0,1.0101807988887532,1.0,1.0,1.4505415282623255,1.0,1.7219437913908495,1.113707928986389,1.0952787618345703,1.3028380724585211,1.5456957159297475,1.5878063625674854,1.0683988233930295,1.0,1.7252761777312633,1.1685999279288983,1.0,1.0,1.8240559245930412,1.1686018003232117,1.0,1.0798180895729772,1.0,1.0,1.0,1.2964375353006898,1.0,1.0,1.137365309485928,1.7753054185335322,1.6007051990994472,1.0,1.975266994783268,1.0,1.0,1.680958992698743,1.0,1.0,1.7183191548959158,1.0,1.0,1.2352763956431214,1.91583746152866,1.024750380902932,1.0,1.4383784768833496,1.0,1.0,1.0,1.3913218213955958,1.0,1.2351288879606763,1.0,1.1881445918071152,1.0,1.0184993053236868,1.7620861142167277,1.0,1.0,1.0,1.0,1.4459318638152847,1.0,1.6720284855733023,1.5228716800816726,1.0,1.0,1.0,1.2387435320700302,1.0,1.0,1.087598529356071,1.3489507745024372,1.8145444835387088,1.0,1.0,1.0,1.8722725758392784,1.188691518267763,1.1275336925407298,1.0,1.0,2.0213610204736154,1.4293598752735652,1.0,1.6906480090928495,1.6725994546999208,1.8465610108906048,1.0,1.8898941490231131,1.0,1.0,2.0513247327272053,1.0,1.0,1.0,1.335977731875421,1.7261146396278837,1.38833163163494,1.436972197687398,1.0,1.0,1.0,1.7085647269532744,1.0,1.0041177849345746,1.0,1.0828069994216425,2.0069095450296657,1.753427182090791,1.06200549448682,1.2024373613226913,1.857576984466504,1.105405392634783,1.0,1.0,1.0,1.554854698664021,1.0,1.0,1.0,1.0,1.9382368509778167,1.1113998829609606,1.4897972057178053,1.0,1.738115570291645,1.95527354638778,1.0,1.0
TEST_05+2일,1.0,1.0,1.0,1.0,1.301629490732242,1.2529916348228791,1.0,1.0,1.789381384661536,1.0,1.5713387230165017,1.0,1.0,1.349424417548189,1.0,1.731893802442407,1.5522980720139912,1.0461134927865066,1.0,1.0,1.0,1.0,1.8325999009691485,1.53441162788187,1.0224507343009848,1.0,1.0,1.4713301831572387,1.0,1.1715889264090285,1.0,1.0,1.0,1.0,1.2581937410886386,1.8062911412275084,1.1017129728691288,1.4659078070818872,1.7497492283436922,1.534474709409606,1.0,1.0,1.6026160187357474,1.0,1.2068344532744288,1.0,1.0,1.7357583932911251,1.0,1.0,1.7980538434108817,1.0,1.6328702311710364,1.0,1.0,1.0,1.0,1.0401689714193822,1.0,1.353777474073539,1.0,1.0,1.0,1.0,1.0,1.0,1.0,1.450804107151191,1.0,2.1304527462945235,1.142083751778347,1.216181172373076,1.05840194086766,1.7270165525151002,1.5199446280207636,1.2202337524042477,1.0,1.5994346444162826,1.0,1.0,1.0,1.940287018729928,1.496409876736481,1.0,1.0,1.0,1.192657750473814,1.0,1.5086241949968706,1.0,1.0,1.2473720538031243,1.800439821063175,1.8010067271254202,1.0,1.9921659862678025,1.0,1.0,1.480765177854981,1.0,1.0,1.7015602937319754,1.0,1.0,1.5130383016227855,1.8675329032785253,1.3191869042899675,1.0,1.4256706717449426,1.0,1.0,1.0,1.4144583767747232,1.0,1.15964393599418,1.0,1.486259258976018,1.0,1.0,1.3324976328389937,1.0,1.0,1.0,1.0,1.6033243080159176,1.0,1.6187648419256884,1.6942623696680954,1.0,1.0,1.0,1.0,1.0,1.0,1.5145769510685143,1.5561310761933904,2.158141049557603,1.0,1.0,1.0,2.13204342099243,1.637928436612891,1.4829198552479008,1.0,1.0,1.6367022566525875,1.453733881041886,1.1413599244171575,1.4020804381339904,1.9508540681691635,1.5573047564257545,1.0,1.6728097041942478,1.0684643118714066,1.0876973901925229,2.225342399317756,1.0,1.0,1.0816549606680053,1.4103793987710962,1.6788663296788109,1.143365064672082,1.5001447395917191,1.0,1.0,1.0,1.9565099024139565,1.0,1.0,1.0,1.0,1.913900893047501,2.35709530478963,1.0,1.3180640035052336,2.01082369225695,1.245193789046939,1.0,1.0,1.0,1.6490623104005355,1.0402500023283476,1.091512886639586,1.0,1.0,1.900890582381221,1.3978804336643034,1.4128012620519466,1.0,1.2389172109963007,1.5760525081964707,1.0,1.0
TEST_05+3일,1.0,1.0,1.0,1.0,1.2755457737740554,1.4666086382140051,1.1124829451056195,1.0,1.6043589677192345,1.0,1.795540499726786,1.0566080432059624,1.0,1.6865562059367991,1.0,1.758298374643964,1.809343966376915,1.0,1.0,1.0,1.0,1.0,1.387889056447684,1.85497523868523,1.0358000170548556,1.0,1.0,1.439318877691318,1.0158832421229809,1.1974920586663924,1.0,1.0,1.0296109723338738,1.0,1.0848416854781409,1.8528899419406275,1.0,1.2902684756220328,1.8792522398918303,1.2029949116265788,1.0,1.0,1.315915565001462,1.0,1.3734424941868784,1.0,1.0,1.7129960487868066,1.0,1.0,1.3837971097674566,1.0,1.35304592675762,1.0,1.0,1.0,1.0,1.0,1.0,1.5118596371552,1.0,1.0,1.0,1.0,1.0,1.0,1.0,1.4649045856282057,1.0,1.8810610358383808,1.0,1.1895664001980832,1.1469976004885674,1.8579579116447027,1.419088564494993,1.292755025148296,1.0,1.510490428719115,1.1698557929082614,1.0641975560409926,1.0,1.430580270011596,1.4205036416577552,1.0,1.171209464823879,1.0,1.154184521622054,1.0,1.6841696833380049,1.0,1.0,1.561037900931935,1.90597137403062,1.8256912540428325,1.0,1.843181145082652,1.0,1.0,1.5308750970074003,1.0,1.0,1.9953668640190312,1.0,1.0,1.3444720470503817,2.0534470009612167,1.2123612691398291,1.0,1.7928701796487752,1.0,1.0,1.0,1.3228496324842676,1.0,1.3207196007441953,1.0,1.4470606169968736,1.0,1.3249271423443896,1.6016069298547078,1.0638111151722005,1.0,1.0,1.0,1.2596367830928632,1.0,1.2751357232909748,1.94097621088116,1.0,1.022246268451013,1.0,1.0243601815004688,1.0,1.0,1.405130584502014,1.785316011327558,1.839982634543531,1.0,1.026532430349986,1.0,2.222769770975893,1.773409114183996,1.0878535305069932,1.0,1.0,2.1107018934566444,1.968385612193967,1.0242434350398038,1.7184045812590356,1.9143690528922936,2.1042849646956,1.0,1.4771059362700378,1.100069809436052,1.0,2.0640740270393048,1.0,1.0,1.0,1.221017774079952,1.4507880326204652,1.476816694288276,1.5691716476135205,1.0,1.0,1.0,1.9761475869677416,1.0,1.1340157678795164,1.0,1.0,1.6219767049611034,2.1172520478559145,1.0617524253894393,1.193793365812245,1.868041485447672,1.1569347368649985,1.0,1.0,1.0,1.3514473461245806,1.0,1.0,1.0,1.0,2.2626689145362127,1.4101534792186372,1.188574328635475,1.0,1.2959595582300156,1.7595501594988678,1.0,1.0
TEST_05+4일,1.0,1.0,1.0,1.0,1.0932121323726085,1.236502905381741,1.0,1.0,1.7192039091989926,1.0,1.6211838347974792,1.2682087169771077,1.0,1.4547392223668274,1.0,1.798629476610199,1.744759783954296,1.0,1.0,1.0,1.0,1.0,1.471157459558217,1.848582909687704,1.0,1.0,1.0,1.2967429306520784,1.1090619974230076,1.2717309447793403,1.0,1.0,1.1802332926030137,1.0,1.0,2.203026791030564,1.2132653704937235,1.2010573852298585,1.5985289077735787,1.3784232768858518,1.0,1.0,1.4005486793776163,1.0,1.4937641314610086,1.0144721040099312,1.0,1.7024062084543006,1.0,1.0,1.4296310741599343,1.0,1.8674705609427549,1.0,1.0996346628956688,1.0,1.0,1.0,1.0,1.411801996599751,1.0,1.0,1.0,1.0,1.0,1.0,1.0,1.3663471660103896,1.0,2.0225414663443986,1.0,1.016086653261692,1.0934158486480372,1.627965849923554,1.4069006469783791,1.20650495345861,1.0,1.733674855442798,1.3165389102852634,1.0215637201351204,1.0,1.4653444726456188,1.4567310395691695,1.0,1.065489578252214,1.0,1.0,1.0,1.428344444047637,1.0,1.0,1.2358042192077594,1.4921761495413215,1.6299730456675872,1.0,2.1721172577033823,1.0,1.0,1.6712407021392108,1.0,1.0,1.753790485640497,1.0,1.0,1.3587574029481906,2.286509144528686,1.4033063835001591,1.0,1.9387684762783064,1.0,1.0,1.0260239281320571,1.1104035127330765,1.0378780679275,1.0551895208561226,1.0,1.5742457921944253,1.0,1.2271947239184298,1.4217562912010957,1.0853714532195438,1.0,1.0,1.0,1.6160572866319516,1.0,1.7094711642969092,1.8808091103561813,1.0,1.0,1.0,1.1130330656946428,1.0,1.0,1.3558507407877527,1.5540380915364496,1.9348381991401196,1.0,1.0,1.0,1.9844485192279608,1.6692728489453066,1.2110755596566332,1.0,1.0,1.6973526825364715,1.425559964226906,1.0,1.6674045656063856,1.4216589900981709,1.6867001892955151,1.0,1.4059860210551032,1.1855291001082542,1.0,1.802282506188778,1.0075269288333883,1.0,1.0,1.6380732053445712,1.5898659776805053,1.063890852926827,1.1751848875824829,1.0,1.0,1.0,1.6062692801549612,1.0,1.0,1.0,1.0,1.754569971752463,2.205099440485927,1.0,1.286938308337619,1.5439983092379337,1.388783550891303,1.0,1.0,1.0,1.399178967364872,1.0,1.0,1.0,1.0,1.7671498320524917,1.3834987480345573,1.2418899551323994,1.0,1.8348873516339737,1.438737751134065,1.0,1.0
TEST_05+5일,1.0,1.0,1.22225538896147,1.0,1.416836943682752,1.5481392973653492,1.0,1.0,1.8203864242900087,1.0,1.3077628206185512,1.0,1.0,1.5480007222882195,1.0,1.305560072581454,1.9095237672639025,1.0,1.0,1.0,1.0,1.0,1.4099174791597198,1.80853668562658,1.0,1.0,1.0,1.1881395762785538,1.0,1.0890361959070007,1.0,1.0,1.023917482205438,1.0,1.094494726238265,1.7900807461503203,1.0,1.49057856890728,1.8613101745156264,1.5127824318116891,1.0,1.0,1.546015327538773,1.0,1.2272851149583992,1.0,1.0,1.34900136204344,1.0,1.0,1.9210709895202311,1.0,1.53943725277479,1.0,1.0,1.0,1.0,1.2217335450603095,1.0,1.2536612149728823,1.0,1.0,1.0,1.0,1.0,1.0,1.0,1.7570520957112234,1.0,2.058883500558558,1.0,1.0313970376477637,1.4445291538593807,1.768216842448488,1.930623902851084,1.434415221671722,1.0,1.6081402972981655,1.28534613124783,1.0040968090078792,1.0,1.7226104859549274,1.1613645916433244,1.0,1.0,1.0,1.0418417291370217,1.0,1.742233113818301,1.0,1.0,1.167808492189861,1.546217354128189,1.8914319285510592,1.0,2.287921604527996,1.0,1.0,1.3463824071328672,1.0,1.0,1.5499111063654596,1.0,1.0,1.3887938563787936,1.6609405069094414,1.415802556112107,1.0,1.781076215833709,1.0,1.0,1.0509146591309078,1.1331185492758469,1.0,1.192046845503386,1.0,1.440791741014964,1.0,1.3179073971954782,1.3896684497481873,1.0,1.0,1.0,1.0,1.1344082652997338,1.0,1.5063097001759926,1.4658693423917828,1.0,1.0,1.0,1.057882976156144,1.0,1.0,1.3598496424547364,1.5174740736043502,1.6914108212779713,1.0,1.0,1.0,1.773256111018939,1.4615242303424076,1.5563498909204778,1.0,1.0,2.18307652019498,1.502466612358879,1.0,1.336343236254692,1.447144085816562,2.049190564477944,1.0,1.5662051927065903,1.1287450048210252,1.0115013633132384,2.0645566197927376,1.0256037897379813,1.0,1.0608998828936405,1.170778275855952,1.341148484820814,1.1449730154647657,1.5566031569892798,1.0,1.0,1.0,1.6407953623781797,1.0,1.0,1.0,1.0,2.226265398823608,2.203183955666517,1.0,1.2673102419323867,1.509615154852257,1.4326988288450049,1.0,1.0,1.0,1.195464634606767,1.0,1.028036986290056,1.0,1.0,2.177094261898008,1.208554834350259,1.4012391090535194,1.0,1.39915572387003,2.0133675583223924,1.0,1.0
TEST_05+6일,1.0,1.0,1.2024656218899212,1.0,1.3128021520828932,1.5099240972833048,1.077340213722209,1.0,1.956349138849132,1.0,1.8161494206094533,1.055839716513842,1.0,1.4828217725742348,1.0,1.439093215390445,1.4473213560807412,1.106668523706971,1.0,1.0,1.0,1.0,1.4911822280384943,1.798291714335861,1.0,1.0,1.0,1.293608332627595,1.0,1.3249907021168574,1.0,1.0,1.1096203350672171,1.0,1.0,1.7366201850151324,1.0914509156759409,1.5394605031949196,1.3039645100993826,1.250670624269314,1.0,1.0,1.3427995990881496,1.0,1.486878843835413,1.0,1.0,1.287747536260976,1.0,1.0,1.416009480159446,1.0,1.573918777097025,1.0,1.0,1.08559696378631,1.0,1.3358665812198058,1.0,1.5466498910998443,1.0,1.0,1.0,1.0,1.0208849044438826,1.0,1.0,1.3399651472146947,1.0,1.7147673493113194,1.085554658449874,1.3895241861392216,1.3708202866832853,1.8021467975938956,1.4852440356116337,1.2526391320646062,1.0,1.5633453530579335,1.0766904199561274,1.0667092457541796,1.0,1.9183559484599475,1.4015811299695522,1.0,1.2078836296353894,1.0,1.0315215340952095,1.0,1.4401481972118668,1.0,1.0,1.3892304597231622,2.143387093664143,1.4816975852043086,1.0,2.3388351074929346,1.0,1.0,1.5047412069024504,1.0,1.0,1.6187696596734549,1.0,1.0,1.33172241970724,1.6563345687685906,1.0,1.0,1.9940475373099995,1.0,1.0,1.0,1.1534634404471096,1.0438614712740475,1.0,1.0,1.3906803619029502,1.0,1.0263031670047058,1.7904628289911309,1.1119304642834926,1.0,1.0,1.1353702184080672,1.5352414423620335,1.0,1.86548972616131,1.4604450545775978,1.0,1.017312060455856,1.013081553715873,1.1835555474203712,1.0,1.0,1.4531270201220985,1.690080618211604,2.080013991784451,1.0,1.0,1.0,1.9611503691731056,1.725028369767455,1.4636713238886323,1.0,1.0,1.7628852904887766,1.7152096221701536,1.0460340155329693,1.2564952354179586,1.5702604137786391,1.5551556150925885,1.0,1.494658003820196,1.1085681439240114,1.0,1.5526081828194191,1.0,1.0,1.0,1.6363793290662092,1.531827545555659,1.5496720787789926,1.3744722516052343,1.0,1.0,1.0,2.058927065730843,1.0,1.0843799312004323,1.0,1.0686112748807344,1.9641291851268925,2.0118708032161696,1.0,1.0578325355946263,1.491361658143883,1.4646551908065584,1.0,1.0,1.0,1.4205325778666589,1.0,1.0,1.0,1.0,2.195617979620207,1.1225198708082618,1.6317754796438273,1.0,1.825670460926599,1.6604618553589177,1.0,1.0
TEST_05+7일,1.0,1.0,1.0,1.0,1.2247946505471914,1.283088529368621,1.0,1.0,1.4829074551318693,1.0,1.6233275430199048,1.085100772398548,1.0,1.5262167833612943,1.0,1.6564947302912167,1.8965977068734656,1.0,1.0,1.0,1.0,1.0,1.3103579181590124,1.4854624329935386,1.0,1.0,1.0,1.3669573956549634,1.0,1.1513331041358716,1.0,1.0,1.2289313168041898,1.0,1.0366311102558745,2.3232244962304662,1.0,1.3016943491479671,1.4861997719188256,1.4695325922902986,1.0,1.0,1.1839804088494073,1.0,1.7471263012012208,1.2558163812048633,1.0,1.664235661819699,1.0,1.0,1.6713124421588013,1.0,1.4135649782214468,1.0,1.0,1.0614236699875232,1.0,1.0,1.0,1.4634858569338205,1.0,1.0,1.0,1.0,1.0,1.0,1.0,1.6634566058685256,1.0,1.7820190383132644,1.0168677978898115,1.0968507975564112,1.3291048724517351,1.544895148939379,1.717161697071024,1.1373366048765332,1.0,1.705879772385194,1.0,1.040854210292813,1.0,1.886247407623671,1.5724662916778116,1.0,1.0268552601279792,1.0,1.08863306685597,1.0,1.2584250343824783,1.0,1.0,1.1284555742433149,1.545748038762799,1.575088407992229,1.0,2.2324863980847325,1.0,1.0,1.1702677841508446,1.0,1.0,1.7914868088343974,1.0,1.0,1.1814979374992995,2.27788148174368,1.367687689324206,1.0,1.4273340178627396,1.0,1.0,1.0,1.0547834537822751,1.0,1.0652549127458284,1.0,1.3766965430676883,1.0,1.2277416094764946,1.36024692544662,1.019338144074474,1.0,1.0,1.0,1.6479823394929385,1.0,1.786482801567362,1.4479879016001858,1.0,1.0,1.0700529357669455,1.149554740135279,1.0,1.0,1.0830976892659925,1.870362957916777,1.9196523642149488,1.0,1.0155097072746315,1.0,1.7416885059785443,1.4316077111993717,1.116096873339796,1.0,1.0,1.8937209621204727,1.728179295462644,1.0,1.4171626042959689,1.5257051849322705,2.221887848397289,1.0,1.6611683457972743,1.0248648562056508,1.084361147319001,1.816011363832011,1.0,1.0,1.0,1.235825536228043,1.7995438826300103,1.2574268279678822,1.3574925532776512,1.0,1.0,1.0,1.51808991650437,1.0,1.0,1.0,1.0,1.8589346922810683,2.2201272831096297,1.0,1.1654061499540922,1.4369094747901014,1.213881366474208,1.0,1.0,1.0,1.194243321777123,1.04898440682366,1.0,1.0,1.0,1.9262640360755745,1.3351398267916756,1.4502664550153797,1.0,1.339111255760352,1.6531504533692818,1.0,1.0
TEST_06+1일,1.0,1.0,1.111630912208306,1.0,1.2523015732943998,1.4531164231266902,1.1128772830529037,1.0,2.0356209671950274,1.0,1.4424420514274123,1.14809685239693,1.0,1.7616426366093394,1.0,1.61912901509452,1.7456398616267692,1.0595689870016778,1.0,1.0,1.0,1.0,1.595067126970198,1.3412398145254298,1.0,1.0,1.0,1.0394965773436813,1.0,1.0,1.0,1.0,1.0,1.0,1.1139064925885518,1.5780633720391015,1.0,1.4867520304467388,1.398058945770594,1.4839937068412232,1.0,1.0,1.3666710177705974,1.0,1.256661715980785,1.1100490892238988,1.0,1.460378889427434,1.0,1.0,1.6788544212886856,1.0,1.5546923109930544,1.0,1.1198701601019767,1.0,1.0,1.2818143506659945,1.0,1.350227684208317,1.0,1.0,1.0,1.0,1.0,1.0,1.0,1.340816264097517,1.0,2.085730679799864,1.0569656289573488,1.074881812854864,1.1426645533397266,1.939804927380864,1.813311510462289,1.329778545643673,1.0,1.4769269488577192,1.0427726610466497,1.0,1.0,1.619116273386148,1.4131556971479613,1.0,1.0,1.0,1.2217922345048084,1.0,1.4032782225044762,1.0,1.0,1.1704487547874969,2.0136092487215853,1.8939470922762256,1.0,2.2686879409332006,1.0,1.0,1.255204103139848,1.0,1.0,1.533264852979592,1.0,1.0,1.2990570638622363,1.7684380300608158,1.0,1.0,1.6613070084175738,1.0,1.0,1.1393894983138502,1.1326939260047806,1.0,1.3175690432200855,1.0,1.16334488205233,1.0,1.0758455888025846,1.5727942941777675,1.1059574370464973,1.0,1.0,1.1453689031904537,1.4929579899339875,1.0,1.6404885196599284,1.9224945551800188,1.0,1.0,1.0,1.0,1.0,1.0,1.2876112024466533,1.3333743185503828,2.1296977464781737,1.0,1.0626119089175006,1.0,2.192043047844244,1.499976594203409,1.518908887560928,1.0,1.0,1.841557698367615,1.426129816509524,1.0,1.3976742420057244,1.7415170940945333,1.6488903008867644,1.0,1.965820609024682,1.0512224144147717,1.0102120800278014,1.8311605240833169,1.0,1.0,1.0,1.66673579501555,1.512232458507431,1.3969072059865018,1.3426893048989088,1.0,1.0,1.0070324130152926,1.432119547343462,1.0,1.0,1.0,1.1067978757315375,1.5964839245735092,2.060070002160223,1.0,1.0,1.715748346099871,1.124541609923136,1.0,1.0,1.0,1.454045251683468,1.0,1.0,1.0,1.0,1.8292028402131149,1.2849157911190257,1.515334445175862,1.0,1.4486700744752607,1.5903575891166213,1.0,1.0
TEST_06+2일,1.0,1.0,1.1773421306689027,1.0,1.1601810680909828,1.4550560131313393,1.0,1.0,1.9109056445001376,1.0,1.3215848973437578,1.321148755351966,1.0,1.488282175746779,1.0,1.293549216239186,2.0353303329209136,1.0,1.0,1.0,1.0,1.0,1.3092110173007854,1.548821578773312,1.0324281202951366,1.0,1.0,1.1825733305680437,1.0,1.2253622295007331,1.0,1.0,1.0,1.0,1.0556557850188428,2.3549393945041084,1.1495327503167696,1.346386056592601,1.379495788352082,1.2035671765672582,1.0,1.0,1.6951248426512209,1.0,1.6500323071206224,1.0848373886591798,1.090276267939648,1.4998421938002084,1.0,1.0,1.620475940210101,1.0,1.674837405057637,1.0,1.0,1.0,1.0,1.0976480653497518,1.0,1.6666390245224736,1.0,1.0,1.0,1.0,1.0,1.0,1.0,1.3071606055097056,1.0,1.7304416478618176,1.0,1.2266674026209787,1.0846010750510535,2.165852938232594,1.6897669338914438,1.0411530295859812,1.0,2.02695283396954,1.2476360616749294,1.0,1.0,1.808163653392313,1.580653003750476,1.0,1.071082503570973,1.0,1.069838685648576,1.0,1.7334894068195463,1.0,1.0,1.5762833620269552,2.1722358659866057,1.8924180063277949,1.0,2.029899517223813,1.0,1.0,1.6251307832282966,1.0,1.0,1.8647011808068,1.0,1.0,1.498222756772542,2.132781058145216,1.1478058045767423,1.0,1.5702788459336123,1.0,1.0,1.0,1.1009825189320828,1.0,1.1287072903675976,1.0,1.3407992648863964,1.0,1.0636338747528682,1.8721876424164865,1.0,1.0,1.0,1.0,1.3703791216027774,1.0,1.4277878354119002,1.87655678981537,1.0,1.0,1.0924549355117332,1.248070406524451,1.0,1.0,1.3864851857808465,1.5534045341203953,2.108240437339392,1.0,1.0,1.0,2.1623445804024213,1.4715776919029373,1.3422630052193214,1.0,1.0,2.239837274932547,1.849698965645592,1.1332671778468375,1.4988211267085207,1.933337259008482,2.167484253891992,1.0,1.7064053335073914,1.026028685186855,1.0,1.6489176990932162,1.0,1.0,1.0,1.5762025679571503,1.773542140208203,1.1280120137339924,1.389946740356146,1.0,1.0,1.0,1.7209802806779195,1.0,1.0,1.0,1.175696298701743,2.0905527534099506,1.8368569028304085,1.0,1.136452540462355,1.7521098470153391,1.11885439463006,1.0,1.0,1.0,1.6333744750846164,1.0,1.0,1.0,1.0,1.967144179853044,1.4117444508495745,1.321784175631172,1.0,1.6890470412992569,1.69941423678653,1.0,1.0
TEST_06+3일,1.0,1.0,1.0678410696893397,1.0,1.0777710666629976,1.1109513162784383,1.11537713947285,1.0,1.5137731629968258,1.0,1.7260738080596052,1.061652525781416,1.0,1.6627478883379556,1.0,1.6910839196874483,1.608672399099924,1.0,1.0,1.0,1.0,1.0,1.7731840369751526,1.4009277731678258,1.0,1.0,1.0,1.3935298697626552,1.1056054016687138,1.269616111702342,1.0,1.0,1.0,1.0,1.0187046060546312,2.10277806186417,1.0,1.5251875814778286,1.344924016778582,1.4274993539908511,1.0,1.0,1.5208516904884783,1.0,1.4382782915992305,1.0249697876301065,1.0638443254939849,1.2524545552773492,1.0,1.0,1.7214427752586985,1.0,1.7310007058137866,1.0,1.0,1.0,1.0,1.16197420409331,1.0,1.156913518781013,1.0,1.0,1.0,1.0,1.0,1.0,1.0,1.836767048427628,1.0,2.045797426385211,1.0,1.3558690270060103,1.3688592155333728,1.6157433491262196,1.4105607728611456,1.1438326394897402,1.0,1.985383098228252,1.192506104247749,1.0,1.0,1.3816191971386649,1.291853935200794,1.0,1.0,1.0,1.0534354547686586,1.0,1.3623363623660083,1.0,1.0,1.5559862762211247,1.6891766779619903,1.7548483097659062,1.0,2.2490363708332715,1.0,1.0,1.5881208257735666,1.0,1.0,1.8319229739174328,1.0,1.0,1.499375806335831,2.0321857424728043,1.2327239405737198,1.0,1.7178274708223449,1.0,1.0,1.1056578403847603,1.2234670791840387,1.0,1.0170798452571677,1.0,1.708476947855201,1.0,1.0,1.3926080672957528,1.0,1.0,1.0,1.0680203044485872,1.1489252365678244,1.0,1.3970633422197258,1.825389325729056,1.0,1.0128971251852177,1.0,1.1456669298053277,1.0,1.0,1.3297986762443454,1.405433873877039,1.6793281033227154,1.0,1.0,1.0,1.9271800683327365,1.4540492535320293,1.5327227074499792,1.0,1.0,1.6661152798290038,1.844061541923306,1.1647306996613749,1.5032825414813054,1.972976390642258,2.112394651548221,1.0,1.9151389647252608,1.2077526271095105,1.0,1.539524918228129,1.0,1.0,1.0,1.2499058639088878,1.617825524798581,1.348794212131862,1.631374349195628,1.0,1.0,1.0,1.9644328943785845,1.0,1.0334650670420722,1.0,1.0,2.081871490962674,2.0325336302747354,1.0412689299761,1.0,1.8194277946310853,1.3058794747134013,1.0,1.0,1.0,1.2226667865047072,1.0,1.0,1.0,1.0,1.6667008486861477,1.2630216267429444,1.4531036351547324,1.0612555715359613,1.6307031065849276,1.5551381075689938,1.0,1.0
TEST_06+4일,1.0,1.0,1.057163400727413,1.0,1.1296721888691752,1.5332406331483777,1.0,1.0,2.0895531789103905,1.0,1.6186106612731936,1.0619272693229604,1.0,1.6042082815119183,1.0,1.335915700382942,1.808393403434307,1.0,1.0,1.0,1.0,1.0,1.4143851312424982,1.7370090844343515,1.0,1.0,1.0,1.1697794736789744,1.0,1.0530335629775474,1.0,1.0,1.0,1.0,1.2698284882731414,2.221905210510944,1.2015928455819922,1.2362550924264963,1.6474879625395653,1.542442119066358,1.0,1.0,1.537975802378163,1.0,1.5848132917042477,1.0305572542618973,1.084681367817355,1.3933082642396764,1.0,1.0,1.451375745648334,1.0,1.7326938098092184,1.0,1.0,1.156249193073723,1.0,1.3730967479074667,1.0,1.325698468583303,1.0,1.0,1.0,1.0,1.0,1.0,1.0,1.382661564643973,1.0,2.153476812150598,1.0,1.0097453061769248,1.228671867119059,1.950693549258537,1.9368976103085231,1.1258169207994837,1.0,1.874554595906122,1.0856129177123042,1.0,1.0,1.9261120173166644,1.627468743755161,1.0,1.1431968118851388,1.0,1.0,1.0,1.6843899192154437,1.0,1.0,1.6366442802859542,1.7634243904363238,1.8680617074947303,1.0,1.8332869727763568,1.0,1.0,1.3492653274364033,1.0,1.0,1.9382756548275828,1.0,1.0,1.285891466783185,2.263956695450283,1.041582545972484,1.0,1.454674302553744,1.0,1.0,1.1095889600973028,1.4492469051086745,1.0,1.0,1.0,1.6496539675485529,1.0,1.0169837035788487,1.89729931706896,1.1202271851392032,1.0,1.0,1.0,1.6406785660144712,1.0,1.48370470432376,1.5740023836806187,1.0,1.0,1.0,1.1920783296803403,1.0,1.0,1.4562378559801192,1.755199080752636,2.058886357159276,1.0,1.0,1.0,1.7513292656589132,1.6486454931109478,1.4002517474725873,1.0,1.0,2.010143791558733,1.4813109604753114,1.0,1.6002281699838248,1.7673803884051509,2.231482901747279,1.0,1.756720577159275,1.0,1.0,1.623457637088261,1.0,1.0,1.0,1.481533243443427,1.3690066544177957,1.4088662917733266,1.4115459806504853,1.0,1.0,1.0,1.9437158207470573,1.0,1.0,1.0,1.0,2.013467711344726,2.010628666951177,1.0,1.2297751306714395,1.80242095989044,1.585604886038866,1.0,1.0,1.0,1.539437302862764,1.012195049731379,1.0,1.0,1.0,1.6290515168507922,1.209879909701303,1.3830134402062764,1.0,1.5836701451774038,1.6401500494860288,1.0,1.0
TEST_06+5일,1.0,1.0,1.0,1.0,1.3223676489984395,1.3233711347306996,1.0858069046332277,1.0,2.123943350121498,1.0,1.5651042987699328,1.2386387691176115,1.0,1.7257658967297806,1.0,1.3355415757305449,2.0140606968729347,1.0175232420815632,1.0,1.0,1.0,1.0,1.6083339989470782,1.5121597400288012,1.0,1.0,1.0,1.2620529426636555,1.0,1.2986686040453022,1.0,1.0,1.0,1.0,1.2216736671540651,1.802539201636048,1.0131521076732726,1.624689977377754,1.7473194177542466,1.3906640568631363,1.0,1.0,1.5154100152143413,1.0,1.3490842362926485,1.0780601465649016,1.0,1.2540129550458958,1.0,1.0270026190400263,1.661506725800677,1.0,1.6219716555674095,1.0,1.062368619723009,1.21324432229864,1.0,1.0932659743054285,1.0,1.1774920689533164,1.0,1.0,1.0,1.0,1.0,1.0,1.0,1.7810980856218408,1.0,1.9207879831695456,1.0,1.2618754552215037,1.105331617736851,2.000952168389705,1.3990142475180598,1.1665178785304762,1.0,1.4581854013298274,1.0,1.041229628132352,1.0,1.917647331165216,1.4974682872340432,1.0,1.148957711052005,1.0,1.0,1.0,1.6921141929056374,1.0,1.0,1.6026085373602912,1.9110377676790609,1.3648072420664847,1.0,1.9088744983645536,1.0,1.0,1.3642856830572283,1.0,1.0,2.0974975056022576,1.0,1.0,1.3836896777291394,1.6983021439754389,1.3316472554562055,1.0,2.0736095042710767,1.0,1.0,1.0743389713780556,1.0486426253673664,1.0,1.2018570828892832,1.0,1.3372519404162382,1.0,1.102400198525496,1.9076806903626036,1.112886230535239,1.0,1.0,1.0,1.38794660871966,1.0,1.5700390163668263,1.6474457096301065,1.0,1.0,1.0208361179021714,1.1035412132475753,1.0,1.0,1.0652862206613405,1.3712356406522117,2.12288936144274,1.0,1.0,1.0,1.7276678984304044,1.5010665995269998,1.4439127768280091,1.0,1.0,1.678272731710225,1.5153084752574364,1.0,1.4605147666120375,1.89030047126514,1.863083428376797,1.0,1.6403301596784825,1.0,1.0,2.020110361391629,1.0,1.0,1.0605744779961914,1.33535473673961,1.6121123983061068,1.1961339851019257,1.6358761920028926,1.0,1.0,1.0,2.0474088725316,1.0,1.127256083376253,1.0,1.0997346105483108,1.933530401588704,2.2407327453903982,1.0,1.1331055366479477,1.5415748806121752,1.1936957640377113,1.0,1.031376291360738,1.0,1.1267800021295684,1.0168767157541143,1.0,1.0,1.0,1.681343125554604,1.1865161018097778,1.5026733383983768,1.0,1.5522416895616549,1.9337342970333384,1.0,1.0
TEST_06+6일,1.0,1.0,1.0,1.0,1.0,1.4930440802402278,1.0,1.0,1.498734702042676,1.0,1.7877692048462728,1.109556466507263,1.0,1.902742603717172,1.0,1.5236118266872407,1.4442502102831785,1.0,1.0,1.0,1.0,1.0,1.823664325961562,1.9179056614100451,1.0,1.0,1.0,1.2698538622420144,1.0,1.3209241228311128,1.0,1.0,1.1939435021761071,1.0,1.1127068539368046,1.5823461870107367,1.0,1.2858321758573816,1.619773291883699,1.1197584288587958,1.0,1.0,1.2659641012083815,1.0,1.2889522151740376,1.144046514365697,1.0,1.7753740230978576,1.0,1.0,1.5440279225774622,1.0,1.827380997363791,1.0,1.1505134319818031,1.0,1.0,1.155789845459461,1.0,1.583739333202827,1.0,1.0,1.0,1.0,1.0,1.0,1.0,1.6064641293215902,1.0,2.0074961589559037,1.0266528125727628,1.0377877302725096,1.2994197952527242,1.816677957048841,1.9218591875669588,1.3343969213715274,1.0,1.9218104236765736,1.0712891874464632,1.112197839199445,1.0,1.3997215358146202,1.2789783944206958,1.0,1.21465601658642,1.0,1.0,1.0,1.380228384527892,1.0,1.0,1.5064133165258835,2.1437225225767502,1.8719915434911596,1.0,1.8439588612900104,1.0,1.0,1.454256389025061,1.0,1.0,2.079326371211642,1.0,1.0,1.233708811689097,1.7020534812200063,1.0,1.0,1.5605816156613943,1.0,1.0,1.0,1.3554837623146738,1.0,1.1757742361247467,1.0,1.4856044520206249,1.0,1.0105572212722973,1.6282006009879113,1.0,1.0,1.0,1.1007653963850028,1.140000589619942,1.0,1.4556081306956756,1.6211004792918726,1.0,1.0,1.0,1.1889073158163517,1.0,1.0,1.3832002477441072,1.7353073819415457,1.7787247591037614,1.0,1.0115972953471173,1.0,1.5318247182087086,1.3762820503368935,1.6117167246737776,1.0,1.0,2.119166450027668,1.945219321632832,1.1980672442932383,1.2248045179794085,1.681861576609096,2.0506831801951586,1.0,1.891730310052765,1.126654297220472,1.0626451744944363,2.132482044054444,1.0,1.0,1.0,1.2577372038808747,1.565191980446882,1.4619892564714552,1.2077447664831855,1.0,1.0,1.0,1.7764833376875555,1.0,1.0,1.0,1.094588633595862,1.8746230159083963,2.366341386449844,1.0675751087235148,1.080740480937963,1.567114560631968,1.2146943330088673,1.0,1.0,1.0,1.3227870431245234,1.0,1.0,1.0,1.0,1.7414925608156155,1.144089667685046,1.158779500351084,1.0,1.744617667238722,1.9574288294516624,1.0,1.0
TEST_06+7일,1.0,1.0,1.2107721475546596,1.0,1.0146418221522455,1.225539872514896,1.1240473795825725,1.0,1.655655734547675,1.0,1.7227205488364967,1.0065682277084436,1.0,1.7704061210869435,1.0,1.5572226172106114,2.017632928811729,1.0,1.0,1.0,1.0,1.0,1.678533937248017,1.70221734597586,1.0,1.0,1.0,1.0719524115910706,1.0,1.0349173454638148,1.0,1.0,1.1144550071195476,1.0,1.0897908466074433,2.1507345157240194,1.097760733388769,1.3310145298443612,1.348793784475472,1.1180529173164797,1.0,1.0,1.3922395639571263,1.0,1.289531396231273,1.1464718327089394,1.0658283964381117,1.38333143793347,1.0,1.025166520978586,1.7324571720837334,1.0,1.772672107057294,1.0,1.0,1.0,1.0,1.0,1.0,1.546861233766954,1.0,1.0,1.0,1.0,1.0,1.0,1.0,1.311782389551916,1.0,2.053970685655764,1.1462498435592123,1.0,1.0132339399869883,2.0282536709439687,2.013303946379364,1.1916373881841344,1.0,1.9440202745671693,1.089886467316107,1.1527127456013635,1.0,1.487502423081584,1.293995346544878,1.0,1.02012909781727,1.0,1.0,1.0,1.2234651684695137,1.0,1.0,1.152239752231601,2.188503187917516,1.5162961459951327,1.0,1.963716684354675,1.0,1.0,1.1481352925081123,1.0,1.0,2.1034743343033533,1.0,1.0,1.2432282296422263,2.043326320568251,1.0515218464166278,1.0,2.051271206866507,1.0,1.0,1.0934342919965268,1.3390476890748453,1.0,1.0553375804812886,1.0,1.6345792689445149,1.0,1.4253914134467447,1.3826123006382445,1.0,1.0,1.0,1.0,1.5112875936577737,1.0,1.5943586128592535,1.4823429353273017,1.0,1.0,1.0,1.0,1.0,1.0,1.3026596909149726,1.488747745039146,1.64718541156072,1.0,1.0,1.0,2.1212283912504986,1.3414941873668191,1.201901005180671,1.0,1.0,2.27608458312873,1.8708554783107687,1.0,1.663250895059791,1.4708130066475145,1.7824966243335238,1.0,1.6377599577419584,1.0,1.0,2.2739591490394173,1.0,1.0,1.0,1.65092515886853,1.498148107426008,1.3454602197168442,1.5090014514236505,1.0,1.0,1.0,1.4727336644029625,1.0,1.1494879775064542,1.0,1.08322506574518,1.9974676774968476,1.91343788049726,1.0306605516778344,1.0169015592897113,1.8032959820838688,1.1308063451671837,1.0,1.0,1.0,1.1753626688697965,1.0165261955969027,1.065306738815957,1.0,1.0,1.9939259815203167,1.1721690293956482,1.4089630377890243,1.0,1.371272170224734,1.5913431955313058,1.0,1.0
TEST_07+1일,1.0,1.0,1.2121104167812318,1.0,1.0,1.529527285424762,1.0,1.0,2.040559028266252,1.0,1.3292470188275074,1.1096567227852483,1.0,1.435037709747203,1.0,1.549503150154336,1.8463550812485523,1.0,1.0,1.0,1.0,1.0,1.6038673293556425,1.8192071833366457,1.113062737572348,1.0,1.0,1.1591812796282916,1.0,1.3560947065604263,1.0,1.0,1.0708762217218988,1.0,1.1115423705860568,2.226363442814708,1.0,1.1569247838022103,1.766041977042424,1.3117138246904378,1.0,1.0,1.5837214547576084,1.0,1.2358299337901064,1.0,1.0,1.576914564655053,1.0,1.0,1.3937046681290128,1.0,1.7346946397605263,1.0,1.122534965124271,1.1698969881367665,1.0,1.0,1.0,1.3346169353588984,1.0,1.0,1.0,1.0,1.0,1.0,1.0,1.8658193451641605,1.0,2.0832175815355014,1.0696412834530142,1.0052387643435703,1.1551808784629074,1.8102178631455188,1.6928899894531286,1.3402657701199343,1.0,1.9161938389177051,1.2927342258639682,1.02261312369792,1.0,1.3585953859212896,1.5203773687603974,1.0,1.0010006180743676,1.0,1.1376763881306111,1.0,1.60009093856067,1.0,1.0,1.562372687588489,2.037979372266798,1.4233247192577958,1.0,1.8190215866589827,1.0,1.0,1.286470837919972,1.0,1.0,1.6027089112006176,1.0,1.0,1.137866909928512,2.354650274066509,1.251390500108048,1.0,1.7028202236630725,1.0,1.0,1.0730710747472667,1.0442944833054308,1.0,1.3118448629588586,1.0,1.4014894748553663,1.0,1.1020968407182636,1.4756057508797922,1.0,1.0,1.0,1.0241040968535633,1.394430986799659,1.0,1.3727529913950425,1.6478715476632837,1.0,1.0,1.0,1.0,1.0,1.0,1.223047766426212,1.4319218963797105,1.5183156748277316,1.0,1.0,1.0,1.8459350633224176,1.210555673285138,1.412745870397222,1.0,1.0,1.9074781135547096,1.7861908063858527,1.2352277089806865,1.344061034847856,1.6815193780609572,1.6423889600414514,1.0,1.9010216778202127,1.2281281640860882,1.0,1.785532601060123,1.0,1.0,1.074412291693176,1.387822086314525,1.3238829352299013,1.2347116329042749,1.5578053292809957,1.0,1.0,1.0,1.8153961879324163,1.0,1.0,1.0,1.0,1.7202733790379778,2.193066384881344,1.0571806387245173,1.3440519503378576,1.5799837870513933,1.402451855398004,1.0,1.0,1.0,1.3099674372512229,1.0,1.0248213721297958,1.0,1.0,2.268596816967652,1.0837467900449844,1.297464590422993,1.0,1.4985993254910075,1.7051814914297023,1.0,1.0
TEST_07+2일,1.0,1.0,1.100396440064999,1.0,1.0,1.2620686727850727,1.0,1.0,1.9984261868935285,1.0,1.4281198781093996,1.0,1.0,1.31598323024389,1.0,1.256068666701648,1.4204329557600188,1.0,1.0,1.0,1.0,1.0,1.4717667183139145,1.3745016540695554,1.0478557976520282,1.0,1.0,1.1455766581411302,1.0,1.0,1.0,1.0,1.0,1.0,1.0,2.1527821419360404,1.0,1.186954162697269,1.6559949128614453,1.6284605124279523,1.0,1.0,1.2097645118519496,1.0,1.304563211796337,1.060752730173404,1.0,1.2572828589191674,1.0,1.0,1.6733628154452909,1.0,1.2933571456046284,1.0,1.1412513925035608,1.1935747509334935,1.0,1.0588642834723323,1.0,1.5317226603077214,1.0,1.0,1.0,1.0,1.0,1.0,1.0,1.4185407226394835,1.0,1.7537250224521654,1.0,1.387904040872414,1.2258904233199417,1.8807316690399472,1.7643554898076743,1.2359205528244526,1.0,1.4635523493053677,1.1658383668006704,1.0,1.0,1.469579650855895,1.6371865434915924,1.0,1.122720649663833,1.0,1.1293729614362045,1.0,1.3575156070607208,1.0,1.0,1.5975530772175053,1.5522503571757031,1.4632072416162842,1.0,2.3570542485073527,1.0,1.0,1.2675216974172616,1.0,1.0,1.5219205124634323,1.0,1.0,1.6292809319558088,1.92998789450775,1.3161666852085228,1.0,2.0956450047216846,1.0,1.0,1.0062174838297562,1.4562901705984184,1.0,1.0,1.0,1.1584714852294762,1.0,1.0169756946252166,1.5446604277256848,1.0,1.0,1.0,1.0,1.193572597492415,1.0,1.8877436041238933,1.3357125857250238,1.0,1.004633109967248,1.1822153739066457,1.1972886984001292,1.0,1.0,1.2030578231084268,1.9121357828421373,1.85817721123473,1.0,1.0,1.0,1.7515808860347657,1.5345874988435668,1.3246497629698817,1.0,1.0,1.9493824902018824,1.378630709216602,1.1050679481051422,1.7290096005512672,1.7017628338941078,1.83690683235282,1.0,1.5186133776890656,1.2149257570489085,1.0,1.978072169003941,1.0,1.0,1.0,1.3849471235192243,1.5094326349738885,1.3218033576173138,1.4840702984172285,1.0,1.0,1.0,1.948433688585047,1.0,1.0,1.0,1.0,2.265505495250851,1.6664019663592486,1.0,1.0,1.4879704939014682,1.4424453341192045,1.0,1.0,1.0,1.2103261687862503,1.0,1.0,1.0,1.0,1.7801080558517004,1.2141310843717563,1.3145263250093318,1.0,1.322496540472551,1.9847532001342925,1.0,1.0
TEST_07+3일,1.0,1.0,1.0,1.0,1.369173096699926,1.0622021692762946,1.1151607057584303,1.0,1.5884976322203703,1.0,1.3890562715198072,1.0,1.0,1.4656982392641154,1.0,1.7280952309062787,1.5805715765190522,1.0,1.0,1.0,1.0,1.0,1.4772553919158735,1.8446884531454848,1.1069671474967262,1.0,1.0,1.0,1.0604477994066963,1.0008782638209504,1.0,1.0,1.1595244954651776,1.0,1.0158878288599835,1.6833169161941823,1.1833770106455717,1.4142531313673992,1.5003255745133028,1.2402841526141863,1.0,1.0,1.3113643251730709,1.0,1.5902124483418352,1.0233502997999386,1.1230144914592288,1.64444115664435,1.0,1.0,1.422374373216448,1.0,1.2626984727455508,1.0,1.1342958596224189,1.0,1.0,1.0,1.0,1.3715895746851985,1.0,1.0,1.0,1.0,1.0,1.0,1.0,1.80533755290474,1.0,1.5019924605177313,1.1844263676394584,1.037181495584651,1.066680476587945,1.5073210240696857,1.7236071938436153,1.1234714602914335,1.0,1.830444722637768,1.0204187047545934,1.0,1.0,1.82164866259854,1.3974974265557356,1.0,1.0,1.0,1.0,1.0,1.6343682191195752,1.0,1.0,1.5714866653561,1.985601578693428,1.5799038521949804,1.0,1.8407209598124596,1.0,1.0,1.2917737864082002,1.0,1.0,1.6438070768642916,1.0,1.0,1.243416416831108,1.859616668026132,1.4142374280287875,1.0,1.7927839314532787,1.0,1.0,1.0,1.2798453907172955,1.0,1.0241234711520653,1.0,1.1909372633583797,1.0,1.049799616667754,1.4712857452403807,1.0,1.0,1.0,1.0,1.244098185588098,1.0,1.336334746410638,1.4023594126623509,1.0,1.0160555494403087,1.0932750583952455,1.0,1.0,1.0,1.347283214943816,1.31445151620389,1.7835204934275772,1.0,1.0,1.0,1.8615493386327104,1.324743465562772,1.0980514809752069,1.0,1.0,2.293591322955556,1.6011141741889543,1.0,1.2323910713921018,1.8265602660690647,1.6283894863438189,1.0,1.4107509097390365,1.0,1.0,2.235104699395572,1.0,1.0,1.0,1.2529178812282962,1.294609988388694,1.3316838776141842,1.4440723720026134,1.0,1.0,1.0,1.4680094547102975,1.0,1.0,1.0,1.0184556752180536,1.9940196031569004,2.2037331095927035,1.0,1.0,1.596721102752295,1.4225614306825014,1.0,1.0,1.0,1.3215662959771408,1.002964929929308,1.085712261547419,1.0,1.0,2.3370936691321096,1.053606036996834,1.6732133546691563,1.0976507197919432,1.5927625919235382,1.417642817342175,1.0,1.0
TEST_07+4일,1.0,1.0,1.0,1.0,1.2963847669522484,1.534735057132496,1.0,1.0,1.606551796833731,1.0,1.6951364091205292,1.1304379075501612,1.0,1.6813250263002562,1.0,1.3606345370618242,1.860290136325268,1.0,1.0,1.0,1.0,1.0,1.6903175158764827,1.8838396779902875,1.0,1.0,1.0,1.0,1.0,1.0,1.0,1.0,1.213427550357497,1.0,1.0,2.162956426085522,1.0,1.2746923987643886,1.6799780943509712,1.4660535639048264,1.0,1.0,1.3104813897043204,1.0,1.720016117682561,1.2179127977238138,1.1103267183145025,1.4324335872470184,1.0,1.0,1.4831498952511668,1.0,1.392039700737426,1.0,1.025002926612416,1.0,1.0,1.2336313302941817,1.0,1.5778581025279257,1.0,1.0,1.0,1.0,1.0,1.0,1.0,1.369202707224392,1.0,1.758720965050103,1.0906246921486398,1.0015206369464025,1.4821854828608518,2.0212121280574578,1.6625291775979971,1.3479237104751112,1.0,1.962275143032856,1.1147356828260817,1.0943981863330965,1.0,1.5385381621810037,1.306479856530079,1.0,1.0384964495884983,1.0,1.1761301309505063,1.0,1.434533608404569,1.0,1.0,1.4083335711552427,1.7930410146438298,1.4709318621467795,1.0,1.6697682624928116,1.0,1.0,1.6105856832859362,1.0,1.0,2.0670675658108157,1.0,1.0,1.2528809160379468,2.083181576909013,1.3118556134065529,1.0,2.057255268202225,1.0,1.0,1.0,1.17782205725489,1.0,1.2985652857943346,1.0,1.4411690336316043,1.0,1.2353197701223646,1.4530080199946176,1.0,1.0,1.0,1.0,1.159943011024792,1.0,1.8587282069116788,1.898872498701424,1.0,1.0,1.0,1.0,1.0,1.0,1.486164928668306,1.5874664436180963,1.9370305413606788,1.0,1.05596973829442,1.0,2.123425945465119,1.2761325629632747,1.0846014136853483,1.0,1.0,1.9751584575322048,1.6944942182994027,1.0,1.7214179145511284,1.4785096831515827,2.2421481330709474,1.0,1.8921987692750888,1.0,1.0,1.6490725939576458,1.0,1.0,1.0,1.3760099236405348,1.3108532885429856,1.119160297143814,1.4207463354848793,1.0,1.0,1.0,1.5236415045370175,1.0,1.0,1.0,1.1671921380207075,1.7801965311515446,1.881990394917603,1.0,1.0,1.5279574949762136,1.540007367330306,1.0,1.0,1.0,1.3461888268066056,1.0086269168552862,1.0,1.0,1.0,2.352816144919839,1.13112686575429,1.2334400381688468,1.0,1.3808411469413158,1.995337270730162,1.0,1.0
TEST_07+5일,1.0,1.0,1.1392010423745975,1.0,1.1863488021210762,1.104698453913254,1.0,1.0,1.7237139350748722,1.0,1.2562617856547695,1.094492593722266,1.0,1.3290982590564149,1.0,1.278906909701132,1.420098799615906,1.059956136434986,1.0,1.0,1.0,1.0,1.895887221846947,1.6030157891654324,1.0,1.0,1.0,1.3895525165399227,1.0,1.3153999937565102,1.0,1.0,1.158460108604476,1.0,1.0499926763451677,2.17512841955388,1.2412401485072435,1.593921663133815,1.4197478958973355,1.236610671206202,1.0,1.0,1.4001180819367829,1.0,1.6796881374106871,1.1164635685306064,1.0204732100584653,1.7869254893244586,1.0,1.0,1.4441398309413638,1.0,1.6758503693151607,1.0,1.022827344111109,1.0,1.0,1.1375348104445648,1.0,1.404933605675821,1.0,1.0,1.0,1.0,1.0,1.0,1.0,1.8017375012426824,1.0,1.9577990727779295,1.1752196975983986,1.1938515115650463,1.0970422434505194,1.9984017176797897,2.0092123813496743,1.07368916032978,1.0,1.7843673109056437,1.0,1.003318853106978,1.0,1.3509890874273238,1.658633574414914,1.0,1.0382241099827494,1.0,1.0,1.0,1.4595589181499096,1.0,1.0,1.2536164648783623,1.837970952294377,1.516261959688524,1.0,2.011015034405293,1.0,1.0,1.308529324205639,1.0,1.0,2.1220223152810966,1.0,1.0,1.282166417626749,2.341919492440709,1.2955065499566565,1.0,1.407625396180805,1.0,1.0,1.0,1.3735570887075736,1.0,1.0317749046735216,1.0,1.7046990453235948,1.0,1.0,1.893627216405819,1.0979782297001028,1.0,1.0,1.0523686383818955,1.4463779507359689,1.0,1.847084860719833,1.8101253610086443,1.0,1.0,1.1434117297164448,1.1605336499909584,1.0,1.0,1.2832013325562954,1.316471791353649,1.6588853218944135,1.0,1.0,1.0,1.600525110183188,1.576549207988495,1.14100362848121,1.0,1.0,1.9489955879975809,1.4482683035446529,1.0,1.2167679396841244,1.577366847198228,1.5761317321187411,1.0,1.7146636034796725,1.0603004939721434,1.059454914134024,2.068070350614274,1.0,1.0,1.0,1.6581050690688577,1.5089378842944103,1.241745023546709,1.5847770758064117,1.0,1.0,1.0,1.411179493361503,1.0,1.0,1.0,1.0,1.8868664890412423,1.6184892157245396,1.0,1.3316696416112594,1.404372748957292,1.3383221940241563,1.0,1.0,1.0,1.2810758420619348,1.0,1.0,1.0,1.0,2.355998474438611,1.4210236767369584,1.3060838445924638,1.0,1.431949140018083,1.5326407271867044,1.0,1.0
TEST_07+6일,1.0,1.0,1.2107280590049618,1.0,1.005896600424007,1.2251511081797395,1.012423952929626,1.0,1.8066472440424597,1.0,1.587608906209402,1.3188820065596412,1.0,1.617370714219021,1.0,1.7348739108645497,1.7737374436124973,1.0,1.0,1.0,1.0,1.0,1.6854749555106276,1.679839403338059,1.0,1.0,1.0,1.1154269738443154,1.0,1.2064508711562456,1.0,1.0,1.0,1.0,1.0786134244677617,2.088417585183697,1.0,1.132528947864219,1.47332818594879,1.2920359390502698,1.0,1.0,1.715804148432214,1.0,1.60269609518281,1.0744957803981734,1.0,1.780881962207462,1.0,1.0,1.4207910299636444,1.0,1.5170904479575271,1.0,1.0,1.0497999573595325,1.0,1.194611701761646,1.0,1.380945080590256,1.0,1.0,1.0,1.0,1.0,1.0,1.0,1.270981936425967,1.0,1.7942150671118091,1.0137555284256117,1.3927175284208355,1.0579376964485503,1.5306348358657065,2.0137416473449283,1.0670182350629076,1.0,1.832175133399232,1.3121624820762432,1.0186982557184805,1.0,1.5151913999344884,1.5442344206586018,1.0,1.0,1.0,1.0,1.0,1.631423452200766,1.0,1.0,1.597451551068956,1.5243751547318058,1.394997793940922,1.0,1.6371810472067954,1.0,1.0,1.257929903564741,1.0,1.0,2.041535054674695,1.0,1.0,1.1965649551952098,2.2671807276028377,1.160980876100637,1.0,1.9290860394672789,1.0,1.0,1.0,1.124823844569439,1.0,1.0012419624365916,1.0,1.5461207166190791,1.0,1.3664710206752375,1.3719229813904836,1.0,1.0,1.0,1.0,1.4731985946712003,1.0,1.6009714157553183,1.5938248360767326,1.0,1.0,1.0976091695299932,1.180249899156813,1.0,1.0,1.4520965811523132,1.617301411795018,2.168084145503118,1.0,1.0,1.0,2.152743848202689,1.5928143059222994,1.4262846961258149,1.0,1.0,2.020081685497639,1.6209521173455237,1.0,1.2982486449839503,1.5745142967787007,1.9467838232548695,1.0,1.91458319163049,1.1087654599845105,1.0,2.096480079385931,1.0,1.0,1.0,1.3644980871087642,1.439899685470586,1.2110975434444498,1.5630162530838303,1.0,1.0,1.0,1.818877065660823,1.0,1.0,1.0,1.1472557935057877,2.1610793773854438,1.8755059839484016,1.0,1.3353296087950586,1.903244619322141,1.148874496721006,1.0,1.0,1.0,1.479330319612644,1.0,1.0,1.0,1.0,2.259381212585937,1.2030661313180406,1.4183393740527246,1.0,1.5162574162591111,1.8498861273483376,1.0,1.0
TEST_07+7일,1.0,1.0,1.2065390092150992,1.0,1.1947121394785325,1.5583367551299103,1.0,1.0,1.9038917310811456,1.0,1.706572868997312,1.0689137305026977,1.0,1.6824684991539598,1.0,1.7750535983459972,1.611427549275564,1.0,1.0,1.0,1.0,1.0,1.6195869036857586,1.7820359563028234,1.0,1.0,1.0,1.2356557331185754,1.0639906540430986,1.0,1.0,1.0,1.0825775120162209,1.0,1.0,2.1729234979332746,1.0,1.3373711826251031,1.8328621889601264,1.584968041143759,1.0,1.0,1.1902652842120531,1.0,1.2596691696947049,1.0,1.107806178146645,1.4338291746499068,1.0,1.0,1.8392318523498823,1.0,1.5115591339577326,1.0,1.0705018272430336,1.0,1.0,1.0195097880189652,1.0,1.6800293899984362,1.0,1.0,1.0,1.0,1.0,1.0,1.0,1.585725163530011,1.0,2.0128676832628765,1.0,1.107912459528672,1.0942798992562353,1.778318560761366,1.6253762143068378,1.20138947025004,1.0,1.7019875617122202,1.041786702026421,1.0821856885024954,1.0,1.9286641444900217,1.4162749716318883,1.0,1.0,1.0,1.0,1.0,1.3991253280308669,1.0,1.0,1.5311090445256494,1.629945739132385,1.5003249650290469,1.0,1.6797155311565688,1.0,1.0,1.4374434152386484,1.0,1.0,1.5065357094351886,1.0,1.0,1.484458724952328,2.393893363616088,1.0,1.0,2.0377539514292846,1.0,1.0,1.001775970371266,1.3421504608461994,1.0,1.1265910195984636,1.0,1.1888738606380775,1.0,1.4137630091830309,1.7414212983802324,1.0275757125302063,1.0,1.0,1.0276958809842145,1.4078621395204498,1.0,1.7274775174134676,1.6558459174039897,1.0,1.0,1.0488592173276057,1.0,1.0,1.0,1.2348690002012,1.6286675702207165,1.7117397841942268,1.0,1.016945560375926,1.0,2.1827659961723134,1.6349606699716297,1.3821738857581407,1.0,1.0,2.1069706473175023,1.7221193635415786,1.0,1.190912863970934,1.9710769077888897,1.974793061323701,1.0,1.9468794400038667,1.0,1.0,1.589665845539396,1.0,1.0,1.0,1.7042903321587983,1.8272422102750705,1.2407994519786834,1.1756156027034828,1.0,1.0,1.0,2.024409522606389,1.0,1.0,1.0,1.0,1.6649852860126046,2.071843443870077,1.0,1.1899698557673877,1.918693423623713,1.232275523513599,1.0,1.0,1.0,1.6253522029158929,1.0,1.0,1.0,1.0,1.882172267683016,1.380394922953286,1.617895478395981,1.0,1.2435427579064002,1.783594011781232,1.0,1.0
TEST_08+1일,1.0,1.0,1.161734632760112,1.0,1.1860121701425743,1.5586247402180782,1.0,1.0,1.722580682011389,1.0,1.7771886368845478,1.1676402997057185,1.0,1.51233326162965,1.0,1.7188866579822917,1.8003520922053515,1.0,1.0,1.0,1.0,1.0,1.7290462417156751,1.4017747736819122,1.063871703537083,1.0,1.0,1.1280161176665373,1.0129047116282772,1.109195861403689,1.0,1.0,1.0,1.0,1.2571806522164757,2.2356147463775984,1.198208726032986,1.313902903431265,1.4389715418742552,1.5186426459422635,1.0,1.0,1.450021118344027,1.0,1.3663643445424254,1.1055251418750258,1.034606291237718,1.7888010788475226,1.0,1.0,1.487748122743129,1.0,1.814940184126016,1.0,1.0,1.0,1.0,1.0763700851419238,1.0,1.2885489125224672,1.0,1.0,1.0,1.0,1.0,1.0,1.0,1.7483911763284092,1.0,1.7258484388235535,1.0,1.185924526374933,1.3751213896077012,2.2369544496319644,1.8196944936555493,1.084510803255156,1.0,1.750688391554556,1.093789720177051,1.0517662418388434,1.0,1.701148726257548,1.439308715645651,1.0,1.163417520891333,1.0,1.0,1.0,1.4348110986592748,1.0,1.0,1.6734865910380108,2.0758816844634507,1.68073367955972,1.0,1.7663428477690593,1.0,1.0,1.644875889632181,1.0,1.0,2.104439922757284,1.0,1.0,1.167168334006434,1.6163712234771366,1.0280341034239842,1.0,1.501945560493774,1.0,1.0,1.0,1.016368791226795,1.0,1.2553247855316625,1.0,1.2568707162043764,1.0,1.0725540227426702,1.274474633072353,1.0,1.0,1.0,1.1153720627477184,1.5828010082360378,1.0,1.5443512799580847,1.5590459109515264,1.0,1.0,1.132957047637359,1.1881001611075244,1.0,1.0,1.0807713302599564,1.511853157893243,1.68798995805935,1.0,1.0,1.0,2.219828895654518,1.487289022604914,1.3747796839163806,1.0,1.0,1.650711119472196,1.5409383204413245,1.0985687824277317,1.5741159084872165,1.6277417799435117,1.9083384149105256,1.0,1.3609264973468451,1.1544785015947563,1.0,2.177349779878231,1.0,1.0,1.0,1.701233131803637,1.4838229892507182,1.4269568162115065,1.577939920168422,1.0,1.0,1.0,1.872883166416206,1.0,1.0203341126728185,1.0,1.1731317818957416,1.7660571847121351,1.6818672582762717,1.0,1.290897703347261,1.492763415828395,1.4330566684397317,1.0,1.0,1.0,1.3367628475478377,1.0,1.0,1.0,1.0,1.6503540277436897,1.4055622114466937,1.365659377716095,1.0,1.2835267536219634,1.7631437300082389,1.0,1.0
TEST_08+2일,1.0,1.0,1.104128445159842,1.0,1.0420348824423822,1.3593893595786108,1.0,1.0,1.790658240949531,1.0,1.4468752745385078,1.1910221410244928,1.0,1.7952462925001695,1.0,1.6872901358763834,1.4052555016439652,1.0,1.0,1.0,1.0,1.0,1.5609666938308038,1.613008869479917,1.0,1.0,1.0,1.4430315751866185,1.0,1.188726758064,1.0,1.0,1.0,1.0,1.2340332142415429,2.053117776731067,1.012576525262146,1.1351340159819874,1.5517292447327822,1.166113696178515,1.0,1.0,1.254664535624232,1.0,1.3786716165713044,1.0,1.1139908494526292,1.8475016628847936,1.0,1.0,1.905240623568556,1.0,1.821846098718913,1.0,1.0413473887652134,1.053594045108695,1.0,1.2488440163030203,1.0,1.2138813293643402,1.0,1.0,1.0,1.0,1.0014746176905176,1.0,1.0,1.8527809983279304,1.0,1.9292333306230736,1.093367913747186,1.0,1.2045110426555723,1.8177306300914244,2.036686618434913,1.0,1.0,1.408450840458238,1.039678493689347,1.1028049486275646,1.0,1.5630204043642475,1.275214155229802,1.0,1.1645872742372048,1.0,1.0,1.0,1.3955001009856944,1.0,1.0,1.210268936586006,1.825516343012468,1.595510473822727,1.0,1.961299562603396,1.0,1.0,1.2865313188765088,1.0,1.0,1.7302581719547994,1.0,1.0,1.2003864536433424,1.6885277131100782,1.2289682948399543,1.0,1.4713448876599506,1.0,1.0,1.0,1.4148501534290665,1.0,1.0,1.0,1.590964259187696,1.0,1.1696283757830337,1.6540451588573994,1.0,1.0,1.0,1.0,1.6074701708141157,1.0,1.6673303520057674,1.8029551279659437,1.0,1.005281421045577,1.0,1.1183469943946542,1.0,1.0,1.0597517909036254,1.3884514033402706,1.880778267856988,1.0,1.0,1.0,1.8060877684591563,1.7192584144045449,1.093962191179023,1.0,1.0,2.2102972440088813,1.841242320233736,1.0,1.6585999704867185,1.8349764953961956,2.001651842472848,1.0,1.657376479556335,1.1026859825376345,1.051763475329086,2.140712965049444,1.0,1.0,1.0,1.2384895095538904,1.72250843238032,1.2829892134037355,1.3372434705454643,1.0,1.0,1.0,2.091245514986161,1.0,1.0,1.0,1.048007078192045,2.063891693190805,2.3205556143799706,1.0,1.0,1.388541946019347,1.406516568435619,1.0,1.0,1.0,1.2207983537183338,1.01786794618496,1.0,1.0,1.0,2.04539646301568,1.335359310150482,1.5505572639285858,1.0,1.6479752835480146,1.974766964600996,1.0,1.0
TEST_08+3일,1.0,1.0,1.0,1.0,1.1670146028821993,1.3902381397577617,1.0895681311306007,1.0,1.9978526373280745,1.0,1.7428970784128823,1.0,1.0,1.364843930678596,1.0,1.5946388926554949,1.9725081795863355,1.0,1.0,1.0,1.0,1.0,1.304480877914004,1.5460389937667298,1.0,1.0,1.0,1.1086678583444842,1.00733234913025,1.0,1.0,1.0,1.0,1.0,1.1545858642535751,1.640704283964046,1.0,1.1941810706006597,1.8156833302075823,1.3516004903085512,1.0,1.0,1.7102243323935038,1.0,1.342948544160336,1.0,1.101892548673322,1.742218102865762,1.0,1.0,1.9331005747550924,1.0,1.8304108331563556,1.0,1.0,1.0,1.0,1.390181897453139,1.0,1.479559794268658,1.0,1.0,1.0,1.0,1.0,1.0,1.0,1.836623507883512,1.0,1.6009577159515682,1.0,1.1993257399375734,1.2739907724495765,1.8787103347168683,2.0611463736805944,1.270366559698349,1.0,1.8270212183046155,1.1841246258956073,1.0,1.0,1.4015390441907971,1.5196670376517267,1.0,1.0,1.0,1.0321751550073488,1.0,1.3903026594697048,1.0,1.0,1.249553257700856,1.712221892888791,1.5333491725002877,1.0,1.936548584954691,1.0,1.0,1.1930766400238264,1.0,1.0,1.4346314128354705,1.0,1.0,1.4875487482438998,2.0854020161921087,1.2971312142734206,1.0,1.7018932844110846,1.0,1.0,1.0,1.2199003639664028,1.0,1.3083237310321931,1.0,1.631216884176802,1.0,1.0,1.8577665840071824,1.0,1.0,1.0,1.0,1.4695998713487142,1.0,1.483825853454435,1.8315095685571303,1.0,1.0,1.0,1.048965563387986,1.0,1.0,1.0545230291169971,1.547489804210712,1.8945289916770605,1.0,1.0,1.0,1.6702274119182103,1.74438035041846,1.3294855062625748,1.0,1.0,1.9081811921276652,1.8806399690366145,1.0634368440244268,1.416395472047347,1.832124162734299,1.5911199777755407,1.0,1.5738739297961863,1.0,1.0,1.547376335562529,1.0,1.0,1.0,1.2572049195985022,1.5803469603072484,1.519571216806395,1.2484075001975152,1.0,1.0,1.033708647711247,1.4467645458585792,1.0,1.0,1.0,1.0,1.78350611320468,1.6488705574247493,1.0,1.3321042436755814,1.8418384267985055,1.3623159854450635,1.0,1.0012093829727498,1.0,1.2644437513210969,1.0,1.0,1.0,1.0,2.037324748023052,1.530662873930449,1.6141359553377188,1.0589854405969923,1.4903157022310063,1.4514139236702626,1.0,1.0
TEST_08+4일,1.0,1.0,1.0,1.0,1.150066007926246,1.2933635606462992,1.0,1.0,1.480995795741035,1.0,1.303891666262747,1.2051722914287677,1.0,1.3444610060369744,1.0,1.531949405157912,2.042540879519871,1.0,1.0,1.0,1.0,1.0,1.6224447848749337,1.3834281216947124,1.0,1.0,1.0,1.1922658696875483,1.0,1.3101395833906972,1.0,1.0,1.0691886429481716,1.0,1.0745255253886832,1.954157039352704,1.0317956480957522,1.3567921622906247,1.7010811184665904,1.1292562133037178,1.0,1.0,1.2166329858772529,1.0,1.5011501418593316,1.0,1.1224168157687675,1.7542149374046392,1.0,1.0,1.6736121415336147,1.0,1.4558584868326734,1.0,1.0623725496469951,1.136845360270824,1.0,1.0,1.0,1.699832031109006,1.0,1.0,1.0,1.0,1.0,1.0,1.0,1.7800720185008911,1.0,2.013165177074552,1.0,1.262269746505011,1.003637257077729,2.185066009124556,1.7458574264239877,1.2045510695761603,1.0,1.4410388440720068,1.1751727394656086,1.0689800605132542,1.0,1.93176504741373,1.3645879604937896,1.0,1.0,1.0,1.0,1.0,1.4834495590648755,1.0,1.0,1.241768236151385,1.7734876897552267,1.794535488725041,1.0,2.2281875007957863,1.0,1.0,1.3525727321484118,1.0,1.0,1.7438495184637013,1.0,1.0,1.3159468288034086,2.25411322415496,1.1721851879143428,1.0,2.059253005733216,1.0,1.0,1.02337695622577,1.3138391259770112,1.0,1.2425533291113111,1.0,1.502769007031418,1.0,1.2606242910863408,1.457657951699835,1.0,1.0,1.0,1.046357726560456,1.130875926752061,1.0,1.4588371998003522,1.8177597053317336,1.0,1.0,1.0091202021459216,1.1780704687873649,1.0,1.0,1.2235563214547311,1.7401621528692952,1.679389105270021,1.0,1.0,1.0,1.788123094879874,1.667762626839931,1.5746320533924354,1.0,1.0,1.623653577202918,1.5384440790279632,1.0892955516641347,1.7041184367492477,1.5089214298096578,1.9210745440340624,1.0,1.740139690125273,1.0,1.0595861937432127,1.591270657504947,1.0,1.0,1.0319379501739645,1.6529414058764422,1.6889231280018064,1.1853843181344406,1.5896728239824196,1.0,1.0,1.0,2.035817031630633,1.0,1.0934128920351485,1.0,1.025685845259683,2.150925086064533,2.325295259505928,1.0,1.0,1.4872344089774228,1.444109362413594,1.0,1.03649822496267,1.0,1.589240031399634,1.0451773746801964,1.0,1.0,1.0,2.2692649666711677,1.04577865878757,1.3053893954859184,1.0,1.757717009817931,1.6209337212160584,1.0,1.0
TEST_08+5일,1.0,1.0,1.2113314895559195,1.0,1.254281568202222,1.2113625655021287,1.0,1.0,1.63788341751472,1.0,1.7584618655271846,1.0,1.0,1.767566198306168,1.0,1.2533660886948177,2.0393734258243774,1.0,1.0,1.0,1.0,1.0,1.8727665306862105,1.5259753010605623,1.0,1.0,1.0,1.409688073029009,1.0,1.2743169266505427,1.0,1.0,1.1031862815920053,1.0,1.2172856223776047,1.6320982812931826,1.0,1.4013255420851347,1.2955450420048096,1.3806437799184468,1.0,1.0,1.3837578264641472,1.0,1.5134148721311025,1.142198274272651,1.0082955786043617,1.386791962437642,1.0,1.0,1.3948616797664484,1.0,1.6931732416158736,1.0,1.0985337330883227,1.0,1.0,1.3550589380014364,1.0,1.3612291007323436,1.0,1.0,1.0,1.0,1.0,1.0,1.0,1.8233590791221872,1.0,1.864029768981265,1.0157139575722638,1.258985772304322,1.01030272484973,2.0403914321432333,1.7067964574273258,1.1730947979426865,1.0,1.6858225347221372,1.1986079982591655,1.1091835716456253,1.0,1.824814098442836,1.733051116741121,1.0,1.0,1.0,1.2385390143053103,1.0,1.6495646960824255,1.0,1.0,1.567813582721157,2.1234068358803797,1.8906232794255375,1.0,2.1802625015185897,1.0,1.0,1.5771479656292464,1.0,1.0,1.460876957205504,1.0,1.0,1.5230907097881703,1.8262931720565507,1.3240661699298004,1.0,1.7845910657990252,1.0,1.0,1.1242237817163383,1.1068217841638717,1.0,1.0,1.0,1.518113381814196,1.0,1.1523618900599857,1.3924130615062864,1.062425446141988,1.0,1.0,1.0,1.514326430188119,1.0,1.6344883119151328,1.7910036590555225,1.0,1.0,1.0239107321986372,1.006994400893525,1.0,1.0,1.2014964830856003,1.8118800392552044,1.722434019049882,1.0,1.0,1.0,1.7574411280518334,1.5657155406620678,1.2908758645173464,1.0,1.0,2.1829317974167552,1.8794532167158555,1.0,1.507305149751765,1.712943545750334,1.7197158476783043,1.0,1.851295151962657,1.1686513708393411,1.0,1.5593418785732749,1.0157150397348722,1.0,1.0116433050236806,1.381608069966237,1.4116276713961369,1.248448613885938,1.347190074600569,1.0,1.0,1.0,1.9734502260216968,1.0,1.1612189964044302,1.0,1.0,1.6409823063056552,2.1484230717549093,1.0,1.0,1.609565245472912,1.4195793253305775,1.0,1.0,1.0,1.4320082744585778,1.0552147142359831,1.06336706583093,1.0,1.0,2.3855281896896514,1.416823989229788,1.352142251186425,1.043391553141618,1.6533394942192554,1.7529997192720617,1.0,1.0
TEST_08+6일,1.0,1.0,1.0892498086653553,1.0,1.2635087152857225,1.230090619094893,1.1080659223478524,1.0,1.973040934087065,1.0,1.3143054225484827,1.33979719491767,1.0,1.6168038551814408,1.0,1.4464268012888717,1.8887832875786104,1.0,1.0,1.0,1.0,1.0,1.3774004996146592,1.3330238550048117,1.023850611015721,1.0,1.0,1.3945757186117242,1.0,1.138687177402754,1.0,1.0,1.0,1.0,1.0,1.891246408869322,1.2427148623175386,1.3515345576416282,1.349007594111517,1.481675020045379,1.0,1.0,1.576205772922047,1.0,1.4067720692058938,1.0,1.0,1.588855622905148,1.0,1.0,1.5455737826804472,1.0,1.429278612168707,1.0,1.0,1.0,1.0,1.2080836028654485,1.0,1.1804433341107643,1.0,1.0,1.0,1.0,1.0,1.0,1.0,1.3884008002535992,1.0,1.6138775734943651,1.0285266113537297,1.1422007715544036,1.2146019416257303,1.93887597641292,1.5856278759117306,1.4232304134246652,1.0,1.5872634344684646,1.0012124916693392,1.0,1.0,1.475893226868357,1.4348444349538505,1.0,1.1721764358463616,1.0,1.0,1.0,1.3870301901763475,1.0,1.0,1.2277937823055634,2.0449987039778885,1.801289759778827,1.0,1.931031114172252,1.0,1.0,1.464092490740548,1.0,1.0,1.816308408360196,1.0,1.0,1.4384286990988973,1.789504888016589,1.222814009399778,1.0,1.774111102922107,1.0,1.0,1.0,1.3339604956126214,1.0,1.205626709575857,1.0,1.1644302098188608,1.0,1.083682267655636,1.689402744749186,1.1071703380987548,1.0,1.0,1.0,1.3585633100125625,1.0,1.5837082388876005,1.4501793630682502,1.0,1.0,1.0196865334696394,1.0,1.0,1.0,1.397201364714746,1.648010138081003,1.6449838105250274,1.0,1.0119748081610649,1.0,1.6393512610190033,1.368561473159447,1.413271835733004,1.0,1.0,1.8623041954230484,1.3927619746236286,1.0,1.5304114271467668,1.9276938800767172,2.210667882317127,1.0,1.5113326583628406,1.0,1.080367602389488,1.7766900506333234,1.0,1.0,1.0,1.157348921595161,1.837460775236768,1.4403142828776927,1.5556589048905598,1.0,1.0,1.0,1.622931636793996,1.0,1.0,1.0,1.0,2.1279596812966823,1.848892919198612,1.0055007179508455,1.0,1.3881136043229882,1.5508771640979628,1.0,1.0,1.0,1.3670640099151046,1.0,1.0,1.0,1.0,1.997095404235549,1.5307088670946245,1.3316890577489764,1.0,1.232087835073961,1.941567315885688,1.0,1.0
TEST_08+7일,1.0,1.0,1.0,1.0,1.0,1.411727545178093,1.085476660733666,1.0,2.1052803638434883,1.0,1.480979777319439,1.0,1.0,1.7417890138890122,1.0,1.4249478642524145,1.4631929922959237,1.021091060106767,1.0,1.0,1.0,1.0,1.7033094602292211,1.305720797760235,1.0,1.0,1.0,1.0727499021705382,1.0,1.3486427811714898,1.0,1.0,1.0,1.0,1.183583259163558,1.890903483196584,1.0112990474727384,1.4227277471514377,1.26139324439591,1.1789709729859068,1.0,1.0,1.5570173057858625,1.0,1.404923649337622,1.0148227747699128,1.0696217800487149,1.274718874925957,1.0,1.0,1.8210207559463776,1.0,1.378299897989388,1.0,1.1018234160371214,1.055674038970079,1.0,1.202006978857726,1.0,1.3391697752207985,1.0,1.0,1.0,1.0,1.0,1.0,1.0,1.4420402493286022,1.0,1.6782014457337886,1.043032179672657,1.1339279362506702,1.398756721437041,2.1008710096444827,2.058928962338726,1.2333831180070554,1.0,1.7622645091953484,1.0221912706558307,1.0273209412824458,1.0,1.339132483976506,1.4381432285249316,1.0,1.0,1.0,1.0,1.0,1.4824559578542575,1.0,1.0,1.1602833340565453,1.6903905795684684,1.523732373017308,1.0,1.8573224491050684,1.0,1.0,1.6168351072376104,1.0,1.0,1.6697087969928166,1.0,1.0,1.2689036531258706,2.227260682312405,1.0057375910773805,1.0,1.5029321666881763,1.0,1.0,1.0,1.3813810934311317,1.0385652423535805,1.0602365400053697,1.0,1.6238057839049171,1.0,1.0535016080385962,1.728216307169363,1.0,1.0,1.0,1.0,1.4414695596464084,1.0,1.6353166300974675,1.5379764765525916,1.0,1.0,1.0304314021120526,1.0,1.0,1.0,1.4099936502853632,1.6864851613430525,2.061027877058384,1.0,1.0,1.0,1.9641193018961491,1.772065097520705,1.4966687541896877,1.0,1.0,1.645606026478874,1.8788387580141312,1.0,1.6557605500816837,1.6485570694040348,2.076754235616176,1.0,1.6943740581214306,1.204483859820808,1.0,1.909515423507287,1.0458332801145194,1.0,1.0,1.3129601170456904,1.5802476333804705,1.3157992160228071,1.25378445207516,1.0,1.0,1.0,2.0852751413698742,1.0,1.0,1.0,1.0,1.593148401368585,1.897333686151629,1.0,1.153306217576008,1.4971475799097858,1.3919269432192272,1.0,1.0,1.0,1.1970174299401353,1.0035824923186925,1.0587238546575093,1.0,1.0,1.8673454731623795,1.4807775089588555,1.6008457785117574,1.0,1.6055066574399544,1.530747522522493,1.0,1.0
TEST_09+1일,1.0,1.0,1.0,1.0,1.1386099059591506,1.4539106096791568,1.0,1.0,1.826392895444677,1.0,1.7280940353796872,1.092546370366085,1.0,1.577500271065029,1.0,1.3571234929565252,1.8946985822243492,1.0836604971688868,1.0,1.0,1.0,1.0,1.3936298725785818,1.376204286716887,1.0,1.0,1.0,1.3752954514636684,1.0,1.098940596106871,1.0,1.0,1.0085969605620084,1.0,1.0,1.622954874764299,1.219204742500242,1.4588134164237323,1.652833066105185,1.273790682824473,1.0,1.0,1.3947696433005805,1.0,1.6883010265447256,1.2285825603273597,1.049326317325607,1.2917759322611275,1.0,1.0,1.5409150156609597,1.0,1.3745390199770235,1.0,1.0,1.0,1.0,1.1721710335129056,1.0,1.43455750608102,1.0,1.0,1.0,1.0,1.0176672818698302,1.0,1.0,1.4450606059148985,1.0,2.0126081507158924,1.0,1.0316239009771342,1.432815494293985,2.1508520914035034,1.491075863192331,1.37356459571149,1.0,1.477018389429345,1.0,1.0,1.0,1.3304360850213617,1.484405543149433,1.0,1.1090697775890614,1.0,1.0,1.0,1.5684770650099535,1.0,1.0,1.6834798256730603,1.575223741983317,1.793222177510672,1.0,1.8436053126707623,1.0,1.0,1.698801388503149,1.0,1.0,1.7660126808947518,1.0,1.0,1.4909635203553824,1.6433936928784705,1.0628765041917256,1.0,1.404424937557057,1.0,1.0,1.0,1.232378724923405,1.0,1.067943261818883,1.0,1.6006961194102118,1.0,1.2669795911234327,1.7125620316065564,1.0,1.0,1.0,1.0,1.488397384905934,1.0,1.449645804838657,1.624727525782735,1.0,1.0,1.1845421965668508,1.0427557807247203,1.0,1.0,1.0542760701151073,1.4330286383091952,2.100170810252572,1.0,1.0418974641622158,1.0,1.8657030264602732,1.3509861679582904,1.4988797707665054,1.0,1.0,2.063525868690882,1.4253196153614258,1.0,1.3365170125622436,1.9615379607009165,2.2349825840209263,1.0,1.7950572342090074,1.028480352319514,1.0,1.9270626309577596,1.0,1.0,1.0865422778998477,1.4999012861636305,1.7683939389622885,1.3163178576692964,1.1100518762915703,1.0,1.0,1.0,1.6044853234338117,1.0,1.1664290837881344,1.0,1.0,1.5501999396215334,2.1751455311970727,1.0,1.246465454849483,1.8782033027592429,1.4955860795484526,1.0,1.0,1.0,1.364121787334159,1.0,1.0721005891245148,1.0,1.0,1.740502579659453,1.1215450674862528,1.155259661934167,1.0,1.284623140183305,1.935794310532776,1.0,1.0
TEST_09+2일,1.0,1.0,1.113100999863659,1.0,1.2590812047730964,1.4746199494369736,1.0,1.0,1.8412531810027148,1.0,1.328161311890954,1.0,1.0,1.4554214010049111,1.0,1.6355841260399526,1.3907236865089827,1.0532467798021687,1.0,1.0,1.0,1.0,1.605684546973604,1.9098520519536544,1.0,1.0,1.0,1.2062659676891552,1.0958189578390831,1.356362353831131,1.0,1.0,1.0,1.0,1.1851529672301913,1.8451169273777608,1.2642056662678378,1.1298478087272803,1.5377103141454067,1.3344235442239212,1.0,1.0,1.350898580588698,1.0,1.6648659770513543,1.0,1.0980909080305714,1.8491880906502915,1.0,1.0,1.3584222201443117,1.0,1.4736201062267162,1.0,1.1063880237504642,1.2128812562716769,1.0,1.0,1.0,1.2376246859675908,1.0,1.0,1.0,1.0,1.0,1.0,1.0,1.5006702610487712,1.0,1.8178300411657031,1.0,1.1590327263129003,1.0362627247818574,1.8448767915350133,1.795172640001935,1.0262766959518888,1.0,1.8634931852276084,1.1722054061020353,1.1508601782111405,1.0,1.3716777922326937,1.687411876355148,1.0,1.0,1.0,1.0889439456863623,1.0,1.3328068680190963,1.0,1.0,1.1367916630728332,1.6752764971775258,1.4061067250750496,1.0,2.207736238642988,1.0,1.0,1.6029840114823426,1.0,1.0,1.8657826538032047,1.0,1.0,1.1903023943226745,1.8935337771808716,1.3770734510290683,1.0,1.9725367409165204,1.0,1.0,1.0171528984484877,1.3043885525035936,1.0,1.2373152748635916,1.0,1.296869397318105,1.0,1.1534555565143436,1.477652132289551,1.0,1.0,1.0,1.0,1.3204905988925664,1.0,1.50055085534044,1.5332552703238391,1.0,1.0013643649518849,1.1658787503945427,1.0536475047987828,1.0,1.0,1.1418058722979276,1.4894962683174853,1.8668390716943453,1.0,1.0,1.0,2.158804351327604,1.3085228040856798,1.3563934279016228,1.0,1.0,2.2565391643745003,1.3790901556299953,1.1519622398535283,1.3699564209919934,1.474896627511935,1.5320034123186907,1.0,1.4144739286870032,1.0951056407974702,1.0,1.725646057204927,1.0304223824559464,1.0,1.0,1.6163288266552485,1.4771648756595694,1.0611772501327097,1.3823287726160862,1.0,1.0,1.0,2.026212045330105,1.0,1.0,1.0,1.0,2.2323573561906915,2.064564691157152,1.0,1.0607680817145098,1.885933034503668,1.210369781513836,1.0,1.0,1.0,1.2687700273763132,1.0,1.0,1.0,1.0,1.5963019967220675,1.2037652266038452,1.3044879106931362,1.0,1.7062657906841308,1.657268210277329,1.0,1.0
TEST_09+3일,1.0,1.0,1.0,1.0,1.200236081636893,1.4735841257734252,1.0,1.0,1.532252480537112,1.0,1.3771717089982003,1.3559974217618729,1.0,1.8264681851491429,1.0,1.498929493964193,1.3890315586341335,1.0,1.0,1.0,1.0,1.0,1.327614252267603,1.643278790149361,1.0,1.0,1.0,1.2184268272632153,1.0602094598943623,1.212644930157549,1.0,1.0,1.0,1.0,1.0,1.6582954165338284,1.063963279984976,1.3851532516500125,1.340822847273133,1.624752452255725,1.005697862671426,1.0,1.3803101639540531,1.0,1.37747126998902,1.064016439309546,1.0,1.4346607724512166,1.0,1.0,1.6641901200791376,1.0,1.5288940499096346,1.0,1.0,1.0376657613342015,1.0,1.0,1.0,1.5216697878693566,1.0,1.0,1.0,1.0,1.0,1.0,1.0,1.5109397007609562,1.0,1.622640183469022,1.0496944694940318,1.0281328192250798,1.26055627825994,1.858558406272088,1.5883110371794404,1.232427226199741,1.0,1.935057574075475,1.0,1.0,1.0,1.6695054860196703,1.620339075383877,1.0,1.069575858777222,1.0,1.0,1.0,1.3375541001493063,1.0,1.0,1.5917890228051728,2.1727702044362385,1.3919526183367317,1.0,1.6331804754396246,1.0,1.0,1.494579004509703,1.0,1.0,2.0483009459308223,1.0,1.0,1.426609129092994,2.0025614718631197,1.3212701927190256,1.0,1.465342435579697,1.0,1.0,1.0574240025666053,1.2239639615580151,1.0152071848420674,1.3171098869669375,1.0,1.5550001311491517,1.0,1.0405274385329135,1.434893054315077,1.1027800496448008,1.0,1.0,1.0,1.6389844020985194,1.0,1.3211029048470504,1.81227015734781,1.0,1.0110045998702624,1.1552217904612774,1.1678020296072693,1.0,1.0,1.1691226592606878,1.4078139029096908,2.0577123252056064,1.0,1.0,1.0,1.5308390569950927,1.450799857698075,1.538736110800628,1.0,1.0,2.262511007799667,1.749099314039998,1.0,1.6909847748833189,1.381453138072028,1.7181523855811656,1.0,1.864864274165605,1.2208334558933087,1.0,2.2156631550103576,1.0,1.0,1.0550094556353926,1.2318434768964446,1.311754121637806,1.2396092182444636,1.163395481070363,1.0,1.0,1.0,2.020211789465208,1.0,1.173372333280518,1.0,1.0843468797259694,1.98827714712091,2.120254052081316,1.0,1.3347280276840665,1.4842459901794824,1.4415355335008184,1.0,1.0,1.0,1.6388897379481966,1.0,1.0,1.0,1.0,1.9978569170553195,1.1239037128430112,1.5141327932349269,1.0716556516342923,1.8354656157048388,1.5117349449792734,1.0,1.0
TEST_09+4일,1.0,1.0,1.0,1.0,1.3696666182160893,1.1046558917508458,1.0,1.0,1.7796618642339,1.0,1.6817346082887068,1.1321696199514084,1.0,1.8137135384843,1.0,1.2497984204442385,1.5961279526777743,1.0,1.0,1.0,1.0,1.0,1.5515733859970706,1.9115968590130945,1.0416766280333185,1.0,1.0,1.0469278383007494,1.0,1.1975324460912702,1.0,1.0,1.0,1.0,1.2203061439800986,2.206010313307993,1.2721055519619917,1.6658855864512092,1.8582731500420464,1.6657806974694354,1.0,1.0,1.3035482999650576,1.0,1.7391745895209103,1.0264533139481182,1.0,1.6945951784621758,1.0,1.0,1.851865595441098,1.0,1.7811921113319196,1.0,1.0,1.0,1.0,1.2193496327784947,1.0,1.7161058163504002,1.0,1.0,1.0,1.0,1.0,1.0,1.0,1.6064164356983803,1.0,2.172718933938396,1.1911238399143107,1.3548155803702988,1.4467157862533484,1.7916851993553946,1.5858463547959054,1.3757462574121182,1.0,1.497745307336279,1.146678908879962,1.0037220734319277,1.0,1.8946241945135345,1.418036334148487,1.0,1.0,1.0,1.176279770925247,1.0,1.7227483944557795,1.0,1.0,1.3279861956845789,1.9204611548352648,1.532635838450234,1.0,1.6019420214202909,1.0,1.0,1.4311742769075917,1.0,1.0,1.900576350521739,1.0,1.0,1.370778860866709,2.046147633092946,1.4036275962207374,1.0,1.8487923625663591,1.0,1.0,1.1361018729540973,1.44209834007509,1.0076148933388227,1.0,1.0,1.271506185319536,1.0,1.2837289747887208,1.883235428182816,1.06026790757219,1.0,1.0,1.0644541802816876,1.1989830013872569,1.0,1.3010561592658458,1.5323083519811185,1.0,1.0,1.1253741946734324,1.161879688266131,1.0,1.0,1.3096429056563283,1.4647281074824516,2.074276885708124,1.0,1.0,1.0,1.9916919460996527,1.2218983193776995,1.2875303354053889,1.0,1.0,2.317284403709469,1.636650846065127,1.1760078919290633,1.6880819919599157,1.9257963458669711,1.6507005349012784,1.0,1.7270522875798302,1.2168705718918178,1.0,1.802197491391159,1.0,1.0,1.0,1.218651206651313,1.669952062469528,1.173527417117392,1.5257525127048197,1.0,1.0,1.0,1.9338905424464528,1.0,1.0,1.0,1.023558930470568,1.8114952280541856,1.896075227183924,1.0,1.091135755859857,1.5708824232347909,1.5621100558413306,1.0,1.0157117022913529,1.0,1.6059840044585163,1.0,1.0,1.0,1.0,2.034806417987135,1.3457698231446975,1.449731180738511,1.0,1.553039081780664,1.9054455717767664,1.0,1.0
TEST_09+5일,1.0,1.0,1.0651384437714428,1.0,1.2748247386650151,1.317649217872663,1.0,1.0,1.841619510838829,1.0,1.6803656032619776,1.1743353561790628,1.0,1.745866881734829,1.0,1.333358883470776,1.7094919482235431,1.0,1.0,1.0,1.0,1.0,1.7452009429662814,1.5678469750066957,1.0817232067897944,1.0,1.0,1.020979654520208,1.0,1.0,1.0,1.0,1.129707911623064,1.0,1.248703352940577,2.3155575296952238,1.0392641181367976,1.4160353103435532,1.5892168491134222,1.138016558012083,1.0,1.0,1.269614512099305,1.0,1.7624686706149522,1.0,1.1574177126166107,1.730656032722236,1.0,1.0,1.819845326083224,1.0,1.3338046939108896,1.0,1.1337669821458167,1.1050599089192774,1.0,1.0974792565911065,1.0,1.403534394947156,1.0,1.0,1.0,1.0,1.0,1.0,1.0,1.363564909509308,1.0,1.988090457559368,1.0939880924378629,1.45259904754884,1.1858721257720743,2.227699083236777,1.6734957410388136,1.239094603377025,1.0,1.4568694705214793,1.266752174066694,1.0,1.0,1.6151494080890112,1.5728314006160462,1.0,1.137170523742428,1.0,1.0417082225092964,1.0,1.5994899491746304,1.0,1.0,1.5953661130754702,1.8846728247751496,1.834556477459384,1.0,2.224886658617756,1.0,1.0,1.1709965507681068,1.0,1.0,1.7378913466722663,1.0,1.0,1.2755700648675798,2.180620749285164,1.026772427155887,1.0,2.0458723965914247,1.0,1.0,1.0,1.2446645732087438,1.0,1.076094358623749,1.0,1.1713149984406683,1.0,1.22451619193559,1.862453461588332,1.0,1.0,1.0,1.0,1.5010004545245148,1.0,1.428596225057421,1.406583779982555,1.0,1.0,1.182422416719358,1.0744745174522865,1.0,1.0,1.1024242178726906,1.448833388179008,1.6211550592196264,1.0,1.0,1.0,2.0813986097653903,1.769421233945092,1.555287369252241,1.0,1.0,2.2468036654437293,1.925292152366624,1.0226859785128977,1.7320269561283734,1.8966424109907207,1.5121525911456195,1.0,1.9546397351657296,1.007755692998764,1.0,1.5566200572677726,1.0,1.0,1.079762009406294,1.687250389052182,1.25401045716439,1.5500725380124656,1.2608036862204814,1.0,1.0,1.0,1.7977109541445813,1.0,1.132404177025748,1.0,1.0,1.719656551274699,1.974364378287685,1.0208377704622134,1.0,1.4352573946894185,1.2841237725458974,1.0,1.0,1.0,1.160413589843183,1.0,1.058927984582884,1.0,1.0,2.249329274737096,1.403132666475258,1.376746223437753,1.0,1.6460427450740729,1.4440426362541945,1.0,1.0
TEST_09+6일,1.0,1.0,1.124966865362108,1.0,1.0371117164314343,1.0868820646431665,1.0,1.0,1.630636214430797,1.0,1.6316301548922487,1.0,1.0,1.4721001005084735,1.0,1.611464723286926,1.903040657777504,1.0,1.0,1.0,1.0,1.0,1.486480860851181,1.4900625251593675,1.1053805327511297,1.0,1.0,1.3386371742836731,1.0,1.3099174963100793,1.0,1.0,1.0,1.0,1.0,1.6279090514081505,1.295771231142807,1.5051392654103786,1.408432352854738,1.5365325309139732,1.0,1.0,1.429490839595428,1.0,1.3887801339745964,1.1849168767391216,1.101184103591276,1.762324724247008,1.0,1.0,1.4157696348600333,1.0,1.7207756304017336,1.0,1.0,1.0,1.0,1.367662472993398,1.0,1.3479990645466695,1.0,1.0,1.0,1.0,1.0,1.0,1.0,1.6990249067628196,1.0,2.165296809310563,1.172186981217462,1.4544600039781792,1.4051681458040997,2.025301633677273,2.086708006369392,1.3038090641576754,1.0,1.4853949368045594,1.2760822246142338,1.0552456932548415,1.0,1.839108360800079,1.4961979990879164,1.0,1.0,1.0,1.047957377906019,1.0,1.5135420809893416,1.0,1.0,1.434238735382522,1.931474515913006,1.46776694461778,1.0,1.97148360058164,1.0,1.0,1.7129962739782008,1.0,1.0,2.013048847504851,1.0,1.0,1.464627856265063,1.8819163388046447,1.4499150145185042,1.0,1.55033091088525,1.0,1.0,1.143192442028958,1.4160463852778498,1.0,1.1029058580945512,1.0,1.2636309040411486,1.0,1.3646750782987116,1.5655726734007966,1.0249415508344553,1.0,1.0,1.0,1.126158092337752,1.0,1.314984516038611,1.5781501962429074,1.0,1.0,1.0,1.157481153553448,1.0,1.0,1.096988472526421,1.6406504609464607,2.2488376494346447,1.0,1.0,1.0,2.078790365411669,1.5376994490684477,1.2061498944637137,1.0,1.0,1.568646996503705,1.5646495136871257,1.03162927211435,1.6885910533701551,1.9931560040706835,1.6859662029842428,1.0,1.5503909627867456,1.0,1.0,1.7504237907120197,1.0,1.0,1.0,1.5885451641220607,1.5460233398599763,1.192970327234235,1.3536272991298746,1.0,1.0,1.0,1.48671584273576,1.0,1.0,1.0,1.119426550118694,2.0156568983082037,2.3728016185505862,1.0,1.1052753177547725,1.3948636566775612,1.495856727768346,1.0,1.0,1.0,1.4013893890176814,1.0111006380517638,1.0,1.0,1.0,1.9942445950460843,1.1987229196603852,1.4353238116872264,1.087239767389211,1.3727236035335015,1.736779959023832,1.0,1.0
TEST_09+7일,1.0,1.0,1.108278118598943,1.0,1.0,1.3467596985978616,1.0,1.0,1.650104287097791,1.0,1.664249079827368,1.2442762006151855,1.0,1.6781845325632443,1.0,1.2468464414639722,1.8432018935861996,1.1316048130934195,1.0,1.0,1.0,1.0,1.6874204825739323,1.615313613876236,1.04238236159609,1.0,1.0,1.2250476739547198,1.0,1.1033625687377049,1.0,1.0,1.0,1.0,1.0445337353360888,2.32139195501269,1.0,1.29957876337695,1.5709628020775197,1.3198916060209034,1.0,1.0,1.3059993470099338,1.0,1.405303138079527,1.0,1.1645530313629155,1.848408484355172,1.0,1.0,1.7396803483901984,1.0,1.5927546737499167,1.0,1.10621160947032,1.184511992122704,1.0,1.128248584186092,1.0,1.3743184801053598,1.0,1.0,1.0,1.0,1.0,1.0,1.0,1.3684176879436358,1.0,1.7771941788892358,1.1078576787081285,1.403039345778571,1.0595976008408416,1.5642918090770368,1.4299468943278857,1.1378498056333386,1.0,1.9919085866640849,1.0810636498788684,1.0,1.0,1.5822500149622631,1.4418928952980017,1.0,1.076125892172632,1.0,1.0623006584735049,1.0,1.554965248740774,1.0,1.0,1.6290607232825884,1.7601042075286812,1.3481325327313682,1.0,1.6959018894350877,1.0,1.0,1.368114536921031,1.0,1.0,2.074562314392218,1.0,1.0,1.6149873627822868,2.087972603665573,1.0713088844226686,1.0,1.8708492901681075,1.0,1.0,1.0,1.3958872190802414,1.0475309564835638,1.0563925467003237,1.0,1.2507096783116316,1.0,1.0108422836092616,1.8133289467516367,1.0927176125897182,1.0,1.0,1.1524266446529812,1.6432278631800905,1.0,1.3337039198801914,1.960263964230936,1.0,1.0,1.0,1.0,1.0,1.0,1.5133043251868337,1.6688080786403698,2.138793693356375,1.0,1.0339131182494807,1.0,2.1741518236228834,1.5189973924190114,1.2276803084533716,1.0,1.0,1.8648827964963888,1.514306041444225,1.0568142100308382,1.2379260990807828,1.7845576706138775,2.014125652068041,1.0,1.3970549329433422,1.1792731073902023,1.0,1.9261203069412376,1.0,1.0,1.0,1.495368955406073,1.369584511129481,1.4907233374961038,1.156086444789958,1.0,1.0,1.0,1.775621513564238,1.0,1.1579867745076062,1.0,1.0209672174002251,1.9325595299059823,1.7570008699426731,1.0,1.2007759863214602,2.0122103233275004,1.4666216641009062,1.0,1.0,1.0,1.2390156883555834,1.0,1.0,1.0,1.0,2.322209025919303,1.313797072460066,1.241854243496464,1.0575823710396195,1.4956093414402925,1.4253795942631768,1.0,1.0
