영업일자,느티나무 셀프BBQ_1인 수저세트,느티나무 셀프BBQ_BBQ55(단체),"느티나무 셀프BBQ_대여료 30,000원","느티나무 셀프BBQ_대여료 60,000원","느티나무 셀프BBQ_대여료 90,000원","느티나무 셀프BBQ_본삼겹 (단품,실내)",느티나무 셀프BBQ_스프라이트 (단체),느티나무 셀프BBQ_신라면,느티나무 셀프BBQ_쌈야채세트,느티나무 셀프BBQ_쌈장,느티나무 셀프BBQ_육개장 사발면,느티나무 셀프BBQ_일회용 소주컵,느티나무 셀프BBQ_일회용 종이컵,느티나무 셀프BBQ_잔디그늘집 대여료 (12인석),느티나무 셀프BBQ_잔디그늘집 대여료 (6인석),느티나무 셀프BBQ_잔디그늘집 의자 추가,느티나무 셀프BBQ_참이슬 (단체),느티나무 셀프BBQ_친환경 접시 14cm,느티나무 셀프BBQ_친환경 접시 23cm,느티나무 셀프BBQ_카스 병(단체),느티나무 셀프BBQ_콜라 (단체),느티나무 셀프BBQ_햇반,느티나무 셀프BBQ_허브솔트,담하_(단체) 공깃밥,담하_(단체) 생목살 김치전골 2.0,담하_(단체) 은이버섯 갈비탕,담하_(단체) 한우 우거지 국밥,담하_(단체) 황태해장국 3/27까지,담하_(정식) 된장찌개,담하_(정식) 물냉면 ,담하_(정식) 비빔냉면,담하_(후식) 된장찌개,담하_(후식) 물냉면,담하_(후식) 비빔냉면,담하_갑오징어 비빔밥,담하_갱시기,담하_공깃밥,담하_꼬막 비빔밥,담하_느린마을 막걸리,담하_담하 한우 불고기,담하_담하 한우 불고기 정식,담하_더덕 한우 지짐,담하_들깨 양지탕,담하_라면사리,담하_룸 이용료,담하_메밀면 사리,담하_명인안동소주,담하_명태회 비빔냉면,담하_문막 복분자 칵테일,담하_봉평메밀 물냉면,담하_생목살 김치찌개,담하_스프라이트,담하_은이버섯 갈비탕,담하_제로콜라,담하_참이슬,담하_처음처럼,담하_카스,담하_콜라,담하_테라,담하_하동 매실 칵테일,담하_한우 떡갈비 정식,담하_한우 미역국 정식,담하_한우 우거지 국밥,담하_한우 차돌박이 된장찌개,담하_황태해장국,라그로타_AUS (200g),라그로타_G-Charge(3),라그로타_Gls.Sileni,라그로타_Gls.미션 서드,라그로타_Open Food,라그로타_그릴드 비프 샐러드,라그로타_까르보나라,라그로타_모둠 해산물 플래터,라그로타_미션 서드 카베르네 쉬라,라그로타_버섯 크림 리조또,라그로타_빵 추가 (1인),라그로타_스프라이트,라그로타_시저 샐러드 ,라그로타_아메리카노,라그로타_알리오 에 올리오 ,라그로타_양갈비 (4ps),라그로타_자몽리치에이드,라그로타_제로콜라,라그로타_카스,라그로타_콜라,라그로타_하이네켄(생),라그로타_한우 (200g),라그로타_해산물 토마토 리조또,라그로타_해산물 토마토 스튜 파스타,라그로타_해산물 토마토 스파게티,"미라시아_(단체)브런치주중 36,000",미라시아_(오븐) 하와이안 쉬림프 피자,미라시아_(화덕) 불고기 페퍼로니 반반피자,미라시아_BBQ Platter,미라시아_BBQ 고기추가,미라시아_공깃밥,미라시아_글라스와인 (레드),미라시아_레인보우칵테일(알코올),미라시아_미라시아 브런치 (패키지),미라시아_버드와이저(무제한),미라시아_보일링 랍스타 플래터,미라시아_보일링 랍스타 플래터(덜매운맛),미라시아_브런치 2인 패키지 ,미라시아_브런치 4인 패키지 ,미라시아_브런치(대인) 주말,미라시아_브런치(대인) 주중,미라시아_브런치(어린이),미라시아_쉬림프 투움바 파스타,미라시아_스텔라(무제한),미라시아_스프라이트,미라시아_애플망고 에이드,미라시아_얼그레이 하이볼,미라시아_오븐구이 윙과 킬바사소세지,미라시아_유자 하이볼,미라시아_잭 애플 토닉,미라시아_칠리 치즈 프라이,미라시아_코카콜라,미라시아_코카콜라(제로),미라시아_콥 샐러드,미라시아_파스타면 추가(150g),미라시아_핑크레몬에이드,연회장_Cass Beer,연회장_Conference L1,연회장_Conference L2,연회장_Conference L3,연회장_Conference M1,연회장_Conference M8,연회장_Conference M9,연회장_Convention Hall,연회장_Cookie Platter,연회장_Grand Ballroom,연회장_OPUS 2,연회장_Regular Coffee,연회장_골뱅이무침,연회장_공깃밥,연회장_돈목살 김치찌개 (밥포함),연회장_로제 치즈떡볶이,연회장_마라샹궈,연회장_매콤 무뼈닭발&계란찜,연회장_모둠 돈육구이(3인),연회장_삼겹살추가 (200g),연회장_야채추가,연회장_왕갈비치킨,연회장_주먹밥 (2ea),카페테리아_공깃밥(추가),카페테리아_구슬아이스크림,카페테리아_단체식 13000(신),카페테리아_단체식 18000(신),카페테리아_돼지고기 김치찌개,카페테리아_복숭아 아이스티,카페테리아_새우 볶음밥,카페테리아_새우튀김 우동,카페테리아_샷 추가,카페테리아_수제 등심 돈까스,카페테리아_아메리카노(HOT),카페테리아_아메리카노(ICE),카페테리아_약 고추장 돌솥비빔밥,카페테리아_어린이 돈까스,카페테리아_오픈푸드,카페테리아_진사골 설렁탕,카페테리아_짜장면,카페테리아_짜장밥,카페테리아_짬뽕,카페테리아_짬뽕밥,카페테리아_치즈돈까스,카페테리아_카페라떼(HOT),카페테리아_카페라떼(ICE),카페테리아_한상 삼겹구이 정식(2인) 소요시간 약 15~20분,포레스트릿_꼬치어묵,포레스트릿_떡볶이,포레스트릿_복숭아 아이스티,포레스트릿_생수,포레스트릿_스프라이트,포레스트릿_아메리카노(HOT),포레스트릿_아메리카노(ICE),포레스트릿_치즈 핫도그,포레스트릿_카페라떼(HOT),포레스트릿_카페라떼(ICE),포레스트릿_코카콜라,포레스트릿_페스츄리 소시지,화담숲주막_느린마을 막걸리,화담숲주막_단호박 식혜 ,화담숲주막_병천순대,화담숲주막_스프라이트,화담숲주막_참살이 막걸리,화담숲주막_찹쌀식혜,화담숲주막_콜라,화담숲주막_해물파전,화담숲카페_메밀미숫가루,화담숲카페_아메리카노 HOT,화담숲카페_아메리카노 ICE,화담숲카페_카페라떼 ICE,화담숲카페_현미뻥스크림
TEST_00+1일,6.90248230099678,0.0,7.815382868051529,3.3761542439460754,0.6482065320014954,1.5207469761371613,0.0,0.0,2.11748830974102,0.33980995416641235,0.8514907769858837,0.9603416919708252,0.9020779430866241,3.6044604182243347,11.884281903505325,5.906220078468323,0.018321990966796875,1.0728230774402618,1.436052829027176,5.999728202819823,0.015511405887082219,0.5632469952106476,1.5358666777610779,0.7675891164690256,3.109324499964714,7.228216342628001,4.523495972156525,13.52570266276598,7.067702651023865,3.2819783687591553,2.0673550590872765,3.309021234512329,1.572060376405716,1.2388938516378403,0.0,0.0,31.273337721824646,0.2900501489639282,1.2976286932826042,22.128275990486145,8.008028388023376,1.604701429605484,0.11704010888934135,0.8827451579272747,0.5275924354791641,2.1318458020687103,0.2528246119618416,6.227487504482269,0.6651644632220268,4.187262266874313,12.9689861536026,0.8153835088014603,6.170311331748962,0.37422850728034973,2.3414619863033295,0.6668160259723663,2.044229343533516,0.7608592584729195,1.079838439822197,1.2103181630373,9.83490401506424,9.418848529458046,20.535130560398102,7.980197250843049,7.003738582134247,1.780558556318283,0.43603894114494324,0.7445034980773926,3.3598387837409973,0.8304566144943237,1.3937239348888397,4.082537814974785,0.0,0.5892250277101994,2.6068391650915146,0.7271912880241871,0.47551050782203674,1.3293319344520569,0.907924234867096,2.5590489506721497,1.697520911693573,0.7180131375789642,0.5493610724806786,0.9094421938061714,1.401633381843567,1.511213131248951,1.316180557012558,0.672636866569519,2.0420159846544266,4.166547477245331,0.0,1.1566955596208572,0.36650019884109497,10.691314041614532,0.6910526119172573,0.5726244673132896,0.4032987952232361,0.6181692481040955,18.17870330810547,5.954291135072708,1.2795777171850204,0.404656995087862,2.875963933765888,0.23674672842025762,212.98352921009064,0.6372741088271142,39.332173347473145,3.2417550086975098,2.516003429889679,0.6498026847839355,2.5664683431386948,1.3481593132019043,1.5809783935546875,0.5740010738372803,1.3442718386650085,0.7932401597499847,0.7029785513877869,0.9747396856546402,5.004684507846832,0.767470121383667,0.19255941547453403,0.0,0.3181022107601166,0.447934627532959,0.0,0.5907360315322876,0.17744475603103638,0.016118362545967102,0.15924856066703796,1.5329594239592552,0.09205581247806549,0.0,21.174433827400208,0.2728634923696518,1.1789750754833221,0.8875148296356201,0.24081449955701828,0.4794815182685852,0.0,0.4134444519877434,0.3200843632221222,0.25049641728401184,1.0770097374916077,1.1805353164672852,9.988428242504597,0.0,15.325678784400225,77.11377114057541,8.094009138643742,1.2500506527721882,5.4628142565488815,1.1837436817586422,0.19206318072974682,12.646040439605713,1.948641613125801,0.0,18.820839643478394,7.3723262920975685,6.563207879662514,0.12834155559539795,6.5768675319850445,0.6965600848197937,8.043917715549469,2.092177016660571,5.841744666919112,0.0777200348675251,1.044104777276516,6.455019861459732,7.791673790663482,8.644149458035827,0.0,13.851047992706299,3.8201665822416544,0.2551208809018135,10.46074042469263,8.645978262647986,0.746365912258625,2.1449481695890427,5.440919890999795,2.266043871641159,13.297229126095772,8.018795475363731,22.49511480331421,8.289794363081455,19.051717340946198,14.428947452455759,2.604517713189125,85.371766500175,39.013457000255585,2.6632971987128258,46.632843017578125,11.052804172039032,24.339892163872722
TEST_00+2일,3.6554325819015503,23.535879716277122,1.91571394354105,0.55033378303051,0.05717949569225311,0.8015476390719414,2.713614940643312,0.7496124505996704,1.353607289493084,0.05659565329551697,0.9071926586329937,0.4097278118133545,0.4580126255750656,0.46624627709388733,0.15330881997942924,1.7568129301071167,22.086849689483643,0.5110071897506714,0.2653506025671959,18.58236587047577,3.2842141911387444,0.319585919380188,0.9038391709327698,0.6983614861965179,2.3945121467113495,6.302540190517902,4.475131943821907,3.45707368478179,6.342619299888611,1.695162110030651,1.606186106801033,1.618113934993744,1.5893696919083595,1.2007332369685173,0.314665287733078,0.0,12.493282318115234,0.286967396736145,1.190025731921196,7.6218341290950775,3.914063073694706,1.8467585742473602,0.0,0.6024594865739346,0.6287307143211365,0.5767794884741306,0.22869884967803955,4.563172280788422,0.6704237312078476,2.681439608335495,7.593648985028267,0.6741070188581944,5.2920531034469604,0.4321769289672375,1.3228990137577057,0.6511170119047165,2.635721445083618,0.7033525668084621,1.2572632133960724,0.7773117497563362,3.9824386313557625,6.472339332103729,12.84877896308899,6.340627014636994,5.632939338684082,0.9667435213923454,0.8060121238231659,0.7310133576393127,1.867687627673149,1.5163588523864746,1.268606185913086,3.845857083797455,0.0,0.5890430733561516,2.708718851208687,1.1610598862171173,0.4500013589859009,1.5022423267364502,0.570559673011303,1.2622662484645844,1.5941931828856468,0.48550765961408615,0.6365038454532623,0.7818911410868168,1.430168867111206,1.449288249015808,1.4327335208654404,0.43918758630752563,2.0935008227825165,0.3979590907692909,10.715249966830015,1.1590528711676598,0.8835107684135437,3.9671646058559418,0.9453440010547638,0.5097955837845802,0.3882725238800049,0.5347222089767456,15.02348518371582,1.6565776020288467,1.2850712835788727,0.41230786591768265,3.4981977939605713,0.2543922662734986,17.691370114684105,53.16887879371643,23.754339158535004,1.3392715454101562,2.4355820268392563,0.5227182433009148,1.8610773608088493,0.7574273645877838,1.2146221697330475,0.6633951663970947,1.5626349449157715,0.7813680768013,0.5334011167287827,0.974387027323246,2.6286663860082626,0.2428593635559082,0.2833808809518814,8.794922143220901,0.4588452875614166,0.4238938093185425,0.2087831199169159,0.6575461030006409,0.278687447309494,0.06976252794265747,0.3720686361193657,3.185583360493183,0.30591967701911926,0.27615001797676086,11.291393637657166,0.0,0.23501956835389137,0.0166318416595459,0.11384203098714352,0.0,0.0,0.0,0.013841193169355392,0.0,0.5700120627880096,0.2740062475204468,9.15671856701374,0.36350249499082565,0.0,56.465281993150704,9.09611351788044,1.4423887766897678,5.764086097478867,0.7358567789196968,0.31139031797647476,13.661372423171997,0.3834276460111141,0.0,12.417262777686119,4.990677647292614,9.079540818929672,0.11948686838150024,6.987176276743412,0.7607868537306786,6.57422935962677,2.727204993367195,5.6564776673913,0.6823014160618186,1.1136704832315445,3.76281064003706,6.438827401027084,12.427857790142296,0.0,17.61592388153076,5.622819967567921,0.5942029729485512,14.826716095209122,11.070889994502068,0.5600676536560059,2.3431752771139145,4.235161930322648,4.187157303094864,10.280640691518784,5.85439782589674,11.37378215789795,3.6434071846306324,11.463755577802658,8.666063383221626,0.0,29.739295542240143,16.12522568553686,2.091957040131092,27.89347195625305,6.746810540556908,10.547119922935964
TEST_00+3일,2.213014282286167,27.549481764435768,2.1363451182842255,0.9904763251543045,0.054346442222595215,0.44406871497631073,3.2956058979034437,2.066189020872116,1.2914101853966713,0.3423808813095093,0.7574545405805111,0.049551039934158325,0.500627338886261,0.6877084970474243,3.0756031796336174,0.7817614078521729,23.663294792175293,0.5919234901666641,0.5703226625919342,21.827177077531815,5.547347970306873,0.5672870054841042,0.37327446788549423,0.35710958763957024,1.6285168007016182,4.073382541537285,4.511562287807465,53.031054854393005,7.0251007080078125,0.39339276775717735,0.6856746971607208,2.057933270931244,2.105062425136566,1.0235732272267342,0.10070532560348511,0.026427656412124634,14.689131885766983,0.3508225679397583,1.1656121537089348,9.635816216468811,3.8617042750120163,1.6629105806350708,0.32041129656136036,1.316136959940195,0.5224971249699593,0.2608635202050209,0.16539350152015686,3.4329176545143127,0.6851161494851112,1.3571729250252247,5.8954290598630905,0.6745684575289488,5.27486926317215,0.47819937765598297,1.1327935606241226,0.7711875736713409,3.1153772175312042,0.6904585510492325,1.1526975631713867,0.4521593153476715,2.8483884632587433,2.4567733705043793,1.8652153611183167,5.3850268721580505,2.345746513456106,0.9483548030257225,0.6852801293134689,0.7420004606246948,1.158457338809967,0.11977612972259521,1.3022822141647339,3.959249332547188,0.0,0.7740463949739933,2.664984315633774,1.3418523073196411,0.7551930472254753,2.119602084159851,0.7264707535505295,1.7747885584831238,1.2010883167386055,0.5267017632722855,0.5757115408778191,0.7467952743172646,1.564817190170288,1.7029047459363937,1.312328688800335,0.5581258535385132,2.047610327601433,3.8263736963272095,39.81975045800209,1.0461507365107536,0.0951932966709137,3.421979919075966,0.8116342276334763,0.5516036599874496,0.3582502007484436,0.4736599624156952,16.459381103515625,2.561836466193199,1.3518148362636566,0.39752521365880966,4.160317592322826,0.32763481140136724,13.188449002802372,45.493538320064545,26.83154994249344,1.2790582180023193,2.61964875459671,0.48839085176587105,1.1811720207333565,0.39203356951475143,0.9276586174964905,0.7994240522384644,1.4110327363014221,0.764049768447876,0.5336401350796223,0.9420713782310486,1.0602557957172394,0.4995112419128418,0.198796845972538,5.890026435256005,0.5925000905990601,0.3797900676727295,0.23523405194282532,0.7280268669128418,0.5373080968856812,0.16300776600837708,0.6640283167362213,4.120162099599838,0.5691168308258057,0.4888245463371277,13.07586133480072,0.0,0.030396804213523865,0.19173014163970947,0.0,0.0,0.0,0.0,0.23008207976818085,0.08278010040521622,0.360476016998291,0.2695711851119995,8.266524117439985,0.18472914397716522,16.77792578190565,22.085588872432705,9.083183214068413,1.5898784548044205,5.594193704426289,0.4824209585785866,0.30320750176906586,11.754643201828003,0.0,0.0,9.568780213594437,2.214868664741516,7.2209713608026505,0.1596486121416092,5.644885310903192,0.5997319929301739,4.984319686889648,2.196784906089306,7.742919780313969,0.0,1.3031846936792135,2.555968463420868,9.88201753050089,10.155030369758604,1.4886836875230074,18.238895416259766,4.719158805906773,1.0280357412993908,20.0938563272357,7.738684765994549,0.42582227289676666,1.7262881994247437,5.839462086558343,2.961435541510582,6.4983604699373245,5.361752901226282,9.038271188735962,0.4011906310915947,4.793838832527399,5.75753603503108,0.0,12.647931231185794,17.84737564623356,0.0,27.98493790626526,3.4301398247480392,8.553029343485832
TEST_00+4일,3.1254352033138275,40.17593175172806,2.253923684358597,1.718582108616829,0.2253502905368805,0.0,6.885001927614214,3.3124815225601196,0.8304643929004669,0.33820295333862305,1.0070264339447021,0.35624827444553375,0.7417493909597397,2.1422298550605774,8.452933967113495,1.8584227561950684,27.45732593536377,0.506659522652626,0.7889106944203377,21.09969162940979,8.417079627513885,0.45142998918890953,0.28383008390665054,0.8361170142889023,0.0,4.034383222460747,4.41108039021492,21.00385921448469,6.66188770532608,0.49411603435873985,0.3024032823741436,2.0697160363197327,2.0561152696609497,1.1469266414642334,0.17827145755290985,0.11144030839204788,19.397349536418915,0.2656858563423157,1.0897479951381683,14.580660700798035,4.87584700062871,1.5093794465065002,0.28891004621982574,1.100912556052208,0.6349699310958385,0.5042952746152878,0.1597634144127369,3.5375621914863586,0.6618675291538239,1.799837414175272,6.254667446017265,0.6120787113904953,5.300932824611664,0.40664394199848175,1.385826587677002,0.6077425628900528,3.2145489305257797,0.7501431591808796,1.3148164451122284,0.2680195327848196,4.354005351662636,1.6389505751430988,4.151201270520687,6.9989963471889505,1.1533646285533905,1.1652086973190308,0.678200975060463,0.6828848719596863,1.127753108739853,1.1106908321380615,1.5693110227584839,3.859233111143112,0.070708729326725,0.5894580781459808,2.65732079744339,1.1851883009076118,0.5207821726799011,2.2984317541122437,0.7780539393424988,2.3001421093940735,0.5844199135899544,0.8523849695920944,0.6772258132696152,0.8081594109535217,1.517062246799469,2.2596373856067657,1.3065956756472588,0.8735456764698029,2.0537146031856537,4.77473384141922,45.185432240366936,1.1185261756181717,0.2976038455963135,3.489280045032501,0.9484288990497589,0.48253580927848816,0.3883364200592041,0.44896772503852844,16.996627807617188,2.4227550625801086,1.092109277844429,0.43123389780521393,2.8990636579692364,0.26207169890403753,12.97184893488884,38.911172688007355,41.471601605415344,2.45170521736145,2.6054742336273193,0.7587535381317139,1.0287201032042503,0.38938920944929123,0.9450070559978485,1.0184500217437744,1.530994176864624,0.8397049605846405,0.3495832309126854,0.9130772650241852,1.2250118404626846,0.39824002981185913,0.22424401342868805,7.013773918151856,0.564434289932251,0.3907877206802368,0.43011966347694397,0.6604809761047363,0.47969692945480347,0.19543686509132385,0.7159013897180557,5.022923484444618,0.5095990896224976,0.6174105405807495,4.2390406131744385,0.24731608480215073,0.0,0.322049081325531,0.05989670753479004,0.1241886056959629,0.3440603278577328,0.12939665466547012,0.3859199434518814,0.033650726079940796,0.6944229304790497,0.3622030019760132,9.789133206009865,0.0,26.469536378979683,21.564727723598477,10.242307685315609,1.8351507782936096,6.185910578817129,1.2819557823240757,0.2551017142832279,12.023643016815186,0.16562724485993385,0.0,10.030618220567703,0.9688636288046837,10.965968202799559,0.15004078298807144,8.133748415857553,0.9453360233455896,4.662247002124786,3.419966250658035,6.0834725350141525,0.0,1.632773732766509,3.6584683507680893,20.2098822016269,5.740867931395769,0.0,16.332014322280884,2.7718274518847466,2.078340000472963,18.120175074785948,9.343827662989497,0.9122050702571869,1.0367434322834015,4.111341372132302,1.5555603802204132,9.203034803271294,4.062326652929187,9.951783657073975,3.740721130743623,2.035630077123642,9.406456880271435,0.36345936357975006,36.110775247216225,22.400343865156174,0.0,29.794852256774902,4.447982579469681,7.6064884439110765
TEST_00+5일,6.43687504529953,104.2222869694233,3.205614060163498,1.6582993566989899,0.21639613807201385,0.7689300626516342,15.267769396305086,7.8288716077804565,1.6131709069013596,0.25035154819488525,0.8087793923914433,0.38230785727500916,1.0668269991874695,3.0201773941516876,14.389250189065933,1.149909794330597,49.36222457885742,0.4355802349746227,1.0728141367435455,23.191349834203717,12.850774601101875,0.7457512989640236,0.2558738440275192,0.5412478968501091,2.0025709122419357,3.8392815738916393,6.220448613166809,43.20061248540878,7.117982506752014,1.5146786272525787,0.6255610603839159,2.2816566824913025,1.5870366841554642,1.1802010834217072,0.0,0.0,22.722036004066467,0.0674784779548645,1.2325263395905495,21.26828420162201,8.957126900553703,1.4344173669815063,0.27170898392796516,0.9996116235852242,0.5228349901735783,1.2909135594964027,0.22665031254291534,3.9920526444911957,0.6702882274985313,1.8483844622969627,6.602047473192215,0.5459379404783249,5.521421670913696,0.4999493435025215,2.0594871193170547,0.6036699414253235,2.9786456823349,0.7649928405880928,1.1459712535142899,0.6532520018517971,4.6126136258244514,1.9416561350226402,7.287988394498825,10.061324030160904,2.5788360089063644,1.6080156117677689,0.7894597426056862,0.7281702756881714,1.523530289530754,0.5212807655334473,1.5214180946350098,4.168236255645752,0.21380987018346786,0.5642065554857254,2.6568013429641724,1.199467845261097,0.7579376175999641,2.4006707668304443,0.9921482503414154,2.9272719025611877,0.9852120205760002,1.197169929742813,0.6246565282344818,0.9340989030897617,1.6246826648712158,2.547501176595688,1.3632557317614555,1.0802934765815735,2.302705153822899,3.142302542924881,48.43132668733597,1.1222196221351624,0.8907784819602966,2.8755445778369904,0.856679655611515,0.44706061482429504,0.3614174425601959,0.43218713998794556,17.951452255249023,2.808619797229767,0.9646928831934929,0.4869240075349808,2.395859600510448,0.2578076124191285,16.450258433818817,41.146674156188965,48.10597014427185,3.8885951042175293,2.705522656440735,0.9238486140966415,1.429449673742056,0.7003805041313171,0.9491700232028961,1.185542345046997,1.096267282962799,0.8599634170532227,0.5114894136786461,1.0849751979112625,2.032179057598114,0.7830920815467834,0.32628458738327026,8.765634596347809,0.4962622821331024,0.3555409908294678,0.7967814803123474,0.43460768461227417,0.0,0.2967126965522766,0.8158800601959229,5.1222978085279465,0.5993425250053406,0.6308507323265076,14.424708485603333,0.061146363615989685,0.02332175523042679,0.4588814377784729,0.3751424700021744,0.0,0.312960147857666,0.9801385924220085,0.0,0.06566669046878815,1.119460254907608,0.5176199078559875,10.478174909949303,0.011508390307426453,15.209378715604544,66.28388658165932,11.503377243876457,2.1422820165753365,6.186410471796989,1.8487621936947107,0.35078640282154083,17.836010694503784,0.5365369375795126,0.0,14.84517204761505,2.8958539851009846,12.091671321541071,0.05402212589979172,9.100636504590511,1.2758099623024464,5.220405116677284,3.60780905932188,5.798671877011657,0.0,1.3337091207504272,5.514636188745499,16.052196294069294,5.705828013829887,0.0,19.657536029815674,2.7951810769736767,1.8261369662359357,18.157602954655886,8.284669710323215,0.2570369467139244,1.472386211156845,2.6764685139060025,1.6820587869733572,11.170939080417156,4.653364811092615,17.028817176818848,6.430914670228958,10.515393637120724,11.270581889897585,8.420278057456017,43.95282983779907,14.37291719019413,0.8064464814960957,28.86852216720581,4.02008443325758,7.631163738667966
TEST_00+6일,9.430653154850006,73.72566971182823,7.64204540848732,5.310229182243347,0.5257141590118408,1.3036013171076775,10.561251044273378,12.820624709129333,1.7734031304717064,0.9774347543716431,0.657806284725666,0.35590819269418716,1.7077324390411377,5.365036845207214,34.86490872502327,2.560446858406067,46.22724151611328,0.3699246309697628,2.107298970222473,20.791224628686905,12.654520481824875,0.8900666832923889,0.2966275066137314,0.6066560670733452,3.0361873507499695,3.6657068878412242,6.635639816522598,81.5576061308384,6.998722851276398,3.8747691065073013,1.6527485623955727,5.2724751234054565,1.9711839854717255,1.3127523809671402,0.05336456000804901,0.15477582812309265,42.23054623603821,0.23870113492012024,1.253155767917633,36.931689858436584,14.196033358573914,1.420273631811142,0.4479200951755047,0.9748012945055962,0.40030941367149353,2.8251043036580086,0.20620252937078476,5.565725088119507,0.6522344648838043,3.4424357414245605,13.893865168094635,0.6018887609243393,5.507095992565155,0.4290185943245888,3.0654615461826324,0.5773312747478485,2.540386602282524,0.7515833303332329,1.2210197299718857,1.1096456870436668,9.255473852157593,4.705307073891163,7.209214597940445,13.79599040746689,4.5209987461566925,2.8373697698116302,0.7111445367336273,0.7510569095611572,2.127751499414444,0.9135907888412476,1.8196389079093933,4.45811003446579,0.26011399924755096,0.6266409382224083,2.4936696141958237,0.895773958414793,0.44224776327610016,2.1206220388412476,0.9335314631462097,3.715161681175232,3.10071037709713,1.2866721600294113,0.7009737193584442,0.9109759703278542,1.7058797478675842,2.3493678271770477,1.328748732805252,1.1922354698181152,2.4407231509685516,4.629363059997559,52.43731926381588,1.1556439772248268,2.9804189205169678,5.5713871121406555,0.8695427402853966,0.455850213766098,0.3469124138355255,0.5445264577865601,21.32101821899414,5.95079380273819,1.0348581969738007,0.5584461614489555,3.160123471170664,0.3375187516212464,18.15540699660778,71.03267109394073,50.02387046813965,5.227513313293457,2.798633947968483,0.9694345593452454,2.349597029387951,0.9545456618070602,1.3803954720497131,1.274096965789795,1.1034108102321625,0.8967693150043488,0.8080963343381882,0.9904635399580002,2.1735114604234695,1.9797180891036987,0.2877126410603523,14.434045225381851,0.2501614987850189,0.35237908363342285,0.6055202484130859,0.28858718276023865,0.0,0.2938472032546997,0.7329237163066864,1.8886138647794724,0.6251250505447388,0.519750714302063,17.662599682807922,3.1654986441135406,0.9805816933512688,3.2578556537628174,2.196328639984131,0.5356656312942505,2.2540614008903503,8.460204303264618,1.3763114511966705,0.6220168769359589,4.641026616096497,0.5884466171264648,11.16176687926054,0.6777118518948555,97.55314210057259,115.25032639503479,10.007594928145409,1.354917012155056,6.0898197889328,1.9293954130262136,0.2865220159292221,15.930474758148193,1.6347259283065796,0.0,21.925351828336716,5.705838426947594,12.272974848747253,1.0630629323422909,12.294137626886368,1.0783052667975426,7.12108501791954,2.7941090315580364,5.914139918982983,0.0,1.6971326172351837,8.21996659040451,17.851876586675647,1.2117028590291739,0.0,22.39884376525879,3.9066226948052645,2.64769028685987,23.247708037495613,11.145009165629745,0.0,1.4317219257354736,2.8524554390460257,1.5409880876541138,21.411695018410683,6.302681881934404,24.890871047973633,10.388154737651348,22.823907732963562,18.908060133457184,11.738205328583717,76.87754936516285,35.63897006213665,3.004578113555908,38.656551122665405,5.646315425634384,14.959908157587053
TEST_00+7일,9.012359321117401,9.882125068455935,11.819448709487915,9.180810928344727,1.8764930963516235,1.9745811223983765,2.355128943920137,12.406433820724487,1.6105239987373352,1.4497861862182617,0.662723109126091,0.8487762808799744,1.902567207813263,7.983538866043091,40.386221051216125,3.8055863976478577,20.944509029388428,1.1804545670747757,3.052403211593628,7.4033188819885245,5.472922898828983,0.7859941273927689,0.6571348160505295,0.9671288542449474,5.435854941606522,3.9957532659173007,6.713836491107941,24.157891497015953,7.658733367919922,5.171545177698135,2.620251104235649,5.7062530517578125,2.0037403255701065,1.089848779141903,0.21639320999383926,0.0,56.733054399490356,0.31194010376930237,1.2712974473834038,46.11709189414978,14.113903060555458,1.2391407042741776,0.3155047073960304,1.0802841782569885,0.5037859082221985,3.674532398581505,0.211448073387146,6.201862037181854,0.7137149386107922,4.99685175716877,20.093218088150024,0.5332623217254877,5.787982821464539,0.4482140578329563,3.6155783236026764,0.7091844230890274,2.4067713916301727,0.7516036443412304,1.0748201608657837,1.4400528371334076,17.39255714416504,8.443193659186363,15.462870806455612,15.867630988359453,6.996760815382004,3.7709952890872955,0.6786962449550629,0.8178654313087463,3.2165806591510773,0.5483382940292358,1.7539338767528534,3.7677787244319916,0.0,0.7259053364396095,2.6629436016082764,0.7318118121474981,0.43446628376841545,1.7635919451713562,0.9470796287059784,4.133412480354309,3.6438924968242645,1.1033311039209366,0.5930963158607483,0.9105453640222549,1.5325273275375366,1.93279929459095,1.4153740108013153,1.1306961178779602,2.5160250067710876,7.067159056663513,8.443412933498621,1.0813216641545296,4.625553131103516,12.07002967596054,0.7294347621500492,0.5597218498587608,0.30232441425323486,0.7327542304992676,16.821203231811523,12.972625494003296,1.1438000053167343,0.6502587497234344,3.8348967395722866,0.26862952113151556,178.50388073921204,4.827497348189354,58.710811614990234,5.146289348602295,2.843523547053337,0.9510422348976135,2.831580303609371,0.7862163335084915,1.6051132678985596,1.2921870946884155,0.617220863699913,0.9300044775009155,1.0915779992938042,0.9818608462810516,3.011198878288269,2.1709165573120117,0.33732766285538673,13.442001834511757,0.1378897726535797,0.3639761209487915,0.017007580026984215,0.20723506808280945,0.0,0.18133753538131714,0.3260098993778229,0.2146710455417633,0.33562931418418884,0.23942841589450836,12.245921790599823,6.18687891960144,2.1958514004945755,4.600869178771973,2.841789722442627,1.1992012411355972,3.4450281858444214,8.94564688205719,2.0937042832374573,0.9477663338184357,4.86629855632782,1.9423480033874512,12.172152042388916,0.8813701644539833,106.60924515128136,133.3344441652298,10.255973048508167,1.5163785517215729,6.038791038095951,2.6328378776088357,0.4122769832611084,20.188913345336914,0.42538787238299847,0.0,25.341476619243622,8.190995827317238,12.485412508249283,0.20045219734311104,11.610025763511658,0.7379072234034538,9.016989409923553,2.7998552843928333,6.4900497905910015,0.0,1.9642680119723082,9.335989505052567,16.830259494483474,3.19705618545413,0.0,20.639320850372314,4.1984845865517855,2.288929760456085,21.94506311044097,9.350235164165497,1.0430102497339249,2.6383469104766846,4.392826333642007,0.06143253296613693,28.48561418056488,8.808598630130291,36.23086738586426,13.14146275818348,28.4469064027071,23.791617661714554,10.291513875126839,110.9735257923603,61.49488806724548,4.670643240213394,54.96728038787842,11.046970188617706,25.271496966481212
TEST_01+1일,3.4839431047439575,6.728130709379911,13.431288301944733,3.580353766679764,0.30231964588165283,1.2691234946250916,0.0,3.429967522621155,3.705132931470871,0.14967912435531616,0.2354697324335575,0.4063980281352997,0.36717695742845535,1.8636099100112915,13.885661914944649,0.6916730105876923,5.481010437011719,0.3729401007294655,3.5478200912475586,11.6196092069149,2.536709263920784,0.49822305887937546,0.4831451028585434,0.7671013176441193,36.957958340644836,6.543529964983463,4.844364255666733,17.10020923614502,4.962216377258301,3.719099208712578,2.1676445975899696,5.272248029708862,1.744009256362915,1.2613128870725632,0.0,0.0,51.404799461364746,0.2900501489639282,1.5549305453896523,39.57490515708923,12.900613814592361,0.21013718098402023,0.11704010888934135,0.8463188782334328,0.5783300772309303,4.952066078782082,0.37892919033765793,3.549138367176056,0.5536842346191406,4.326726287603378,8.316765904426575,0.8524709939956665,8.739259243011475,0.389867328107357,1.7771559208631516,1.1792780756950378,1.4480880945920944,1.116880226880312,1.0794021785259247,0.8651691973209381,12.884004831314087,6.945212110877037,10.731085702776909,9.989935129880905,14.91357296705246,0.9634396135807037,0.38018281012773514,1.3972889184951782,5.390448361635208,0.8271616697311401,1.558411419391632,0.2133113332092762,0.17815068364143372,0.5888949148356915,2.7043870836496353,1.0054030157625675,0.37692323327064514,0.8634957075119019,0.8876895010471344,3.789138078689575,1.6952623128890991,0.5155077315866947,1.017957329750061,1.001465655863285,1.041979193687439,2.473333954811096,0.9773640036582947,1.5371779203414917,1.3123738467693329,4.073676586151123,5.873552348464727,1.4508255571126938,3.6546711921691895,12.603937089443207,0.6916873008012772,0.4892531782388687,0.43851929903030396,0.46122968196868896,26.74575424194336,7.650639176368713,1.2214582711458206,0.6791752576828003,7.55239974707365,0.3569765686988831,171.3028216958046,9.71734319627285,43.47861707210541,7.015846252441406,3.7561023831367493,1.7670921385288239,4.016273468732834,1.1741093546152115,1.9097603559494019,0.46008065342903137,0.3548712059855461,1.02470862865448,2.239087834954262,1.5480230450630188,4.058642745018005,2.295487403869629,0.19255941547453403,82.42858046293259,0.3805008828639984,0.3330655097961426,0.16396763920783997,0.2765635848045349,0.16636812686920166,0.05688484013080597,0.12614216655492783,0.8703450933098793,0.1797872930765152,0.1763613522052765,15.491440892219543,1.2206296771764755,2.316205009818077,1.85612154006958,2.6811322569847107,0.3342452012002468,3.9785949289798737,8.873330801725388,1.044730693101883,0.566543698310852,6.331413745880127,1.2379748821258545,11.51316636800766,0.0,10.190889837220311,17.13793098926544,10.101929493248463,1.237803854048252,7.339732993394136,1.1837436817586422,0.19206318072974682,15.239741325378418,1.9442461431026459,0.0,19.92373099923134,5.043124556541443,6.4651744812726974,0.12834155559539795,9.796329326927662,1.2091208957135677,8.086890816688538,2.9737665653228755,7.663329184055328,0.025741394609212875,0.9876114204525948,14.123736768960953,7.791673790663482,8.579640157520771,0.0,14.03586196899414,4.44502795021981,0.4151623025536537,10.151032879948616,8.87184707261622,0.7534378878772259,1.9850289970636368,5.645130276679994,2.2506052255630493,5.978804647922516,8.372123390436172,11.099588871002197,1.5861360430717468,11.669920958578587,8.466123878955841,0.0,45.056951977312565,32.01047033071518,4.614495608955622,31.664700984954834,2.1524600833654404,26.021079838275913
TEST_01+2일,3.766993895173073,6.784252814948559,7.280045807361603,1.6461032778024673,0.41715067625045776,1.1570004373788834,0.3494887948036204,4.04370903968811,2.8617292940616608,0.12300917506217957,0.22375529631972313,0.20525070279836655,0.6132208406925201,1.6411269307136536,6.695054367184639,0.5361321195960045,8.87382459640503,0.23850762844085693,1.6254940330982208,12.12450063228607,0.73935816437006,0.7101577594876289,0.7705977559089661,0.6987312063574791,33.78330194950104,7.767972908914088,4.784150406718254,23.786967054009438,4.070898413658142,2.863115608692169,1.2725844755768776,3.9470354318618774,1.760313093662262,1.2482268512248993,0.5600689351558685,0.0,44.33758723735809,0.286967396736145,1.4301682636141777,34.150166511535645,10.507615268230438,0.38847826421260834,0.0,0.4552968367934227,0.6311884224414825,3.252522721886635,0.36390237510204315,2.9318051636219025,0.5429296568036079,4.017484158277512,5.006105720996857,0.7597503960132599,8.447108209133148,0.4463450610637665,2.1981244683265686,1.0835065841674805,1.4613278731703758,1.0948427841067314,1.2576781511306763,0.5716419145464897,8.808797463774681,4.399332739412785,7.22234933078289,10.259222105145454,12.065526992082596,1.2498333379626274,0.6660733669996262,1.4510328769683838,6.5013598799705505,1.5129679441452026,1.4942243695259094,0.3436250612139702,0.23259390145540237,0.5888725854456425,2.797464206814766,1.303822137415409,0.3751116245985031,1.0178068578243256,0.5881352797150612,4.47700309753418,1.3292095884680748,0.3838140182197094,0.980716347694397,0.9318623878061771,1.0417799949645996,2.29603074491024,1.1555970162153244,0.948578417301178,1.4347306340932846,1.5333280116319656,4.217840755358338,1.5073218643665314,3.73646879196167,5.89476577937603,0.9463063329458237,0.4394375905394554,0.4179661273956299,0.1989634931087494,24.552623748779297,4.938986629247665,1.3166486620903015,0.7016499042510986,7.687236964702606,0.35432171821594244,9.391756992787123,7.958910681307316,50.660396575927734,5.3344831466674805,2.9072457402944565,1.682880476117134,3.8396157324314117,0.8966714143753052,1.5604133605957031,0.46192237734794617,0.2778800278902054,1.0387009978294373,1.9188900142908096,1.5705082342028618,6.0865159034729,1.3427832126617432,0.2833808809518814,8.608534038066864,0.5208418965339661,0.3324660062789917,0.032622262835502625,0.40819650888442993,0.1566086858510971,0.05380382016301155,0.24965239316225052,2.0612640157341957,0.030902579426765442,0.19891461730003357,6.657722592353821,1.7014364302158356,1.4455639570951462,1.0987739562988281,1.0885986685752869,0.0,5.218873858451843,5.5838048458099365,0.22585339844226837,0.2423401102423668,4.1759727001190186,0.9260318279266357,10.020431969314814,0.36350249499082565,0.0,38.73339638113975,10.924792170524597,1.4293654449284077,7.186041370034218,0.7358567789196968,0.31139031797647476,15.522992134094238,0.37143523804843426,0.0,17.247920215129852,3.6110087111592293,9.022829756140709,0.11948686838150024,10.060110408812761,1.3564889430999756,7.26668381690979,3.230252601206302,6.616132892668247,0.624057381413877,1.045864574611187,10.022461116313934,6.438827401027084,12.371175471693276,0.0,16.907443046569824,6.408136300742626,0.7096922658383846,14.519916769117117,11.169187553226948,0.5725519061088562,2.370159789919853,4.453058421611787,4.120691567659378,8.313684031367302,6.6768621653318405,9.22634482383728,1.391274880617857,8.887105002999306,12.924776930361986,0.0,34.560816679149866,23.183857016265392,3.291343376040459,27.412095546722412,2.974235214293003,5.472256556153298
TEST_01+3일,4.182093858718872,6.577272344380617,2.8546413481235504,1.6443860232830048,0.8119627833366394,0.935963898897171,2.2019427418708815,5.204771161079407,2.643012121319771,0.10971227288246155,0.0,0.1319391131401062,0.6774235367774963,1.3680920600891113,4.375079914927483,0.6047255173325539,6.9879469871521,0.42978863045573235,0.8183611482381821,16.34012022614479,1.6585089452564716,0.8982302248477936,0.8732737004756927,0.35696709528565407,28.733143508434296,6.338676810264587,4.8424666821956635,16.89033294469118,4.668123781681061,2.8570654541254044,1.444767538458109,3.6160547733306885,2.2374976873397827,1.0543925240635872,0.31582362949848175,0.026427656412124634,33.88356006145477,0.3508225679397583,1.3760657608509064,30.83943474292755,7.736217752099037,0.5531257018446922,0.32041129656136036,1.1493999883532524,0.506328359246254,1.8636379912495613,0.30081678181886673,3.730356067419052,0.5445276610553265,3.8270302563905716,5.560636788606644,0.7639354318380356,8.182281911373138,0.5009844079613686,2.8206276297569275,1.1738597452640533,1.5122649297118187,1.0646638125181198,1.1525912135839462,0.6381237730383873,4.802959926426411,3.0682553350925446,6.479407474398613,10.39776499569416,9.285802245140076,1.9386606216430664,0.5424094498157501,1.4204671382904053,4.193501383066177,0.11910736560821533,1.548244059085846,0.29263589531183243,0.30338190495967865,0.7729087024927139,2.756340801715851,1.5684620216488838,0.6382402405142784,1.8867786526679993,0.7856886684894562,4.730286955833435,1.043139025568962,0.35965847969055176,0.9190984070301056,0.8240488171577454,1.2194142937660217,2.0498738065361977,0.991767019033432,0.486461341381073,1.705507978796959,3.468403697013855,9.355779834091663,1.374737411737442,4.050882816314697,3.0236318707466125,0.8104742765426636,0.5636003986001015,0.4050307869911194,0.08754992485046387,32.54697799682617,3.3710496574640274,1.6757704317569733,0.7945950701832771,8.123882189393044,0.4197815656661988,4.757698023691773,9.896652698516846,39.627808928489685,3.4926605224609375,3.2623412013053894,1.3515644073486328,2.7467114850878716,0.5785109847784042,1.1112204194068909,0.4426571726799011,0.2499224692583084,1.0305474400520325,1.9081346243619919,1.4960900619626045,5.453250020742416,0.9278279542922974,0.198796845972538,7.023831948637963,0.491328626871109,0.2944375276565552,0.03581085801124573,0.45814913511276245,0.29025283455848694,0.12426697462797165,0.267545722424984,2.9473936557769775,0.03712204098701477,0.20570576190948486,10.200448334217072,2.0552289485931396,1.3147332072257996,1.2194862365722656,0.6071551144123077,0.2091984525322914,3.5755189955234528,5.229074880480766,0.34477608650922775,0.23540595173835754,2.244147777557373,0.8264830708503723,10.649677935987711,0.18472914397716522,18.58014217019081,42.310403734445565,10.843203820288181,1.5649860799312592,6.690638862550259,0.4824209585785866,0.30320750176906586,14.418679475784302,0.0,0.0,14.901809483766554,2.9778666608035564,7.208479642868042,0.1596486121416092,8.95431973040104,1.2436335869133472,7.010962665081024,3.0703670829534526,8.870603665709496,0.0,1.2498839870095253,8.380706459283829,9.88201753050089,10.20611974596977,1.4886836875230074,17.62643814086914,5.477239552885294,1.1267167199403048,19.52450830116868,7.882100787013769,0.4132559821009636,2.137930065393448,6.085845045745374,2.726265862584114,5.626908730715513,6.490793190896511,10.355022668838501,1.00878344476223,8.326143085956573,12.530925709754229,0.0,43.69134344160557,21.776995807886124,3.5618701186031108,29.09792399406433,4.085545867681503,13.323397547006609
TEST_01+4일,5.0949255377054214,9.922802343964577,4.814605936408043,1.9734600186347961,0.65882408618927,0.8286709412932396,2.8546745181083693,4.522557616233826,1.9572525471448898,0.005283879116177559,0.20837249234318733,0.21252154558897018,0.33812347054481506,2.129155457019806,10.174073562026024,0.8681097626686096,9.840468406677246,0.24582327902317047,1.2525983154773712,15.845264822244642,3.943046446889639,0.8133427277207375,0.5444350987672806,0.8364939540624619,16.64465034008026,5.980642139911652,4.8205137848854065,30.47002437710762,4.417250216007233,4.026359871029854,1.7860587872564793,3.747117519378662,2.2077806293964386,1.149589642882347,0.33350177109241486,0.11144030839204788,27.671298146247864,0.2656858563423157,1.2482036277651787,27.630969882011414,7.670036122202873,0.8550886809825897,0.28891004621982574,1.06324003636837,0.6235686913132668,1.5323780626058578,0.3048268146812916,5.422080457210541,0.5149795226752758,3.7467513233423233,4.811662539839745,0.7296357713639736,7.903670132160187,0.4345014989376068,3.6544872522354126,1.115584373474121,1.641130343079567,1.1888707354664803,1.315153330564499,0.7311798557639122,3.8719518780708313,4.411906599998474,6.067222014069557,11.55404292047024,7.013581618666649,3.0095303058624268,0.5668395459651947,1.409457802772522,1.64752596616745,1.107383668422699,1.6721081733703613,0.3621654585003853,0.4064891114830971,0.5878901928663254,2.7559098601341248,1.3084086142480373,0.39842091500759125,2.1632434129714966,0.8665510416030884,4.154819011688232,0.9197588860988617,0.6140391826629639,0.9575220197439194,0.8357928693294525,0.9620619714260101,2.0270203351974487,0.932504765689373,0.669166624546051,1.993202269077301,4.049968183040619,17.360293865203857,1.4641613364219666,3.304666757583618,2.986629083752632,0.9469900727272034,0.5296091362833977,0.43909674882888794,0.2721983790397644,27.961284637451172,3.1724279820919037,1.4645157605409622,0.7959176450967789,7.011940656229854,0.35018700361251837,9.743716266006231,10.039966940879822,29.715046405792236,3.1260764598846436,3.8048651218414307,0.8965930342674255,2.0737871527671814,0.491119921207428,1.0884789526462555,0.6497457027435303,0.1868080124258995,1.0505877435207367,2.0584422647953033,1.4112422689795494,3.385476976633072,1.1325404644012451,0.22424401342868805,22.298900425434113,0.35468658804893494,0.30317747592926025,0.04591089487075806,0.46872478723526,0.47691869735717773,0.2262182980775833,0.283824160695076,4.098088279366493,0.2631015479564667,0.20317086577415466,6.935155391693115,2.5387995541095734,0.7291974425315857,3.559933662414551,0.4691828042268753,0.5213584154844284,2.1495158672332764,5.584379658102989,0.3921659141778946,0.325171060860157,1.9057062864303589,1.5510762929916382,10.052264582365751,0.0,22.530133694410324,47.24742665886878,11.755079984664917,1.8096914514899254,7.094197642058134,1.2819557823240757,0.2551017142832279,14.917350769042969,0.158219737932086,0.0,13.495917826890944,4.1124077886343,10.945970993489027,0.15004078298807144,10.460421238094568,1.5797300525009632,7.148287832736969,4.181874476373196,8.27300813421607,0.0,1.5656431373208761,8.318161219358444,20.2098822016269,5.789210133254528,0.0,15.909154176712036,3.513809882104397,2.1942572006955743,17.735686995089054,9.493364142253995,0.9605274572968483,1.784838393330574,4.406263530254365,1.5701468288898468,7.7661023288965225,5.8358002826571465,11.785061359405518,6.323721632361412,12.95991100370884,16.620045490562916,0.0,66.77392069250345,30.390222743153572,5.271685894578695,30.717133045196533,5.12052521109581,15.171130031347277
TEST_01+5일,5.593182310461998,11.09225868433714,3.3558219224214554,1.7467631697654724,0.31532859802246094,1.131546750664711,5.304211348295213,4.03468930721283,2.3567556142807007,0.059280186891555786,0.4860694147646427,0.35610146820545197,0.1520366370677948,3.7606301307678223,19.581489264965057,1.464001089334488,12.736400127410889,0.2617422118782997,1.455692633986473,18.977282345294952,4.908485516905785,0.7434987798333168,0.2991674244403839,0.5415192022919655,12.081976771354675,4.509660042822361,5.104899153113365,25.156988859176636,4.834316670894623,4.645032986998558,2.424266442656517,4.5420241355896,1.7348060458898544,1.1794417202472687,0.0,0.0,26.636971175670624,0.0674784779548645,1.3804534077644348,29.414544343948364,8.937471374869347,0.8698365092277527,0.27170898392796516,1.0217714756727219,0.5117517001926899,1.4121645279228687,0.390167236328125,5.608189642429352,0.5392192378640175,4.081067800521851,5.66960009932518,0.7250320091843605,7.7283207178115845,0.5128518082201481,3.489657461643219,1.0721690654754639,1.8773920238018036,1.200502097606659,1.1462365239858627,1.2566146180033684,3.6545652896165848,5.833793878555298,8.349721282720566,11.522410333156587,5.896473079919815,4.985099494457245,0.7162228971719742,1.5053316354751587,3.3993609249591827,0.520368218421936,1.4331138134002686,0.34813168458640575,0.7280419021844864,0.5635406970977783,2.7642273902893066,1.3592080771923065,0.6213017553091049,2.5521098971366882,1.050715908408165,4.436818242073059,1.5978238880634308,1.0031736642122269,0.9257388114929199,0.8017447404563427,1.1152076125144958,1.8117201626300812,1.0110920891165733,1.2853529155254364,2.3647140115499496,3.361799955368042,20.29226215183735,1.5138218253850937,2.8634536266326904,2.1883250772953033,0.8575762324035168,0.5283494293689728,0.42679792642593384,0.43308478593826294,32.39099884033203,3.8668354004621506,1.327010840177536,0.7419810071587563,6.652582371607423,0.3377785682678223,9.25551824271679,9.847707092761993,31.98351216316223,3.974205493927002,3.9838264882564545,0.755707710981369,2.095940336585045,0.6187412887811661,1.0542454719543457,0.9031513929367065,0.26124047487974167,0.9147534370422363,2.8283384442329407,1.522395797073841,0.742376297712326,1.1274536848068237,0.32628458738327026,25.57042968273163,0.2374953329563141,0.26695895195007324,0.17375881969928741,0.5019422769546509,0.1671159863471985,0.36947762966156006,0.19174817204475403,4.4666779935359955,0.3816673159599304,0.174852192401886,17.66984313726425,2.9588525593280792,1.1466772109270096,6.897436618804932,0.3113582171499729,0.6409908682107925,1.7085438072681427,8.660904318094254,0.4731413573026657,0.5951705127954483,2.194093108177185,2.961444139480591,10.008663296699524,0.011508390307426453,15.654732126742601,60.68551063537597,12.906228348612785,2.1185515746474266,7.221429646015167,1.8487621936947107,0.35078640282154083,20.148149728775024,0.5224477965384722,0.0,13.637337014079092,6.717572659254074,12.084735352545977,0.05402212589979172,11.416026093065739,1.9428629986941814,8.083392262458801,3.730752401053905,8.433978393673897,0.0,1.2761029154062271,10.21155297756195,16.052196294069294,5.845794978551567,0.0,19.072110414505005,3.2943697962909937,1.9733566688373685,17.476821471005678,8.473154986277223,0.2872207462787628,2.2286216616630554,2.983565336093307,1.7605133261531591,7.980266645550728,6.524518560618162,19.112611770629883,8.495789542794228,20.467823684215546,17.62439788877964,4.968441128730774,68.65710638463497,29.738261997699738,6.586410734802485,32.33280420303345,4.471747800707817,15.583391785621645
TEST_01+6일,5.079880520701408,11.25154310837388,3.1490257680416107,2.9223255962133408,0.1975836157798767,0.8713546469807625,5.086643517017365,4.072857737541199,3.426317721605301,0.0,0.10267761535942554,0.6978731453418732,0.29980140924453735,4.779370069503784,33.21604737639427,1.6130059957504272,13.823900699615479,0.5915284231305122,1.7031081765890121,14.753212094306944,4.628242366015911,0.4538462944328785,0.2712564915418625,0.6058412007987499,6.247758269309998,4.480201564729214,5.003041639924049,2.0177289061248302,4.749630153179169,4.554276213049889,3.0011806190013885,5.2531410455703735,2.169497489929199,1.30657596886158,0.1562679186463356,0.15477582812309265,28.187944769859314,0.23870113492012024,1.4269168674945831,29.471409559249878,11.966631695628166,1.0039560496807098,0.4479200951755047,0.9948840513825417,0.3970804139971733,2.548443652689457,0.37620242685079575,5.043292462825775,0.5285072773694992,4.466970518231392,4.887797445058823,0.7485042475163937,7.543766498565674,0.447808675467968,2.6316847801208496,1.021626591682434,1.8500226140022278,1.1914893314242363,1.220219761133194,1.5554391369223595,6.628624677658081,8.2135771214962,14.09216445684433,10.668969362974167,7.013618499040604,5.302072376012802,0.6235633045434952,1.5281498432159424,3.444911479949951,0.9102016687393188,1.4935705065727234,0.29179416596889496,1.186869814991951,0.6249360591173172,2.5957091152668,1.2393210791051388,0.34201763570308685,2.2646312713623047,0.927181601524353,4.832982659339905,3.019419565796852,1.139679729938507,0.9116793423891068,0.8315179869532585,1.1419132947921753,2.1521815210580826,0.9698148369789124,2.1252325773239136,2.2985648810863495,5.03208589553833,16.97242607176304,1.5021071434020996,2.4776594638824463,2.4458443745970726,0.8715737164020538,0.5338937044143677,0.3850128948688507,0.6915165185928345,29.958209991455078,6.126704096794128,1.3217727541923523,0.6957832500338554,6.917732609435916,0.4037964046001435,1.4290068484842777,11.953506410121918,27.689636528491974,5.13728141784668,4.235251247882843,0.7712955698370934,2.589968964457512,0.932377278804779,1.4679030776023865,1.1872626543045044,0.4296337366104126,0.8849589228630066,2.952002227306366,1.5476013273000717,0.558555394411087,1.3293689489364624,0.2877126410603523,24.86641612648964,0.20325696468353271,0.272611141204834,0.4142199158668518,0.4830147325992584,0.0,0.44174283742904663,0.11304887384176254,2.3876189291477203,0.4603431224822998,0.11318958550691605,24.022176861763,1.779858410358429,2.1139533668756485,6.328347682952881,0.7854966074228287,0.58922378718853,1.2499352842569351,11.32499873638153,1.5437235832214355,0.7912870645523071,3.712616801261902,1.8122320175170898,10.222513910382986,0.6777118518948555,58.10531818121672,42.617132216691964,11.580733492970467,1.321918498724699,6.726109176874161,1.9293954130262136,0.2865220159292221,17.852795124053955,1.626767311245203,0.0,16.190069630742073,6.958329528570175,12.267002128064632,1.0630629323422909,13.67100365459919,1.7053374201059341,9.629715204238892,2.852169536054134,8.797170247882605,0.0,1.6355801448225975,13.481251895427704,17.851876586675647,1.4215614348649979,0.0,22.00665855407715,4.109118377789855,2.8175854068249464,21.395023725926876,11.385018061846495,0.0,1.5684859454631805,3.189027072861791,1.8153616786003113,12.634821839630604,7.654296215623617,19.200007438659668,9.814509086310863,23.959561854600906,16.904532954096794,4.605955705046654,73.07554192841053,38.172504901885986,6.240934416651726,33.296194314956665,3.163460299372673,35.311834037303925
TEST_01+7일,3.8164709508419037,9.98470015078783,8.67962172627449,6.408151388168335,0.1804223358631134,1.0981214940547943,3.200814157724382,3.7209776043891907,3.6789441406726837,0.056419551372528076,0.2069959044456482,0.8050684332847595,0.46381960809230804,3.4585729837417603,30.44555801153183,1.297650784254074,15.416104316711426,1.1550370752811432,2.7617078125476837,7.592761605978011,3.516112893819809,0.2772213742136955,0.3451036065816879,0.9661374874413013,7.67223984003067,4.282368533313274,5.155857011675835,0.0,5.336925387382507,3.929183140397072,3.2229898124933243,4.929201006889343,2.198162093758583,1.1168392971158028,0.23361030966043472,0.0,32.985774993896484,0.31194010376930237,1.4450034499168396,29.769263744354248,13.776563972234726,1.1461464315652847,0.3155047073960304,1.1238831281661987,0.511265903711319,4.385936737060547,0.38097262382507324,3.029015600681305,0.6758095435798168,4.190912947058678,4.637232735753059,0.6889331620186567,7.134756982326508,0.46455729380249977,2.0823552310466766,1.0829572677612305,1.4020360261201859,1.1295372694730759,1.0750984400510788,1.295164793729782,8.680552646517754,9.100306034088135,15.424366861581802,9.301440984010696,8.797487318515778,3.597851276397705,0.6136510670185089,1.530733346939087,1.934168517589569,0.5461639165878296,1.4645050466060638,0.5075447261333466,1.0836469382047653,0.7249413505196571,2.7691952884197235,1.161650910973549,0.32976994290947914,1.7060156464576721,0.8938785195350647,5.143750190734863,2.5875504463911057,1.1507815271615982,0.7825846970081329,0.8464039117097855,1.1222288310527802,2.2444020211696625,1.0954185724258423,2.5960761308670044,2.3290426582098007,6.921441912651062,14.47119439393282,1.4070639610290527,2.1081669330596924,7.107254937291145,0.7295514084398746,0.5691555887460709,0.37491095066070557,0.7770023345947266,23.372318267822266,8.4209703207016,1.3901371657848358,0.6762005984783173,7.613705862313509,0.3207284808158875,135.78962343931198,11.878390699625015,34.434755086898804,6.579586982727051,3.8515427112579346,1.20646832883358,3.18419486284256,0.9546785801649094,1.8988008499145508,1.464050054550171,0.4831353574991226,0.9278985857963562,2.638642966747284,1.4355971962213516,2.0312767326831818,2.3887109756469727,0.33732766285538673,41.44797199964524,0.27168333530426025,0.29253315925598145,0.4561697244644165,0.33830729126930237,0.12264760583639145,0.32961559295654297,0.19671915471553802,0.4373674616217613,0.3793664276599884,0.1149497926235199,13.935758173465729,1.0414382219314575,3.223184049129486,2.869450330734253,2.2396838665008545,0.554599329829216,1.5167586207389832,9.976939857006073,2.393459379673004,1.2626726031303406,5.303806185722351,1.206345796585083,10.074273493140936,0.8813701644539833,52.44496536254883,43.174440860748284,11.504594564437866,1.475159553810954,6.517854392528534,2.6328378776088357,0.4122769832611084,21.079723119735718,0.41906037367880344,0.0,17.031431928277016,5.970680862665176,12.475726269185543,0.20045219734311104,12.840849310159683,1.3357011079788208,10.529108107089996,2.554777219891548,8.000639766454697,0.0,1.8895679041743279,13.06078165769577,16.830259494483474,3.3927284963428974,0.0,20.889453411102295,4.308539696037769,2.465410329401493,19.850870329886675,9.653347812592983,1.0717588290572166,2.1296797394752502,4.677840746939183,0.8326301351189613,12.679418794810772,8.725241124629974,17.64037799835205,7.0895531587302685,21.787619829177856,14.159715194255114,2.5643370300531387,62.675427719950676,38.443963676691055,7.377417292445899,40.07235884666443,2.953244134783745,47.41316831111909
TEST_02+1일,6.089872479438782,15.816825963556767,11.340800702571869,9.462258279323578,1.3059730529785156,1.6926400065422058,0.0,0.3107675537467003,2.177417606115341,0.20522594451904297,3.1680308282375336,0.9206530451774597,1.4964699447154999,5.969941794872284,42.40509080886841,1.0100676119327545,0.5112905502319336,1.2413561195135117,1.6707198321819305,12.73206380009651,0.0,4.465482145547867,3.2597501277923584,0.7669803891330957,8.372761309146881,6.131197325885296,2.8798812925815582,1.4265156537294388,9.503788113594055,6.020150899887085,5.8419013023376465,6.367442607879639,1.629141628742218,1.3048476427793503,0.0,3.8269788026809692,67.35046851634979,4.713948011398315,1.2331478297710419,40.780760288238525,24.05532631278038,1.8562659621238708,0.11704010888934135,0.8784622736275196,0.6404195800423622,2.779765158891678,0.40169592946767807,3.4595298767089844,0.7433988228440285,7.828530043363571,26.18297576904297,0.8301360085606575,6.249278783798218,0.629073366522789,2.9979492723941803,1.2471656799316406,1.5910933315753937,1.2554161697626114,1.0794822424650192,0.9914819002151489,21.002828031778336,15.150707066059113,17.355716586112976,18.140975952148438,9.39436599612236,1.7168581187725067,0.35697171092033386,1.2699462175369263,1.912874385714531,0.8267855644226074,1.8444089591503143,0.15586433000862598,2.105487883090973,0.5886893235146999,3.2505856454372406,1.4425016306340694,0.4735187441110611,2.652114450931549,1.0717172026634216,4.437604665756226,2.3077960312366486,1.360367327928543,0.7879102230072021,0.8184656873345375,1.159065842628479,1.74532350897789,1.172022633254528,2.803391396999359,3.055327534675598,3.8001826405525208,0.0,1.3998675346374512,6.833576202392578,0.5576127395033836,0.6916344277560711,0.5823724716901779,0.3198917508125305,0.422516405582428,16.01987648010254,14.033025979995728,0.26128760911524296,0.12733302637934685,4.099179431796074,0.2102919220924378,239.0309213399887,0.0,43.152706146240234,5.745084762573242,5.08294153213501,3.009192645549774,4.982111230492592,0.5710820481181145,1.7313140630722046,0.6930747032165527,0.4243151396512985,0.6711099743843079,3.530885696411133,1.4956606924533844,2.0205668061971664,1.0249216556549072,0.3922821655869484,0.0,0.1521231234073639,0.1424720287322998,0.031775958836078644,0.07600511610507965,0.03604710102081299,0.07271108031272888,0.03857551887631416,0.4379897341132164,0.23714740574359894,0.0,15.16946256160736,4.429354131221771,2.22153440117836,3.213913917541504,5.695706605911255,0.9049992263317108,1.6988146305084229,10.11812835931778,2.586085081100464,0.2974291518330574,4.154597640037537,1.3831158876419067,14.04021117836237,0.0,18.34923130273819,36.800139099359505,9.701835505664349,1.2500506527721882,6.271450877189636,1.1837436817586422,0.19206318072974682,15.816096305847168,1.9422931596636772,0.0,18.93096722662449,9.151334539055824,6.465187557041645,0.12834155559539795,13.756434246897697,1.6413074806332588,8.509484708309174,2.5461280457675457,6.460529834032059,0.0777200348675251,1.1497312411665916,17.242349535226822,8.245666071772577,8.892531216144562,0.0,13.631753921508789,6.884480696171522,0.5673520937561989,9.071131385862827,9.131536569446325,0.7641853615641594,3.289257913827896,6.8097015768289575,2.324259430170059,85.72204875946045,22.67423927783966,106.8870964050293,24.691429138183594,25.910245686769485,84.35008391737938,51.069591641426086,273.31025406718254,100.86215794086456,8.271386664360762,114.48945808410645,22.487807035446167,51.83933019638062
TEST_02+2일,4.9705023765563965,38.70138908922672,1.9534385576844215,5.08971232175827,0.6227462887763977,1.4055590778589249,5.564777135849,0.0,2.2030957862734795,1.083351969718933,0.7303483597934246,0.31276776641607285,0.11472751200199127,3.327103018760681,33.136940985918045,0.09547397494316101,23.642516613006592,0.896776095032692,0.39669717103242874,28.6316744685173,3.960387520492077,4.5662305653095245,0.36594966799020767,0.6988573595881462,7.5247311890125275,7.213572598993777,2.3932541459798813,0.0,9.165122985839844,4.4321109354496,5.8910965621471405,3.645243287086487,1.650767982006073,1.2533215582370758,0.0,8.215588331222534,47.1049941778183,5.121716022491455,1.2886740267276764,31.141113758087158,30.00000610947609,2.061619311571121,0.0,0.46901507303118706,0.7771725803613663,1.9407201409339905,0.3989242762327194,6.974564552307129,0.767667256295681,4.77364382147789,25.898064732551575,0.6970340646803379,5.806667625904083,0.6836415007710457,1.8935749232769012,1.1554369032382965,1.6328326016664505,1.257007174193859,1.2573871314525604,0.8040688894689083,24.917132198810577,17.780792713165283,21.51559841632843,17.78897899389267,9.910268783569336,2.7057637125253677,0.6376407444477081,1.3081960678100586,1.1430017799139023,1.5125703811645508,2.178109288215637,0.37634745240211487,1.3073816895484924,0.5887260362505913,3.4353169798851013,1.3803823739290237,0.4526336118578911,1.5532071590423584,0.7485940381884575,4.022311091423035,2.1154167875647545,0.9906779900193214,0.8283285796642303,0.9980190172791481,1.1641457676887512,1.4033610373735428,1.3193812817335129,2.5782968401908875,3.0578088462352753,3.3425214290618896,2.548734173178673,1.4912115335464478,6.166005611419678,1.4358030818402767,0.9460031092166901,0.5329131335020065,0.2818846106529236,0.18411311507225037,13.567155838012695,12.294009268283844,0.23781833052635193,0.10937016271054745,4.396811053156853,0.23327219486236578,356.9846519231796,38.474009692668915,38.9816660284996,4.427667140960693,3.6602397561073303,3.0291139483451843,4.541394114494324,0.8756405115127563,1.7115890979766846,0.6690057516098022,0.5140844285488129,0.6204159557819366,2.56608384847641,1.492315135896206,2.178056985139847,0.8384575843811035,0.5022146925330162,14.7153300344944,0.09540634602308273,0.1479414701461792,0.17817866802215576,0.5360680222511292,0.051381003111600876,0.2467121183872223,0.030349155887961388,1.241953693330288,0.5067922472953796,0.05554613471031189,5.400708317756653,1.7322319447994232,0.7568308413028717,1.6969493627548218,0.643155574798584,0.17255928367376328,0.40844035148620605,10.074712336063385,0.5543629378080368,0.2538033127784729,2.1393705010414124,1.114060878753662,14.342704854905605,0.36350249499082565,0.0,29.81008484959602,11.112972557544708,1.4423887766897678,7.023980483412743,0.7358567789196968,0.31139031797647476,16.2510027885437,0.37932973355054855,0.0,21.171510100364685,8.371723294258118,9.02280941605568,0.11948686838150024,14.176383912563324,2.093077078461647,11.541051089763641,2.87958151102066,5.8969343192875385,0.6823014160618186,1.2129572108387947,20.16944110393524,6.626338491216303,12.980644840747116,0.0,16.411250114440918,8.771376349031925,0.8761257827281952,13.826124235987663,11.297932751476765,0.6140569970011711,3.5290431082248688,5.573043897747994,4.313217401504517,96.94167292118073,24.755004569888115,93.50533676147461,25.50053521990776,22.623770162463188,107.722322255373,52.801885306835175,215.03645360469818,130.49402385950089,13.273452371358873,118.5063648223877,18.489327371120453,57.753763675689704
TEST_02+3일,4.420449316501617,45.746464133262634,4.838277384638786,1.0823173969984055,0.23678463697433472,0.8088029101490974,3.997966766357423,0.0,3.4595740884542465,1.4710386991500854,0.710318461060524,0.0,0.3759959042072296,1.0299483686685562,13.257839530706406,0.32461877912282944,14.904619216918945,0.660034142434597,0.544176422059536,35.22529900074005,7.72560665756464,1.5627750381827354,0.1528794765472412,0.3569057285785675,5.543988712131977,5.48284538090229,2.0574969202280045,21.066399805247784,9.98331093788147,2.4717768877744675,4.644862532615662,3.1573212146759033,2.136510133743286,1.0706991702318192,0.0,11.128931045532227,36.79866969585419,4.982366323471069,1.3785183057188988,25.531278014183044,19.858733117580414,1.9597981870174408,0.32041129656136036,1.1290367096662521,0.598296046257019,1.774341233074665,0.33726993948221207,7.989663243293762,0.7648378536105156,3.334801882505417,19.700738787651062,0.6857639253139496,6.158196866512299,0.7645510733127594,1.4178993701934814,1.2855783998966217,1.5198334902524948,1.2687506526708603,1.1525500416755676,0.6555472835898399,17.48082172870636,14.417206048965454,18.2679061293602,16.43280601501465,6.632424965500832,3.5185883045196533,0.5334661602973938,1.2318660020828247,1.3587663024663925,0.1187741756439209,2.47518390417099,0.3141278401017189,0.05804877728223801,0.7730414718389511,3.470417484641075,1.6555896922945976,0.7586010172963142,1.280463695526123,0.9160202145576477,2.205900549888611,1.4612124785780907,0.4087091088294983,0.7608614861965179,0.8764848858118057,1.3042475581169128,1.3805974572896957,1.2147848531603813,0.9433798491954803,2.8993507623672485,2.8417725563049316,22.612887017428875,1.3720123618841171,5.4982781410217285,1.5695186704397202,0.810648113489151,0.6631618738174438,0.30948108434677124,0.14595334231853485,18.506330490112305,10.913130939006805,0.19933225214481354,0.1529941689223051,4.866092391312122,0.30761283636093145,254.64316499233246,39.2372162938118,18.290497183799744,3.6759138107299805,3.9938299357891083,2.181676059961319,3.3719342201948166,1.0625236481428146,1.6804615259170532,0.6840709447860718,0.4764745384454727,0.43854930996894836,1.7198930382728577,1.4485434666275978,2.727200925350189,0.9464056491851807,0.47590599209070206,7.824709609150887,0.16214600205421448,0.17574083805084229,0.2325417846441269,0.647472083568573,0.012406885623931885,0.4174965023994446,0.10597167536616325,1.2967980466783047,0.5921328067779541,0.28999215364456177,7.823348045349121,1.399501010775566,0.41401366889476776,1.3834853172302246,0.9080629050731659,0.0,0.31699006631970406,9.205851703882217,0.48928213119506836,0.27103324234485626,0.8947331607341766,0.5220714211463928,13.497548773884773,0.18472914397716522,12.647483125329018,13.904816359281536,10.506328828632832,1.5898784548044205,6.464559219777584,0.4824209585785866,0.30320750176906586,14.299127340316772,0.0,0.0,18.32387775182724,4.9945979565382,7.208470925688744,0.1596486121416092,12.506709285080433,1.8235046900808811,11.227671205997467,1.893366403877735,7.66038753837347,0.0,1.3767224662005901,15.389967560768127,10.050038367509844,10.431262560188769,1.4886836875230074,17.174665451049805,7.197230122983456,1.2973261065781116,18.554047517478466,8.14633259177208,0.46495095640420914,2.5137261152267456,6.765883870422841,2.8641406446695328,46.40393856167793,24.759797155857086,39.53842735290527,12.508657239377499,14.76652392745018,42.75788003206253,28.79569947719574,73.42744924128056,51.59635663032532,10.781216070055962,19.13806986808777,11.459035098552704,18.95702964067459
TEST_02+4일,5.335054263472557,89.72052696347237,3.96317820250988,1.8899369537830353,0.11231808364391327,0.34095922112464905,8.019356936216356,0.0,3.1030752807855606,0.8167082667350769,1.3820730149745941,0.1596941202878952,0.5796055644750595,1.2678577899932861,12.14412733912468,0.464671328663826,26.506110191345215,0.5222412794828415,0.6869264021515846,33.97101804614067,7.277760833501816,0.6482691168785095,0.43417297303676605,0.8365745097398758,2.2895134910941124,4.721348360180855,3.0829091370105743,9.816973738372326,9.44527292251587,2.243191882967949,4.010991647839546,3.6037391424179077,2.095288723707199,1.2045937851071358,0.0,6.681428551673889,32.86462652683258,4.994325041770935,1.190795861184597,23.528218626976013,10.14942416548729,1.9671769440174103,0.28891004621982574,1.0579070374369621,0.644813098013401,1.8447892218828201,0.3625097870826721,4.956940591335297,0.7164812870323658,3.466995492577553,16.948086202144623,0.6176723539829254,5.876866936683655,0.5854094177484512,1.1631677001714706,1.2068436741828918,1.3394878506660461,1.2077112346887589,1.314938485622406,0.5105769596993923,12.88421756029129,9.450085535645485,11.584184646606445,17.287559807300568,4.441931918263435,3.5605975091457367,0.5711047947406769,1.182265043258667,1.6719125658273697,1.107313483953476,2.4789240956306458,0.30527543276548386,0.01827716827392578,0.5882211104035378,3.594145327806473,1.2474766373634338,0.5345407873392105,1.775330364704132,0.8906059563159943,1.6608856916427612,0.6411200910806656,0.28893107548356056,0.83389051258564,1.0028526932001114,1.1593984365463257,1.3156939893960953,1.1944814696907997,0.3612179830670357,2.570531904697418,2.764937400817871,22.78895553946495,1.4346635937690735,4.487525463104248,3.0817098543047905,0.9474107921123505,0.6418462097644806,0.3922231197357178,0.4168766438961029,18.732433319091797,10.298134446144104,0.31606467068195343,0.1747286580502987,4.141735453158617,0.24314254522323614,78.96756947040558,39.36138200759888,6.71271738409996,3.8485801219940186,4.783637762069702,1.2453279495239258,2.9392696917057037,1.0246382653713226,1.7263981103897095,0.6460870504379272,0.4752429574728012,0.3953966796398163,1.2476399838924408,1.3839268907904625,3.281206339597702,0.8301215171813965,0.5745321959257126,12.885434001684189,0.32222023606300354,0.1838245391845703,0.30758440494537354,0.597270131111145,0.0,0.6376099586486816,0.11265606433153152,1.1197393760085106,0.6925530433654785,0.47331011295318604,2.237820625305176,0.7068282291293144,0.17535388469696045,1.0193017721176147,1.2434811890125275,0.0,0.17663177847862244,8.64977240562439,0.3966337591409683,0.21669012308120728,0.9880144000053406,0.28484001755714417,12.319744817912579,0.0,17.88961797952652,25.380372703075405,10.867808863520622,1.8351507782936096,6.64516032114625,1.2819557823240757,0.2551017142832279,13.626460075378418,0.25752391666173935,0.0,14.50876550376415,1.7870217561721802,10.945955011993647,0.15004078298807144,9.740783590823412,2.149284701794386,9.023109287023544,3.0610087215900417,5.631125159561634,0.0,1.719924135133624,9.424684792757034,20.39009917341173,5.979152815416455,0.0,15.44593095779419,4.899887189269066,2.3114515962079167,16.90009006112814,9.510694505646825,0.9451826810836792,1.4398188292980194,5.201368317008019,1.5394818782806396,15.621289283037186,21.563223153352737,32.27300262451172,3.666900619864464,7.609179496765137,25.326524540781975,7.338077947497368,100.44971585273743,26.650294214487076,6.859303276985885,3.489938974380493,7.844904989004135,13.698725402355196
TEST_02+5일,7.176082402467728,101.99402412772179,2.2061626613140106,2.074212372303009,0.24889148771762848,0.433544859290123,19.370388805866245,0.0,2.775668680667877,0.2493996024131775,1.2858914583921432,0.2805737480521202,0.7555131912231445,2.0793539583683014,8.432682886719704,1.0000477731227875,53.52828025817871,0.5137462168931961,0.8644431754946709,31.270202994346615,12.354860380291939,1.502035304903984,0.4851122349500656,0.5415887385606766,3.2538773864507675,3.097199834883213,2.977610394358635,29.539946258068085,9.972962737083435,2.615494877099991,3.919817492365837,4.190985918045044,1.6305853873491287,1.2448784857988358,0.0,4.68356192111969,33.915539503097534,4.894313335418701,1.5610093250870705,25.34791374206543,4.474983014166355,1.9531279802322388,0.27170898392796516,1.0185321941971779,0.5638849772512913,1.79766995459795,0.44469423592090607,2.2210828214883804,0.7476398274302483,2.529407002031803,15.886030673980713,0.5541954264044762,5.634113073348999,0.5887327417731285,1.6982578039169312,1.0777355432510376,1.473988100886345,1.1570026576519012,1.1458207815885544,0.6957821995019913,13.068030774593353,6.096447855234146,7.419789373874664,18.31798642873764,5.160641558468342,2.8212951719760895,0.7355763763189316,1.2091816663742065,1.7386261075735092,0.520174503326416,1.7156043648719788,0.3089228179305792,0.7285661995410919,0.5636412799358368,3.58593687415123,1.5572715774178505,0.7703089714050293,2.228912830352783,1.0370996296405792,2.2635242342948914,1.0758512169122696,0.5716149508953094,0.7710173726081848,0.8489452488720417,1.294416904449463,0.9247669726610184,1.2710172608494759,1.8185498714447021,2.623323291540146,3.043549492955208,36.845813900232315,1.5324411690235138,5.15243673324585,7.301910072565079,0.857701301574707,0.624634250998497,0.45905351638793945,0.6008802652359009,21.49311065673828,10.930992007255554,0.2318999357521534,0.19940167665481567,4.050645148381591,0.24077612161636358,47.2202684879303,37.176159739494324,0.0,5.050889492034912,4.885789543390274,1.0490092933177948,3.163006901741028,0.8649568259716034,1.544052243232727,0.6251099109649658,0.4776543080806732,0.6804310083389282,2.2527414858341217,1.5085440054535866,3.171534150838852,0.7337021231651306,0.5660369247198105,17.980296432971954,0.39075854420661926,0.19376850128173828,0.4928797483444214,0.7513892650604248,0.0,0.7729607224464417,0.11558539420366287,1.1137600503861904,0.8221878409385681,0.5209147930145264,13.510501384735107,1.672979712486267,0.060685548931360245,1.1142704486846924,2.1268947422504425,0.01503082737326622,0.26066163182258606,8.48461538553238,0.8908885717391968,0.668764740228653,1.319848895072937,0.2624553442001343,12.384856671094894,0.011508390307426453,5.651537712663412,63.48049983382224,11.644806817173958,2.1422820165753365,6.295825731009245,1.8487621936947107,0.35078640282154083,17.746299028396606,0.6446148734539747,0.0,9.404239982366562,2.0159433595836163,12.08474988117814,0.05402212589979172,9.082151353359222,2.2704038619995117,6.86345037817955,3.019234232604503,3.9162319768220186,0.0,1.4064812064170837,6.128764897584915,16.28075216710568,6.211729357950389,0.0,18.238401412963867,3.8215089105069637,2.000099857337773,16.23679479211569,8.559369795024395,0.2512645125389099,1.6514301002025604,4.239782303571702,1.7432117369025946,34.72701083123684,18.66592824459076,52.497602462768555,7.640413969755173,12.25960985571146,55.05510737001896,12.490011900663376,135.40462367236614,67.03700333833694,5.485894370824099,62.33043098449707,14.822746485471725,23.60754838585854
TEST_02+6일,7.411464363336563,22.295287773013115,6.045080840587616,0.2951738014817238,0.23879596590995789,0.47144509851932526,13.623295545578005,0.0,2.530575007200241,0.27967071533203125,1.4306777715682983,0.2601967379450798,1.106134057044983,3.092520922422409,14.391240164637566,1.2393473088741302,37.00110054016113,0.20368759334087372,1.6769037991762161,19.63140034675598,15.44054365158081,1.4142029136419296,0.266376256942749,0.6056333519518375,2.7501692175865173,2.979317307472229,3.950307995080948,53.587583631277084,9.764921426773071,3.5805234909057617,4.226866349577904,7.269932270050049,2.0434772968292236,1.3606720715761185,0.0,3.587161898612976,43.308101415634155,4.962056636810303,1.7945294827222824,29.568535566329956,8.08063493669033,1.9932757318019867,0.4479200951755047,0.9966638311743736,0.3371972180902958,1.9533497914671898,0.436919741332531,1.9224904626607895,0.721720602363348,0.5059094745665789,14.90329509973526,0.5936798993498087,5.566393733024597,0.555895060300827,2.349917382001877,1.06679767370224,1.3843600079417229,1.104508500546217,1.2207808792591095,0.7941049113869667,14.050763040781021,5.320337601006031,6.24156878888607,19.42529857158661,6.575736477971077,2.2272080779075623,0.6539040505886078,1.1915688514709473,2.5088144689798355,0.9101539850234985,1.3237088918685913,0.3437293693423271,0.7106216996908188,0.6254512444138527,3.4502289444208145,1.7615659832954407,0.4451870173215866,2.821385979652405,0.9259098768234253,3.2391085624694824,3.475784197449684,0.9389969855546951,0.7932493835687637,0.6504467502236366,1.385684072971344,0.7719320207834244,1.262382909655571,3.538559675216675,2.4206210523843765,2.9335106015205383,43.65515376627445,1.4909940212965012,5.375095844268799,11.99230968952179,0.871639683842659,0.617654025554657,0.39365991950035095,0.8141776323318481,21.22458267211914,12.344853579998016,0.24163387343287468,0.22155489772558212,4.57631298340857,0.32688835263252264,24.2560975253582,75.67710864543915,0.0,6.389382362365723,5.224582135677338,0.6106495782732964,3.828314319252968,0.6690309941768646,1.5890353918075562,0.6123918294906616,0.5061916708946228,0.9005878865718842,3.2620248198509216,1.4801313281059265,2.844147503376007,3.132051706314087,0.43322892114520073,13.143590927124023,0.414326936006546,0.23827731609344482,0.5092780590057373,0.8769958019256592,0.0,0.5893080234527588,0.24010363966226578,0.09472845494747162,0.5736005306243896,0.5322077870368958,19.404613971710205,2.1352259814739227,0.7555323243141174,2.497605562210083,2.064667046070099,0.16606683284044266,0.3851037919521332,8.547702431678772,0.9773548543453217,1.0423052608966827,1.8617048263549805,0.1646704077720642,13.155363522469997,0.6777118518948555,65.79625198990107,90.75365781784058,10.351729117333889,1.354917012155056,5.748686328530312,1.9293954130262136,0.2865220159292221,14.665575981140137,1.7080231569707394,0.0,10.756624281406403,3.3876939490437508,12.26698324084282,1.0630629323422909,10.945136472582817,1.8527455776929855,7.722062826156616,2.3496173545718193,4.116841580718756,0.0,1.79687543772161,7.806447967886925,18.018637344241146,1.8831651527434587,0.0,21.57313561439514,4.189120592549443,2.8097859900444746,19.365124009549618,11.563346704468131,0.0,1.4936104118824005,4.693177819252015,1.748240515589714,27.65844663977623,17.58518971502781,37.86060333251953,13.322121277451515,17.167964696884155,51.92841258645058,14.273147210478783,53.66650212556124,69.8584346473217,7.595662232488395,62.817532539367676,19.66543561220169,19.41508273780346
TEST_02+7일,6.2289420664310455,0.0,15.10738229751587,2.574774459004402,0.6661935448646545,1.0671578794717789,2.9165498912334455,0.0,2.5386977791786194,0.2687793970108032,1.3255984336137772,0.7411117404699326,1.757548749446869,4.882494926452637,33.49541401863098,1.0578034073114395,8.089352130889893,0.906679630279541,2.7805082201957703,7.07526209950447,7.8237167447805405,3.2457823902368546,0.892136424779892,0.9659182392060757,2.4422017633914948,2.9479818418622017,3.799147680401802,34.87681485712528,10.499513506889343,4.627020984888077,4.981706723570824,9.060417652130127,2.078246057033539,1.0941255241632462,0.0,1.0264462977647781,59.55226969718933,5.081276178359985,2.240569218993187,37.48739242553711,14.707650437951088,1.783616840839386,0.3155047073960304,1.134583055973053,0.45887602120637894,2.639959394931793,0.4236272722482681,2.821595460176468,0.7418720088899136,3.0744383558630943,19.421328485012054,0.5189142394810915,5.741547882556915,0.5881226733326912,2.9050574004650116,1.1402373611927032,1.404835820198059,1.0679940357804298,1.0749243646860123,0.877964660525322,15.595532953739166,6.898675784468651,6.77234873175621,20.523177087306976,9.201756566762924,1.7206140160560608,0.6305290684103966,1.2253954410552979,2.6567974984645844,0.5456680059432983,1.2966637313365936,0.5438840016722679,0.8461562544107437,0.7253000289201736,3.556615859270096,1.8595049008727074,0.43905727565288544,3.1477510929107666,0.9029003381729126,4.188433885574341,4.031978338956833,1.2804193943738937,0.7211734354496002,0.6564105302095413,1.280402272939682,0.8318511247634888,1.3572048097848892,4.874682784080505,2.376868635416031,2.9868775606155396,21.292202532291412,1.3831435143947601,6.100528717041016,8.015733882784843,0.7297514341771603,0.6657177954912186,0.5025840997695923,0.8276841640472412,15.329404830932617,9.932910203933716,0.26550514809787273,0.25361793860793114,5.198711822740734,0.2563639581203461,16.115028515458107,24.284333735704422,4.7470094338059425,7.719030380249023,4.711340963840485,1.0961902737617493,4.355461522936821,0.548662394285202,1.6478671431541443,0.6780645847320557,0.470302015542984,1.0833941102027893,4.03656604886055,1.375643439590931,2.538225069642067,3.7243943214416504,0.46028032153844833,1.0124815851449975,0.40669673681259155,0.24435949325561523,0.16710110008716583,0.38494372367858887,0.0,0.21135422587394714,0.3156217038631439,0.2537851929664612,0.18623235821723938,0.33407163619995117,11.751244962215424,5.256155431270599,2.387214481830597,3.9252967834472656,4.684306383132935,0.3932087868452072,1.4938042759895325,8.479446172714233,2.1845149397850037,0.5149815380573273,3.13873028755188,0.539524257183075,15.16196072101593,0.8813701644539833,72.72189286351204,96.10914409160614,10.599392272531986,1.5163785517215729,6.103103239089251,2.6328378776088357,0.4122769832611084,18.314114093780518,0.44548704754561186,0.0,15.421737521886824,6.381845027208328,12.475720457732677,0.20045219734311104,13.330366052687168,1.555220790207386,9.764338672161102,2.9041899964213367,5.4390676617622375,0.0,2.0690871477127075,12.018796652555466,17.01147530972958,4.131364356726408,0.0,21.05796194076538,4.925059452652931,2.4945684000849724,17.570761617273092,9.77796896547079,1.0356240943074226,3.0690883100032806,5.909160494804383,0.8037000149488449,16.90450792759657,29.921553134918213,34.476253509521484,16.10196451842785,22.594868779182434,61.78137192130089,10.587236285209656,40.0883505679667,39.58825618028641,11.085734575986862,77.58796691894531,19.23818975687027,20.209006547927856
TEST_03+1일,6.185252636671066,10.021050587296486,8.725046038627625,4.622783750295639,0.4644531011581421,1.5930518507957458,6.5335147380828875,8.996465921401978,2.4899747371673584,2.2431726455688477,0.7995842210948467,0.5186302363872528,1.0175879895687103,2.1049250960350037,5.733685500919819,0.23934893310070038,22.83790683746338,0.42485300451517105,0.22389617376029491,3.1380402445793147,4.9457055404782295,0.02057483419775963,2.6997504830360413,0.7687478642910719,11.002343773841858,9.918417781591415,1.7669519484043121,15.922537922859194,12.228587627410889,4.224951833486557,5.79320216178894,3.9938653707504272,1.5683670043945312,1.2241432219743729,0.0,5.355716943740845,36.662667870521545,7.749720096588135,1.5856092050671577,28.063175678253174,16.159662514925003,1.1963474750518799,0.11704010888934135,0.8706391081213951,0.864251159131527,0.7642627358436584,0.31231794506311417,5.830511748790741,0.520188182592392,2.5007071495056152,17.266452491283417,0.8460222482681274,6.950895309448242,0.42177441716194153,4.354289263486862,1.1165991425514221,1.572029024362564,0.948711808770895,1.0794670209288597,0.5367299988865852,5.90028615295887,8.541036620736122,13.436733663082123,14.382440745830538,12.043107748031616,1.662600040435791,0.23581954836845398,1.965524435043335,1.2574759721755981,0.8286243677139282,2.0047232508659363,0.15586433000862598,0.2684101276099682,0.5887225158512592,3.6771807074546814,0.8809472434222698,0.505622997879982,0.282332181930542,0.9172099530696869,3.9290353059768677,0.36780842021107674,0.7524596750736237,1.4255627989768982,1.082112304866314,1.816946268081665,1.4775824770331383,1.3170047923922539,0.631556510925293,2.7729304134845734,1.8992711305618286,0.0,1.4200099557638168,4.337541580200195,6.762197911739349,0.6910140365362167,0.49285847693681717,0.3862118721008301,0.619041919708252,23.16690444946289,11.73532372713089,1.6994989961385727,0.9025104343891144,3.7336345948278904,0.1086502373218537,193.07442331314087,7.501707568764687,49.731884479522705,2.944638729095459,2.078770250082016,1.056696966290474,4.6206749975681305,0.5526750907301903,1.5144249200820923,0.9505959749221802,0.2564074695110321,0.565425843000412,1.8688271194696426,1.5608314871788025,2.556572988629341,1.4872210025787354,0.39251451194286346,40.72002416849136,0.0,0.2326335906982422,0.0,0.4183642268180847,0.0016508996486663818,0.023621872067451477,0.39829207956790924,0.0,0.2513529658317566,0.10631828010082245,20.0160413980484,0.14813558757305145,0.9053604826331139,0.11376416683197021,0.0,0.0,0.0,1.8710672855377197,1.7664549350738525,0.2015175148844719,1.8747328519821167,0.2914569675922394,9.062351033091545,0.0,11.400813093408942,7.16850951313972,10.68506882339716,1.2500506527721882,6.7093007825315,1.1837436817586422,0.19206318072974682,18.742675304412842,2.292257733643055,0.0,20.708460450172424,5.946644209325314,6.494654528796673,0.12834155559539795,8.846153132617474,1.4619926922023296,7.981654167175293,2.9526298753917213,7.523372188210487,0.2090308852493763,1.164818063378334,13.433708250522614,10.494441751390697,9.836268514394758,0.0,14.13813066482544,4.217709847725928,5.444503627717495,17.320223335176706,12.47832709364593,3.7342571299523115,2.480810046195984,5.9622870087623605,3.3329327404499054,129.07905501127243,66.2502832710743,67.9153060913086,40.07767570018768,62.38694649934769,134.31040459871292,74.33357298374176,588.6519530415535,98.71158331632614,56.92584708333016,75.24602842330933,19.64098834991455,149.7804788351059
TEST_03+2일,3.9648664742708206,29.379970595240593,4.3342511504888535,0.30895908176898956,0.23071809113025665,1.5829830169677734,13.462342560291292,4.316061735153198,1.7376561388373375,0.7679016590118408,1.234605833888054,1.1063477396965027,0.43092186748981476,0.8992570638656616,6.59482441842556,0.4216308146715164,38.20547676086426,0.4572526216506958,0.4375556632876396,26.512896001338955,8.594878733158112,0.1768558770418167,0.49228669703006744,0.6979552879929543,10.093010991811752,9.454601258039474,0.0,0.0,11.805854320526123,3.3073127269744873,5.026252135634422,5.042893052101135,1.5771098509430885,1.2171793580055237,0.2243965119123459,3.7848734855651855,28.264904618263245,8.07201361656189,1.6035031154751778,26.522265434265137,15.222987920045853,1.1498898267745972,0.0,0.49917005375027657,0.927732527256012,1.3587536551058292,0.28864551335573196,5.556141436100006,0.518830917775631,2.153201937675476,14.96294304728508,0.7310850769281387,6.218011200428009,0.4771895930171013,2.5242655277252197,0.9564340710639954,1.1457265429198742,0.904431376606226,1.2572605311870575,0.3486483320593834,0.015222936868667603,6.986272037029266,9.650695458054543,18.391478180885315,12.953743189573288,1.0573341771960258,0.5090013295412064,1.9363024234771729,1.549525886774063,1.5147221088409424,2.1312901377677917,0.37634745240211487,0.18768928945064545,0.5887299589812756,3.792554587125778,1.2883877009153366,0.4714750126004219,1.1340868771076202,0.37347979098558426,3.742742657661438,0.9021721631288528,0.6067496761679649,1.2492012232542038,0.719013400375843,1.7148760557174683,1.2516631036996841,1.4202407449483871,1.0725756883621216,2.648381620645523,2.2524313777685165,6.045238599181175,1.4601402282714844,2.7915000915527344,2.9257016628980637,0.9454135075211525,0.44259432703256607,0.39613020420074463,0.4175388514995575,20.017480850219727,3.4926362931728363,1.0138196870684624,1.0816921889781952,4.251454845070839,0.1253520846366883,7.8411815874278545,106.15163826942444,25.514744460582733,1.3478587865829468,1.8411897271871567,0.8762652277946472,3.6833450198173523,0.6013412028551102,1.065321922302246,1.0858722925186157,0.45225638151168823,0.6476965248584747,1.2715565711259842,1.569615013897419,3.0421845763921738,0.5499016642570496,0.47784586250782013,47.197949588298805,0.04891128093004227,0.23421883583068848,0.10327497124671936,0.10248112678527832,0.22850573062896729,0.3470142185688019,0.5755944550037384,0.0,0.4289553165435791,0.42231667041778564,10.848638415336609,0.0,0.13827890530228615,0.15444493293762207,0.0,0.0,0.05052242428064346,0.0,0.36160071194171906,0.05955257825553417,0.8537785112857819,0.1989021897315979,8.47516905516386,0.36350249499082565,104.05866973102093,26.79138377308845,11.710606947541237,1.4423887766897678,6.937674794346094,0.7358567789196968,0.31139031797647476,18.17188286781311,1.0104099288582802,0.0,15.852859914302824,2.4441450089216232,8.998433277010918,0.11948686838150024,8.917115107178688,1.8165977410972118,7.955233514308929,3.0298179946839805,6.638088919222355,0.8589621959254146,1.2455683797597885,11.921493858098984,7.502876131795348,13.80027977004647,0.0,16.736531257629395,5.860625825822353,4.6371179558336735,18.835958793759346,12.538940016180277,2.8784928619861603,2.034096837043762,4.567649900913239,4.898175895214081,134.56354582309723,62.25737780332565,56.09062957763672,23.433347165584564,54.69012939929962,77.83604422211647,78.03868383169174,503.8691756129265,71.00884079933167,81.20540833473206,59.578081130981445,13.139342308044434,99.59746456146242
TEST_03+3일,2.179208405315876,24.614639773964882,4.1221273094415665,0.7101109027862549,0.18556395173072815,1.4593662321567535,2.5468031466007246,0.0,2.0864960700273514,0.0,1.312660574913025,1.0165939629077911,0.2144542783498764,1.2940370440483093,6.141003035008907,0.1636643335223198,36.69291687011719,0.37821219861507416,0.6865470707416534,26.84247440099716,4.57517908513546,0.3897727280855179,0.09746749699115753,0.35726575925946236,8.567778468132019,6.465182080864906,20.838209331035614,29.64609584212303,12.477047085762024,2.7379048615694046,4.673473462462425,8.189980745315552,2.109473317861557,1.0279739499092102,0.02104051411151886,2.469257116317749,23.889405369758606,7.851139783859253,1.7728163301944733,25.644495725631714,14.386615201830864,1.019265204668045,0.32041129656136036,1.1791924498975277,0.6553942412137985,2.3107059597969055,0.22311124950647354,4.330927550792694,0.505568116903305,1.4523069113492966,13.159603118896484,0.717047119513154,6.3334819078445435,0.5441850051283836,1.5700280964374542,1.008070170879364,0.5810722187161446,0.8693234622478485,1.1524996161460876,0.1533751618117094,0.4956598784774542,5.933635085821152,7.993015795946121,18.96836346387863,13.643481284379959,1.1156294271349907,0.3894512504339218,1.7608258724212646,2.096672236919403,0.12017965316772461,2.249557673931122,0.3141278401017189,0.24829726666212082,0.7733066082000732,3.67353156208992,1.468228004872799,0.7897577807307243,2.196365475654602,0.4690931588411331,3.315354108810425,1.3404484987258911,0.8416265621781349,1.227153092622757,0.6937554851174355,1.847868025302887,1.035446748137474,1.3191410675644875,3.210300922393799,3.027800351381302,4.1853928565979,42.3218794465065,1.3167604804039001,2.15132212638855,3.7051305919885635,0.811492808163166,0.5039235949516296,0.4176274538040161,0.2495882213115692,26.338546752929688,2.65984308719635,0.34366030991077423,1.0973425805568695,4.867335520684719,0.20397102832794195,0.0,114.32339239120483,2.2917946726083755,1.3233331441879272,1.9345075190067291,0.8613865375518799,2.282448299229145,0.6297767162322998,0.7310295403003693,1.322873830795288,0.4977111965417862,0.6141542941331863,1.1707799434661865,1.5020499974489212,2.6167112588882446,0.5937004089355469,0.3984765037894249,37.06566309928894,0.3430374562740326,0.1721339225769043,0.056380048394203186,0.2897123396396637,0.30698084831237793,0.5743954181671143,0.7474358975887299,2.10177244246006,0.41714733839035034,0.48055070638656616,14.758771657943726,0.0,0.27984409779310226,0.12364053726196289,0.0,0.2027043979614973,0.0,0.2290819538757205,0.5109757483005524,0.16167405992746353,0.19049468636512756,0.2623007595539093,6.672051340341568,0.18472914397716522,120.75524273514748,82.85845041275024,11.325371012091637,1.5898784548044205,6.120981737971306,0.4824209585785866,0.30320750176906586,16.925829648971558,0.4034142941236496,0.0,13.672026038169859,0.13012339361011982,7.238978147506714,0.1596486121416092,7.317386604845524,1.3928793705999851,7.774872153997421,2.2504863515496254,8.825018014758825,0.0,1.4301167149096727,10.599489510059357,10.987486250698568,10.665798649191855,1.4886836875230074,17.462629318237305,4.89982395619154,4.4713024366647005,23.792977035045624,10.658307373523712,1.9400562569499016,1.223539024591446,6.1988244503736505,2.9433737695217133,140.48973256349564,55.49710154533386,62.477651596069336,21.39642958343029,54.8906811773777,81.47053226828575,70.32526105642319,625.8860665559769,81.89898043870926,90.19633215665817,75.53285217285156,17.65263068675995,83.04318886995317
TEST_03+4일,2.5765436440706253,44.519541800022125,3.3127374053001404,1.6201121658086777,0.25537219643592834,1.348700851202011,15.9445216357708,0.0,1.5882139801979065,0.4736460745334625,1.106051690876484,0.29427847266197205,0.31336475908756256,2.36614727973938,16.82145667076111,0.34087270498275757,87.59774780273438,0.36828477680683136,1.1527117788791656,56.930976748466485,16.479749113321304,0.8650730922818184,0.21945825219154358,0.8349356576800346,5.350166343152523,6.449350342154503,25.557808756828308,27.72580099105835,11.73172378540039,3.805529400706291,5.078851863741875,7.706262588500977,2.0587091147899628,1.1209151595830917,0.0,1.6687682271003723,24.323901534080505,8.064509868621826,1.6149848699569702,33.343637347221375,15.75661738216877,0.9305867552757263,0.28891004621982574,1.0692652575671673,0.6424138247966766,2.60507495701313,0.20942715927958488,4.1002472043037415,0.5074664764106274,1.8901412822306156,12.852277100086212,0.6588962078094482,6.4166775941848755,0.47589388489723206,1.202208325266838,0.9179220199584961,0.6093857698142529,0.9279265441000462,1.314815640449524,0.044095318764448166,1.5754112154245377,6.924889013171196,7.393409699201584,17.711551696062088,13.539490699768066,1.1069734394550323,0.4611842483282089,1.452053427696228,2.2782506942749023,1.1078239977359772,2.4863532185554504,0.30527543276548386,0.06606847047805786,0.5885616838932037,3.655804395675659,1.3088514804840088,0.5536424741148949,2.1473110914230347,0.5559594035148621,3.241073727607727,0.9777192026376724,1.379733145236969,1.198413297533989,0.6316216103732586,1.6871813535690308,1.248475432395935,1.3021716699004173,3.8177679777145386,2.826648563146591,3.5731377005577087,40.65336339175701,1.4025730788707733,3.2070600986480713,3.4424175322055817,0.9482253342866898,0.4400011897087097,0.4768936038017273,0.23563846945762634,22.305381774902344,2.6398865580558777,0.326525017619133,0.987744152545929,3.6395244114100933,0.14263454079627996,0.0,94.92455893754959,10.470609694719315,2.5867772102355957,2.029392659664154,1.0551253706216812,1.6240747645497322,0.5297558754682541,0.7572812139987946,1.3310067653656006,0.522450864315033,0.649034321308136,1.836663007736206,1.4302881434559822,2.365083485841751,0.7503427267074585,0.4343779534101486,40.638258039951324,0.4929766356945038,0.15282917022705078,0.12717987596988678,0.39109092950820923,0.35770606994628906,0.7918350696563721,0.6757663786411285,6.473877981305122,0.5109443664550781,0.3830161988735199,12.117195129394531,0.43289651721715927,0.0,0.41735291481018066,0.2879459410905838,0.025803901255130768,0.33393679931759834,0.8085066452622414,0.7888879179954529,0.02151202317327261,0.7677281498908997,0.16013194620609283,7.983570132404566,0.0,70.49612700939178,141.1794212460518,11.859496012330055,1.8351507782936096,6.6666381396353245,1.2819557823240757,0.2551017142832279,16.600019454956055,0.7216003490611911,0.0,12.224793940782547,0.5597281455993652,11.002022456377745,0.15004078298807144,8.545913118869066,1.6951162107288837,7.409771919250488,3.481951363384723,7.861845206469297,0.0,1.8213378880172968,10.540390610694885,21.56050296314061,6.883779851719737,0.0,15.796005725860596,2.979689698666334,5.44808679074049,21.419405072927475,11.263134947046638,0.7278477847576141,1.293924629688263,4.60397505760193,1.6668953001499176,140.52259862422943,55.10112076997757,66.06385803222656,22.39668646454811,58.596986800432205,101.10394898056984,57.80675292015076,731.1137682199478,91.40082210302353,89.13875705003738,71.66114330291748,23.161891758441925,89.40158426761629
TEST_03+5일,4.21095110476017,61.12045168876648,3.603461503982544,1.183343082666397,0.2905009388923645,1.3203677088022232,29.8723937869072,2.0714396834373474,1.4631541520357132,0.3427469730377197,1.4045706018805504,0.02243766188621521,0.600235641002655,4.193763792514801,31.713401913642883,0.7218107581138611,80.45459175109863,0.42925259098410606,1.6792315542697906,85.30245190858841,22.33860343694687,1.3982193991541862,0.23491360992193222,0.540540374815464,4.993334263563156,5.155755579471588,6.378765821456909,26.358080849051476,12.201360702514648,4.418505370616913,5.348352715373039,5.222064971923828,1.5997304469347,1.1471837013959885,0.0,0.2031995728611946,33.49354577064514,8.070143222808838,1.6419478878378868,31.6659517288208,17.208027452230453,0.8979155123233795,0.27170898392796516,1.0164185985922813,0.5660472325980663,1.9867574200034142,0.2839580178260803,3.8971950113773346,0.49051742255687714,2.541295848786831,12.934042543172836,0.6172746196389198,6.695178866386414,0.5321680381894112,1.622041493654251,1.0169581174850464,1.118212103843689,0.9284221492707729,1.1456318199634552,0.15971552953124046,0.9400769025087357,7.208299934864044,7.3729018568992615,15.549971848726274,12.147058099508286,1.378885880112648,0.6244751214981079,1.3269917964935303,3.776921331882477,0.5211234092712402,2.262789309024811,0.3089228179305792,0.19470728933811188,0.5638042241334915,3.5266200453042984,1.3425313420593739,0.7956208661198616,2.457642674446106,0.8092382103204727,5.20056688785553,1.237535834312439,1.9700374603271484,1.1936725676059723,0.8852941542863846,1.851468801498413,1.1259738951921463,1.373486839234829,1.8797303438186646,3.3311343789100647,3.7705721259117126,67.0561592578888,1.4092744886875153,4.329224586486816,3.491245210170746,0.8564296588301659,0.42122088372707367,0.48845046758651733,0.3122106194496155,23.483116149902344,2.971914768218994,0.7045271247625351,0.8347650691866875,3.1619094777852297,0.1489106416702271,0.9139690399169922,87.66264617443085,15.421997755765915,4.1318206787109375,2.2044041752815247,1.2445511668920517,1.712723821401596,0.5791687965393066,0.8156560063362122,1.3058140277862549,0.47001707553863525,0.6431616246700287,3.74481064081192,1.54031240940094,1.9473638087511063,0.4589383602142334,0.46880902349948883,16.796863853931427,0.9614195823669434,0.08799171447753906,0.33583348989486694,0.2808854877948761,1.0562639236450195,0.9458831548690796,0.5911659300327301,9.80751746892929,0.5378172397613525,0.4134337306022644,27.39085555076599,0.3053114041686058,0.5353101454675198,1.4695215225219727,1.0653752088546753,0.1756979152560234,0.6530067175626755,2.3313771933317184,0.8832460641860962,0.21503819525241852,1.0801634788513184,0.43382835388183594,6.914023920893669,0.011508390307426453,187.19530853629112,142.91938960552216,12.732622101902962,2.1422820165753365,6.416734471917152,1.8487621936947107,0.35078640282154083,20.79762887954712,1.4075864106416702,0.0,12.127825766801834,3.9113622717559338,12.088756877928972,0.05402212589979172,8.950444478541613,1.841554418206215,7.658700793981552,3.2607528492808338,7.627690069377422,0.0,1.5019091740250587,11.40191525220871,17.739452913403515,7.417384858243167,0.0,18.9337477684021,2.9369743801653385,5.253948211669922,21.993180006742477,10.941884700208902,1.5728030502796173,2.7751698195934296,3.0981864705681805,1.9721350353211164,141.1184555888176,66.44531264901161,78.36638832092285,25.296838581562042,72.8678964972496,111.17279809713364,65.55258184671402,698.7473261356354,83.56642574071884,67.31504514813423,87.83266735076904,29.52751314640045,95.69173544645311
TEST_03+6일,5.434859365224838,23.86485667526722,6.757347136735916,2.738467901945114,0.8483332395553589,0.9239382743835449,14.672091931104662,2.5553192496299744,1.5552485212683678,0.43316948413848877,1.6356345266103745,0.3329051658511162,1.0630989074707031,5.976386785507202,34.974254965782166,1.7010408639907837,8.359049320220947,0.5356605723500252,1.4970986992120743,48.77759206295013,9.891915261745453,1.0023938044905663,0.010885845869779587,0.6079365983605385,4.050301194190979,3.980052843689918,0.0,59.027923971414566,11.816807508468628,4.914300337433815,5.673778310418129,3.6528403759002686,1.9832667708396912,1.2837807387113571,0.0,1.347319334745407,36.49502384662628,8.181070804595947,1.5377989411354065,25.645729541778564,19.273513168096542,0.887252539396286,0.4479200951755047,0.9894182458519936,0.27417300269007683,1.1987123638391495,0.2657119557261467,4.190475612878799,0.4898536577820778,2.891719341278076,14.336017370223999,0.6432812791317701,6.770179331302643,0.4762595370411873,2.5969045758247375,0.9804114997386932,1.5313623622059822,0.9256404750049114,1.2210381031036377,0.3643633723258972,7.660035997629166,8.129599839448929,10.377297550439835,12.151494532823564,10.674364417791367,1.578697681427002,0.5312325842678547,1.0133267641067505,4.7152199149131775,0.910680890083313,2.231234908103943,0.3437293693423271,1.1765382438898087,0.6258901879191399,3.310660421848297,1.031103540211916,0.47134704887866974,1.5184729099273682,0.8252930045127869,6.270885944366455,2.7911683470010757,1.9442489594221115,1.0802031308412552,1.1165020242333412,1.819374918937683,1.3422471582889557,1.3313605189323425,1.1534983813762665,2.9992460906505585,5.946344435214996,72.20700061321259,1.4297929257154465,5.040927410125732,9.78234589099884,0.8693309649825096,0.43187014758586884,0.42604830861091614,0.5986824035644531,23.031906127929688,2.815926045179367,1.558848112821579,1.002446174621582,3.851006175391376,0.22755283117294317,0.0,94.85686218738556,16.678948760032654,5.634267807006836,2.4274572283029556,1.3254699036478996,2.74194348603487,0.734834298491478,1.3240318894386292,1.0631077289581299,0.5797311365604401,0.601860523223877,4.169102311134338,1.5548142120242119,2.1428579837083817,1.906038522720337,0.40059419348835945,6.302920609712602,0.8316278457641602,0.10316038131713867,0.17808139324188232,0.48948076367378235,1.481608271598816,0.6448236107826233,0.3599618598818779,13.427120983600616,0.18570080399513245,0.29627299308776855,35.672205686569214,3.6899267435073853,2.4151345640420914,5.091479301452637,3.2316455245018005,1.4996806234121323,3.2997624278068542,10.572563111782074,1.3122966885566711,0.9736356139183044,4.2834659814834595,1.344363808631897,7.593592330813408,0.6777118518948555,166.0246829688549,73.43617722392082,11.545534908771515,1.354917012155056,6.044695995748043,1.9293954130262136,0.2865220159292221,18.961265087127686,2.4364985525608063,0.0,11.970950096845627,6.949135810136795,12.284270860254765,1.0630629323422909,10.813178047537804,1.5069333463907242,8.734374850988388,2.4435307905077934,7.991070616990328,0.0,1.8518669921904802,12.466264963150024,19.588803898543123,3.3271212223917246,0.0,21.9276180267334,4.108839327469468,6.76389816775918,25.47388483583927,15.172782681882381,2.792065016925335,3.2792354822158813,3.3943633828312163,2.3066379129886627,149.2470365166664,77.01794669032097,111.39044952392578,36.902358412742615,88.8758659362793,130.89594995975494,94.07671064138412,593.7544226646423,81.26594468951225,38.68899568915367,129.1079912185669,30.51574981212616,139.85142385959625
TEST_03+7일,5.692410260438919,2.067205796018243,9.950753957033157,9.497278213500977,1.3003278970718384,1.1663505136966705,0.3416872024536143,5.007149815559387,1.4697823226451874,0.9022710919380188,1.4174725860357285,0.2884366884827614,1.3493188619613647,5.093086779117584,17.61753375828266,3.2718053460121155,0.0,0.5733215436339378,0.6045416817069054,1.964945465326309,0.001036316156387329,0.20806484669446945,0.43423108756542206,0.9690369218587875,2.360656686127186,3.9540074765682216,6.404798626899719,45.86569042503834,12.500325322151184,4.455276519060135,6.052846685051918,3.110338568687439,2.0338477194309235,1.1140072792768478,0.0,3.8777312636375427,31.575072526931763,8.331549882888794,1.5282205492258072,18.89533770084381,16.544021353125572,0.833870992064476,0.3155047073960304,1.1185856014490128,0.42798133194446564,1.1536138989031315,0.27823179960250854,4.1379241943359375,0.47842349857091904,2.81582510471344,16.852077424526215,0.5727099943906069,7.17609304189682,0.4913533329963684,3.7218721210956573,0.9959586560726166,1.5679379105567932,0.8869476690888405,1.0749110877513885,0.6709642931818962,15.220294415950775,8.902030438184738,12.224805146455765,11.737637951970102,10.385850593447685,1.9186662137508392,0.538077212870121,1.0241663455963135,2.9595982134342194,0.5480226874351501,2.060517519712448,0.5438840016722679,1.8851952254772186,0.7254976741969585,3.2585710287094116,0.8993875980377197,0.4646577313542366,0.7897898554801941,0.9336397349834442,6.3258397579193115,2.1243854463100433,1.5312621295452118,0.9697490185499191,1.1221586912870407,1.7264456748962402,1.3175433427095413,1.4019429981708527,1.2801526486873627,3.3581645786762238,6.50506991147995,29.057428866624832,1.345311053097248,3.8208277225494385,15.28356283903122,0.7291052080690861,0.5119353532791138,0.4717978835105896,0.8556318283081055,16.794754028320312,9.770339727401733,1.7610429525375366,0.9746638089418411,4.524011951871216,0.15288066864013677,126.58944916725159,0.0,27.45844066143036,5.556360721588135,2.4809090346097946,1.3603852093219757,4.0470946580171585,0.8889851719141006,1.6053475141525269,0.9032107591629028,0.41374625265598297,0.6549119800329208,3.3475953340530396,1.4337603896856308,1.6989869624376297,2.874643087387085,0.4669337719678879,14.908188700675964,0.04465579241514206,0.14805710315704346,0.0,0.6846839785575867,0.8704153299331665,0.08316744118928909,0.23926913738250732,7.209889352321625,0.0138760507106781,0.0,20.6745907664299,6.108352839946747,3.5326097309589386,4.0861310958862305,1.226283460855484,1.6831881403923035,1.971303328871727,8.955474197864532,2.1904635429382324,0.7845320105552673,5.2789846658706665,2.01761531829834,8.904250781983137,0.8813701644539833,0.0,28.539420366287228,11.552219152450562,1.5163785517215729,6.114360071718693,2.6328378776088357,0.4122769832611084,21.62067174911499,1.436480088159442,0.3428867310285568,9.208392083644867,8.095230832695961,12.487036809325218,0.20045219734311104,10.605396181344986,1.2411962375044823,9.926734507083893,2.5438078567385674,7.490597270429134,0.0,2.1254205778241158,12.132249474525452,18.326906047761444,5.787350300699472,0.0,20.99180555343628,4.516568960621953,6.817201796919107,25.636404439806938,14.03781259059906,4.274785909801722,3.8715434074401855,4.8742513358593,2.412003204226494,151.996684551239,94.38206076622009,124.64251327514648,49.326760202646255,87.72906190156937,141.40933120250702,99.78763937950134,586.1469280719757,73.02521735429764,20.30969850718975,135.33771514892578,24.813347697257996,167.84806823730472
TEST_04+1일,6.916514903306961,0.0,7.793677985668182,4.5593955516815186,1.7657666206359863,1.6279016733169556,1.1401451528072368,0.24678463488817215,1.5479367524385452,1.4390194416046143,2.1342886984348297,0.9503597617149353,0.1525510959327221,0.3127452880144119,0.41508686542510986,0.0,4.2863874435424805,1.0109819173812866,1.5535290241241455,19.286417305469513,2.39636904373765,0.3514895997941494,0.488005131483078,0.7669895086437464,9.934032708406448,7.6972492039203635,4.467953145503998,5.3831136375665665,7.5404521226882935,0.7528504505753517,2.671884924173355,1.5902767181396484,1.5376922190189362,1.2503092885017395,0.0,6.168433427810669,24.594321608543396,3.900639295578003,1.7175845056772232,27.469775915145874,0.0,0.5463456362485886,0.11704010888934135,0.9204909354448318,0.562732957303524,1.412571258842945,0.3290412202477455,1.611326813697815,0.774302676320076,1.9854605048894882,5.136576309800148,0.8365252912044525,4.461935430765152,0.40096181631088257,2.8947738111019135,0.7896853387355804,2.3513476997613907,1.1218789592385292,1.0799757689237595,0.6825829371809959,5.222985282540321,7.7419354766607285,12.61294710636139,7.5293195247650155,9.25247110426426,1.7289796322584152,0.6937699913978577,1.232824683189392,1.2133561968803406,0.8268779516220093,2.110263407230377,0.15586433000862598,1.4607277512550354,0.5878251157701015,2.5425244867801666,0.6504751481115818,0.4630044847726822,2.558025062084198,0.8069436922669411,2.620477259159088,1.1586036831140518,0.372586727142334,0.6754954159259796,0.9050260484218597,0.9701569676399231,1.5857765823602676,1.4673799276351929,1.2436395585536957,2.148049682378769,1.0328596383333206,0.0,1.409633457660675,5.994811058044434,9.280027151107788,0.6909976862370968,0.378597229719162,0.5328384637832642,0.5021770000457764,20.408966064453125,5.775898814201355,1.9890973716974258,0.7156543135643005,2.2330055199563503,0.12650865316390997,170.9271047115326,2.613939568400383,35.682501912117004,4.811188220977783,4.047895431518555,1.4225679785013199,1.9674986600875854,0.7662630081176758,1.7318390607833862,0.5702403783798218,0.6121837645769119,0.8378497660160065,1.6801720708608627,1.413609854876995,2.336632162332535,0.8187623023986816,0.41962502896785736,2.900994002819062,0.24885225296020508,0.21876192092895508,0.0,0.45354336500167847,0.28037744760513306,0.06868778169155121,0.21337059885263443,0.5637553259730339,0.10985702276229858,0.021330472081899643,17.88342595100403,0.19089993834495544,1.3533050790429115,0.2724674940109253,0.7429610192775726,0.8828778713941574,0.0,0.0,1.6751958131790161,0.15509536117315292,0.21996116638183594,0.4956130385398865,9.03105016797781,0.0,0.0,28.072218298912045,8.598245613276958,1.2500506527721882,4.887604668736458,1.1837436817586422,0.19206318072974682,12.35578179359436,1.9451497122645378,0.0,7.0047366321086875,6.543982140719891,6.464881002902985,0.12834155559539795,5.377816502004862,0.8242601435631514,5.037114754319191,3.0559158772230144,5.69188654795289,0.0777200348675251,1.164818063378334,4.451990872621536,8.482228059321644,8.381431303918362,0.0,12.336253643035889,3.553664247505367,0.0,8.904194809496403,8.626335153356194,0.5696742534637451,1.749523550271988,5.206855982542039,2.141099274158478,65.8157188296318,28.361248821020126,59.5074577331543,14.075472846627235,2.8098732233047485,70.87705880403519,20.447262227535248,209.83023449778557,7.1978287026286125,69.4927251636982,24.8563334941864,12.5019491314888,13.601858332753183
TEST_04+2일,3.441511482000351,23.788576260209084,0.6327773481607437,0.5701739117503166,0.4043119549751282,1.3853140473365784,6.865271687507631,0.14714664220809937,1.1136379837989807,0.5597959756851196,0.8536995761096478,0.41055071353912354,0.2944533973932266,0.2160329818725586,0.38403773680329323,0.046900808811187744,20.384419441223145,0.34151485189795494,0.6555190086364746,10.706625044345856,10.535375744104385,0.34536439552903175,0.2765718251466751,0.698798842728138,9.104698985815048,8.893595449626446,3.123915061354637,0.0,6.512081623077393,0.3296584524214268,2.047482803463936,0.14906828105449677,1.546537734568119,1.2396703585982323,0.2243965119123459,6.2544989585876465,8.678387373685837,4.0058358907699585,1.4243264123797417,16.757490754127502,0.0,0.4322648420929909,0.0,0.5032612681388855,0.5161373913288116,0.2750177476555109,0.3287070244550705,1.6389487385749817,0.8332504704594612,1.7269865274429321,1.663049966096878,0.7069003954529762,3.5173603892326355,0.4568086937069893,2.8575372397899628,0.7753238081932068,2.5289889574050903,1.1071785539388657,1.25733482837677,0.3745163921266794,0.0,4.432312846183777,11.002199172973633,5.5039073675870895,10.591635704040527,0.9271915331482887,0.899167388677597,1.3057198524475098,0.4559854790568352,1.5126371383666992,2.074446380138397,0.37634745240211487,1.6265389323234558,0.5878304466605186,2.714977338910103,1.0724906623363495,0.43882207944989204,1.6992605924606323,0.384998120367527,0.6802210807800293,1.3240840435028076,0.11942823976278305,0.7369039207696915,0.7788335345685482,0.9214524328708649,1.2488047033548355,1.5156215876340866,1.0651577711105347,2.2722506523132324,0.7582770138978958,19.514295414090157,1.430775910615921,2.6270999908447266,2.737412452697754,0.9454105347394943,0.33637404441833496,0.4266926050186157,0.35995736718177795,15.311986923217773,1.9687526375055313,1.5395461320877075,0.6182539910078049,2.8141698241233826,0.14120358228683477,12.088431239128113,42.736170411109924,14.90971702337265,1.642048716545105,2.898706004023552,0.943259984254837,1.2596352025866508,0.7228559255599976,1.2280075550079346,0.5540497303009033,0.4564483165740967,0.8267270922660828,1.2175496220588684,1.3416133150458336,1.2271783500909805,0.15206310153007507,0.46483227610588074,45.24343210458756,0.0,0.19372010231018066,0.1557762771844864,0.06456395238637924,0.4324588477611542,0.13815928995609283,0.5220393240451813,3.5715284273028374,0.3170682191848755,0.6298823356628418,9.585753083229065,0.0,0.0,0.0,0.25262050330638885,0.0,0.19395851343870163,0.0,0.0,0.006866248324513435,0.18524448573589325,0.14199841022491455,8.72898257151246,0.36350249499082565,52.46805480122566,86.96807742118835,9.43237790465355,1.4423887766897678,5.3820695951581,0.7358567789196968,0.31139031797647476,13.685672044754028,0.37932470440864563,0.0,4.628983955830336,3.9307785779237747,9.022713527083397,0.11948686838150024,6.585387848317623,0.8485731966793537,4.941400170326233,3.36148827150464,5.335903063416481,0.6823014160618186,1.2455683797597885,2.6338081434369087,7.204065707512201,11.946846831589935,0.0,17.21658229827881,5.536641530692577,0.0,14.108728148043156,11.19127931445837,0.043150365352630615,1.983792319893837,4.089806854724885,3.9058755338191986,27.542026355862617,27.42951698601246,42.69583797454834,4.100532405078411,1.2213802263140678,16.412891022861004,5.520191174000502,190.53111135959625,0.0,46.60678392648697,0.0,10.050647377967834,8.945298537611961
TEST_04+3일,0.7739740684628487,8.198020175099373,3.3922955840826035,0.9868257343769073,0.08322116732597351,0.8578165173530579,4.630755096673966,0.0,1.195111595094204,0.4865075647830963,1.1156869679689407,0.0010604560375213623,0.38645419478416443,0.2447700798511505,0.0,0.03551464527845383,26.018122673034668,0.33202309906482697,0.3806973919272423,25.609193980693814,8.611484751105309,0.47488828003406525,0.11363455653190613,0.35692738741636276,7.285540647804737,7.049062103033065,2.5386253595352173,49.29988610744476,5.682685971260071,0.012347929179668427,1.488928273320198,0.9056321382522583,2.076651394367218,1.0463532507419586,0.02104051411151886,4.330408871173859,8.955547422170639,3.7579386234283447,1.2272589281201363,13.690177202224731,0.0,0.3279391676187515,0.32041129656136036,1.1223938092589378,0.4250965490937233,0.24869029596447945,0.30422642827033997,1.5827543586492538,0.8413414657115936,0.7026351392269135,1.8136867173016071,0.687707956880331,3.3516696095466614,0.4917024224996567,2.5487380027770996,0.8937605023384094,2.5773971676826477,1.110093578696251,1.152776151895523,0.43448106944561005,0.5746097210794687,1.424950361251831,2.9090585112571716,3.9267633557319646,8.884056955575943,0.6327437087893486,0.8338608294725418,1.2654999494552612,1.085565835237503,0.11878013610839844,2.0873859524726868,0.3141278401017189,1.0547439008951187,0.7763845436275005,2.600572854280472,1.3280085884034634,0.7377716526389122,1.3046804666519165,0.5366059690713882,0.0,1.3263417556881905,0.14381020702421665,0.678737610578537,0.7476921379566193,1.040082335472107,0.9711270779371262,1.370989054441452,1.0002232789993286,2.3468352258205414,1.8304987847805023,59.03151798248291,1.3061745017766953,2.183840274810791,2.4094723910093307,0.8115185722708702,0.40474340319633484,0.35848933458328247,0.4100791811943054,15.2343168258667,2.6902485489845276,1.3362140357494354,0.5385357216000557,3.3198166638612747,0.21873167157173162,10.809361100196838,37.861428529024124,12.607917934656143,1.5227553844451904,3.649099975824356,0.8011233508586884,0.7749876473098993,0.7165990769863129,0.7184234261512756,0.5717525482177734,0.37232188135385513,0.7377296090126038,1.1041367053985596,1.314011625945568,0.0,0.5566905736923218,0.3747565746307373,25.617462694644928,0.0,0.16675114631652832,0.1811515837907791,0.06801339238882065,0.44150710105895996,0.1682150661945343,0.7727654278278351,4.85435289144516,0.379292368888855,0.8004562854766846,13.088665902614594,0.0,0.11886470764875412,0.0,0.2710878849029541,0.008391888812184334,0.0,0.0,0.33669932931661606,0.10268184542655945,0.20068100094795227,0.267747700214386,7.8202055767178535,0.18472914397716522,41.02430849522352,169.19149577617645,9.339090183377266,1.5898784548044205,5.254639707505703,0.4824209585785866,0.30320750176906586,12.30987286567688,0.0,0.0,7.2031506672501555,1.1770029924809933,7.208375036716461,0.1596486121416092,5.839688219130039,0.7771935798227787,5.451867148280144,3.1878441050648685,7.760068349540234,0.0,1.4301167149096727,2.5388410687446594,10.48715275526047,10.2062631547451,1.4886836875230074,18.10426616668701,4.611533358693123,0.0,19.825736735016108,7.634553791955113,0.0,1.6148666664958,5.882982268929482,2.502255439758301,0.0,19.583346992731094,10.35303783416748,0.0,0.0,0.0,0.0,0.0,0.0,16.627270370721817,0.0,5.771788850426674,0.0
TEST_04+4일,1.1877331994473934,47.65421037375927,2.991999700665474,1.8565324395895004,0.1418418437242508,0.6008307933807373,13.138955026865007,0.09914518892765045,0.7413384169340134,0.8493236899375916,1.0742413625121117,0.18551669642329216,0.6844560205936432,0.3803261071443558,0.01794024556875229,0.10321415960788727,30.394692420959473,0.3509758859872818,0.32756457477808,50.30078905820846,13.59875026345253,0.39283596724271774,0.09830676019191742,0.8365973085165024,3.9802617952227592,7.057594880461692,3.0920903384685516,12.04779527336359,4.161836326122284,0.0,2.0300899893045425,1.3871349692344666,2.025830239057541,1.1410675346851349,0.0,3.278755843639374,12.060975790023804,3.679895281791687,0.9136109612882137,15.541852831840515,1.4869243390858173,0.2877606078982353,0.28891004621982574,1.054795078933239,0.5997914634644985,0.5654654800891876,0.36583244800567627,1.6763816624879837,0.7654730938374996,1.0331506915390491,2.199202910065651,0.6178384907543659,3.5230987071990967,0.40010498464107513,2.602787733078003,0.7616819143295288,2.2446402683854103,1.0885607302188873,1.314915955066681,0.5350987240672112,1.7087507955729961,2.1240431629121304,0.0,4.426519975066185,6.768858879804611,0.8211936503648758,0.7774095833301544,1.2118362188339233,1.241180270910263,1.1074180901050568,1.9351083040237427,0.30527543276548386,0.2951934188604355,0.5934077650308609,2.4597980082035065,1.1725436300039291,0.49889758229255676,1.587924063205719,0.6308409571647644,0.2858644276857376,1.1758311986923218,0.31793829426169395,0.7553668320178986,0.8153729327023029,0.853662371635437,1.001320842653513,1.4170364141464233,1.1357731819152832,2.3898836374282837,1.1164291054010391,42.26220424473286,1.401971846818924,1.3453350067138672,2.9503147304058075,0.9482256174087524,0.342802070081234,0.3714463710784912,0.6081727147102356,17.836748123168945,2.453737333416939,0.9329355955123901,0.4719016030430794,2.2851045429706573,0.15716451406478887,12.75680524110794,29.414209723472595,30.258742690086365,3.409696578979492,4.582917928695679,0.873062290251255,0.8702758699655533,0.758848637342453,0.7916934192180634,0.6284744739532471,0.31628988683223724,0.7489842474460602,1.0195281654596329,1.2866039425134659,0.6518234498798847,0.399300754070282,0.39887209236621857,76.52246415615082,0.20873335003852844,0.15338993072509766,0.2667992115020752,0.19680839776992798,0.19471043348312378,0.23776112496852875,0.8016786575317383,6.0276684165000916,0.47782403230667114,0.8127874732017517,8.403915166854858,0.49190592020750046,0.0,0.2467968463897705,0.14350175857543945,0.0,0.2610286585986614,0.43326886370778084,0.27978475391864777,0.006989903748035431,0.48717543482780457,0.18666209280490875,8.634318485856056,0.0,56.75192850828171,186.36094897985458,10.453530952334404,1.8351507782936096,5.80514358356595,1.2819557823240757,0.2551017142832279,12.459424018859863,0.17026704736053944,0.0,9.75748561322689,0.31279467046260834,10.945944841951132,0.15004078298807144,8.164547812193632,1.1058632489293814,5.9019685089588165,4.308999493718147,6.459317408502102,0.0,1.8213378880172968,3.9102379232645035,20.477177834138278,5.78368441388011,0.0,15.983019351959229,2.5956078618764877,0.8935074275359511,18.38504722714424,9.346941785886884,0.45616383850574493,1.2993830367922783,4.063994213938713,0.7713745534420013,1.3916093483567238,14.947721101343632,6.80601167678833,3.5211311280727386,0.0,14.146502122282982,0.0,0.0,9.03607914224267,8.560471843928099,0.0,4.132341161370277,0.0
TEST_04+5일,3.4228705763816833,115.1267776787281,2.3749367147684097,1.3846537470817566,0.22524160146713257,0.8795226663351059,21.662238180637363,0.28958314657211304,1.1429678723216057,0.5333724021911621,1.5437804907560349,0.3588315099477768,0.6856860816478729,0.17375285550951958,0.9335487484931946,0.1606723666191101,56.66134071350098,0.2759844437241554,0.570497140288353,41.348003804683685,22.494893491268158,0.4512907639145851,0.0,0.5415875986218452,4.646999895572662,5.314111523330212,4.310520887374878,29.565635159611702,4.263086557388306,0.9834542870521545,3.05239038169384,1.454513669013977,1.5706476122140884,1.1692511439323425,0.0,1.8368814885616302,17.22447893023491,3.587232828140259,1.2867318838834763,19.748174726963043,5.240737687796354,0.2440178021788597,0.27170898392796516,1.0142792984843254,0.46281300112605095,1.321319930255413,0.501786544919014,1.491631805896759,0.8037576377391815,1.2546809911727905,2.7936064451932907,0.5526017043739557,4.18208447098732,0.49809446185827255,3.2274237871170044,0.716458797454834,2.1532975882291794,1.0553731620311737,1.145988553762436,1.0232139825820923,1.3331090658903122,3.3782104030251503,0.1971879079937935,5.025612980127335,5.6869543343782425,1.624211996793747,1.0092597305774689,1.2777670621871948,2.444031298160553,0.5201846361160278,1.4368239045143127,0.3089228179305792,0.33042483031749725,0.5658186972141266,2.401084452867508,1.1809493377804756,0.7346771657466888,1.9037334322929382,0.8736755475401878,0.2518792748451233,0.8999069780111313,0.7979667037725449,0.7020020484924316,0.9409987181425095,0.9182714223861694,0.6806546002626419,1.468179166316986,2.0179363489151,2.5233469903469086,1.607481375336647,76.463751912117,1.4240704029798508,2.0525782108306885,3.371652029454708,0.8563363701105118,0.3406776487827301,0.32488787174224854,0.7647912502288818,15.079524993896484,3.0049271434545517,1.1694427281618118,0.5026677027344704,1.929413985926658,0.1620988845825196,10.310281127691269,24.829184472560883,38.539700388908386,5.034086227416992,4.86173090338707,1.0597836077213287,1.224225014448166,0.7973906397819519,0.9174063205718994,0.72088623046875,0.33502279222011566,0.655108630657196,2.107737511396408,1.3774332702159882,2.521673858165741,0.4470672905445099,0.48061206191778183,49.99880868196488,0.5282334089279175,0.130720853805542,0.32524311542510986,0.21858413517475128,0.0,0.28254443407058716,1.0193424224853516,8.012990772724152,0.571790874004364,0.8843666911125183,16.312913596630096,0.1765550673007965,0.07318303734064102,0.19070249795913696,0.3709389269351959,0.0,0.16626477241516113,0.4701814614236355,0.48010848462581635,0.20011885464191437,0.6940462589263916,0.4537990689277649,8.681862205266953,0.011508390307426453,200.90315064787865,132.67722696065903,11.596399202942848,2.1422820165753365,5.785988532006741,1.8487621936947107,0.35078640282154083,18.155667543411255,0.5380004178732634,0.0,12.079846531152725,2.468403223901987,12.084764409810305,0.05402212589979172,8.406876139342785,1.5111913681030273,6.639946952462196,3.7460084147751327,5.909714072942734,0.0,1.5019091740250587,5.218992009758949,16.044932909309868,5.467348183505237,0.0,19.437479257583618,2.561858581379056,0.7200874770060182,18.51655576750636,8.222068576142192,0.0,1.9167670905590057,2.4567980598658328,1.2462727073580027,6.219894804060459,12.708032503724098,18.061614990234375,8.879067167639732,0.0,7.834166418761015,2.0724181085824966,61.08505107462406,2.369608646258712,26.880075544118885,0.0,7.14543329179287,0.0
TEST_04+6일,5.60896110534668,59.83703412115574,6.8820934891700745,2.9242926239967346,0.24265697598457336,0.6827984899282455,10.230436116456987,0.13574795424938202,0.9565840885043144,1.2286622524261475,0.951773039996624,0.27214155346155167,0.5551047474145889,0.20041409134864807,1.296248696744442,0.012498944997787476,58.56928825378418,0.3116697147488594,1.1119831055402756,5.881920665502547,16.755467116832733,0.43361715227365494,0.2503247335553169,0.60572549700737,4.049645334482193,4.825629852712154,6.1755808889865875,84.12402185797691,3.6829134821891785,2.7206041887402534,3.7799612879753113,3.007887840270996,1.9555937945842743,1.2976422160863876,0.0,0.9907875955104828,31.671905279159546,3.6287970542907715,1.5248966217041016,26.123704433441162,8.816834457218647,0.2061832696199417,0.4479200951755047,0.9947596415877342,0.44312773272395134,2.4340486750006676,0.5530073121190071,1.7181636840105057,0.7769364267587662,1.437859170138836,5.62476921081543,0.5868439581245184,4.375707507133484,0.42593271285295486,3.7530817687511444,0.6737950444221497,1.7591562867164612,1.0152372121810913,1.2210362255573273,1.3223799243569374,8.168781191110611,5.635955482721329,0.9554811716079712,6.722721040248872,5.784266889095306,2.8946585953235626,0.8874057680368423,1.2287614345550537,4.033013075590134,0.910254716873169,1.521276831626892,0.3437293693423271,0.45421503484249115,0.632766030728817,2.17873178422451,0.9515112340450287,0.42725756764411926,2.5103713274002075,0.8520065248012543,0.0,1.136005662381649,0.8272035866975784,0.7517203688621521,0.9096934273838997,0.9473664164543152,0.9035536274313927,1.3746322616934776,3.2520711421966553,2.5509653091430664,4.008785903453827,65.12354284524918,1.4290746599435806,3.00071382522583,7.645174562931061,0.8692130446434021,0.356951542198658,0.3128848373889923,0.851699948310852,24.77581024169922,6.913430094718933,1.7726609408855438,0.6419646367430687,2.764130560681224,0.23900300264358526,11.762016773223877,48.34441611170769,41.52263081073761,6.869778633117676,4.935848236083984,1.2987467125058174,1.9878625869750977,0.7890796661376953,1.4709779620170593,0.8044261336326599,0.5326835811138153,0.6330368220806122,2.673457771539688,1.3987119048833847,5.403139412403107,0.8253829479217529,0.4519161134958267,1.7223657667636878,0.9559309482574463,0.18701672554016113,0.10325486212968826,0.3308448791503906,0.0,0.15989470481872559,0.7665876746177673,3.0012792125344276,0.38783755898475647,0.6289529800415039,20.238396525382996,3.568371891975403,1.5623470544815063,3.971710205078125,1.5983432531356812,0.8863976448774338,1.904188022017479,7.115808129310608,0.5894092619419098,0.8318740725517273,5.028901219367981,0.9322020411491394,8.839573189616203,0.6777118518948555,138.83303716778755,39.63085904717445,10.112485438585281,1.354917012155056,5.5370111763477325,1.9293954130262136,0.2865220159292221,15.472383499145508,1.638894248753786,0.0,12.52275949716568,5.436766222119331,12.26692657917738,1.0630629323422909,10.475560426712036,1.3493997752666473,7.148750215768814,2.727351889014244,5.9000959899276495,0.0,1.8518669921904802,6.682068407535553,18.1893473751843,0.7481653634458781,0.0,22.208675861358643,3.471889788284898,1.4888128023594618,23.055317096412182,10.934993326663971,0.0,1.6146527081727982,2.4935889486223464,1.1746366322040558,0.0,8.721073884516954,11.83124828338623,3.4440150652080774,0.0,0.0,0.0,0.0,6.720311790704727,35.88580413162708,0.0,7.223513960838318,0.0
TEST_04+7일,6.652897745370865,0.4494050592184067,13.449953198432922,9.325724005699158,0.9688252806663513,1.0889672935009003,0.5840652287006388,0.2664949595928192,0.9729523658752441,1.4566516876220703,0.8140785992145538,0.641572505235672,0.4485027641057968,0.23574617505073547,1.439274787902832,0.0,26.51378631591797,1.1019695848226547,1.811844527721405,0.0,3.4203844368457794,0.35669713467359543,0.9209892153739929,0.9659864455461502,3.6447704322636127,4.609109647572041,5.789462864398956,28.39425580203533,3.1106530129909515,3.1062048077583313,3.9664037376642227,4.080925941467285,2.0103624761104584,1.1102122068405151,0.0,1.4638853073120117,41.79018497467041,3.8298346996307373,1.801144927740097,32.97736668586731,6.987666554749012,0.24513043463230133,0.3155047073960304,1.1427217870950699,0.5593838915228844,2.9329903870821,0.5328530818223953,1.28655643761158,0.8798270374536514,2.1082509458065033,8.146183103322983,0.5080651827156544,5.322930157184601,0.44896041601896286,3.4825769662857056,0.8074929714202881,1.7938755452632904,0.9845360219478607,1.074618324637413,1.1548937559127808,15.959486603736877,8.75150017440319,4.8968784883618355,7.1873972713947305,7.558345645666122,4.197624176740646,0.8680839389562607,1.3019843101501465,3.839142233133316,0.5456957221031189,1.6342626512050629,0.5438840016722679,0.6672441214323044,0.7292782813310623,2.320276200771332,0.7577112894505262,0.4187958687543869,2.811651885509491,0.9147244989871979,0.0,1.5201281905174255,0.9585176333785057,0.6829729676246643,0.9099812060594559,0.7857082486152649,0.9949581697583199,1.4856922626495361,3.4985378980636597,2.335079401731491,5.4706390500068665,11.309107147157192,1.3327074721455574,4.986074447631836,13.202273547649384,0.7290424965322018,0.4152946174144745,0.28299829363822937,0.8401038646697998,15.796499252319336,13.473509550094604,1.954479306936264,0.694067120552063,3.5398591589182615,0.16366538405418402,150.83130860328674,2.127169221639633,48.25443184375763,7.384820461273193,4.0518991351127625,1.583906501531601,2.521510422229767,0.5979236215353012,1.9520922303199768,0.9504644870758057,0.5946032255887985,0.6871299594640732,2.9192452132701874,1.3183757364749908,6.465434640645981,0.9482970237731934,0.5190541967749596,0.0,0.5947118401527405,0.21139836311340332,0.0,0.44368600845336914,0.0,0.03533622622489929,0.2168782353401184,0.0,0.15259972214698792,0.07344228029251099,12.480135262012482,6.3526358008384705,3.234888732433319,5.807371139526367,3.199460208415985,1.305098608136177,1.9068163186311722,9.4866544008255,1.9586121439933777,0.7495099157094955,5.591917634010315,2.4081296920776367,9.98049769923091,0.8813701644539833,2.779034785926342,3.6802333593368486,10.246462002396584,1.5163785517215729,5.475097469985485,2.6328378776088357,0.4122769832611084,19.376508235931396,0.43235868215560913,0.0,9.550178162753582,7.967801168560982,12.475697211921215,0.20045219734311104,9.346397630870342,0.9835757240653038,7.216091334819794,2.2172283455729485,6.162076011300087,0.0,2.1254205778241158,7.010610327124596,17.16627043485642,2.414268348366022,0.0,20.165257930755615,3.7312732469290495,0.8728510066866875,22.596535313874483,9.111129574477673,1.0996698960661888,2.338473618030548,3.992160633206368,0.0,6.609811156988144,8.217087276279926,23.35318422317505,2.8340668566524982,0.0,6.079323787242174,0.0,0.0,0.0,38.49469603598118,5.8269548416137695,6.318415984511375,5.141772292554379
TEST_05+1일,1.411861814558506,6.9860915914177895,10.605216652154922,3.082736521959305,0.42672857642173767,1.2174879387021065,0.0,0.24678463488817215,1.0578082241117954,0.2270371913909912,0.5356772057712078,0.0,0.27582798153162,0.32338137924671173,0.4140704870223999,0.0,3.8660459518432617,0.3256126344203949,0.36148687452077866,9.731301695108414,1.427439395338297,0.9660897701978683,0.0607453566044569,0.7669699396938086,4.507846862077713,2.520532440394163,4.240139186382294,11.859469905495644,13.946912169456482,4.480984449386597,3.3833227157592773,2.6515560150146484,1.6100320219993591,1.2918284386396408,0.0,4.468731880187988,54.49016308784485,5.004534959793091,0.9206129796802998,32.22419047355652,18.975131452083588,1.118837594985962,0.11704010888934135,0.8868524804711342,0.6242324560880661,1.617164708673954,0.5441843345761299,7.00138396024704,0.41748668625950813,4.025013715028763,20.338245570659637,0.8709377087652683,10.830968141555786,0.8579854890704155,1.7855950891971588,0.7746532559394836,0.9658750928938389,1.4019516557455063,1.079323723912239,0.6585618294775486,5.720493644475937,9.48479600250721,7.297137022018433,15.021081238985063,8.489241153001785,1.3096696138381958,0.4475177899003029,1.2282453775405884,4.530486226081848,0.8291149139404297,1.7450550198554993,3.1029904261231422,0.1121530681848526,0.5892362929880619,3.0389106273651123,0.8088412173092365,0.5740479379892349,2.1696937680244446,1.018217146396637,1.222494900226593,1.989482045173645,0.5589800700545311,1.081647127866745,1.0136542841792107,1.9595169425010681,1.6617419123649597,1.8913573622703552,1.4569688737392426,2.1858896017074585,2.9791140407323837,0.0,1.4570978432893753,4.38604211807251,15.108394026756287,0.6910589821636677,1.1844618618488312,0.8346078395843506,0.6426299810409546,13.729442596435547,4.7194404900074005,0.8060348555445671,0.6087329015135765,1.5001278556883335,0.0,110.03898531198502,5.372172966599464,37.74352902173996,4.844566345214844,2.8245450854301453,1.85406294465065,6.365492939949036,0.5692413449287415,1.2949868738651276,0.4657447040081024,0.572515681385994,0.9033789932727814,2.033939614892006,1.4747774302959442,1.8035776168107986,1.1780649423599243,1.707024946808815,0.0,0.33326444029808044,0.17810702323913574,0.006464265286922455,0.10262022912502289,0.12169414758682251,0.08224406838417053,0.1227983683347702,0.8724707588553429,0.15007174015045166,0.09307130426168442,14.622420072555542,7.00872015953064,3.5263466238975525,2.7893781661987305,4.2074063420295715,1.9907110333442688,2.1904056072235107,9.7133569419384,2.9096125960350037,1.5086776614189148,3.8416181802749634,3.344883680343628,56.78549310564995,55.97813630104065,35.66713434457779,8.428374379873272,84.10170882940292,70.23169657588005,59.341488778591156,1.1837436817586422,4.099972665309906,186.7507095336914,88.70843723416328,221.44152462482452,85.01121973991394,25.941978842020035,7.00959138572216,69.17168140411377,84.96860548853874,9.09234844148159,47.19791305065155,15.683869466185568,110.27060043811798,55.71252518892288,34.00332069396973,0.09164616465568542,938.3316324353219,499.68898755311966,81.64557874202728,406.39389419555664,35.981446623802185,107.03747937083244,88.3950532823801,276.0319665670395,58.85503205657005,8.547890901565552,122.46146708726883,108.81827056407928,0.4236423149704933,3.819026406854391,5.601644039154053,0.0,1.9623381271958351,7.168399348855019,0.0,21.921995114535093,0.8417671546339989,3.550967168062926,0.14777064323425293,0.565077893435955,3.6552603691816334
TEST_05+2일,3.245342254638672,8.036291185766459,11.28844165802002,1.964804083108902,0.3107597231864929,0.9751604422926903,0.0,0.14714664220809937,1.689175732433796,0.21916666626930237,0.6923778913915157,0.21716047078371048,0.2936084344983101,0.21787652373313904,0.38601474836468697,0.046900808811187744,6.1565351486206055,0.8884280025959015,0.5077908486127853,7.9649258852005,0.0,1.1758537739515305,0.0463467612862587,0.6988307610154152,6.94407731294632,1.659342460334301,3.563820406794548,1.0643478408455849,13.79560112953186,5.077785432338715,3.584406226873398,1.6945493817329407,1.6239751502871513,1.2684309482574463,0.2243965119123459,3.2314839959144592,44.29025590419769,5.378125190734863,0.7754397019743919,27.665160298347473,22.8957616686821,1.0205276310443878,0.0,0.5011295937001705,0.5888399183750153,2.7410743981599808,0.5223742127418518,6.357446074485779,0.4921210929751396,3.407406210899353,22.16895705461502,0.7891322709619999,10.59924566745758,0.9145996123552322,2.21794331073761,0.7896366119384766,1.1187025420367718,1.4141569063067436,1.257395178079605,0.34300434589385986,8.757510557770729,8.76420646905899,6.568406358361244,15.692082285881044,8.888039365410805,1.129753790795803,0.7079800665378571,1.2683005332946777,4.078876286745071,1.5150237083435059,1.6483932733535767,3.0604222789406776,0.06044674664735794,0.5890584625303745,3.219957947731018,1.2087343409657478,0.5251521058380604,1.7376490831375122,0.7441819086670876,1.288002848625183,2.334801435470581,0.8406855762004852,1.0209891945123672,0.9997636824846268,1.9281295537948608,1.7078797668218613,1.9745635837316513,1.5439755320549011,2.318817287683487,3.7830806970596313,0.0614779070019722,1.5115001648664474,3.0401623249053955,15.394228547811508,0.9453442841768265,1.0610950738191605,1.031540870666504,0.5582590103149414,10.821764945983887,3.7777572870254517,0.684358187019825,0.6111388728022575,2.0440247282385826,0.019949853420257624,0.0,109.94623947143555,39.216864824295044,3.4129679203033447,3.1857971996068954,1.333437129855156,6.263445317745209,0.4970908910036087,1.3009949326515198,0.48312124609947205,0.5076494514942169,0.9690402746200562,1.7984403222799301,1.498902902007103,2.0442595183849335,1.4775536060333252,1.7334878146648407,3.914717659354211,0.5312153697013855,0.1778857707977295,0.0,0.19916854798793793,0.2711465358734131,0.12933245301246643,0.08824311196804047,1.3628597259521484,0.21127818524837494,0.13269636034965515,5.236002802848816,3.8880375027656555,1.629548504948616,3.7171950340270996,3.7116920948028564,0.9094198048114777,1.685770645737648,7.764120399951935,2.145763099193573,1.8914764523506165,2.8370808362960815,2.4767637252807617,50.29810282588005,42.86235594749451,1.7221079021692276,18.80714491009712,84.4279922246933,58.048462718725204,59.24660196900368,0.7358567789196968,4.178623616695404,131.82667541503906,56.82495832443237,118.4958256483078,78.37585759162903,27.220498472452164,9.344220533967018,75.07304048538208,78.23909521102905,8.846466571092606,43.596113443374634,17.03738397359848,82.89518666267395,39.83257122337818,34.5171332359314,0.1261567696928978,687.4083862900734,517.3423568308353,76.73938500881195,218.01361465454102,32.11530478298664,64.28973752260208,83.87004673480988,211.689960360527,40.507144033908844,9.916736006736755,107.18785879015923,109.2317646741867,4.6811733096838,3.902406431734562,4.8104424476623535,1.625257607549429,2.9100668653845787,11.350136052817106,0.0,24.24076449126005,2.547050826251507,1.2834311500191689,2.7127314805984497,0.16277079284191132,3.978077441453934
TEST_05+3일,5.676732569932938,8.034597555175424,4.565540611743927,1.7579485028982162,0.2698160707950592,0.9795207679271698,1.3835282921791088,0.0,4.123890280723572,0.1599208414554596,1.157580390572548,0.19377762079238892,0.31014177203178406,0.2216833531856537,0.0,0.03551464527845383,11.289702415466309,1.1310999244451523,0.632982149720192,12.030193626880644,0.5527069419622421,1.4384514689445496,0.16119714081287384,0.3569137081503868,13.463663935661316,3.0425341799855232,3.2827382683753967,30.74274638295174,14.68433141708374,4.7771027237176895,3.6371937319636345,2.103177487850189,2.1382063031196594,1.0783962458372116,0.02104051411151886,1.9496718049049377,33.06919622421265,5.199289798736572,1.0356856137514114,25.283445477485657,20.29697759449482,0.8970367908477783,0.32041129656136036,1.1626222990453243,0.46786991506814957,2.8725428208708763,0.42678605765104294,4.765048563480377,0.45182815939188004,2.8131726682186127,24.35073435306549,0.7860123440623283,10.602593064308167,1.1039101257920265,2.873521327972412,0.9315621256828308,1.1409804970026016,1.4064300805330276,1.152469977736473,0.7486095651984215,12.906984686851501,8.061880096793175,7.173436403274536,15.456238687038423,7.2285908460617065,1.0522102639079094,0.6337286084890366,1.2320177555084229,2.961731404066086,0.12058615684509277,1.6661667823791504,3.0896907672286034,0.04106961190700531,0.7734579853713512,3.1246626377105713,1.397758461534977,0.8762956783175468,1.5754796862602234,1.0766518115997314,2.169195234775543,2.140487462282181,1.1658449470996857,0.9953349828720093,0.8609538897871971,2.0490623116493225,1.8142225369811058,1.7728005647659302,1.4584127068519592,2.366572454571724,4.317297339439392,10.3148707523942,1.372771441936493,2.1186037063598633,13.664911389350891,0.8116257339715958,1.0511613637208939,1.1247040033340454,0.43337973952293396,14.729461669921875,2.198147088289261,0.7205992564558983,0.8590516522526741,2.521106041967869,0.10521289706230169,10.872899040579796,127.85938823223114,37.03702837228775,2.6046242713928223,3.3349417448043823,0.992859497666359,4.464496672153473,0.6475234031677246,1.3683852553367615,0.5502588748931885,0.4966008961200714,0.8818375468254089,1.6663879305124283,1.4778856858611107,1.8669197410345078,1.8721176385879517,1.8060007393360138,4.816515669226647,0.4817143380641937,0.17727875709533691,0.08826558291912079,0.36272701621055603,0.3049081563949585,0.2925644814968109,0.2371201515197754,1.6919741369783878,0.2662767171859741,0.18465308845043182,8.278490602970123,3.0042528808116913,1.0184667706489563,5.43339204788208,2.3976148664951324,0.5380943939089775,1.4479690790176392,7.270190119743347,0.8452749252319336,1.8844095468521118,2.244197130203247,2.28598690032959,46.77821508049965,43.86243939399719,0.0,19.20711815357208,83.00819456577301,53.687162697315216,56.856372475624084,0.4824209585785866,4.374176234006882,142.24206733703613,68.74741092324257,73.4753957092762,66.72380602359772,29.3242909014225,7.30188712477684,70.29465973377228,81.30716443061829,7.41073751449585,37.92558968067169,21.63870719075203,76.49174925684929,45.47979497909546,26.357447862625122,0.0,455.3705142140389,416.5223308503628,80.31135798990726,212.1197681427002,30.05356004834175,52.71549765765667,83.14694066345692,164.09555244445798,30.865532785654068,9.06183797121048,102.78803446888924,77.96282410621643,1.9987528771162033,3.655722215771675,4.933808326721191,0.5948498174548149,3.685909863561392,10.44730918109417,0.0,29.950452875345945,3.5330989211797714,0.48450580611824995,3.8042056560516357,1.0294090546667576,6.722945749759675
TEST_05+4일,8.289263546466827,10.29187973588705,3.9197163432836533,2.134063720703125,0.38004687428474426,1.1698103845119476,2.5024759173393263,0.09914518892765045,4.459549322724342,0.10993559658527374,1.6063917428255081,0.08092678338289261,0.3871403932571411,0.3050995022058487,0.019891977310180664,0.10321415960788727,13.344879627227783,0.6154188960790634,0.5275412946939468,15.782529294490812,3.7111115530133247,1.165757853537798,0.24886060506105423,0.8366026282310486,22.319079965353012,3.952257335186004,3.536717712879181,29.221960067749023,13.899595499038696,4.557477280497551,3.7556283473968506,2.564213991165161,2.090642660856247,1.1833427548408508,0.0,1.2829333543777466,28.12953817844391,5.190433144569397,1.250603087246418,24.057262539863586,17.42655746638775,0.837496817111969,0.28891004621982574,1.0650270134210587,0.6085373982787132,1.744926542043686,0.3889072686433792,4.54416036605835,0.4114133305847645,2.9953024834394455,25.36913138628006,0.7395842708647251,9.879157304763794,0.9300266057252884,3.517475724220276,0.7928157448768616,0.9846631437540054,1.4264681860804558,1.3148899376392365,1.1917703300714493,16.187541037797928,8.497525155544281,7.621405184268951,16.43533819913864,5.468311384320259,1.1881768107414246,0.6538231819868088,1.1912901401519775,2.5794094800949097,1.1081057786941528,1.9243723154067993,3.0682269483804703,0.16255546361207962,0.5884136259555817,3.0243556201457977,1.2254534214735031,0.6483784317970276,1.684871256351471,1.097882479429245,3.278812050819397,1.659097120165825,1.34716334939003,0.9908980131149292,0.8710855431854725,2.0055708289146423,2.3884972780942917,1.8675791919231415,1.3341253101825714,2.436392903327942,4.407324492931366,12.83591440320015,1.4628162682056427,3.105043888092041,12.276929020881653,0.9484272003173828,1.000731736421585,1.1413719654083252,0.3039744794368744,15.035560607910156,3.8279493004083633,1.1468929946422577,1.0352400243282318,1.843894124031067,0.044585943222045954,4.154576040804386,111.1860511302948,29.95533138513565,2.3802802562713623,2.8956954777240753,0.7751330137252808,3.234463557600975,0.9806369245052338,1.5409859418869019,0.6173121929168701,0.45863333344459534,0.8066537976264954,1.9363108277320862,1.3687827289104462,1.803899958729744,2.1458749771118164,1.8872953653335571,12.725163742899895,0.22638686001300812,0.17799293994903564,0.03507998585700989,0.4738985598087311,0.6457584500312805,0.49363648891448975,0.18798793852329254,1.567672397941351,0.2821189761161804,0.23147888481616974,4.238945245742798,2.32448410987854,0.6594119071960449,5.961236000061035,1.3829046487808228,0.7847495824098587,1.378669112920761,6.573086977005005,0.37816791236400604,1.3020178377628326,1.980391502380371,2.1927037239074707,51.17803931236267,50.64952772855759,21.18824341893196,29.714835137128826,82.87190651893616,49.50466275215149,57.63749289512634,1.2819557823240757,4.095429539680481,146.39113426208496,59.67969372868538,63.313915967941284,62.554555475711815,29.92986172437668,11.096227560192347,70.37262868881226,72.18214616179466,7.225254714488983,33.95026755332947,25.34708502888679,69.26698297262192,39.759309232234955,21.390783190727234,0.12200282886624336,435.14257159829145,358.77183213829994,80.86728537082672,227.5312957763672,28.026942662894726,59.166747719049454,77.98058745265007,158.60811641812322,28.181997284293175,6.115496069192886,113.47270983457565,66.59193992614746,2.3391055539250374,3.515037586912513,4.476011753082275,2.3225667364895344,3.69817902892828,10.449141643941402,0.0,41.9225949421525,4.842024073004723,1.0736070051789284,3.666931986808777,0.7929410710930824,5.581866465508939
TEST_05+5일,8.407317817211151,9.295368075370789,4.5269495844841,2.0819588899612427,0.49709054827690125,1.735651209950447,5.945686727762223,0.28958314657211304,3.053823933005333,0.21812379360198975,0.5857451073825359,0.3043510168790817,0.394618883728981,0.08489935845136642,0.9343330711126328,0.1606723666191101,22.308292865753174,0.32852181419730186,0.3762987032532692,25.943134903907772,6.178024724125862,1.2107154428958893,0.23417513072490692,0.5415978580713272,24.10975807905197,6.0036370530724525,3.483737424015999,13.123461946845055,14.371824264526367,3.95361989736557,3.647129975259304,5.752593040466309,1.63041453063488,1.2118924856185913,0.0,0.4575210437178612,27.064346134662628,5.126945972442627,1.1370555683970451,25.200634479522705,14.41924849152565,0.8256950974464417,0.27170898392796516,1.0159307271242142,0.471420306712389,0.960399404168129,0.4151034727692604,4.62245100736618,0.4147961772978306,3.806411512196064,23.395960688591003,0.7429852336645126,10.218668103218079,0.7503195405006409,3.21552175283432,0.6749987304210663,1.1751907020807266,1.39140634983778,1.1458473354578018,1.987725704908371,27.303492546081543,7.6455677300691605,9.536089643836021,16.641424983739853,4.898967258632183,1.5341494679450989,0.8480875343084335,1.2125667333602905,3.84216845035553,0.5212616920471191,1.8554715812206268,3.2568439841270447,0.209394171833992,0.5638633668422699,2.93072372674942,1.2603961005806923,0.9009649604558945,1.8441186547279358,1.1457747220993042,3.7701226472854614,1.304064691066742,1.1738388687372208,0.9533444046974182,0.7582525536417961,2.1187938451766968,2.2711109071969986,1.9201071709394455,1.0817888975143433,2.591480940580368,4.814761966466904,29.833630084991455,1.506108582019806,3.5780694484710693,11.961884051561356,0.8566954396665096,0.8698856085538864,1.1978508234024048,0.20639431476593018,18.17012596130371,6.59541654586792,1.3907411992549896,1.0047645270824432,1.765496633015573,0.05963867902755743,4.5930721163749695,90.9117870926857,33.166412472724915,3.063661575317383,2.807135909795761,0.8004244267940521,2.878871373832226,1.1695519834756851,1.4790405929088593,0.6899828910827637,0.4638677090406418,0.8109080493450165,2.7944616079330444,1.4472282379865646,1.484557718038559,1.5927680730819702,1.7125348150730133,11.39317786693573,0.15794259309768677,0.16965818405151367,0.2008630782365799,0.565535306930542,0.7789815068244934,0.6872549653053284,0.22691425681114197,0.666140541434288,0.21757960319519043,0.20985057950019836,15.761224925518036,2.8906289935112,0.315637381747365,4.48048210144043,0.7020816206932068,0.4045835882425308,1.662179410457611,7.053934782743454,0.7241986244916916,0.3097451850771904,2.079641819000244,1.34798264503479,52.97390207648277,65.57911944389343,24.136330883949995,51.19850754737853,81.743612408638,50.45771786570549,58.35456210374832,1.8487621936947107,4.593179941177368,123.66044044494629,59.530871361494064,61.09855479001999,65.1340337395668,31.806364357471466,12.117830123752356,63.699501156806946,73.33227515220642,6.816702961921692,36.41380977630615,22.905723720788952,67.86928868293762,48.88751542568207,20.930788099765778,0.0,402.7427123188973,358.72457894682884,91.22960105538368,206.27255821228027,25.33918771147728,77.71013197302818,82.42680384218693,175.3455170691013,28.967747911810875,5.039923220872879,133.576529443264,56.82579159736633,0.3361286632716656,3.541640769690275,6.361295700073242,3.0899384319782257,4.361422471702099,8.08601900190115,2.4104155972599983,35.61198960989714,6.140511129051447,1.3084104433655739,3.009716510772705,0.5142776370048523,3.7920174002647404
TEST_05+6일,5.45247483253479,8.52548487111926,2.5675484389066696,2.0484084635972977,0.49993929266929626,1.2382079064846039,6.656282126903536,0.13574795424938202,1.072286732494831,0.23093652725219727,0.6173655018210411,0.618377298116684,0.39091193675994873,0.14978250861167908,1.2960075661540031,0.012498944997787476,29.05334758758545,0.3630873113870621,0.28737717121839523,23.127220183610913,7.2507142797112465,1.1177105531096458,0.28167061507701874,0.6056741997599602,22.327796041965485,6.412894651293755,4.252140462398529,70.94481006264687,13.964193105697632,3.4991642832756042,3.57544282078743,7.096172332763672,2.0264923572540283,1.341537281870842,0.0,1.8491385877132416,31.08119225502014,5.137783527374268,1.2236561626195908,24.53022539615631,15.34845669567585,0.8141843974590302,0.4479200951755047,0.9911397621035576,0.4163177087903023,1.1089369878172874,0.29502566903829575,5.138869673013687,0.4068766199052334,4.933890342712402,18.66465699672699,0.7431373186409473,10.273085832595825,0.7753631919622421,2.495144248008728,0.6517336070537567,1.1635908372700214,1.362914502620697,1.2207059115171432,2.107575297355652,28.222402274608612,7.653074562549591,11.558262467384338,15.517621517181398,5.216393955051899,1.8675759136676788,0.7646893411874771,1.2224349975585938,4.3229135274887085,0.910857766866684,2.220556139945984,3.513409197330475,0.23439303040504456,0.625518836081028,2.695114240050316,0.9864517003297806,0.5473179370164871,2.1069785356521606,0.8802973926067352,3.2637859582901,2.0516987666487694,0.7595419138669968,0.9055918455123901,0.7760273292660713,2.0729777812957764,2.0390926599502563,1.7874150276184082,0.8571891188621521,2.604070097208023,4.723991721868515,23.562285363674164,1.501986339688301,4.702995777130127,13.011029809713364,0.8695699200034142,0.8434780687093735,0.9742627143859863,0.3615995943546295,17.91720199584961,8.49374806880951,1.709774672985077,0.8162974193692207,2.57636115886271,0.14057657122612005,39.62753929197788,108.93134725093842,35.05573207139969,3.6292951107025146,2.726671114563942,0.9891967847943306,3.4957125782966614,0.8981867879629135,1.5021652579307556,0.7560253143310547,0.38361749053001404,0.846505880355835,3.095872163772583,1.4612320959568024,1.4696050435304642,0.6782474517822266,1.805130809545517,13.090330243110657,0.27559489011764526,0.21243047714233398,0.5908730030059814,0.6973963975906372,0.45913568139076233,0.7129363417625427,0.5224067866802216,1.574958711862564,0.15789878368377686,0.1082889512181282,22.48268872499466,3.144879013299942,1.103430137038231,3.2399213314056396,1.111440733075142,0.44159550219774246,2.005949690937996,8.23383629322052,1.0121694803237915,0.5700729489326477,2.14710795879364,1.6446188688278198,54.322180330753326,84.37149834632874,33.156400978565216,36.88843443989753,73.8799238204956,54.29417073726654,60.35479032993317,1.9293954130262136,4.66507762670517,218.40511894226074,132.3337286710739,87.34226351976395,72.24087655544281,26.13668382167816,12.318334691226482,68.27938145399094,83.50471824407578,6.805984854698181,37.27697777748108,18.11865234375,73.23251849412918,83.4026143848896,24.936393409967422,0.057076169177889824,521.9452851712704,389.5020381510258,92.37761950492859,359.5405387878418,29.675068840384483,107.93409249186516,95.23557528853416,227.69916707277295,39.29142954945564,4.424907237291336,159.44512808322906,68.27601224184036,1.2781275399029255,3.541220985352993,5.475285172462463,4.24867656826973,3.6298060417175293,8.341067384928465,1.8643856793642044,30.23070489987731,4.7797441855072975,1.025053083896637,3.726657211780548,0.7127842828631401,5.978892832994462
TEST_05+7일,2.1465540900826454,8.560313170775771,4.545368403196335,3.1711286455392838,0.3854060471057892,1.3496603965759277,4.807365655899049,0.2664949595928192,0.7547852993011475,0.2766914367675781,0.7372775673866272,0.46700817346572876,0.4215521961450577,0.23335042595863342,1.4376824833452702,0.0,25.47246265411377,0.34982189908623695,0.3753781020641327,10.80150993168354,5.7123773247003555,1.0284388400614262,0.20086578279733658,0.9659397080540657,19.767936915159225,6.808106414973736,4.810146287083626,80.99956148862839,14.655428886413574,3.58706271648407,3.469733387231827,4.240968346595764,2.071981891989708,1.1352026164531708,0.0,3.828769624233246,40.39894485473633,5.250866889953613,1.2610170990228653,25.71232271194458,14.293835401535034,0.7662076503038406,0.3155047073960304,1.1263257414102554,0.5344028472900391,1.4360047690570354,0.2931511774659157,5.928489625453949,0.701540719717741,4.573411658406258,18.375361263751984,0.666906202211976,10.347437739372253,0.7896835058927536,2.059040129184723,0.8125863075256348,1.3457754254341125,1.2934580072760582,1.0751296877861023,1.3026801645755768,15.717449724674225,7.799335420131683,9.671227008104324,14.679066985845568,7.264333963394165,1.6259665191173553,0.7252819240093231,1.2389907836914062,2.932075947523117,0.5484852194786072,2.0996619760990143,3.0864501371979713,0.35474464297294617,0.7250673808157444,2.7450625598430634,0.8470529392361641,0.542281698435545,2.2433422207832336,0.7363671958446503,2.134752094745636,2.0446158200502396,0.683644987642765,0.9242628514766693,0.7962599024176598,1.9092625379562378,1.7985849976539612,1.9641574174165726,0.9413779377937317,2.3364261090755463,3.5110450387001038,24.428749568760395,1.4112243950366974,4.431783676147461,12.523269355297089,0.7294424064457417,1.0731745511293411,0.9928955435752869,0.6518257856369019,13.013274192810059,7.110874593257904,1.3786763548851013,0.6559994518756866,3.2541953027248383,0.0654165148735047,155.471613407135,2.2777491956949234,41.585357308387756,4.321541786193848,2.9797126203775406,1.531832069158554,4.522469267249107,0.4181262105703354,1.4226486682891846,0.8371692895889282,0.3631187528371811,0.9783267974853516,2.890824258327484,1.3528382331132889,1.672341451048851,1.2067269086837769,1.8148871660232544,24.935770630836487,0.40000325441360474,0.2307807207107544,0.4623863697052002,0.6116950511932373,0.1724182665348053,0.39926958084106445,0.5995922684669495,2.316857472062111,0.19945135712623596,0.06357710063457489,13.102053105831146,5.752446830272675,3.378095716238022,2.654501438140869,2.0350483059883118,1.0294779390096664,2.0707240998744965,9.203632175922394,1.5029271841049194,0.1451629176735878,2.3396748304367065,3.338322639465332,53.95154929161072,77.9910933971405,56.87536059319973,33.99313956499099,71.25212931632996,72.35711145401001,59.396232694387436,2.6328378776088357,4.725526034832001,283.37086486816406,166.39603972434998,144.62436652183533,74.91224694252014,16.791203171014786,12.529357261955738,65.82154977321625,90.16746640205383,7.2247022688388824,45.53322696685791,14.759065747261046,93.78199625015259,93.83859604597092,31.2580127120018,0.3343268483877182,759.0699033141137,457.2172239124775,103.31240120530128,580.5217514038086,34.957771830260754,117.84427946805954,95.06617474555969,279.7703012228012,57.358338952064514,5.996532917022705,184.94322568178177,83.91449719667435,2.3642339408397675,4.948482438921928,7.708521366119385,5.284306097775698,3.5549831092357635,9.86971478536725,0.0,27.20895716920495,3.842299450188875,3.723933240398765,7.124548673629761,1.0021867901086807,5.1112493351101875
TEST_06+1일,2.8493455350399017,6.9860915914177895,5.588338553905487,1.539843499660492,0.7473832368850708,0.7071813344955444,1.9684976041316997,0.24678463488817215,1.4602447897195816,0.9996622800827026,0.501157846301794,0.21778497844934464,0.3325798362493515,0.32338137924671173,0.4140704870223999,0.0,7.284636497497559,0.34518657624721527,0.5094107016921043,13.641730338335035,3.852823294699192,0.28367248736321926,1.4176236391067505,0.7674538437277079,18.475931972265244,10.126178339123726,5.056020051240921,45.20224855840206,10.526253938674927,3.9334422051906586,2.8875928670167923,2.1460654735565186,1.6936177611351013,1.1792069375514984,0.0,7.876183986663818,22.692285299301147,7.116841793060303,3.2057907432317734,21.873675286769867,15.126233369112015,2.1899810433387756,0.11704010888934135,0.8625481873750687,0.5032641738653183,2.018788829445839,0.44540297240018845,3.449940323829651,0.4970293492078781,3.3896960467100143,24.577877521514893,0.8292439766228199,10.728072166442871,0.533460259437561,4.912652492523193,0.5539147853851318,1.4854511469602585,1.3132001087069511,1.078968733549118,0.8882620707154274,3.427165701985359,6.216337233781815,3.9998327493667603,12.782813012599947,8.820896968245506,2.118993192911148,0.6537221297621727,1.2656192779541016,2.8428666591644287,0.8283799886703491,1.7034628987312317,2.6165366172790527,0.7527796924114227,0.588735792785883,2.254664897918701,0.6522811129689217,0.6629126518964767,2.6500784754753113,0.9681784510612488,4.943658113479614,1.3292748183012009,0.7995209097862244,1.2210386991500854,0.9204495325684547,1.9180630445480347,0.8674747459590435,1.6332127749919891,2.7747636437416077,2.5152519941329956,1.891969621181488,23.51074092835188,1.4518709927797318,4.775820255279541,7.631063237786293,0.6919268220663071,3.2986974716186523,0.4454410672187805,0.6893957853317261,13.821983337402344,3.822923183441162,1.376738727092743,0.6092468276619911,0.6861862540245056,0.03733897209167486,13.643957167863846,93.96516579389572,45.10737204551697,2.548624277114868,1.8313584923744202,1.0758796781301498,3.5581298172473907,0.4172325134277344,1.4557304084300995,0.6741183996200562,0.4309408664703369,0.9848922193050385,3.2466171383857727,1.417375773191452,0.7953176647424698,1.185234785079956,2.346934139728546,17.8787299990654,0.0,0.08379077911376953,0.13109445571899414,0.34833887219429016,0.13101793825626373,0.2225988209247589,0.3307000547647476,0.6790088340640068,0.09861332923173904,0.09853409230709076,16.7576402425766,8.84088659286499,2.9406672716140747,7.172908782958984,4.633899927139282,1.3372895568609238,1.197203055024147,9.283541887998581,1.438133955001831,0.16888484358787537,5.182254195213318,1.430515170097351,85.80570495128632,37.18854761123657,16.12147849611938,25.792579054832455,61.836550176143646,83.62418156862259,42.85808166861534,28.829373493790627,4.974937677383423,177.76919555664062,84.1217190027237,109.31442922353745,53.27960562705994,16.718678176403046,6.839189417660236,44.55628430843353,72.33616933226585,4.468249335885048,43.54595482349396,11.417949199676512,42.0452810972929,56.727569192647934,32.7313686311245,0.09164616465568542,637.4848583042622,238.61548112332818,83.47295647859573,146.63178062438965,23.24484495073557,103.99177774786949,67.95947629213333,168.16300466656682,46.60258209705353,5.943463504314423,92.77972263097763,78.51556897163391,0.4236423149704933,3.819026406854391,5.601644039154053,0.0,1.9623381271958351,7.168399348855019,0.0,21.921995114535093,0.8417671546339989,3.550967168062926,0.14777064323425293,0.565077893435955,3.6552603691816334
TEST_06+2일,3.215193957090378,8.036291185766459,5.0335908234119415,1.1590107083320618,1.2501038312911987,0.7116303369402885,2.304712295532228,0.14714664220809937,1.0035121366381645,0.359831303358078,0.29782941564917564,0.4115293622016907,0.30348412692546844,0.21787652373313904,0.38601474836468697,0.046900808811187744,13.02169132232666,0.3823677562177181,0.3921745643019676,17.017371520400047,1.991105280816555,0.34552860632538795,0.9370066523551941,0.6983637660741806,21.037769228219986,10.164385288953781,5.839471936225891,22.471042692661285,9.711972117424011,4.266796365380287,3.7085136473178864,2.549362063407898,1.703900158405304,1.1624148413538933,0.2243965119123459,5.1113200187683105,17.286020904779434,6.600043058395386,2.9548779129981995,20.217466294765472,18.74145644903183,2.2018055617809296,0.0,0.5044656097888947,0.6015474200248718,3.4189172238111496,0.4339933395385742,3.0391080379486084,0.5265986993908882,2.6405970752239227,15.583499550819397,0.7013458237051964,10.466897964477539,0.584509402513504,3.9692109525203705,0.5619765222072601,1.5347523242235184,1.3010531812906265,1.2574048340320587,0.9212076812982559,0.0,2.4558815360069275,4.564605757594109,12.315825104713442,7.790490835905075,2.4645136147737503,0.9893486201763153,1.3146438598632812,3.919174075126648,1.5143322944641113,1.5501785278320312,2.7177082374691963,0.1023784652352333,0.5887418277561665,2.443595230579376,1.0858794450759888,0.5896728113293648,2.588312029838562,0.6852297708392143,2.515616297721863,2.745765596628189,1.2412142157554626,1.097731813788414,0.8009696938097477,1.828131079673767,0.6159808859229088,1.7348326295614243,2.011617600917816,2.7930893898010254,1.9108984917402267,27.45494194328785,1.4990932792425156,4.608475685119629,2.8809889405965805,0.9466862827539444,2.9235774278640747,0.41872191429138184,0.6581195592880249,10.103466033935547,2.779737800359726,1.4457106590270996,0.47534648329019547,1.418587826192379,0.05524075031280523,2.8284519240260124,105.30141127109528,47.14200818538666,3.754011392593384,1.7199122607707977,1.3334679454565048,4.905213415622711,0.6337001919746399,1.3437391519546509,0.5990691184997559,0.3852574825286865,1.0266901552677155,3.059894621372223,1.4732078537344933,0.9978923201560974,1.492164134979248,2.382995128631592,94.72263669967651,0.12719815969467163,0.06935000419616699,0.03287040442228317,0.38336074352264404,0.10562492907047272,0.3433866500854492,0.5562375783920288,0.9970412850379944,0.14323297142982483,0.12369807809591293,9.113898873329163,5.7371506690979,3.1079874634742737,4.921072006225586,7.311537861824036,0.829868845641613,1.5934310406446457,6.999347358942032,1.8596198558807373,0.5862999111413956,3.8936591148376465,0.8557941913604736,77.67155948281288,30.50830364227295,32.24932883679867,53.908145874738686,60.37161183357239,32.04898998141289,41.14270859956741,20.99574103951454,4.893230080604553,116.90200805664062,72.09447249770164,69.5572270154953,41.7696008682251,12.716514617204666,9.279675632715225,49.6076180934906,46.61379814147949,4.640458554029465,40.66309428215027,6.8155699968338,32.5861511528492,55.82059961557388,14.626141548156738,0.1261567696928978,540.2848297059536,141.57816633582115,52.79382348060608,82.6594820022583,14.439732380211353,69.97741162776947,19.779166914522648,100.10630208253859,30.178237184882164,2.657612845301628,42.952322408556945,59.03181076049805,4.6811733096838,3.902406431734562,4.8104424476623535,1.625257607549429,2.9100668653845787,11.350136052817106,0.0,24.24076449126005,2.547050826251507,1.2834311500191689,2.7127314805984497,0.16277079284191132,3.978077441453934
TEST_06+3일,3.570108711719513,8.034597555175424,5.028351902961731,1.188717007637024,0.4686150848865509,0.8744028508663177,3.5879937410354628,0.0,1.1595674604177475,0.23260900378227234,0.5460244417190552,0.3660670816898346,0.3093127906322479,0.2216833531856537,0.0,0.03551464527845383,10.745314121246338,0.2992165759205818,0.3767305389046669,23.71276009082794,2.845044270157814,0.4561985433101654,0.27177053689956665,0.3571116775274277,26.05055069923401,8.918783068656921,6.242459714412689,22.955076046288013,10.17234981060028,3.397529363632202,4.308229446411133,3.2713794708251953,2.217985153198242,0.9825065955519676,0.02104051411151886,3.077421486377716,15.440744072198868,6.145641803741455,2.612569034099579,19.574767351150513,17.18500219285488,2.011841982603073,0.32041129656136036,1.2025744654238224,0.5061158463358879,3.562473103404045,0.3574700653553009,3.347157835960388,0.5014489591121674,1.9860850423574448,14.781643331050873,0.694744136184454,9.247151613235474,0.6424779742956161,1.9912848472595215,0.6911695003509521,1.2953913062810898,1.2695899680256844,1.152290940284729,0.623518817126751,0.0,0.0,6.144398421049118,11.279972687363626,3.624959886074066,2.27197527885437,0.8479064851999283,1.325109601020813,2.5350281894207,0.11995196342468262,1.5540257096290588,2.568775601685047,0.23325420916080475,0.7732153795659542,2.3467187583446503,1.328518845140934,0.9841466322541237,1.9290693998336792,0.8623126894235611,0.6203249841928482,2.8855464160442352,1.4236021488904953,1.0985861718654633,0.7571107149124146,1.9775542616844177,0.6333140432834625,1.6064782738685608,1.0426832735538483,3.2529201209545135,1.92767034471035,40.32922890782356,1.3455142229795456,1.3291740417480469,0.7146916538476944,0.8101860582828522,3.1530725955963135,0.39650774002075195,0.6593872904777527,12.783562660217285,2.5458682030439377,1.6017765998840332,0.6445962265133858,2.0517903193831444,0.13779199123382574,20.34516805410385,139.13007879257202,32.02667498588562,4.865794658660889,1.795568659901619,1.4132300317287445,4.63368184864521,1.059751808643341,1.2034625709056854,0.5279185175895691,0.39355283975601196,0.9747450649738312,2.816787511110306,1.439977966248989,0.8907217681407928,1.545853614807129,2.700451910495758,42.30484527349473,0.32071807980537415,0.08790802955627441,0.08023012429475784,0.5077673196792603,0.1652011275291443,0.4053317904472351,0.7811176478862762,1.5254708714783192,0.15300129354000092,0.1485585719347,13.068675994873047,2.2337975800037384,2.064159780740738,3.5362343788146973,6.0429006814956665,0.9094525575637817,0.9427591189742088,6.3325390219688416,2.556722402572632,2.112314522266388,2.1186318397521973,0.26197385787963867,63.84535503387451,34.760609954595566,32.46604159474373,84.42331969738007,57.8907151222229,33.48485371470451,37.57591223716736,17.78210487216711,5.488100588321686,117.62862014770508,136.2442821264267,64.4235451221466,33.29708009958267,9.316011741757393,7.259460613131523,46.23054814338684,40.084243416786194,3.8020428866147995,38.00681698322296,7.719433464109897,28.362930849194527,55.87563908100128,13.221024245023727,0.0,321.7243575751782,81.42264868319035,27.80114257335663,51.65001392364502,12.04863403737545,45.916824370622635,1.4417492155916989,55.85791494697332,13.387690238654613,1.1615756675601006,9.368489950895311,31.255288422107697,1.9987528771162033,3.655722215771675,4.933808326721191,0.5948498174548149,3.685909863561392,10.44730918109417,0.0,29.950452875345945,3.5330989211797714,0.48450580611824995,3.8042056560516357,1.0294090546667576,6.722945749759675
TEST_06+4일,4.399164617061615,10.29187973588705,5.374374613165855,1.4894597232341766,0.18136967718601227,1.8894079476594925,2.78307217359543,0.09914518892765045,0.7457873970270157,0.49768394231796265,0.39900658652186394,0.17991480231285095,0.4461482763290405,0.3050995022058487,0.019891977310180664,0.10321415960788727,11.162310361862183,0.3217071294784546,0.3101000413298607,19.124069899320602,3.5945764034986496,0.4228944703936577,0.1318768858909607,0.8362826853990555,27.873787939548492,10.136737301945686,6.266128063201904,103.5721783041954,9.539383888244629,2.8384872674942017,5.114029213786125,3.0038963556289673,2.176530122756958,1.0876109823584557,0.0,2.8585559129714966,19.70719650387764,6.314742565155029,1.7850491032004356,25.071876168251038,15.073816627264023,1.7931030690670013,0.28891004621982574,1.075692754238844,0.6317793279886246,2.029128208756447,0.35839468240737915,3.7791063487529755,0.5073650665581226,2.2521162927150726,14.761216521263123,0.637025274336338,8.6882044672966,0.5090442448854446,0.7591228187084198,0.5140783935785294,0.8797140419483185,1.1945403963327408,1.3148515820503235,0.284689225256443,0.0,1.560278031975031,7.673253387212753,11.384628266096117,6.220261976122856,1.8269704580307007,0.7750920206308365,1.402671217918396,0.914950393140316,1.1078082025051117,1.7616012692451477,2.378259226679802,0.3763187676668167,0.5884138271212578,2.20223531126976,1.1631242483854294,0.7528591901063919,1.4507668018341064,0.8767057508230209,1.8375125527381897,2.3265573978424072,1.77057646214962,1.0548761487007141,0.8109124191105366,1.845027208328247,0.8667522184550762,1.6255937814712524,0.8249420821666718,3.602080225944519,2.037083148956299,40.45059381425381,1.4336820840835571,1.36735200881958,2.4362386390566826,0.9464442133903503,3.675277829170227,0.4263296127319336,0.6288552284240723,13.20808219909668,3.680160790681839,1.266472578048706,0.7964022606611252,1.1322805844247341,0.0774072408676148,0.0,122.96717154979706,23.338490188121796,5.367147445678711,1.8008874952793121,1.3650490194559097,3.5706065595149994,1.4439165592193604,1.012827605009079,0.4715486168861389,0.2377636581659317,0.9928089380264282,2.3880919218063354,1.3061413690447807,1.1589487940073013,1.8907476663589478,2.666738271713257,170.7618135213852,0.5571860074996948,0.07403981685638428,0.6210719347000122,0.5432424545288086,0.11134367436170578,0.49460726976394653,1.0499219298362732,2.2850481122732162,0.2667463421821594,0.174402117729187,9.690237045288086,2.237260192632675,1.150221824645996,2.677401542663574,3.3098262548446655,0.8388765305280685,2.0894770324230194,6.430774927139282,2.784462869167328,2.2235925793647766,1.5260131359100342,1.2113544940948486,51.890319764614105,39.53557652235031,55.48702774941921,102.90707170963287,56.275254249572754,38.5326369702816,38.31180518865585,18.456677123904228,4.634608805179596,125.79178428649902,150.5032941699028,53.17521598935127,33.765717536211014,7.289300002157688,11.025718655437231,47.1796817779541,40.53398214280605,4.005049847066402,35.78629291057587,7.582011200487613,43.185369461774826,54.941661447286606,16.721343219280243,0.12200282886624336,260.84854689240456,77.88355314731598,18.775362454354763,65.06978034973145,11.962439104914665,47.58468233048916,0.0,35.06892090290785,12.053370848298073,1.5227032229304314,14.894530251622202,21.588439494371414,2.3391055539250374,3.515037586912513,4.476011753082275,2.3225667364895344,3.69817902892828,10.449141643941402,0.0,41.9225949421525,4.842024073004723,1.0736070051789284,3.666931986808777,0.7929410710930824,5.581866465508939
TEST_06+5일,4.326834544539452,9.295368075370789,4.710985943675041,2.1693562269210815,0.21828988194465637,2.7872180342674255,4.280011951923371,0.28958314657211304,1.2288134545087814,0.2859548330307007,0.3135358449071646,0.1950480043888092,0.5294815599918365,0.08489935845136642,0.9343330711126328,0.1606723666191101,9.936869144439697,0.5799378603696823,0.38124825060367584,15.065115898847578,3.2158318012952805,0.3959069922566414,0.13291385024785995,0.5413238927721977,25.37374919652939,9.038373827934265,4.186737075448036,106.22189974784851,9.97114610671997,2.577657163143158,4.494992479681969,2.444731593132019,1.7138793915510178,1.1154300197958946,0.0,1.520257443189621,23.43962574005127,6.466196537017822,1.686089001595974,27.48193860054016,11.633940853178501,1.7382663488388062,0.27170898392796516,1.0136543363332748,0.5210699774324894,0.9573969468474388,0.41517965495586395,3.67998731136322,0.466405414044857,2.713689900934696,15.767808318138123,0.5841279774904251,8.856193900108337,0.5513465031981468,1.332255095243454,0.505420982837677,0.9479171559214592,1.1337082237005234,1.145694985985756,0.1335449106991291,3.267118863761425,3.7295201048254967,9.91536682844162,11.095903784036636,11.309252679347992,1.7574237436056137,0.880879819393158,1.5852655172348022,1.4773183912038803,0.5209469795227051,1.6441571712493896,2.3635299876332283,0.4384230822324753,0.5637476965785027,2.1673239022493362,1.160326436161995,1.0207626968622208,1.3391132354736328,1.064823478460312,2.1770853996276855,1.3584590256214142,1.8586952090263367,1.0380567610263824,0.9174113720655441,1.9937968254089355,0.8504964113235474,1.669674351811409,1.0588981211185455,3.4673783481121063,2.672950431704521,38.170309126377106,1.4405664205551147,1.3982412815093994,6.099948734045029,0.8576354756951332,3.1413254141807556,0.40824365615844727,0.6372843384742737,14.226566314697266,4.937537640333176,1.0821938887238503,0.8400107249617577,0.8923149574548006,0.08916372060775762,7.093121096491814,99.18445658683777,23.32585608959198,4.834537982940674,1.9621985107660294,1.3321358263492584,2.752382680773735,1.3481736183166504,0.7819604873657227,0.4415096342563629,0.14500093460083008,0.9182496964931488,2.3384654223918915,1.3860133960843086,1.3974173069000244,1.856054663658142,2.4057297110557556,65.34280174970627,0.9230124950408936,0.08264899253845215,0.6157689094543457,0.5210192203521729,0.1370396763086319,0.5089014172554016,1.313283383846283,2.6700630113482475,0.3542185425758362,0.1696208268404007,16.31128042936325,2.179807484149933,3.222562164068222,2.1579995155334473,1.9579164683818817,0.9410591721534729,1.840698927640915,8.22085589170456,1.2986868023872375,1.701088786125183,1.6021209955215454,4.4272141456604,48.51628366112709,33.30532360076904,53.02140201628208,102.9435482621193,52.941439747810364,21.86033123731613,38.39791840314865,20.44839669018984,4.927693247795105,84.36457443237305,100.27660354971886,62.866227477788925,36.52352994680405,11.06662280857563,12.105217818170786,44.51350378990173,37.33028531074524,4.264480695128441,39.92881965637207,9.746102124452591,62.965456902980804,59.65624478459358,13.8135786652565,0.0,237.72770774364474,107.37058433890343,6.254361670464277,36.69111680984497,10.649033099412918,64.00341734290123,5.057128235697746,39.5530235543847,10.538176745176315,3.488309860229492,16.49808368086815,20.139931812882423,0.3361286632716656,3.541640769690275,6.361295700073242,3.0899384319782257,4.361422471702099,8.08601900190115,2.4104155972599983,35.61198960989714,6.140511129051447,1.3084104433655739,3.009716510772705,0.5142776370048523,3.7920174002647404
TEST_06+6일,3.4019107818603516,8.52548487111926,4.375036656856537,3.396278977394104,0.18649959564208984,2.4479930102825165,5.075885325670243,0.13574795424938202,0.9600979164242744,0.6878616809844971,0.4802430421113968,0.3639828488230705,0.5688060075044632,0.14978250861167908,1.2960075661540031,0.012498944997787476,11.241718769073486,0.8496233448386192,0.561552107334137,9.504357621073723,4.023524682968855,0.3017774000763893,0.06192736700177193,0.606553852558136,18.498166143894196,8.360310830175877,2.407802000641823,19.60270643979311,9.678178787231445,2.8308029919862747,3.9889355897903442,1.647806704044342,2.1208753883838654,1.2562564387917519,0.0,1.3199536502361298,27.666332364082336,6.73542594909668,1.8625511974096298,23.106985569000244,11.51993504166603,1.740390807390213,0.4479200951755047,0.9893041178584099,0.41024842858314514,1.2719031944870949,0.36524076014757156,3.84640696644783,0.4674823731184006,3.8177046924829483,17.48507386445999,0.6267457008361816,8.434595704078674,0.5028566233813763,2.3698236644268036,0.48889124393463135,0.9001926146447659,1.1115685738623142,1.220618337392807,0.25092633068561554,18.222605109214783,6.687350571155548,11.43497833609581,11.164906531572344,15.97773939371109,2.386513262987137,0.7915579676628113,1.6293814182281494,2.767194762825966,0.9106287360191345,2.037380337715149,2.134582959115505,0.5101717263460159,0.6257071271538734,1.9583085179328918,0.941345427185297,0.6401310861110687,1.5934181213378906,0.9949472546577454,1.8447348475456238,1.57289507240057,1.690629467368126,0.9589697420597076,0.9048743918538094,1.9273463487625122,0.9152171239256859,1.5770565867424011,1.1681154370307922,3.549657315015793,3.298739492893219,21.018660202622414,1.4652988910675049,1.2754909992218018,11.777120977640152,0.8719758912920952,2.7948102355003357,0.3735868036746979,0.646041750907898,16.250431060791016,6.256480813026428,1.1830998659133911,0.6854857429862022,1.8161511793732643,0.1681578159332276,57.76511266827583,17.422836035490036,17.65017619729042,3.870708703994751,2.1402488350868225,1.1136053502559662,2.470102906227112,0.8222045749425888,1.0389479398727417,0.47814321517944336,0.0929154921323061,0.9484779238700867,2.440389633178711,1.417786255478859,2.3194901198148727,1.1411019563674927,2.4869404733181,0.0,0.5667852163314819,0.1595395803451538,0.1760556995868683,0.5844653844833374,0.2965368628501892,0.4828450679779053,0.6038528680801392,2.5174124389886856,0.2810533046722412,0.10830151289701462,20.013362169265747,2.8488496243953705,5.54749995470047,4.788082599639893,1.649152934551239,1.610169529914856,5.307826101779938,10.243472456932068,0.8301446735858917,1.5968939065933228,1.2785987555980682,2.539936065673828,58.3442944586277,34.39891132712364,16.07666133530438,57.32795342803001,49.843274652957916,28.959817975759506,39.361470460891724,23.907609283924103,5.267893373966217,156.52765464782715,79.83031868934631,81.65952724218369,43.73450064659119,10.953034088015556,12.296191602945328,48.14731031656265,40.83673559129238,3.9746044129133224,40.18685185909271,12.390561908483503,62.937124729156494,73.27640774846077,17.677265614271164,0.057076169177889824,267.12570947408676,125.27944531291723,6.2700009271502495,0.0,18.028943583369255,81.92643141746521,3.961682178080082,27.112920358777046,14.205621533095837,6.647168457508087,3.9176439885050063,20.231152325868607,1.2781275399029255,3.541220985352993,5.475285172462463,4.24867656826973,3.6298060417175293,8.341067384928465,1.8643856793642044,30.23070489987731,4.7797441855072975,1.025053083896637,3.726657211780548,0.7127842828631401,5.978892832994462
TEST_06+7일,2.636970989406109,8.560313170775771,4.460477739572525,3.206671431660652,0.33370330929756165,1.975370854139328,3.9181016087532057,0.2664949595928192,0.8660304695367813,0.8940500617027283,0.5015082657337189,0.36299465596675873,0.5829339176416397,0.23335042595863342,1.4376824833452702,0.0,13.997228622436523,0.5727544724941254,0.6914876997470856,6.190379351377486,4.623857989907265,0.18406197056174278,0.13753250241279602,0.9668584987521172,14.488725185394287,8.163336664438248,1.259944036602974,14.31926791369915,10.343469381332397,3.3226881325244904,3.2834119647741318,0.9141470789909363,2.166498586535454,1.076154962182045,0.0,2.672552466392517,25.011202931404114,7.607581615447998,1.8761904537677765,18.31591159105301,12.350213192403316,1.520455777645111,0.3155047073960304,1.1107782870531082,0.5138026997447014,1.7586736530065536,0.3568233549594879,3.0860854387283325,0.47090381756424904,3.91508911550045,19.659526705741882,0.5602599754929543,7.388346970081329,0.5280522890388966,3.374922215938568,0.632453441619873,1.1949291229248047,1.0454985722899437,1.0753788650035858,0.5826566033065319,16.42505294084549,9.195579439401627,9.796274483203888,10.857201620936394,14.371726512908936,2.8488433361053467,0.7548775523900986,1.6831297874450684,2.1684758365154266,0.5475986003875732,2.032274007797241,1.8495166674256325,0.33235251903533936,0.7253875359892845,2.1575626730918884,0.7477305550128222,0.6348992139101028,2.154633343219757,0.9866503775119781,2.025316536426544,0.8910614959895611,1.825209841132164,1.0095050185918808,0.9055890887975693,1.8204401135444641,1.135936677455902,1.6802055835723877,1.5280092358589172,3.600078195333481,3.27709299325943,12.247435428202152,1.3868043422698975,1.123814582824707,10.575275421142578,0.7294862903654575,3.194752037525177,0.35250991582870483,0.7731096744537354,10.897727012634277,5.835481137037277,1.2870879024267197,0.5843364298343658,2.4456206476315856,0.09322458505630499,102.90980488061905,25.927537471055984,25.978635549545288,3.023509979248047,2.252028837800026,1.0717994794249535,2.353048697113991,0.30393727123737335,1.2019570469856262,0.648044228553772,0.09322822093963623,1.0314091444015503,2.5109419226646423,1.3227250277996063,2.9863657653331757,1.2481650114059448,2.3242214620113373,2.2697135359048852,0.0,0.1787630319595337,0.04759993031620979,0.4566565454006195,0.3166009187698364,0.43061313033103943,0.0,1.3967652581632137,0.18692463636398315,0.08351357281208038,12.017588317394257,4.391259551048279,4.884009569883347,8.501181602478027,1.764625608921051,2.2255987524986267,4.379953980445862,11.055020987987518,0.748921662569046,0.11231222748756409,2.5249024629592896,0.37590160965919495,73.87382116913795,37.52993309497833,10.56203793734312,43.03283512592315,46.08346277475357,92.16781336069107,41.30903187394142,28.278452306985855,5.521496772766113,227.32659149169922,77.47599631547928,151.45824134349823,41.75139409303665,9.511764720082283,12.506354078650475,44.5403516292572,57.610901445150375,3.7325849756598473,46.46548104286194,11.149275675415991,30.91055090725422,75.8167634010315,31.983037143945694,0.3343268483877182,302.6912980973721,140.19174407422543,46.4202166646719,0.0,25.65178455412388,93.8245559334755,12.631050754338503,48.69626177847385,22.465296894311905,9.040810585021973,37.056251659989364,23.464535102248192,2.3642339408397675,4.948482438921928,7.708521366119385,5.284306097775698,3.5549831092357635,9.86971478536725,0.0,27.20895716920495,3.842299450188875,3.723933240398765,7.124548673629761,1.0021867901086807,5.1112493351101875
TEST_07+1일,3.2537513971328735,8.173606742173433,5.335990250110626,1.7093536704778671,0.4484054744243622,1.6093457639217377,0.8833387494087229,0.24678463488817215,1.2583360075950623,0.08169758319854736,0.501157846301794,0.3417346626520157,0.2960073798894882,0.32338137924671173,0.4140704870223999,0.0,6.190403938293457,0.7473367601633072,0.548367440700531,13.446431189775465,4.329856194555759,0.14987972378730774,0.059103962033987045,0.7669841889292002,5.837346583604813,3.7836737930774684,4.585935652256012,5.707274749875069,2.287450134754181,0.7265220135450363,1.3226373195648193,0.8105830550193787,1.3634267002344131,0.8383290022611618,0.0,2.4086931347846985,16.0347843170166,1.9078450798988342,0.5368917994201183,22.957109808921814,3.3117325827479362,0.5816945433616638,0.11704010888934135,0.8627261482179165,0.5275789126753807,0.7290892079472542,0.2535462751984596,3.749106377363205,0.24487728625535965,5.064473643898964,10.47736343741417,0.8298159018158913,4.145183175802231,0.3711995556950569,1.7168966084718704,0.4273638278245926,0.8283662460744381,0.7522944621741772,1.0790161415934563,0.6034315787255764,7.222660094499588,5.005539804697037,9.311875864863396,3.0197452977299695,4.766773581504822,0.0,0.317460760474205,0.5406752228736877,3.1891711354255676,0.8268052339553833,0.0,0.3155147656798363,0.11561371386051178,0.588684294372797,0.9785829484462738,0.6781390495598316,0.42037613689899445,0.05176377296447754,0.8784567713737488,0.32856161892414093,0.0,0.5171918235719204,0.5183174088597298,0.9435832500457764,0.7753942608833313,2.3458684384822845,0.3072022460401058,0.7434772253036499,0.0,2.0649434477090836,13.195358466356993,0.7762772887945175,5.065967082977295,8.216648548841476,0.6918106712400913,0.24481464177370071,0.4298606216907501,0.4863986372947693,12.219949722290039,4.663631618022919,0.6004049107432365,0.9395908266305923,0.0,0.0056475102901459295,80.40405878424644,17.825283482670784,28.13903385400772,4.949584007263184,1.4391570016741753,0.5438107848167419,3.354290872812271,1.1657972633838654,0.676706850528717,0.4788466989994049,1.5471986532211304,0.3426463454961777,0.9116647392511368,0.9174923226237297,2.916182205080986,1.0715293884277344,1.2276186347007751,1.3578259199857718,0.19331225752830505,0.24257969856262207,0.03391379490494728,0.1672075390815735,0.0728624165058136,0.26227912306785583,0.09785371273756027,0.0,0.13183943927288055,0.09301753342151642,14.361125230789185,5.893143057823181,0.0,0.02248561382293701,0.7023872435092926,1.2700206190347672,0.0,3.244609385728836,1.2576482892036438,0.47296638786792755,0.0,0.5152726769447327,5.670316284522414,0.0,17.28454201668501,60.940149128437035,2.992497391998768,1.043028473854065,1.5696662105619907,0.7369146682322025,0.18582925759255886,0.0,2.7536530047655106,3.8145673498511314,2.1541088819503784,3.5501569882035255,6.464997231960297,1.9754805117845535,1.2506236508488655,0.38727201614528894,3.4064099341630936,1.889718610793352,3.019983720034361,0.0,0.0,0.09164616465568542,13.012485139071943,0.08191284164786346,2.552961342036724,10.071542263031006,3.8011097135022283,0.0,8.657921630889177,9.319380978122354,0.0,1.7975670248270035,7.258589506149293,1.3062544167041779,0.4236423149704933,3.819026406854391,5.601644039154053,0.0,1.9623381271958351,7.168399348855019,0.0,21.921995114535093,0.8417671546339989,3.550967168062926,0.14777064323425293,0.565077893435955,3.6552603691816334
TEST_07+2일,2.7577089816331863,9.754310265183449,0.0,0.8328225314617157,0.29330068826675415,1.4643468856811523,1.8997952938079845,0.14714664220809937,0.8227023184299469,0.16227051615715027,0.29782941564917564,0.3213035389780998,0.29725538939237595,0.21787652373313904,0.38601474836468697,0.046900808811187744,11.072845458984375,0.5792286172509193,0.3506911173462868,11.69294339418411,2.7532349452376366,0.2571984864771366,0.004082679748535156,0.6988596394658089,5.307253688573837,4.61344700306654,4.062533006072044,16.54360243678093,1.4946662187576294,0.834875576198101,1.7448364272713661,0.27909301221370697,1.3655582442879677,0.795133925974369,0.2243965119123459,1.621929109096527,3.3767330944538116,1.8828567266464233,0.36536693572998047,13.08787202835083,2.386898711323738,0.24217292666435242,0.0,0.4885224774479866,0.6288975775241852,0.4642810747027397,0.22804506123065948,3.2014787197113037,0.2906320169568062,2.66142900288105,4.037921130657196,0.6899690106511116,3.038786441087723,0.42816005274653435,0.9228070378303528,0.42948299646377563,0.990074384957552,0.6934163980185986,1.257395178079605,0.33704058453440666,0.7745314687490463,3.2011494040489197,7.427777603268623,1.7863146141171458,5.1365794613957405,0.0,0.5753185451030731,0.5046462416648865,1.2057393193244934,1.5125560760498047,0.0,0.23547019809484482,0.030777230858802795,0.5887381061911583,1.259532943367958,1.1533938646316528,0.40696224197745323,0.0009874552488327026,0.5687144622206688,0.048818886280059814,0.0,0.23922239989042282,0.6100431829690933,0.9447918087244034,0.6791684925556183,2.453015699982643,0.33768313750624657,0.4833388030529022,0.0,1.221174731850624,6.619641922414303,0.7499814182519913,1.7768099308013916,2.7444209158420563,0.946765698492527,0.2114338055253029,0.39516448974609375,0.3153461217880249,8.744580268859863,1.078723482787609,0.4583531767129898,0.6366899311542511,0.818161629140377,0.026372849941253718,59.45500689744949,21.456194400787354,26.199249923229218,2.0983998775482178,0.954393208026886,0.7016123980283737,1.5157029032707214,1.1287809908390045,0.6068475097417831,0.42824795842170715,0.5041714310646057,0.2765171080827713,0.8181205540895462,0.9552190154790878,2.0962046086788177,0.42432525753974915,1.1099553108215332,11.107377752661705,0.37382566928863525,0.23741984367370605,0.09635798633098602,0.35769444704055786,0.17010781168937683,0.48111778497695923,0.18812953680753708,0.46510806679725647,0.08555920422077179,0.13821202516555786,5.295196175575256,0.14411216229200363,0.0,0.0,0.0,0.2655441388487816,0.11232776194810867,1.032984722405672,0.3787900060415268,0.5605064481496811,0.004120185971260071,0.12164938449859619,2.6424951273947954,0.31017863750457764,0.0,52.45816901326179,3.31811735406518,2.325662937015295,2.3716780096292496,0.0,0.306021373718977,2.5225977897644043,4.400829412043095,2.900072604417801,0.0,1.7993846535682678,9.022698998451233,2.650467909872532,2.4664106965065002,0.38231857866048813,2.7217481434345245,2.6541715264320374,1.827949047088623,0.0,0.0,0.1261567696928978,3.6258396254852423,2.5826929919421673,4.180600203573704,16.670722007751465,5.637014418840408,0.0,14.294706530869007,11.878628801554441,0.0,1.5575914084911346,5.276569947600366,2.60752871632576,4.6811733096838,3.902406431734562,4.8104424476623535,1.625257607549429,2.9100668653845787,11.350136052817106,0.0,24.24076449126005,2.547050826251507,1.2834311500191689,2.7127314805984497,0.16277079284191132,3.978077441453934
TEST_07+3일,2.3018161430954933,9.822094984352589,0.904730562120676,1.391489326953888,0.2324208915233612,1.2920030131936073,3.8212887644767775,0.0,0.9368265569210052,0.10837013274431229,0.5460244417190552,0.3168838620185852,0.2980910763144493,0.2216833531856537,0.0,0.03551464527845383,8.572769165039062,0.4134110286831856,0.3680407851934433,14.721748709678648,2.9783866107463837,0.44399966299533844,0.0,0.3569055385887623,5.825071193277836,6.891808100044727,3.7745802998542786,12.533752717077732,1.9796239137649536,0.3219567835330963,0.38784169405698776,1.2726747393608093,1.9151650667190552,0.6212367564439774,0.02104051411151886,0.4195491224527359,0.7119121998548508,1.8054397702217102,0.4305507615208626,8.317458987236023,1.6472316309809685,0.0,0.32041129656136036,1.1763962283730507,0.5226298943161964,0.8171711713075638,0.16420524567365646,2.5205922722816467,0.2201872318983078,0.9973953440785408,5.03565576672554,0.6706854067742825,3.1739641427993774,0.4612608924508095,0.6907541826367378,0.5600577592849731,1.0828592889010906,0.6758320406079292,1.1522946953773499,0.17041978985071182,0.0,1.4928900450468063,2.766069397330284,1.8103378713130953,3.253370001912117,0.0,0.41996432840824127,0.5431705713272095,0.0,0.11876821517944336,0.0,0.14954973012208939,0.058507248759269714,0.7727305702865124,1.0975266247987747,1.3792609758675098,0.6879540905356407,0.0,0.749866858124733,0.018868759274482727,0.0,0.06391357071697712,0.5527202412486076,0.834740661084652,0.843324601650238,2.4959551244974136,0.0,0.3404931128025055,0.0,0.6250606924295425,4.325986497104168,0.6885060966014862,0.8238964080810547,3.791201487183571,0.8101566135883331,0.276174359023571,0.3560161590576172,0.26240450143814087,10.475098609924316,1.3933259546756744,0.0,0.413189060986042,1.5410704538226128,0.11113941669464117,12.992720618844032,25.86168283224106,8.202971488237381,1.2068973779678345,1.10659409314394,0.6412311531603336,0.5209874361753464,0.7985525578260422,0.41166794300079346,0.38428375124931335,0.10087461769580841,0.1530061662197113,0.8211254328489304,0.9274780452251434,0.03878863900899887,0.5319307446479797,0.9955641329288483,8.000974103808403,0.5049448013305664,0.21047866344451904,0.10437820106744766,0.5023728609085083,0.26243042945861816,0.6765690445899963,0.2912188991904259,0.043884146958589554,0.14251290261745453,0.1811704933643341,8.361437916755676,0.0,0.0,0.0,0.0,0.0,0.0,0.44547272846102715,0.19625920057296753,0.49407559633255005,0.0,0.21540680527687073,0.0,0.031891413033008575,10.754688896238804,26.59537315368652,2.7406773269176483,0.0,3.026415206491947,0.0,0.2972860224545002,1.5856637954711914,3.778261039406061,0.0,0.0,0.6599950790405273,7.208366319537163,0.0,2.325424375012517,0.2479892410337925,3.801426351070404,1.9749911874532697,4.609853088855743,0.0,0.0,0.0,2.9891473501920705,9.352012932300568,5.853364281356335,16.869571685791016,4.633075218647718,0.0,20.483268082141876,6.854162560775876,0.0,0.948292925953865,9.232807323336603,1.3038988411426544,1.9987528771162033,3.655722215771675,4.933808326721191,0.5948498174548149,3.685909863561392,10.44730918109417,0.0,29.950452875345945,3.5330989211797714,0.48450580611824995,3.8042056560516357,1.0294090546667576,6.722945749759675
TEST_07+4일,2.8079290688037872,13.03291717171669,2.116226375102997,2.9968066662549973,0.28489354252815247,1.1451230719685555,4.144565343856812,0.09914518892765045,0.5354381799697876,0.09048230201005936,0.39900658652186394,0.36894701421260834,0.3553634583950043,0.3050995022058487,0.019891977310180664,0.10321415960788727,11.775265216827393,0.29667364805936813,0.3810992203652859,18.20507548749447,3.752565696835518,0.4030473306775093,0.0,0.8365684300661087,5.809755638241768,8.891517296433449,3.9741816222667694,30.34110337495804,1.5409456491470337,0.003081798553466797,0.0,1.548006534576416,1.8632439970970154,0.7648796960711479,0.0,0.0,1.865289032459259,1.7514313459396362,0.6525974906980991,9.382635086774826,0.5062035322189331,0.0,0.28891004621982574,1.0688549280166626,0.6350363157689571,2.010465368628502,0.15598561614751816,2.1854427754879,0.24783754348754883,1.5753970332443714,3.9370560199022293,0.5971095226705074,3.0531786382198334,0.38172756135463715,0.9465824067592621,0.3543454259634018,1.0842935144901276,0.7416562214493752,1.31495001912117,0.13782654702663422,0.2898358628153801,2.3806564696133137,0.8050061762332916,2.4164579063653946,1.969928964972496,0.0,0.45961448550224304,0.47501257061958313,0.0,1.1073216795921326,0.0,0.2894999459385872,0.16891002655029297,0.5877525955438614,1.02224662899971,1.245603583753109,0.44665753841400146,0.0,0.8409435003995895,0.09473548829555511,0.0,0.2401205711066723,0.6552678346633911,0.8893809467554092,0.58052659034729,2.351065993309021,0.0,0.3871027082204819,0.0,0.24221748113632202,2.9772525653243065,0.7710174918174744,1.285468578338623,4.183227680623531,0.9461891204118729,0.2147972583770752,0.3839160203933716,0.40288737416267395,10.665813446044922,0.0,0.005015864968299866,0.37843286246061325,0.48043379560112953,0.05057665705680853,3.0045395866036415,23.068877011537552,1.685410100966692,1.5491036176681519,1.437635950744152,0.6384859830141068,0.7035113871097565,0.4961949586868286,0.4628184735774994,0.38385623693466187,0.0,0.1558455526828766,0.7833895683288574,0.8543092384934425,0.0,0.6359316110610962,1.0565092861652374,15.346399188041687,0.5170180201530457,0.2090698480606079,0.49817612767219543,0.6532315015792847,0.3282358944416046,0.799730658531189,0.22052232921123505,0.723222590982914,0.36042070388793945,0.2504916787147522,4.362970590591431,0.0,0.0,0.2118210792541504,0.0,0.0,0.22863448038697243,1.130412146449089,0.3255819082260132,0.3943890184164047,0.03953307867050171,0.19913236796855927,2.4447840861976147,0.0,22.608944326639175,19.814192205667492,4.673108249902725,0.0,3.377123262733221,0.0,0.24772758409380913,0.5107192993164062,0.9553621988743544,0.0,1.4797904193401337,0.608852356672287,10.945892538875341,1.7589421793818474,2.8521626256406307,0.6177591159939766,3.8868859708309174,3.3328023925423618,2.9092631125822663,0.0,0.0,0.12200282886624336,10.488645898178222,5.361412793397903,2.9484594985842705,13.436512470245361,2.632445253431797,0.0,19.36121515929699,9.139244550839067,0.0,1.0293768346309662,6.6136896312236795,0.0,2.3391055539250374,3.515037586912513,4.476011753082275,2.3225667364895344,3.69817902892828,10.449141643941402,0.0,41.9225949421525,4.842024073004723,1.0736070051789284,3.666931986808777,0.7929410710930824,5.581866465508939
TEST_07+5일,3.150554671883583,12.442271947860718,3.882454752922058,4.039210557937622,0.4642629027366638,1.1690483540296555,5.830061733722688,0.28958314657211304,1.0977661609649658,0.10289064049720764,0.3135358449071646,0.569494441151619,0.36734479665756226,0.08489935845136642,0.9343330711126328,0.1606723666191101,14.33146047592163,0.37052320316433907,0.6790615618228912,25.510909706354138,3.674609363079071,0.33638114482164383,0.0,0.541585698723793,8.332105919718742,9.582537040114403,3.662146881222725,50.00007098913193,1.9062527418136597,0.0,0.0,1.556423306465149,1.4087568074464798,0.7878474295139313,0.0,0.0,0.0,1.7268251180648804,0.8743803575634956,13.263782680034637,0.0,0.0,0.27170898392796516,1.0181534811854362,0.5229235030710697,2.8823843896389008,0.22003114223480225,2.232644736766815,0.17937223613262177,1.5646920129656792,4.789327010512352,0.5172015056014061,3.544566035270691,0.48895516991615295,1.3987473249435425,0.40383321046829224,1.3741697371006012,0.7576754093170166,1.1453438848257065,0.43588361516594887,0.0,3.57322309166193,1.9715205803513527,3.5266421213746075,2.911754474043846,0.0,0.5994581580162048,0.5602097511291504,0.0,0.5201685428619385,0.0,0.17476645298302174,0.17924552783370018,0.5634409189224243,1.046377457678318,1.2318141795694828,0.6755676493048668,0.0,1.0464415699243546,0.0,0.0,0.5792359113693237,0.606214664876461,0.8181802555918694,0.6648130416870117,1.3252010866999626,0.0,0.2994195520877838,0.0,0.7869906276464462,11.71572145819664,0.8212169259786606,0.711828887462616,3.6132314801216125,0.8569104000926018,0.22823667153716087,0.343988835811615,0.4874928593635559,12.17630386352539,1.248532697558403,0.20027964189648628,0.5653836950659752,0.14871579827740788,0.06502008438110357,1.6199147403240204,20.625122666358948,0.9147947430610657,2.6036579608917236,1.7325289249420166,0.5982824414968491,1.9423754885792732,0.47731246799230576,0.7551729083061218,0.414937287569046,0.0,0.2114921361207962,1.015117272734642,0.9710212275385857,0.0,0.3695340156555176,1.1090661883354187,15.505394279956818,0.3310203552246094,0.182234525680542,0.5601671934127808,0.7098681926727295,0.24126394093036652,0.7511270046234131,0.3499431386590004,0.7401356548070908,0.46398645639419556,0.26455163955688477,14.65567946434021,0.209800623357296,0.9600026905536652,0.7929916977882385,0.0,0.023990504443645477,0.39942584931850433,0.5428346805274487,0.37300242483615875,0.5265763700008392,0.9616439044475555,0.4774357080459595,0.0,0.0,13.487691070884466,50.824056267738335,5.034179270267487,0.0,3.8373380824923515,0.05714566446840763,0.34789974242448807,10.065547466278076,2.035957993939519,0.0,3.7351019158959384,2.371354140341282,12.084803637117147,1.5510385036468506,3.196704424917698,0.933250792324543,4.165651515126228,3.429749362170696,3.55926207639277,0.0,0.0,0.0,2.439394153654576,5.60117097850889,0.5960297249257565,17.530309438705444,2.559740960597992,0.0,19.622699357569218,7.66584850102663,0.0,2.3422316908836365,1.5610105562955143,0.28854084201157093,0.3361286632716656,3.541640769690275,6.361295700073242,3.0899384319782257,4.361422471702099,8.08601900190115,2.4104155972599983,35.61198960989714,6.140511129051447,1.3084104433655739,3.009716510772705,0.5142776370048523,3.7920174002647404
TEST_07+6일,3.3357052356004715,9.480563644319773,8.968901574611664,6.300423622131348,0.9706801176071167,0.7024799883365631,5.338822484016419,0.13574795424938202,0.7395039275288582,0.11258140206336975,0.4802430421113968,0.6079844534397125,0.38795699179172516,0.14978250861167908,1.2960075661540031,0.012498944997787476,13.621447563171387,0.7596488744020462,0.9295576885342598,17.117034673690796,3.889626745134592,0.24223314970731735,0.06031762808561325,0.6056295521557331,9.740694761276245,9.812833741307259,4.027661025524139,41.713214218616486,1.714558184146881,0.0,0.0,2.8114954233169556,1.7716124951839447,0.949264794588089,0.0,0.0,11.634004056453705,1.819925844669342,0.6957252882421017,17.527438640594482,1.3882610499858856,0.0,0.4479200951755047,0.9907576218247414,0.40026577189564705,2.8756587207317352,0.19389193505048752,3.0974695086479187,0.2063007652759552,4.397203862667084,15.772265076637268,0.559646237641573,3.770009458065033,0.4123259335756302,2.715115964412689,0.39754074811935425,1.3814623951911926,0.7494048476219177,1.2208512872457504,0.7635581716895103,4.611472770571709,5.628165006637573,3.078556090593338,4.797128267586231,4.068149998784065,0.0,0.504936944693327,0.577315092086792,0.0,0.9101544320583344,0.0,0.0,0.0476204976439476,0.6248590126633644,0.9660782665014267,1.070764560252428,0.38247428834438324,0.0,0.9463882744312286,0.0,0.0,0.8802963718771935,0.6889607012271881,0.7479078322649002,0.6626541763544083,1.063386932015419,0.0,0.32983995974063873,0.0,1.6936580538749695,8.022657491266727,0.8275191262364388,1.520486831665039,7.712891399860382,0.8711503073573112,0.2505754679441452,0.33549728989601135,0.6499799489974976,13.432113647460938,2.922653704881668,1.026877149939537,0.9057339727878571,1.1659309559036046,0.1456406712532044,0.6729624383151531,8.615482777357101,0.4595816424116492,4.0909528732299805,1.9422433376312256,0.5561309605836868,4.259689897298813,0.4986559599637985,1.0177406072616577,0.4913516044616699,0.0,0.25773201137781143,1.2283547669649124,0.940693773329258,0.4578746370971203,1.1177979707717896,1.256086304783821,16.396738350391388,0.1634959727525711,0.21509790420532227,0.17329612374305725,0.6839497089385986,0.1862693876028061,0.5096505880355835,0.5737238824367523,0.9237841479480267,0.46946263313293457,0.18592649698257446,20.68326622247696,0.34079791605472565,2.665939137339592,3.735154867172241,1.2487152963876724,0.3649921342730522,2.3104156851768494,6.088170036673546,1.24419566988945,0.9371050000190735,6.985830545425415,0.9218451976776123,0.0,0.0,53.31646394729614,80.48459783196449,3.0791948586702347,0.0,3.4955334402620792,0.0,0.28723950684070587,5.562427043914795,3.52049320936203,0.0,6.421452045440674,4.032386019825935,12.266893163323402,2.5554370768368244,3.029770180583,0.7263122051954269,5.827143266797066,2.4277693033218384,1.951559068635106,0.0,0.0,0.057076169177889824,11.22171376179904,3.4972219560295343,0.0,18.59818935394287,3.519850702956319,0.0,23.287812784314156,9.585592793300748,0.0,2.65840707719326,0.33484400250017665,0.5898918956518173,1.2781275399029255,3.541220985352993,5.475285172462463,4.24867656826973,3.6298060417175293,8.341067384928465,1.8643856793642044,30.23070489987731,4.7797441855072975,1.025053083896637,3.726657211780548,0.7127842828631401,5.978892832994462
TEST_07+7일,3.4839184284210205,9.37616553157568,12.259493350982666,6.793031215667725,0.7682033181190491,1.15934619307518,3.2047106027603163,0.2664949595928192,0.6077485457062721,0.11082667112350464,0.5015082657337189,0.4627179801464081,0.4371836632490158,0.23335042595863342,1.4376824833452702,0.0,13.105945587158203,1.0175403952598572,0.8916672617197037,5.127273380756378,3.5609720051288605,0.06228671222925186,0.07503167912364006,0.96591766923666,10.828023120760918,9.551215544342995,4.408040329813957,40.46667970716953,2.1860670149326324,0.11971409618854523,0.9138886332511902,2.5909677743911743,1.8296766579151154,0.7340476140379906,0.0,0.0,26.09854304790497,1.8822516202926636,0.6207044050097466,26.7954021692276,4.035990919917822,0.0,0.3155047073960304,1.1188669800758362,0.503717228770256,2.0092445760965347,0.1992570236325264,3.942395269870758,0.20645714178681374,6.794777795672417,17.263640224933624,0.48217196576297283,4.795166373252869,0.43407677114009857,3.29940864443779,0.5314028710126877,1.383133664727211,0.746934324502945,1.0749867260456085,1.0264390483498573,12.513625741004944,6.797494143247604,6.093149960041046,4.84531132131815,5.828823745250702,0.0,0.5172581747174263,0.6679727435112,2.0132484436035156,0.5456477403640747,0.0,0.045744888484478,0.08163868449628353,0.7249657921493053,1.2978323176503181,0.8553061634302139,0.37258828058838844,0.0,0.9247898161411285,0.0,0.0,1.0786782503128052,0.5811608955264091,0.7620525732636452,0.523681640625,1.0047485306859016,0.0,0.4702777862548828,0.0,2.8088130950927734,13.435644522309303,0.7739655449986458,1.9408416748046875,15.61518132686615,0.7288271822035313,0.292741060256958,0.2911379337310791,0.7295739650726318,9.772403717041016,5.810717612504959,1.130236878991127,0.8860510289669037,1.7793009895831347,0.07054775953292852,31.249890744686127,0.0,6.407574266195297,4.685549259185791,1.826973557472229,0.5963367968797684,4.644429311156273,0.5247733741998672,1.415839433670044,0.6673637628555298,0.0,0.29176197946071625,1.2989644557237625,0.9121633172035217,1.9792611300945282,2.5851073265075684,1.3304862678050995,10.557477220892906,0.1905633807182312,0.2389068603515625,0.0,0.49162235856056213,0.19541209936141968,0.27255433797836304,0.5770361423492432,1.6647123359143734,0.37369388341903687,0.08605735003948212,12.105880677700043,3.1026373505592346,2.1374727189540863,3.391407012939453,3.2665997743606567,0.9153680801391602,1.5785257369279861,12.397575378417969,2.0016680359840393,1.1075289845466614,5.515551924705505,2.2670364379882812,0.0,0.49289242178201675,62.21949852257967,102.85010010004044,3.9379801601171494,0.0,2.9710161108523607,0.0,0.41257021576166153,6.334739446640015,6.579522835090756,0.0,5.9950746819376945,5.34161239862442,12.475697211921215,4.181184433400631,3.1034051347523928,0.36218463629484177,5.725672662258148,1.8087129369378088,2.4973065108060837,0.14245266281068325,0.0,0.3343268483877182,11.204870443791153,2.15618184953928,0.2058937232941389,16.169485569000244,3.894234510138631,0.0,24.1724903434515,7.701727695763111,0.9665018320083618,3.217333436012268,0.7444777190685274,0.0,2.3642339408397675,4.948482438921928,7.708521366119385,5.284306097775698,3.5549831092357635,9.86971478536725,0.0,27.20895716920495,3.842299450188875,3.723933240398765,7.124548673629761,1.0021867901086807,5.1112493351101875
TEST_08+1일,4.633071482181549,9.292068120092154,7.757317423820496,4.7643904983997345,0.45492738485336304,3.7718187868595123,2.5709693729877485,0.24678463488817215,2.160019189119339,1.9903266429901123,0.7650579325854778,0.32886267453432083,0.2429487705230713,0.32338137924671173,0.4140704870223999,0.0,6.618338584899902,0.7970682680606842,0.28494051843881607,17.55279091000557,3.424682952463627,0.6455070488154888,1.1155301928520203,0.7672818079590797,0.0,9.381860867142677,6.274750381708145,12.904611676931381,12.49838101863861,2.239453934133053,2.3355054408311844,6.16757869720459,1.4232623875141144,1.0280287712812424,0.0,4.9188536405563354,35.735215187072754,0.29763758182525635,1.4068000763654709,28.691023588180542,13.521687790751457,1.7829151451587677,3.860735632479191,0.8900609165430069,0.7530759274959564,2.1737542524933815,0.25933682918548584,4.164724916219711,0.1367889605462551,2.2745710015296936,11.086194157600403,0.8185531310737133,6.487598419189453,0.5915538221597672,3.6556588411331177,0.9757335484027863,1.4868299514055252,0.989811860024929,1.080736979842186,0.2566272206604481,8.019151985645294,9.653666540980339,13.565070748329163,12.113945484161379,17.435923665761948,1.224476769566536,0.4373237192630768,1.339568018913269,1.9484046399593353,0.8268362283706665,1.8573600053787231,1.8216248601675034,0.23434758186340332,0.5883588083088398,3.1018245220184326,0.8150119744241238,0.4290468245744705,1.5766037106513977,0.9849161505699158,2.730277955532074,0.9990707002580166,0.6469638347625732,0.8057259023189545,1.0402067005634308,1.3280752301216125,1.131991796195507,1.471787542104721,1.8972591161727905,2.200364410877228,1.660898894071579,21.976866744458675,1.4436658471822739,1.7748501300811768,6.302387863397598,0.6910012252628803,0.8782117068767548,0.3640732765197754,0.5846904516220093,19.32791519165039,9.461557149887085,2.0632921010255814,0.8057853505015373,2.331177033483982,0.06172972917556768,211.90284276008606,2.6995068192481995,35.6043843626976,4.132451057434082,2.025046467781067,1.0146457999944687,3.0153900384902954,0.7673401385545731,1.1605794131755829,0.7668330669403076,0.8922063410282135,0.7149717807769775,0.9927732646465302,1.1627520024776459,7.281383156776428,0.8699949979782104,0.2020720299333334,4.1612912118434915,0.41007712483406067,0.3109557628631592,0.08122159540653229,0.060262978076934814,0.0,0.20691120624542236,0.1825665682554245,0.0,0.19174149632453918,0.3199078440666199,16.17806851863861,0.40871773660182953,1.1766449734568596,0.0,0.31474996358156204,0.07369280606508255,0.0,1.1917161755263805,0.027975887060165405,0.1579238623380661,0.46950629353523254,1.3062846660614014,9.239693742245436,0.0,0.7880012579262257,15.175684243440624,8.310558669269085,1.2500506527721882,5.559047035872936,1.1837436817586422,0.19206318072974682,13.456896781921387,1.948641613125801,0.0,14.184081837534903,6.002507768571377,27.88442887365818,0.12834155559539795,6.950875166803598,0.579055804759264,8.584402859210968,2.5241943430155516,6.5383271388709545,0.0777200348675251,1.044104777276516,5.013684928417206,7.898027569055558,8.685121793299913,0.0,12.276509284973145,3.595791910775006,0.6227573230862617,9.864014834165573,9.41889114677906,1.0703982096165419,1.6985470354557037,5.308111384510995,2.306516170501709,15.377609357237816,25.424952656030655,36.34483337402344,0.0,22.2996616512537,25.714503072202206,10.57399395853281,362.4265453219414,32.281531020998955,126.84509152173997,44.63965320587158,18.050264060497284,52.16375422477723
TEST_08+2일,2.8041220605373383,9.267655726522207,0.46636352501809597,0.5870614722371101,0.07150574028491974,3.3686543405056,6.353081703186037,0.14714664220809937,1.0992082431912422,0.32716456055641174,0.3586898557841778,0.181560181081295,0.2521008253097534,0.21787652373313904,0.38601474836468697,0.046900808811187744,38.97622489929199,0.5675358846783638,0.31354835629463196,30.19104659557342,12.38998231291771,0.4487784802913666,0.6643202304840088,0.6987441256642342,0.0,9.889264404773712,3.568987414240837,5.539114709943533,11.387319207191467,1.4614864140748978,2.0920644775032997,2.459926128387451,1.4325772747397423,1.0013309568166733,0.008227303624153137,2.8553664684295654,16.840179443359375,0.2956826090812683,0.9693039581179619,15.977753221988678,8.219058901071548,1.8245518207550049,3.729701414704323,0.49543801695108414,0.9305185526609421,0.7335496246814728,0.23755647242069244,3.9764294624328613,0.20336181670427322,1.9240863025188446,8.006343066692352,0.6847813278436661,5.512315571308136,0.6450479999184608,2.3427129685878754,0.8953991532325745,1.4694669246673584,0.9367717728018761,1.2574053704738617,0.17283207550644875,0.7773318663239479,6.912267208099365,9.9606261998415,12.468886435031893,18.4794183075428,1.3639371991157532,0.6838155090808868,1.391275405883789,1.6534972339868546,1.5126162767410278,1.7879325151443481,1.8991662189364433,0.14973951503634453,0.5884099043905735,3.2140932977199554,1.3229819610714912,0.41794873774051666,0.9461950063705444,0.5690355226397514,2.521390914916992,0.7606877684593201,0.5508590117096901,0.8266957104206085,0.713310744613409,1.337566316127777,0.7762739807367325,1.5443763136863708,0.8797087669372559,2.2723424434661865,2.279954418540001,2.412748761475086,1.4790256023406982,1.5757933855056763,3.773990646004677,0.9454031735658646,0.7978023588657379,0.3474695682525635,0.4422055780887604,14.011962890625,2.706761449575424,1.3006256818771362,0.7919965460896492,2.9153764247894287,0.0807830691337586,25.17035463452339,39.329759657382965,10.076068997383118,1.5142414569854736,1.3404699116945267,0.5877076499164104,1.763087511062622,0.33546991646289825,0.9082188606262207,0.7687150239944458,0.6692942082881927,0.739907294511795,0.7770055755972862,1.1797569915652275,4.395255267620087,0.6427288055419922,0.2918645739555359,18.204099148511887,0.5142574906349182,0.2984335422515869,0.21693354845046997,0.37950509786605835,0.0,0.5158172249794006,0.4472998380661011,0.2913749888539314,0.3891788721084595,0.44964170455932617,7.404276728630066,0.0579959973692894,0.0,0.0,0.17044560983777046,0.0,0.0,0.30990466475486755,0.11671550944447517,0.0,0.0,0.0,9.255428709089756,0.36350249499082565,81.36732198297977,56.00069507956504,9.530923828482628,1.4423887766897678,5.7798694632947445,0.7358567789196968,0.31139031797647476,14.402953147888184,0.3834276460111141,0.0,12.805395931005478,4.348671920597553,5.664376616477966,0.11948686838150024,7.72100480273366,0.6468554139137268,7.135507047176361,2.88473879545927,6.380669575184584,0.6823014160618186,1.1136704832315445,3.2845813408493996,6.6747068455442795,12.44325630739331,0.0,16.992738723754883,5.514158047735691,0.8064466416835785,14.159960485994816,11.234647400677204,0.7641574144363403,1.907262459397316,4.1588129848241815,4.137990325689316,25.50078457593918,26.284603998064995,15.600414276123047,0.0,17.924779415130615,40.31924153864384,7.168894112110138,241.1855074763298,28.37564192712307,157.5137524008751,70.23405838012695,15.939685821533203,46.49528786540032
TEST_08+3일,1.6246118173003197,29.182831786572933,3.019868180155754,1.0472260266542435,0.0,2.5325446277856827,4.8061451613903055,0.0,1.0677693784236908,0.0353817418217659,0.6388572603464127,0.2518053352832794,0.2947717532515526,0.2216833531856537,0.0,0.03551464527845383,25.410919189453125,0.43209167569875717,0.4614638015627861,33.951943784952164,7.596712589263916,0.6754175499081612,0.35649266839027405,0.35695645585656166,0.0,8.735784329473972,2.222140520811081,69.74583303928375,12.467998147010803,1.5833504348993301,2.960270643234253,2.189666211605072,1.9676707684993744,0.8267065808176994,0.0,1.4916536211967468,18.203796178102493,0.35763582587242126,0.8978758938610554,15.115090906620026,7.612083926796913,1.6733576357364655,3.8667716830968857,1.1501981131732464,0.6801867857575417,0.436478141695261,0.17686307430267334,4.759560763835907,0.13499486818909645,1.4223317690193653,6.730062410235405,0.6878052055835724,5.381559491157532,0.7512945234775543,1.887186974287033,0.9954230189323425,1.4545361995697021,0.8419138491153717,1.1531743258237839,0.27543390542268753,0.7085681054741144,3.2594498991966248,7.9669507294893265,12.260657370090486,14.251179993152618,2.117697298526764,0.507373496890068,1.4085936546325684,2.4013469517230988,0.11878371238708496,1.7706286907196045,1.9855659455060959,0.20776014775037766,0.7743832468986511,3.1635048240423203,1.511596005409956,0.7038025930523872,1.346415638923645,0.7142075598239899,2.5865984559059143,0.6086266413331032,0.6462299153208733,0.7785239815711975,0.6931156665086746,1.489851325750351,0.5583162475377321,1.410528913140297,0.49567441642284393,2.2937750220298767,3.514510989189148,4.962336592376232,1.3576290979981422,1.0084325075149536,3.8921887055039406,0.8115250840783119,1.0196886211633682,0.3072429299354553,0.31229740381240845,17.29218292236328,3.5141180604696274,0.576916940510273,0.7570682391524315,3.4921064600348473,0.16225695610046392,15.673762440681458,31.90586569905281,15.528487980365753,1.0196865797042847,1.5482270270586014,0.45987920835614204,0.8047438226640224,0.39934828877449036,0.6963525116443634,0.8211337924003601,0.510602742433548,0.7403735965490341,0.6891257464885712,1.1396914795041084,1.4703341871500015,0.917113184928894,0.2073703482747078,17.427316069602966,0.5418422222137451,0.26852238178253174,0.4104122519493103,0.32061767578125,0.12491613626480103,0.7327392101287842,0.6438199281692505,0.25264792516827583,0.43528228998184204,0.502223551273346,10.872648656368256,0.014573723077774048,0.40895044431090355,0.0,0.0,0.14606668800115585,0.0803295448422432,0.0,0.25712690502405167,0.07273980975151062,0.3088480532169342,0.16979438066482544,9.109176892787218,0.18472914397716522,218.00490951538086,107.01844215393066,9.287686586380005,1.5898784548044205,5.7240685150027275,0.4824209585785866,0.30320750176906586,12.488498449325562,0.0,0.0,13.882526099681852,2.4623467214405537,11.884740740060806,0.1596486121416092,7.205142825841904,0.45059923455119133,5.870813831686974,2.3722268119454384,8.387549959123135,0.0,1.3031846936792135,2.7653586864471436,10.124926015734674,10.139246441423891,1.4886836875230074,17.909982681274414,4.621876090764999,1.274111419916153,19.19574049860239,8.311041340231895,0.4850710853934288,1.648069143295288,5.79817819595337,2.907714545726776,27.230647176504135,24.998477175831795,24.302510261535645,4.480716027319431,20.601549312472343,39.696208000183105,11.11709214746952,284.2285357415676,32.6694019138813,156.08574867248535,63.519556522369385,24.002801656723022,60.152619183063514
TEST_08+4일,2.3205586671829224,55.73018105328083,2.5417287796735764,2.0859659016132355,0.22931402921676636,2.242576375603676,12.548170417547228,0.09914518892765045,0.7236914187669754,0.6461982727050781,0.8800304308533669,0.4383341073989868,0.39318694174289703,0.3050995022058487,0.019891977310180664,0.10321415960788727,56.05638313293457,0.31478211283683777,0.6109972894191742,71.057936668396,14.641723603010178,0.5695625990629196,0.3489730730652809,0.8362674862146378,0.0,9.145969524979591,0.0,22.661318622529507,13.27067255973816,2.8335362374782562,4.1387201845645905,2.9921509623527527,1.91553196310997,0.9482737481594086,0.0,0.9034502506256104,22.598702788352966,0.27298861742019653,0.7908488251268864,18.15174686908722,10.507734164595604,1.6130989789962769,4.022535011172295,1.06194007396698,0.6580838859081268,0.6980628445744514,0.1724659651517868,5.942788064479828,0.1905035898089409,1.8760134316980839,8.74752676486969,0.6322330981492996,5.61314195394516,0.626788929104805,1.6003803759813309,0.8784277439117432,1.5922637581825256,1.1302225664258003,1.3150527477264404,0.3212652262300253,1.984906166791916,2.6896090619266033,7.626618966460228,13.275203078985216,7.445736452937126,2.862424820661545,0.5078454315662384,1.479181170463562,2.368552729487419,1.1073628067970276,1.6909006237983704,2.0285505801439285,0.18759731203317642,0.5903162509202957,3.163241744041443,1.3728193491697311,0.482044480741024,1.84975004196167,0.7404604554176331,3.100387930870056,0.7716744989156723,0.9389806240797043,0.832611694931984,0.6637568213045597,1.322580099105835,0.7616669349372387,1.383013367652893,0.7828062772750854,2.229502856731415,2.883354276418686,10.747452102601528,1.455421507358551,1.341169834136963,3.962938040494919,0.9482392072677612,1.0733193904161453,0.3375017046928406,0.2878872752189636,20.288541793823242,3.240598350763321,0.8555430024862289,0.738127812743187,2.470755334943533,0.10135087370872503,14.93793622404337,24.469740390777588,35.54082798957825,2.0659914016723633,2.0389393270015717,0.6897139698266983,0.8056957274675369,0.6822521984577179,0.7766809165477753,0.8349825739860535,0.35198874771595,0.7958921492099762,0.558691430836916,1.084131471812725,0.9742621779441833,0.6715178489685059,0.2327910214662552,25.628314971923828,0.49769696593284607,0.27550697326660156,0.5554835796356201,0.29553648829460144,0.3769419193267822,0.9498754739761353,0.714385449886322,1.3387167416512966,0.5342146158218384,0.4647647738456726,7.32424259185791,0.5557356104254723,0.0,0.2496415376663208,0.08492812514305115,0.0,0.2346959374845028,0.5732910241931677,0.29863929748535156,0.0,0.6359096467494965,0.19203108549118042,10.883033473044634,0.0,159.9359600841999,130.26739180088043,10.186058789491653,1.8351507782936096,6.281558271497488,1.2819557823240757,0.2551017142832279,12.80808687210083,0.16562724485993385,0.0,16.266441017389297,1.7534615844488144,20.105235502123833,0.15004078298807144,9.903515223413706,0.8112747073173523,5.580440312623978,3.5492392703890796,7.2069129310548306,0.0,1.632773732766509,4.2601145058870316,20.420310346409682,5.77677614428103,0.0,15.855015754699707,2.639542479068041,2.2539561884477735,17.529519982635975,9.952632831409574,1.160102404654026,1.4267502278089523,4.0176854729652405,1.8643276393413544,36.20466351509094,27.122112438082695,31.307321548461914,18.704147592186928,34.828642189502716,40.8436935544014,15.045347064733505,351.4448416233063,34.9867245554924,129.3305743932724,108.3737964630127,31.49920481443405,76.13980972766876
TEST_08+5일,3.9699724167585373,37.09128114581108,1.8499308079481125,1.6305269002914429,0.18558567762374878,3.0349820256233215,19.353193104267124,0.28958314657211304,2.065279610455036,0.2957412004470825,0.9470849856734276,0.3244119957089424,0.41780470311641693,0.08489935845136642,0.9343330711126328,0.1606723666191101,76.27905464172363,0.4021462984383106,0.9124701395630836,97.84939670562743,24.526089131832123,0.9122011661529541,0.3482118844985962,0.5414063483476639,1.608939915895462,7.893289066851138,2.6721667796373367,53.27163717150688,13.924313187599182,4.262085244059563,4.240957707166672,2.690541386604309,1.4601804167032242,0.975652277469635,0.0,0.0,27.397583842277527,0.07539331912994385,1.2214696034789085,24.3110009431839,16.145446121692657,1.5846633911132812,3.883928805589676,1.0167544707655907,0.609213825315237,1.5373114421963692,0.2440192550420761,5.703474760055542,0.09161200933158398,2.671798773109913,11.022696435451508,0.578753037378192,6.078579783439636,0.604766920208931,2.14135779440403,0.875234842300415,1.960160069167614,1.2042282670736313,1.146362453699112,0.424678310751915,0.6249737069010735,2.8530697524547577,8.592480927705765,14.216642558574678,5.463234968483448,3.5006110072135925,0.6343140006065369,1.661291480064392,3.1761711090803146,0.5201852321624756,1.4288127422332764,2.2697018459439278,0.2513613738119602,0.564522385597229,3.132929652929306,1.3627411499619484,0.7148841954767704,2.3925493955612183,0.8948532789945602,4.3337448835372925,0.6981674432754517,1.038621336221695,0.7851067185401917,0.9152021817862988,1.4605356752872467,0.6608252264559269,1.4542554318904877,0.6780163496732712,2.2173333168029785,3.0540812015533447,28.998313069343567,1.5036228448152542,1.8598401546478271,5.109778270125389,0.8563482612371445,1.0402347892522812,0.31971412897109985,0.2859676778316498,15.620433807373047,3.1236299872398376,1.8867336809635162,0.7504361197352409,2.142263192217797,0.1114716529846192,13.882255785167217,20.277542859315872,45.5590056180954,3.2771124839782715,2.354323774576187,0.9527295529842377,1.6374614089727402,1.0543455928564072,0.903279572725296,0.8678276538848877,0.0,0.7961858510971069,0.9029844403266907,1.2286815792322159,1.8324711918830872,0.7161666750907898,0.3324305787682533,24.402240812778473,0.34564104676246643,0.24636602401733398,0.714256227016449,0.6460142135620117,0.17775921523571014,0.8360455632209778,0.7385336011648178,1.631772082298994,0.5977156162261963,0.41290348768234253,17.892807722091675,0.3449692502617836,0.23729049786925316,0.22395437955856323,0.30883798375725746,0.2693345658481121,0.2969401180744171,0.48658596351742744,0.06750789284706116,0.0,0.33628588914871216,0.34102970361709595,11.0202114880085,0.011508390307426453,136.37439100444317,115.38552016019821,11.288107261061668,2.1422820165753365,6.356335319578648,1.8487621936947107,0.35078640282154083,17.758487224578857,0.5365369375795126,0.0,17.128367975354195,3.467418849468231,11.839047465473413,0.05402212589979172,10.865037366747856,1.1094265785068274,6.284550711512566,3.801771596074104,7.198007024824619,0.0,1.3337091207504272,6.65071964263916,16.231516867876056,5.743501947261393,0.0,19.26098656654358,2.613917961716652,1.8710015611723065,17.527679104357958,8.981177624315023,0.5513391345739365,2.097213089466095,2.56396359205246,1.8833996262401342,54.706265568733215,31.101102083921432,40.71236228942871,25.09815090894699,48.12234702706337,62.07242140173912,21.163580864667892,376.7518448829651,37.545576989650726,106.51746463775636,144.5778112411499,45.03513014316559,94.91037106513978
TEST_08+6일,5.393720850348473,4.164415720850229,5.612609773874283,3.4693698287010193,0.5342557430267334,3.235542416572571,10.516325533390047,0.13574795424938202,2.2794872149825096,0.6819440126419067,2.3768218606710434,1.104595273733139,0.39560146629810333,0.14978250861167908,1.2960075661540031,0.012498944997787476,29.121545791625977,0.7644550800323486,1.1467198580503464,48.744515597820275,15.86175525188446,1.038144901394844,0.46720312535762787,0.6059559546411037,3.424788184463978,7.476397790014743,10.800207138061523,107.74185568094254,13.972178936004639,4.93886561691761,4.0673205852508545,6.618015289306641,1.8312155306339264,1.1239586174488068,0.0,0.5858267843723297,45.69677460193634,0.2451438009738922,1.6413981467485428,35.56080222129822,21.366763442754745,1.620010882616043,3.9327236264944077,0.992465429008007,0.2707173526287079,3.0876571238040924,0.2362743392586708,5.175507128238678,0.12390167638659477,3.1310238987207413,15.7001291513443,0.6311393715441227,6.113110542297363,0.579925574362278,3.531643956899643,0.8370096981525421,1.9866159856319427,1.2474137246608734,1.2211743593215942,0.44196999818086624,6.539946809411049,4.982017837464809,11.828884482383728,14.420058429241182,6.610404700040817,3.6187203228473663,0.5306711979210377,1.7121188640594482,4.387440025806427,0.9102039039134979,1.5252429246902466,2.657628618180752,0.33123329281806946,0.6283804178237915,2.946804016828537,1.1536259092390537,0.4099888354539871,2.6378767490386963,0.7688091099262238,5.104689359664917,0.613407988101244,0.9279502406716347,0.8089049160480499,1.0984404757618904,1.488815188407898,0.7991802543401718,1.342411682009697,0.5781254321336746,2.2490307688713074,5.409041523933411,23.506047427654266,1.4887651354074478,3.7065587043762207,10.620096623897552,0.8692286163568497,1.0016153752803802,0.32069793343544006,0.5010417699813843,24.946765899658203,4.811385422945023,3.7926556169986725,0.8253460451960564,2.9248030483722687,0.19127988815307623,11.562716864049435,50.0744112432003,47.13370943069458,4.7933244705200195,2.6330259442329407,1.2298188507556915,3.05984728038311,1.0311635583639145,1.2747552394866943,0.8470902442932129,0.0,0.7740316092967987,1.3129960298538208,1.1765307635068893,3.6931015849113464,2.0793278217315674,0.2924865633249283,32.44512873888016,0.1126142144203186,0.2715132236480713,0.6539102792739868,0.706786036491394,0.03077835403382778,0.3248433470726013,0.4935176968574524,1.7130797617137432,0.3242340683937073,0.2622813582420349,23.81821572780609,3.5568379163742065,2.350770279765129,4.396277904510498,2.4255260825157166,1.4497236013412476,2.350203573703766,7.178440690040588,2.0899404287338257,0.6414344608783722,4.592693567276001,0.2928810715675354,10.678832039237022,0.6777118518948555,242.80057695508003,50.46606108546256,9.799575716257095,1.354917012155056,6.282939851284027,1.9293954130262136,0.2865220159292221,15.748845100402832,1.6347259283065796,0.0,18.394138142466545,5.47492228448391,14.31159183382988,1.0630629323422909,13.360878750681877,0.8943874537944794,8.288082748651505,3.112133257091045,7.369182217866182,0.0,1.6971326172351837,8.68022933602333,17.888910628855232,1.2416864968836308,0.0,22.151137828826904,3.546527501195669,2.7107260543853045,21.98653183877468,12.258340906351805,0.0,1.769921749830246,2.686623709276319,1.85891292989254,68.68796175718307,32.50535748898983,64.3604965209961,25.057803943753242,50.12191131711006,80.93918314576149,23.75157982110977,389.16039913892746,60.93949913978577,103.34578531980515,77.92618322372437,36.047070264816284,142.65049278736115
TEST_08+7일,5.525732666254044,0.0,12.58481228351593,9.921655654907227,2.3208892345428467,3.479576736688614,1.8069637417793285,0.2664949595928192,1.7207267135381699,1.313354730606079,4.829934686422348,1.070282220840454,0.39625073969364166,0.23335042595863342,1.4376824833452702,0.0,2.8232531547546387,1.0676661878824234,0.7828433364629745,1.67969074845314,1.7553777992725372,0.9057682789862156,0.8980183303356171,0.9664010033011436,6.382855698466301,7.30015430599451,12.038497745990753,30.648099541664127,14.510622501373291,4.069079041481018,3.5543535947799683,9.893807172775269,1.8840449303388596,0.9299775511026382,0.04587341099977493,3.3755096793174744,57.43115735054016,0.31891366839408875,2.1197254210710526,41.530975341796875,19.68954659998417,1.4652085304260254,3.625880926847458,1.1304922699928284,0.4122293144464493,3.7383933514356613,0.2411407232284546,3.961750090122223,0.1702169943600893,2.6306672990322113,19.180260717868805,0.5681588836014271,6.376830697059631,0.599423423409462,4.272304326295853,0.9217668771743774,1.8286970108747482,1.1515198573470116,1.074056938290596,0.38278117403388023,15.029689252376556,8.358700051903725,14.307319313287735,14.240742117166521,9.557405412197113,2.8327497243881226,0.544198215007782,1.7358779907226562,3.6543802618980408,0.5456951260566711,1.4870959520339966,2.4296170100569725,0.46531833708286285,0.7269012071192265,3.0610205233097076,0.9532149061560631,0.3995407931506634,2.429704427719116,0.7810344398021698,5.068888306617737,0.7071962021291256,0.7009976729750633,0.7444390654563904,1.1020874977111816,1.406803697347641,0.9258932322263718,1.420406624674797,0.7359651178121567,2.058342680335045,6.2168079018592834,27.950887978076935,1.3851927518844604,4.726131439208984,13.698123097419739,0.729058351367712,1.0332360118627548,0.2783699929714203,0.7481832504272461,11.72209358215332,12.956972360610962,3.8899154663085938,0.8360473811626434,3.6136011965572834,0.1166068315505982,168.93464708328247,7.953526630997658,55.341368436813354,5.567906856536865,2.4089123010635376,1.3093399852514267,3.651009127497673,0.5929195135831833,1.49972203373909,0.8663333654403687,0.0,0.8103722333908081,1.626159891486168,1.1263957470655441,5.529462963342667,2.3523473739624023,0.3428671285510063,33.30027264356613,0.08201847970485687,0.2887324094772339,0.18593618273735046,0.1525350660085678,0.0643884688615799,0.014868192374706268,0.1741861067712307,1.6219010688364506,0.07999476045370102,0.0759992003440857,13.962428271770477,6.273700416088104,4.489385634660721,6.116878509521484,2.9433128237724304,1.503944218158722,3.1986635327339172,10.750745236873627,1.8152548670768738,1.0283330082893372,6.889693737030029,2.5732572078704834,11.540975421667099,0.8813701644539833,63.66325590759516,25.83085715770721,10.093349911272526,1.5163785517215729,6.170546419918537,2.6328378776088357,0.4122769832611084,19.68407702445984,0.42538787238299847,0.0,18.12512695789337,7.2073037922382355,15.188804492354393,0.20045219734311104,12.08328202366829,0.5613898113369942,10.041042506694794,3.338756516575813,7.358851253986359,0.0,1.9642680119723082,8.727093413472176,16.802968017756942,3.2227129116654396,0.0,20.262266159057617,3.825329700484872,2.418802287429571,20.789056841284037,10.748952016234398,1.2872365936636925,2.300065726041794,4.213662415742875,0.6926552951335907,50.659518241882324,31.66833408176899,75.0347671508789,8.761719554662704,40.49293676018715,61.20113414525986,20.09750597178936,368.55089247226715,69.36317682266235,116.2571914792061,5.287715911865234,17.795663595199585,135.6308172941208
TEST_09+1일,6.33976823091507,30.33464401960373,3.070001557469368,4.847590327262878,0.7020822167396545,1.4562602490186691,5.670938402414323,0.7096834033727646,1.7483849078416824,0.9163768291473389,1.1821065098047256,0.9766744673252106,0.648937851190567,3.9183340072631836,28.678755283355713,1.5973944962024689,37.60317420959473,0.28047266602516174,2.2084686756134033,17.19365045428276,3.7433479242026806,0.17270707711577415,0.5227472931146622,0.7669252920895815,13.753757894039154,5.601031333208084,8.878661781549454,15.284093901515009,6.547796726226807,1.7588503286242485,2.6424688398838043,6.487454652786255,1.6136173009872437,1.1849176585674286,0.0,4.975271821022034,43.41336524486542,0.2900501489639282,2.25793719291687,34.265602350234985,11.473720476031303,1.1454424262046814,4.299479350447655,1.0250791311264038,0.7784306108951569,1.8704286068677902,0.4380430653691292,3.236740291118622,0.23591423407196999,2.2179360315203667,9.254371255636215,0.8303529545664787,8.375602126121521,0.4075140506029129,3.72070375084877,0.6654784083366394,3.1160722821950912,0.9815241694450378,1.0793353244662285,0.5715790055692196,5.262239865958691,13.76947671175003,16.067501664161682,10.21664446592331,8.134586066007614,0.6445506326854229,0.6582578793168068,0.9416621327400208,1.4342349916696548,0.827019214630127,1.0598203539848328,0.8944783359766006,1.1930274218320847,0.5888572968542576,1.6499467939138412,0.8294751830399036,0.4676029086112976,1.0314885377883911,0.8623448684811592,3.6529948711395264,0.0,0.7850116342306137,0.8523279428482056,1.0875633358955383,1.0353431403636932,1.5873714089393616,1.2024092748761177,1.0729332268238068,1.9942100048065186,0.9632072448730469,19.375553399324417,1.3081014603376389,5.7662458419799805,10.212448984384537,0.6918537765741348,0.28170596808195114,0.3707922101020813,0.4934045672416687,17.672809600830078,4.770705312490463,1.574041485786438,0.7215597182512283,1.614141333848238,0.23816436529159551,99.09116959571838,24.3648579120636,17.69974672794342,3.1590685844421387,3.3477563858032227,0.919399693608284,2.8651950880885124,1.2060334533452988,1.1517678201198578,0.785063624382019,0.44221070408821106,0.3244580179452896,2.237006440758705,1.0812146067619324,2.9281154423952103,1.2582069635391235,0.19255941547453403,0.0,0.4579433500766754,0.4080078601837158,0.03925502300262451,0.37913742661476135,0.0,0.28061240911483765,0.10519494116306305,0.3533148691058159,0.07636453211307526,0.09864763915538788,15.60303270816803,0.28895124793052673,0.4600374661386013,0.025371551513671875,0.7364515960216522,0.5821721404790878,0.33117087185382843,0.0,1.3292125761508942,0.4605036824941635,2.5366342663764954,0.8164175152778625,8.810102082788944,0.0,3.4236396700143814,0.0,7.558241598308086,1.2500506527721882,4.809307184070349,1.1837436817586422,0.19206318072974682,13.804603338241577,1.948641613125801,0.0,17.330924659967422,8.097981102764606,6.46525003015995,0.12834155559539795,6.193337514996529,0.705915754660964,7.896268010139465,2.9247740954160686,5.71230486407876,0.0777200348675251,1.044104777276516,15.890724807977676,8.873815674334766,8.2337381914258,0.0,12.252496719360352,3.8293425953015685,0.0,8.64100456982851,9.676419034600258,0.7867968417704105,2.4033875465393066,5.453124210238458,1.8198321759700775,17.47325211763382,11.039953902363777,14.722012996673584,7.679718539118767,18.86476504802704,15.213108472526073,4.364745616912842,128.13974678516388,32.0074599981308,49.666042029857635,95.2273941040039,17.905250430107117,38.87116050720215
TEST_09+2일,4.381284564733505,26.81263656914234,2.776260606944561,0.43398579955101013,0.14318595826625824,1.2283321619033813,13.285538375377657,0.22894340753555298,1.1337969824671745,0.5519098043441772,0.18160080537199974,1.0473102629184723,0.44326052069664,0.7386682331562042,10.665592342615128,1.0629554092884064,22.926607131958008,0.44771239161491394,0.5046385824680328,15.429777413606642,4.161652497947216,0.2689605802297592,0.17906992882490158,0.6987878233194351,13.56416168808937,4.287385381758213,3.543737545609474,33.766254022717476,5.573842525482178,1.0355244129896164,1.8536685481667519,3.6722888946533203,1.6242552623152733,1.1429205164313316,0.2243965119123459,4.422852694988251,17.6449636220932,0.286967396736145,1.5849469229578972,22.684037506580353,6.7708500027656555,1.0604733973741531,4.055139124393463,0.31424479000270367,0.8168065249919891,1.188473403453827,0.4230177402496338,2.925392895936966,0.30650948733091354,2.64857979118824,7.294724196195602,0.6997703947126865,8.198355317115784,0.46476778015494347,3.6114174127578735,0.6814962029457092,3.7103225588798523,0.9397999756038189,1.257347971200943,0.22254038602113724,0.0,8.695115447044373,22.179084718227386,8.607385963201523,5.269490964710712,0.0,0.899718850851059,0.9447908997535706,1.4849426299333572,1.5128284692764282,0.8684486150741577,0.9169818833470345,1.1145847290754318,0.5887866877019405,1.8446378409862518,1.4668938741087914,0.44467566534876823,0.7462055683135986,0.5517937019467354,2.5270711183547974,0.1947268843650818,0.9837673455476761,0.8600151538848877,0.8823087438941002,0.8733774125576019,2.124158665537834,1.3592238873243332,0.9392423629760742,1.9068379402160645,1.8517743200063705,13.894073270261288,1.308677613735199,2.750387668609619,3.2390636205673218,0.9466766566038132,0.245792418718338,0.37181782722473145,0.40758216381073,16.846023559570312,3.288082629442215,1.2189988195896149,0.47112831473350525,2.30899378657341,0.2525483369827271,0.0,27.078419268131256,0.0,1.7668278217315674,2.305144354701042,0.8826127499341965,1.7985614016652107,0.8118815720081329,0.9664204716682434,0.6832818984985352,0.44166478514671326,0.2023903727531433,1.8324585109949112,1.092383734881878,1.7483796626329422,0.04941016435623169,0.2833808809518814,16.358789384365082,0.3710561692714691,0.3923386335372925,0.2221624255180359,0.3382464647293091,0.25666436553001404,0.5827479958534241,0.309991791844368,0.7638129070401192,0.02426685392856598,0.4438878893852234,6.464555859565735,0.0,0.0,0.0298689603805542,0.006377417594194412,0.0,0.0,0.0,0.0,0.1166265606880188,0.5262682288885117,0.049154698848724365,7.056421246379614,0.36350249499082565,50.016915589571,0.0,8.765388652682304,1.4423887766897678,5.6365876942873,0.7358567789196968,0.31139031797647476,14.5381498336792,0.3834276460111141,0.0,14.130869358777998,5.91256245970726,9.022806510329247,0.11948686838150024,6.7556797713041306,0.7805086672306061,7.427769422531128,2.9591923691332336,5.07540125772357,0.6823014160618186,1.1136704832315445,11.147938519716263,6.708958212286235,11.724312264472244,0.0,16.734314918518066,5.691928222775459,0.0,13.387169152498245,11.438426792621613,0.22137641161680222,2.64688703417778,4.303394109010697,3.7030129134655,2.9405029863119125,8.862121999263763,7.3913254737854,5.973217986524105,13.769949413836002,8.14375115558505,0.5778277106583118,79.0347370505333,23.52002341300249,32.52857223153114,111.41100311279297,14.28572791814804,22.561314046382908
TEST_09+3일,2.089453764259815,28.826654881238937,3.884457305073738,0.8895575404167175,0.010024964809417725,0.9407903924584389,2.8369827866554274,0.02041769027709961,1.1366098001599312,0.3917364776134491,0.3983302228152752,0.49214914441108704,0.3972204476594925,0.9384072422981262,6.2684042528271675,0.5255847051739693,26.794100761413574,0.34913742914795876,0.4540462866425514,20.46199268102646,2.4078521355986595,0.43506263196468353,0.12211869657039642,0.3569163680076599,14.910564303398132,3.0831607058644295,2.836252748966217,25.997837126255035,6.16267192363739,0.79942212626338,1.4925930425524712,2.8232948184013367,2.1450797021389008,0.9688347652554512,0.02104051411151886,2.0586243271827698,12.738473922014236,0.3508225679397583,1.0512437671422958,18.067610204219818,4.271342135965824,0.9712435305118561,4.081063345074654,0.7329090684652328,0.5946039929986,1.011719472706318,0.3477123752236366,3.7302855849266052,0.22094572335481644,3.269238844513893,7.165888860821724,0.6900600045919418,8.335850179195404,0.5046653375029564,1.6954396069049835,0.8209057152271271,4.049894630908966,0.9092146530747414,1.1524627357721329,0.07389981485903263,0.9146193470805883,2.2281338274478912,12.985476553440094,7.391357839107514,2.0553249679505825,0.0,0.7099902480840683,0.9238114356994629,2.1346558928489685,0.11886298656463623,0.7482276111841202,0.9332871064543724,0.46977661550045013,0.7737386114895344,1.7645975947380066,1.587709754705429,0.7466792687773705,0.32851606607437134,0.7275419980287552,1.6328423023223877,0.17757131159305573,1.1803774237632751,0.8151444792747498,0.789349190890789,0.9980792999267578,2.6782002300024033,1.2470932081341743,0.7226408421993256,1.7294620275497437,1.9388769567012787,18.822491519153118,1.1935246288776398,2.5760836601257324,2.7858901768922806,0.8102197498083115,0.2951964735984802,0.3844689726829529,0.4438187777996063,16.647680282592773,2.433430463075638,0.9253188595175743,0.3276848718523979,2.9588330537080765,0.3253443837165833,0.0,30.61930751800537,0.0,1.7878761291503906,2.760330468416214,0.7280995547771454,0.9092899039387703,0.6302297115325928,0.8903845846652985,0.5831813812255859,0.4754835069179535,0.15015636384487152,1.3074445277452469,1.0467313826084137,0.978238470852375,0.6578935384750366,0.198796845972538,15.811240017414093,0.2078961431980133,0.3331260681152344,0.2792055606842041,0.39030569791793823,0.1878390610218048,0.792210042476654,0.7054229825735092,1.0934015847742558,0.136007621884346,0.5413611531257629,9.942775964736938,0.0,0.0,0.0,0.18674537539482117,0.0,0.0,0.0,0.06239287555217743,0.10121847689151764,0.30222751200199127,0.14969025552272797,3.250024303793907,0.18472914397716522,60.52057070285082,48.09497863054275,8.55570875108242,1.5898784548044205,5.2918887212872505,0.4824209585785866,0.30320750176906586,12.458177328109741,0.0,0.0,10.663052380084991,2.288802210241556,7.20850870013237,0.1596486121416092,5.177440205588937,0.6224204450845718,5.207114413380623,2.082653224468231,7.072148524224758,0.0,1.3031846936792135,7.018191963434219,9.858567759394647,10.245046265423296,1.4886836875230074,17.690424919128418,4.720075685530901,0.0,18.379019308835268,8.413038823753595,0.0,1.857986569404602,5.927587538957597,1.7308823019266129,1.908366896212101,8.08398388326168,4.305610656738281,1.1113022938370705,9.376862853765488,2.6648169700056314,0.0,51.65754426270723,14.29507277905941,43.901472717523575,89.70649719238281,13.18788081407547,8.930433809757233
TEST_09+4일,1.9440606981515884,29.316170766949654,2.7549435198307037,1.8747116774320602,0.20121003687381744,0.7142281085252762,13.941507399082186,0.24258409440517426,0.6897869855165482,0.2751852571964264,0.38466084748506546,0.09206074476242065,0.6008522808551788,2.119390547275543,10.315608143806458,0.44979359954595566,96.27397155761719,0.2692174017429352,0.6519165337085724,45.928803205490105,12.658298343420029,0.40252475813031197,0.09748721122741699,0.8366953432559967,14.234450310468674,2.5447748601436615,0.13960448652505875,16.50923492759466,5.998017370700836,1.2385150156915188,1.40384416654706,3.637038230895996,2.098122388124466,1.0986941009759903,0.0,0.9055118262767792,15.797089040279388,0.2656858563423157,0.37636421620845795,18.26890730857849,2.9402811489999294,0.9796877950429916,4.330227300524712,0.9652911424636841,0.6315906643867493,1.79425348341465,0.34252114593982697,4.9732456505298615,0.25440845638513565,3.468605801463127,5.431155204772949,0.627215065062046,8.174968600273132,0.4093211889266968,0.6147322654724121,0.658893808722496,4.147863924503326,0.9524192214012146,1.3148510456085205,0.07672294601798058,1.5020708180963993,1.7894352413713932,1.7046152353286743,6.959559112787248,1.956464946269989,0.0,0.6413267701864243,0.8794646859169006,2.8379211127758026,1.107490062713623,0.8424244076013565,0.9530672803521156,0.10868441313505173,0.5890223532915115,1.7157142236828804,1.617935299873352,0.5148183926939964,0.1991848200559616,0.8212230056524277,2.1815378665924072,0.15704861283302307,1.241241306066513,0.859968438744545,0.7505756244063377,0.6300349831581116,3.6316166073083878,1.2251628264784813,0.6251694560050964,1.6552895307540894,1.351508378982544,22.52205492556095,1.2846781611442566,1.705129623413086,2.874765656888485,0.9464062750339508,0.2269095554947853,0.4385794997215271,0.5634188055992126,16.603450775146484,2.3943325877189636,0.7365420386195183,0.26414093375205994,1.8556073121726513,0.2599806487560273,0.0,14.474077135324476,1.5818282179534435,2.901270866394043,3.5525151789188385,0.6504080146551132,0.8939536288380623,0.5834604427218437,1.2385031282901764,0.48762720823287964,0.33565355837345123,0.29782792925834656,1.0001652985811234,1.0043984353542328,1.0383146554231644,0.4637548625469208,0.22424401342868805,14.53966061770916,0.08606570959091187,0.34142136573791504,0.5385140180587769,0.6068170666694641,0.6933774948120117,1.0173741579055786,0.753174215555191,1.3145466409623623,0.35049372911453247,0.5371140837669373,6.746333837509155,0.18180030584335327,0.0,0.26387864351272583,0.0167933851480484,0.03176501952111721,0.24040770158171654,0.0,0.03998713195323944,0.1321837082505226,0.3438408225774765,0.1396692544221878,5.007351022213697,0.0,39.47740674763918,136.29617363214493,9.59714788198471,1.8351507782936096,5.808463882654905,1.2819557823240757,0.2551017142832279,12.07323694229126,0.16562724485993385,0.0,8.086872860789299,0.2172168530523777,10.945968087762594,0.15004078298807144,7.160774189978838,0.9690613448619843,4.366008996963501,3.306554496288299,4.936739768832922,0.0,1.632773732766509,5.093085840344429,19.932121763005856,5.796582240611315,0.0,15.671016216278076,2.716774810105562,0.5039069792255759,17.093923047184944,9.697799632325768,0.42347200959920883,0.9999081194400787,4.129375606775285,0.7164885103702545,5.861564006656408,6.275178790092468,1.6585650444030762,0.0,7.2139759212732315,3.5450611785054207,0.0,56.67078912258148,20.22667307406664,53.94196829199792,68.37970924377441,14.177270114421844,14.629082396626474
TEST_09+5일,3.219493806362152,16.345871675759554,4.116117253899574,1.3706912696361542,0.14656677842140198,1.0152991563081741,28.710961639881138,0.7637341022491455,1.2979144901037216,0.3376844525337219,0.20267204381525517,0.17592300474643707,0.8349130153656006,3.815594255924225,13.47794508934021,0.6572288274765015,75.75588798522949,0.4968101233243942,0.7372452467679977,54.98657172918319,17.59734320640564,0.33324839919805527,0.06998336501419544,0.541636236011982,15.558040261268616,3.078276291489601,1.0460683554410934,22.478603906929493,6.424129843711853,2.471833437681198,1.916179459542036,4.1168131828308105,1.6396659761667252,1.1342138946056366,0.0,0.804813951253891,16.820317536592484,0.0674784779548645,1.0133427008986473,22.415701687335968,5.005609590560198,0.9874296188354492,3.952294960618019,1.0033704787492752,0.5358786769211292,3.1032686680555344,0.40453754365444183,5.242609083652496,0.1628163754940033,2.8979894295334816,5.353453874588013,0.5684281382709742,7.9646501541137695,0.5021443627774715,1.2968984842300415,0.577203243970871,3.8554370552301407,0.9497787542641163,1.1457932889461517,0.39840996265411377,1.0221037864685059,2.9435158520936966,1.4275046661496162,7.6437241584062585,3.3434338867664337,0.0,0.7577522099018097,0.9010319709777832,4.20301628112793,0.520256757736206,0.6953442841768265,1.0492878966033459,0.21386846899986267,0.5640844479203224,1.743193231523037,1.553431425243616,0.7512273453176022,0.35048818588256836,1.0359931290149689,3.04140043258667,0.1462741643190384,1.1524734646081924,0.8136750757694244,0.7910704426467419,0.7524107694625854,3.417488843202591,1.3112363740801811,0.6633767187595367,1.4999431669712067,2.909151703119278,24.248858988285065,1.299186572432518,2.5436208248138428,2.3930631577968597,0.8573139198124409,0.2312021516263485,0.4511709213256836,0.5886145830154419,19.63224983215332,3.0661836564540863,0.8756875321269035,0.3699953258037567,1.474251092877239,0.25565665960311895,0.0,6.852481186389923,0.7071285769343376,4.5220255851745605,3.8730640709400177,0.6356586515903473,1.557145081460476,0.8238819241523743,1.4404250979423523,0.4103870689868927,0.2534954845905304,0.46543581783771515,1.2381835877895355,1.1578836515545845,1.6829006671905518,0.5376604199409485,0.32628458738327026,20.111063838005066,0.16301456093788147,0.29178714752197266,0.633754312992096,0.6026777625083923,1.2703092098236084,0.7784175276756287,0.8421912789344788,0.6102230381220579,0.4391510486602783,0.54622483253479,18.847763538360596,0.09323076158761978,0.44577574357390404,0.48834818601608276,0.37215162068605423,0.0,0.050661295652389526,1.5422116965055466,0.18877507746219635,0.1938706487417221,0.25229528546333313,0.33744555711746216,3.5866234749555588,0.011508390307426453,138.2761383652687,158.74174803495407,10.725650064647198,2.1422820165753365,5.510289214551449,1.8487621936947107,0.35078640282154083,17.88400411605835,0.5365369375795126,0.0,8.500279560685158,1.6504913568496704,12.084720823913813,0.05402212589979172,7.589779663830996,1.2928508706390858,3.819570779800415,3.303058102726936,4.0678344536572695,0.0,1.3337091207504272,4.303932785987854,15.622191622853281,5.517906499095261,0.0,19.044668197631836,2.645430028438568,0.5210261279717088,16.945619508624077,8.775311606004834,0.07127509266138077,1.2703539580106735,2.685875523835421,1.103066736832261,5.995723709464073,6.615126151591539,0.9930996894836426,1.2104050517082214,13.639606811106205,5.790496431291103,2.805786356329918,43.990640714764595,18.419752903282642,57.38652935624123,66.2686071395874,17.275494933128357,15.506147384643556
TEST_09+6일,4.5192711353302,7.336293239146471,10.281097948551178,2.796205297112465,0.3771137297153473,0.9108170568943024,16.27324149012566,1.7727178931236267,1.2640433236956596,0.38577723503112793,0.8947392180562019,0.40012237429618835,1.1515191793441772,6.2211737632751465,28.88960972428322,1.1076457798480988,0.0,1.1383335888385773,1.4273072183132172,14.945140957832335,8.155712805688381,0.23232769966125488,0.58568175137043,0.6057425960898399,14.068315595388412,3.9695698767900462,8.885994225740433,49.30097842216492,6.334612190723419,3.694375589489937,2.723412036895752,6.614623546600342,2.035158783197403,1.2683605328202248,0.0,0.6468643248081207,28.980050563812256,0.23870113492012024,1.503993272781372,29.880252361297607,10.585509695112705,0.9956689178943634,3.7347718328237534,1.0554359778761864,0.3212878853082657,4.050876826047897,0.35470105707645416,4.657699137926102,0.19040242210030556,2.049729198217392,4.086080268025398,0.6091044433414936,7.92078423500061,0.4324018657207489,1.7914071679115295,0.5676839053630829,3.393010675907135,0.9388404041528702,1.2207917422056198,0.6006100699305534,10.10938847064972,4.562634341418743,3.0187132507562637,8.297565057873726,5.182925686240196,0.1178443506360054,0.6371761858463287,0.9255988597869873,4.425179600715637,0.9103420376777649,1.150369867682457,1.175566017627716,0.2712119370698929,0.6265202388167381,1.6189861670136452,1.0399978794157505,0.43679438531398773,0.6687913835048676,0.9482645690441132,3.9544697999954224,0.6807462647557259,1.0774099677801132,0.8255735039710999,0.9235488250851631,0.7677488923072815,3.2556947767734528,1.28790183365345,0.9592880308628082,1.3729133903980255,5.40109920501709,21.945512607693672,1.315110944211483,3.6638541221618652,5.219219923019409,0.8715765476226807,0.2522899955511093,0.40038952231407166,0.6480789184570312,18.861730575561523,4.188225194811821,1.3144929707050323,0.6107305064797401,2.3397509893402457,0.3328246176242829,3.588872719556093,2.362696796655655,4.318784683942795,5.689848899841309,4.169725179672241,0.7318117693066597,2.740376442670822,1.1539523303508759,1.6762345433235168,0.42321765422821045,0.18910431861877441,0.5711063146591187,1.8905605226755142,1.0992407649755478,2.3094638139009476,0.981389045715332,0.2877126410603523,11.469221532344818,0.2258826643228531,0.2899298667907715,0.21074432134628296,0.21968552470207214,0.9075767993927002,0.19241544604301453,0.669725775718689,0.720867246389389,0.4873676896095276,0.35126617550849915,25.924837589263916,3.066796451807022,2.086756631731987,4.388351917266846,1.001199558377266,0.5024897530674934,1.2536607384681702,8.938850462436676,0.17813318967819214,0.4889887869358063,1.953263282775879,0.5803501605987549,5.238168144598603,0.6777118518948555,130.75648006796837,77.14394226670265,9.170793995261192,1.354917012155056,5.246768534183502,1.9293954130262136,0.2865220159292221,14.587616920471191,1.6347259283065796,0.0,14.28111770749092,4.594433903694153,12.26701956242323,1.0630629323422909,10.296484231948853,1.0864676237106323,5.278667107224464,2.6052760630846024,4.269533269107342,0.0,1.6971326172351837,7.407017201185226,18.439662668854,0.8739796746522189,0.0,22.01164197921753,3.619646245613694,1.2572394702583551,20.379057623445988,12.028377341106534,0.0,1.161427766084671,2.7800715360790496,1.408778578042984,17.73537678271532,8.508965000510216,6.201930999755859,4.816285498440266,23.53524285554886,9.61209961399436,6.1631496995687485,77.73380883038044,20.62010407447815,67.74860334396362,72.2191390991211,17.0444113612175,16.8386240452528
TEST_09+7일,5.400956153869629,7.866558115929365,10.562811762094498,9.68850725889206,2.1636159420013428,1.2500679790973663,1.414863020181657,2.618496596813202,1.156609684228897,0.902622401714325,2.338842451572418,0.5365836918354034,1.2620438933372498,7.609465718269348,43.11506223678589,2.235397845506668,1.7502093315124512,0.8093325570225716,2.90389546751976,0.0,0.4347985237836838,0.06603708863258362,1.0489107370376587,0.9659490175545216,13.7352215051651,4.9207353964447975,13.96361356973648,34.610635593533516,6.96255087852478,3.618986338376999,3.326390027999878,9.350046873092651,2.0852544754743576,1.042999267578125,0.0,1.4454925060272217,51.06736087799072,0.31194010376930237,1.964317336678505,36.363879442214966,14.61282230913639,0.9571569412946701,3.6502214893698692,1.261416956782341,0.4610607326030731,3.457317352294922,0.35297684371471405,2.977582722902298,0.21048912778496742,1.8937451913952827,3.8233509361743927,0.5389476865530014,7.68021422624588,0.45629967749118805,2.3774454295635223,0.7269537001848221,3.0963899195194244,0.9024735167622566,1.0751176178455353,0.875096321105957,17.46990078687668,10.544420778751373,4.414108015596867,8.582646057009697,6.926645189523697,1.306411437690258,0.6458371728658676,0.9856944680213928,2.5544233322143555,0.5458700656890869,1.1636070162057877,1.2391416355967522,0.6126508861780167,0.7256745994091034,1.9048726558685303,0.8162856046110392,0.4288448207080364,0.9334373474121094,0.9350614547729492,4.2853463888168335,0.8909809403121471,1.053753823041916,0.7747390121221542,0.9437175840139389,0.5897175818681717,2.8479995727539062,1.3934473991394043,1.2894283533096313,1.4647840410470963,5.547447860240936,12.531572490930557,1.224483735859394,5.38129997253418,11.995212584733963,0.7292207218706608,0.3111302852630615,0.4334902763366699,0.6984703540802002,20.018539428710938,4.902960002422333,1.44871486723423,0.6309831291437149,3.0025065690279007,0.2633612155914307,75.4193511903286,0.0,19.48119181394577,5.062976360321045,3.5880103707313538,0.9189786836504936,3.3811237663030624,1.285233199596405,1.6769696474075317,0.5643377900123596,0.15494627505540848,0.5359279364347458,2.4989728331565857,1.067226342856884,3.12325182557106,0.876003623008728,0.33732766285538673,0.0,0.3596208691596985,0.31182992458343506,0.0,0.02645830065011978,0.1377326250076294,0.0,0.2085055634379387,1.243630912154913,0.34886980056762695,0.014959033578634262,14.945782721042633,6.034768044948578,2.8080956041812897,5.212044715881348,2.2574996948242188,0.7807391434907913,2.7385877072811127,4.633321985602379,1.221190631389618,0.895124763250351,4.4452725648880005,2.372400999069214,7.715551447123289,0.8813701644539833,3.155189923942089,19.672286212444302,9.54634127765894,1.5163785517215729,5.4401401206851006,2.6328378776088357,0.4122769832611084,18.392351865768433,0.42538787238299847,0.0,19.995337277650833,8.135066404938698,12.475710287690163,0.20045219734311104,9.986816942691803,0.7435226514935493,7.47552365064621,3.008724264800548,5.364829480648041,0.0,1.9642680119723082,12.54683256149292,17.516009069979194,2.446185763925314,0.0,20.34285879135132,3.966088593006134,0.7260196432471275,19.614374954253435,10.34088709950447,1.1339348778128624,2.639213591814041,4.3043314069509515,1.6574177891016006,31.766617953777313,11.883118748664856,21.167916297912598,10.571211352944374,27.989034608006477,14.246379006654024,8.217755183577538,137.58781604468822,23.474230617284775,64.15910863876343,68.7723445892334,14.786669611930847,28.660275816917423
