date,느티나무 셀프BBQ_1인 수저세트,느티나무 셀프BBQ_BBQ55(단체),"느티나무 셀프BBQ_대여료 30,000원","느티나무 셀프BBQ_대여료 60,000원","느티나무 셀프BBQ_대여료 90,000원","느티나무 셀프BBQ_본삼겹 (단품,실내)",느티나무 셀프BBQ_스프라이트 (단체),느티나무 셀프BBQ_신라면,느티나무 셀프BBQ_쌈야채세트,느티나무 셀프BBQ_쌈장,느티나무 셀프BBQ_육개장 사발면,느티나무 셀프BBQ_일회용 소주컵,느티나무 셀프BBQ_일회용 종이컵,느티나무 셀프BBQ_잔디그늘집 대여료 (12인석),느티나무 셀프BBQ_잔디그늘집 대여료 (6인석),느티나무 셀프BBQ_잔디그늘집 의자 추가,느티나무 셀프BBQ_참이슬 (단체),느티나무 셀프BBQ_친환경 접시 14cm,느티나무 셀프BBQ_친환경 접시 23cm,느티나무 셀프BBQ_카스 병(단체),느티나무 셀프BBQ_콜라 (단체),느티나무 셀프BBQ_햇반,느티나무 셀프BBQ_허브솔트,담하_(단체) 공깃밥,담하_(단체) 생목살 김치전골 2.0,담하_(단체) 은이버섯 갈비탕,담하_(단체) 한우 우거지 국밥,담하_(단체) 황태해장국 3/27까지,담하_(정식) 된장찌개,담하_(정식) 물냉면 ,담하_(정식) 비빔냉면,담하_(후식) 된장찌개,담하_(후식) 물냉면,담하_(후식) 비빔냉면,담하_갑오징어 비빔밥,담하_갱시기,담하_공깃밥,담하_꼬막 비빔밥,담하_느린마을 막걸리,담하_담하 한우 불고기,담하_담하 한우 불고기 정식,담하_더덕 한우 지짐,담하_들깨 양지탕,담하_라면사리,담하_룸 이용료,담하_메밀면 사리,담하_명인안동소주,담하_명태회 비빔냉면,담하_문막 복분자 칵테일,담하_봉평메밀 물냉면,담하_생목살 김치찌개,담하_스프라이트,담하_은이버섯 갈비탕,담하_제로콜라,담하_참이슬,담하_처음처럼,담하_카스,담하_콜라,담하_테라,담하_하동 매실 칵테일,담하_한우 떡갈비 정식,담하_한우 미역국 정식,담하_한우 우거지 국밥,담하_한우 차돌박이 된장찌개,담하_황태해장국,라그로타_AUS (200g),라그로타_G-Charge(3),라그로타_Gls.Sileni,라그로타_Gls.미션 서드,라그로타_Open Food,라그로타_그릴드 비프 샐러드,라그로타_까르보나라,라그로타_모둠 해산물 플래터,라그로타_미션 서드 카베르네 쉬라,라그로타_버섯 크림 리조또,라그로타_빵 추가 (1인),라그로타_스프라이트,라그로타_시저 샐러드 ,라그로타_아메리카노,라그로타_알리오 에 올리오 ,라그로타_양갈비 (4ps),라그로타_자몽리치에이드,라그로타_제로콜라,라그로타_카스,라그로타_콜라,라그로타_하이네켄(생),라그로타_한우 (200g),라그로타_해산물 토마토 리조또,라그로타_해산물 토마토 스튜 파스타,라그로타_해산물 토마토 스파게티,"미라시아_(단체)브런치주중 36,000",미라시아_(오븐) 하와이안 쉬림프 피자,미라시아_(화덕) 불고기 페퍼로니 반반피자,미라시아_BBQ Platter,미라시아_BBQ 고기추가,미라시아_공깃밥,미라시아_글라스와인 (레드),미라시아_레인보우칵테일(알코올),미라시아_미라시아 브런치 (패키지),미라시아_버드와이저(무제한),미라시아_보일링 랍스타 플래터,미라시아_보일링 랍스타 플래터(덜매운맛),미라시아_브런치 2인 패키지 ,미라시아_브런치 4인 패키지 ,미라시아_브런치(대인) 주말,미라시아_브런치(대인) 주중,미라시아_브런치(어린이),미라시아_쉬림프 투움바 파스타,미라시아_스텔라(무제한),미라시아_스프라이트,미라시아_애플망고 에이드,미라시아_얼그레이 하이볼,미라시아_오븐구이 윙과 킬바사소세지,미라시아_유자 하이볼,미라시아_잭 애플 토닉,미라시아_칠리 치즈 프라이,미라시아_코카콜라,미라시아_코카콜라(제로),미라시아_콥 샐러드,미라시아_파스타면 추가(150g),미라시아_핑크레몬에이드,연회장_Cass Beer,연회장_Conference L1,연회장_Conference L2,연회장_Conference L3,연회장_Conference M1,연회장_Conference M8,연회장_Conference M9,연회장_Convention Hall,연회장_Cookie Platter,연회장_Grand Ballroom,연회장_OPUS 2,연회장_Regular Coffee,연회장_골뱅이무침,연회장_공깃밥,연회장_돈목살 김치찌개 (밥포함),연회장_로제 치즈떡볶이,연회장_마라샹궈,연회장_매콤 무뼈닭발&계란찜,연회장_모둠 돈육구이(3인),연회장_삼겹살추가 (200g),연회장_야채추가,연회장_왕갈비치킨,연회장_주먹밥 (2ea),카페테리아_공깃밥(추가),카페테리아_구슬아이스크림,카페테리아_단체식 13000(신),카페테리아_단체식 18000(신),카페테리아_돼지고기 김치찌개,카페테리아_복숭아 아이스티,카페테리아_새우 볶음밥,카페테리아_새우튀김 우동,카페테리아_샷 추가,카페테리아_수제 등심 돈까스,카페테리아_아메리카노(HOT),카페테리아_아메리카노(ICE),카페테리아_약 고추장 돌솥비빔밥,카페테리아_어린이 돈까스,카페테리아_오픈푸드,카페테리아_진사골 설렁탕,카페테리아_짜장면,카페테리아_짜장밥,카페테리아_짬뽕,카페테리아_짬뽕밥,카페테리아_치즈돈까스,카페테리아_카페라떼(HOT),카페테리아_카페라떼(ICE),카페테리아_한상 삼겹구이 정식(2인) 소요시간 약 15~20분,포레스트릿_꼬치어묵,포레스트릿_떡볶이,포레스트릿_복숭아 아이스티,포레스트릿_생수,포레스트릿_스프라이트,포레스트릿_아메리카노(HOT),포레스트릿_아메리카노(ICE),포레스트릿_치즈 핫도그,포레스트릿_카페라떼(HOT),포레스트릿_카페라떼(ICE),포레스트릿_코카콜라,포레스트릿_페스츄리 소시지,화담숲주막_느린마을 막걸리,화담숲주막_단호박 식혜 ,화담숲주막_병천순대,화담숲주막_스프라이트,화담숲주막_참살이 막걸리,화담숲주막_찹쌀식혜,화담숲주막_콜라,화담숲주막_해물파전,화담숲카페_메밀미숫가루,화담숲카페_아메리카노 HOT,화담숲카페_아메리카노 ICE,화담숲카페_카페라떼 ICE,화담숲카페_현미뻥스크림
0,7.857142857142857,2.0,4.285714285714286,2.5714285714285716,0.2857142857142857,1.4285714285714286,0.14285714285714285,2.857142857142857,2.2857142857142856,0.7142857142857143,0.8571428571428571,0.14285714285714285,0.7142857142857143,3.4285714285714284,14.857142857142858,0.8571428571428571,0.2857142857142857,0.7142857142857143,1.4285714285714286,3.7142857142857144,0.0,1.1428571428571428,0.5714285714285714,0.7142857142857143,16.428571428571427,26.142857142857142,2.2857142857142856,34.142857142857146,5.714285714285714,2.0,1.1428571428571428,1.4285714285714286,2.857142857142857,1.1428571428571428,0.5714285714285714,0.0,17.142857142857142,0.0,1.1428571428571428,12.428571428571429,8.0,0.2857142857142857,0.0,1.0,0.14285714285714285,1.4285714285714286,0.14285714285714285,3.4285714285714284,0.5714285714285714,1.5714285714285714,7.857142857142857,0.42857142857142855,4.857142857142857,0.2857142857142857,0.7142857142857143,0.2857142857142857,1.0,0.0,0.7142857142857143,0.2857142857142857,4.142857142857143,5.857142857142857,7.0,6.714285714285714,5.142857142857143,1.4285714285714286,0.8571428571428571,0.2857142857142857,1.2857142857142858,10.714285714285714,1.5714285714285714,2.4285714285714284,0.14285714285714285,1.4285714285714286,3.0,0.8571428571428571,0.2857142857142857,1.2857142857142858,0.42857142857142855,3.2857142857142856,2.0,1.0,0.14285714285714285,0.7142857142857143,1.2857142857142858,2.5714285714285716,1.1428571428571428,0.7142857142857143,2.0,3.0,46.57142857142857,0.7142857142857143,1.4285714285714286,4.0,0.0,0.42857142857142855,0.0,0.14285714285714285,13.428571428571429,2.857142857142857,0.7142857142857143,0.0,3.5714285714285716,0.42857142857142855,44.857142857142854,44.714285714285715,16.571428571428573,2.0,2.5714285714285716,0.5714285714285714,1.8571428571428572,0.2857142857142857,1.0,0.42857142857142855,0.14285714285714285,0.7142857142857143,0.2857142857142857,1.1428571428571428,1.2857142857142858,0.42857142857142855,0.0,7.714285714285714,0.5714285714285714,0.5714285714285714,0.0,0.42857142857142855,0.5714285714285714,0.7142857142857143,0.8571428571428571,3.0,1.2857142857142858,0.0,35.714285714285715,0.8571428571428571,0.7142857142857143,1.0,0.8571428571428571,0.0,0.7142857142857143,2.4285714285714284,0.5714285714285714,0.42857142857142855,1.5714285714285714,0.0,2.857142857142857,0.0,21.714285714285715,20.428571428571427,6.571428571428571,0.0,3.5714285714285716,0.0,0.0,8.428571428571429,0.0,0.0,12.714285714285714,2.4285714285714284,0.14285714285714285,0.0,3.2857142857142856,0.2857142857142857,3.142857142857143,1.4285714285714286,2.857142857142857,0.0,0.0,3.7142857142857144,0.0,0.2857142857142857,0.0,4.142857142857143,0.5714285714285714,0.0,1.8571428571428572,0.0,0.0,0.14285714285714285,0.7142857142857143,0.14285714285714285,12.714285714285714,5.142857142857143,12.571428571428571,4.285714285714286,10.0,10.285714285714286,3.857142857142857,36.857142857142854,23.857142857142858,3.0,24.857142857142858,7.0,11.142857142857142
0,7.857142857142857,2.0,4.285714285714286,2.5714285714285716,0.2857142857142857,1.4285714285714286,0.14285714285714285,2.857142857142857,2.2857142857142856,0.7142857142857143,0.8571428571428571,0.14285714285714285,0.7142857142857143,3.4285714285714284,14.857142857142858,0.8571428571428571,0.2857142857142857,0.7142857142857143,1.4285714285714286,3.7142857142857144,0.0,1.1428571428571428,0.5714285714285714,0.7142857142857143,16.428571428571427,26.142857142857142,2.2857142857142856,34.142857142857146,5.714285714285714,2.0,1.1428571428571428,1.4285714285714286,2.857142857142857,1.1428571428571428,0.5714285714285714,0.0,17.142857142857142,0.0,1.1428571428571428,12.428571428571429,8.0,0.2857142857142857,0.0,1.0,0.14285714285714285,1.4285714285714286,0.14285714285714285,3.4285714285714284,0.5714285714285714,1.5714285714285714,7.857142857142857,0.42857142857142855,4.857142857142857,0.2857142857142857,0.7142857142857143,0.2857142857142857,1.0,0.0,0.7142857142857143,0.2857142857142857,4.142857142857143,5.857142857142857,7.0,6.714285714285714,5.142857142857143,1.4285714285714286,0.8571428571428571,0.2857142857142857,1.2857142857142858,10.714285714285714,1.5714285714285714,2.4285714285714284,0.14285714285714285,1.4285714285714286,3.0,0.8571428571428571,0.2857142857142857,1.2857142857142858,0.42857142857142855,3.2857142857142856,2.0,1.0,0.14285714285714285,0.7142857142857143,1.2857142857142858,2.5714285714285716,1.1428571428571428,0.7142857142857143,2.0,3.0,46.57142857142857,0.7142857142857143,1.4285714285714286,4.0,0.0,0.42857142857142855,0.0,0.14285714285714285,13.428571428571429,2.857142857142857,0.7142857142857143,0.0,3.5714285714285716,0.42857142857142855,44.857142857142854,44.714285714285715,16.571428571428573,2.0,2.5714285714285716,0.5714285714285714,1.8571428571428572,0.2857142857142857,1.0,0.42857142857142855,0.14285714285714285,0.7142857142857143,0.2857142857142857,1.1428571428571428,1.2857142857142858,0.42857142857142855,0.0,7.714285714285714,0.5714285714285714,0.5714285714285714,0.0,0.42857142857142855,0.5714285714285714,0.7142857142857143,0.8571428571428571,3.0,1.2857142857142858,0.0,35.714285714285715,0.8571428571428571,0.7142857142857143,1.0,0.8571428571428571,0.0,0.7142857142857143,2.4285714285714284,0.5714285714285714,0.42857142857142855,1.5714285714285714,0.0,2.857142857142857,0.0,21.714285714285715,20.428571428571427,6.571428571428571,0.0,3.5714285714285716,0.0,0.0,8.428571428571429,0.0,0.0,12.714285714285714,2.4285714285714284,0.14285714285714285,0.0,3.2857142857142856,0.2857142857142857,3.142857142857143,1.4285714285714286,2.857142857142857,0.0,0.0,3.7142857142857144,0.0,0.2857142857142857,0.0,4.142857142857143,0.5714285714285714,0.0,1.8571428571428572,0.0,0.0,0.14285714285714285,0.7142857142857143,0.14285714285714285,12.714285714285714,5.142857142857143,12.571428571428571,4.285714285714286,10.0,10.285714285714286,3.857142857142857,36.857142857142854,23.857142857142858,3.0,24.857142857142858,7.0,11.142857142857142
0,7.857142857142857,2.0,4.285714285714286,2.5714285714285716,0.2857142857142857,1.4285714285714286,0.14285714285714285,2.857142857142857,2.2857142857142856,0.7142857142857143,0.8571428571428571,0.14285714285714285,0.7142857142857143,3.4285714285714284,14.857142857142858,0.8571428571428571,0.2857142857142857,0.7142857142857143,1.4285714285714286,3.7142857142857144,0.0,1.1428571428571428,0.5714285714285714,0.7142857142857143,16.428571428571427,26.142857142857142,2.2857142857142856,34.142857142857146,5.714285714285714,2.0,1.1428571428571428,1.4285714285714286,2.857142857142857,1.1428571428571428,0.5714285714285714,0.0,17.142857142857142,0.0,1.1428571428571428,12.428571428571429,8.0,0.2857142857142857,0.0,1.0,0.14285714285714285,1.4285714285714286,0.14285714285714285,3.4285714285714284,0.5714285714285714,1.5714285714285714,7.857142857142857,0.42857142857142855,4.857142857142857,0.2857142857142857,0.7142857142857143,0.2857142857142857,1.0,0.0,0.7142857142857143,0.2857142857142857,4.142857142857143,5.857142857142857,7.0,6.714285714285714,5.142857142857143,1.4285714285714286,0.8571428571428571,0.2857142857142857,1.2857142857142858,10.714285714285714,1.5714285714285714,2.4285714285714284,0.14285714285714285,1.4285714285714286,3.0,0.8571428571428571,0.2857142857142857,1.2857142857142858,0.42857142857142855,3.2857142857142856,2.0,1.0,0.14285714285714285,0.7142857142857143,1.2857142857142858,2.5714285714285716,1.1428571428571428,0.7142857142857143,2.0,3.0,46.57142857142857,0.7142857142857143,1.4285714285714286,4.0,0.0,0.42857142857142855,0.0,0.14285714285714285,13.428571428571429,2.857142857142857,0.7142857142857143,0.0,3.5714285714285716,0.42857142857142855,44.857142857142854,44.714285714285715,16.571428571428573,2.0,2.5714285714285716,0.5714285714285714,1.8571428571428572,0.2857142857142857,1.0,0.42857142857142855,0.14285714285714285,0.7142857142857143,0.2857142857142857,1.1428571428571428,1.2857142857142858,0.42857142857142855,0.0,7.714285714285714,0.5714285714285714,0.5714285714285714,0.0,0.42857142857142855,0.5714285714285714,0.7142857142857143,0.8571428571428571,3.0,1.2857142857142858,0.0,35.714285714285715,0.8571428571428571,0.7142857142857143,1.0,0.8571428571428571,0.0,0.7142857142857143,2.4285714285714284,0.5714285714285714,0.42857142857142855,1.5714285714285714,0.0,2.857142857142857,0.0,21.714285714285715,20.428571428571427,6.571428571428571,0.0,3.5714285714285716,0.0,0.0,8.428571428571429,0.0,0.0,12.714285714285714,2.4285714285714284,0.14285714285714285,0.0,3.2857142857142856,0.2857142857142857,3.142857142857143,1.4285714285714286,2.857142857142857,0.0,0.0,3.7142857142857144,0.0,0.2857142857142857,0.0,4.142857142857143,0.5714285714285714,0.0,1.8571428571428572,0.0,0.0,0.14285714285714285,0.7142857142857143,0.14285714285714285,12.714285714285714,5.142857142857143,12.571428571428571,4.285714285714286,10.0,10.285714285714286,3.857142857142857,36.857142857142854,23.857142857142858,3.0,24.857142857142858,7.0,11.142857142857142
0,7.857142857142857,2.0,4.285714285714286,2.5714285714285716,0.2857142857142857,1.4285714285714286,0.14285714285714285,2.857142857142857,2.2857142857142856,0.7142857142857143,0.8571428571428571,0.14285714285714285,0.7142857142857143,3.4285714285714284,14.857142857142858,0.8571428571428571,0.2857142857142857,0.7142857142857143,1.4285714285714286,3.7142857142857144,0.0,1.1428571428571428,0.5714285714285714,0.7142857142857143,16.428571428571427,26.142857142857142,2.2857142857142856,34.142857142857146,5.714285714285714,2.0,1.1428571428571428,1.4285714285714286,2.857142857142857,1.1428571428571428,0.5714285714285714,0.0,17.142857142857142,0.0,1.1428571428571428,12.428571428571429,8.0,0.2857142857142857,0.0,1.0,0.14285714285714285,1.4285714285714286,0.14285714285714285,3.4285714285714284,0.5714285714285714,1.5714285714285714,7.857142857142857,0.42857142857142855,4.857142857142857,0.2857142857142857,0.7142857142857143,0.2857142857142857,1.0,0.0,0.7142857142857143,0.2857142857142857,4.142857142857143,5.857142857142857,7.0,6.714285714285714,5.142857142857143,1.4285714285714286,0.8571428571428571,0.2857142857142857,1.2857142857142858,10.714285714285714,1.5714285714285714,2.4285714285714284,0.14285714285714285,1.4285714285714286,3.0,0.8571428571428571,0.2857142857142857,1.2857142857142858,0.42857142857142855,3.2857142857142856,2.0,1.0,0.14285714285714285,0.7142857142857143,1.2857142857142858,2.5714285714285716,1.1428571428571428,0.7142857142857143,2.0,3.0,46.57142857142857,0.7142857142857143,1.4285714285714286,4.0,0.0,0.42857142857142855,0.0,0.14285714285714285,13.428571428571429,2.857142857142857,0.7142857142857143,0.0,3.5714285714285716,0.42857142857142855,44.857142857142854,44.714285714285715,16.571428571428573,2.0,2.5714285714285716,0.5714285714285714,1.8571428571428572,0.2857142857142857,1.0,0.42857142857142855,0.14285714285714285,0.7142857142857143,0.2857142857142857,1.1428571428571428,1.2857142857142858,0.42857142857142855,0.0,7.714285714285714,0.5714285714285714,0.5714285714285714,0.0,0.42857142857142855,0.5714285714285714,0.7142857142857143,0.8571428571428571,3.0,1.2857142857142858,0.0,35.714285714285715,0.8571428571428571,0.7142857142857143,1.0,0.8571428571428571,0.0,0.7142857142857143,2.4285714285714284,0.5714285714285714,0.42857142857142855,1.5714285714285714,0.0,2.857142857142857,0.0,21.714285714285715,20.428571428571427,6.571428571428571,0.0,3.5714285714285716,0.0,0.0,8.428571428571429,0.0,0.0,12.714285714285714,2.4285714285714284,0.14285714285714285,0.0,3.2857142857142856,0.2857142857142857,3.142857142857143,1.4285714285714286,2.857142857142857,0.0,0.0,3.7142857142857144,0.0,0.2857142857142857,0.0,4.142857142857143,0.5714285714285714,0.0,1.8571428571428572,0.0,0.0,0.14285714285714285,0.7142857142857143,0.14285714285714285,12.714285714285714,5.142857142857143,12.571428571428571,4.285714285714286,10.0,10.285714285714286,3.857142857142857,36.857142857142854,23.857142857142858,3.0,24.857142857142858,7.0,11.142857142857142
0,7.857142857142857,2.0,4.285714285714286,2.5714285714285716,0.2857142857142857,1.4285714285714286,0.14285714285714285,2.857142857142857,2.2857142857142856,0.7142857142857143,0.8571428571428571,0.14285714285714285,0.7142857142857143,3.4285714285714284,14.857142857142858,0.8571428571428571,0.2857142857142857,0.7142857142857143,1.4285714285714286,3.7142857142857144,0.0,1.1428571428571428,0.5714285714285714,0.7142857142857143,16.428571428571427,26.142857142857142,2.2857142857142856,34.142857142857146,5.714285714285714,2.0,1.1428571428571428,1.4285714285714286,2.857142857142857,1.1428571428571428,0.5714285714285714,0.0,17.142857142857142,0.0,1.1428571428571428,12.428571428571429,8.0,0.2857142857142857,0.0,1.0,0.14285714285714285,1.4285714285714286,0.14285714285714285,3.4285714285714284,0.5714285714285714,1.5714285714285714,7.857142857142857,0.42857142857142855,4.857142857142857,0.2857142857142857,0.7142857142857143,0.2857142857142857,1.0,0.0,0.7142857142857143,0.2857142857142857,4.142857142857143,5.857142857142857,7.0,6.714285714285714,5.142857142857143,1.4285714285714286,0.8571428571428571,0.2857142857142857,1.2857142857142858,10.714285714285714,1.5714285714285714,2.4285714285714284,0.14285714285714285,1.4285714285714286,3.0,0.8571428571428571,0.2857142857142857,1.2857142857142858,0.42857142857142855,3.2857142857142856,2.0,1.0,0.14285714285714285,0.7142857142857143,1.2857142857142858,2.5714285714285716,1.1428571428571428,0.7142857142857143,2.0,3.0,46.57142857142857,0.7142857142857143,1.4285714285714286,4.0,0.0,0.42857142857142855,0.0,0.14285714285714285,13.428571428571429,2.857142857142857,0.7142857142857143,0.0,3.5714285714285716,0.42857142857142855,44.857142857142854,44.714285714285715,16.571428571428573,2.0,2.5714285714285716,0.5714285714285714,1.8571428571428572,0.2857142857142857,1.0,0.42857142857142855,0.14285714285714285,0.7142857142857143,0.2857142857142857,1.1428571428571428,1.2857142857142858,0.42857142857142855,0.0,7.714285714285714,0.5714285714285714,0.5714285714285714,0.0,0.42857142857142855,0.5714285714285714,0.7142857142857143,0.8571428571428571,3.0,1.2857142857142858,0.0,35.714285714285715,0.8571428571428571,0.7142857142857143,1.0,0.8571428571428571,0.0,0.7142857142857143,2.4285714285714284,0.5714285714285714,0.42857142857142855,1.5714285714285714,0.0,2.857142857142857,0.0,21.714285714285715,20.428571428571427,6.571428571428571,0.0,3.5714285714285716,0.0,0.0,8.428571428571429,0.0,0.0,12.714285714285714,2.4285714285714284,0.14285714285714285,0.0,3.2857142857142856,0.2857142857142857,3.142857142857143,1.4285714285714286,2.857142857142857,0.0,0.0,3.7142857142857144,0.0,0.2857142857142857,0.0,4.142857142857143,0.5714285714285714,0.0,1.8571428571428572,0.0,0.0,0.14285714285714285,0.7142857142857143,0.14285714285714285,12.714285714285714,5.142857142857143,12.571428571428571,4.285714285714286,10.0,10.285714285714286,3.857142857142857,36.857142857142854,23.857142857142858,3.0,24.857142857142858,7.0,11.142857142857142
0,7.857142857142857,2.0,4.285714285714286,2.5714285714285716,0.2857142857142857,1.4285714285714286,0.14285714285714285,2.857142857142857,2.2857142857142856,0.7142857142857143,0.8571428571428571,0.14285714285714285,0.7142857142857143,3.4285714285714284,14.857142857142858,0.8571428571428571,0.2857142857142857,0.7142857142857143,1.4285714285714286,3.7142857142857144,0.0,1.1428571428571428,0.5714285714285714,0.7142857142857143,16.428571428571427,26.142857142857142,2.2857142857142856,34.142857142857146,5.714285714285714,2.0,1.1428571428571428,1.4285714285714286,2.857142857142857,1.1428571428571428,0.5714285714285714,0.0,17.142857142857142,0.0,1.1428571428571428,12.428571428571429,8.0,0.2857142857142857,0.0,1.0,0.14285714285714285,1.4285714285714286,0.14285714285714285,3.4285714285714284,0.5714285714285714,1.5714285714285714,7.857142857142857,0.42857142857142855,4.857142857142857,0.2857142857142857,0.7142857142857143,0.2857142857142857,1.0,0.0,0.7142857142857143,0.2857142857142857,4.142857142857143,5.857142857142857,7.0,6.714285714285714,5.142857142857143,1.4285714285714286,0.8571428571428571,0.2857142857142857,1.2857142857142858,10.714285714285714,1.5714285714285714,2.4285714285714284,0.14285714285714285,1.4285714285714286,3.0,0.8571428571428571,0.2857142857142857,1.2857142857142858,0.42857142857142855,3.2857142857142856,2.0,1.0,0.14285714285714285,0.7142857142857143,1.2857142857142858,2.5714285714285716,1.1428571428571428,0.7142857142857143,2.0,3.0,46.57142857142857,0.7142857142857143,1.4285714285714286,4.0,0.0,0.42857142857142855,0.0,0.14285714285714285,13.428571428571429,2.857142857142857,0.7142857142857143,0.0,3.5714285714285716,0.42857142857142855,44.857142857142854,44.714285714285715,16.571428571428573,2.0,2.5714285714285716,0.5714285714285714,1.8571428571428572,0.2857142857142857,1.0,0.42857142857142855,0.14285714285714285,0.7142857142857143,0.2857142857142857,1.1428571428571428,1.2857142857142858,0.42857142857142855,0.0,7.714285714285714,0.5714285714285714,0.5714285714285714,0.0,0.42857142857142855,0.5714285714285714,0.7142857142857143,0.8571428571428571,3.0,1.2857142857142858,0.0,35.714285714285715,0.8571428571428571,0.7142857142857143,1.0,0.8571428571428571,0.0,0.7142857142857143,2.4285714285714284,0.5714285714285714,0.42857142857142855,1.5714285714285714,0.0,2.857142857142857,0.0,21.714285714285715,20.428571428571427,6.571428571428571,0.0,3.5714285714285716,0.0,0.0,8.428571428571429,0.0,0.0,12.714285714285714,2.4285714285714284,0.14285714285714285,0.0,3.2857142857142856,0.2857142857142857,3.142857142857143,1.4285714285714286,2.857142857142857,0.0,0.0,3.7142857142857144,0.0,0.2857142857142857,0.0,4.142857142857143,0.5714285714285714,0.0,1.8571428571428572,0.0,0.0,0.14285714285714285,0.7142857142857143,0.14285714285714285,12.714285714285714,5.142857142857143,12.571428571428571,4.285714285714286,10.0,10.285714285714286,3.857142857142857,36.857142857142854,23.857142857142858,3.0,24.857142857142858,7.0,11.142857142857142
0,7.857142857142857,2.0,4.285714285714286,2.5714285714285716,0.2857142857142857,1.4285714285714286,0.14285714285714285,2.857142857142857,2.2857142857142856,0.7142857142857143,0.8571428571428571,0.14285714285714285,0.7142857142857143,3.4285714285714284,14.857142857142858,0.8571428571428571,0.2857142857142857,0.7142857142857143,1.4285714285714286,3.7142857142857144,0.0,1.1428571428571428,0.5714285714285714,0.7142857142857143,16.428571428571427,26.142857142857142,2.2857142857142856,34.142857142857146,5.714285714285714,2.0,1.1428571428571428,1.4285714285714286,2.857142857142857,1.1428571428571428,0.5714285714285714,0.0,17.142857142857142,0.0,1.1428571428571428,12.428571428571429,8.0,0.2857142857142857,0.0,1.0,0.14285714285714285,1.4285714285714286,0.14285714285714285,3.4285714285714284,0.5714285714285714,1.5714285714285714,7.857142857142857,0.42857142857142855,4.857142857142857,0.2857142857142857,0.7142857142857143,0.2857142857142857,1.0,0.0,0.7142857142857143,0.2857142857142857,4.142857142857143,5.857142857142857,7.0,6.714285714285714,5.142857142857143,1.4285714285714286,0.8571428571428571,0.2857142857142857,1.2857142857142858,10.714285714285714,1.5714285714285714,2.4285714285714284,0.14285714285714285,1.4285714285714286,3.0,0.8571428571428571,0.2857142857142857,1.2857142857142858,0.42857142857142855,3.2857142857142856,2.0,1.0,0.14285714285714285,0.7142857142857143,1.2857142857142858,2.5714285714285716,1.1428571428571428,0.7142857142857143,2.0,3.0,46.57142857142857,0.7142857142857143,1.4285714285714286,4.0,0.0,0.42857142857142855,0.0,0.14285714285714285,13.428571428571429,2.857142857142857,0.7142857142857143,0.0,3.5714285714285716,0.42857142857142855,44.857142857142854,44.714285714285715,16.571428571428573,2.0,2.5714285714285716,0.5714285714285714,1.8571428571428572,0.2857142857142857,1.0,0.42857142857142855,0.14285714285714285,0.7142857142857143,0.2857142857142857,1.1428571428571428,1.2857142857142858,0.42857142857142855,0.0,7.714285714285714,0.5714285714285714,0.5714285714285714,0.0,0.42857142857142855,0.5714285714285714,0.7142857142857143,0.8571428571428571,3.0,1.2857142857142858,0.0,35.714285714285715,0.8571428571428571,0.7142857142857143,1.0,0.8571428571428571,0.0,0.7142857142857143,2.4285714285714284,0.5714285714285714,0.42857142857142855,1.5714285714285714,0.0,2.857142857142857,0.0,21.714285714285715,20.428571428571427,6.571428571428571,0.0,3.5714285714285716,0.0,0.0,8.428571428571429,0.0,0.0,12.714285714285714,2.4285714285714284,0.14285714285714285,0.0,3.2857142857142856,0.2857142857142857,3.142857142857143,1.4285714285714286,2.857142857142857,0.0,0.0,3.7142857142857144,0.0,0.2857142857142857,0.0,4.142857142857143,0.5714285714285714,0.0,1.8571428571428572,0.0,0.0,0.14285714285714285,0.7142857142857143,0.14285714285714285,12.714285714285714,5.142857142857143,12.571428571428571,4.285714285714286,10.0,10.285714285714286,3.857142857142857,36.857142857142854,23.857142857142858,3.0,24.857142857142858,7.0,11.142857142857142
0,5.142857142857143,0.0,8.714285714285714,2.4285714285714284,0.42857142857142855,1.4285714285714286,0.42857142857142855,2.4285714285714284,3.142857142857143,0.2857142857142857,0.5714285714285714,0.2857142857142857,0.42857142857142855,5.285714285714286,16.0,1.4285714285714286,1.5714285714285714,0.14285714285714285,1.4285714285714286,2.0,0.7142857142857143,1.0,0.14285714285714285,0.2857142857142857,1.5714285714285714,0.0,2.0,4.285714285714286,3.2857142857142856,4.0,1.5714285714285714,7.285714285714286,4.285714285714286,2.142857142857143,1.0,0.0,46.0,0.0,1.7142857142857142,37.142857142857146,8.0,0.7142857142857143,0.0,0.0,0.42857142857142855,3.142857142857143,0.7142857142857143,3.7142857142857144,1.4285714285714286,5.571428571428571,9.428571428571429,1.4285714285714286,3.857142857142857,0.2857142857142857,3.5714285714285716,1.4285714285714286,2.7142857142857144,1.1428571428571428,1.4285714285714286,1.0,10.714285714285714,6.285714285714286,9.571428571428571,9.428571428571429,6.285714285714286,1.5714285714285714,0.2857142857142857,2.2857142857142856,4.285714285714286,0.14285714285714285,1.4285714285714286,0.0,0.8571428571428571,0.14285714285714285,3.2857142857142856,1.2857142857142858,0.0,1.7142857142857142,0.14285714285714285,2.4285714285714284,2.4285714285714284,1.2857142857142858,1.7142857142857142,1.2857142857142858,1.0,1.8571428571428572,0.8571428571428571,1.4285714285714286,1.2857142857142858,4.0,1.4285714285714286,1.5714285714285714,3.857142857142857,8.142857142857142,0.5714285714285714,1.1428571428571428,0.42857142857142855,0.2857142857142857,26.857142857142858,4.714285714285714,1.1428571428571428,1.1428571428571428,8.428571428571429,0.2857142857142857,36.857142857142854,0.0,42.857142857142854,3.142857142857143,4.428571428571429,1.0,3.857142857142857,0.14285714285714285,1.5714285714285714,0.2857142857142857,0.2857142857142857,1.2857142857142858,3.4285714285714284,1.2857142857142858,1.7142857142857142,1.5714285714285714,0.0,0.0,0.0,0.0,0.0,0.14285714285714285,0.2857142857142857,0.0,0.14285714285714285,1.1428571428571428,0.2857142857142857,0.0,17.285714285714285,5.0,2.4285714285714284,4.0,2.142857142857143,1.5714285714285714,2.2857142857142856,8.857142857142858,1.0,0.7142857142857143,5.714285714285714,1.8571428571428572,6.142857142857143,0.0,0.0,0.0,10.714285714285714,0.0,9.0,0.0,0.0,17.714285714285715,0.0,0.0,18.857142857142858,6.714285714285714,0.0,0.0,11.857142857142858,1.0,6.285714285714286,2.2857142857142856,7.857142857142857,0.0,0.0,13.285714285714286,0.0,0.7142857142857143,0.0,8.428571428571429,1.7142857142857142,0.14285714285714285,6.142857142857143,0.5714285714285714,0.0,1.1428571428571428,1.4285714285714286,0.5714285714285714,8.0,5.571428571428571,8.857142857142858,3.142857142857143,10.857142857142858,8.571428571428571,3.2857142857142856,28.428571428571427,26.428571428571427,1.0,22.428571428571427,5.571428571428571,20.571428571428573
0,5.142857142857143,0.0,8.714285714285714,2.4285714285714284,0.42857142857142855,1.4285714285714286,0.42857142857142855,2.4285714285714284,3.142857142857143,0.2857142857142857,0.5714285714285714,0.2857142857142857,0.42857142857142855,5.285714285714286,16.0,1.4285714285714286,1.5714285714285714,0.14285714285714285,1.4285714285714286,2.0,0.7142857142857143,1.0,0.14285714285714285,0.2857142857142857,1.5714285714285714,0.0,2.0,4.285714285714286,3.2857142857142856,4.0,1.5714285714285714,7.285714285714286,4.285714285714286,2.142857142857143,1.0,0.0,46.0,0.0,1.7142857142857142,37.142857142857146,8.0,0.7142857142857143,0.0,0.0,0.42857142857142855,3.142857142857143,0.7142857142857143,3.7142857142857144,1.4285714285714286,5.571428571428571,9.428571428571429,1.4285714285714286,3.857142857142857,0.2857142857142857,3.5714285714285716,1.4285714285714286,2.7142857142857144,1.1428571428571428,1.4285714285714286,1.0,10.714285714285714,6.285714285714286,9.571428571428571,9.428571428571429,6.285714285714286,1.5714285714285714,0.2857142857142857,2.2857142857142856,4.285714285714286,0.14285714285714285,1.4285714285714286,0.0,0.8571428571428571,0.14285714285714285,3.2857142857142856,1.2857142857142858,0.0,1.7142857142857142,0.14285714285714285,2.4285714285714284,2.4285714285714284,1.2857142857142858,1.7142857142857142,1.2857142857142858,1.0,1.8571428571428572,0.8571428571428571,1.4285714285714286,1.2857142857142858,4.0,1.4285714285714286,1.5714285714285714,3.857142857142857,8.142857142857142,0.5714285714285714,1.1428571428571428,0.42857142857142855,0.2857142857142857,26.857142857142858,4.714285714285714,1.1428571428571428,1.1428571428571428,8.428571428571429,0.2857142857142857,36.857142857142854,0.0,42.857142857142854,3.142857142857143,4.428571428571429,1.0,3.857142857142857,0.14285714285714285,1.5714285714285714,0.2857142857142857,0.2857142857142857,1.2857142857142858,3.4285714285714284,1.2857142857142858,1.7142857142857142,1.5714285714285714,0.0,0.0,0.0,0.0,0.0,0.14285714285714285,0.2857142857142857,0.0,0.14285714285714285,1.1428571428571428,0.2857142857142857,0.0,17.285714285714285,5.0,2.4285714285714284,4.0,2.142857142857143,1.5714285714285714,2.2857142857142856,8.857142857142858,1.0,0.7142857142857143,5.714285714285714,1.8571428571428572,6.142857142857143,0.0,0.0,0.0,10.714285714285714,0.0,9.0,0.0,0.0,17.714285714285715,0.0,0.0,18.857142857142858,6.714285714285714,0.0,0.0,11.857142857142858,1.0,6.285714285714286,2.2857142857142856,7.857142857142857,0.0,0.0,13.285714285714286,0.0,0.7142857142857143,0.0,8.428571428571429,1.7142857142857142,0.14285714285714285,6.142857142857143,0.5714285714285714,0.0,1.1428571428571428,1.4285714285714286,0.5714285714285714,8.0,5.571428571428571,8.857142857142858,3.142857142857143,10.857142857142858,8.571428571428571,3.2857142857142856,28.428571428571427,26.428571428571427,1.0,22.428571428571427,5.571428571428571,20.571428571428573
0,5.142857142857143,0.0,8.714285714285714,2.4285714285714284,0.42857142857142855,1.4285714285714286,0.42857142857142855,2.4285714285714284,3.142857142857143,0.2857142857142857,0.5714285714285714,0.2857142857142857,0.42857142857142855,5.285714285714286,16.0,1.4285714285714286,1.5714285714285714,0.14285714285714285,1.4285714285714286,2.0,0.7142857142857143,1.0,0.14285714285714285,0.2857142857142857,1.5714285714285714,0.0,2.0,4.285714285714286,3.2857142857142856,4.0,1.5714285714285714,7.285714285714286,4.285714285714286,2.142857142857143,1.0,0.0,46.0,0.0,1.7142857142857142,37.142857142857146,8.0,0.7142857142857143,0.0,0.0,0.42857142857142855,3.142857142857143,0.7142857142857143,3.7142857142857144,1.4285714285714286,5.571428571428571,9.428571428571429,1.4285714285714286,3.857142857142857,0.2857142857142857,3.5714285714285716,1.4285714285714286,2.7142857142857144,1.1428571428571428,1.4285714285714286,1.0,10.714285714285714,6.285714285714286,9.571428571428571,9.428571428571429,6.285714285714286,1.5714285714285714,0.2857142857142857,2.2857142857142856,4.285714285714286,0.14285714285714285,1.4285714285714286,0.0,0.8571428571428571,0.14285714285714285,3.2857142857142856,1.2857142857142858,0.0,1.7142857142857142,0.14285714285714285,2.4285714285714284,2.4285714285714284,1.2857142857142858,1.7142857142857142,1.2857142857142858,1.0,1.8571428571428572,0.8571428571428571,1.4285714285714286,1.2857142857142858,4.0,1.4285714285714286,1.5714285714285714,3.857142857142857,8.142857142857142,0.5714285714285714,1.1428571428571428,0.42857142857142855,0.2857142857142857,26.857142857142858,4.714285714285714,1.1428571428571428,1.1428571428571428,8.428571428571429,0.2857142857142857,36.857142857142854,0.0,42.857142857142854,3.142857142857143,4.428571428571429,1.0,3.857142857142857,0.14285714285714285,1.5714285714285714,0.2857142857142857,0.2857142857142857,1.2857142857142858,3.4285714285714284,1.2857142857142858,1.7142857142857142,1.5714285714285714,0.0,0.0,0.0,0.0,0.0,0.14285714285714285,0.2857142857142857,0.0,0.14285714285714285,1.1428571428571428,0.2857142857142857,0.0,17.285714285714285,5.0,2.4285714285714284,4.0,2.142857142857143,1.5714285714285714,2.2857142857142856,8.857142857142858,1.0,0.7142857142857143,5.714285714285714,1.8571428571428572,6.142857142857143,0.0,0.0,0.0,10.714285714285714,0.0,9.0,0.0,0.0,17.714285714285715,0.0,0.0,18.857142857142858,6.714285714285714,0.0,0.0,11.857142857142858,1.0,6.285714285714286,2.2857142857142856,7.857142857142857,0.0,0.0,13.285714285714286,0.0,0.7142857142857143,0.0,8.428571428571429,1.7142857142857142,0.14285714285714285,6.142857142857143,0.5714285714285714,0.0,1.1428571428571428,1.4285714285714286,0.5714285714285714,8.0,5.571428571428571,8.857142857142858,3.142857142857143,10.857142857142858,8.571428571428571,3.2857142857142856,28.428571428571427,26.428571428571427,1.0,22.428571428571427,5.571428571428571,20.571428571428573
0,5.142857142857143,0.0,8.714285714285714,2.4285714285714284,0.42857142857142855,1.4285714285714286,0.42857142857142855,2.4285714285714284,3.142857142857143,0.2857142857142857,0.5714285714285714,0.2857142857142857,0.42857142857142855,5.285714285714286,16.0,1.4285714285714286,1.5714285714285714,0.14285714285714285,1.4285714285714286,2.0,0.7142857142857143,1.0,0.14285714285714285,0.2857142857142857,1.5714285714285714,0.0,2.0,4.285714285714286,3.2857142857142856,4.0,1.5714285714285714,7.285714285714286,4.285714285714286,2.142857142857143,1.0,0.0,46.0,0.0,1.7142857142857142,37.142857142857146,8.0,0.7142857142857143,0.0,0.0,0.42857142857142855,3.142857142857143,0.7142857142857143,3.7142857142857144,1.4285714285714286,5.571428571428571,9.428571428571429,1.4285714285714286,3.857142857142857,0.2857142857142857,3.5714285714285716,1.4285714285714286,2.7142857142857144,1.1428571428571428,1.4285714285714286,1.0,10.714285714285714,6.285714285714286,9.571428571428571,9.428571428571429,6.285714285714286,1.5714285714285714,0.2857142857142857,2.2857142857142856,4.285714285714286,0.14285714285714285,1.4285714285714286,0.0,0.8571428571428571,0.14285714285714285,3.2857142857142856,1.2857142857142858,0.0,1.7142857142857142,0.14285714285714285,2.4285714285714284,2.4285714285714284,1.2857142857142858,1.7142857142857142,1.2857142857142858,1.0,1.8571428571428572,0.8571428571428571,1.4285714285714286,1.2857142857142858,4.0,1.4285714285714286,1.5714285714285714,3.857142857142857,8.142857142857142,0.5714285714285714,1.1428571428571428,0.42857142857142855,0.2857142857142857,26.857142857142858,4.714285714285714,1.1428571428571428,1.1428571428571428,8.428571428571429,0.2857142857142857,36.857142857142854,0.0,42.857142857142854,3.142857142857143,4.428571428571429,1.0,3.857142857142857,0.14285714285714285,1.5714285714285714,0.2857142857142857,0.2857142857142857,1.2857142857142858,3.4285714285714284,1.2857142857142858,1.7142857142857142,1.5714285714285714,0.0,0.0,0.0,0.0,0.0,0.14285714285714285,0.2857142857142857,0.0,0.14285714285714285,1.1428571428571428,0.2857142857142857,0.0,17.285714285714285,5.0,2.4285714285714284,4.0,2.142857142857143,1.5714285714285714,2.2857142857142856,8.857142857142858,1.0,0.7142857142857143,5.714285714285714,1.8571428571428572,6.142857142857143,0.0,0.0,0.0,10.714285714285714,0.0,9.0,0.0,0.0,17.714285714285715,0.0,0.0,18.857142857142858,6.714285714285714,0.0,0.0,11.857142857142858,1.0,6.285714285714286,2.2857142857142856,7.857142857142857,0.0,0.0,13.285714285714286,0.0,0.7142857142857143,0.0,8.428571428571429,1.7142857142857142,0.14285714285714285,6.142857142857143,0.5714285714285714,0.0,1.1428571428571428,1.4285714285714286,0.5714285714285714,8.0,5.571428571428571,8.857142857142858,3.142857142857143,10.857142857142858,8.571428571428571,3.2857142857142856,28.428571428571427,26.428571428571427,1.0,22.428571428571427,5.571428571428571,20.571428571428573
0,5.142857142857143,0.0,8.714285714285714,2.4285714285714284,0.42857142857142855,1.4285714285714286,0.42857142857142855,2.4285714285714284,3.142857142857143,0.2857142857142857,0.5714285714285714,0.2857142857142857,0.42857142857142855,5.285714285714286,16.0,1.4285714285714286,1.5714285714285714,0.14285714285714285,1.4285714285714286,2.0,0.7142857142857143,1.0,0.14285714285714285,0.2857142857142857,1.5714285714285714,0.0,2.0,4.285714285714286,3.2857142857142856,4.0,1.5714285714285714,7.285714285714286,4.285714285714286,2.142857142857143,1.0,0.0,46.0,0.0,1.7142857142857142,37.142857142857146,8.0,0.7142857142857143,0.0,0.0,0.42857142857142855,3.142857142857143,0.7142857142857143,3.7142857142857144,1.4285714285714286,5.571428571428571,9.428571428571429,1.4285714285714286,3.857142857142857,0.2857142857142857,3.5714285714285716,1.4285714285714286,2.7142857142857144,1.1428571428571428,1.4285714285714286,1.0,10.714285714285714,6.285714285714286,9.571428571428571,9.428571428571429,6.285714285714286,1.5714285714285714,0.2857142857142857,2.2857142857142856,4.285714285714286,0.14285714285714285,1.4285714285714286,0.0,0.8571428571428571,0.14285714285714285,3.2857142857142856,1.2857142857142858,0.0,1.7142857142857142,0.14285714285714285,2.4285714285714284,2.4285714285714284,1.2857142857142858,1.7142857142857142,1.2857142857142858,1.0,1.8571428571428572,0.8571428571428571,1.4285714285714286,1.2857142857142858,4.0,1.4285714285714286,1.5714285714285714,3.857142857142857,8.142857142857142,0.5714285714285714,1.1428571428571428,0.42857142857142855,0.2857142857142857,26.857142857142858,4.714285714285714,1.1428571428571428,1.1428571428571428,8.428571428571429,0.2857142857142857,36.857142857142854,0.0,42.857142857142854,3.142857142857143,4.428571428571429,1.0,3.857142857142857,0.14285714285714285,1.5714285714285714,0.2857142857142857,0.2857142857142857,1.2857142857142858,3.4285714285714284,1.2857142857142858,1.7142857142857142,1.5714285714285714,0.0,0.0,0.0,0.0,0.0,0.14285714285714285,0.2857142857142857,0.0,0.14285714285714285,1.1428571428571428,0.2857142857142857,0.0,17.285714285714285,5.0,2.4285714285714284,4.0,2.142857142857143,1.5714285714285714,2.2857142857142856,8.857142857142858,1.0,0.7142857142857143,5.714285714285714,1.8571428571428572,6.142857142857143,0.0,0.0,0.0,10.714285714285714,0.0,9.0,0.0,0.0,17.714285714285715,0.0,0.0,18.857142857142858,6.714285714285714,0.0,0.0,11.857142857142858,1.0,6.285714285714286,2.2857142857142856,7.857142857142857,0.0,0.0,13.285714285714286,0.0,0.7142857142857143,0.0,8.428571428571429,1.7142857142857142,0.14285714285714285,6.142857142857143,0.5714285714285714,0.0,1.1428571428571428,1.4285714285714286,0.5714285714285714,8.0,5.571428571428571,8.857142857142858,3.142857142857143,10.857142857142858,8.571428571428571,3.2857142857142856,28.428571428571427,26.428571428571427,1.0,22.428571428571427,5.571428571428571,20.571428571428573
0,5.142857142857143,0.0,8.714285714285714,2.4285714285714284,0.42857142857142855,1.4285714285714286,0.42857142857142855,2.4285714285714284,3.142857142857143,0.2857142857142857,0.5714285714285714,0.2857142857142857,0.42857142857142855,5.285714285714286,16.0,1.4285714285714286,1.5714285714285714,0.14285714285714285,1.4285714285714286,2.0,0.7142857142857143,1.0,0.14285714285714285,0.2857142857142857,1.5714285714285714,0.0,2.0,4.285714285714286,3.2857142857142856,4.0,1.5714285714285714,7.285714285714286,4.285714285714286,2.142857142857143,1.0,0.0,46.0,0.0,1.7142857142857142,37.142857142857146,8.0,0.7142857142857143,0.0,0.0,0.42857142857142855,3.142857142857143,0.7142857142857143,3.7142857142857144,1.4285714285714286,5.571428571428571,9.428571428571429,1.4285714285714286,3.857142857142857,0.2857142857142857,3.5714285714285716,1.4285714285714286,2.7142857142857144,1.1428571428571428,1.4285714285714286,1.0,10.714285714285714,6.285714285714286,9.571428571428571,9.428571428571429,6.285714285714286,1.5714285714285714,0.2857142857142857,2.2857142857142856,4.285714285714286,0.14285714285714285,1.4285714285714286,0.0,0.8571428571428571,0.14285714285714285,3.2857142857142856,1.2857142857142858,0.0,1.7142857142857142,0.14285714285714285,2.4285714285714284,2.4285714285714284,1.2857142857142858,1.7142857142857142,1.2857142857142858,1.0,1.8571428571428572,0.8571428571428571,1.4285714285714286,1.2857142857142858,4.0,1.4285714285714286,1.5714285714285714,3.857142857142857,8.142857142857142,0.5714285714285714,1.1428571428571428,0.42857142857142855,0.2857142857142857,26.857142857142858,4.714285714285714,1.1428571428571428,1.1428571428571428,8.428571428571429,0.2857142857142857,36.857142857142854,0.0,42.857142857142854,3.142857142857143,4.428571428571429,1.0,3.857142857142857,0.14285714285714285,1.5714285714285714,0.2857142857142857,0.2857142857142857,1.2857142857142858,3.4285714285714284,1.2857142857142858,1.7142857142857142,1.5714285714285714,0.0,0.0,0.0,0.0,0.0,0.14285714285714285,0.2857142857142857,0.0,0.14285714285714285,1.1428571428571428,0.2857142857142857,0.0,17.285714285714285,5.0,2.4285714285714284,4.0,2.142857142857143,1.5714285714285714,2.2857142857142856,8.857142857142858,1.0,0.7142857142857143,5.714285714285714,1.8571428571428572,6.142857142857143,0.0,0.0,0.0,10.714285714285714,0.0,9.0,0.0,0.0,17.714285714285715,0.0,0.0,18.857142857142858,6.714285714285714,0.0,0.0,11.857142857142858,1.0,6.285714285714286,2.2857142857142856,7.857142857142857,0.0,0.0,13.285714285714286,0.0,0.7142857142857143,0.0,8.428571428571429,1.7142857142857142,0.14285714285714285,6.142857142857143,0.5714285714285714,0.0,1.1428571428571428,1.4285714285714286,0.5714285714285714,8.0,5.571428571428571,8.857142857142858,3.142857142857143,10.857142857142858,8.571428571428571,3.2857142857142856,28.428571428571427,26.428571428571427,1.0,22.428571428571427,5.571428571428571,20.571428571428573
0,5.142857142857143,0.0,8.714285714285714,2.4285714285714284,0.42857142857142855,1.4285714285714286,0.42857142857142855,2.4285714285714284,3.142857142857143,0.2857142857142857,0.5714285714285714,0.2857142857142857,0.42857142857142855,5.285714285714286,16.0,1.4285714285714286,1.5714285714285714,0.14285714285714285,1.4285714285714286,2.0,0.7142857142857143,1.0,0.14285714285714285,0.2857142857142857,1.5714285714285714,0.0,2.0,4.285714285714286,3.2857142857142856,4.0,1.5714285714285714,7.285714285714286,4.285714285714286,2.142857142857143,1.0,0.0,46.0,0.0,1.7142857142857142,37.142857142857146,8.0,0.7142857142857143,0.0,0.0,0.42857142857142855,3.142857142857143,0.7142857142857143,3.7142857142857144,1.4285714285714286,5.571428571428571,9.428571428571429,1.4285714285714286,3.857142857142857,0.2857142857142857,3.5714285714285716,1.4285714285714286,2.7142857142857144,1.1428571428571428,1.4285714285714286,1.0,10.714285714285714,6.285714285714286,9.571428571428571,9.428571428571429,6.285714285714286,1.5714285714285714,0.2857142857142857,2.2857142857142856,4.285714285714286,0.14285714285714285,1.4285714285714286,0.0,0.8571428571428571,0.14285714285714285,3.2857142857142856,1.2857142857142858,0.0,1.7142857142857142,0.14285714285714285,2.4285714285714284,2.4285714285714284,1.2857142857142858,1.7142857142857142,1.2857142857142858,1.0,1.8571428571428572,0.8571428571428571,1.4285714285714286,1.2857142857142858,4.0,1.4285714285714286,1.5714285714285714,3.857142857142857,8.142857142857142,0.5714285714285714,1.1428571428571428,0.42857142857142855,0.2857142857142857,26.857142857142858,4.714285714285714,1.1428571428571428,1.1428571428571428,8.428571428571429,0.2857142857142857,36.857142857142854,0.0,42.857142857142854,3.142857142857143,4.428571428571429,1.0,3.857142857142857,0.14285714285714285,1.5714285714285714,0.2857142857142857,0.2857142857142857,1.2857142857142858,3.4285714285714284,1.2857142857142858,1.7142857142857142,1.5714285714285714,0.0,0.0,0.0,0.0,0.0,0.14285714285714285,0.2857142857142857,0.0,0.14285714285714285,1.1428571428571428,0.2857142857142857,0.0,17.285714285714285,5.0,2.4285714285714284,4.0,2.142857142857143,1.5714285714285714,2.2857142857142856,8.857142857142858,1.0,0.7142857142857143,5.714285714285714,1.8571428571428572,6.142857142857143,0.0,0.0,0.0,10.714285714285714,0.0,9.0,0.0,0.0,17.714285714285715,0.0,0.0,18.857142857142858,6.714285714285714,0.0,0.0,11.857142857142858,1.0,6.285714285714286,2.2857142857142856,7.857142857142857,0.0,0.0,13.285714285714286,0.0,0.7142857142857143,0.0,8.428571428571429,1.7142857142857142,0.14285714285714285,6.142857142857143,0.5714285714285714,0.0,1.1428571428571428,1.4285714285714286,0.5714285714285714,8.0,5.571428571428571,8.857142857142858,3.142857142857143,10.857142857142858,8.571428571428571,3.2857142857142856,28.428571428571427,26.428571428571427,1.0,22.428571428571427,5.571428571428571,20.571428571428573
0,7.857142857142857,13.428571428571429,10.428571428571429,4.571428571428571,1.7142857142857142,1.4285714285714286,4.571428571428571,0.0,4.142857142857143,1.0,2.2857142857142856,0.2857142857142857,1.2857142857142858,4.571428571428571,37.142857142857146,2.0,10.0,1.2857142857142858,0.8571428571428571,11.714285714285714,5.0,1.5714285714285714,0.7142857142857143,0.0,0.0,0.0,0.0,0.0,13.714285714285714,10.571428571428571,7.571428571428571,4.857142857142857,4.0,2.857142857142857,0.0,5.714285714285714,51.0,9.142857142857142,2.5714285714285716,32.285714285714285,26.428571428571427,1.5714285714285714,0.0,0.5714285714285714,0.42857142857142855,2.2857142857142856,0.7142857142857143,5.285714285714286,0.5714285714285714,6.714285714285714,20.0,0.5714285714285714,8.142857142857142,1.2857142857142858,1.1428571428571428,1.5714285714285714,1.5714285714285714,1.5714285714285714,0.7142857142857143,0.8571428571428571,14.285714285714286,15.857142857142858,20.285714285714285,19.142857142857142,12.571428571428571,2.4285714285714284,0.5714285714285714,2.142857142857143,2.4285714285714284,0.0,2.0,0.0,1.2857142857142858,0.2857142857142857,3.7142857142857144,2.857142857142857,0.8571428571428571,3.2857142857142856,1.0,4.142857142857143,2.857142857142857,1.0,1.4285714285714286,0.8571428571428571,1.1428571428571428,0.8571428571428571,1.4285714285714286,2.857142857142857,3.5714285714285716,4.428571428571429,0.0,3.0,5.571428571428571,0.0,0.8571428571428571,1.4285714285714286,1.0,0.5714285714285714,16.285714285714285,13.142857142857142,0.0,0.0,4.285714285714286,0.2857142857142857,157.28571428571428,34.0,38.142857142857146,7.571428571428571,9.0,2.857142857142857,6.0,0.5714285714285714,3.4285714285714284,0.8571428571428571,1.1428571428571428,1.7142857142857142,3.7142857142857144,2.0,3.7142857142857144,2.857142857142857,0.8571428571428571,0.0,0.0,0.14285714285714285,0.0,0.14285714285714285,0.0,0.0,0.0,0.0,0.0,0.0,0.0,2.857142857142857,1.2857142857142858,3.0,3.0,0.42857142857142855,1.0,4.714285714285714,0.7142857142857143,0.42857142857142855,3.4285714285714284,0.8571428571428571,7.571428571428571,0.0,4.428571428571429,8.0,8.857142857142858,0.0,7.285714285714286,0.0,0.0,18.0,0.0,0.0,23.714285714285715,6.0,0.0,0.0,12.142857142857142,2.0,6.857142857142857,2.7142857142857144,9.714285714285714,0.0,0.0,11.857142857142858,2.142857142857143,3.0,0.0,12.285714285714286,5.714285714285714,0.5714285714285714,10.0,2.4285714285714284,0.14285714285714285,2.857142857142857,6.428571428571429,1.1428571428571428,40.285714285714285,26.857142857142858,40.142857142857146,16.857142857142858,19.285714285714285,39.0,22.142857142857142,102.57142857142857,74.0,7.0,78.42857142857143,23.142857142857142,62.42857142857143
0,7.857142857142857,13.428571428571429,10.428571428571429,4.571428571428571,1.7142857142857142,1.4285714285714286,4.571428571428571,0.0,4.142857142857143,1.0,2.2857142857142856,0.2857142857142857,1.2857142857142858,4.571428571428571,37.142857142857146,2.0,10.0,1.2857142857142858,0.8571428571428571,11.714285714285714,5.0,1.5714285714285714,0.7142857142857143,0.0,0.0,0.0,0.0,0.0,13.714285714285714,10.571428571428571,7.571428571428571,4.857142857142857,4.0,2.857142857142857,0.0,5.714285714285714,51.0,9.142857142857142,2.5714285714285716,32.285714285714285,26.428571428571427,1.5714285714285714,0.0,0.5714285714285714,0.42857142857142855,2.2857142857142856,0.7142857142857143,5.285714285714286,0.5714285714285714,6.714285714285714,20.0,0.5714285714285714,8.142857142857142,1.2857142857142858,1.1428571428571428,1.5714285714285714,1.5714285714285714,1.5714285714285714,0.7142857142857143,0.8571428571428571,14.285714285714286,15.857142857142858,20.285714285714285,19.142857142857142,12.571428571428571,2.4285714285714284,0.5714285714285714,2.142857142857143,2.4285714285714284,0.0,2.0,0.0,1.2857142857142858,0.2857142857142857,3.7142857142857144,2.857142857142857,0.8571428571428571,3.2857142857142856,1.0,4.142857142857143,2.857142857142857,1.0,1.4285714285714286,0.8571428571428571,1.1428571428571428,0.8571428571428571,1.4285714285714286,2.857142857142857,3.5714285714285716,4.428571428571429,0.0,3.0,5.571428571428571,0.0,0.8571428571428571,1.4285714285714286,1.0,0.5714285714285714,16.285714285714285,13.142857142857142,0.0,0.0,4.285714285714286,0.2857142857142857,157.28571428571428,34.0,38.142857142857146,7.571428571428571,9.0,2.857142857142857,6.0,0.5714285714285714,3.4285714285714284,0.8571428571428571,1.1428571428571428,1.7142857142857142,3.7142857142857144,2.0,3.7142857142857144,2.857142857142857,0.8571428571428571,0.0,0.0,0.14285714285714285,0.0,0.14285714285714285,0.0,0.0,0.0,0.0,0.0,0.0,0.0,2.857142857142857,1.2857142857142858,3.0,3.0,0.42857142857142855,1.0,4.714285714285714,0.7142857142857143,0.42857142857142855,3.4285714285714284,0.8571428571428571,7.571428571428571,0.0,4.428571428571429,8.0,8.857142857142858,0.0,7.285714285714286,0.0,0.0,18.0,0.0,0.0,23.714285714285715,6.0,0.0,0.0,12.142857142857142,2.0,6.857142857142857,2.7142857142857144,9.714285714285714,0.0,0.0,11.857142857142858,2.142857142857143,3.0,0.0,12.285714285714286,5.714285714285714,0.5714285714285714,10.0,2.4285714285714284,0.14285714285714285,2.857142857142857,6.428571428571429,1.1428571428571428,40.285714285714285,26.857142857142858,40.142857142857146,16.857142857142858,19.285714285714285,39.0,22.142857142857142,102.57142857142857,74.0,7.0,78.42857142857143,23.142857142857142,62.42857142857143
0,7.857142857142857,13.428571428571429,10.428571428571429,4.571428571428571,1.7142857142857142,1.4285714285714286,4.571428571428571,0.0,4.142857142857143,1.0,2.2857142857142856,0.2857142857142857,1.2857142857142858,4.571428571428571,37.142857142857146,2.0,10.0,1.2857142857142858,0.8571428571428571,11.714285714285714,5.0,1.5714285714285714,0.7142857142857143,0.0,0.0,0.0,0.0,0.0,13.714285714285714,10.571428571428571,7.571428571428571,4.857142857142857,4.0,2.857142857142857,0.0,5.714285714285714,51.0,9.142857142857142,2.5714285714285716,32.285714285714285,26.428571428571427,1.5714285714285714,0.0,0.5714285714285714,0.42857142857142855,2.2857142857142856,0.7142857142857143,5.285714285714286,0.5714285714285714,6.714285714285714,20.0,0.5714285714285714,8.142857142857142,1.2857142857142858,1.1428571428571428,1.5714285714285714,1.5714285714285714,1.5714285714285714,0.7142857142857143,0.8571428571428571,14.285714285714286,15.857142857142858,20.285714285714285,19.142857142857142,12.571428571428571,2.4285714285714284,0.5714285714285714,2.142857142857143,2.4285714285714284,0.0,2.0,0.0,1.2857142857142858,0.2857142857142857,3.7142857142857144,2.857142857142857,0.8571428571428571,3.2857142857142856,1.0,4.142857142857143,2.857142857142857,1.0,1.4285714285714286,0.8571428571428571,1.1428571428571428,0.8571428571428571,1.4285714285714286,2.857142857142857,3.5714285714285716,4.428571428571429,0.0,3.0,5.571428571428571,0.0,0.8571428571428571,1.4285714285714286,1.0,0.5714285714285714,16.285714285714285,13.142857142857142,0.0,0.0,4.285714285714286,0.2857142857142857,157.28571428571428,34.0,38.142857142857146,7.571428571428571,9.0,2.857142857142857,6.0,0.5714285714285714,3.4285714285714284,0.8571428571428571,1.1428571428571428,1.7142857142857142,3.7142857142857144,2.0,3.7142857142857144,2.857142857142857,0.8571428571428571,0.0,0.0,0.14285714285714285,0.0,0.14285714285714285,0.0,0.0,0.0,0.0,0.0,0.0,0.0,2.857142857142857,1.2857142857142858,3.0,3.0,0.42857142857142855,1.0,4.714285714285714,0.7142857142857143,0.42857142857142855,3.4285714285714284,0.8571428571428571,7.571428571428571,0.0,4.428571428571429,8.0,8.857142857142858,0.0,7.285714285714286,0.0,0.0,18.0,0.0,0.0,23.714285714285715,6.0,0.0,0.0,12.142857142857142,2.0,6.857142857142857,2.7142857142857144,9.714285714285714,0.0,0.0,11.857142857142858,2.142857142857143,3.0,0.0,12.285714285714286,5.714285714285714,0.5714285714285714,10.0,2.4285714285714284,0.14285714285714285,2.857142857142857,6.428571428571429,1.1428571428571428,40.285714285714285,26.857142857142858,40.142857142857146,16.857142857142858,19.285714285714285,39.0,22.142857142857142,102.57142857142857,74.0,7.0,78.42857142857143,23.142857142857142,62.42857142857143
0,7.857142857142857,13.428571428571429,10.428571428571429,4.571428571428571,1.7142857142857142,1.4285714285714286,4.571428571428571,0.0,4.142857142857143,1.0,2.2857142857142856,0.2857142857142857,1.2857142857142858,4.571428571428571,37.142857142857146,2.0,10.0,1.2857142857142858,0.8571428571428571,11.714285714285714,5.0,1.5714285714285714,0.7142857142857143,0.0,0.0,0.0,0.0,0.0,13.714285714285714,10.571428571428571,7.571428571428571,4.857142857142857,4.0,2.857142857142857,0.0,5.714285714285714,51.0,9.142857142857142,2.5714285714285716,32.285714285714285,26.428571428571427,1.5714285714285714,0.0,0.5714285714285714,0.42857142857142855,2.2857142857142856,0.7142857142857143,5.285714285714286,0.5714285714285714,6.714285714285714,20.0,0.5714285714285714,8.142857142857142,1.2857142857142858,1.1428571428571428,1.5714285714285714,1.5714285714285714,1.5714285714285714,0.7142857142857143,0.8571428571428571,14.285714285714286,15.857142857142858,20.285714285714285,19.142857142857142,12.571428571428571,2.4285714285714284,0.5714285714285714,2.142857142857143,2.4285714285714284,0.0,2.0,0.0,1.2857142857142858,0.2857142857142857,3.7142857142857144,2.857142857142857,0.8571428571428571,3.2857142857142856,1.0,4.142857142857143,2.857142857142857,1.0,1.4285714285714286,0.8571428571428571,1.1428571428571428,0.8571428571428571,1.4285714285714286,2.857142857142857,3.5714285714285716,4.428571428571429,0.0,3.0,5.571428571428571,0.0,0.8571428571428571,1.4285714285714286,1.0,0.5714285714285714,16.285714285714285,13.142857142857142,0.0,0.0,4.285714285714286,0.2857142857142857,157.28571428571428,34.0,38.142857142857146,7.571428571428571,9.0,2.857142857142857,6.0,0.5714285714285714,3.4285714285714284,0.8571428571428571,1.1428571428571428,1.7142857142857142,3.7142857142857144,2.0,3.7142857142857144,2.857142857142857,0.8571428571428571,0.0,0.0,0.14285714285714285,0.0,0.14285714285714285,0.0,0.0,0.0,0.0,0.0,0.0,0.0,2.857142857142857,1.2857142857142858,3.0,3.0,0.42857142857142855,1.0,4.714285714285714,0.7142857142857143,0.42857142857142855,3.4285714285714284,0.8571428571428571,7.571428571428571,0.0,4.428571428571429,8.0,8.857142857142858,0.0,7.285714285714286,0.0,0.0,18.0,0.0,0.0,23.714285714285715,6.0,0.0,0.0,12.142857142857142,2.0,6.857142857142857,2.7142857142857144,9.714285714285714,0.0,0.0,11.857142857142858,2.142857142857143,3.0,0.0,12.285714285714286,5.714285714285714,0.5714285714285714,10.0,2.4285714285714284,0.14285714285714285,2.857142857142857,6.428571428571429,1.1428571428571428,40.285714285714285,26.857142857142858,40.142857142857146,16.857142857142858,19.285714285714285,39.0,22.142857142857142,102.57142857142857,74.0,7.0,78.42857142857143,23.142857142857142,62.42857142857143
0,7.857142857142857,13.428571428571429,10.428571428571429,4.571428571428571,1.7142857142857142,1.4285714285714286,4.571428571428571,0.0,4.142857142857143,1.0,2.2857142857142856,0.2857142857142857,1.2857142857142858,4.571428571428571,37.142857142857146,2.0,10.0,1.2857142857142858,0.8571428571428571,11.714285714285714,5.0,1.5714285714285714,0.7142857142857143,0.0,0.0,0.0,0.0,0.0,13.714285714285714,10.571428571428571,7.571428571428571,4.857142857142857,4.0,2.857142857142857,0.0,5.714285714285714,51.0,9.142857142857142,2.5714285714285716,32.285714285714285,26.428571428571427,1.5714285714285714,0.0,0.5714285714285714,0.42857142857142855,2.2857142857142856,0.7142857142857143,5.285714285714286,0.5714285714285714,6.714285714285714,20.0,0.5714285714285714,8.142857142857142,1.2857142857142858,1.1428571428571428,1.5714285714285714,1.5714285714285714,1.5714285714285714,0.7142857142857143,0.8571428571428571,14.285714285714286,15.857142857142858,20.285714285714285,19.142857142857142,12.571428571428571,2.4285714285714284,0.5714285714285714,2.142857142857143,2.4285714285714284,0.0,2.0,0.0,1.2857142857142858,0.2857142857142857,3.7142857142857144,2.857142857142857,0.8571428571428571,3.2857142857142856,1.0,4.142857142857143,2.857142857142857,1.0,1.4285714285714286,0.8571428571428571,1.1428571428571428,0.8571428571428571,1.4285714285714286,2.857142857142857,3.5714285714285716,4.428571428571429,0.0,3.0,5.571428571428571,0.0,0.8571428571428571,1.4285714285714286,1.0,0.5714285714285714,16.285714285714285,13.142857142857142,0.0,0.0,4.285714285714286,0.2857142857142857,157.28571428571428,34.0,38.142857142857146,7.571428571428571,9.0,2.857142857142857,6.0,0.5714285714285714,3.4285714285714284,0.8571428571428571,1.1428571428571428,1.7142857142857142,3.7142857142857144,2.0,3.7142857142857144,2.857142857142857,0.8571428571428571,0.0,0.0,0.14285714285714285,0.0,0.14285714285714285,0.0,0.0,0.0,0.0,0.0,0.0,0.0,2.857142857142857,1.2857142857142858,3.0,3.0,0.42857142857142855,1.0,4.714285714285714,0.7142857142857143,0.42857142857142855,3.4285714285714284,0.8571428571428571,7.571428571428571,0.0,4.428571428571429,8.0,8.857142857142858,0.0,7.285714285714286,0.0,0.0,18.0,0.0,0.0,23.714285714285715,6.0,0.0,0.0,12.142857142857142,2.0,6.857142857142857,2.7142857142857144,9.714285714285714,0.0,0.0,11.857142857142858,2.142857142857143,3.0,0.0,12.285714285714286,5.714285714285714,0.5714285714285714,10.0,2.4285714285714284,0.14285714285714285,2.857142857142857,6.428571428571429,1.1428571428571428,40.285714285714285,26.857142857142858,40.142857142857146,16.857142857142858,19.285714285714285,39.0,22.142857142857142,102.57142857142857,74.0,7.0,78.42857142857143,23.142857142857142,62.42857142857143
0,7.857142857142857,13.428571428571429,10.428571428571429,4.571428571428571,1.7142857142857142,1.4285714285714286,4.571428571428571,0.0,4.142857142857143,1.0,2.2857142857142856,0.2857142857142857,1.2857142857142858,4.571428571428571,37.142857142857146,2.0,10.0,1.2857142857142858,0.8571428571428571,11.714285714285714,5.0,1.5714285714285714,0.7142857142857143,0.0,0.0,0.0,0.0,0.0,13.714285714285714,10.571428571428571,7.571428571428571,4.857142857142857,4.0,2.857142857142857,0.0,5.714285714285714,51.0,9.142857142857142,2.5714285714285716,32.285714285714285,26.428571428571427,1.5714285714285714,0.0,0.5714285714285714,0.42857142857142855,2.2857142857142856,0.7142857142857143,5.285714285714286,0.5714285714285714,6.714285714285714,20.0,0.5714285714285714,8.142857142857142,1.2857142857142858,1.1428571428571428,1.5714285714285714,1.5714285714285714,1.5714285714285714,0.7142857142857143,0.8571428571428571,14.285714285714286,15.857142857142858,20.285714285714285,19.142857142857142,12.571428571428571,2.4285714285714284,0.5714285714285714,2.142857142857143,2.4285714285714284,0.0,2.0,0.0,1.2857142857142858,0.2857142857142857,3.7142857142857144,2.857142857142857,0.8571428571428571,3.2857142857142856,1.0,4.142857142857143,2.857142857142857,1.0,1.4285714285714286,0.8571428571428571,1.1428571428571428,0.8571428571428571,1.4285714285714286,2.857142857142857,3.5714285714285716,4.428571428571429,0.0,3.0,5.571428571428571,0.0,0.8571428571428571,1.4285714285714286,1.0,0.5714285714285714,16.285714285714285,13.142857142857142,0.0,0.0,4.285714285714286,0.2857142857142857,157.28571428571428,34.0,38.142857142857146,7.571428571428571,9.0,2.857142857142857,6.0,0.5714285714285714,3.4285714285714284,0.8571428571428571,1.1428571428571428,1.7142857142857142,3.7142857142857144,2.0,3.7142857142857144,2.857142857142857,0.8571428571428571,0.0,0.0,0.14285714285714285,0.0,0.14285714285714285,0.0,0.0,0.0,0.0,0.0,0.0,0.0,2.857142857142857,1.2857142857142858,3.0,3.0,0.42857142857142855,1.0,4.714285714285714,0.7142857142857143,0.42857142857142855,3.4285714285714284,0.8571428571428571,7.571428571428571,0.0,4.428571428571429,8.0,8.857142857142858,0.0,7.285714285714286,0.0,0.0,18.0,0.0,0.0,23.714285714285715,6.0,0.0,0.0,12.142857142857142,2.0,6.857142857142857,2.7142857142857144,9.714285714285714,0.0,0.0,11.857142857142858,2.142857142857143,3.0,0.0,12.285714285714286,5.714285714285714,0.5714285714285714,10.0,2.4285714285714284,0.14285714285714285,2.857142857142857,6.428571428571429,1.1428571428571428,40.285714285714285,26.857142857142858,40.142857142857146,16.857142857142858,19.285714285714285,39.0,22.142857142857142,102.57142857142857,74.0,7.0,78.42857142857143,23.142857142857142,62.42857142857143
0,7.857142857142857,13.428571428571429,10.428571428571429,4.571428571428571,1.7142857142857142,1.4285714285714286,4.571428571428571,0.0,4.142857142857143,1.0,2.2857142857142856,0.2857142857142857,1.2857142857142858,4.571428571428571,37.142857142857146,2.0,10.0,1.2857142857142858,0.8571428571428571,11.714285714285714,5.0,1.5714285714285714,0.7142857142857143,0.0,0.0,0.0,0.0,0.0,13.714285714285714,10.571428571428571,7.571428571428571,4.857142857142857,4.0,2.857142857142857,0.0,5.714285714285714,51.0,9.142857142857142,2.5714285714285716,32.285714285714285,26.428571428571427,1.5714285714285714,0.0,0.5714285714285714,0.42857142857142855,2.2857142857142856,0.7142857142857143,5.285714285714286,0.5714285714285714,6.714285714285714,20.0,0.5714285714285714,8.142857142857142,1.2857142857142858,1.1428571428571428,1.5714285714285714,1.5714285714285714,1.5714285714285714,0.7142857142857143,0.8571428571428571,14.285714285714286,15.857142857142858,20.285714285714285,19.142857142857142,12.571428571428571,2.4285714285714284,0.5714285714285714,2.142857142857143,2.4285714285714284,0.0,2.0,0.0,1.2857142857142858,0.2857142857142857,3.7142857142857144,2.857142857142857,0.8571428571428571,3.2857142857142856,1.0,4.142857142857143,2.857142857142857,1.0,1.4285714285714286,0.8571428571428571,1.1428571428571428,0.8571428571428571,1.4285714285714286,2.857142857142857,3.5714285714285716,4.428571428571429,0.0,3.0,5.571428571428571,0.0,0.8571428571428571,1.4285714285714286,1.0,0.5714285714285714,16.285714285714285,13.142857142857142,0.0,0.0,4.285714285714286,0.2857142857142857,157.28571428571428,34.0,38.142857142857146,7.571428571428571,9.0,2.857142857142857,6.0,0.5714285714285714,3.4285714285714284,0.8571428571428571,1.1428571428571428,1.7142857142857142,3.7142857142857144,2.0,3.7142857142857144,2.857142857142857,0.8571428571428571,0.0,0.0,0.14285714285714285,0.0,0.14285714285714285,0.0,0.0,0.0,0.0,0.0,0.0,0.0,2.857142857142857,1.2857142857142858,3.0,3.0,0.42857142857142855,1.0,4.714285714285714,0.7142857142857143,0.42857142857142855,3.4285714285714284,0.8571428571428571,7.571428571428571,0.0,4.428571428571429,8.0,8.857142857142858,0.0,7.285714285714286,0.0,0.0,18.0,0.0,0.0,23.714285714285715,6.0,0.0,0.0,12.142857142857142,2.0,6.857142857142857,2.7142857142857144,9.714285714285714,0.0,0.0,11.857142857142858,2.142857142857143,3.0,0.0,12.285714285714286,5.714285714285714,0.5714285714285714,10.0,2.4285714285714284,0.14285714285714285,2.857142857142857,6.428571428571429,1.1428571428571428,40.285714285714285,26.857142857142858,40.142857142857146,16.857142857142858,19.285714285714285,39.0,22.142857142857142,102.57142857142857,74.0,7.0,78.42857142857143,23.142857142857142,62.42857142857143
0,3.5714285714285716,24.285714285714285,8.142857142857142,2.142857142857143,0.42857142857142855,1.7142857142857142,17.428571428571427,2.142857142857143,2.857142857142857,0.2857142857142857,1.1428571428571428,0.14285714285714285,0.5714285714285714,3.4285714285714284,20.571428571428573,0.8571428571428571,40.142857142857146,0.5714285714285714,0.5714285714285714,33.0,16.0,0.5714285714285714,0.7142857142857143,2.4285714285714284,16.428571428571427,28.857142857142858,16.714285714285715,55.142857142857146,11.428571428571429,4.714285714285714,7.142857142857143,3.5714285714285716,1.2857142857142858,0.5714285714285714,0.0,3.857142857142857,41.57142857142857,9.857142857142858,1.1428571428571428,27.857142857142858,16.714285714285715,0.5714285714285714,0.0,0.2857142857142857,0.7142857142857143,1.1428571428571428,0.42857142857142855,2.5714285714285716,0.42857142857142855,1.2857142857142858,13.428571428571429,0.8571428571428571,6.285714285714286,0.42857142857142855,2.7142857142857144,1.5714285714285714,1.8571428571428572,0.2857142857142857,0.2857142857142857,0.14285714285714285,4.857142857142857,9.428571428571429,23.857142857142858,17.142857142857142,14.714285714285714,2.0,0.2857142857142857,1.2857142857142858,2.5714285714285716,1.0,2.4285714285714284,0.0,1.5714285714285714,0.2857142857142857,5.714285714285714,1.5714285714285714,0.2857142857142857,4.0,0.2857142857142857,4.714285714285714,3.5714285714285716,1.5714285714285714,1.7142857142857142,2.0,1.0,0.7142857142857143,2.4285714285714284,3.142857142857143,5.714285714285714,4.428571428571429,88.85714285714286,1.4285714285714286,4.714285714285714,6.285714285714286,0.14285714285714285,0.8571428571428571,0.8571428571428571,0.8571428571428571,20.285714285714285,3.7142857142857144,2.142857142857143,1.8571428571428572,4.142857142857143,0.14285714285714285,53.857142857142854,78.0,15.285714285714286,4.285714285714286,0.8571428571428571,0.2857142857142857,4.714285714285714,0.2857142857142857,1.0,0.8571428571428571,1.2857142857142858,0.42857142857142855,2.5714285714285716,1.7142857142857142,5.0,1.7142857142857142,0.2857142857142857,38.714285714285715,0.5714285714285714,0.2857142857142857,0.2857142857142857,0.2857142857142857,0.42857142857142855,0.42857142857142855,0.7142857142857143,4.285714285714286,1.0,0.5714285714285714,72.42857142857143,1.0,1.0,2.0,0.42857142857142855,0.2857142857142857,1.0,3.857142857142857,0.8571428571428571,0.8571428571428571,2.0,0.8571428571428571,6.285714285714286,0.0,130.0,113.42857142857143,11.428571428571429,0.0,9.428571428571429,0.0,0.0,26.0,0.5714285714285714,1.1428571428571428,35.42857142857143,5.0,0.8571428571428571,0.0,10.571428571428571,2.0,6.571428571428571,3.0,9.285714285714286,0.2857142857142857,0.14285714285714285,13.571428571428571,10.285714285714286,8.428571428571429,0.0,11.0,1.1428571428571428,11.571428571428571,17.571428571428573,14.142857142857142,5.571428571428571,1.8571428571428572,2.5714285714285716,4.714285714285714,142.42857142857142,65.28571428571429,108.42857142857143,38.714285714285715,82.42857142857143,114.42857142857143,66.28571428571429,575.0,117.0,111.28571428571429,104.42857142857143,26.428571428571427,161.57142857142858
0,3.5714285714285716,24.285714285714285,8.142857142857142,2.142857142857143,0.42857142857142855,1.7142857142857142,17.428571428571427,2.142857142857143,2.857142857142857,0.2857142857142857,1.1428571428571428,0.14285714285714285,0.5714285714285714,3.4285714285714284,20.571428571428573,0.8571428571428571,40.142857142857146,0.5714285714285714,0.5714285714285714,33.0,16.0,0.5714285714285714,0.7142857142857143,2.4285714285714284,16.428571428571427,28.857142857142858,16.714285714285715,55.142857142857146,11.428571428571429,4.714285714285714,7.142857142857143,3.5714285714285716,1.2857142857142858,0.5714285714285714,0.0,3.857142857142857,41.57142857142857,9.857142857142858,1.1428571428571428,27.857142857142858,16.714285714285715,0.5714285714285714,0.0,0.2857142857142857,0.7142857142857143,1.1428571428571428,0.42857142857142855,2.5714285714285716,0.42857142857142855,1.2857142857142858,13.428571428571429,0.8571428571428571,6.285714285714286,0.42857142857142855,2.7142857142857144,1.5714285714285714,1.8571428571428572,0.2857142857142857,0.2857142857142857,0.14285714285714285,4.857142857142857,9.428571428571429,23.857142857142858,17.142857142857142,14.714285714285714,2.0,0.2857142857142857,1.2857142857142858,2.5714285714285716,1.0,2.4285714285714284,0.0,1.5714285714285714,0.2857142857142857,5.714285714285714,1.5714285714285714,0.2857142857142857,4.0,0.2857142857142857,4.714285714285714,3.5714285714285716,1.5714285714285714,1.7142857142857142,2.0,1.0,0.7142857142857143,2.4285714285714284,3.142857142857143,5.714285714285714,4.428571428571429,88.85714285714286,1.4285714285714286,4.714285714285714,6.285714285714286,0.14285714285714285,0.8571428571428571,0.8571428571428571,0.8571428571428571,20.285714285714285,3.7142857142857144,2.142857142857143,1.8571428571428572,4.142857142857143,0.14285714285714285,53.857142857142854,78.0,15.285714285714286,4.285714285714286,0.8571428571428571,0.2857142857142857,4.714285714285714,0.2857142857142857,1.0,0.8571428571428571,1.2857142857142858,0.42857142857142855,2.5714285714285716,1.7142857142857142,5.0,1.7142857142857142,0.2857142857142857,38.714285714285715,0.5714285714285714,0.2857142857142857,0.2857142857142857,0.2857142857142857,0.42857142857142855,0.42857142857142855,0.7142857142857143,4.285714285714286,1.0,0.5714285714285714,72.42857142857143,1.0,1.0,2.0,0.42857142857142855,0.2857142857142857,1.0,3.857142857142857,0.8571428571428571,0.8571428571428571,2.0,0.8571428571428571,6.285714285714286,0.0,130.0,113.42857142857143,11.428571428571429,0.0,9.428571428571429,0.0,0.0,26.0,0.5714285714285714,1.1428571428571428,35.42857142857143,5.0,0.8571428571428571,0.0,10.571428571428571,2.0,6.571428571428571,3.0,9.285714285714286,0.2857142857142857,0.14285714285714285,13.571428571428571,10.285714285714286,8.428571428571429,0.0,11.0,1.1428571428571428,11.571428571428571,17.571428571428573,14.142857142857142,5.571428571428571,1.8571428571428572,2.5714285714285716,4.714285714285714,142.42857142857142,65.28571428571429,108.42857142857143,38.714285714285715,82.42857142857143,114.42857142857143,66.28571428571429,575.0,117.0,111.28571428571429,104.42857142857143,26.428571428571427,161.57142857142858
0,3.5714285714285716,24.285714285714285,8.142857142857142,2.142857142857143,0.42857142857142855,1.7142857142857142,17.428571428571427,2.142857142857143,2.857142857142857,0.2857142857142857,1.1428571428571428,0.14285714285714285,0.5714285714285714,3.4285714285714284,20.571428571428573,0.8571428571428571,40.142857142857146,0.5714285714285714,0.5714285714285714,33.0,16.0,0.5714285714285714,0.7142857142857143,2.4285714285714284,16.428571428571427,28.857142857142858,16.714285714285715,55.142857142857146,11.428571428571429,4.714285714285714,7.142857142857143,3.5714285714285716,1.2857142857142858,0.5714285714285714,0.0,3.857142857142857,41.57142857142857,9.857142857142858,1.1428571428571428,27.857142857142858,16.714285714285715,0.5714285714285714,0.0,0.2857142857142857,0.7142857142857143,1.1428571428571428,0.42857142857142855,2.5714285714285716,0.42857142857142855,1.2857142857142858,13.428571428571429,0.8571428571428571,6.285714285714286,0.42857142857142855,2.7142857142857144,1.5714285714285714,1.8571428571428572,0.2857142857142857,0.2857142857142857,0.14285714285714285,4.857142857142857,9.428571428571429,23.857142857142858,17.142857142857142,14.714285714285714,2.0,0.2857142857142857,1.2857142857142858,2.5714285714285716,1.0,2.4285714285714284,0.0,1.5714285714285714,0.2857142857142857,5.714285714285714,1.5714285714285714,0.2857142857142857,4.0,0.2857142857142857,4.714285714285714,3.5714285714285716,1.5714285714285714,1.7142857142857142,2.0,1.0,0.7142857142857143,2.4285714285714284,3.142857142857143,5.714285714285714,4.428571428571429,88.85714285714286,1.4285714285714286,4.714285714285714,6.285714285714286,0.14285714285714285,0.8571428571428571,0.8571428571428571,0.8571428571428571,20.285714285714285,3.7142857142857144,2.142857142857143,1.8571428571428572,4.142857142857143,0.14285714285714285,53.857142857142854,78.0,15.285714285714286,4.285714285714286,0.8571428571428571,0.2857142857142857,4.714285714285714,0.2857142857142857,1.0,0.8571428571428571,1.2857142857142858,0.42857142857142855,2.5714285714285716,1.7142857142857142,5.0,1.7142857142857142,0.2857142857142857,38.714285714285715,0.5714285714285714,0.2857142857142857,0.2857142857142857,0.2857142857142857,0.42857142857142855,0.42857142857142855,0.7142857142857143,4.285714285714286,1.0,0.5714285714285714,72.42857142857143,1.0,1.0,2.0,0.42857142857142855,0.2857142857142857,1.0,3.857142857142857,0.8571428571428571,0.8571428571428571,2.0,0.8571428571428571,6.285714285714286,0.0,130.0,113.42857142857143,11.428571428571429,0.0,9.428571428571429,0.0,0.0,26.0,0.5714285714285714,1.1428571428571428,35.42857142857143,5.0,0.8571428571428571,0.0,10.571428571428571,2.0,6.571428571428571,3.0,9.285714285714286,0.2857142857142857,0.14285714285714285,13.571428571428571,10.285714285714286,8.428571428571429,0.0,11.0,1.1428571428571428,11.571428571428571,17.571428571428573,14.142857142857142,5.571428571428571,1.8571428571428572,2.5714285714285716,4.714285714285714,142.42857142857142,65.28571428571429,108.42857142857143,38.714285714285715,82.42857142857143,114.42857142857143,66.28571428571429,575.0,117.0,111.28571428571429,104.42857142857143,26.428571428571427,161.57142857142858
0,3.5714285714285716,24.285714285714285,8.142857142857142,2.142857142857143,0.42857142857142855,1.7142857142857142,17.428571428571427,2.142857142857143,2.857142857142857,0.2857142857142857,1.1428571428571428,0.14285714285714285,0.5714285714285714,3.4285714285714284,20.571428571428573,0.8571428571428571,40.142857142857146,0.5714285714285714,0.5714285714285714,33.0,16.0,0.5714285714285714,0.7142857142857143,2.4285714285714284,16.428571428571427,28.857142857142858,16.714285714285715,55.142857142857146,11.428571428571429,4.714285714285714,7.142857142857143,3.5714285714285716,1.2857142857142858,0.5714285714285714,0.0,3.857142857142857,41.57142857142857,9.857142857142858,1.1428571428571428,27.857142857142858,16.714285714285715,0.5714285714285714,0.0,0.2857142857142857,0.7142857142857143,1.1428571428571428,0.42857142857142855,2.5714285714285716,0.42857142857142855,1.2857142857142858,13.428571428571429,0.8571428571428571,6.285714285714286,0.42857142857142855,2.7142857142857144,1.5714285714285714,1.8571428571428572,0.2857142857142857,0.2857142857142857,0.14285714285714285,4.857142857142857,9.428571428571429,23.857142857142858,17.142857142857142,14.714285714285714,2.0,0.2857142857142857,1.2857142857142858,2.5714285714285716,1.0,2.4285714285714284,0.0,1.5714285714285714,0.2857142857142857,5.714285714285714,1.5714285714285714,0.2857142857142857,4.0,0.2857142857142857,4.714285714285714,3.5714285714285716,1.5714285714285714,1.7142857142857142,2.0,1.0,0.7142857142857143,2.4285714285714284,3.142857142857143,5.714285714285714,4.428571428571429,88.85714285714286,1.4285714285714286,4.714285714285714,6.285714285714286,0.14285714285714285,0.8571428571428571,0.8571428571428571,0.8571428571428571,20.285714285714285,3.7142857142857144,2.142857142857143,1.8571428571428572,4.142857142857143,0.14285714285714285,53.857142857142854,78.0,15.285714285714286,4.285714285714286,0.8571428571428571,0.2857142857142857,4.714285714285714,0.2857142857142857,1.0,0.8571428571428571,1.2857142857142858,0.42857142857142855,2.5714285714285716,1.7142857142857142,5.0,1.7142857142857142,0.2857142857142857,38.714285714285715,0.5714285714285714,0.2857142857142857,0.2857142857142857,0.2857142857142857,0.42857142857142855,0.42857142857142855,0.7142857142857143,4.285714285714286,1.0,0.5714285714285714,72.42857142857143,1.0,1.0,2.0,0.42857142857142855,0.2857142857142857,1.0,3.857142857142857,0.8571428571428571,0.8571428571428571,2.0,0.8571428571428571,6.285714285714286,0.0,130.0,113.42857142857143,11.428571428571429,0.0,9.428571428571429,0.0,0.0,26.0,0.5714285714285714,1.1428571428571428,35.42857142857143,5.0,0.8571428571428571,0.0,10.571428571428571,2.0,6.571428571428571,3.0,9.285714285714286,0.2857142857142857,0.14285714285714285,13.571428571428571,10.285714285714286,8.428571428571429,0.0,11.0,1.1428571428571428,11.571428571428571,17.571428571428573,14.142857142857142,5.571428571428571,1.8571428571428572,2.5714285714285716,4.714285714285714,142.42857142857142,65.28571428571429,108.42857142857143,38.714285714285715,82.42857142857143,114.42857142857143,66.28571428571429,575.0,117.0,111.28571428571429,104.42857142857143,26.428571428571427,161.57142857142858
0,3.5714285714285716,24.285714285714285,8.142857142857142,2.142857142857143,0.42857142857142855,1.7142857142857142,17.428571428571427,2.142857142857143,2.857142857142857,0.2857142857142857,1.1428571428571428,0.14285714285714285,0.5714285714285714,3.4285714285714284,20.571428571428573,0.8571428571428571,40.142857142857146,0.5714285714285714,0.5714285714285714,33.0,16.0,0.5714285714285714,0.7142857142857143,2.4285714285714284,16.428571428571427,28.857142857142858,16.714285714285715,55.142857142857146,11.428571428571429,4.714285714285714,7.142857142857143,3.5714285714285716,1.2857142857142858,0.5714285714285714,0.0,3.857142857142857,41.57142857142857,9.857142857142858,1.1428571428571428,27.857142857142858,16.714285714285715,0.5714285714285714,0.0,0.2857142857142857,0.7142857142857143,1.1428571428571428,0.42857142857142855,2.5714285714285716,0.42857142857142855,1.2857142857142858,13.428571428571429,0.8571428571428571,6.285714285714286,0.42857142857142855,2.7142857142857144,1.5714285714285714,1.8571428571428572,0.2857142857142857,0.2857142857142857,0.14285714285714285,4.857142857142857,9.428571428571429,23.857142857142858,17.142857142857142,14.714285714285714,2.0,0.2857142857142857,1.2857142857142858,2.5714285714285716,1.0,2.4285714285714284,0.0,1.5714285714285714,0.2857142857142857,5.714285714285714,1.5714285714285714,0.2857142857142857,4.0,0.2857142857142857,4.714285714285714,3.5714285714285716,1.5714285714285714,1.7142857142857142,2.0,1.0,0.7142857142857143,2.4285714285714284,3.142857142857143,5.714285714285714,4.428571428571429,88.85714285714286,1.4285714285714286,4.714285714285714,6.285714285714286,0.14285714285714285,0.8571428571428571,0.8571428571428571,0.8571428571428571,20.285714285714285,3.7142857142857144,2.142857142857143,1.8571428571428572,4.142857142857143,0.14285714285714285,53.857142857142854,78.0,15.285714285714286,4.285714285714286,0.8571428571428571,0.2857142857142857,4.714285714285714,0.2857142857142857,1.0,0.8571428571428571,1.2857142857142858,0.42857142857142855,2.5714285714285716,1.7142857142857142,5.0,1.7142857142857142,0.2857142857142857,38.714285714285715,0.5714285714285714,0.2857142857142857,0.2857142857142857,0.2857142857142857,0.42857142857142855,0.42857142857142855,0.7142857142857143,4.285714285714286,1.0,0.5714285714285714,72.42857142857143,1.0,1.0,2.0,0.42857142857142855,0.2857142857142857,1.0,3.857142857142857,0.8571428571428571,0.8571428571428571,2.0,0.8571428571428571,6.285714285714286,0.0,130.0,113.42857142857143,11.428571428571429,0.0,9.428571428571429,0.0,0.0,26.0,0.5714285714285714,1.1428571428571428,35.42857142857143,5.0,0.8571428571428571,0.0,10.571428571428571,2.0,6.571428571428571,3.0,9.285714285714286,0.2857142857142857,0.14285714285714285,13.571428571428571,10.285714285714286,8.428571428571429,0.0,11.0,1.1428571428571428,11.571428571428571,17.571428571428573,14.142857142857142,5.571428571428571,1.8571428571428572,2.5714285714285716,4.714285714285714,142.42857142857142,65.28571428571429,108.42857142857143,38.714285714285715,82.42857142857143,114.42857142857143,66.28571428571429,575.0,117.0,111.28571428571429,104.42857142857143,26.428571428571427,161.57142857142858
0,3.5714285714285716,24.285714285714285,8.142857142857142,2.142857142857143,0.42857142857142855,1.7142857142857142,17.428571428571427,2.142857142857143,2.857142857142857,0.2857142857142857,1.1428571428571428,0.14285714285714285,0.5714285714285714,3.4285714285714284,20.571428571428573,0.8571428571428571,40.142857142857146,0.5714285714285714,0.5714285714285714,33.0,16.0,0.5714285714285714,0.7142857142857143,2.4285714285714284,16.428571428571427,28.857142857142858,16.714285714285715,55.142857142857146,11.428571428571429,4.714285714285714,7.142857142857143,3.5714285714285716,1.2857142857142858,0.5714285714285714,0.0,3.857142857142857,41.57142857142857,9.857142857142858,1.1428571428571428,27.857142857142858,16.714285714285715,0.5714285714285714,0.0,0.2857142857142857,0.7142857142857143,1.1428571428571428,0.42857142857142855,2.5714285714285716,0.42857142857142855,1.2857142857142858,13.428571428571429,0.8571428571428571,6.285714285714286,0.42857142857142855,2.7142857142857144,1.5714285714285714,1.8571428571428572,0.2857142857142857,0.2857142857142857,0.14285714285714285,4.857142857142857,9.428571428571429,23.857142857142858,17.142857142857142,14.714285714285714,2.0,0.2857142857142857,1.2857142857142858,2.5714285714285716,1.0,2.4285714285714284,0.0,1.5714285714285714,0.2857142857142857,5.714285714285714,1.5714285714285714,0.2857142857142857,4.0,0.2857142857142857,4.714285714285714,3.5714285714285716,1.5714285714285714,1.7142857142857142,2.0,1.0,0.7142857142857143,2.4285714285714284,3.142857142857143,5.714285714285714,4.428571428571429,88.85714285714286,1.4285714285714286,4.714285714285714,6.285714285714286,0.14285714285714285,0.8571428571428571,0.8571428571428571,0.8571428571428571,20.285714285714285,3.7142857142857144,2.142857142857143,1.8571428571428572,4.142857142857143,0.14285714285714285,53.857142857142854,78.0,15.285714285714286,4.285714285714286,0.8571428571428571,0.2857142857142857,4.714285714285714,0.2857142857142857,1.0,0.8571428571428571,1.2857142857142858,0.42857142857142855,2.5714285714285716,1.7142857142857142,5.0,1.7142857142857142,0.2857142857142857,38.714285714285715,0.5714285714285714,0.2857142857142857,0.2857142857142857,0.2857142857142857,0.42857142857142855,0.42857142857142855,0.7142857142857143,4.285714285714286,1.0,0.5714285714285714,72.42857142857143,1.0,1.0,2.0,0.42857142857142855,0.2857142857142857,1.0,3.857142857142857,0.8571428571428571,0.8571428571428571,2.0,0.8571428571428571,6.285714285714286,0.0,130.0,113.42857142857143,11.428571428571429,0.0,9.428571428571429,0.0,0.0,26.0,0.5714285714285714,1.1428571428571428,35.42857142857143,5.0,0.8571428571428571,0.0,10.571428571428571,2.0,6.571428571428571,3.0,9.285714285714286,0.2857142857142857,0.14285714285714285,13.571428571428571,10.285714285714286,8.428571428571429,0.0,11.0,1.1428571428571428,11.571428571428571,17.571428571428573,14.142857142857142,5.571428571428571,1.8571428571428572,2.5714285714285716,4.714285714285714,142.42857142857142,65.28571428571429,108.42857142857143,38.714285714285715,82.42857142857143,114.42857142857143,66.28571428571429,575.0,117.0,111.28571428571429,104.42857142857143,26.428571428571427,161.57142857142858
0,3.5714285714285716,24.285714285714285,8.142857142857142,2.142857142857143,0.42857142857142855,1.7142857142857142,17.428571428571427,2.142857142857143,2.857142857142857,0.2857142857142857,1.1428571428571428,0.14285714285714285,0.5714285714285714,3.4285714285714284,20.571428571428573,0.8571428571428571,40.142857142857146,0.5714285714285714,0.5714285714285714,33.0,16.0,0.5714285714285714,0.7142857142857143,2.4285714285714284,16.428571428571427,28.857142857142858,16.714285714285715,55.142857142857146,11.428571428571429,4.714285714285714,7.142857142857143,3.5714285714285716,1.2857142857142858,0.5714285714285714,0.0,3.857142857142857,41.57142857142857,9.857142857142858,1.1428571428571428,27.857142857142858,16.714285714285715,0.5714285714285714,0.0,0.2857142857142857,0.7142857142857143,1.1428571428571428,0.42857142857142855,2.5714285714285716,0.42857142857142855,1.2857142857142858,13.428571428571429,0.8571428571428571,6.285714285714286,0.42857142857142855,2.7142857142857144,1.5714285714285714,1.8571428571428572,0.2857142857142857,0.2857142857142857,0.14285714285714285,4.857142857142857,9.428571428571429,23.857142857142858,17.142857142857142,14.714285714285714,2.0,0.2857142857142857,1.2857142857142858,2.5714285714285716,1.0,2.4285714285714284,0.0,1.5714285714285714,0.2857142857142857,5.714285714285714,1.5714285714285714,0.2857142857142857,4.0,0.2857142857142857,4.714285714285714,3.5714285714285716,1.5714285714285714,1.7142857142857142,2.0,1.0,0.7142857142857143,2.4285714285714284,3.142857142857143,5.714285714285714,4.428571428571429,88.85714285714286,1.4285714285714286,4.714285714285714,6.285714285714286,0.14285714285714285,0.8571428571428571,0.8571428571428571,0.8571428571428571,20.285714285714285,3.7142857142857144,2.142857142857143,1.8571428571428572,4.142857142857143,0.14285714285714285,53.857142857142854,78.0,15.285714285714286,4.285714285714286,0.8571428571428571,0.2857142857142857,4.714285714285714,0.2857142857142857,1.0,0.8571428571428571,1.2857142857142858,0.42857142857142855,2.5714285714285716,1.7142857142857142,5.0,1.7142857142857142,0.2857142857142857,38.714285714285715,0.5714285714285714,0.2857142857142857,0.2857142857142857,0.2857142857142857,0.42857142857142855,0.42857142857142855,0.7142857142857143,4.285714285714286,1.0,0.5714285714285714,72.42857142857143,1.0,1.0,2.0,0.42857142857142855,0.2857142857142857,1.0,3.857142857142857,0.8571428571428571,0.8571428571428571,2.0,0.8571428571428571,6.285714285714286,0.0,130.0,113.42857142857143,11.428571428571429,0.0,9.428571428571429,0.0,0.0,26.0,0.5714285714285714,1.1428571428571428,35.42857142857143,5.0,0.8571428571428571,0.0,10.571428571428571,2.0,6.571428571428571,3.0,9.285714285714286,0.2857142857142857,0.14285714285714285,13.571428571428571,10.285714285714286,8.428571428571429,0.0,11.0,1.1428571428571428,11.571428571428571,17.571428571428573,14.142857142857142,5.571428571428571,1.8571428571428572,2.5714285714285716,4.714285714285714,142.42857142857142,65.28571428571429,108.42857142857143,38.714285714285715,82.42857142857143,114.42857142857143,66.28571428571429,575.0,117.0,111.28571428571429,104.42857142857143,26.428571428571427,161.57142857142858
0,3.0,13.285714285714286,3.857142857142857,2.7142857142857144,0.8571428571428571,0.5714285714285714,8.857142857142858,0.0,0.14285714285714285,0.0,1.0,0.42857142857142855,0.14285714285714285,0.0,0.0,0.0,28.857142857142858,0.2857142857142857,0.7142857142857143,24.142857142857142,8.571428571428571,0.2857142857142857,0.42857142857142855,0.14285714285714285,4.285714285714286,2.7142857142857144,7.142857142857143,37.42857142857143,7.857142857142857,1.7142857142857142,2.0,1.8571428571428572,1.1428571428571428,1.7142857142857142,0.0,4.0,23.285714285714285,3.857142857142857,1.8571428571428572,21.0,7.0,0.8571428571428571,0.0,0.8571428571428571,0.5714285714285714,1.1428571428571428,1.4285714285714286,1.4285714285714286,0.0,0.7142857142857143,8.285714285714286,0.2857142857142857,8.0,0.0,4.0,0.5714285714285714,1.7142857142857142,1.0,0.7142857142857143,0.7142857142857143,3.0,5.142857142857143,10.285714285714286,8.0,10.142857142857142,1.1428571428571428,1.0,0.42857142857142855,1.5714285714285714,0.14285714285714285,2.0,0.0,0.7142857142857143,1.8571428571428572,2.857142857142857,0.14285714285714285,0.14285714285714285,0.7142857142857143,0.5714285714285714,2.7142857142857144,0.8571428571428571,0.5714285714285714,0.5714285714285714,0.7142857142857143,1.1428571428571428,0.7142857142857143,2.0,1.2857142857142858,2.7142857142857144,2.5714285714285716,36.857142857142854,1.1428571428571428,2.0,4.142857142857143,0.0,0.42857142857142855,0.7142857142857143,0.2857142857142857,12.571428571428571,3.142857142857143,1.2857142857142858,0.42857142857142855,2.857142857142857,0.14285714285714285,34.857142857142854,34.857142857142854,10.428571428571429,3.0,5.0,0.42857142857142855,1.2857142857142858,0.2857142857142857,1.2857142857142858,1.0,0.7142857142857143,0.2857142857142857,0.7142857142857143,2.4285714285714284,2.0,0.5714285714285714,0.2857142857142857,41.142857142857146,0.42857142857142855,0.2857142857142857,0.2857142857142857,0.42857142857142855,0.42857142857142855,0.42857142857142855,1.0,4.857142857142857,0.5714285714285714,0.42857142857142855,29.714285714285715,1.5714285714285714,0.8571428571428571,1.2857142857142858,1.2857142857142858,0.7142857142857143,0.0,2.142857142857143,0.42857142857142855,0.2857142857142857,0.8571428571428571,0.7142857142857143,2.142857142857143,0.0,71.28571428571429,190.28571428571428,5.285714285714286,0.0,3.2857142857142856,0.0,0.0,9.857142857142858,0.0,0.0,11.857142857142858,1.8571428571428572,0.0,0.0,2.857142857142857,0.42857142857142855,3.5714285714285716,2.4285714285714284,4.714285714285714,0.0,0.14285714285714285,3.857142857142857,0.0,0.0,0.0,0.0,0.0,0.0,0.0,0.0,0.0,0.0,0.0,0.0,26.428571428571427,7.285714285714286,16.857142857142858,5.0,15.285714285714286,14.285714285714286,9.857142857142858,84.14285714285714,11.285714285714286,22.142857142857142,9.714285714285714,6.142857142857143,17.285714285714285
0,3.0,13.285714285714286,3.857142857142857,2.7142857142857144,0.8571428571428571,0.5714285714285714,8.857142857142858,0.0,0.14285714285714285,0.0,1.0,0.42857142857142855,0.14285714285714285,0.0,0.0,0.0,28.857142857142858,0.2857142857142857,0.7142857142857143,24.142857142857142,8.571428571428571,0.2857142857142857,0.42857142857142855,0.14285714285714285,4.285714285714286,2.7142857142857144,7.142857142857143,37.42857142857143,7.857142857142857,1.7142857142857142,2.0,1.8571428571428572,1.1428571428571428,1.7142857142857142,0.0,4.0,23.285714285714285,3.857142857142857,1.8571428571428572,21.0,7.0,0.8571428571428571,0.0,0.8571428571428571,0.5714285714285714,1.1428571428571428,1.4285714285714286,1.4285714285714286,0.0,0.7142857142857143,8.285714285714286,0.2857142857142857,8.0,0.0,4.0,0.5714285714285714,1.7142857142857142,1.0,0.7142857142857143,0.7142857142857143,3.0,5.142857142857143,10.285714285714286,8.0,10.142857142857142,1.1428571428571428,1.0,0.42857142857142855,1.5714285714285714,0.14285714285714285,2.0,0.0,0.7142857142857143,1.8571428571428572,2.857142857142857,0.14285714285714285,0.14285714285714285,0.7142857142857143,0.5714285714285714,2.7142857142857144,0.8571428571428571,0.5714285714285714,0.5714285714285714,0.7142857142857143,1.1428571428571428,0.7142857142857143,2.0,1.2857142857142858,2.7142857142857144,2.5714285714285716,36.857142857142854,1.1428571428571428,2.0,4.142857142857143,0.0,0.42857142857142855,0.7142857142857143,0.2857142857142857,12.571428571428571,3.142857142857143,1.2857142857142858,0.42857142857142855,2.857142857142857,0.14285714285714285,34.857142857142854,34.857142857142854,10.428571428571429,3.0,5.0,0.42857142857142855,1.2857142857142858,0.2857142857142857,1.2857142857142858,1.0,0.7142857142857143,0.2857142857142857,0.7142857142857143,2.4285714285714284,2.0,0.5714285714285714,0.2857142857142857,41.142857142857146,0.42857142857142855,0.2857142857142857,0.2857142857142857,0.42857142857142855,0.42857142857142855,0.42857142857142855,1.0,4.857142857142857,0.5714285714285714,0.42857142857142855,29.714285714285715,1.5714285714285714,0.8571428571428571,1.2857142857142858,1.2857142857142858,0.7142857142857143,0.0,2.142857142857143,0.42857142857142855,0.2857142857142857,0.8571428571428571,0.7142857142857143,2.142857142857143,0.0,71.28571428571429,190.28571428571428,5.285714285714286,0.0,3.2857142857142856,0.0,0.0,9.857142857142858,0.0,0.0,11.857142857142858,1.8571428571428572,0.0,0.0,2.857142857142857,0.42857142857142855,3.5714285714285716,2.4285714285714284,4.714285714285714,0.0,0.14285714285714285,3.857142857142857,0.0,0.0,0.0,0.0,0.0,0.0,0.0,0.0,0.0,0.0,0.0,0.0,26.428571428571427,7.285714285714286,16.857142857142858,5.0,15.285714285714286,14.285714285714286,9.857142857142858,84.14285714285714,11.285714285714286,22.142857142857142,9.714285714285714,6.142857142857143,17.285714285714285
0,3.0,13.285714285714286,3.857142857142857,2.7142857142857144,0.8571428571428571,0.5714285714285714,8.857142857142858,0.0,0.14285714285714285,0.0,1.0,0.42857142857142855,0.14285714285714285,0.0,0.0,0.0,28.857142857142858,0.2857142857142857,0.7142857142857143,24.142857142857142,8.571428571428571,0.2857142857142857,0.42857142857142855,0.14285714285714285,4.285714285714286,2.7142857142857144,7.142857142857143,37.42857142857143,7.857142857142857,1.7142857142857142,2.0,1.8571428571428572,1.1428571428571428,1.7142857142857142,0.0,4.0,23.285714285714285,3.857142857142857,1.8571428571428572,21.0,7.0,0.8571428571428571,0.0,0.8571428571428571,0.5714285714285714,1.1428571428571428,1.4285714285714286,1.4285714285714286,0.0,0.7142857142857143,8.285714285714286,0.2857142857142857,8.0,0.0,4.0,0.5714285714285714,1.7142857142857142,1.0,0.7142857142857143,0.7142857142857143,3.0,5.142857142857143,10.285714285714286,8.0,10.142857142857142,1.1428571428571428,1.0,0.42857142857142855,1.5714285714285714,0.14285714285714285,2.0,0.0,0.7142857142857143,1.8571428571428572,2.857142857142857,0.14285714285714285,0.14285714285714285,0.7142857142857143,0.5714285714285714,2.7142857142857144,0.8571428571428571,0.5714285714285714,0.5714285714285714,0.7142857142857143,1.1428571428571428,0.7142857142857143,2.0,1.2857142857142858,2.7142857142857144,2.5714285714285716,36.857142857142854,1.1428571428571428,2.0,4.142857142857143,0.0,0.42857142857142855,0.7142857142857143,0.2857142857142857,12.571428571428571,3.142857142857143,1.2857142857142858,0.42857142857142855,2.857142857142857,0.14285714285714285,34.857142857142854,34.857142857142854,10.428571428571429,3.0,5.0,0.42857142857142855,1.2857142857142858,0.2857142857142857,1.2857142857142858,1.0,0.7142857142857143,0.2857142857142857,0.7142857142857143,2.4285714285714284,2.0,0.5714285714285714,0.2857142857142857,41.142857142857146,0.42857142857142855,0.2857142857142857,0.2857142857142857,0.42857142857142855,0.42857142857142855,0.42857142857142855,1.0,4.857142857142857,0.5714285714285714,0.42857142857142855,29.714285714285715,1.5714285714285714,0.8571428571428571,1.2857142857142858,1.2857142857142858,0.7142857142857143,0.0,2.142857142857143,0.42857142857142855,0.2857142857142857,0.8571428571428571,0.7142857142857143,2.142857142857143,0.0,71.28571428571429,190.28571428571428,5.285714285714286,0.0,3.2857142857142856,0.0,0.0,9.857142857142858,0.0,0.0,11.857142857142858,1.8571428571428572,0.0,0.0,2.857142857142857,0.42857142857142855,3.5714285714285716,2.4285714285714284,4.714285714285714,0.0,0.14285714285714285,3.857142857142857,0.0,0.0,0.0,0.0,0.0,0.0,0.0,0.0,0.0,0.0,0.0,0.0,26.428571428571427,7.285714285714286,16.857142857142858,5.0,15.285714285714286,14.285714285714286,9.857142857142858,84.14285714285714,11.285714285714286,22.142857142857142,9.714285714285714,6.142857142857143,17.285714285714285
0,3.0,13.285714285714286,3.857142857142857,2.7142857142857144,0.8571428571428571,0.5714285714285714,8.857142857142858,0.0,0.14285714285714285,0.0,1.0,0.42857142857142855,0.14285714285714285,0.0,0.0,0.0,28.857142857142858,0.2857142857142857,0.7142857142857143,24.142857142857142,8.571428571428571,0.2857142857142857,0.42857142857142855,0.14285714285714285,4.285714285714286,2.7142857142857144,7.142857142857143,37.42857142857143,7.857142857142857,1.7142857142857142,2.0,1.8571428571428572,1.1428571428571428,1.7142857142857142,0.0,4.0,23.285714285714285,3.857142857142857,1.8571428571428572,21.0,7.0,0.8571428571428571,0.0,0.8571428571428571,0.5714285714285714,1.1428571428571428,1.4285714285714286,1.4285714285714286,0.0,0.7142857142857143,8.285714285714286,0.2857142857142857,8.0,0.0,4.0,0.5714285714285714,1.7142857142857142,1.0,0.7142857142857143,0.7142857142857143,3.0,5.142857142857143,10.285714285714286,8.0,10.142857142857142,1.1428571428571428,1.0,0.42857142857142855,1.5714285714285714,0.14285714285714285,2.0,0.0,0.7142857142857143,1.8571428571428572,2.857142857142857,0.14285714285714285,0.14285714285714285,0.7142857142857143,0.5714285714285714,2.7142857142857144,0.8571428571428571,0.5714285714285714,0.5714285714285714,0.7142857142857143,1.1428571428571428,0.7142857142857143,2.0,1.2857142857142858,2.7142857142857144,2.5714285714285716,36.857142857142854,1.1428571428571428,2.0,4.142857142857143,0.0,0.42857142857142855,0.7142857142857143,0.2857142857142857,12.571428571428571,3.142857142857143,1.2857142857142858,0.42857142857142855,2.857142857142857,0.14285714285714285,34.857142857142854,34.857142857142854,10.428571428571429,3.0,5.0,0.42857142857142855,1.2857142857142858,0.2857142857142857,1.2857142857142858,1.0,0.7142857142857143,0.2857142857142857,0.7142857142857143,2.4285714285714284,2.0,0.5714285714285714,0.2857142857142857,41.142857142857146,0.42857142857142855,0.2857142857142857,0.2857142857142857,0.42857142857142855,0.42857142857142855,0.42857142857142855,1.0,4.857142857142857,0.5714285714285714,0.42857142857142855,29.714285714285715,1.5714285714285714,0.8571428571428571,1.2857142857142858,1.2857142857142858,0.7142857142857143,0.0,2.142857142857143,0.42857142857142855,0.2857142857142857,0.8571428571428571,0.7142857142857143,2.142857142857143,0.0,71.28571428571429,190.28571428571428,5.285714285714286,0.0,3.2857142857142856,0.0,0.0,9.857142857142858,0.0,0.0,11.857142857142858,1.8571428571428572,0.0,0.0,2.857142857142857,0.42857142857142855,3.5714285714285716,2.4285714285714284,4.714285714285714,0.0,0.14285714285714285,3.857142857142857,0.0,0.0,0.0,0.0,0.0,0.0,0.0,0.0,0.0,0.0,0.0,0.0,26.428571428571427,7.285714285714286,16.857142857142858,5.0,15.285714285714286,14.285714285714286,9.857142857142858,84.14285714285714,11.285714285714286,22.142857142857142,9.714285714285714,6.142857142857143,17.285714285714285
0,3.0,13.285714285714286,3.857142857142857,2.7142857142857144,0.8571428571428571,0.5714285714285714,8.857142857142858,0.0,0.14285714285714285,0.0,1.0,0.42857142857142855,0.14285714285714285,0.0,0.0,0.0,28.857142857142858,0.2857142857142857,0.7142857142857143,24.142857142857142,8.571428571428571,0.2857142857142857,0.42857142857142855,0.14285714285714285,4.285714285714286,2.7142857142857144,7.142857142857143,37.42857142857143,7.857142857142857,1.7142857142857142,2.0,1.8571428571428572,1.1428571428571428,1.7142857142857142,0.0,4.0,23.285714285714285,3.857142857142857,1.8571428571428572,21.0,7.0,0.8571428571428571,0.0,0.8571428571428571,0.5714285714285714,1.1428571428571428,1.4285714285714286,1.4285714285714286,0.0,0.7142857142857143,8.285714285714286,0.2857142857142857,8.0,0.0,4.0,0.5714285714285714,1.7142857142857142,1.0,0.7142857142857143,0.7142857142857143,3.0,5.142857142857143,10.285714285714286,8.0,10.142857142857142,1.1428571428571428,1.0,0.42857142857142855,1.5714285714285714,0.14285714285714285,2.0,0.0,0.7142857142857143,1.8571428571428572,2.857142857142857,0.14285714285714285,0.14285714285714285,0.7142857142857143,0.5714285714285714,2.7142857142857144,0.8571428571428571,0.5714285714285714,0.5714285714285714,0.7142857142857143,1.1428571428571428,0.7142857142857143,2.0,1.2857142857142858,2.7142857142857144,2.5714285714285716,36.857142857142854,1.1428571428571428,2.0,4.142857142857143,0.0,0.42857142857142855,0.7142857142857143,0.2857142857142857,12.571428571428571,3.142857142857143,1.2857142857142858,0.42857142857142855,2.857142857142857,0.14285714285714285,34.857142857142854,34.857142857142854,10.428571428571429,3.0,5.0,0.42857142857142855,1.2857142857142858,0.2857142857142857,1.2857142857142858,1.0,0.7142857142857143,0.2857142857142857,0.7142857142857143,2.4285714285714284,2.0,0.5714285714285714,0.2857142857142857,41.142857142857146,0.42857142857142855,0.2857142857142857,0.2857142857142857,0.42857142857142855,0.42857142857142855,0.42857142857142855,1.0,4.857142857142857,0.5714285714285714,0.42857142857142855,29.714285714285715,1.5714285714285714,0.8571428571428571,1.2857142857142858,1.2857142857142858,0.7142857142857143,0.0,2.142857142857143,0.42857142857142855,0.2857142857142857,0.8571428571428571,0.7142857142857143,2.142857142857143,0.0,71.28571428571429,190.28571428571428,5.285714285714286,0.0,3.2857142857142856,0.0,0.0,9.857142857142858,0.0,0.0,11.857142857142858,1.8571428571428572,0.0,0.0,2.857142857142857,0.42857142857142855,3.5714285714285716,2.4285714285714284,4.714285714285714,0.0,0.14285714285714285,3.857142857142857,0.0,0.0,0.0,0.0,0.0,0.0,0.0,0.0,0.0,0.0,0.0,0.0,26.428571428571427,7.285714285714286,16.857142857142858,5.0,15.285714285714286,14.285714285714286,9.857142857142858,84.14285714285714,11.285714285714286,22.142857142857142,9.714285714285714,6.142857142857143,17.285714285714285
0,3.0,13.285714285714286,3.857142857142857,2.7142857142857144,0.8571428571428571,0.5714285714285714,8.857142857142858,0.0,0.14285714285714285,0.0,1.0,0.42857142857142855,0.14285714285714285,0.0,0.0,0.0,28.857142857142858,0.2857142857142857,0.7142857142857143,24.142857142857142,8.571428571428571,0.2857142857142857,0.42857142857142855,0.14285714285714285,4.285714285714286,2.7142857142857144,7.142857142857143,37.42857142857143,7.857142857142857,1.7142857142857142,2.0,1.8571428571428572,1.1428571428571428,1.7142857142857142,0.0,4.0,23.285714285714285,3.857142857142857,1.8571428571428572,21.0,7.0,0.8571428571428571,0.0,0.8571428571428571,0.5714285714285714,1.1428571428571428,1.4285714285714286,1.4285714285714286,0.0,0.7142857142857143,8.285714285714286,0.2857142857142857,8.0,0.0,4.0,0.5714285714285714,1.7142857142857142,1.0,0.7142857142857143,0.7142857142857143,3.0,5.142857142857143,10.285714285714286,8.0,10.142857142857142,1.1428571428571428,1.0,0.42857142857142855,1.5714285714285714,0.14285714285714285,2.0,0.0,0.7142857142857143,1.8571428571428572,2.857142857142857,0.14285714285714285,0.14285714285714285,0.7142857142857143,0.5714285714285714,2.7142857142857144,0.8571428571428571,0.5714285714285714,0.5714285714285714,0.7142857142857143,1.1428571428571428,0.7142857142857143,2.0,1.2857142857142858,2.7142857142857144,2.5714285714285716,36.857142857142854,1.1428571428571428,2.0,4.142857142857143,0.0,0.42857142857142855,0.7142857142857143,0.2857142857142857,12.571428571428571,3.142857142857143,1.2857142857142858,0.42857142857142855,2.857142857142857,0.14285714285714285,34.857142857142854,34.857142857142854,10.428571428571429,3.0,5.0,0.42857142857142855,1.2857142857142858,0.2857142857142857,1.2857142857142858,1.0,0.7142857142857143,0.2857142857142857,0.7142857142857143,2.4285714285714284,2.0,0.5714285714285714,0.2857142857142857,41.142857142857146,0.42857142857142855,0.2857142857142857,0.2857142857142857,0.42857142857142855,0.42857142857142855,0.42857142857142855,1.0,4.857142857142857,0.5714285714285714,0.42857142857142855,29.714285714285715,1.5714285714285714,0.8571428571428571,1.2857142857142858,1.2857142857142858,0.7142857142857143,0.0,2.142857142857143,0.42857142857142855,0.2857142857142857,0.8571428571428571,0.7142857142857143,2.142857142857143,0.0,71.28571428571429,190.28571428571428,5.285714285714286,0.0,3.2857142857142856,0.0,0.0,9.857142857142858,0.0,0.0,11.857142857142858,1.8571428571428572,0.0,0.0,2.857142857142857,0.42857142857142855,3.5714285714285716,2.4285714285714284,4.714285714285714,0.0,0.14285714285714285,3.857142857142857,0.0,0.0,0.0,0.0,0.0,0.0,0.0,0.0,0.0,0.0,0.0,0.0,26.428571428571427,7.285714285714286,16.857142857142858,5.0,15.285714285714286,14.285714285714286,9.857142857142858,84.14285714285714,11.285714285714286,22.142857142857142,9.714285714285714,6.142857142857143,17.285714285714285
0,3.0,13.285714285714286,3.857142857142857,2.7142857142857144,0.8571428571428571,0.5714285714285714,8.857142857142858,0.0,0.14285714285714285,0.0,1.0,0.42857142857142855,0.14285714285714285,0.0,0.0,0.0,28.857142857142858,0.2857142857142857,0.7142857142857143,24.142857142857142,8.571428571428571,0.2857142857142857,0.42857142857142855,0.14285714285714285,4.285714285714286,2.7142857142857144,7.142857142857143,37.42857142857143,7.857142857142857,1.7142857142857142,2.0,1.8571428571428572,1.1428571428571428,1.7142857142857142,0.0,4.0,23.285714285714285,3.857142857142857,1.8571428571428572,21.0,7.0,0.8571428571428571,0.0,0.8571428571428571,0.5714285714285714,1.1428571428571428,1.4285714285714286,1.4285714285714286,0.0,0.7142857142857143,8.285714285714286,0.2857142857142857,8.0,0.0,4.0,0.5714285714285714,1.7142857142857142,1.0,0.7142857142857143,0.7142857142857143,3.0,5.142857142857143,10.285714285714286,8.0,10.142857142857142,1.1428571428571428,1.0,0.42857142857142855,1.5714285714285714,0.14285714285714285,2.0,0.0,0.7142857142857143,1.8571428571428572,2.857142857142857,0.14285714285714285,0.14285714285714285,0.7142857142857143,0.5714285714285714,2.7142857142857144,0.8571428571428571,0.5714285714285714,0.5714285714285714,0.7142857142857143,1.1428571428571428,0.7142857142857143,2.0,1.2857142857142858,2.7142857142857144,2.5714285714285716,36.857142857142854,1.1428571428571428,2.0,4.142857142857143,0.0,0.42857142857142855,0.7142857142857143,0.2857142857142857,12.571428571428571,3.142857142857143,1.2857142857142858,0.42857142857142855,2.857142857142857,0.14285714285714285,34.857142857142854,34.857142857142854,10.428571428571429,3.0,5.0,0.42857142857142855,1.2857142857142858,0.2857142857142857,1.2857142857142858,1.0,0.7142857142857143,0.2857142857142857,0.7142857142857143,2.4285714285714284,2.0,0.5714285714285714,0.2857142857142857,41.142857142857146,0.42857142857142855,0.2857142857142857,0.2857142857142857,0.42857142857142855,0.42857142857142855,0.42857142857142855,1.0,4.857142857142857,0.5714285714285714,0.42857142857142855,29.714285714285715,1.5714285714285714,0.8571428571428571,1.2857142857142858,1.2857142857142858,0.7142857142857143,0.0,2.142857142857143,0.42857142857142855,0.2857142857142857,0.8571428571428571,0.7142857142857143,2.142857142857143,0.0,71.28571428571429,190.28571428571428,5.285714285714286,0.0,3.2857142857142856,0.0,0.0,9.857142857142858,0.0,0.0,11.857142857142858,1.8571428571428572,0.0,0.0,2.857142857142857,0.42857142857142855,3.5714285714285716,2.4285714285714284,4.714285714285714,0.0,0.14285714285714285,3.857142857142857,0.0,0.0,0.0,0.0,0.0,0.0,0.0,0.0,0.0,0.0,0.0,0.0,26.428571428571427,7.285714285714286,16.857142857142858,5.0,15.285714285714286,14.285714285714286,9.857142857142858,84.14285714285714,11.285714285714286,22.142857142857142,9.714285714285714,6.142857142857143,17.285714285714285
0,6.714285714285714,0.0,6.857142857142857,2.0,0.2857142857142857,3.2857142857142856,0.0,0.0,4.0,0.2857142857142857,0.0,0.0,0.0,0.0,0.0,0.0,0.0,0.42857142857142855,0.2857142857142857,0.0,0.0,1.2857142857142858,0.14285714285714285,0.0,0.0,3.2857142857142856,1.4285714285714286,12.0,14.142857142857142,4.714285714285714,3.0,3.142857142857143,1.8571428571428572,1.5714285714285714,0.0,3.5714285714285716,42.0,6.142857142857143,3.142857142857143,24.857142857142858,21.0,1.1428571428571428,0.0,0.42857142857142855,0.42857142857142855,2.0,0.14285714285714285,2.5714285714285716,0.8571428571428571,3.5714285714285716,23.857142857142858,1.7142857142857142,8.428571428571429,2.142857142857143,2.0,0.42857142857142855,0.7142857142857143,1.7142857142857142,0.42857142857142855,1.7142857142857142,22.285714285714285,11.285714285714286,7.857142857142857,16.857142857142858,6.285714285714286,1.0,0.7142857142857143,1.5714285714285714,4.428571428571429,1.7142857142857142,2.2857142857142856,2.857142857142857,0.2857142857142857,0.42857142857142855,3.857142857142857,1.1428571428571428,0.8571428571428571,1.4285714285714286,1.2857142857142858,3.0,1.7142857142857142,1.1428571428571428,0.8571428571428571,1.8571428571428572,3.0,4.571428571428571,2.7142857142857144,1.5714285714285714,3.142857142857143,4.571428571428571,3.5714285714285716,1.4285714285714286,4.142857142857143,8.0,0.14285714285714285,1.4285714285714286,0.42857142857142855,0.2857142857142857,10.571428571428571,8.142857142857142,3.5714285714285716,1.7142857142857142,1.7142857142857142,0.0,51.142857142857146,78.28571428571429,47.42857142857143,3.5714285714285716,3.857142857142857,1.1428571428571428,5.714285714285714,0.2857142857142857,1.2857142857142858,0.42857142857142855,0.7142857142857143,1.0,3.142857142857143,1.2857142857142858,2.7142857142857144,2.0,0.7142857142857143,0.0,0.0,0.0,0.0,0.14285714285714285,0.0,0.0,0.0,0.42857142857142855,0.0,0.0,8.571428571428571,5.142857142857143,2.142857142857143,2.4285714285714284,1.5714285714285714,1.2857142857142858,1.7142857142857142,9.571428571428571,1.2857142857142858,1.1428571428571428,2.857142857142857,1.7142857142857142,57.142857142857146,45.714285714285715,0.0,0.0,70.14285714285714,49.857142857142854,47.42857142857143,0.0,3.2857142857142856,179.57142857142858,109.71428571428571,105.57142857142857,66.28571428571429,28.571428571428573,2.7142857142857144,61.142857142857146,57.714285714285715,6.714285714285714,36.857142857142854,20.0,83.85714285714286,69.42857142857143,22.857142857142858,0.0,466.7142857142857,271.0,76.28571428571429,305.85714285714283,44.857142857142854,86.42857142857143,85.0,192.57142857142858,53.57142857142857,10.142857142857142,104.14285714285714,73.85714285714286,0.0,0.0,0.0,0.0,0.0,0.0,0.0,0.0,0.0,0.0,0.0,0.0,0.0
0,6.714285714285714,0.0,6.857142857142857,2.0,0.2857142857142857,3.2857142857142856,0.0,0.0,4.0,0.2857142857142857,0.0,0.0,0.0,0.0,0.0,0.0,0.0,0.42857142857142855,0.2857142857142857,0.0,0.0,1.2857142857142858,0.14285714285714285,0.0,0.0,3.2857142857142856,1.4285714285714286,12.0,14.142857142857142,4.714285714285714,3.0,3.142857142857143,1.8571428571428572,1.5714285714285714,0.0,3.5714285714285716,42.0,6.142857142857143,3.142857142857143,24.857142857142858,21.0,1.1428571428571428,0.0,0.42857142857142855,0.42857142857142855,2.0,0.14285714285714285,2.5714285714285716,0.8571428571428571,3.5714285714285716,23.857142857142858,1.7142857142857142,8.428571428571429,2.142857142857143,2.0,0.42857142857142855,0.7142857142857143,1.7142857142857142,0.42857142857142855,1.7142857142857142,22.285714285714285,11.285714285714286,7.857142857142857,16.857142857142858,6.285714285714286,1.0,0.7142857142857143,1.5714285714285714,4.428571428571429,1.7142857142857142,2.2857142857142856,2.857142857142857,0.2857142857142857,0.42857142857142855,3.857142857142857,1.1428571428571428,0.8571428571428571,1.4285714285714286,1.2857142857142858,3.0,1.7142857142857142,1.1428571428571428,0.8571428571428571,1.8571428571428572,3.0,4.571428571428571,2.7142857142857144,1.5714285714285714,3.142857142857143,4.571428571428571,3.5714285714285716,1.4285714285714286,4.142857142857143,8.0,0.14285714285714285,1.4285714285714286,0.42857142857142855,0.2857142857142857,10.571428571428571,8.142857142857142,3.5714285714285716,1.7142857142857142,1.7142857142857142,0.0,51.142857142857146,78.28571428571429,47.42857142857143,3.5714285714285716,3.857142857142857,1.1428571428571428,5.714285714285714,0.2857142857142857,1.2857142857142858,0.42857142857142855,0.7142857142857143,1.0,3.142857142857143,1.2857142857142858,2.7142857142857144,2.0,0.7142857142857143,0.0,0.0,0.0,0.0,0.14285714285714285,0.0,0.0,0.0,0.42857142857142855,0.0,0.0,8.571428571428571,5.142857142857143,2.142857142857143,2.4285714285714284,1.5714285714285714,1.2857142857142858,1.7142857142857142,9.571428571428571,1.2857142857142858,1.1428571428571428,2.857142857142857,1.7142857142857142,57.142857142857146,45.714285714285715,0.0,0.0,70.14285714285714,49.857142857142854,47.42857142857143,0.0,3.2857142857142856,179.57142857142858,109.71428571428571,105.57142857142857,66.28571428571429,28.571428571428573,2.7142857142857144,61.142857142857146,57.714285714285715,6.714285714285714,36.857142857142854,20.0,83.85714285714286,69.42857142857143,22.857142857142858,0.0,466.7142857142857,271.0,76.28571428571429,305.85714285714283,44.857142857142854,86.42857142857143,85.0,192.57142857142858,53.57142857142857,10.142857142857142,104.14285714285714,73.85714285714286,0.0,0.0,0.0,0.0,0.0,0.0,0.0,0.0,0.0,0.0,0.0,0.0,0.0
0,6.714285714285714,0.0,6.857142857142857,2.0,0.2857142857142857,3.2857142857142856,0.0,0.0,4.0,0.2857142857142857,0.0,0.0,0.0,0.0,0.0,0.0,0.0,0.42857142857142855,0.2857142857142857,0.0,0.0,1.2857142857142858,0.14285714285714285,0.0,0.0,3.2857142857142856,1.4285714285714286,12.0,14.142857142857142,4.714285714285714,3.0,3.142857142857143,1.8571428571428572,1.5714285714285714,0.0,3.5714285714285716,42.0,6.142857142857143,3.142857142857143,24.857142857142858,21.0,1.1428571428571428,0.0,0.42857142857142855,0.42857142857142855,2.0,0.14285714285714285,2.5714285714285716,0.8571428571428571,3.5714285714285716,23.857142857142858,1.7142857142857142,8.428571428571429,2.142857142857143,2.0,0.42857142857142855,0.7142857142857143,1.7142857142857142,0.42857142857142855,1.7142857142857142,22.285714285714285,11.285714285714286,7.857142857142857,16.857142857142858,6.285714285714286,1.0,0.7142857142857143,1.5714285714285714,4.428571428571429,1.7142857142857142,2.2857142857142856,2.857142857142857,0.2857142857142857,0.42857142857142855,3.857142857142857,1.1428571428571428,0.8571428571428571,1.4285714285714286,1.2857142857142858,3.0,1.7142857142857142,1.1428571428571428,0.8571428571428571,1.8571428571428572,3.0,4.571428571428571,2.7142857142857144,1.5714285714285714,3.142857142857143,4.571428571428571,3.5714285714285716,1.4285714285714286,4.142857142857143,8.0,0.14285714285714285,1.4285714285714286,0.42857142857142855,0.2857142857142857,10.571428571428571,8.142857142857142,3.5714285714285716,1.7142857142857142,1.7142857142857142,0.0,51.142857142857146,78.28571428571429,47.42857142857143,3.5714285714285716,3.857142857142857,1.1428571428571428,5.714285714285714,0.2857142857142857,1.2857142857142858,0.42857142857142855,0.7142857142857143,1.0,3.142857142857143,1.2857142857142858,2.7142857142857144,2.0,0.7142857142857143,0.0,0.0,0.0,0.0,0.14285714285714285,0.0,0.0,0.0,0.42857142857142855,0.0,0.0,8.571428571428571,5.142857142857143,2.142857142857143,2.4285714285714284,1.5714285714285714,1.2857142857142858,1.7142857142857142,9.571428571428571,1.2857142857142858,1.1428571428571428,2.857142857142857,1.7142857142857142,57.142857142857146,45.714285714285715,0.0,0.0,70.14285714285714,49.857142857142854,47.42857142857143,0.0,3.2857142857142856,179.57142857142858,109.71428571428571,105.57142857142857,66.28571428571429,28.571428571428573,2.7142857142857144,61.142857142857146,57.714285714285715,6.714285714285714,36.857142857142854,20.0,83.85714285714286,69.42857142857143,22.857142857142858,0.0,466.7142857142857,271.0,76.28571428571429,305.85714285714283,44.857142857142854,86.42857142857143,85.0,192.57142857142858,53.57142857142857,10.142857142857142,104.14285714285714,73.85714285714286,0.0,0.0,0.0,0.0,0.0,0.0,0.0,0.0,0.0,0.0,0.0,0.0,0.0
0,6.714285714285714,0.0,6.857142857142857,2.0,0.2857142857142857,3.2857142857142856,0.0,0.0,4.0,0.2857142857142857,0.0,0.0,0.0,0.0,0.0,0.0,0.0,0.42857142857142855,0.2857142857142857,0.0,0.0,1.2857142857142858,0.14285714285714285,0.0,0.0,3.2857142857142856,1.4285714285714286,12.0,14.142857142857142,4.714285714285714,3.0,3.142857142857143,1.8571428571428572,1.5714285714285714,0.0,3.5714285714285716,42.0,6.142857142857143,3.142857142857143,24.857142857142858,21.0,1.1428571428571428,0.0,0.42857142857142855,0.42857142857142855,2.0,0.14285714285714285,2.5714285714285716,0.8571428571428571,3.5714285714285716,23.857142857142858,1.7142857142857142,8.428571428571429,2.142857142857143,2.0,0.42857142857142855,0.7142857142857143,1.7142857142857142,0.42857142857142855,1.7142857142857142,22.285714285714285,11.285714285714286,7.857142857142857,16.857142857142858,6.285714285714286,1.0,0.7142857142857143,1.5714285714285714,4.428571428571429,1.7142857142857142,2.2857142857142856,2.857142857142857,0.2857142857142857,0.42857142857142855,3.857142857142857,1.1428571428571428,0.8571428571428571,1.4285714285714286,1.2857142857142858,3.0,1.7142857142857142,1.1428571428571428,0.8571428571428571,1.8571428571428572,3.0,4.571428571428571,2.7142857142857144,1.5714285714285714,3.142857142857143,4.571428571428571,3.5714285714285716,1.4285714285714286,4.142857142857143,8.0,0.14285714285714285,1.4285714285714286,0.42857142857142855,0.2857142857142857,10.571428571428571,8.142857142857142,3.5714285714285716,1.7142857142857142,1.7142857142857142,0.0,51.142857142857146,78.28571428571429,47.42857142857143,3.5714285714285716,3.857142857142857,1.1428571428571428,5.714285714285714,0.2857142857142857,1.2857142857142858,0.42857142857142855,0.7142857142857143,1.0,3.142857142857143,1.2857142857142858,2.7142857142857144,2.0,0.7142857142857143,0.0,0.0,0.0,0.0,0.14285714285714285,0.0,0.0,0.0,0.42857142857142855,0.0,0.0,8.571428571428571,5.142857142857143,2.142857142857143,2.4285714285714284,1.5714285714285714,1.2857142857142858,1.7142857142857142,9.571428571428571,1.2857142857142858,1.1428571428571428,2.857142857142857,1.7142857142857142,57.142857142857146,45.714285714285715,0.0,0.0,70.14285714285714,49.857142857142854,47.42857142857143,0.0,3.2857142857142856,179.57142857142858,109.71428571428571,105.57142857142857,66.28571428571429,28.571428571428573,2.7142857142857144,61.142857142857146,57.714285714285715,6.714285714285714,36.857142857142854,20.0,83.85714285714286,69.42857142857143,22.857142857142858,0.0,466.7142857142857,271.0,76.28571428571429,305.85714285714283,44.857142857142854,86.42857142857143,85.0,192.57142857142858,53.57142857142857,10.142857142857142,104.14285714285714,73.85714285714286,0.0,0.0,0.0,0.0,0.0,0.0,0.0,0.0,0.0,0.0,0.0,0.0,0.0
0,6.714285714285714,0.0,6.857142857142857,2.0,0.2857142857142857,3.2857142857142856,0.0,0.0,4.0,0.2857142857142857,0.0,0.0,0.0,0.0,0.0,0.0,0.0,0.42857142857142855,0.2857142857142857,0.0,0.0,1.2857142857142858,0.14285714285714285,0.0,0.0,3.2857142857142856,1.4285714285714286,12.0,14.142857142857142,4.714285714285714,3.0,3.142857142857143,1.8571428571428572,1.5714285714285714,0.0,3.5714285714285716,42.0,6.142857142857143,3.142857142857143,24.857142857142858,21.0,1.1428571428571428,0.0,0.42857142857142855,0.42857142857142855,2.0,0.14285714285714285,2.5714285714285716,0.8571428571428571,3.5714285714285716,23.857142857142858,1.7142857142857142,8.428571428571429,2.142857142857143,2.0,0.42857142857142855,0.7142857142857143,1.7142857142857142,0.42857142857142855,1.7142857142857142,22.285714285714285,11.285714285714286,7.857142857142857,16.857142857142858,6.285714285714286,1.0,0.7142857142857143,1.5714285714285714,4.428571428571429,1.7142857142857142,2.2857142857142856,2.857142857142857,0.2857142857142857,0.42857142857142855,3.857142857142857,1.1428571428571428,0.8571428571428571,1.4285714285714286,1.2857142857142858,3.0,1.7142857142857142,1.1428571428571428,0.8571428571428571,1.8571428571428572,3.0,4.571428571428571,2.7142857142857144,1.5714285714285714,3.142857142857143,4.571428571428571,3.5714285714285716,1.4285714285714286,4.142857142857143,8.0,0.14285714285714285,1.4285714285714286,0.42857142857142855,0.2857142857142857,10.571428571428571,8.142857142857142,3.5714285714285716,1.7142857142857142,1.7142857142857142,0.0,51.142857142857146,78.28571428571429,47.42857142857143,3.5714285714285716,3.857142857142857,1.1428571428571428,5.714285714285714,0.2857142857142857,1.2857142857142858,0.42857142857142855,0.7142857142857143,1.0,3.142857142857143,1.2857142857142858,2.7142857142857144,2.0,0.7142857142857143,0.0,0.0,0.0,0.0,0.14285714285714285,0.0,0.0,0.0,0.42857142857142855,0.0,0.0,8.571428571428571,5.142857142857143,2.142857142857143,2.4285714285714284,1.5714285714285714,1.2857142857142858,1.7142857142857142,9.571428571428571,1.2857142857142858,1.1428571428571428,2.857142857142857,1.7142857142857142,57.142857142857146,45.714285714285715,0.0,0.0,70.14285714285714,49.857142857142854,47.42857142857143,0.0,3.2857142857142856,179.57142857142858,109.71428571428571,105.57142857142857,66.28571428571429,28.571428571428573,2.7142857142857144,61.142857142857146,57.714285714285715,6.714285714285714,36.857142857142854,20.0,83.85714285714286,69.42857142857143,22.857142857142858,0.0,466.7142857142857,271.0,76.28571428571429,305.85714285714283,44.857142857142854,86.42857142857143,85.0,192.57142857142858,53.57142857142857,10.142857142857142,104.14285714285714,73.85714285714286,0.0,0.0,0.0,0.0,0.0,0.0,0.0,0.0,0.0,0.0,0.0,0.0,0.0
0,6.714285714285714,0.0,6.857142857142857,2.0,0.2857142857142857,3.2857142857142856,0.0,0.0,4.0,0.2857142857142857,0.0,0.0,0.0,0.0,0.0,0.0,0.0,0.42857142857142855,0.2857142857142857,0.0,0.0,1.2857142857142858,0.14285714285714285,0.0,0.0,3.2857142857142856,1.4285714285714286,12.0,14.142857142857142,4.714285714285714,3.0,3.142857142857143,1.8571428571428572,1.5714285714285714,0.0,3.5714285714285716,42.0,6.142857142857143,3.142857142857143,24.857142857142858,21.0,1.1428571428571428,0.0,0.42857142857142855,0.42857142857142855,2.0,0.14285714285714285,2.5714285714285716,0.8571428571428571,3.5714285714285716,23.857142857142858,1.7142857142857142,8.428571428571429,2.142857142857143,2.0,0.42857142857142855,0.7142857142857143,1.7142857142857142,0.42857142857142855,1.7142857142857142,22.285714285714285,11.285714285714286,7.857142857142857,16.857142857142858,6.285714285714286,1.0,0.7142857142857143,1.5714285714285714,4.428571428571429,1.7142857142857142,2.2857142857142856,2.857142857142857,0.2857142857142857,0.42857142857142855,3.857142857142857,1.1428571428571428,0.8571428571428571,1.4285714285714286,1.2857142857142858,3.0,1.7142857142857142,1.1428571428571428,0.8571428571428571,1.8571428571428572,3.0,4.571428571428571,2.7142857142857144,1.5714285714285714,3.142857142857143,4.571428571428571,3.5714285714285716,1.4285714285714286,4.142857142857143,8.0,0.14285714285714285,1.4285714285714286,0.42857142857142855,0.2857142857142857,10.571428571428571,8.142857142857142,3.5714285714285716,1.7142857142857142,1.7142857142857142,0.0,51.142857142857146,78.28571428571429,47.42857142857143,3.5714285714285716,3.857142857142857,1.1428571428571428,5.714285714285714,0.2857142857142857,1.2857142857142858,0.42857142857142855,0.7142857142857143,1.0,3.142857142857143,1.2857142857142858,2.7142857142857144,2.0,0.7142857142857143,0.0,0.0,0.0,0.0,0.14285714285714285,0.0,0.0,0.0,0.42857142857142855,0.0,0.0,8.571428571428571,5.142857142857143,2.142857142857143,2.4285714285714284,1.5714285714285714,1.2857142857142858,1.7142857142857142,9.571428571428571,1.2857142857142858,1.1428571428571428,2.857142857142857,1.7142857142857142,57.142857142857146,45.714285714285715,0.0,0.0,70.14285714285714,49.857142857142854,47.42857142857143,0.0,3.2857142857142856,179.57142857142858,109.71428571428571,105.57142857142857,66.28571428571429,28.571428571428573,2.7142857142857144,61.142857142857146,57.714285714285715,6.714285714285714,36.857142857142854,20.0,83.85714285714286,69.42857142857143,22.857142857142858,0.0,466.7142857142857,271.0,76.28571428571429,305.85714285714283,44.857142857142854,86.42857142857143,85.0,192.57142857142858,53.57142857142857,10.142857142857142,104.14285714285714,73.85714285714286,0.0,0.0,0.0,0.0,0.0,0.0,0.0,0.0,0.0,0.0,0.0,0.0,0.0
0,6.714285714285714,0.0,6.857142857142857,2.0,0.2857142857142857,3.2857142857142856,0.0,0.0,4.0,0.2857142857142857,0.0,0.0,0.0,0.0,0.0,0.0,0.0,0.42857142857142855,0.2857142857142857,0.0,0.0,1.2857142857142858,0.14285714285714285,0.0,0.0,3.2857142857142856,1.4285714285714286,12.0,14.142857142857142,4.714285714285714,3.0,3.142857142857143,1.8571428571428572,1.5714285714285714,0.0,3.5714285714285716,42.0,6.142857142857143,3.142857142857143,24.857142857142858,21.0,1.1428571428571428,0.0,0.42857142857142855,0.42857142857142855,2.0,0.14285714285714285,2.5714285714285716,0.8571428571428571,3.5714285714285716,23.857142857142858,1.7142857142857142,8.428571428571429,2.142857142857143,2.0,0.42857142857142855,0.7142857142857143,1.7142857142857142,0.42857142857142855,1.7142857142857142,22.285714285714285,11.285714285714286,7.857142857142857,16.857142857142858,6.285714285714286,1.0,0.7142857142857143,1.5714285714285714,4.428571428571429,1.7142857142857142,2.2857142857142856,2.857142857142857,0.2857142857142857,0.42857142857142855,3.857142857142857,1.1428571428571428,0.8571428571428571,1.4285714285714286,1.2857142857142858,3.0,1.7142857142857142,1.1428571428571428,0.8571428571428571,1.8571428571428572,3.0,4.571428571428571,2.7142857142857144,1.5714285714285714,3.142857142857143,4.571428571428571,3.5714285714285716,1.4285714285714286,4.142857142857143,8.0,0.14285714285714285,1.4285714285714286,0.42857142857142855,0.2857142857142857,10.571428571428571,8.142857142857142,3.5714285714285716,1.7142857142857142,1.7142857142857142,0.0,51.142857142857146,78.28571428571429,47.42857142857143,3.5714285714285716,3.857142857142857,1.1428571428571428,5.714285714285714,0.2857142857142857,1.2857142857142858,0.42857142857142855,0.7142857142857143,1.0,3.142857142857143,1.2857142857142858,2.7142857142857144,2.0,0.7142857142857143,0.0,0.0,0.0,0.0,0.14285714285714285,0.0,0.0,0.0,0.42857142857142855,0.0,0.0,8.571428571428571,5.142857142857143,2.142857142857143,2.4285714285714284,1.5714285714285714,1.2857142857142858,1.7142857142857142,9.571428571428571,1.2857142857142858,1.1428571428571428,2.857142857142857,1.7142857142857142,57.142857142857146,45.714285714285715,0.0,0.0,70.14285714285714,49.857142857142854,47.42857142857143,0.0,3.2857142857142856,179.57142857142858,109.71428571428571,105.57142857142857,66.28571428571429,28.571428571428573,2.7142857142857144,61.142857142857146,57.714285714285715,6.714285714285714,36.857142857142854,20.0,83.85714285714286,69.42857142857143,22.857142857142858,0.0,466.7142857142857,271.0,76.28571428571429,305.85714285714283,44.857142857142854,86.42857142857143,85.0,192.57142857142858,53.57142857142857,10.142857142857142,104.14285714285714,73.85714285714286,0.0,0.0,0.0,0.0,0.0,0.0,0.0,0.0,0.0,0.0,0.0,0.0,0.0
0,2.4285714285714284,0.0,7.142857142857143,1.4285714285714286,0.14285714285714285,1.0,3.5714285714285716,0.0,1.7142857142857142,0.0,0.0,0.0,0.14285714285714285,0.0,0.0,0.0,4.285714285714286,0.14285714285714285,0.14285714285714285,2.7142857142857144,3.4285714285714284,0.0,0.14285714285714285,1.4285714285714286,13.714285714285714,24.428571428571427,5.428571428571429,33.714285714285715,7.428571428571429,3.0,3.0,1.8571428571428572,1.4285714285714286,0.14285714285714285,0.0,1.2857142857142858,18.285714285714285,6.0,2.7142857142857144,16.142857142857142,11.428571428571429,0.2857142857142857,0.0,0.42857142857142855,0.2857142857142857,1.5714285714285714,0.2857142857142857,2.5714285714285716,0.5714285714285714,2.2857142857142856,19.714285714285715,0.5714285714285714,7.857142857142857,0.2857142857142857,2.7142857142857144,0.14285714285714285,1.0,0.8571428571428571,0.5714285714285714,0.2857142857142857,10.285714285714286,2.5714285714285716,2.2857142857142856,8.857142857142858,11.571428571428571,0.5714285714285714,0.5714285714285714,0.8571428571428571,2.5714285714285716,1.0,2.0,1.2857142857142858,0.5714285714285714,0.2857142857142857,1.7142857142857142,0.0,0.7142857142857143,1.1428571428571428,0.7142857142857143,1.8571428571428572,2.0,1.0,0.5714285714285714,1.0,1.7142857142857142,1.4285714285714286,2.4285714285714284,1.2857142857142858,2.2857142857142856,2.2857142857142856,34.0,0.5714285714285714,2.142857142857143,5.571428571428571,0.7142857142857143,6.428571428571429,0.2857142857142857,0.0,7.714285714285714,3.142857142857143,0.8571428571428571,0.5714285714285714,0.8571428571428571,0.0,17.714285714285715,47.285714285714285,25.571428571428573,3.0,0.8571428571428571,1.0,2.5714285714285716,0.2857142857142857,0.8571428571428571,0.42857142857142855,0.2857142857142857,0.7142857142857143,1.2857142857142858,0.2857142857142857,1.1428571428571428,1.0,0.14285714285714285,27.714285714285715,0.42857142857142855,0.2857142857142857,0.42857142857142855,0.2857142857142857,0.14285714285714285,0.0,0.42857142857142855,0.42857142857142855,0.42857142857142855,0.0,21.428571428571427,3.2857142857142856,4.285714285714286,5.0,2.142857142857143,1.7142857142857142,1.8571428571428572,8.0,2.4285714285714284,1.0,3.0,2.0,55.0,22.0,6.0,43.0,51.714285714285715,53.57142857142857,38.0,27.142857142857142,4.571428571428571,131.14285714285714,115.85714285714286,98.14285714285714,46.42857142857143,16.285714285714285,1.4285714285714286,42.142857142857146,45.42857142857143,4.142857142857143,36.857142857142854,16.428571428571427,60.57142857142857,69.42857142857143,23.0,0.0,314.7142857142857,182.85714285714286,44.57142857142857,137.14285714285714,20.857142857142858,47.142857142857146,34.0,115.71428571428571,23.571428571428573,5.285714285714286,45.285714285714285,43.42857142857143,0.0,0.0,0.0,0.0,0.0,0.0,0.0,0.0,0.0,0.0,0.0,0.0,0.0
0,2.4285714285714284,0.0,7.142857142857143,1.4285714285714286,0.14285714285714285,1.0,3.5714285714285716,0.0,1.7142857142857142,0.0,0.0,0.0,0.14285714285714285,0.0,0.0,0.0,4.285714285714286,0.14285714285714285,0.14285714285714285,2.7142857142857144,3.4285714285714284,0.0,0.14285714285714285,1.4285714285714286,13.714285714285714,24.428571428571427,5.428571428571429,33.714285714285715,7.428571428571429,3.0,3.0,1.8571428571428572,1.4285714285714286,0.14285714285714285,0.0,1.2857142857142858,18.285714285714285,6.0,2.7142857142857144,16.142857142857142,11.428571428571429,0.2857142857142857,0.0,0.42857142857142855,0.2857142857142857,1.5714285714285714,0.2857142857142857,2.5714285714285716,0.5714285714285714,2.2857142857142856,19.714285714285715,0.5714285714285714,7.857142857142857,0.2857142857142857,2.7142857142857144,0.14285714285714285,1.0,0.8571428571428571,0.5714285714285714,0.2857142857142857,10.285714285714286,2.5714285714285716,2.2857142857142856,8.857142857142858,11.571428571428571,0.5714285714285714,0.5714285714285714,0.8571428571428571,2.5714285714285716,1.0,2.0,1.2857142857142858,0.5714285714285714,0.2857142857142857,1.7142857142857142,0.0,0.7142857142857143,1.1428571428571428,0.7142857142857143,1.8571428571428572,2.0,1.0,0.5714285714285714,1.0,1.7142857142857142,1.4285714285714286,2.4285714285714284,1.2857142857142858,2.2857142857142856,2.2857142857142856,34.0,0.5714285714285714,2.142857142857143,5.571428571428571,0.7142857142857143,6.428571428571429,0.2857142857142857,0.0,7.714285714285714,3.142857142857143,0.8571428571428571,0.5714285714285714,0.8571428571428571,0.0,17.714285714285715,47.285714285714285,25.571428571428573,3.0,0.8571428571428571,1.0,2.5714285714285716,0.2857142857142857,0.8571428571428571,0.42857142857142855,0.2857142857142857,0.7142857142857143,1.2857142857142858,0.2857142857142857,1.1428571428571428,1.0,0.14285714285714285,27.714285714285715,0.42857142857142855,0.2857142857142857,0.42857142857142855,0.2857142857142857,0.14285714285714285,0.0,0.42857142857142855,0.42857142857142855,0.42857142857142855,0.0,21.428571428571427,3.2857142857142856,4.285714285714286,5.0,2.142857142857143,1.7142857142857142,1.8571428571428572,8.0,2.4285714285714284,1.0,3.0,2.0,55.0,22.0,6.0,43.0,51.714285714285715,53.57142857142857,38.0,27.142857142857142,4.571428571428571,131.14285714285714,115.85714285714286,98.14285714285714,46.42857142857143,16.285714285714285,1.4285714285714286,42.142857142857146,45.42857142857143,4.142857142857143,36.857142857142854,16.428571428571427,60.57142857142857,69.42857142857143,23.0,0.0,314.7142857142857,182.85714285714286,44.57142857142857,137.14285714285714,20.857142857142858,47.142857142857146,34.0,115.71428571428571,23.571428571428573,5.285714285714286,45.285714285714285,43.42857142857143,0.0,0.0,0.0,0.0,0.0,0.0,0.0,0.0,0.0,0.0,0.0,0.0,0.0
0,2.4285714285714284,0.0,7.142857142857143,1.4285714285714286,0.14285714285714285,1.0,3.5714285714285716,0.0,1.7142857142857142,0.0,0.0,0.0,0.14285714285714285,0.0,0.0,0.0,4.285714285714286,0.14285714285714285,0.14285714285714285,2.7142857142857144,3.4285714285714284,0.0,0.14285714285714285,1.4285714285714286,13.714285714285714,24.428571428571427,5.428571428571429,33.714285714285715,7.428571428571429,3.0,3.0,1.8571428571428572,1.4285714285714286,0.14285714285714285,0.0,1.2857142857142858,18.285714285714285,6.0,2.7142857142857144,16.142857142857142,11.428571428571429,0.2857142857142857,0.0,0.42857142857142855,0.2857142857142857,1.5714285714285714,0.2857142857142857,2.5714285714285716,0.5714285714285714,2.2857142857142856,19.714285714285715,0.5714285714285714,7.857142857142857,0.2857142857142857,2.7142857142857144,0.14285714285714285,1.0,0.8571428571428571,0.5714285714285714,0.2857142857142857,10.285714285714286,2.5714285714285716,2.2857142857142856,8.857142857142858,11.571428571428571,0.5714285714285714,0.5714285714285714,0.8571428571428571,2.5714285714285716,1.0,2.0,1.2857142857142858,0.5714285714285714,0.2857142857142857,1.7142857142857142,0.0,0.7142857142857143,1.1428571428571428,0.7142857142857143,1.8571428571428572,2.0,1.0,0.5714285714285714,1.0,1.7142857142857142,1.4285714285714286,2.4285714285714284,1.2857142857142858,2.2857142857142856,2.2857142857142856,34.0,0.5714285714285714,2.142857142857143,5.571428571428571,0.7142857142857143,6.428571428571429,0.2857142857142857,0.0,7.714285714285714,3.142857142857143,0.8571428571428571,0.5714285714285714,0.8571428571428571,0.0,17.714285714285715,47.285714285714285,25.571428571428573,3.0,0.8571428571428571,1.0,2.5714285714285716,0.2857142857142857,0.8571428571428571,0.42857142857142855,0.2857142857142857,0.7142857142857143,1.2857142857142858,0.2857142857142857,1.1428571428571428,1.0,0.14285714285714285,27.714285714285715,0.42857142857142855,0.2857142857142857,0.42857142857142855,0.2857142857142857,0.14285714285714285,0.0,0.42857142857142855,0.42857142857142855,0.42857142857142855,0.0,21.428571428571427,3.2857142857142856,4.285714285714286,5.0,2.142857142857143,1.7142857142857142,1.8571428571428572,8.0,2.4285714285714284,1.0,3.0,2.0,55.0,22.0,6.0,43.0,51.714285714285715,53.57142857142857,38.0,27.142857142857142,4.571428571428571,131.14285714285714,115.85714285714286,98.14285714285714,46.42857142857143,16.285714285714285,1.4285714285714286,42.142857142857146,45.42857142857143,4.142857142857143,36.857142857142854,16.428571428571427,60.57142857142857,69.42857142857143,23.0,0.0,314.7142857142857,182.85714285714286,44.57142857142857,137.14285714285714,20.857142857142858,47.142857142857146,34.0,115.71428571428571,23.571428571428573,5.285714285714286,45.285714285714285,43.42857142857143,0.0,0.0,0.0,0.0,0.0,0.0,0.0,0.0,0.0,0.0,0.0,0.0,0.0
0,2.4285714285714284,0.0,7.142857142857143,1.4285714285714286,0.14285714285714285,1.0,3.5714285714285716,0.0,1.7142857142857142,0.0,0.0,0.0,0.14285714285714285,0.0,0.0,0.0,4.285714285714286,0.14285714285714285,0.14285714285714285,2.7142857142857144,3.4285714285714284,0.0,0.14285714285714285,1.4285714285714286,13.714285714285714,24.428571428571427,5.428571428571429,33.714285714285715,7.428571428571429,3.0,3.0,1.8571428571428572,1.4285714285714286,0.14285714285714285,0.0,1.2857142857142858,18.285714285714285,6.0,2.7142857142857144,16.142857142857142,11.428571428571429,0.2857142857142857,0.0,0.42857142857142855,0.2857142857142857,1.5714285714285714,0.2857142857142857,2.5714285714285716,0.5714285714285714,2.2857142857142856,19.714285714285715,0.5714285714285714,7.857142857142857,0.2857142857142857,2.7142857142857144,0.14285714285714285,1.0,0.8571428571428571,0.5714285714285714,0.2857142857142857,10.285714285714286,2.5714285714285716,2.2857142857142856,8.857142857142858,11.571428571428571,0.5714285714285714,0.5714285714285714,0.8571428571428571,2.5714285714285716,1.0,2.0,1.2857142857142858,0.5714285714285714,0.2857142857142857,1.7142857142857142,0.0,0.7142857142857143,1.1428571428571428,0.7142857142857143,1.8571428571428572,2.0,1.0,0.5714285714285714,1.0,1.7142857142857142,1.4285714285714286,2.4285714285714284,1.2857142857142858,2.2857142857142856,2.2857142857142856,34.0,0.5714285714285714,2.142857142857143,5.571428571428571,0.7142857142857143,6.428571428571429,0.2857142857142857,0.0,7.714285714285714,3.142857142857143,0.8571428571428571,0.5714285714285714,0.8571428571428571,0.0,17.714285714285715,47.285714285714285,25.571428571428573,3.0,0.8571428571428571,1.0,2.5714285714285716,0.2857142857142857,0.8571428571428571,0.42857142857142855,0.2857142857142857,0.7142857142857143,1.2857142857142858,0.2857142857142857,1.1428571428571428,1.0,0.14285714285714285,27.714285714285715,0.42857142857142855,0.2857142857142857,0.42857142857142855,0.2857142857142857,0.14285714285714285,0.0,0.42857142857142855,0.42857142857142855,0.42857142857142855,0.0,21.428571428571427,3.2857142857142856,4.285714285714286,5.0,2.142857142857143,1.7142857142857142,1.8571428571428572,8.0,2.4285714285714284,1.0,3.0,2.0,55.0,22.0,6.0,43.0,51.714285714285715,53.57142857142857,38.0,27.142857142857142,4.571428571428571,131.14285714285714,115.85714285714286,98.14285714285714,46.42857142857143,16.285714285714285,1.4285714285714286,42.142857142857146,45.42857142857143,4.142857142857143,36.857142857142854,16.428571428571427,60.57142857142857,69.42857142857143,23.0,0.0,314.7142857142857,182.85714285714286,44.57142857142857,137.14285714285714,20.857142857142858,47.142857142857146,34.0,115.71428571428571,23.571428571428573,5.285714285714286,45.285714285714285,43.42857142857143,0.0,0.0,0.0,0.0,0.0,0.0,0.0,0.0,0.0,0.0,0.0,0.0,0.0
0,2.4285714285714284,0.0,7.142857142857143,1.4285714285714286,0.14285714285714285,1.0,3.5714285714285716,0.0,1.7142857142857142,0.0,0.0,0.0,0.14285714285714285,0.0,0.0,0.0,4.285714285714286,0.14285714285714285,0.14285714285714285,2.7142857142857144,3.4285714285714284,0.0,0.14285714285714285,1.4285714285714286,13.714285714285714,24.428571428571427,5.428571428571429,33.714285714285715,7.428571428571429,3.0,3.0,1.8571428571428572,1.4285714285714286,0.14285714285714285,0.0,1.2857142857142858,18.285714285714285,6.0,2.7142857142857144,16.142857142857142,11.428571428571429,0.2857142857142857,0.0,0.42857142857142855,0.2857142857142857,1.5714285714285714,0.2857142857142857,2.5714285714285716,0.5714285714285714,2.2857142857142856,19.714285714285715,0.5714285714285714,7.857142857142857,0.2857142857142857,2.7142857142857144,0.14285714285714285,1.0,0.8571428571428571,0.5714285714285714,0.2857142857142857,10.285714285714286,2.5714285714285716,2.2857142857142856,8.857142857142858,11.571428571428571,0.5714285714285714,0.5714285714285714,0.8571428571428571,2.5714285714285716,1.0,2.0,1.2857142857142858,0.5714285714285714,0.2857142857142857,1.7142857142857142,0.0,0.7142857142857143,1.1428571428571428,0.7142857142857143,1.8571428571428572,2.0,1.0,0.5714285714285714,1.0,1.7142857142857142,1.4285714285714286,2.4285714285714284,1.2857142857142858,2.2857142857142856,2.2857142857142856,34.0,0.5714285714285714,2.142857142857143,5.571428571428571,0.7142857142857143,6.428571428571429,0.2857142857142857,0.0,7.714285714285714,3.142857142857143,0.8571428571428571,0.5714285714285714,0.8571428571428571,0.0,17.714285714285715,47.285714285714285,25.571428571428573,3.0,0.8571428571428571,1.0,2.5714285714285716,0.2857142857142857,0.8571428571428571,0.42857142857142855,0.2857142857142857,0.7142857142857143,1.2857142857142858,0.2857142857142857,1.1428571428571428,1.0,0.14285714285714285,27.714285714285715,0.42857142857142855,0.2857142857142857,0.42857142857142855,0.2857142857142857,0.14285714285714285,0.0,0.42857142857142855,0.42857142857142855,0.42857142857142855,0.0,21.428571428571427,3.2857142857142856,4.285714285714286,5.0,2.142857142857143,1.7142857142857142,1.8571428571428572,8.0,2.4285714285714284,1.0,3.0,2.0,55.0,22.0,6.0,43.0,51.714285714285715,53.57142857142857,38.0,27.142857142857142,4.571428571428571,131.14285714285714,115.85714285714286,98.14285714285714,46.42857142857143,16.285714285714285,1.4285714285714286,42.142857142857146,45.42857142857143,4.142857142857143,36.857142857142854,16.428571428571427,60.57142857142857,69.42857142857143,23.0,0.0,314.7142857142857,182.85714285714286,44.57142857142857,137.14285714285714,20.857142857142858,47.142857142857146,34.0,115.71428571428571,23.571428571428573,5.285714285714286,45.285714285714285,43.42857142857143,0.0,0.0,0.0,0.0,0.0,0.0,0.0,0.0,0.0,0.0,0.0,0.0,0.0
0,2.4285714285714284,0.0,7.142857142857143,1.4285714285714286,0.14285714285714285,1.0,3.5714285714285716,0.0,1.7142857142857142,0.0,0.0,0.0,0.14285714285714285,0.0,0.0,0.0,4.285714285714286,0.14285714285714285,0.14285714285714285,2.7142857142857144,3.4285714285714284,0.0,0.14285714285714285,1.4285714285714286,13.714285714285714,24.428571428571427,5.428571428571429,33.714285714285715,7.428571428571429,3.0,3.0,1.8571428571428572,1.4285714285714286,0.14285714285714285,0.0,1.2857142857142858,18.285714285714285,6.0,2.7142857142857144,16.142857142857142,11.428571428571429,0.2857142857142857,0.0,0.42857142857142855,0.2857142857142857,1.5714285714285714,0.2857142857142857,2.5714285714285716,0.5714285714285714,2.2857142857142856,19.714285714285715,0.5714285714285714,7.857142857142857,0.2857142857142857,2.7142857142857144,0.14285714285714285,1.0,0.8571428571428571,0.5714285714285714,0.2857142857142857,10.285714285714286,2.5714285714285716,2.2857142857142856,8.857142857142858,11.571428571428571,0.5714285714285714,0.5714285714285714,0.8571428571428571,2.5714285714285716,1.0,2.0,1.2857142857142858,0.5714285714285714,0.2857142857142857,1.7142857142857142,0.0,0.7142857142857143,1.1428571428571428,0.7142857142857143,1.8571428571428572,2.0,1.0,0.5714285714285714,1.0,1.7142857142857142,1.4285714285714286,2.4285714285714284,1.2857142857142858,2.2857142857142856,2.2857142857142856,34.0,0.5714285714285714,2.142857142857143,5.571428571428571,0.7142857142857143,6.428571428571429,0.2857142857142857,0.0,7.714285714285714,3.142857142857143,0.8571428571428571,0.5714285714285714,0.8571428571428571,0.0,17.714285714285715,47.285714285714285,25.571428571428573,3.0,0.8571428571428571,1.0,2.5714285714285716,0.2857142857142857,0.8571428571428571,0.42857142857142855,0.2857142857142857,0.7142857142857143,1.2857142857142858,0.2857142857142857,1.1428571428571428,1.0,0.14285714285714285,27.714285714285715,0.42857142857142855,0.2857142857142857,0.42857142857142855,0.2857142857142857,0.14285714285714285,0.0,0.42857142857142855,0.42857142857142855,0.42857142857142855,0.0,21.428571428571427,3.2857142857142856,4.285714285714286,5.0,2.142857142857143,1.7142857142857142,1.8571428571428572,8.0,2.4285714285714284,1.0,3.0,2.0,55.0,22.0,6.0,43.0,51.714285714285715,53.57142857142857,38.0,27.142857142857142,4.571428571428571,131.14285714285714,115.85714285714286,98.14285714285714,46.42857142857143,16.285714285714285,1.4285714285714286,42.142857142857146,45.42857142857143,4.142857142857143,36.857142857142854,16.428571428571427,60.57142857142857,69.42857142857143,23.0,0.0,314.7142857142857,182.85714285714286,44.57142857142857,137.14285714285714,20.857142857142858,47.142857142857146,34.0,115.71428571428571,23.571428571428573,5.285714285714286,45.285714285714285,43.42857142857143,0.0,0.0,0.0,0.0,0.0,0.0,0.0,0.0,0.0,0.0,0.0,0.0,0.0
0,2.4285714285714284,0.0,7.142857142857143,1.4285714285714286,0.14285714285714285,1.0,3.5714285714285716,0.0,1.7142857142857142,0.0,0.0,0.0,0.14285714285714285,0.0,0.0,0.0,4.285714285714286,0.14285714285714285,0.14285714285714285,2.7142857142857144,3.4285714285714284,0.0,0.14285714285714285,1.4285714285714286,13.714285714285714,24.428571428571427,5.428571428571429,33.714285714285715,7.428571428571429,3.0,3.0,1.8571428571428572,1.4285714285714286,0.14285714285714285,0.0,1.2857142857142858,18.285714285714285,6.0,2.7142857142857144,16.142857142857142,11.428571428571429,0.2857142857142857,0.0,0.42857142857142855,0.2857142857142857,1.5714285714285714,0.2857142857142857,2.5714285714285716,0.5714285714285714,2.2857142857142856,19.714285714285715,0.5714285714285714,7.857142857142857,0.2857142857142857,2.7142857142857144,0.14285714285714285,1.0,0.8571428571428571,0.5714285714285714,0.2857142857142857,10.285714285714286,2.5714285714285716,2.2857142857142856,8.857142857142858,11.571428571428571,0.5714285714285714,0.5714285714285714,0.8571428571428571,2.5714285714285716,1.0,2.0,1.2857142857142858,0.5714285714285714,0.2857142857142857,1.7142857142857142,0.0,0.7142857142857143,1.1428571428571428,0.7142857142857143,1.8571428571428572,2.0,1.0,0.5714285714285714,1.0,1.7142857142857142,1.4285714285714286,2.4285714285714284,1.2857142857142858,2.2857142857142856,2.2857142857142856,34.0,0.5714285714285714,2.142857142857143,5.571428571428571,0.7142857142857143,6.428571428571429,0.2857142857142857,0.0,7.714285714285714,3.142857142857143,0.8571428571428571,0.5714285714285714,0.8571428571428571,0.0,17.714285714285715,47.285714285714285,25.571428571428573,3.0,0.8571428571428571,1.0,2.5714285714285716,0.2857142857142857,0.8571428571428571,0.42857142857142855,0.2857142857142857,0.7142857142857143,1.2857142857142858,0.2857142857142857,1.1428571428571428,1.0,0.14285714285714285,27.714285714285715,0.42857142857142855,0.2857142857142857,0.42857142857142855,0.2857142857142857,0.14285714285714285,0.0,0.42857142857142855,0.42857142857142855,0.42857142857142855,0.0,21.428571428571427,3.2857142857142856,4.285714285714286,5.0,2.142857142857143,1.7142857142857142,1.8571428571428572,8.0,2.4285714285714284,1.0,3.0,2.0,55.0,22.0,6.0,43.0,51.714285714285715,53.57142857142857,38.0,27.142857142857142,4.571428571428571,131.14285714285714,115.85714285714286,98.14285714285714,46.42857142857143,16.285714285714285,1.4285714285714286,42.142857142857146,45.42857142857143,4.142857142857143,36.857142857142854,16.428571428571427,60.57142857142857,69.42857142857143,23.0,0.0,314.7142857142857,182.85714285714286,44.57142857142857,137.14285714285714,20.857142857142858,47.142857142857146,34.0,115.71428571428571,23.571428571428573,5.285714285714286,45.285714285714285,43.42857142857143,0.0,0.0,0.0,0.0,0.0,0.0,0.0,0.0,0.0,0.0,0.0,0.0,0.0
0,1.0,5.0,3.2857142857142856,2.142857142857143,0.14285714285714285,0.2857142857142857,2.4285714285714284,0.0,0.5714285714285714,0.0,0.0,0.2857142857142857,0.0,0.0,0.0,0.0,4.285714285714286,0.5714285714285714,0.5714285714285714,8.857142857142858,2.5714285714285716,0.0,0.0,0.0,13.0,4.714285714285714,0.14285714285714285,6.142857142857143,0.0,0.0,0.0,0.42857142857142855,0.2857142857142857,0.2857142857142857,0.0,0.42857142857142855,5.857142857142857,1.2857142857142858,0.42857142857142855,6.857142857142857,0.0,0.14285714285714285,0.0,0.14285714285714285,0.14285714285714285,0.7142857142857143,0.14285714285714285,1.2857142857142858,0.14285714285714285,1.4285714285714286,3.142857142857143,0.0,1.7142857142857142,0.0,0.42857142857142855,0.0,0.2857142857142857,0.0,0.0,0.14285714285714285,1.8571428571428572,2.142857142857143,0.5714285714285714,2.142857142857143,1.0,0.0,0.0,0.0,0.0,0.0,0.0,0.0,0.0,0.0,0.0,0.0,0.0,0.0,0.0,0.0,0.0,0.0,0.0,0.0,0.0,0.0,0.0,0.0,0.0,0.0,1.7142857142857142,0.42857142857142855,1.1428571428571428,3.4285714285714284,0.42857142857142855,0.2857142857142857,0.0,0.14285714285714285,1.1428571428571428,1.7142857142857142,1.2857142857142858,0.42857142857142855,0.14285714285714285,0.0,6.142857142857143,2.2857142857142856,2.857142857142857,2.0,0.5714285714285714,0.0,3.0,0.2857142857142857,0.5714285714285714,0.5714285714285714,0.14285714285714285,0.2857142857142857,0.7142857142857143,0.2857142857142857,0.42857142857142855,0.7142857142857143,0.42857142857142855,0.0,0.0,0.0,0.0,0.0,0.0,0.2857142857142857,0.0,0.0,0.0,0.0,3.4285714285714284,1.4285714285714286,0.5714285714285714,0.7142857142857143,0.7142857142857143,0.5714285714285714,0.2857142857142857,2.142857142857143,0.2857142857142857,0.42857142857142855,0.5714285714285714,0.8571428571428571,0.2857142857142857,0.0,3.2857142857142856,0.0,0.5714285714285714,0.0,0.42857142857142855,0.0,0.0,1.0,0.0,0.0,2.2857142857142856,0.42857142857142855,0.0,0.0,0.5714285714285714,0.0,0.5714285714285714,0.14285714285714285,0.7142857142857143,0.0,0.0,0.0,0.0,0.0,0.0,0.0,0.0,0.0,0.0,0.0,0.0,0.0,0.0,0.0,0.0,0.0,0.0,0.0,0.0,0.0,0.0,0.0,0.0,0.0,0.0,0.0,0.0
0,1.0,5.0,3.2857142857142856,2.142857142857143,0.14285714285714285,0.2857142857142857,2.4285714285714284,0.0,0.5714285714285714,0.0,0.0,0.2857142857142857,0.0,0.0,0.0,0.0,4.285714285714286,0.5714285714285714,0.5714285714285714,8.857142857142858,2.5714285714285716,0.0,0.0,0.0,13.0,4.714285714285714,0.14285714285714285,6.142857142857143,0.0,0.0,0.0,0.42857142857142855,0.2857142857142857,0.2857142857142857,0.0,0.42857142857142855,5.857142857142857,1.2857142857142858,0.42857142857142855,6.857142857142857,0.0,0.14285714285714285,0.0,0.14285714285714285,0.14285714285714285,0.7142857142857143,0.14285714285714285,1.2857142857142858,0.14285714285714285,1.4285714285714286,3.142857142857143,0.0,1.7142857142857142,0.0,0.42857142857142855,0.0,0.2857142857142857,0.0,0.0,0.14285714285714285,1.8571428571428572,2.142857142857143,0.5714285714285714,2.142857142857143,1.0,0.0,0.0,0.0,0.0,0.0,0.0,0.0,0.0,0.0,0.0,0.0,0.0,0.0,0.0,0.0,0.0,0.0,0.0,0.0,0.0,0.0,0.0,0.0,0.0,0.0,1.7142857142857142,0.42857142857142855,1.1428571428571428,3.4285714285714284,0.42857142857142855,0.2857142857142857,0.0,0.14285714285714285,1.1428571428571428,1.7142857142857142,1.2857142857142858,0.42857142857142855,0.14285714285714285,0.0,6.142857142857143,2.2857142857142856,2.857142857142857,2.0,0.5714285714285714,0.0,3.0,0.2857142857142857,0.5714285714285714,0.5714285714285714,0.14285714285714285,0.2857142857142857,0.7142857142857143,0.2857142857142857,0.42857142857142855,0.7142857142857143,0.42857142857142855,0.0,0.0,0.0,0.0,0.0,0.0,0.2857142857142857,0.0,0.0,0.0,0.0,3.4285714285714284,1.4285714285714286,0.5714285714285714,0.7142857142857143,0.7142857142857143,0.5714285714285714,0.2857142857142857,2.142857142857143,0.2857142857142857,0.42857142857142855,0.5714285714285714,0.8571428571428571,0.2857142857142857,0.0,3.2857142857142856,0.0,0.5714285714285714,0.0,0.42857142857142855,0.0,0.0,1.0,0.0,0.0,2.2857142857142856,0.42857142857142855,0.0,0.0,0.5714285714285714,0.0,0.5714285714285714,0.14285714285714285,0.7142857142857143,0.0,0.0,0.0,0.0,0.0,0.0,0.0,0.0,0.0,0.0,0.0,0.0,0.0,0.0,0.0,0.0,0.0,0.0,0.0,0.0,0.0,0.0,0.0,0.0,0.0,0.0,0.0,0.0
0,1.0,5.0,3.2857142857142856,2.142857142857143,0.14285714285714285,0.2857142857142857,2.4285714285714284,0.0,0.5714285714285714,0.0,0.0,0.2857142857142857,0.0,0.0,0.0,0.0,4.285714285714286,0.5714285714285714,0.5714285714285714,8.857142857142858,2.5714285714285716,0.0,0.0,0.0,13.0,4.714285714285714,0.14285714285714285,6.142857142857143,0.0,0.0,0.0,0.42857142857142855,0.2857142857142857,0.2857142857142857,0.0,0.42857142857142855,5.857142857142857,1.2857142857142858,0.42857142857142855,6.857142857142857,0.0,0.14285714285714285,0.0,0.14285714285714285,0.14285714285714285,0.7142857142857143,0.14285714285714285,1.2857142857142858,0.14285714285714285,1.4285714285714286,3.142857142857143,0.0,1.7142857142857142,0.0,0.42857142857142855,0.0,0.2857142857142857,0.0,0.0,0.14285714285714285,1.8571428571428572,2.142857142857143,0.5714285714285714,2.142857142857143,1.0,0.0,0.0,0.0,0.0,0.0,0.0,0.0,0.0,0.0,0.0,0.0,0.0,0.0,0.0,0.0,0.0,0.0,0.0,0.0,0.0,0.0,0.0,0.0,0.0,0.0,1.7142857142857142,0.42857142857142855,1.1428571428571428,3.4285714285714284,0.42857142857142855,0.2857142857142857,0.0,0.14285714285714285,1.1428571428571428,1.7142857142857142,1.2857142857142858,0.42857142857142855,0.14285714285714285,0.0,6.142857142857143,2.2857142857142856,2.857142857142857,2.0,0.5714285714285714,0.0,3.0,0.2857142857142857,0.5714285714285714,0.5714285714285714,0.14285714285714285,0.2857142857142857,0.7142857142857143,0.2857142857142857,0.42857142857142855,0.7142857142857143,0.42857142857142855,0.0,0.0,0.0,0.0,0.0,0.0,0.2857142857142857,0.0,0.0,0.0,0.0,3.4285714285714284,1.4285714285714286,0.5714285714285714,0.7142857142857143,0.7142857142857143,0.5714285714285714,0.2857142857142857,2.142857142857143,0.2857142857142857,0.42857142857142855,0.5714285714285714,0.8571428571428571,0.2857142857142857,0.0,3.2857142857142856,0.0,0.5714285714285714,0.0,0.42857142857142855,0.0,0.0,1.0,0.0,0.0,2.2857142857142856,0.42857142857142855,0.0,0.0,0.5714285714285714,0.0,0.5714285714285714,0.14285714285714285,0.7142857142857143,0.0,0.0,0.0,0.0,0.0,0.0,0.0,0.0,0.0,0.0,0.0,0.0,0.0,0.0,0.0,0.0,0.0,0.0,0.0,0.0,0.0,0.0,0.0,0.0,0.0,0.0,0.0,0.0
0,1.0,5.0,3.2857142857142856,2.142857142857143,0.14285714285714285,0.2857142857142857,2.4285714285714284,0.0,0.5714285714285714,0.0,0.0,0.2857142857142857,0.0,0.0,0.0,0.0,4.285714285714286,0.5714285714285714,0.5714285714285714,8.857142857142858,2.5714285714285716,0.0,0.0,0.0,13.0,4.714285714285714,0.14285714285714285,6.142857142857143,0.0,0.0,0.0,0.42857142857142855,0.2857142857142857,0.2857142857142857,0.0,0.42857142857142855,5.857142857142857,1.2857142857142858,0.42857142857142855,6.857142857142857,0.0,0.14285714285714285,0.0,0.14285714285714285,0.14285714285714285,0.7142857142857143,0.14285714285714285,1.2857142857142858,0.14285714285714285,1.4285714285714286,3.142857142857143,0.0,1.7142857142857142,0.0,0.42857142857142855,0.0,0.2857142857142857,0.0,0.0,0.14285714285714285,1.8571428571428572,2.142857142857143,0.5714285714285714,2.142857142857143,1.0,0.0,0.0,0.0,0.0,0.0,0.0,0.0,0.0,0.0,0.0,0.0,0.0,0.0,0.0,0.0,0.0,0.0,0.0,0.0,0.0,0.0,0.0,0.0,0.0,0.0,1.7142857142857142,0.42857142857142855,1.1428571428571428,3.4285714285714284,0.42857142857142855,0.2857142857142857,0.0,0.14285714285714285,1.1428571428571428,1.7142857142857142,1.2857142857142858,0.42857142857142855,0.14285714285714285,0.0,6.142857142857143,2.2857142857142856,2.857142857142857,2.0,0.5714285714285714,0.0,3.0,0.2857142857142857,0.5714285714285714,0.5714285714285714,0.14285714285714285,0.2857142857142857,0.7142857142857143,0.2857142857142857,0.42857142857142855,0.7142857142857143,0.42857142857142855,0.0,0.0,0.0,0.0,0.0,0.0,0.2857142857142857,0.0,0.0,0.0,0.0,3.4285714285714284,1.4285714285714286,0.5714285714285714,0.7142857142857143,0.7142857142857143,0.5714285714285714,0.2857142857142857,2.142857142857143,0.2857142857142857,0.42857142857142855,0.5714285714285714,0.8571428571428571,0.2857142857142857,0.0,3.2857142857142856,0.0,0.5714285714285714,0.0,0.42857142857142855,0.0,0.0,1.0,0.0,0.0,2.2857142857142856,0.42857142857142855,0.0,0.0,0.5714285714285714,0.0,0.5714285714285714,0.14285714285714285,0.7142857142857143,0.0,0.0,0.0,0.0,0.0,0.0,0.0,0.0,0.0,0.0,0.0,0.0,0.0,0.0,0.0,0.0,0.0,0.0,0.0,0.0,0.0,0.0,0.0,0.0,0.0,0.0,0.0,0.0
0,1.0,5.0,3.2857142857142856,2.142857142857143,0.14285714285714285,0.2857142857142857,2.4285714285714284,0.0,0.5714285714285714,0.0,0.0,0.2857142857142857,0.0,0.0,0.0,0.0,4.285714285714286,0.5714285714285714,0.5714285714285714,8.857142857142858,2.5714285714285716,0.0,0.0,0.0,13.0,4.714285714285714,0.14285714285714285,6.142857142857143,0.0,0.0,0.0,0.42857142857142855,0.2857142857142857,0.2857142857142857,0.0,0.42857142857142855,5.857142857142857,1.2857142857142858,0.42857142857142855,6.857142857142857,0.0,0.14285714285714285,0.0,0.14285714285714285,0.14285714285714285,0.7142857142857143,0.14285714285714285,1.2857142857142858,0.14285714285714285,1.4285714285714286,3.142857142857143,0.0,1.7142857142857142,0.0,0.42857142857142855,0.0,0.2857142857142857,0.0,0.0,0.14285714285714285,1.8571428571428572,2.142857142857143,0.5714285714285714,2.142857142857143,1.0,0.0,0.0,0.0,0.0,0.0,0.0,0.0,0.0,0.0,0.0,0.0,0.0,0.0,0.0,0.0,0.0,0.0,0.0,0.0,0.0,0.0,0.0,0.0,0.0,0.0,1.7142857142857142,0.42857142857142855,1.1428571428571428,3.4285714285714284,0.42857142857142855,0.2857142857142857,0.0,0.14285714285714285,1.1428571428571428,1.7142857142857142,1.2857142857142858,0.42857142857142855,0.14285714285714285,0.0,6.142857142857143,2.2857142857142856,2.857142857142857,2.0,0.5714285714285714,0.0,3.0,0.2857142857142857,0.5714285714285714,0.5714285714285714,0.14285714285714285,0.2857142857142857,0.7142857142857143,0.2857142857142857,0.42857142857142855,0.7142857142857143,0.42857142857142855,0.0,0.0,0.0,0.0,0.0,0.0,0.2857142857142857,0.0,0.0,0.0,0.0,3.4285714285714284,1.4285714285714286,0.5714285714285714,0.7142857142857143,0.7142857142857143,0.5714285714285714,0.2857142857142857,2.142857142857143,0.2857142857142857,0.42857142857142855,0.5714285714285714,0.8571428571428571,0.2857142857142857,0.0,3.2857142857142856,0.0,0.5714285714285714,0.0,0.42857142857142855,0.0,0.0,1.0,0.0,0.0,2.2857142857142856,0.42857142857142855,0.0,0.0,0.5714285714285714,0.0,0.5714285714285714,0.14285714285714285,0.7142857142857143,0.0,0.0,0.0,0.0,0.0,0.0,0.0,0.0,0.0,0.0,0.0,0.0,0.0,0.0,0.0,0.0,0.0,0.0,0.0,0.0,0.0,0.0,0.0,0.0,0.0,0.0,0.0,0.0
0,1.0,5.0,3.2857142857142856,2.142857142857143,0.14285714285714285,0.2857142857142857,2.4285714285714284,0.0,0.5714285714285714,0.0,0.0,0.2857142857142857,0.0,0.0,0.0,0.0,4.285714285714286,0.5714285714285714,0.5714285714285714,8.857142857142858,2.5714285714285716,0.0,0.0,0.0,13.0,4.714285714285714,0.14285714285714285,6.142857142857143,0.0,0.0,0.0,0.42857142857142855,0.2857142857142857,0.2857142857142857,0.0,0.42857142857142855,5.857142857142857,1.2857142857142858,0.42857142857142855,6.857142857142857,0.0,0.14285714285714285,0.0,0.14285714285714285,0.14285714285714285,0.7142857142857143,0.14285714285714285,1.2857142857142858,0.14285714285714285,1.4285714285714286,3.142857142857143,0.0,1.7142857142857142,0.0,0.42857142857142855,0.0,0.2857142857142857,0.0,0.0,0.14285714285714285,1.8571428571428572,2.142857142857143,0.5714285714285714,2.142857142857143,1.0,0.0,0.0,0.0,0.0,0.0,0.0,0.0,0.0,0.0,0.0,0.0,0.0,0.0,0.0,0.0,0.0,0.0,0.0,0.0,0.0,0.0,0.0,0.0,0.0,0.0,1.7142857142857142,0.42857142857142855,1.1428571428571428,3.4285714285714284,0.42857142857142855,0.2857142857142857,0.0,0.14285714285714285,1.1428571428571428,1.7142857142857142,1.2857142857142858,0.42857142857142855,0.14285714285714285,0.0,6.142857142857143,2.2857142857142856,2.857142857142857,2.0,0.5714285714285714,0.0,3.0,0.2857142857142857,0.5714285714285714,0.5714285714285714,0.14285714285714285,0.2857142857142857,0.7142857142857143,0.2857142857142857,0.42857142857142855,0.7142857142857143,0.42857142857142855,0.0,0.0,0.0,0.0,0.0,0.0,0.2857142857142857,0.0,0.0,0.0,0.0,3.4285714285714284,1.4285714285714286,0.5714285714285714,0.7142857142857143,0.7142857142857143,0.5714285714285714,0.2857142857142857,2.142857142857143,0.2857142857142857,0.42857142857142855,0.5714285714285714,0.8571428571428571,0.2857142857142857,0.0,3.2857142857142856,0.0,0.5714285714285714,0.0,0.42857142857142855,0.0,0.0,1.0,0.0,0.0,2.2857142857142856,0.42857142857142855,0.0,0.0,0.5714285714285714,0.0,0.5714285714285714,0.14285714285714285,0.7142857142857143,0.0,0.0,0.0,0.0,0.0,0.0,0.0,0.0,0.0,0.0,0.0,0.0,0.0,0.0,0.0,0.0,0.0,0.0,0.0,0.0,0.0,0.0,0.0,0.0,0.0,0.0,0.0,0.0
0,1.0,5.0,3.2857142857142856,2.142857142857143,0.14285714285714285,0.2857142857142857,2.4285714285714284,0.0,0.5714285714285714,0.0,0.0,0.2857142857142857,0.0,0.0,0.0,0.0,4.285714285714286,0.5714285714285714,0.5714285714285714,8.857142857142858,2.5714285714285716,0.0,0.0,0.0,13.0,4.714285714285714,0.14285714285714285,6.142857142857143,0.0,0.0,0.0,0.42857142857142855,0.2857142857142857,0.2857142857142857,0.0,0.42857142857142855,5.857142857142857,1.2857142857142858,0.42857142857142855,6.857142857142857,0.0,0.14285714285714285,0.0,0.14285714285714285,0.14285714285714285,0.7142857142857143,0.14285714285714285,1.2857142857142858,0.14285714285714285,1.4285714285714286,3.142857142857143,0.0,1.7142857142857142,0.0,0.42857142857142855,0.0,0.2857142857142857,0.0,0.0,0.14285714285714285,1.8571428571428572,2.142857142857143,0.5714285714285714,2.142857142857143,1.0,0.0,0.0,0.0,0.0,0.0,0.0,0.0,0.0,0.0,0.0,0.0,0.0,0.0,0.0,0.0,0.0,0.0,0.0,0.0,0.0,0.0,0.0,0.0,0.0,0.0,1.7142857142857142,0.42857142857142855,1.1428571428571428,3.4285714285714284,0.42857142857142855,0.2857142857142857,0.0,0.14285714285714285,1.1428571428571428,1.7142857142857142,1.2857142857142858,0.42857142857142855,0.14285714285714285,0.0,6.142857142857143,2.2857142857142856,2.857142857142857,2.0,0.5714285714285714,0.0,3.0,0.2857142857142857,0.5714285714285714,0.5714285714285714,0.14285714285714285,0.2857142857142857,0.7142857142857143,0.2857142857142857,0.42857142857142855,0.7142857142857143,0.42857142857142855,0.0,0.0,0.0,0.0,0.0,0.0,0.2857142857142857,0.0,0.0,0.0,0.0,3.4285714285714284,1.4285714285714286,0.5714285714285714,0.7142857142857143,0.7142857142857143,0.5714285714285714,0.2857142857142857,2.142857142857143,0.2857142857142857,0.42857142857142855,0.5714285714285714,0.8571428571428571,0.2857142857142857,0.0,3.2857142857142856,0.0,0.5714285714285714,0.0,0.42857142857142855,0.0,0.0,1.0,0.0,0.0,2.2857142857142856,0.42857142857142855,0.0,0.0,0.5714285714285714,0.0,0.5714285714285714,0.14285714285714285,0.7142857142857143,0.0,0.0,0.0,0.0,0.0,0.0,0.0,0.0,0.0,0.0,0.0,0.0,0.0,0.0,0.0,0.0,0.0,0.0,0.0,0.0,0.0,0.0,0.0,0.0,0.0,0.0,0.0,0.0
0,2.857142857142857,20.285714285714285,3.4285714285714284,3.142857142857143,1.0,2.7142857142857144,11.571428571428571,0.0,3.857142857142857,0.0,1.0,0.2857142857142857,0.0,0.0,0.0,0.0,32.0,0.7142857142857143,0.0,38.285714285714285,11.571428571428571,1.1428571428571428,0.14285714285714285,0.2857142857142857,9.857142857142858,8.571428571428571,2.857142857142857,36.142857142857146,12.571428571428571,2.0,2.857142857142857,2.7142857142857144,1.0,0.5714285714285714,0.0,3.857142857142857,26.285714285714285,0.0,2.0,20.285714285714285,12.428571428571429,1.1428571428571428,2.2857142857142856,0.42857142857142855,0.7142857142857143,1.5714285714285714,0.5714285714285714,2.0,0.2857142857142857,1.2857142857142858,8.285714285714286,0.5714285714285714,5.285714285714286,0.7142857142857143,3.4285714285714284,1.1428571428571428,2.142857142857143,1.1428571428571428,1.0,0.14285714285714285,3.7142857142857144,6.714285714285714,13.0,6.857142857142857,11.857142857142858,1.0,0.0,1.2857142857142858,3.142857142857143,0.14285714285714285,0.8571428571428571,1.5714285714285714,1.0,1.0,3.4285714285714284,0.5714285714285714,0.5714285714285714,1.8571428571428572,0.5714285714285714,1.8571428571428572,0.0,0.42857142857142855,0.5714285714285714,2.2857142857142856,1.5714285714285714,0.7142857142857143,3.4285714285714284,0.42857142857142855,2.2857142857142856,2.857142857142857,7.142857142857143,1.2857142857142858,2.7142857142857144,4.0,0.0,1.8571428571428572,0.2857142857142857,0.14285714285714285,13.714285714285714,4.857142857142857,3.142857142857143,0.5714285714285714,3.142857142857143,0.14285714285714285,50.142857142857146,39.57142857142857,13.0,1.7142857142857142,1.4285714285714286,0.7142857142857143,2.0,0.8571428571428571,0.5714285714285714,1.1428571428571428,0.0,1.0,0.2857142857142857,0.7142857142857143,2.2857142857142856,1.8571428571428572,0.0,22.0,0.5714285714285714,0.14285714285714285,0.2857142857142857,0.5714285714285714,0.2857142857142857,0.2857142857142857,0.5714285714285714,0.14285714285714285,0.5714285714285714,0.5714285714285714,17.571428571428573,1.4285714285714286,1.1428571428571428,2.0,1.1428571428571428,0.42857142857142855,1.1428571428571428,2.5714285714285716,0.2857142857142857,1.0,0.7142857142857143,0.7142857142857143,1.8571428571428572,0.0,102.14285714285714,72.14285714285714,5.285714285714286,0.0,2.857142857142857,0.0,0.0,7.571428571428571,0.0,0.0,13.142857142857142,1.8571428571428572,142.85714285714286,0.0,4.285714285714286,0.0,4.285714285714286,1.7142857142857142,3.0,0.0,0.0,3.7142857142857144,0.42857142857142855,0.5714285714285714,0.0,0.0,0.0,0.2857142857142857,1.4285714285714286,2.5714285714285716,0.2857142857142857,0.2857142857142857,0.2857142857142857,0.2857142857142857,37.857142857142854,18.0,41.42857142857143,8.571428571428571,27.857142857142858,32.57142857142857,16.428571428571427,241.0,50.57142857142857,78.85714285714286,144.0,28.285714285714285,53.57142857142857
0,2.857142857142857,20.285714285714285,3.4285714285714284,3.142857142857143,1.0,2.7142857142857144,11.571428571428571,0.0,3.857142857142857,0.0,1.0,0.2857142857142857,0.0,0.0,0.0,0.0,32.0,0.7142857142857143,0.0,38.285714285714285,11.571428571428571,1.1428571428571428,0.14285714285714285,0.2857142857142857,9.857142857142858,8.571428571428571,2.857142857142857,36.142857142857146,12.571428571428571,2.0,2.857142857142857,2.7142857142857144,1.0,0.5714285714285714,0.0,3.857142857142857,26.285714285714285,0.0,2.0,20.285714285714285,12.428571428571429,1.1428571428571428,2.2857142857142856,0.42857142857142855,0.7142857142857143,1.5714285714285714,0.5714285714285714,2.0,0.2857142857142857,1.2857142857142858,8.285714285714286,0.5714285714285714,5.285714285714286,0.7142857142857143,3.4285714285714284,1.1428571428571428,2.142857142857143,1.1428571428571428,1.0,0.14285714285714285,3.7142857142857144,6.714285714285714,13.0,6.857142857142857,11.857142857142858,1.0,0.0,1.2857142857142858,3.142857142857143,0.14285714285714285,0.8571428571428571,1.5714285714285714,1.0,1.0,3.4285714285714284,0.5714285714285714,0.5714285714285714,1.8571428571428572,0.5714285714285714,1.8571428571428572,0.0,0.42857142857142855,0.5714285714285714,2.2857142857142856,1.5714285714285714,0.7142857142857143,3.4285714285714284,0.42857142857142855,2.2857142857142856,2.857142857142857,7.142857142857143,1.2857142857142858,2.7142857142857144,4.0,0.0,1.8571428571428572,0.2857142857142857,0.14285714285714285,13.714285714285714,4.857142857142857,3.142857142857143,0.5714285714285714,3.142857142857143,0.14285714285714285,50.142857142857146,39.57142857142857,13.0,1.7142857142857142,1.4285714285714286,0.7142857142857143,2.0,0.8571428571428571,0.5714285714285714,1.1428571428571428,0.0,1.0,0.2857142857142857,0.7142857142857143,2.2857142857142856,1.8571428571428572,0.0,22.0,0.5714285714285714,0.14285714285714285,0.2857142857142857,0.5714285714285714,0.2857142857142857,0.2857142857142857,0.5714285714285714,0.14285714285714285,0.5714285714285714,0.5714285714285714,17.571428571428573,1.4285714285714286,1.1428571428571428,2.0,1.1428571428571428,0.42857142857142855,1.1428571428571428,2.5714285714285716,0.2857142857142857,1.0,0.7142857142857143,0.7142857142857143,1.8571428571428572,0.0,102.14285714285714,72.14285714285714,5.285714285714286,0.0,2.857142857142857,0.0,0.0,7.571428571428571,0.0,0.0,13.142857142857142,1.8571428571428572,142.85714285714286,0.0,4.285714285714286,0.0,4.285714285714286,1.7142857142857142,3.0,0.0,0.0,3.7142857142857144,0.42857142857142855,0.5714285714285714,0.0,0.0,0.0,0.2857142857142857,1.4285714285714286,2.5714285714285716,0.2857142857142857,0.2857142857142857,0.2857142857142857,0.2857142857142857,37.857142857142854,18.0,41.42857142857143,8.571428571428571,27.857142857142858,32.57142857142857,16.428571428571427,241.0,50.57142857142857,78.85714285714286,144.0,28.285714285714285,53.57142857142857
0,2.857142857142857,20.285714285714285,3.4285714285714284,3.142857142857143,1.0,2.7142857142857144,11.571428571428571,0.0,3.857142857142857,0.0,1.0,0.2857142857142857,0.0,0.0,0.0,0.0,32.0,0.7142857142857143,0.0,38.285714285714285,11.571428571428571,1.1428571428571428,0.14285714285714285,0.2857142857142857,9.857142857142858,8.571428571428571,2.857142857142857,36.142857142857146,12.571428571428571,2.0,2.857142857142857,2.7142857142857144,1.0,0.5714285714285714,0.0,3.857142857142857,26.285714285714285,0.0,2.0,20.285714285714285,12.428571428571429,1.1428571428571428,2.2857142857142856,0.42857142857142855,0.7142857142857143,1.5714285714285714,0.5714285714285714,2.0,0.2857142857142857,1.2857142857142858,8.285714285714286,0.5714285714285714,5.285714285714286,0.7142857142857143,3.4285714285714284,1.1428571428571428,2.142857142857143,1.1428571428571428,1.0,0.14285714285714285,3.7142857142857144,6.714285714285714,13.0,6.857142857142857,11.857142857142858,1.0,0.0,1.2857142857142858,3.142857142857143,0.14285714285714285,0.8571428571428571,1.5714285714285714,1.0,1.0,3.4285714285714284,0.5714285714285714,0.5714285714285714,1.8571428571428572,0.5714285714285714,1.8571428571428572,0.0,0.42857142857142855,0.5714285714285714,2.2857142857142856,1.5714285714285714,0.7142857142857143,3.4285714285714284,0.42857142857142855,2.2857142857142856,2.857142857142857,7.142857142857143,1.2857142857142858,2.7142857142857144,4.0,0.0,1.8571428571428572,0.2857142857142857,0.14285714285714285,13.714285714285714,4.857142857142857,3.142857142857143,0.5714285714285714,3.142857142857143,0.14285714285714285,50.142857142857146,39.57142857142857,13.0,1.7142857142857142,1.4285714285714286,0.7142857142857143,2.0,0.8571428571428571,0.5714285714285714,1.1428571428571428,0.0,1.0,0.2857142857142857,0.7142857142857143,2.2857142857142856,1.8571428571428572,0.0,22.0,0.5714285714285714,0.14285714285714285,0.2857142857142857,0.5714285714285714,0.2857142857142857,0.2857142857142857,0.5714285714285714,0.14285714285714285,0.5714285714285714,0.5714285714285714,17.571428571428573,1.4285714285714286,1.1428571428571428,2.0,1.1428571428571428,0.42857142857142855,1.1428571428571428,2.5714285714285716,0.2857142857142857,1.0,0.7142857142857143,0.7142857142857143,1.8571428571428572,0.0,102.14285714285714,72.14285714285714,5.285714285714286,0.0,2.857142857142857,0.0,0.0,7.571428571428571,0.0,0.0,13.142857142857142,1.8571428571428572,142.85714285714286,0.0,4.285714285714286,0.0,4.285714285714286,1.7142857142857142,3.0,0.0,0.0,3.7142857142857144,0.42857142857142855,0.5714285714285714,0.0,0.0,0.0,0.2857142857142857,1.4285714285714286,2.5714285714285716,0.2857142857142857,0.2857142857142857,0.2857142857142857,0.2857142857142857,37.857142857142854,18.0,41.42857142857143,8.571428571428571,27.857142857142858,32.57142857142857,16.428571428571427,241.0,50.57142857142857,78.85714285714286,144.0,28.285714285714285,53.57142857142857
0,2.857142857142857,20.285714285714285,3.4285714285714284,3.142857142857143,1.0,2.7142857142857144,11.571428571428571,0.0,3.857142857142857,0.0,1.0,0.2857142857142857,0.0,0.0,0.0,0.0,32.0,0.7142857142857143,0.0,38.285714285714285,11.571428571428571,1.1428571428571428,0.14285714285714285,0.2857142857142857,9.857142857142858,8.571428571428571,2.857142857142857,36.142857142857146,12.571428571428571,2.0,2.857142857142857,2.7142857142857144,1.0,0.5714285714285714,0.0,3.857142857142857,26.285714285714285,0.0,2.0,20.285714285714285,12.428571428571429,1.1428571428571428,2.2857142857142856,0.42857142857142855,0.7142857142857143,1.5714285714285714,0.5714285714285714,2.0,0.2857142857142857,1.2857142857142858,8.285714285714286,0.5714285714285714,5.285714285714286,0.7142857142857143,3.4285714285714284,1.1428571428571428,2.142857142857143,1.1428571428571428,1.0,0.14285714285714285,3.7142857142857144,6.714285714285714,13.0,6.857142857142857,11.857142857142858,1.0,0.0,1.2857142857142858,3.142857142857143,0.14285714285714285,0.8571428571428571,1.5714285714285714,1.0,1.0,3.4285714285714284,0.5714285714285714,0.5714285714285714,1.8571428571428572,0.5714285714285714,1.8571428571428572,0.0,0.42857142857142855,0.5714285714285714,2.2857142857142856,1.5714285714285714,0.7142857142857143,3.4285714285714284,0.42857142857142855,2.2857142857142856,2.857142857142857,7.142857142857143,1.2857142857142858,2.7142857142857144,4.0,0.0,1.8571428571428572,0.2857142857142857,0.14285714285714285,13.714285714285714,4.857142857142857,3.142857142857143,0.5714285714285714,3.142857142857143,0.14285714285714285,50.142857142857146,39.57142857142857,13.0,1.7142857142857142,1.4285714285714286,0.7142857142857143,2.0,0.8571428571428571,0.5714285714285714,1.1428571428571428,0.0,1.0,0.2857142857142857,0.7142857142857143,2.2857142857142856,1.8571428571428572,0.0,22.0,0.5714285714285714,0.14285714285714285,0.2857142857142857,0.5714285714285714,0.2857142857142857,0.2857142857142857,0.5714285714285714,0.14285714285714285,0.5714285714285714,0.5714285714285714,17.571428571428573,1.4285714285714286,1.1428571428571428,2.0,1.1428571428571428,0.42857142857142855,1.1428571428571428,2.5714285714285716,0.2857142857142857,1.0,0.7142857142857143,0.7142857142857143,1.8571428571428572,0.0,102.14285714285714,72.14285714285714,5.285714285714286,0.0,2.857142857142857,0.0,0.0,7.571428571428571,0.0,0.0,13.142857142857142,1.8571428571428572,142.85714285714286,0.0,4.285714285714286,0.0,4.285714285714286,1.7142857142857142,3.0,0.0,0.0,3.7142857142857144,0.42857142857142855,0.5714285714285714,0.0,0.0,0.0,0.2857142857142857,1.4285714285714286,2.5714285714285716,0.2857142857142857,0.2857142857142857,0.2857142857142857,0.2857142857142857,37.857142857142854,18.0,41.42857142857143,8.571428571428571,27.857142857142858,32.57142857142857,16.428571428571427,241.0,50.57142857142857,78.85714285714286,144.0,28.285714285714285,53.57142857142857
0,2.857142857142857,20.285714285714285,3.4285714285714284,3.142857142857143,1.0,2.7142857142857144,11.571428571428571,0.0,3.857142857142857,0.0,1.0,0.2857142857142857,0.0,0.0,0.0,0.0,32.0,0.7142857142857143,0.0,38.285714285714285,11.571428571428571,1.1428571428571428,0.14285714285714285,0.2857142857142857,9.857142857142858,8.571428571428571,2.857142857142857,36.142857142857146,12.571428571428571,2.0,2.857142857142857,2.7142857142857144,1.0,0.5714285714285714,0.0,3.857142857142857,26.285714285714285,0.0,2.0,20.285714285714285,12.428571428571429,1.1428571428571428,2.2857142857142856,0.42857142857142855,0.7142857142857143,1.5714285714285714,0.5714285714285714,2.0,0.2857142857142857,1.2857142857142858,8.285714285714286,0.5714285714285714,5.285714285714286,0.7142857142857143,3.4285714285714284,1.1428571428571428,2.142857142857143,1.1428571428571428,1.0,0.14285714285714285,3.7142857142857144,6.714285714285714,13.0,6.857142857142857,11.857142857142858,1.0,0.0,1.2857142857142858,3.142857142857143,0.14285714285714285,0.8571428571428571,1.5714285714285714,1.0,1.0,3.4285714285714284,0.5714285714285714,0.5714285714285714,1.8571428571428572,0.5714285714285714,1.8571428571428572,0.0,0.42857142857142855,0.5714285714285714,2.2857142857142856,1.5714285714285714,0.7142857142857143,3.4285714285714284,0.42857142857142855,2.2857142857142856,2.857142857142857,7.142857142857143,1.2857142857142858,2.7142857142857144,4.0,0.0,1.8571428571428572,0.2857142857142857,0.14285714285714285,13.714285714285714,4.857142857142857,3.142857142857143,0.5714285714285714,3.142857142857143,0.14285714285714285,50.142857142857146,39.57142857142857,13.0,1.7142857142857142,1.4285714285714286,0.7142857142857143,2.0,0.8571428571428571,0.5714285714285714,1.1428571428571428,0.0,1.0,0.2857142857142857,0.7142857142857143,2.2857142857142856,1.8571428571428572,0.0,22.0,0.5714285714285714,0.14285714285714285,0.2857142857142857,0.5714285714285714,0.2857142857142857,0.2857142857142857,0.5714285714285714,0.14285714285714285,0.5714285714285714,0.5714285714285714,17.571428571428573,1.4285714285714286,1.1428571428571428,2.0,1.1428571428571428,0.42857142857142855,1.1428571428571428,2.5714285714285716,0.2857142857142857,1.0,0.7142857142857143,0.7142857142857143,1.8571428571428572,0.0,102.14285714285714,72.14285714285714,5.285714285714286,0.0,2.857142857142857,0.0,0.0,7.571428571428571,0.0,0.0,13.142857142857142,1.8571428571428572,142.85714285714286,0.0,4.285714285714286,0.0,4.285714285714286,1.7142857142857142,3.0,0.0,0.0,3.7142857142857144,0.42857142857142855,0.5714285714285714,0.0,0.0,0.0,0.2857142857142857,1.4285714285714286,2.5714285714285716,0.2857142857142857,0.2857142857142857,0.2857142857142857,0.2857142857142857,37.857142857142854,18.0,41.42857142857143,8.571428571428571,27.857142857142858,32.57142857142857,16.428571428571427,241.0,50.57142857142857,78.85714285714286,144.0,28.285714285714285,53.57142857142857
0,2.857142857142857,20.285714285714285,3.4285714285714284,3.142857142857143,1.0,2.7142857142857144,11.571428571428571,0.0,3.857142857142857,0.0,1.0,0.2857142857142857,0.0,0.0,0.0,0.0,32.0,0.7142857142857143,0.0,38.285714285714285,11.571428571428571,1.1428571428571428,0.14285714285714285,0.2857142857142857,9.857142857142858,8.571428571428571,2.857142857142857,36.142857142857146,12.571428571428571,2.0,2.857142857142857,2.7142857142857144,1.0,0.5714285714285714,0.0,3.857142857142857,26.285714285714285,0.0,2.0,20.285714285714285,12.428571428571429,1.1428571428571428,2.2857142857142856,0.42857142857142855,0.7142857142857143,1.5714285714285714,0.5714285714285714,2.0,0.2857142857142857,1.2857142857142858,8.285714285714286,0.5714285714285714,5.285714285714286,0.7142857142857143,3.4285714285714284,1.1428571428571428,2.142857142857143,1.1428571428571428,1.0,0.14285714285714285,3.7142857142857144,6.714285714285714,13.0,6.857142857142857,11.857142857142858,1.0,0.0,1.2857142857142858,3.142857142857143,0.14285714285714285,0.8571428571428571,1.5714285714285714,1.0,1.0,3.4285714285714284,0.5714285714285714,0.5714285714285714,1.8571428571428572,0.5714285714285714,1.8571428571428572,0.0,0.42857142857142855,0.5714285714285714,2.2857142857142856,1.5714285714285714,0.7142857142857143,3.4285714285714284,0.42857142857142855,2.2857142857142856,2.857142857142857,7.142857142857143,1.2857142857142858,2.7142857142857144,4.0,0.0,1.8571428571428572,0.2857142857142857,0.14285714285714285,13.714285714285714,4.857142857142857,3.142857142857143,0.5714285714285714,3.142857142857143,0.14285714285714285,50.142857142857146,39.57142857142857,13.0,1.7142857142857142,1.4285714285714286,0.7142857142857143,2.0,0.8571428571428571,0.5714285714285714,1.1428571428571428,0.0,1.0,0.2857142857142857,0.7142857142857143,2.2857142857142856,1.8571428571428572,0.0,22.0,0.5714285714285714,0.14285714285714285,0.2857142857142857,0.5714285714285714,0.2857142857142857,0.2857142857142857,0.5714285714285714,0.14285714285714285,0.5714285714285714,0.5714285714285714,17.571428571428573,1.4285714285714286,1.1428571428571428,2.0,1.1428571428571428,0.42857142857142855,1.1428571428571428,2.5714285714285716,0.2857142857142857,1.0,0.7142857142857143,0.7142857142857143,1.8571428571428572,0.0,102.14285714285714,72.14285714285714,5.285714285714286,0.0,2.857142857142857,0.0,0.0,7.571428571428571,0.0,0.0,13.142857142857142,1.8571428571428572,142.85714285714286,0.0,4.285714285714286,0.0,4.285714285714286,1.7142857142857142,3.0,0.0,0.0,3.7142857142857144,0.42857142857142855,0.5714285714285714,0.0,0.0,0.0,0.2857142857142857,1.4285714285714286,2.5714285714285716,0.2857142857142857,0.2857142857142857,0.2857142857142857,0.2857142857142857,37.857142857142854,18.0,41.42857142857143,8.571428571428571,27.857142857142858,32.57142857142857,16.428571428571427,241.0,50.57142857142857,78.85714285714286,144.0,28.285714285714285,53.57142857142857
0,2.857142857142857,20.285714285714285,3.4285714285714284,3.142857142857143,1.0,2.7142857142857144,11.571428571428571,0.0,3.857142857142857,0.0,1.0,0.2857142857142857,0.0,0.0,0.0,0.0,32.0,0.7142857142857143,0.0,38.285714285714285,11.571428571428571,1.1428571428571428,0.14285714285714285,0.2857142857142857,9.857142857142858,8.571428571428571,2.857142857142857,36.142857142857146,12.571428571428571,2.0,2.857142857142857,2.7142857142857144,1.0,0.5714285714285714,0.0,3.857142857142857,26.285714285714285,0.0,2.0,20.285714285714285,12.428571428571429,1.1428571428571428,2.2857142857142856,0.42857142857142855,0.7142857142857143,1.5714285714285714,0.5714285714285714,2.0,0.2857142857142857,1.2857142857142858,8.285714285714286,0.5714285714285714,5.285714285714286,0.7142857142857143,3.4285714285714284,1.1428571428571428,2.142857142857143,1.1428571428571428,1.0,0.14285714285714285,3.7142857142857144,6.714285714285714,13.0,6.857142857142857,11.857142857142858,1.0,0.0,1.2857142857142858,3.142857142857143,0.14285714285714285,0.8571428571428571,1.5714285714285714,1.0,1.0,3.4285714285714284,0.5714285714285714,0.5714285714285714,1.8571428571428572,0.5714285714285714,1.8571428571428572,0.0,0.42857142857142855,0.5714285714285714,2.2857142857142856,1.5714285714285714,0.7142857142857143,3.4285714285714284,0.42857142857142855,2.2857142857142856,2.857142857142857,7.142857142857143,1.2857142857142858,2.7142857142857144,4.0,0.0,1.8571428571428572,0.2857142857142857,0.14285714285714285,13.714285714285714,4.857142857142857,3.142857142857143,0.5714285714285714,3.142857142857143,0.14285714285714285,50.142857142857146,39.57142857142857,13.0,1.7142857142857142,1.4285714285714286,0.7142857142857143,2.0,0.8571428571428571,0.5714285714285714,1.1428571428571428,0.0,1.0,0.2857142857142857,0.7142857142857143,2.2857142857142856,1.8571428571428572,0.0,22.0,0.5714285714285714,0.14285714285714285,0.2857142857142857,0.5714285714285714,0.2857142857142857,0.2857142857142857,0.5714285714285714,0.14285714285714285,0.5714285714285714,0.5714285714285714,17.571428571428573,1.4285714285714286,1.1428571428571428,2.0,1.1428571428571428,0.42857142857142855,1.1428571428571428,2.5714285714285716,0.2857142857142857,1.0,0.7142857142857143,0.7142857142857143,1.8571428571428572,0.0,102.14285714285714,72.14285714285714,5.285714285714286,0.0,2.857142857142857,0.0,0.0,7.571428571428571,0.0,0.0,13.142857142857142,1.8571428571428572,142.85714285714286,0.0,4.285714285714286,0.0,4.285714285714286,1.7142857142857142,3.0,0.0,0.0,3.7142857142857144,0.42857142857142855,0.5714285714285714,0.0,0.0,0.0,0.2857142857142857,1.4285714285714286,2.5714285714285716,0.2857142857142857,0.2857142857142857,0.2857142857142857,0.2857142857142857,37.857142857142854,18.0,41.42857142857143,8.571428571428571,27.857142857142858,32.57142857142857,16.428571428571427,241.0,50.57142857142857,78.85714285714286,144.0,28.285714285714285,53.57142857142857
0,3.857142857142857,40.142857142857146,4.571428571428571,2.2857142857142856,0.7142857142857143,1.4285714285714286,22.285714285714285,0.8571428571428571,2.2857142857142856,0.8571428571428571,0.0,0.14285714285714285,0.7142857142857143,2.142857142857143,14.714285714285714,1.4285714285714286,48.714285714285715,0.5714285714285714,1.0,35.0,23.285714285714285,0.0,0.5714285714285714,0.0,12.142857142857142,16.428571428571427,0.14285714285714285,18.285714285714285,7.857142857142857,2.2857142857142856,2.0,3.7142857142857144,1.7142857142857142,1.1428571428571428,0.0,2.0,27.857142857142858,0.0,2.2857142857142856,24.0,10.0,1.4285714285714286,3.4285714285714284,3.2857142857142856,0.5714285714285714,1.7142857142857142,0.5714285714285714,3.5714285714285716,0.0,2.2857142857142856,8.571428571428571,0.42857142857142855,7.428571428571429,0.2857142857142857,2.2857142857142856,0.14285714285714285,3.5714285714285716,0.7142857142857143,0.5714285714285714,0.0,5.0,5.857142857142857,11.428571428571429,9.142857142857142,5.428571428571429,0.42857142857142855,0.14285714285714285,0.7142857142857143,3.0,0.2857142857142857,0.8571428571428571,1.0,0.2857142857142857,0.42857142857142855,1.1428571428571428,1.2857142857142858,0.42857142857142855,0.42857142857142855,0.0,0.8571428571428571,0.2857142857142857,0.2857142857142857,0.8571428571428571,0.7142857142857143,1.1428571428571428,1.5714285714285714,1.1428571428571428,0.42857142857142855,0.7142857142857143,2.0,17.142857142857142,0.7142857142857143,3.2857142857142856,4.428571428571429,0.42857142857142855,0.14285714285714285,0.5714285714285714,0.2857142857142857,13.428571428571429,2.142857142857143,0.8571428571428571,0.2857142857142857,2.4285714285714284,0.42857142857142855,42.0,25.714285714285715,11.142857142857142,2.7142857142857144,2.857142857142857,0.0,1.7142857142857142,0.8571428571428571,1.0,0.8571428571428571,1.0,0.7142857142857143,2.142857142857143,1.0,1.1428571428571428,0.8571428571428571,0.0,16.142857142857142,0.42857142857142855,0.5714285714285714,0.14285714285714285,0.14285714285714285,0.2857142857142857,0.2857142857142857,0.7142857142857143,0.0,0.2857142857142857,0.42857142857142855,20.0,0.5714285714285714,0.7142857142857143,0.8571428571428571,0.14285714285714285,0.2857142857142857,0.0,1.2857142857142858,0.14285714285714285,0.14285714285714285,1.0,0.2857142857142857,4.0,0.0,54.857142857142854,117.57142857142857,5.857142857142857,0.0,3.857142857142857,0.0,0.0,13.0,0.0,0.0,16.142857142857142,3.4285714285714284,0.0,0.0,4.714285714285714,0.42857142857142855,4.142857142857143,2.857142857142857,4.857142857142857,0.0,0.0,7.428571428571429,0.0,0.0,0.0,3.0,0.5714285714285714,2.0,5.0,5.857142857142857,0.42857142857142855,0.5714285714285714,1.1428571428571428,1.8571428571428572,19.714285714285715,8.857142857142858,16.571428571428573,4.571428571428571,11.0,11.142857142857142,5.428571428571429,86.0,26.142857142857142,41.285714285714285,69.57142857142857,16.857142857142858,29.285714285714285
0,3.857142857142857,40.142857142857146,4.571428571428571,2.2857142857142856,0.7142857142857143,1.4285714285714286,22.285714285714285,0.8571428571428571,2.2857142857142856,0.8571428571428571,0.0,0.14285714285714285,0.7142857142857143,2.142857142857143,14.714285714285714,1.4285714285714286,48.714285714285715,0.5714285714285714,1.0,35.0,23.285714285714285,0.0,0.5714285714285714,0.0,12.142857142857142,16.428571428571427,0.14285714285714285,18.285714285714285,7.857142857142857,2.2857142857142856,2.0,3.7142857142857144,1.7142857142857142,1.1428571428571428,0.0,2.0,27.857142857142858,0.0,2.2857142857142856,24.0,10.0,1.4285714285714286,3.4285714285714284,3.2857142857142856,0.5714285714285714,1.7142857142857142,0.5714285714285714,3.5714285714285716,0.0,2.2857142857142856,8.571428571428571,0.42857142857142855,7.428571428571429,0.2857142857142857,2.2857142857142856,0.14285714285714285,3.5714285714285716,0.7142857142857143,0.5714285714285714,0.0,5.0,5.857142857142857,11.428571428571429,9.142857142857142,5.428571428571429,0.42857142857142855,0.14285714285714285,0.7142857142857143,3.0,0.2857142857142857,0.8571428571428571,1.0,0.2857142857142857,0.42857142857142855,1.1428571428571428,1.2857142857142858,0.42857142857142855,0.42857142857142855,0.0,0.8571428571428571,0.2857142857142857,0.2857142857142857,0.8571428571428571,0.7142857142857143,1.1428571428571428,1.5714285714285714,1.1428571428571428,0.42857142857142855,0.7142857142857143,2.0,17.142857142857142,0.7142857142857143,3.2857142857142856,4.428571428571429,0.42857142857142855,0.14285714285714285,0.5714285714285714,0.2857142857142857,13.428571428571429,2.142857142857143,0.8571428571428571,0.2857142857142857,2.4285714285714284,0.42857142857142855,42.0,25.714285714285715,11.142857142857142,2.7142857142857144,2.857142857142857,0.0,1.7142857142857142,0.8571428571428571,1.0,0.8571428571428571,1.0,0.7142857142857143,2.142857142857143,1.0,1.1428571428571428,0.8571428571428571,0.0,16.142857142857142,0.42857142857142855,0.5714285714285714,0.14285714285714285,0.14285714285714285,0.2857142857142857,0.2857142857142857,0.7142857142857143,0.0,0.2857142857142857,0.42857142857142855,20.0,0.5714285714285714,0.7142857142857143,0.8571428571428571,0.14285714285714285,0.2857142857142857,0.0,1.2857142857142858,0.14285714285714285,0.14285714285714285,1.0,0.2857142857142857,4.0,0.0,54.857142857142854,117.57142857142857,5.857142857142857,0.0,3.857142857142857,0.0,0.0,13.0,0.0,0.0,16.142857142857142,3.4285714285714284,0.0,0.0,4.714285714285714,0.42857142857142855,4.142857142857143,2.857142857142857,4.857142857142857,0.0,0.0,7.428571428571429,0.0,0.0,0.0,3.0,0.5714285714285714,2.0,5.0,5.857142857142857,0.42857142857142855,0.5714285714285714,1.1428571428571428,1.8571428571428572,19.714285714285715,8.857142857142858,16.571428571428573,4.571428571428571,11.0,11.142857142857142,5.428571428571429,86.0,26.142857142857142,41.285714285714285,69.57142857142857,16.857142857142858,29.285714285714285
0,3.857142857142857,40.142857142857146,4.571428571428571,2.2857142857142856,0.7142857142857143,1.4285714285714286,22.285714285714285,0.8571428571428571,2.2857142857142856,0.8571428571428571,0.0,0.14285714285714285,0.7142857142857143,2.142857142857143,14.714285714285714,1.4285714285714286,48.714285714285715,0.5714285714285714,1.0,35.0,23.285714285714285,0.0,0.5714285714285714,0.0,12.142857142857142,16.428571428571427,0.14285714285714285,18.285714285714285,7.857142857142857,2.2857142857142856,2.0,3.7142857142857144,1.7142857142857142,1.1428571428571428,0.0,2.0,27.857142857142858,0.0,2.2857142857142856,24.0,10.0,1.4285714285714286,3.4285714285714284,3.2857142857142856,0.5714285714285714,1.7142857142857142,0.5714285714285714,3.5714285714285716,0.0,2.2857142857142856,8.571428571428571,0.42857142857142855,7.428571428571429,0.2857142857142857,2.2857142857142856,0.14285714285714285,3.5714285714285716,0.7142857142857143,0.5714285714285714,0.0,5.0,5.857142857142857,11.428571428571429,9.142857142857142,5.428571428571429,0.42857142857142855,0.14285714285714285,0.7142857142857143,3.0,0.2857142857142857,0.8571428571428571,1.0,0.2857142857142857,0.42857142857142855,1.1428571428571428,1.2857142857142858,0.42857142857142855,0.42857142857142855,0.0,0.8571428571428571,0.2857142857142857,0.2857142857142857,0.8571428571428571,0.7142857142857143,1.1428571428571428,1.5714285714285714,1.1428571428571428,0.42857142857142855,0.7142857142857143,2.0,17.142857142857142,0.7142857142857143,3.2857142857142856,4.428571428571429,0.42857142857142855,0.14285714285714285,0.5714285714285714,0.2857142857142857,13.428571428571429,2.142857142857143,0.8571428571428571,0.2857142857142857,2.4285714285714284,0.42857142857142855,42.0,25.714285714285715,11.142857142857142,2.7142857142857144,2.857142857142857,0.0,1.7142857142857142,0.8571428571428571,1.0,0.8571428571428571,1.0,0.7142857142857143,2.142857142857143,1.0,1.1428571428571428,0.8571428571428571,0.0,16.142857142857142,0.42857142857142855,0.5714285714285714,0.14285714285714285,0.14285714285714285,0.2857142857142857,0.2857142857142857,0.7142857142857143,0.0,0.2857142857142857,0.42857142857142855,20.0,0.5714285714285714,0.7142857142857143,0.8571428571428571,0.14285714285714285,0.2857142857142857,0.0,1.2857142857142858,0.14285714285714285,0.14285714285714285,1.0,0.2857142857142857,4.0,0.0,54.857142857142854,117.57142857142857,5.857142857142857,0.0,3.857142857142857,0.0,0.0,13.0,0.0,0.0,16.142857142857142,3.4285714285714284,0.0,0.0,4.714285714285714,0.42857142857142855,4.142857142857143,2.857142857142857,4.857142857142857,0.0,0.0,7.428571428571429,0.0,0.0,0.0,3.0,0.5714285714285714,2.0,5.0,5.857142857142857,0.42857142857142855,0.5714285714285714,1.1428571428571428,1.8571428571428572,19.714285714285715,8.857142857142858,16.571428571428573,4.571428571428571,11.0,11.142857142857142,5.428571428571429,86.0,26.142857142857142,41.285714285714285,69.57142857142857,16.857142857142858,29.285714285714285
0,3.857142857142857,40.142857142857146,4.571428571428571,2.2857142857142856,0.7142857142857143,1.4285714285714286,22.285714285714285,0.8571428571428571,2.2857142857142856,0.8571428571428571,0.0,0.14285714285714285,0.7142857142857143,2.142857142857143,14.714285714285714,1.4285714285714286,48.714285714285715,0.5714285714285714,1.0,35.0,23.285714285714285,0.0,0.5714285714285714,0.0,12.142857142857142,16.428571428571427,0.14285714285714285,18.285714285714285,7.857142857142857,2.2857142857142856,2.0,3.7142857142857144,1.7142857142857142,1.1428571428571428,0.0,2.0,27.857142857142858,0.0,2.2857142857142856,24.0,10.0,1.4285714285714286,3.4285714285714284,3.2857142857142856,0.5714285714285714,1.7142857142857142,0.5714285714285714,3.5714285714285716,0.0,2.2857142857142856,8.571428571428571,0.42857142857142855,7.428571428571429,0.2857142857142857,2.2857142857142856,0.14285714285714285,3.5714285714285716,0.7142857142857143,0.5714285714285714,0.0,5.0,5.857142857142857,11.428571428571429,9.142857142857142,5.428571428571429,0.42857142857142855,0.14285714285714285,0.7142857142857143,3.0,0.2857142857142857,0.8571428571428571,1.0,0.2857142857142857,0.42857142857142855,1.1428571428571428,1.2857142857142858,0.42857142857142855,0.42857142857142855,0.0,0.8571428571428571,0.2857142857142857,0.2857142857142857,0.8571428571428571,0.7142857142857143,1.1428571428571428,1.5714285714285714,1.1428571428571428,0.42857142857142855,0.7142857142857143,2.0,17.142857142857142,0.7142857142857143,3.2857142857142856,4.428571428571429,0.42857142857142855,0.14285714285714285,0.5714285714285714,0.2857142857142857,13.428571428571429,2.142857142857143,0.8571428571428571,0.2857142857142857,2.4285714285714284,0.42857142857142855,42.0,25.714285714285715,11.142857142857142,2.7142857142857144,2.857142857142857,0.0,1.7142857142857142,0.8571428571428571,1.0,0.8571428571428571,1.0,0.7142857142857143,2.142857142857143,1.0,1.1428571428571428,0.8571428571428571,0.0,16.142857142857142,0.42857142857142855,0.5714285714285714,0.14285714285714285,0.14285714285714285,0.2857142857142857,0.2857142857142857,0.7142857142857143,0.0,0.2857142857142857,0.42857142857142855,20.0,0.5714285714285714,0.7142857142857143,0.8571428571428571,0.14285714285714285,0.2857142857142857,0.0,1.2857142857142858,0.14285714285714285,0.14285714285714285,1.0,0.2857142857142857,4.0,0.0,54.857142857142854,117.57142857142857,5.857142857142857,0.0,3.857142857142857,0.0,0.0,13.0,0.0,0.0,16.142857142857142,3.4285714285714284,0.0,0.0,4.714285714285714,0.42857142857142855,4.142857142857143,2.857142857142857,4.857142857142857,0.0,0.0,7.428571428571429,0.0,0.0,0.0,3.0,0.5714285714285714,2.0,5.0,5.857142857142857,0.42857142857142855,0.5714285714285714,1.1428571428571428,1.8571428571428572,19.714285714285715,8.857142857142858,16.571428571428573,4.571428571428571,11.0,11.142857142857142,5.428571428571429,86.0,26.142857142857142,41.285714285714285,69.57142857142857,16.857142857142858,29.285714285714285
0,3.857142857142857,40.142857142857146,4.571428571428571,2.2857142857142856,0.7142857142857143,1.4285714285714286,22.285714285714285,0.8571428571428571,2.2857142857142856,0.8571428571428571,0.0,0.14285714285714285,0.7142857142857143,2.142857142857143,14.714285714285714,1.4285714285714286,48.714285714285715,0.5714285714285714,1.0,35.0,23.285714285714285,0.0,0.5714285714285714,0.0,12.142857142857142,16.428571428571427,0.14285714285714285,18.285714285714285,7.857142857142857,2.2857142857142856,2.0,3.7142857142857144,1.7142857142857142,1.1428571428571428,0.0,2.0,27.857142857142858,0.0,2.2857142857142856,24.0,10.0,1.4285714285714286,3.4285714285714284,3.2857142857142856,0.5714285714285714,1.7142857142857142,0.5714285714285714,3.5714285714285716,0.0,2.2857142857142856,8.571428571428571,0.42857142857142855,7.428571428571429,0.2857142857142857,2.2857142857142856,0.14285714285714285,3.5714285714285716,0.7142857142857143,0.5714285714285714,0.0,5.0,5.857142857142857,11.428571428571429,9.142857142857142,5.428571428571429,0.42857142857142855,0.14285714285714285,0.7142857142857143,3.0,0.2857142857142857,0.8571428571428571,1.0,0.2857142857142857,0.42857142857142855,1.1428571428571428,1.2857142857142858,0.42857142857142855,0.42857142857142855,0.0,0.8571428571428571,0.2857142857142857,0.2857142857142857,0.8571428571428571,0.7142857142857143,1.1428571428571428,1.5714285714285714,1.1428571428571428,0.42857142857142855,0.7142857142857143,2.0,17.142857142857142,0.7142857142857143,3.2857142857142856,4.428571428571429,0.42857142857142855,0.14285714285714285,0.5714285714285714,0.2857142857142857,13.428571428571429,2.142857142857143,0.8571428571428571,0.2857142857142857,2.4285714285714284,0.42857142857142855,42.0,25.714285714285715,11.142857142857142,2.7142857142857144,2.857142857142857,0.0,1.7142857142857142,0.8571428571428571,1.0,0.8571428571428571,1.0,0.7142857142857143,2.142857142857143,1.0,1.1428571428571428,0.8571428571428571,0.0,16.142857142857142,0.42857142857142855,0.5714285714285714,0.14285714285714285,0.14285714285714285,0.2857142857142857,0.2857142857142857,0.7142857142857143,0.0,0.2857142857142857,0.42857142857142855,20.0,0.5714285714285714,0.7142857142857143,0.8571428571428571,0.14285714285714285,0.2857142857142857,0.0,1.2857142857142858,0.14285714285714285,0.14285714285714285,1.0,0.2857142857142857,4.0,0.0,54.857142857142854,117.57142857142857,5.857142857142857,0.0,3.857142857142857,0.0,0.0,13.0,0.0,0.0,16.142857142857142,3.4285714285714284,0.0,0.0,4.714285714285714,0.42857142857142855,4.142857142857143,2.857142857142857,4.857142857142857,0.0,0.0,7.428571428571429,0.0,0.0,0.0,3.0,0.5714285714285714,2.0,5.0,5.857142857142857,0.42857142857142855,0.5714285714285714,1.1428571428571428,1.8571428571428572,19.714285714285715,8.857142857142858,16.571428571428573,4.571428571428571,11.0,11.142857142857142,5.428571428571429,86.0,26.142857142857142,41.285714285714285,69.57142857142857,16.857142857142858,29.285714285714285
0,3.857142857142857,40.142857142857146,4.571428571428571,2.2857142857142856,0.7142857142857143,1.4285714285714286,22.285714285714285,0.8571428571428571,2.2857142857142856,0.8571428571428571,0.0,0.14285714285714285,0.7142857142857143,2.142857142857143,14.714285714285714,1.4285714285714286,48.714285714285715,0.5714285714285714,1.0,35.0,23.285714285714285,0.0,0.5714285714285714,0.0,12.142857142857142,16.428571428571427,0.14285714285714285,18.285714285714285,7.857142857142857,2.2857142857142856,2.0,3.7142857142857144,1.7142857142857142,1.1428571428571428,0.0,2.0,27.857142857142858,0.0,2.2857142857142856,24.0,10.0,1.4285714285714286,3.4285714285714284,3.2857142857142856,0.5714285714285714,1.7142857142857142,0.5714285714285714,3.5714285714285716,0.0,2.2857142857142856,8.571428571428571,0.42857142857142855,7.428571428571429,0.2857142857142857,2.2857142857142856,0.14285714285714285,3.5714285714285716,0.7142857142857143,0.5714285714285714,0.0,5.0,5.857142857142857,11.428571428571429,9.142857142857142,5.428571428571429,0.42857142857142855,0.14285714285714285,0.7142857142857143,3.0,0.2857142857142857,0.8571428571428571,1.0,0.2857142857142857,0.42857142857142855,1.1428571428571428,1.2857142857142858,0.42857142857142855,0.42857142857142855,0.0,0.8571428571428571,0.2857142857142857,0.2857142857142857,0.8571428571428571,0.7142857142857143,1.1428571428571428,1.5714285714285714,1.1428571428571428,0.42857142857142855,0.7142857142857143,2.0,17.142857142857142,0.7142857142857143,3.2857142857142856,4.428571428571429,0.42857142857142855,0.14285714285714285,0.5714285714285714,0.2857142857142857,13.428571428571429,2.142857142857143,0.8571428571428571,0.2857142857142857,2.4285714285714284,0.42857142857142855,42.0,25.714285714285715,11.142857142857142,2.7142857142857144,2.857142857142857,0.0,1.7142857142857142,0.8571428571428571,1.0,0.8571428571428571,1.0,0.7142857142857143,2.142857142857143,1.0,1.1428571428571428,0.8571428571428571,0.0,16.142857142857142,0.42857142857142855,0.5714285714285714,0.14285714285714285,0.14285714285714285,0.2857142857142857,0.2857142857142857,0.7142857142857143,0.0,0.2857142857142857,0.42857142857142855,20.0,0.5714285714285714,0.7142857142857143,0.8571428571428571,0.14285714285714285,0.2857142857142857,0.0,1.2857142857142858,0.14285714285714285,0.14285714285714285,1.0,0.2857142857142857,4.0,0.0,54.857142857142854,117.57142857142857,5.857142857142857,0.0,3.857142857142857,0.0,0.0,13.0,0.0,0.0,16.142857142857142,3.4285714285714284,0.0,0.0,4.714285714285714,0.42857142857142855,4.142857142857143,2.857142857142857,4.857142857142857,0.0,0.0,7.428571428571429,0.0,0.0,0.0,3.0,0.5714285714285714,2.0,5.0,5.857142857142857,0.42857142857142855,0.5714285714285714,1.1428571428571428,1.8571428571428572,19.714285714285715,8.857142857142858,16.571428571428573,4.571428571428571,11.0,11.142857142857142,5.428571428571429,86.0,26.142857142857142,41.285714285714285,69.57142857142857,16.857142857142858,29.285714285714285
0,3.857142857142857,40.142857142857146,4.571428571428571,2.2857142857142856,0.7142857142857143,1.4285714285714286,22.285714285714285,0.8571428571428571,2.2857142857142856,0.8571428571428571,0.0,0.14285714285714285,0.7142857142857143,2.142857142857143,14.714285714285714,1.4285714285714286,48.714285714285715,0.5714285714285714,1.0,35.0,23.285714285714285,0.0,0.5714285714285714,0.0,12.142857142857142,16.428571428571427,0.14285714285714285,18.285714285714285,7.857142857142857,2.2857142857142856,2.0,3.7142857142857144,1.7142857142857142,1.1428571428571428,0.0,2.0,27.857142857142858,0.0,2.2857142857142856,24.0,10.0,1.4285714285714286,3.4285714285714284,3.2857142857142856,0.5714285714285714,1.7142857142857142,0.5714285714285714,3.5714285714285716,0.0,2.2857142857142856,8.571428571428571,0.42857142857142855,7.428571428571429,0.2857142857142857,2.2857142857142856,0.14285714285714285,3.5714285714285716,0.7142857142857143,0.5714285714285714,0.0,5.0,5.857142857142857,11.428571428571429,9.142857142857142,5.428571428571429,0.42857142857142855,0.14285714285714285,0.7142857142857143,3.0,0.2857142857142857,0.8571428571428571,1.0,0.2857142857142857,0.42857142857142855,1.1428571428571428,1.2857142857142858,0.42857142857142855,0.42857142857142855,0.0,0.8571428571428571,0.2857142857142857,0.2857142857142857,0.8571428571428571,0.7142857142857143,1.1428571428571428,1.5714285714285714,1.1428571428571428,0.42857142857142855,0.7142857142857143,2.0,17.142857142857142,0.7142857142857143,3.2857142857142856,4.428571428571429,0.42857142857142855,0.14285714285714285,0.5714285714285714,0.2857142857142857,13.428571428571429,2.142857142857143,0.8571428571428571,0.2857142857142857,2.4285714285714284,0.42857142857142855,42.0,25.714285714285715,11.142857142857142,2.7142857142857144,2.857142857142857,0.0,1.7142857142857142,0.8571428571428571,1.0,0.8571428571428571,1.0,0.7142857142857143,2.142857142857143,1.0,1.1428571428571428,0.8571428571428571,0.0,16.142857142857142,0.42857142857142855,0.5714285714285714,0.14285714285714285,0.14285714285714285,0.2857142857142857,0.2857142857142857,0.7142857142857143,0.0,0.2857142857142857,0.42857142857142855,20.0,0.5714285714285714,0.7142857142857143,0.8571428571428571,0.14285714285714285,0.2857142857142857,0.0,1.2857142857142858,0.14285714285714285,0.14285714285714285,1.0,0.2857142857142857,4.0,0.0,54.857142857142854,117.57142857142857,5.857142857142857,0.0,3.857142857142857,0.0,0.0,13.0,0.0,0.0,16.142857142857142,3.4285714285714284,0.0,0.0,4.714285714285714,0.42857142857142855,4.142857142857143,2.857142857142857,4.857142857142857,0.0,0.0,7.428571428571429,0.0,0.0,0.0,3.0,0.5714285714285714,2.0,5.0,5.857142857142857,0.42857142857142855,0.5714285714285714,1.1428571428571428,1.8571428571428572,19.714285714285715,8.857142857142858,16.571428571428573,4.571428571428571,11.0,11.142857142857142,5.428571428571429,86.0,26.142857142857142,41.285714285714285,69.57142857142857,16.857142857142858,29.285714285714285
