영업일자,느티나무 셀프BBQ_1인 수저세트,느티나무 셀프BBQ_BBQ55(단체),"느티나무 셀프BBQ_대여료 30,000원","느티나무 셀프BBQ_대여료 60,000원","느티나무 셀프BBQ_대여료 90,000원","느티나무 셀프BBQ_본삼겹 (단품,실내)",느티나무 셀프BBQ_스프라이트 (단체),느티나무 셀프BBQ_신라면,느티나무 셀프BBQ_쌈야채세트,느티나무 셀프BBQ_쌈장,느티나무 셀프BBQ_육개장 사발면,느티나무 셀프BBQ_일회용 소주컵,느티나무 셀프BBQ_일회용 종이컵,느티나무 셀프BBQ_잔디그늘집 대여료 (12인석),느티나무 셀프BBQ_잔디그늘집 대여료 (6인석),느티나무 셀프BBQ_잔디그늘집 의자 추가,느티나무 셀프BBQ_참이슬 (단체),느티나무 셀프BBQ_친환경 접시 14cm,느티나무 셀프BBQ_친환경 접시 23cm,느티나무 셀프BBQ_카스 병(단체),느티나무 셀프BBQ_콜라 (단체),느티나무 셀프BBQ_햇반,느티나무 셀프BBQ_허브솔트,담하_(단체) 공깃밥,담하_(단체) 생목살 김치전골 2.0,담하_(단체) 은이버섯 갈비탕,담하_(단체) 한우 우거지 국밥,담하_(단체) 황태해장국 3/27까지,담하_(정식) 된장찌개,담하_(정식) 물냉면 ,담하_(정식) 비빔냉면,담하_(후식) 된장찌개,담하_(후식) 물냉면,담하_(후식) 비빔냉면,담하_갑오징어 비빔밥,담하_갱시기,담하_공깃밥,담하_꼬막 비빔밥,담하_느린마을 막걸리,담하_담하 한우 불고기,담하_담하 한우 불고기 정식,담하_더덕 한우 지짐,담하_들깨 양지탕,담하_라면사리,담하_룸 이용료,담하_메밀면 사리,담하_명인안동소주,담하_명태회 비빔냉면,담하_문막 복분자 칵테일,담하_봉평메밀 물냉면,담하_생목살 김치찌개,담하_스프라이트,담하_은이버섯 갈비탕,담하_제로콜라,담하_참이슬,담하_처음처럼,담하_카스,담하_콜라,담하_테라,담하_하동 매실 칵테일,담하_한우 떡갈비 정식,담하_한우 미역국 정식,담하_한우 우거지 국밥,담하_한우 차돌박이 된장찌개,담하_황태해장국,라그로타_AUS (200g),라그로타_G-Charge(3),라그로타_Gls.Sileni,라그로타_Gls.미션 서드,라그로타_Open Food,라그로타_그릴드 비프 샐러드,라그로타_까르보나라,라그로타_모둠 해산물 플래터,라그로타_미션 서드 카베르네 쉬라,라그로타_버섯 크림 리조또,라그로타_빵 추가 (1인),라그로타_스프라이트,라그로타_시저 샐러드 ,라그로타_아메리카노,라그로타_알리오 에 올리오 ,라그로타_양갈비 (4ps),라그로타_자몽리치에이드,라그로타_제로콜라,라그로타_카스,라그로타_콜라,라그로타_하이네켄(생),라그로타_한우 (200g),라그로타_해산물 토마토 리조또,라그로타_해산물 토마토 스튜 파스타,라그로타_해산물 토마토 스파게티,"미라시아_(단체)브런치주중 36,000",미라시아_(오븐) 하와이안 쉬림프 피자,미라시아_(화덕) 불고기 페퍼로니 반반피자,미라시아_BBQ Platter,미라시아_BBQ 고기추가,미라시아_공깃밥,미라시아_글라스와인 (레드),미라시아_레인보우칵테일(알코올),미라시아_미라시아 브런치 (패키지),미라시아_버드와이저(무제한),미라시아_보일링 랍스타 플래터,미라시아_보일링 랍스타 플래터(덜매운맛),미라시아_브런치 2인 패키지 ,미라시아_브런치 4인 패키지 ,미라시아_브런치(대인) 주말,미라시아_브런치(대인) 주중,미라시아_브런치(어린이),미라시아_쉬림프 투움바 파스타,미라시아_스텔라(무제한),미라시아_스프라이트,미라시아_애플망고 에이드,미라시아_얼그레이 하이볼,미라시아_오븐구이 윙과 킬바사소세지,미라시아_유자 하이볼,미라시아_잭 애플 토닉,미라시아_칠리 치즈 프라이,미라시아_코카콜라,미라시아_코카콜라(제로),미라시아_콥 샐러드,미라시아_파스타면 추가(150g),미라시아_핑크레몬에이드,연회장_Cass Beer,연회장_Conference L1,연회장_Conference L2,연회장_Conference L3,연회장_Conference M1,연회장_Conference M8,연회장_Conference M9,연회장_Convention Hall,연회장_Cookie Platter,연회장_Grand Ballroom,연회장_OPUS 2,연회장_Regular Coffee,연회장_골뱅이무침,연회장_공깃밥,연회장_돈목살 김치찌개 (밥포함),연회장_로제 치즈떡볶이,연회장_마라샹궈,연회장_매콤 무뼈닭발&계란찜,연회장_모둠 돈육구이(3인),연회장_삼겹살추가 (200g),연회장_야채추가,연회장_왕갈비치킨,연회장_주먹밥 (2ea),카페테리아_공깃밥(추가),카페테리아_구슬아이스크림,카페테리아_단체식 13000(신),카페테리아_단체식 18000(신),카페테리아_돼지고기 김치찌개,카페테리아_복숭아 아이스티,카페테리아_새우 볶음밥,카페테리아_새우튀김 우동,카페테리아_샷 추가,카페테리아_수제 등심 돈까스,카페테리아_아메리카노(HOT),카페테리아_아메리카노(ICE),카페테리아_약 고추장 돌솥비빔밥,카페테리아_어린이 돈까스,카페테리아_오픈푸드,카페테리아_진사골 설렁탕,카페테리아_짜장면,카페테리아_짜장밥,카페테리아_짬뽕,카페테리아_짬뽕밥,카페테리아_치즈돈까스,카페테리아_카페라떼(HOT),카페테리아_카페라떼(ICE),카페테리아_한상 삼겹구이 정식(2인) 소요시간 약 15~20분,포레스트릿_꼬치어묵,포레스트릿_떡볶이,포레스트릿_복숭아 아이스티,포레스트릿_생수,포레스트릿_스프라이트,포레스트릿_아메리카노(HOT),포레스트릿_아메리카노(ICE),포레스트릿_치즈 핫도그,포레스트릿_카페라떼(HOT),포레스트릿_카페라떼(ICE),포레스트릿_코카콜라,포레스트릿_페스츄리 소시지,화담숲주막_느린마을 막걸리,화담숲주막_단호박 식혜 ,화담숲주막_병천순대,화담숲주막_스프라이트,화담숲주막_참살이 막걸리,화담숲주막_찹쌀식혜,화담숲주막_콜라,화담숲주막_해물파전,화담숲카페_메밀미숫가루,화담숲카페_아메리카노 HOT,화담숲카페_아메리카노 ICE,화담숲카페_카페라떼 ICE,화담숲카페_현미뻥스크림
TEST_00+1일,12.83161735534668,36.86190414428711,6.995957374572754,0.0,0,0,17.73163604736328,0.0,0.0,0,0,0,0,0.0,28.67048454284668,0,22.42551612854004,0,0,31.311363220214844,15.729939460754395,0,0,0,47.56422805786133,19.512245178222656,0.7527802586555481,36.55385971069336,0.0,0.0,0.0,0,0,0,0,0.0,27.45127296447754,0.0,0,24.21695327758789,1.7766640186309814,0,0,0,0,0,0,0.0,0,0,7.703664779663086,0,0.0,0,0,0,0,0,0,0,0.0,6.463064670562744,10.871208190917969,2.460088014602661,7.981224536895752,0,0,0,0,12.19102668762207,0,0,0,0,0.0,0,0,0,0,0,0,0,0,0,0,0,0,0,0.0,0.0,33.42982864379883,0,0.0,2.0368378162384033,0,0,0,0,16.970855712890625,0.0,0,0,0.0,0,80.32964324951172,19.87356185913086,30.71050262451172,0,0.0,0,0.0,0,0,0,0,0,0,0,0,0,0,31.86107635498047,0,0,0,0,0,0,0,0.0,0,0,40.163597106933594,0.0,0.0,0.0,0,0,0,0.0,0,0,0,0,0.31403762102127075,0.0,88.67524719238281,45.72303009033203,8.971597671508789,0.0,3.2595369815826416,0.0,0,15.762974739074707,0.0,0.0,19.08731460571289,0.0,0.0,0.0,4.705663681030273,0.0,0.0,0.0,0.0,0.0,0.0,0.0,0.0,0.0,0.0,9.358590126037598,0.0,0.0,8.156583786010742,0.0,0.0,0.0,0.0,0.0,23.200456619262695,9.842556953430176,23.39645004272461,5.006301403045654,24.225460052490234,18.846435546875,6.370507717132568,78.59249114990234,53.86136245727539,0.0,51.061302185058594,15.576218605041504,29.443883895874023
TEST_00+2일,13.49662971496582,36.086524963378906,7.9987874031066895,0.0,0,0,18.109169006347656,0.0,0.0,0,0,0,0,0.5537482500076294,28.39447021484375,0,22.524791717529297,0,0,30.875911712646484,16.22528648376465,0,0,0,46.12379837036133,19.785415649414062,2.112431049346924,35.798912048339844,0.0,0.0,0.0,0,0,0,0,0.0,27.249008178710938,0.0,0,24.209280014038086,3.078024387359619,0,0,0,0,0,0,0.0,0,0,8.666276931762695,0,0.0,0,0,0,0,0,0,0,0.2342292070388794,7.49692440032959,11.65032958984375,3.7226457595825195,8.927748680114746,0,0,0,0,12.893328666687012,0,0,0,0,0.0,0,0,0,0,0,0,0,0,0,0,0,0,0,0.0,0.0,32.86622619628906,0,0.0,3.3234357833862305,0,0,0,0,17.39337921142578,0.0,0,0,0.0,0,76.80030822753906,20.125022888183594,30.310943603515625,0,0.0,0,0.0,0,0,0,0,0,0,0,0,0,0,31.39409828186035,0,0,0,0,0,0,0,0.0,0,0,39.185340881347656,0.0,0.0,0.0,0,0,0,0.0,0,0,0,0,1.697745442390442,0.0,84.6015625,44.39874267578125,9.860710144042969,0.0,4.476193428039551,0.0,0,16.25617027282715,0.0,0.0,19.38458824157715,0.0,0.0,0.0,5.840517044067383,0.0,0.0,0.0,0.0,0.0,0.0,0.0,0.0,0.0,0.0,10.22541332244873,0.0,0.0,9.09326457977295,0.0,0.0,0.0,0.0,0.0,23.253097534179688,10.681344985961914,23.43746566772461,6.123478889465332,24.216896057128906,19.15808868408203,7.409432411193848,75.17489624023438,52.02540588378906,0.6367307901382446,49.40089416503906,16.0808162689209,29.12046241760254
TEST_00+3일,13.229270935058594,35.123207092285156,7.895942687988281,0.0,0,0,17.704158782958984,0.0,0.0,0,0,0,0,0.6712620854377747,27.671228408813477,0,21.985017776489258,0,0,30.07732582092285,15.877227783203125,0,0,0,44.83485794067383,19.329822540283203,2.184464693069458,34.84543991088867,0.0,0.0,0.0,0,0,0,0,0.0,26.562088012695312,0.0,0,23.616594314575195,3.121363401412964,0,0,0,0,0,0,0.0,0,0,8.543689727783203,0,0.0,0,0,0,0,0,0,0,0.36083918809890747,7.409029483795166,11.438623428344727,3.746126890182495,8.797337532043457,0,0,0,0,12.645893096923828,0,0,0,0,0.0,0,0,0,0,0,0,0,0,0,0,0,0,0,0.0,0.0,32.005836486816406,0,0.0,3.358654737472534,0,0,0,0,17.00892448425293,0.0,0,0,0.0,0,74.49971771240234,19.65859603881836,29.52819061279297,0,0.0,0,0.0,0,0,0,0,0,0,0,0,0,0,30.580598831176758,0,0,0,0,0,0,0,0.0,0,0,38.12287902832031,0.0,0.0,0.0,0,0,0,0.0,0,0,0,0,1.7809827327728271,0.0,82.03862762451172,43.16877746582031,9.70237922668457,0.0,4.477381229400635,0.0,0,15.906063079833984,0.0,0.0,18.939281463623047,0.0,0.0,0.0,5.801762104034424,0.0,0.0,0.0,0.0,0.0,0.0,0.0,0.0,0.0,0.0,10.05616283416748,0.0,0.0,8.958057403564453,0.0,0.0,0.0,0.0,0.0,22.68971061706543,10.498781204223633,22.86855125427246,6.076080799102783,23.62392807006836,18.72001838684082,7.324275493621826,72.92842864990234,50.54461669921875,0.7515662312507629,48.00591278076172,15.736056327819824,28.3747615814209
TEST_00+4일,13.465847969055176,35.06248092651367,8.203261375427246,0.0,0,0,17.879201889038086,0.0,0.0,0,0,0,0,1.0712765455245972,27.713077545166016,0,22.1024169921875,0,0,30.084835052490234,16.076936721801758,0,0,0,44.64637756347656,19.482818603515625,2.5652222633361816,34.787960052490234,0.0,0.0,0.0,0,0,0,0,0.0,26.618755340576172,0.0,0,23.713069915771484,3.4902634620666504,0,0,0,0,0,0,0.0,0,0,8.842230796813965,0,0.0,0,0,0,0,0,0,0,0.7648762464523315,7.722646236419678,11.699070930480957,4.107579708099365,9.092684745788574,0,0,0,0,12.889167785644531,0,0,0,0,0.0,0,0,0,0,0,0,0,0,0,0,0,0,0,0.0,0.0,31.986648559570312,0,0.0,3.7250595092773438,0,0,0,0,17.194435119628906,0.0,0,0,0.0,0,73.91207122802734,19.80746078491211,29.544700622558594,0,0.0,0,0.0,0,0,0,0,0,0,0,0,0,0,30.58043670654297,0,0,0,0,0,0,0,0.15586888790130615,0,0,38.02111053466797,0.0,0.0,0.0,0,0,0,0.0,0,0,0,0,2.1674227714538574,0.0,81.34927368164062,42.99961471557617,9.985909461975098,0.0,4.829660892486572,0.0,0,16.10657501220703,0.0,0.0,19.098976135253906,0.0,0.0,0.0,6.13635778427124,0.0,0.0,0.0,0.0,0.0,0.0,0.0,0.0,0.0,0.0,10.335015296936035,0.0,0.0,9.251016616821289,0.0,0.0,0.0,0.0,0.0,22.798864364624023,10.771562576293945,22.975242614746094,6.407312870025635,23.720441818237305,18.882572174072266,7.638919353485107,72.363037109375,50.28023910522461,1.1506646871566772,47.775264739990234,15.9387788772583,28.407089233398438
TEST_00+5일,13.189157485961914,34.689109802246094,7.956846237182617,0.0,0,0,17.577476501464844,0.0,0.0,0,0,0,0,0.8698857426643372,27.36842918395996,0,21.779863357543945,0,0,29.72865867614746,15.784598350524902,0,0,0,44.24584197998047,19.172706604003906,2.353187322616577,34.41455078125,0.0,0.0,0.0,0,0,0,0,0.0,26.277923583984375,0.0,0,23.384592056274414,3.2720401287078857,0,0,0,0,0,0,0.0,0,0,8.590694427490234,0,0.0,0,0,0,0,0,0,0,0.5657828450202942,7.479103088378906,11.43195915222168,3.8856565952301025,8.840861320495605,0,0,0,0,12.613788604736328,0,0,0,0,0.0,0,0,0,0,0,0,0,0,0,0,0,0,0,0.0,0.0,31.62287712097168,0,0.0,3.5057570934295654,0,0,0,0,16.897682189941406,0.0,0,0,0.0,0,73.44873046875,19.495939254760742,29.192594528198242,0,0.0,0,0.0,0,0,0,0,0,0,0,0,0,0,30.221202850341797,0,0,0,0,0,0,0,0.0,0,0,37.63747024536133,0.0,0.0,0.0,0,0,0,0.0,0,0,0,0,1.9589474201202393,0.0,80.87738037109375,42.601112365722656,9.728737831115723,0.0,4.604180335998535,0.0,0,15.815593719482422,0.0,0.0,18.792991638183594,0.0,0.0,0.0,5.901215553283691,0.0,0.0,0.0,0.0,0.0,0.0,0.0,0.0,0.0,0.0,10.075840950012207,0.0,0.0,8.99698257446289,0.0,0.0,0.0,0.0,0.0,22.474750518798828,10.509685516357422,22.650127410888672,6.171802043914795,23.391935348510742,18.57723045349121,7.395800590515137,71.90206909179688,49.864112854003906,0.948940098285675,47.36578369140625,15.648552894592285,28.05958366394043
TEST_00+6일,12.580784797668457,34.36906051635742,7.285682678222656,0.0,0,0,17.025632858276367,0.0,0.0,0,0,0,0,0.12044668197631836,26.944059371948242,0,21.282058715820312,0,0,29.337947845458984,15.210290908813477,0,0,0,44.065860748291016,18.641010284423828,1.6197919845581055,34.09027099609375,0.0,0.0,0.0,0,0,0,0,0.0,25.83911895751953,0.0,0,22.906648635864258,2.5494728088378906,0,0,0,0,0,0,0.0,0,0,7.928780555725098,0,0.0,0,0,0,0,0,0,0,0.0,6.802206516265869,10.80245590209961,3.1693897247314453,8.179954528808594,0,0,0,0,12.000213623046875,0,0,0,0,0.0,0,0,0,0,0,0,0,0,0,0,0,0,0,0.0,0.0,31.258543014526367,0,0.0,2.7849602699279785,0,0,0,0,16.335851669311523,0.0,0,0,0.0,0,73.73477172851562,18.968812942504883,28.79330062866211,0,0.0,0,0.0,0,0,0,0,0,0,0,0,0,0,29.836708068847656,0,0,0,0,0,0,0,0.0,0,0,37.36136245727539,0.0,0.0,0.0,0,0,0,0.0,0,0,0,0,1.2210078239440918,0.0,81.28970336914062,42.39846420288086,9.078731536865234,0.0,3.894359588623047,0.0,0,15.240041732788086,0.0,0.0,18.25505828857422,0.0,0.0,0.0,5.207542419433594,0.0,0.0,0.0,0.0,0.0,0.0,0.0,0.0,0.0,0.0,9.429738998413086,0.0,0.0,8.339359283447266,0.0,0.0,0.0,0.0,0.0,21.984975814819336,9.86915111541748,22.162702560424805,5.479823112487793,22.914405822753906,18.036619186401367,6.718201637268066,72.16352844238281,49.77047348022461,0.2008681297302246,47.234344482421875,15.070693016052246,27.645221710205078
TEST_00+7일,12.643683433532715,34.90676498413086,7.2327399253845215,0.0,0,0,17.18256950378418,0.0,0.0,0,0,0,0,0.0,27.323619842529297,0,21.532203674316406,0,0,29.765296936035156,15.327345848083496,0,0,0,44.82199478149414,18.833683013916016,1.4401134252548218,34.62221145629883,0.0,0.0,0.0,0,0,0,0,0.0,26.193283081054688,0.0,0,23.196353912353516,2.3894686698913574,0,0,0,0,0,0,0.0,0,0,7.887640476226807,0,0.0,0,0,0,0,0,0,0,0.0,6.738775730133057,10.826421737670898,3.024113178253174,8.146617889404297,0,0,0,0,12.047572135925293,0,0,0,0,0.0,0,0,0,0,0,0,0,0,0,0,0,0,0,0.0,0.0,31.728309631347656,0,0.0,2.631460666656494,0,0,0,0,16.481075286865234,0.0,0,0,0.0,0,75.14292907714844,19.16840171813965,29.212766647338867,0,0.0,0,0.0,0,0,0,0,0,0,0,0,0,0,30.275562286376953,0,0,0,0,0,0,0,0.0,0,0,37.96378707885742,0.0,0.0,0.0,0,0,0,0.0,0,0,0,0,1.0330332517623901,0.0,82.86711120605469,43.11167907714844,9.065073013305664,0.0,3.767045497894287,0.0,0,15.3612699508667,0.0,0.0,18.443618774414062,0.0,0.0,0.0,5.10709810256958,0.0,0.0,0.0,0.0,0.0,0.0,0.0,0.0,0.0,0.0,9.423718452453613,0.0,0.0,8.30739974975586,0.0,0.0,0.0,0.0,0.0,22.25472068786621,9.872650146484375,22.435958862304688,5.387357234954834,23.20412826538086,18.219398498535156,6.6528449058532715,73.53851318359375,50.6533317565918,0.0,48.059814453125,15.18826675415039,28.0393009185791
TEST_01+1일,4.675816059112549,3.4536497592926025,9.396981239318848,0.0,0,0,0.0,0.0,0.0,0,0,0,0,0.0,19.922931671142578,0,0.0,0,0,7.015520095825195,0.0,0,0,0,19.074230194091797,28.91415786743164,2.4505326747894287,30.942707061767578,0.0,0.0,0.0,0,0,0,0,0.0,41.275760650634766,0.0,0,30.605712890625,14.00967025756836,0,0,0,0,0,0,0.0,0,0,7.3290181159973145,0,0.0,0,0,0,0,0,0,0,14.883750915527344,3.172081232070923,8.382150650024414,10.82802677154541,3.0126793384552,0,0,0,0,0.0,0,0,0,0,0.0,0,0,0,0,0,0,0,0,0,0,0,0,0,0.0,0.0,27.800922393798828,0,0.0,8.310169219970703,0,0,0,0,21.421245574951172,7.052293300628662,0,0,5.063172817230225,0,66.11211395263672,0.0,46.859642028808594,0,0.0,0,0.0,0,0,0,0,0,0,0,0,0,0,26.452232360839844,0,0,0,0,0,0,0,0.0,0,0,44.151302337646484,0.0,0.0,0.0,0,0,0,2.384293794631958,0,0,0,0,0.23708373308181763,0.0,37.98611831665039,39.16365432739258,13.648180961608887,0.0,2.6821224689483643,0.0,0,22.12887954711914,0.0,0.0,19.955970764160156,0.0,0.0,0.0,14.228933334350586,0.0,0.0,0.0,11.551833152770996,0.0,0.0,20.13741683959961,0.0,0.0,0.0,11.001164436340332,0.0,0.0,0.0,0.0,0.0,0.0,0.0,0.0,4.041306495666504,0.0,7.140893459320068,0.0,8.211304664611816,5.971970081329346,0.0,37.9388313293457,37.359466552734375,0.0,36.846214294433594,0.0,31.185033798217773
TEST_01+2일,5.81261682510376,4.659812927246094,10.262018203735352,0.0,0,0,0.0,0.0,0.0,0,0,0,0,0.12729084491729736,20.171297073364258,0,0.1366358995437622,0,0,8.01742935180664,0.0,0,0,0,19.372482299804688,28.62520408630371,3.71380615234375,30.531063079833984,0.0,1.1357237100601196,0.0,0,0,0,0,0.0,40.22653579711914,0.0,0,30.212081909179688,14.605979919433594,0,0,0,0,0,0,0.0,0,0,8.313660621643066,0,0.0,0,0,0,0,0,0,0,15.429088592529297,4.394504547119141,9.306102752685547,11.610152244567871,4.243932723999023,0,0,0,0,0.0,0,0,0,0,0.0,0,0,0,0,0,0,0,0,0,0,0,0,0,0.0,0.0,27.57846450805664,0,0.0,9.238411903381348,0,0,0,0,21.58104133605957,8.052810668945312,0,0,6.17792272567749,0,63.50312042236328,0.0,45.46274185180664,0,0.0,0,0.0,0,0,0,0,0,0,0,0,0,0,26.30770492553711,0,0,0,0,0,0,0,0.0,0,0,42.92461013793945,0.0,0.0,0.0,0,0,0,3.6515092849731445,0,0,0,0,1.6255637407302856,0.0,37.14120101928711,38.247440338134766,14.266031265258789,0.0,3.9325504302978516,0.0,0,22.246089935302734,0.0,0.0,20.202327728271484,1.1065646409988403,0.0,0.0,14.812785148620605,0.0,0.0,0.0,12.291558265686035,0.0,0.0,20.373096466064453,0.0,0.0,0.0,11.773130416870117,0.0,0.0,0.6273161172866821,0.0,0.0,0.0,0.0,0.0,5.214635848999023,0.6719480752944946,8.136178970336914,0.0,9.14494514465332,7.03433895111084,0.0,37.095977783203125,36.55235290527344,0.0,36.070526123046875,1.124653935432434,30.75664520263672
TEST_01+3일,5.774734973907471,4.656991481781006,10.091824531555176,0.0,0,0,0.0,0.0,0.0,0,0,0,0,0.2569430470466614,19.702444076538086,0,0.26600390672683716,0,0,7.915268421173096,0.0,0,0,0,18.92936134338379,27.89803123474121,3.7387516498565674,29.74432945251465,0.0,1.2349398136138916,0.0,0,0,0,0,0.0,39.127750396728516,0.0,0,29.43195915222168,14.305567741394043,0,0,0,0,0,0,0.0,0,0,8.20180606842041,0,0.0,0,0,0,0,0,0,0,15.104048728942871,4.398349761962891,9.164839744567871,11.39985466003418,4.252565860748291,0,0,0,0,0.0,0,0,0,0,0.0,0,0,0,0,0,0,0,0,0,0,0,0,0,0.0,0.0,26.88361930847168,0,0.0,9.098921775817871,0,0,0,0,21.06926155090332,7.948968887329102,0,0,6.129326820373535,0,61.64954376220703,0.0,44.19567108154297,0,0.0,0,0.0,0,0,0,0,0,0,0,0,0,0,25.650278091430664,0,0,0,0,0,0,0,0.0,0,0,41.74232482910156,0.0,0.0,0.0,0,0,0,3.6779119968414307,0,0,0,0,1.711364984512329,0.0,36.144256591796875,37.21593475341797,13.975826263427734,0.0,3.950068712234497,0.0,0,21.71364974975586,0.0,0.0,19.73247718811035,1.2074034214019775,0.0,0.0,14.50624942779541,0.0,0.0,0.0,12.060582160949707,0.0,0.0,19.897829055786133,0.0,0.0,0.0,11.557917594909668,0.0,0.0,0.7424405217170715,0.0,0.0,0.0,0.0,0.0,5.19406270980835,0.7846572995185852,8.029467582702637,0.0,9.008347511291504,6.960228443145752,0.0,36.09781265258789,35.57148742675781,0.0,35.104698181152344,1.2248718738555908,29.959714889526367
TEST_01+4일,6.109615802764893,5.00592041015625,10.370047569274902,0.0,0,0,0.0,0.0,0.0,0,0,0,0,0.6623300313949585,19.851669311523438,0,0.6712435483932495,0,0,8.22138500213623,0.0,0,0,0,19.087841033935547,27.93462371826172,4.099602222442627,29.755538940429688,0.0,1.628519892692566,0.0,0,0,0,0,0.0,39.016014099121094,0.0,0,29.450115203857422,14.527582168579102,0,0,0,0,0,0,0.0,0,0,8.504670143127441,0,0.0,0,0,0,0,0,0,0,15.315218925476074,4.751170635223389,9.4548978805542,11.660663604736328,4.6071295738220215,0,0,0,0,0.0,0,0,0,0,0.0,0,0,0,0,0,0,0,0,0,0,0,0,0,0.0,0.0,26.934236526489258,0,0.0,9.390114784240723,0,0,0,0,21.199575424194336,8.255024909973145,0,0,6.459543228149414,0,61.232784271240234,0.0,44.015926361083984,0,0.0,0,0.0,0,0,0,0,0,0,0,0,0,0,25.71792221069336,0,0,0,0,0,0,0,0.0,0,0,41.592586517333984,0.0,0.0,0.0,0,0,0,4.039709568023682,0,0,0,0,2.0983176231384277,0.0,36.0697135925293,37.12630081176758,14.202226638793945,0.0,4.308665752410889,0.0,0,21.83591079711914,0.0,0.0,19.88132095336914,1.6008342504501343,0.0,0.0,14.725483894348145,0.0,0.0,0.0,12.312764167785645,0.0,0.0,20.044496536254883,0.0,0.0,0.0,11.816729545593262,0.0,0.0,1.1416581869125366,0.0,0.0,0.0,0.0,0.0,5.536533355712891,1.1839569807052612,8.33465576171875,0.0,9.300562858581543,7.279557704925537,0.0,36.0266227722168,35.507381439208984,0.0,35.04697799682617,1.6182149648666382,29.97060203552246
TEST_01+5일,5.874429702758789,4.777492523193359,10.110395431518555,0.0,0,0,0.0,0.0,0.0,0,0,0,0,0.4642689824104309,19.54143714904785,0,0.47318917512893677,0,0,7.973068714141846,0.0,0,0,0,18.779932022094727,27.585702896118164,3.877147912979126,29.39952278137207,0.0,1.4237220287322998,0.0,0,0,0,0,0.0,38.63227462768555,0.0,0,29.098777770996094,14.244962692260742,0,0,0,0,0,0,0.0,0,0,8.254903793334961,0,0.0,0,0,0,0,0,0,0,15.028205871582031,4.5248918533325195,9.199426651000977,11.393243789672852,4.381725788116455,0,0,0,0,0.0,0,0,0,0,0.0,0,0,0,0,0,0,0,0,0,0,0,0,0,0.0,0.0,26.58978271484375,0,0.0,9.135624885559082,0,0,0,0,20.88166618347168,8.006584167480469,0,0,6.222067356109619,0,60.78876495361328,0.0,43.61696243286133,0,0.0,0,0.0,0,0,0,0,0,0,0,0,0,0,25.380678176879883,0,0,0,0,0,0,0,0.0,0,0,41.198570251464844,0.0,0.0,0.0,0,0,0,3.8177602291107178,0,0,0,0,1.889831304550171,0.0,35.69320297241211,36.745418548583984,13.92120361328125,0.0,4.0853118896484375,0.0,0,21.516149520874023,0.0,0.0,19.570995330810547,1.3958532810211182,0.0,0.0,14.441558837890625,0.0,0.0,0.0,12.042287826538086,0.0,0.0,19.733495712280273,0.0,0.0,0.0,11.548794746398926,0.0,0.0,0.9398992657661438,0.0,0.0,0.0,0.0,0.0,5.305521011352539,0.982384979724884,8.085946083068848,0.0,9.046051025390625,7.037219524383545,0.0,35.652278900146484,35.13478469848633,0.0,34.67611312866211,1.4133412837982178,29.617090225219727
TEST_01+6일,5.180651664733887,4.071274757385254,9.465082168579102,0.0,0,0,0.0,0.0,0.0,0,0,0,0,0.0,19.013214111328125,0,0.0,0,0,7.304093360900879,0.0,0,0,0,18.243080139160156,27.165115356445312,3.1607956886291504,29.00400733947754,0.0,0.6796698570251465,0.0,0,0,0,0,0.0,38.36918640136719,0.0,0,28.69879150390625,13.649887084960938,0,0,0,0,0,0,0.0,0,0,7.589163303375244,0,0.0,0,0,0,0,0,0,0,14.442930221557617,3.815654754638672,8.544675827026367,10.763832092285156,3.6711368560791016,0,0,0,0,0.0,0,0,0,0,0.0,0,0,0,0,0,0,0,0,0,0,0,0,0,0.0,0.0,26.155607223510742,0,0.0,8.479130744934082,0,0,0,0,20.37226676940918,7.337921619415283,0,0,5.532589912414551,0,60.865116119384766,0.0,43.428810119628906,0,0.0,0,0.0,0,0,0,0,0,0,0,0,0,0,24.932043075561523,0,0,0,0,0,0,0,0.0,0,0,40.97455978393555,0.0,0.0,0.0,0,0,0,3.1010971069335938,0,0,0,0,1.151817798614502,0.0,35.387733459472656,36.455013275146484,13.322123527526855,0.0,3.371072292327881,0.0,0,21.01373291015625,0.0,0.0,19.04340362548828,0.6521430015563965,0.0,0.0,13.849053382873535,0.0,0.0,0.0,11.42027473449707,0.0,0.0,19.20768165588379,0.0,0.0,0.0,10.920619010925293,0.0,0.0,0.19130849838256836,0.0,0.0,0.0,0.0,0.0,4.604519844055176,0.23373174667358398,7.418254852294922,0.0,8.389562606811523,6.357332229614258,0.0,35.34541702270508,34.82024002075195,0.0,34.35489273071289,0.6695055961608887,29.223817825317383
TEST_01+7일,5.079373836517334,3.945066452026367,9.459651947021484,0.0,0,0,0.0,0.0,0.0,0,0,0,0,0.0,19.217361450195312,0,0.0,0,0,7.248289585113525,0.0,0,0,0,18.42705535888672,27.544780731201172,3.0145745277404785,29.423879623413086,0.0,0.4801992177963257,0.0,0,0,0,0,0.0,39.00008010864258,0.0,0,29.116472244262695,13.736064910888672,0,0,0,0,0,0,0.0,0,0,7.540371894836426,0,0.0,0,0,0,0,0,0,0,14.54633617401123,3.6845784187316895,8.516916275024414,10.786022186279297,3.536454677581787,0,0,0,0,0.0,0,0,0,0,0.0,0,0,0,0,0,0,0,0,0,0,0,0,0,0.0,0.0,26.51296043395996,0,0.0,8.451106071472168,0,0,0,0,20.603843688964844,7.283414363861084,0,0,5.438758373260498,0,61.99007797241211,0.0,44.16983413696289,0,0.0,0,0.0,0,0,0,0,0,0,0,0,0,0,25.25954818725586,0,0,0,0,0,0,0,0.0,0,0,41.65739059448242,0.0,0.0,0.0,0,0,0,2.9533767700195312,0,0,0,0,0.9615448713302612,0.0,35.9476432800293,37.03848648071289,13.401209831237793,0.0,3.2303128242492676,0.0,0,21.261837005615234,0.0,0.0,19.248126983642578,0.45124995708465576,0.0,0.0,13.939311027526855,0.0,0.0,0.0,11.457799911499023,0.0,0.0,19.41656494140625,0.0,0.0,0.0,10.946955680847168,0.0,0.0,0.0,0.0,0.0,0.0,0.0,0.0,4.4913249015808105,0.024492621421813965,7.365777015686035,0.0,8.358427047729492,6.281574726104736,0.0,35.90927505493164,35.3727912902832,0.0,34.897640228271484,0.4694145917892456,29.65319061279297
TEST_02+1일,8.648931503295898,36.912132263183594,12.500350952148438,0.0,0,0,21.65296173095703,0.0,0.0,0,0,0,0,0.0,36.847862243652344,0,29.21518898010254,0,0,33.76335144042969,19.576332092285156,0,0,0,21.46230697631836,15.464205741882324,13.834314346313477,33.47632598876953,4.2242608070373535,0.3368714451789856,0.2999928593635559,0,0,0,0,0.0,44.31376266479492,1.6319782733917236,0,32.02592086791992,16.52724266052246,0,0,0,0,0,0,0.0,0,0,17.890329360961914,0,1.554042100906372,0,0,0,0,0,0,0,8.212121963500977,14.30553913116455,9.900039672851562,13.27855110168457,23.83146095275879,0,0,0,0,0.0,0,0,0,0,0.0,0,0,0,0,0,0,0,0,0,0,0,0,0,0.0,0.0,29.198043823242188,0,0.0,0.0,0,0,0,0,6.181095600128174,7.0208001136779785,0,0,0.0,0,86.18084716796875,22.746360778808594,29.82621192932129,0,10.730172157287598,0,0.0,0,0,0,0,0,0,0,0,0,0,38.083919525146484,0,0,0,0,0,0,0,0.0,0,0,40.47552490234375,0.0,0.0,0.0,0,0,0,0.0,0,0,0,0,0.12589198350906372,0.0,52.66149139404297,61.480594635009766,2.9912073612213135,0.0,0.0,0.0,0,25.51200294494629,0.0,0.0,15.19908618927002,0.0,0.0,0.0,7.5860676765441895,0.0,0.9308465123176575,0.0,5.397777557373047,0.0,0.0,9.984847068786621,0.0,0.0,0.0,8.054827690124512,0.0,0.0,7.096709251403809,0.0,0.0,0.0,0.0,0.0,37.28969192504883,16.817028045654297,31.295265197753906,8.839305877685547,22.268695831298828,23.740646362304688,17.723472595214844,73.87601470947266,52.031192779541016,7.00977087020874,42.49102783203125,11.495278358459473,44.54207992553711
TEST_02+2일,9.5577974319458,36.135101318359375,13.18537712097168,0.0,0,0,21.79892349243164,0.0,0.8513408899307251,0,0,0,0,0.0,36.072139739990234,0,28.90847396850586,0,0,33.17946243286133,19.84555435180664,0,0,0,21.61956787109375,15.97532844543457,14.4402437210083,32.91048812866211,5.386316299438477,1.7197309732437134,1.6849147081375122,0,0,0,0,0.0,43.07569122314453,2.9420599937438965,0,31.54622459411621,16.976402282714844,0,0,0,0,0,0,0.0,0,0,18.258285522460938,0,2.8682069778442383,0,0,0,0,0,0,0,9.14591121673584,14.885408401489258,10.735692977905273,13.917478561401367,23.84727668762207,0,0,0,0,0.0,0,0,0,0,0.0,0,0,0,0,0,0,0,0,0,0,0,0,0,0.0,0.0,28.891998291015625,0,0.0,0.0,0,0,0,0,7.231213569641113,8.023523330688477,0,0,0.0,0,82.27143859863281,22.82668685913086,29.480581283569336,0,11.517999649047852,0,0.0,0,0,0,0,0,0,0,0,0,0,37.2338981628418,0,0,0,0,0,0,0,0.0,0,0,39.47789001464844,0.0,0.0,0.0,0,0,0,0.0,0,0,0,0,1.5209847688674927,0.0,50.90322494506836,59.166526794433594,4.223677635192871,0.0,0.5136657953262329,0.0,0,25.427080154418945,0.0,0.0,15.726322174072266,0.0,0.0,0.0,8.555575370788574,0.0,2.2803831100463867,0.0,6.493396282196045,0.0,0.0,10.81605052947998,0.0,0.0,0.0,8.997285842895508,0.0,0.0,8.09465503692627,0.0,0.0,0.0,0.5576635599136353,0.0,36.48680877685547,17.249156951904297,30.860755920410156,9.736345291137695,22.377714157104492,23.762165069580078,18.102418899536133,70.76527404785156,50.31156539916992,8.012750625610352,41.3681640625,12.2382173538208,43.29103088378906
TEST_02+3일,9.408416748046875,35.170806884765625,12.927722930908203,0.0,0,0,21.28165626525879,0.0,0.9600570797920227,0,0,0,0,0.0,35.10688018798828,0,28.172513961791992,0,0,32.30900955200195,19.38788604736328,0,0,0,21.10807228088379,15.63502311706543,14.145837783813477,32.048831939697266,5.361857891082764,1.8029882907867432,1.7693312168121338,0,0,0,0,0.0,41.88569641113281,2.988471269607544,0,30.72475242614746,16.60493278503418,0,0,0,0,0,0,0.0,0,0,17.84750747680664,0,2.917717218399048,0,0,0,0,0,0,0,9.00930404663086,14.577306747436523,10.552568435668945,13.637755393981934,23.266324996948242,0,0,0,0,0.0,0,0,0,0,0.0,0,0,0,0,0,0,0,0,0,0,0,0,0,0.0,0.0,28.156536102294922,0,0.0,0.0,0,0,0,0,7.152044296264648,7.9199137687683105,0,0,0.0,0,79.78827667236328,22.277509689331055,28.724145889282227,0,11.310094833374023,0,0.0,0,0,0,0,0,0,0,0,0,0,36.234580993652344,0,0,0,0,0,0,0,0.0,0,0,38.406829833984375,0.0,0.0,0.0,0,0,0,0.0,0,0,0,0,1.6089260578155518,0.0,49.46180725097656,57.45601272583008,4.232780933380127,0.0,0.6316846013069153,0.0,0,24.796884536743164,0.0,0.0,15.391969680786133,0.0,0.0,0.0,8.436407089233398,0.0,2.3471996784210205,0.0,6.435553073883057,0.0,0.0,10.629430770874023,0.0,0.0,0.0,8.866084098815918,0.0,0.0,7.9903669357299805,0.0,0.0,0.0,0.6749780774116516,0.0,35.50831604003906,16.869144439697266,30.061338424682617,9.58305549621582,21.84136199951172,23.184213638305664,17.69642448425293,68.66767120361328,48.88841247558594,7.909451007843018,40.233848571777344,12.010126113891602,42.09538650512695
TEST_02+4일,9.69556999206543,35.10890197753906,13.168136596679688,0.0,0,0,21.40848159790039,0.0,1.3564728498458862,0,0,0,0,0.0,35.04871368408203,0,28.20551300048828,0,0,32.285621643066406,19.540281295776367,0,0,0,21.237125396728516,15.838047981262207,14.369000434875488,32.02893829345703,5.701701641082764,2.188699245452881,2.1554007530212402,0,0,0,0,0.0,41.73685073852539,3.3595499992370605,0,30.72515869140625,16.795183181762695,0,0,0,0,0,0,0.0,0,0,18.02192497253418,0,3.2892870903015137,0,0,0,0,0,0,0,9.301384925842285,14.79478645324707,10.823771476745605,13.868792533874512,23.366703033447266,0,0,0,0,0.0,0,0,0,0,0.0,0,0,0,0,0,0,0,0,0,0,0,0,0,0.0,0.0,28.189645767211914,0,0.0,0.0,0,0,0,0,7.4683308601379395,8.226548194885254,0,0,0.0,0,79.128173828125,22.391096115112305,28.751476287841797,0,11.572248458862305,0,0.0,0,0,0,0,0,0,0,0,0,0,36.15835189819336,0,0,0,0,0,0,0,0.0,0,0,38.30141067504883,0.0,0.0,0.0,0,0,0,0.0,0,0,0,0,1.9977244138717651,0.0,49.20969772338867,57.09572982788086,4.587625503540039,0.0,1.0324901342391968,0.0,0,24.87730598449707,0.0,0.0,15.598868370056152,0.0,0.0,0.0,8.736124038696289,0.0,2.7260208129882812,0.0,6.76165246963501,0.0,0.0,10.900103569030762,0.0,0.0,0.0,9.159591674804688,0.0,0.0,8.295433044433594,0.0,0.0,0.0,1.07500159740448,0.0,35.444732666015625,17.055908203125,30.0703125,9.867104530334473,21.961753845214844,23.28561019897461,17.87212371826172,68.15890502929688,48.64467239379883,8.216259002685547,40.10521697998047,12.261919975280762,41.94258499145508
TEST_02+5일,9.439315795898438,34.7343864440918,12.892744064331055,0.0,0,0,21.08903694152832,0.0,1.1532471179962158,0,0,0,0,0.0,34.67742156982422,0,27.85538673400879,0,0,31.920780181884766,19.22997283935547,0,0,0,20.91857147216797,15.546920776367188,14.085943222045898,31.664804458618164,5.468880653381348,1.979581594467163,1.946472406387329,0,0,0,0,0.0,41.34459686279297,3.142479181289673,0,30.3685245513916,16.499258041381836,0,0,0,0,0,0,0.0,0,0,17.72100257873535,0,3.0724799633026123,0,0,0,0,0,0,0,9.046812057495117,14.509150505065918,10.56009578704834,13.589664459228516,23.038312911987305,0,0,0,0,0.0,0,0,0,0,0.0,0,0,0,0,0,0,0,0,0,0,0,0,0,0.0,0.0,27.839731216430664,0,0.0,0.0,0,0,0,0,7.224699020385742,7.978714942932129,0,0,0.0,0,78.65769958496094,22.067188262939453,28.402156829833984,0,11.305839538574219,0,0.0,0,0,0,0,0,0,0,0,0,0,35.78080368041992,0,0,0,0,0,0,0,0.0,0,0,37.917057037353516,0.0,0.0,0.0,0,0,0,0.0,0,0,0,0,1.7901675701141357,0.0,48.79541015625,56.66104507446289,4.362260818481445,0.0,0.831832230091095,0.0,0,24.543546676635742,0.0,0.0,15.309630393981934,0.0,0.0,0.0,8.48499584197998,0.0,2.513118028640747,0.0,6.522222995758057,0.0,0.0,10.636310577392578,0.0,0.0,0.0,8.905572891235352,0.0,0.0,8.046412467956543,0.0,0.0,0.0,0.8737953305244446,0.0,35.07217025756836,16.758731842041016,29.71565055847168,9.608983993530273,21.64137077331543,22.957487106323242,17.57089614868164,67.7037124633789,48.23214340209961,7.968252182006836,39.71616744995117,11.9901123046875,41.5489387512207
TEST_02+6일,8.786199569702148,34.41472244262695,12.280607223510742,0.0,0,0,20.582189559936523,0.0,0.4067349433898926,0,0,0,0,0.0,34.35613250732422,0,27.43824577331543,0,0,31.560626983642578,18.699111938476562,0,0,0,20.409080505371094,14.969446182250977,13.49052619934082,31.300758361816406,4.770785331726074,1.242049217224121,1.2085862159729004,0,0,0,0,0.0,41.12165451049805,2.417499542236328,0,29.985654830932617,15.933459281921387,0,0,0,0,0,0,0.0,0,0,17.16952133178711,0,2.3472814559936523,0,0,0,0,0,0,0,8.390169143676758,13.918684959411621,9.921980857849121,12.986580848693848,22.556703567504883,0,0,0,0,0.0,0,0,0,0,0.0,0,0,0,0,0,0,0,0,0,0,0,0,0,0.0,0.0,27.422597885131836,0,0.0,0.0,0,0,0,0,6.547083377838135,7.308986186981201,0,0,0.0,0,79.03097534179688,21.57337760925293,27.991886138916016,0,10.674386978149414,0,0.0,0,0,0,0,0,0,0,0,0,0,35.47641372680664,0,0,0,0,0,0,0,0.0,0,0,37.644012451171875,0.0,0.0,0.0,0,0,0,0.0,0,0,0,0,1.0502758026123047,0.0,48.68446731567383,56.67209243774414,3.651299476623535,0.0,0.08185291290283203,0.0,0,24.08066177368164,0.0,0.0,14.728763580322266,0.0,0.0,0.0,7.821951866149902,0.0,1.7813096046447754,0.0,5.836027145385742,0.0,0.0,9.998658180236816,0.0,0.0,0.0,8.247623443603516,0.0,0.0,7.378267288208008,0.0,0.0,0.0,0.12420892715454102,0.0,34.756568908691406,16.196224212646484,29.32341766357422,8.959412574768066,21.1400089263916,22.474769592285156,17.01811981201172,67.89492797851562,48.11328125,7.298925876617432,39.47021484375,11.3692626953125,41.32862091064453
TEST_02+7일,8.76494312286377,34.953548431396484,12.337082862854004,0.0,0,0,20.817516326904297,0.0,0.20058715343475342,0,0,0,0,0.0,34.89784240722656,0,27.824338912963867,0,0,32.036720275878906,18.893089294433594,0,0,0,20.6407470703125,15.081670761108398,13.569872856140137,31.77168083190918,4.6596174240112305,1.05398690700531,1.0198887586593628,0,0,0,0,0.0,41.81264114379883,2.255859375,0,30.431175231933594,16.06749153137207,0,0,0,0,0,0,0.0,0,0,17.333133697509766,0,2.183199405670166,0,0,0,0,0,0,0,8.3590087890625,14.00850772857666,9.92331600189209,13.058178901672363,22.83590316772461,0,0,0,0,0.0,0,0,0,0,0.0,0,0,0,0,0,0,0,0,0,0,0,0,0,0.0,0.0,27.808040618896484,0,0.0,0.0,0,0,0,0,6.474713325500488,7.254550457000732,0,0,0.0,0,80.55561828613281,21.83001136779785,28.393632888793945,0,10.69563102722168,0,0.0,0,0,0,0,0,0,0,0,0,0,36.038394927978516,0,0,0,0,0,0,0,0.0,0,0,38.25362777709961,0.0,0.0,0.0,0,0,0,0.0,0,0,0,0,0.8587545156478882,0.0,49.54081344604492,57.70448684692383,3.5162949562072754,0.0,0.0,0.0,0,24.396610260009766,0.0,0.0,14.836697578430176,0.0,0.0,0.0,7.778165817260742,0.0,1.6052955389022827,0.0,5.748956203460693,0.0,0.0,10.00281810760498,0.0,0.0,0.0,8.212456703186035,0.0,0.0,7.324190616607666,0.0,0.0,0.0,0.0,0.0,35.30704116821289,16.336244583129883,29.753768920898438,8.9397611618042,21.391334533691406,22.752254486083984,17.176435470581055,69.17605590820312,48.95721435546875,7.24397087097168,40.12159729003906,11.402246475219727,42.023067474365234
TEST_03+1일,5.41607141494751,36.63334274291992,5.383731842041016,0.0,0,0,16.80908203125,0.0,0.9816010594367981,0,0,0,0,0.0,28.575393676757812,0,38.11508560180664,0,0,40.10342788696289,17.19167709350586,0,0,0,29.474929809570312,27.59893035888672,35.61471176147461,67.8561782836914,15.552207946777344,6.135243892669678,5.23430871963501,0,0,0,0,0.0,57.270389556884766,8.969320297241211,0,42.406837463378906,27.59134864807129,0,0,0,0,0,0,0.0,0,0,15.781596183776855,0,2.3559811115264893,0,0,0,0,0,0,0,8.174310684204102,10.658218383789062,24.970569610595703,15.286480903625488,14.528552055358887,0,0,0,0,0.0,0,0,0,0,0.0,0,0,0,0,0,0,0,0,0,0,0,0,0,1.0259125232696533,0.1543601155281067,49.0075798034668,0,0.0,2.257478952407837,0,0,0,0,21.502492904663086,3.3921854496002197,0,0,4.169209003448486,0,90.25395202636719,39.71240234375,27.664262771606445,0,0.0,0,0.0,0,0,0,0,0,0,0,0,0,0,32.16005325317383,0,0,0,0,0,0,0,2.5931990146636963,0,0,49.75682830810547,0.0,0.0,0.0,0,0,0,1.2699291706085205,0,0,0,0,4.352163791656494,0.0,43.667816162109375,69.06970977783203,12.12795352935791,0.0,11.5819730758667,0.0,0,39.23128128051758,0.0,0.0,38.767642974853516,9.377304077148438,0.0,0.0,15.456295013427734,0.0,1.8069603443145752,0.0,14.963885307312012,0.0,0.0,18.724979400634766,13.269669532775879,17.90838623046875,0.0,27.313007354736328,0.0,7.750936031341553,43.98442459106445,22.410554885864258,3.8840296268463135,5.031021595001221,0.0,0.0,96.7896728515625,72.66191101074219,84.68036651611328,50.51460647583008,66.00988006591797,92.2379150390625,63.89200210571289,442.7149658203125,96.71617889404297,59.25441360473633,99.04096221923828,41.80392837524414,120.050048828125
TEST_03+2일,6.510402679443359,35.8725700378418,6.4803690910339355,0.0,0,0,17.24140739440918,0.9161425828933716,2.3281078338623047,0,0,0,0,0.0,28.30506706237793,0,37.2631950378418,0,0,39.12870407104492,17.601524353027344,0,0,0,29.151538848876953,27.38811683654785,34.91532897949219,65.1327133178711,16.058443069458008,7.188276767730713,6.338651657104492,0,0,0,0,0.0,55.22011947631836,9.859014511108398,0,41.286983489990234,27.380817413330078,0,0,0,0,0,0,0.0,0,0,16.274288177490234,0,3.624485969543457,0,0,0,0,0,0,0,9.110221862792969,11.45033073425293,24.918296813964844,15.808582305908203,15.095356941223145,0,0,0,0,0.0,0,0,0,0,0.0,0,0,0,0,0,0,0,0,0,0,0,0,0,2.36954927444458,1.547352910041809,47.478851318359375,0,0.0,3.5314722061157227,0,0,0,0,21.657629013061523,4.602422714233398,0,0,5.33498477935791,0,86.07522583007812,38.76262283325195,27.45015525817871,0,0.8014265298843384,0,0.0,0,0,0,0,0,0,0,0,0,0,31.674083709716797,0,0,0,0,0,0,0,3.8481578826904297,0,0,48.18163299560547,0.0,0.0,0.0,0,0,0,2.6004323959350586,0,0,0,0,5.50750207901001,0.0,42.47163772583008,66.27140045166016,12.83475112915039,0.0,12.32046890258789,0.0,0,38.30825424194336,0.0,0.0,37.87357711791992,10.243569374084473,0.0,0.0,15.968605041503906,0.0,3.1069107055664062,0.0,15.504898071289062,0.0,0.0,19.04481315612793,13.910070419311523,18.275707244873047,0.0,27.119651794433594,0.0,8.710846900939941,42.76749801635742,22.511137008666992,5.06605339050293,6.147161960601807,0.0,1.3354545831680298,92.1782455444336,69.62664031982422,80.8657455444336,48.88890838623047,63.40353012084961,87.92568969726562,61.4210205078125,410.55694580078125,92.10960388183594,57.07936096191406,94.27950286865234,40.72162628173828,113.87519836425781
TEST_03+3일,6.452110767364502,34.91646194458008,6.422070026397705,0.0,0,0,16.86285972595215,1.022977590560913,2.392202615737915,0,0,0,0,0.0,27.5849666595459,0,36.26201629638672,0,0,38.06794738769531,17.212099075317383,0,0,0,28.407690048217773,26.698835372924805,33.986595153808594,63.22217559814453,15.714300155639648,7.109318256378174,6.284942150115967,0,0,0,0,0.0,53.63572692871094,9.701045989990234,0,40.154197692871094,26.68988800048828,0,0,0,0,0,0,0.0,0,0,15.923637390136719,0,3.6517345905303955,0,0,0,0,0,0,0,8.975234985351562,11.24515438079834,24.303796768188477,15.471914291381836,14.779911041259766,0,0,0,0,0.0,0,0,0,0,0.023948967456817627,0,0,0,0,0,0,0,0,0,0,0,0,0,2.432525873184204,1.6352789402008057,46.150081634521484,0,0.0,3.5607759952545166,0,0,0,0,21.143220901489258,4.600162982940674,0,0,5.311769008636475,0,83.46100616455078,37.714561462402344,26.757408142089844,0,0.9112446904182434,0,0.0,0,0,0,0,0,0,0,0,0,0,30.851396560668945,0,0,0,0,0,0,0,3.869058847427368,0,0,46.8282356262207,0.0,0.0,0.0,0,0,0,2.655869722366333,0,0,0,0,5.478928089141846,0.0,41.30437088012695,64.32693481445312,12.587766647338867,0.0,12.088701248168945,0.0,0,37.271095275878906,0.0,0.0,36.85064697265625,10.074191093444824,0.0,0.0,15.626898765563965,0.0,3.148404836654663,0.0,15.177560806274414,0.0,0.0,18.60996437072754,13.630760192871094,17.864459991455078,0.0,26.436904907226562,0.0,8.588027000427246,41.587562561035156,21.97080421447754,5.050659656524658,6.100147724151611,0.0,1.42983078956604,89.3563232421875,67.56501007080078,78.42790222167969,47.51011657714844,61.55031967163086,85.24726867675781,59.6324462890625,394.662109375,89.28934478759766,55.435787200927734,91.3848876953125,39.607154846191406,110.29707336425781
TEST_03+4일,6.777995586395264,34.8583869934082,6.748636245727539,0.0,0,0,17.049253463745117,1.4186214208602905,2.771040916442871,0,0,0,0,0.0,27.62796974182129,0,36.1861686706543,0,0,37.967750549316406,17.39377212524414,0,0,0,28.437728881835938,26.752046585083008,33.9433479309082,62.78628921508789,15.91671085357666,7.426794528961182,6.613296031951904,0,0,0,0,0.0,53.329315185546875,9.984262466430664,0,40.02888870239258,26.744728088378906,0,0,0,0,0,0,0.0,0,0,16.123796463012695,0,4.01396369934082,0,0,0,0,0,0,0,9.26752758026123,11.507451057434082,24.39091682434082,15.677841186523438,14.995196342468262,0,0,0,0,0.0,0,0,0,0,0.43245065212249756,0,0,0,0,0,0,0,0,0,0,0,0,0,2.8110156059265137,2.0233778953552246,45.94062423706055,0,0.0,3.9246134757995605,0,0,0,0,21.272531509399414,4.950318813323975,0,0,5.652465343475342,0,82.7525863647461,37.61850357055664,26.81114959716797,0,1.308435320854187,0,0.0,0,0,0,0,0,0,0,0,0,0,30.847993850708008,0,0,0,0,0,0,0,4.228334426879883,0,0,46.61054992675781,0.0,0.0,0.0,0,0,0,3.0316967964172363,0,0,0,0,5.817417621612549,0.0,41.15989685058594,63.87388229370117,12.832490921020508,0.0,12.340171813964844,0.0,0,37.18429946899414,0.0,0.0,36.76910400390625,10.3523588180542,0.0,0.0,15.830802917480469,0.0,3.517493724822998,0.0,15.387330055236816,0.0,0.0,18.773681640625,13.861446380615234,18.038549423217773,0.0,26.49514389038086,0.0,8.885384559631348,41.4423942565918,22.08945655822754,5.394805908203125,6.430370807647705,0.0,1.820475459098816,88.56951904296875,67.07249450683594,77.78838348388672,47.2865104675293,61.137535095214844,84.51671600341797,59.24587631225586,390.32940673828125,88.50376892089844,55.103946685791016,90.57124328613281,39.4891242980957,109.23136901855469
TEST_03+5일,6.538381576538086,34.48533248901367,6.510510444641113,0.0,0,0,16.75169563293457,1.2148387432098389,2.5581815242767334,0,0,0,0,0.0,27.28335952758789,0,35.809059143066406,0,0,37.58490753173828,17.09441566467285,0,0,0,28.08723258972168,26.408504486083984,33.57590103149414,62.340755462646484,15.625471115112305,7.1836347579956055,6.3753228187561035,0,0,0,0,0.0,52.905086517333984,9.725838661193848,0,39.64200973510742,26.403112411499023,0,0,0,0,0,0,0.0,0,0,15.832509994506836,0,3.792149782180786,0,0,0,0,0,0,0,9.012892723083496,11.23996639251709,24.059295654296875,15.388191223144531,14.70936393737793,0,0,0,0,0.0,0,0,0,0,0.2359650731086731,0,0,0,0,0,0,0,0,0,0,0,0,0,2.5980746746063232,1.8154499530792236,45.53338623046875,0,0.0,3.7038753032684326,0,0,0,0,20.954103469848633,4.722442626953125,0,0,5.419741630554199,0,82.279296875,37.23598861694336,26.46870231628418,0,1.1055948734283447,0,0.0,0,0,0,0,0,0,0,0,0,0,30.488344192504883,0,0,0,0,0,0,0,4.005046844482422,0,0,46.20278549194336,0.0,0.0,0.0,0,0,0,2.817981481552124,0,0,0,0,5.583974361419678,0.0,40.76681900024414,63.42431640625,12.558055877685547,0.0,12.068487167358398,0.0,0,36.80630874633789,0.0,0.0,36.39219665527344,10.091928482055664,0.0,0.0,15.540653228759766,0.0,3.2993667125701904,0.0,15.099203109741211,0.0,0.0,18.468332290649414,13.581377029418945,17.7375545501709,0.0,26.154767990112305,0.0,8.6329984664917,41.05095291137695,21.768442153930664,5.163918972015381,6.192975044250488,0.0,1.6138451099395752,88.09126281738281,66.6202392578125,77.32060241699219,46.87862014770508,60.69539260864258,84.04241180419922,58.80794143676758,391.7101135253906,88.02578735351562,54.67460250854492,90.0918960571289,39.103878021240234,108.7464828491211
TEST_03+6일,5.852851867675781,34.16203689575195,5.822751522064209,0.0,0,0,16.18929100036621,0.4689340591430664,1.8269338607788086,0,0,0,0,0.0,26.858354568481445,0,35.504947662353516,0,0,37.306861877441406,16.53628158569336,0,0,0,27.673545837402344,25.972408294677734,33.23797607421875,62.443477630615234,15.049367904663086,6.505392551422119,5.6873979568481445,0,0,0,0,0.0,52.858848571777344,9.077459335327148,0,39.3941535949707,25.965938568115234,0,0,0,0,0,0,0.0,0,0,15.257298469543457,0,3.0752477645874023,0,0,0,0,0,0,0,8.356220245361328,10.610150337219238,23.590274810791016,14.808489799499512,14.120997428894043,0,0,0,0,0.0,0,0,0,0,0.0,0,0,0,0,0,0,0,0,0,0,0,0,0,1.8670930862426758,1.0764703750610352,45.374507904052734,0,0.0,2.98520565032959,0,0,0,0,20.44601058959961,4.015645980834961,0,0,4.721266746520996,0,82.715576171875,36.95292663574219,26.032161712646484,0,0.35857105255126953,0,0.0,0,0,0,0,0,0,0,0,0,0,30.10761260986328,0,0,0,0,0,0,0,3.2904248237609863,0,0,46.052703857421875,0.0,0.0,0.0,0,0,0,2.088045120239258,0,0,0,0,4.887194633483887,0.0,40.53653335571289,63.54365158081055,11.943378448486328,0.0,11.447961807250977,0.0,0,36.51681137084961,0.0,0.0,36.096797943115234,9.44734001159668,0.0,0.0,14.962259292602539,0.0,2.5765790939331055,0.0,14.515617370605469,0.0,0.0,17.92685317993164,12.978894233703613,17.185813903808594,0.0,25.7135009765625,0.0,7.97206449508667,40.82304763793945,21.26866912841797,4.462104320526123,5.503177642822266,0.0,0.8725204467773438,88.62948608398438,66.79463195800781,77.6732177734375,46.739349365234375,60.772518157958984,84.51126098632812,58.85470199584961,400.3008728027344,88.5628662109375,54.6555061340332,90.66590881347656,38.847774505615234,109.66249084472656
TEST_03+7일,5.765530586242676,34.695579528808594,5.736984729766846,0.0,0,0,16.328052520751953,0.26405370235443115,1.6520370244979858,0,0,0,0,0.0,27.235212326049805,0,36.06874465942383,0,0,37.91011428833008,16.682682037353516,0,0,0,28.064664840698242,26.32525634765625,33.75532531738281,63.604713439941406,15.16373348236084,6.432766437530518,5.5971293449401855,0,0,0,0,0.0,53.80942153930664,9.061371803283691,0,40.0472526550293,26.322059631347656,0,0,0,0,0,0,0.0,0,0,15.378469467163086,0,2.9267754554748535,0,0,0,0,0,0,0,8.323637008666992,10.62713623046875,23.895387649536133,14.918360710144043,14.216219902038574,0,0,0,0,0.0,0,0,0,0,0.0,0,0,0,0,0,0,0,0,0,0,0,0,0,1.6934365034103394,0.8845456838607788,46.15400314331055,0,0.0,2.835935115814209,0,0,0,0,20.679058074951172,3.888669490814209,0,0,4.609071254730225,0,84.3206787109375,37.54788589477539,26.38987922668457,0,0.151267409324646,0,0.0,0,0,0,0,0,0,0,0,0,0,30.552587509155273,0,0,0,0,0,0,0,3.1467413902282715,0,0,46.849632263183594,0.0,0.0,0.0,0,0,0,1.920493483543396,0,0,0,0,4.778836727142334,0.0,41.208702087402344,64.72669219970703,11.9903564453125,0.0,11.484186172485352,0.0,0,37.10612106323242,0.0,0.0,36.67595672607422,9.43970775604248,0.0,0.0,15.076101303100586,0.0,2.417942523956299,0.0,14.619223594665527,0.0,0.0,18.105810165405273,13.048842430114746,17.349899291992188,0.0,26.065481185913086,0.0,7.930698871612549,41.507747650146484,21.522483825683594,4.344700336456299,5.4082112312316895,0.0,0.6761993169784546,90.36495208740234,68.0521240234375,79.16903686523438,47.55538558959961,61.896949768066406,86.15708923339844,59.938228607177734,408.05145263671875,90.2976303100586,55.64372634887695,92.4461669921875,39.48896789550781,111.85604858398438
TEST_04+1일,2.9930527210235596,28.08184051513672,5.5011444091796875,0.0,0,0,8.442036628723145,0.0,0.0,0,0,0,0,0.0,0.65394526720047,0,32.22821807861328,0,0,24.337751388549805,10.082268714904785,0,0,0,17.153104782104492,19.957324981689453,29.781784057617188,61.098331451416016,12.91607666015625,0.0,3.603965997695923,0,0,0,0,0.0,41.483890533447266,6.196004867553711,0,37.8029899597168,14.498178482055664,0,0,0,0,0,0,0.0,0,0,11.834474563598633,0,2.2587311267852783,0,0,0,0,0,0,0,3.7001450061798096,2.266881227493286,13.244593620300293,12.5145263671875,7.220703601837158,0,0,0,0,0.0,0,0,0,0,0.0,0,0,0,0,0,0,0,0,0,0,0,0,0,0.0,0.0,33.25070571899414,0,0.0,4.644618511199951,0,0,0,0,25.154056549072266,5.3707475662231445,0,0,4.011192798614502,0,80.13516998291016,39.27067947387695,19.26698112487793,0,0.0,0,0.0,0,0,0,0,0,0,0,0,0,0,29.774078369140625,0,0,0,0,0,0,0,0.0,0,0,35.14248275756836,0.0,0.0,0.0,0,0,0,0.0,0,0,0,0,0.0,0.0,42.243770599365234,48.58848571777344,3.6874077320098877,0.0,1.8757612705230713,0.0,0,17.341737747192383,0.0,0.0,12.993502616882324,0.0,0.0,0.0,3.8813717365264893,0.0,0.09275943040847778,0.0,5.575501441955566,0.0,0.0,7.9745192527771,0.9810011982917786,0.0,0.0,0.0,0.0,2.96110463142395,10.521088600158691,6.037686824798584,0.0,0.0,0.0,0.0,36.79814529418945,25.66670036315918,31.946714401245117,17.169723510742188,30.117563247680664,35.43024826049805,26.444841384887695,56.12232971191406,32.952083587646484,35.561031341552734,33.96076202392578,11.353386878967285,38.705833435058594
TEST_04+2일,4.225302219390869,27.84290885925293,6.5902862548828125,0.0,0,0,9.362129211425781,0.0,0.0,0,0,0,0,0.0,2.018782615661621,0,31.73771095275879,0,0,24.323509216308594,10.907422065734863,0,0,0,17.564651489257812,20.20315933227539,29.438404083251953,58.807342529296875,13.576638221740723,0.0,4.801547050476074,0,0,0,0,0.0,40.42173385620117,7.245518684387207,0,36.96833038330078,15.066078186035156,0,0,0,0,0,0,0.0,0,0,12.557916641235352,0,3.532381057739258,0,0,0,0,0,0,0,4.892038345336914,3.540435791015625,13.886144638061523,13.198461532592773,8.211063385009766,0,0,0,0,0.0,0,0,0,0,0.0,0,0,0,0,0,0,0,0,0,0,0,0,0,0.0,0.0,32.69771957397461,0,0.0,5.782925128936768,0,0,0,0,25.090213775634766,6.467738151550293,0,0,5.185609817504883,0,76.6202392578125,38.347251892089844,19.554439544677734,0,0.5171319246292114,0,0.0,0,0,0,0,0,0,0,0,0,0,29.433372497558594,0,0,0,0,0,0,0,0.0,0,0,34.47386932373047,0.0,0.0,0.0,0,0,0,0.0,0,0,0,0,0.16093122959136963,0.0,41.13642120361328,47.085079193115234,4.88021993637085,0.0,3.171196937561035,0.0,0,17.742725372314453,0.0,0.0,13.648979187011719,0.0,0.0,0.0,5.063055992126465,0.0,1.4890886545181274,0.0,6.660392761230469,0.0,0.0,8.921526908874512,2.3272008895874023,1.126745343208313,0.0,1.3757768869400024,0.0,4.1952714920043945,11.321139335632324,7.096100330352783,0.0,0.0,0.0,0.0,36.02764129638672,25.572105407714844,31.47345733642578,17.58051109313965,29.755184173583984,34.743873596191406,26.304107666015625,54.146949768066406,32.41762161254883,34.86647033691406,33.364383697509766,12.104576110839844,37.817779541015625
TEST_04+3일,4.234158992767334,27.13970375061035,6.5287346839904785,0.0,0,0,9.219871520996094,0.0,0.0,0,0,0,0,0.0,2.0934126377105713,0,30.912424087524414,0,0,23.728662490844727,10.719139099121094,0,0,0,17.175918579101562,19.7344913482666,28.68253517150879,57.108314514160156,13.308113098144531,0.0,4.7943115234375,0,0,0,0,0.0,39.3177375793457,7.16563081741333,0,35.9739990234375,14.752638816833496,0,0,0,0,0,0,0.0,0,0,12.31970500946045,0,3.562352418899536,0,0,0,0,0,0,0,4.881796360015869,3.5701096057891846,13.608027458190918,12.941118240356445,8.102843284606934,0,0,0,0,0.0,0,0,0,0,0.0,0,0,0,0,0,0,0,0,0,0,0,0,0,0.0,0.0,31.84221649169922,0,0.0,5.746044635772705,0,0,0,0,24.4705867767334,6.410125255584717,0,0,5.166653156280518,0,74.32737731933594,37.31146240234375,19.104354858398438,0,0.6352871060371399,0,0.0,0,0,0,0,0,0,0,0,0,0,28.680932998657227,0,0,0,0,0,0,0,0.0,0,0,33.56088638305664,0.0,0.0,0.0,0,0,0,0.0,0,0,0,0,0.28940659761428833,0.0,40.01164245605469,45.76774215698242,4.870184421539307,0.0,3.2113726139068604,0.0,0,17.348173141479492,0.0,0.0,13.377880096435547,0.0,0.0,0.0,5.047712802886963,0.0,1.5784962177276611,0.0,6.597844123840332,0.0,0.0,8.791947364807129,2.392390012741089,1.2270619869232178,0.0,1.4688336849212646,0.0,4.205664157867432,11.120553970336914,7.021000385284424,0.0,0.0,0.0,0.0,35.066280364990234,24.93836212158203,30.656484603881836,17.19111442565918,28.9919490814209,33.82338333129883,25.648056030273438,52.60066604614258,31.570877075195312,33.941856384277344,32.48758316040039,11.880208015441895,36.79925537109375
TEST_04+4일,4.5891432762146,27.187118530273438,6.854029178619385,0.0,0,0,9.50891399383545,0.0,0.0,0,0,0,0,0.0,2.4754576683044434,0,30.90842056274414,0,0,23.822643280029297,10.988221168518066,0,0,0,17.358274459838867,19.882314682006836,28.71063232421875,56.75284957885742,13.542705535888672,0.0,5.141608715057373,0,0,0,0,0.0,39.202972412109375,7.482031345367432,0,35.90458297729492,14.967836380004883,0,0,0,0,0,0,0.0,0,0,12.567754745483398,0,3.9256935119628906,0,0,0,0,0,0,0,5.228135585784912,3.9333930015563965,13.838753700256348,13.180756568908691,8.406767845153809,0,0,0,0,0.0,0,0,0,0,0.0,0,0,0,0,0,0,0,0,0,0,0,0,0,0.0,0.0,31.82548713684082,0,0.0,6.081294536590576,0,0,0,0,24.55524253845215,6.736841678619385,0,0,5.509361743927002,0,73.74099731445312,37.221370697021484,19.2612247467041,0,1.0360411405563354,0,0.0,0,0,0,0,0,0,0,0,0,0,28.707015991210938,0,0,0,0,0,0,0,0.0,0,0,33.52155303955078,0.0,0.0,0.0,0,0,0,0.0,0,0,0,0,0.6945832967758179,0.0,39.884586334228516,45.56362533569336,5.2166924476623535,0.0,3.579458236694336,0.0,0,17.528533935546875,0.0,0.0,13.61179256439209,0.0,0.0,0.0,5.391963481903076,0.0,1.9674524068832397,0.0,6.921733379364014,0.0,0.0,9.086904525756836,2.770791530609131,1.6202996969223022,0.0,1.8589977025985718,0.0,4.56073522567749,11.38424015045166,7.339136600494385,0.0,0.0,0.0,0.0,35.00619888305664,25.016103744506836,30.655847549438477,17.373435974121094,29.01409339904785,33.77996063232422,25.71607208251953,52.303924560546875,31.55782699584961,33.89707565307617,32.46212387084961,12.133946418762207,36.71575164794922
TEST_04+5일,4.363955497741699,26.84144401550293,6.614609718322754,0.0,0,0,9.252897262573242,0.0,0.0,0,0,0,0,0.0,2.264305830001831,0,30.548795700073242,0,0,23.49185562133789,10.72362995147705,0,0,0,17.059350967407227,19.57066535949707,28.362030029296875,56.319000244140625,13.263894081115723,0.0,4.912414073944092,0,0,0,0,0.0,38.818115234375,7.238351821899414,0,35.530792236328125,14.681443214416504,0,0,0,0,0,0,0.0,0,0,12.294427871704102,0,3.70473313331604,0,0,0,0,0,0,0,4.998564720153809,3.7122819423675537,13.558431625366211,12.904040336608887,8.157392501831055,0,0,0,0,0.0,0,0,0,0,0.0,0,0,0,0,0,0,0,0,0,0,0,0,0,0.0,0.0,31.46259117126465,0,0.0,5.846312522888184,0,0,0,0,24.222063064575195,6.497926712036133,0,0,5.277894020080566,0,73.27706146240234,36.84060287475586,18.952970504760742,0,0.8353531956672668,0,0.0,0,0,0,0,0,0,0,0,0,0,28.35504722595215,0,0,0,0,0,0,0,0.0,0,0,33.15388488769531,0.0,0.0,0.0,0,0,0,0.0,0,0,0,0,0.49636727571487427,0.0,39.495201110839844,45.15774917602539,4.987262725830078,0.0,3.360974073410034,0.0,0,17.228879928588867,0.0,0.0,13.332844734191895,0.0,0.0,0.0,5.161279678344727,0.0,1.7601783275604248,0.0,6.6814093589782715,0.0,0.0,8.833564758300781,2.557767629623413,1.4153845310211182,0.0,1.652343511581421,0.0,4.335428714752197,11.117242813110352,7.096150875091553,0.0,0.0,0.0,0.0,34.63237762451172,24.68022346496582,30.297056198120117,17.074430465698242,28.66148567199707,33.41021728515625,25.376800537109375,51.87922286987305,31.195724487304688,33.527034759521484,32.096954345703125,11.862956047058105,36.33631134033203
TEST_04+6일,3.6527628898620605,26.410728454589844,5.929579734802246,0.0,0,0,8.599159240722656,0.0,0.0,0,0,0,0,0.0,1.5297722816467285,0,30.16935920715332,0,0,23.016590118408203,10.087397575378418,0,0,0,16.500961303710938,19.044095993041992,27.95112419128418,56.32510757446289,12.658900260925293,0.0,4.207962989807129,0,0,0,0,0.0,38.55799102783203,6.5607099533081055,0,35.22208786010742,14.093731880187988,0,0,0,0,0,0,0.0,0,0,11.677330017089844,0,2.986762046813965,0,0,0,0,0,0,0,4.295177459716797,2.9943132400512695,12.956499099731445,12.294339179992676,7.49086332321167,0,0,0,0,0.0,0,0,0,0,0.0,0,0,0,0,0,0,0,0,0,0,0,0,0,0.0,0.0,31.096031188964844,0,0.0,5.1524176597595215,0,0,0,0,23.756532669067383,5.811302185058594,0,0,4.577441692352295,0,73.55918884277344,36.55257034301758,18.41830062866211,0,0.08530664443969727,0,0.0,0,0,0,0,0,0,0,0,0,0,27.944869995117188,0,0,0,0,0,0,0,0.0,0,0,32.81052017211914,0.0,0.0,0.0,0,0,0,0.0,0,0,0,0,0.0,0.0,39.246334075927734,44.9943733215332,4.283662796020508,0.0,2.639066696166992,0.0,0,16.672578811645508,0.0,0.0,12.728641510009766,0.0,0.0,0.0,4.459751129150391,0.0,1.0202388763427734,0.0,5.997558116912842,0.0,0.0,8.174907684326172,1.8267784118652344,0.6717438697814941,0.0,0.9112534523010254,0.0,3.6245193481445312,10.485725402832031,6.4171247482299805,0.0,0.0,0.0,0.0,34.31142044067383,24.22096061706543,29.914073944091797,16.51644515991211,28.25595474243164,33.07152557373047,24.92668342590332,51.81863784790039,30.825382232666016,33.190242767333984,31.73949432373047,11.24072551727295,36.04030227661133
TEST_04+7일,3.5179710388183594,26.774093627929688,5.84458589553833,0.0,0,0,8.571626663208008,0.0,0.0,0,0,0,0,0.0,1.3482946157455444,0,30.615345001220703,0,0,23.305362701416016,10.092418670654297,0,0,0,16.646484375,19.24553680419922,28.35224151611328,57.34919357299805,12.720067977905273,0.0,4.084513187408447,0,0,0,0,0.0,39.19139862060547,6.489065170288086,0,35.783451080322266,14.186365127563477,0,0,0,0,0,0,0.0,0,0,11.717381477355957,0,2.8364710807800293,0,0,0,0,0,0,0,4.173466205596924,2.8442139625549316,13.024867057800293,12.347933769226074,7.438998699188232,0,0,0,0,0.0,0,0,0,0,0.0,0,0,0,0,0,0,0,0,0,0,0,0,0,0.0,0.0,31.562103271484375,0,0.0,5.050053119659424,0,0,0,0,24.06260871887207,5.723876953125,0,0,4.4623799324035645,0,74.96322631835938,37.13827896118164,18.607189178466797,0,0.0,0,0.0,0,0,0,0,0,0,0,0,0,0,28.342029571533203,0,0,0,0,0,0,0,0.0,0,0,33.31560134887695,0.0,0.0,0.0,0,0,0,0.0,0,0,0,0,0.0,0.0,39.890506744384766,45.76414108276367,4.1619977951049805,0.0,2.4812417030334473,0.0,0,16.822444915771484,0.0,0.0,12.791251182556152,0.0,0.0,0.0,4.341692924499512,0.0,0.8274797201156616,0.0,5.913339138031006,0.0,0.0,8.138301849365234,1.6512759923934937,0.4711254835128784,0.0,0.7158812284469604,0.0,3.4881772994995117,10.499510765075684,6.341793537139893,0.0,0.0,0.0,0.0,34.848026275634766,24.535568237304688,30.354087829589844,16.662155151367188,28.659408569335938,33.58086013793945,25.257068634033203,52.73902130126953,31.285465240478516,33.702354431152344,32.21942138671875,11.270766258239746,36.6147346496582
TEST_05+1일,0.0,0.0,0.0,0.0,0,0,2.982179880142212,0.0,0.0,0,0,0,0,0.0,0.0,0,15.76235580444336,0,0,13.614802360534668,3.592806577682495,0,0,0,16.488372802734375,13.407418251037598,13.537497520446777,45.89724349975586,5.447495937347412,0.0,0.0,0,0,0,0,0.0,34.87022399902344,0.0,0,15.771621704101562,12.187886238098145,0,0,0,0,0,0,0.0,0,0,19.095474243164062,0,0.0,0,0,0,0,0,0,0,22.493003845214844,9.1564302444458,1.838364839553833,13.042177200317383,0.0,0,0,0,0,0.0,0,0,0,0,0.0,0,0,0,0,0,0,0,0,0,0,0,0,0,0.0,0.0,35.85012435913086,0,0.0,0.0,0,0,0,0,2.914713144302368,0.8507702946662903,0,0,0.0,0,73.6313247680664,39.24740982055664,32.52130889892578,0,0.0,0,0.0,0,0,0,0,0,0,0,0,0,0,36.88222122192383,0,0,0,0,0,0,0,0.0,0,0,49.8143424987793,1.0368168354034424,0.0,0.0,0,0,0,5.164449214935303,0,0,0,0,61.00387191772461,57.71234130859375,21.915626525878906,42.740516662597656,80.59600830078125,43.86213684082031,41.84752655029297,0.0,0,294.0350646972656,90.67047882080078,109.6872787475586,53.138179779052734,25.251493453979492,0.0,59.41264343261719,50.89236831665039,1.8491222858428955,36.07406997680664,20.136180877685547,72.86060333251953,61.56082534790039,16.956565856933594,0.0,482.4964904785156,464.09893798828125,64.4731216430664,476.6684875488281,40.14150619506836,90.49308013916016,73.0786361694336,296.56939697265625,50.79316329956055,6.4622931480407715,78.96851348876953,65.86947631835938,0.0,0.0,0.0,0.0,0.0,0.0,0.0,0.0,0.0,0.0,0.0,0.0,0.0
TEST_05+2일,0.0,0.0,0.0,0.0,0,0,4.215190887451172,0.0,0.0,0,0,0,0,0.0,0.0,0,16.256078720092773,0,0,14.234490394592285,4.79118537902832,0,0,0,16.939619064331055,14.0392484664917,14.161527633666992,44.56172180175781,6.540333271026611,0.0,0.0,0,0,0,0,0.0,34.21622085571289,0.0,0,16.26377296447754,12.89158821105957,0,0,0,0,0,0,0.0,0,0,19.392683029174805,0,0.7479878664016724,0,0,0,0,0,0,0,22.58889389038086,10.035362243652344,3.136324405670166,13.695229530334473,0.46876537799835205,0,0,0,0,1.2596570253372192,0,0,0,0,0.0,0,0,0,0,0,0,0,0,0,0,0,0,0,0.0,0.0,35.13811492919922,0,1.3923918008804321,0.0,0,0,0,0,4.151668548583984,2.204881191253662,0,0,0.0,0,70.53623962402344,38.32640075683594,32.0109977722168,0,0.0,0,0.0,0,0,0,0,0,0,0,0,0,0,36.10627365112305,0,0,0,0,0,0,0,0.0,0,0,48.23424530029297,2.3802847862243652,0.0,0.0,0,0,0,6.27321720123291,0,0,0,0,58.717376708984375,55.632957458496094,22.04644012451172,41.60143280029297,77.04765319824219,42.651973724365234,40.76264190673828,0.0,0,275.1056213378906,86.45799255371094,104.21218872070312,51.347747802734375,25.182430267333984,0.0,57.22734069824219,49.244014739990234,3.1468868255615234,35.345741271972656,20.37188148498535,69.813232421875,59.23580551147461,17.380224227905273,0.0,445.12347412109375,429.5098571777344,61.96504592895508,440.3743896484375,39.162109375,86.29548645019531,70.01705932617188,277.4363708496094,49.15025329589844,7.496551990509033,75.52456665039062,63.27146530151367,0.0,0.0,0.0,0.0,0.0,0.0,0.0,0.0,0.0,0.0,0.0,0.0,0.0
TEST_05+3일,0.0,0.0,0.0,0.0,0,0,4.2254438400268555,0.0,0.0,0,0,0,0,0.0,0.0,0,15.906723022460938,0,0,13.94598388671875,4.784512996673584,0,0,0,16.56949806213379,13.757489204406738,13.87466049194336,43.324493408203125,6.48132848739624,0.0,0.0,0,0,0,0,0.0,33.30996322631836,0.0,0,15.913331031799316,12.643095016479492,0,0,0,0,0,0,0.0,0,0,18.947500228881836,0,0.8592007756233215,0,0,0,0,0,0,0,22.04616355895996,9.872095108032227,3.1780683994293213,13.422181129455566,0.5880144238471985,0,0,0,0,1.3565151691436768,0,0,0,0,0.0,0,0,0,0,0,0,0,0,0,0,0,0,0,0.0,0.0,34.20394515991211,0,1.4838650226593018,0.0,0,0,0,0,4.163553714752197,2.2731239795684814,0,0,0.0,0,68.44525909423828,37.291439056396484,31.174610137939453,0,0.0,0,0.0,0,0,0,0,0,0,0,0,0,0,35.14142990112305,0,0,0,0,0,0,0,0.0,0,0,46.87921142578125,2.443065881729126,0.0,0.0,0,0,0,6.221646785736084,0,0,0,0,57.018348693847656,54.03434753417969,21.521020889282227,40.45905303955078,74.73841094970703,41.47486114501953,39.64666748046875,0.0,0,265.341796875,83.82785034179688,100.9720687866211,49.89011764526367,24.559677124023438,0.0,55.57773208618164,47.854278564453125,3.1872451305389404,34.40311050415039,19.8967227935791,67.74684143066406,57.51930618286133,16.996028900146484,0.0,427.0307312011719,412.5303955078125,60.15795135498047,422.6760559082031,38.096900939941406,83.67259216308594,67.94156646728516,267.5714111328125,47.76303482055664,7.4087910652160645,73.26498413085938,61.421600341796875,0.0,0.0,0.0,0.0,0.0,0.0,0.0,0.0,0.0,0.0,0.0,0.0,0.0
TEST_05+4일,0.08814847469329834,0.0,0.0,0.0,0,0,4.5799431800842285,0.0,0.0,0,0,0,0,0.0,0.0,0,16.106231689453125,0,0,14.171980857849121,5.131720066070557,0,0,0,16.760116577148438,13.98568344116211,14.102362632751465,43.15555191040039,6.806635856628418,0.0,0.0,0,0,0,0,0.0,33.27589797973633,0.0,0,16.113710403442383,12.886813163757324,0,0,0,0,0,0,0.0,0,0,19.106969833374023,0,1.2570899724960327,0,0,0,0,0,0,0,22.163715362548828,10.153170585632324,3.5462613105773926,13.656086921691895,0.9894999265670776,0,0,0,0,1.7478269338607788,0,0,0,0,0.0,0,0,0,0,0,0,0,0,0,0,0,0,0,0.0,0.0,34.156005859375,0,1.8747762441635132,0.3658055067062378,0,0,0,0,4.519007205963135,2.653494358062744,0,0,0.0,0,67.9391860961914,37.20146179199219,31.169111251831055,0,0.0,0,0.0,0,0,0,0,0,0,0,0,0,0,35.08079147338867,0,0,0,0,0,0,0,0.0,0,0,46.66172409057617,2.8216261863708496,0.0,0.0,0,0,0,6.550866603851318,0,0,0,0,56.666568756103516,53.72331619262695,21.644746780395508,40.32749938964844,74.14867401123047,41.33209228515625,39.52814865112305,0.0,0,262.2744140625,83.11725616455078,100.03085327148438,49.63412857055664,24.643356323242188,0.0,55.24485397338867,47.625423431396484,3.5561065673828125,34.35478210449219,20.04343032836914,67.25111389160156,57.16131591796875,17.181806564331055,0.0,422.84783935546875,408.14068603515625,59.76436996459961,418.34515380859375,37.99932098388672,82.96310424804688,67.44406127929688,264.4776916503906,47.53583908081055,7.722387313842773,72.69618225097656,61.0111198425293,0.0,0.0,0.0,0.0,0.0,0.0,0.0,0.0,0.0,0.0,0.0,0.0,0.0
TEST_05+5일,0.0,0.0,0.0,0.0,0,0,4.354287624359131,0.0,0.0,0,0,0,0,0.0,0.0,0,15.813812255859375,0,0,13.889776229858398,4.902383804321289,0,0,0,16.464250564575195,13.704168319702148,13.821659088134766,42.75857925415039,6.567167282104492,0.0,0.0,0,0,0,0,0.0,32.9104118347168,0.0,0,15.822433471679688,12.611994743347168,0,0,0,0,0,0,0.0,0,0,18.80040168762207,0,1.0549561977386475,0,0,0,0,0,0,0,21.842247009277344,9.894770622253418,3.32776141166687,13.378069877624512,0.7889841198921204,0,0,0,0,1.5418331623077393,0,0,0,0,0.0,0,0,0,0,0,0,0,0,0,0,0,0,0,0.0,0.0,33.78548049926758,0,1.6693098545074463,0.16992121934890747,0,0,0,0,4.293747901916504,2.442030668258667,0,0,0.0,0,67.4848403930664,36.820533752441406,30.811100006103516,0,0.0,0,0.0,0,0,0,0,0,0,0,0,0,0,34.70749282836914,0,0,0,0,0,0,0,0.0,0,0,46.25448989868164,2.6093814373016357,0.0,0.0,0,0,0,6.3141632080078125,0,0,0,0,56.23397445678711,53.29835891723633,21.324588775634766,39.938140869140625,73.68515014648438,40.941402435302734,39.14279556274414,0.0,0,262.2196350097656,82.64456176757812,99.54772186279297,49.21917724609375,24.310653686523438,0.0,54.81549072265625,47.21616744995117,3.3388545513153076,33.9860954284668,19.73236656188965,66.79782104492188,56.728111267089844,16.885169982910156,0.0,425.5279846191406,410.0235900878906,59.32549285888672,420.6676940917969,37.61906433105469,82.49003601074219,66.99142456054688,264.4377746582031,47.12714767456055,7.4785356521606445,72.23535919189453,60.56953430175781,0.0,0.0,0.0,0.0,0.0,0.0,0.0,0.0,0.0,0.0,0.0,0.0,0.0
TEST_05+6일,0.0,0.0,0.0,0.0,0,0,3.6434850692749023,0.0,0.0,0,0,0,0,0.0,0.0,0,15.239494323730469,0,0,13.29172420501709,4.197808265686035,0,0,0,15.897981643676758,13.103938102722168,13.221363067626953,42.5560302734375,5.881194591522217,0.0,0.0,0,0,0,0,0.0,32.56405258178711,0.0,0,15.248029708862305,11.997573852539062,0,0,0,0,0,0,0.0,0,0,18.262849807739258,0,0.3070187568664551,0,0,0,0,0,0,0,21.343547821044922,9.246740341186523,2.6053009033203125,12.77239990234375,0.038301944732666016,0,0,0,0,0.799466609954834,0,0,0,0,0.0,0,0,0,0,0,0,0,0,0,0,0,0,0,0.0,0.0,33.45197296142578,0,0.9262886047363281,0.0,0,0,0,0,3.582460403442383,1.708200454711914,0,0,0.0,0,67.67121887207031,36.53135299682617,30.435073852539062,0,0.0,0,0.0,0,0,0,0,0,0,0,0,0,0,34.38706970214844,0,0,0,0,0,0,0,0.0,0,0,46.1049919128418,1.8767919540405273,0.0,0.0,0,0,0,5.623951435089111,0,0,0,0,56.23940658569336,53.25819778442383,20.819656372070312,39.695804595947266,73.976806640625,40.71242904663086,38.88715744018555,0.0,0,266.5812072753906,83.09280395507812,100.29444885253906,49.1161003112793,23.844802856445312,0.0,54.79854965209961,47.08159637451172,2.6143016815185547,33.65518569946289,19.206523895263672,66.97465515136719,56.743446350097656,16.322824478149414,0.0,436.2203674316406,419.5330505371094,59.380313873291016,430.8755798339844,37.3409309387207,82.93278503417969,67.17146301269531,268.8608093261719,46.99155044555664,6.801846504211426,72.50344848632812,60.6447868347168,0.0,0.0,0.0,0.0,0.0,0.0,0.0,0.0,0.0,0.0,0.0,0.0,0.0
TEST_05+7일,0.0,0.0,0.0,0.0,0,0,3.507575511932373,0.0,0.0,0,0,0,0,0.0,0.0,0,15.357855796813965,0,0,13.367424011230469,4.074017524719238,0,0,0,16.031038284301758,13.175204277038574,13.2975435256958,43.278324127197266,5.795217037200928,0.0,0.0,0,0,0,0,0.0,33.06578826904297,0.0,0,15.367860794067383,12.045836448669434,0,0,0,0,0,0,0.0,0,0,18.45004653930664,0,0.0991290807723999,0,0,0,0,0,0,0,21.599170684814453,9.236448287963867,2.4469947814941406,12.839232444763184,0.0,0,0,0,0,0.6018298864364624,0,0,0,0,0.0,0,0,0,0,0,0,0,0,0,0,0,0,0,0.0,0.0,33.971351623535156,0,0.7342671155929565,0.0,0,0,0,0,3.4450435638427734,1.5323776006698608,0,0,0.0,0,68.94715118408203,37.11774826049805,30.890073776245117,0,0.0,0,0.0,0,0,0,0,0,0,0,0,0,0,34.926639556884766,0,0,0,0,0,0,0,0.0,0,0,46.90396499633789,1.7054866552352905,0.0,0.0,0,0,0,5.534609317779541,0,0,0,0,57.265132904052734,54.21871566772461,21.06104850769043,40.351688385009766,75.39089965820312,41.395328521728516,39.529632568359375,0.0,0,272.17120361328125,84.70533752441406,102.28472900390625,49.98331832885742,24.155757904052734,0.0,55.7917594909668,47.9050178527832,2.459256649017334,34.18194580078125,19.415176391601562,68.23475646972656,57.778297424316406,16.468326568603516,0.0,443.7329406738281,427.3910827636719,60.47566223144531,438.6421203613281,37.949424743652344,84.5430679321289,68.43821716308594,274.50189208984375,47.81281661987305,6.73809814453125,73.88631439208984,61.76705551147461,0.0,0.0,0.0,0.0,0.0,0.0,0.0,0.0,0.0,0.0,0.0,0.0,0.0
TEST_06+1일,0.0,0.0,0.0,0.0,0,0,2.9168903827667236,0.0,0.0,0,0,0,0,0.0,0.0,0,7.272963047027588,0,0,10.520691871643066,6.797561168670654,0,0,0,22.225202560424805,27.170656204223633,3.8174288272857666,33.269081115722656,9.1583890914917,0.0,0.0,0,0,0,0,0.0,37.306636810302734,4.510683536529541,0,25.04289436340332,13.878754615783691,0,0,0,0,0,0,0.4204590916633606,0,0,25.229244232177734,0,0.0,0,0,0,0,0,0,0,16.158647537231445,0.1926749348640442,0.0,13.899653434753418,7.557857990264893,0,0,0,0,0.0,0,0,0,0,0.0,0,0,0,0,0,0,0,0,0,0,0,0,0,0.0,0.0,29.922496795654297,0,0.0,7.643513202667236,0,0,0,0,4.222322940826416,0.0,0,0,0.0,0,42.12508773803711,27.750743865966797,24.094757080078125,0,0.0,0,0.0,0,0,0,0,0,0,0,0,0,0,29.37894630432129,0,0,0,0,0,0,0,0.0,0,0,28.736743927001953,0.0,1.17702317237854,4.679684162139893,0,0,0,9.453957557678223,0,0,0,0,56.56743240356445,55.74769973754883,42.20051574707031,53.161842346191406,57.561126708984375,64.02008056640625,34.72431182861328,31.002178192138672,0,152.0652313232422,144.90045166015625,103.53995513916016,51.4729118347168,22.383621215820312,0.0,45.17573928833008,49.47853469848633,0.0,51.6592903137207,20.77045440673828,75.5650863647461,70.71338653564453,31.433868408203125,0.0,482.6736755371094,226.32737731933594,57.32754898071289,231.1974334716797,34.545169830322266,71.66210174560547,59.899112701416016,136.2490997314453,30.21051597595215,3.8804962635040283,68.64249420166016,67.3369369506836,0.0,0.0,0.0,0.0,0.0,0.0,0.0,0.0,0.0,0.0,0.0,0.0,0.0
TEST_06+2일,0.0,0.0,1.1148711442947388,0.0,0,0,4.154128074645996,0.0,0.0,0,0,0,0,0.0,0.0,0,8.260845184326172,0,0,11.320635795593262,7.812806129455566,0,0,0,22.3369140625,26.986474990844727,5.003310203552246,32.71472930908203,10.037712097167969,0.0,0.0,0,0,0,0,0.0,36.501495361328125,5.657135963439941,0,24.985212326049805,14.483043670654297,0,0,0,0,0,0,1.799409031867981,0,0,25.16126251220703,0,0.7490221261978149,0,0,0,0,0,0,0,16.62965202331543,1.5842643976211548,0.0,14.502631187438965,8.52920150756836,0,0,0,0,0.0,0,0,0,0,0.0,0,0,0,0,0,0,0,0,0,0,0,0,0,0.0,0.0,29.573217391967773,0,0.0,8.61027717590332,0,0,0,0,5.38517427444458,0.15673840045928955,0,0,0.0,0,41.02418518066406,27.531665802001953,24.094520568847656,0,0.0,0,0.0,0,0,0,0,0,0,0,0,0,0,29.06209373474121,0,0,0,0,0,0,0,0.0,0,0,28.456584930419922,0.0,2.512968063354492,5.816629409790039,0,0,0,10.316171646118164,0,0,0,0,54.56050109863281,53.793392181396484,41.09475326538086,51.37202835083008,55.49098587036133,61.54114532470703,34.07742691040039,30.58319091796875,0,143.66934204101562,137.00453186035156,98.48025512695312,49.7863883972168,22.485136032104492,1.062841534614563,43.88242721557617,47.91816711425781,0.0,49.9610595703125,20.968524932861328,72.34222412109375,67.80394744873047,30.990005493164062,0.0,445.2904052734375,212.56011962890625,55.27351379394531,217.0606689453125,33.91025161743164,68.69152069091797,57.682945251464844,128.9591522216797,29.839685440063477,5.0633745193481445,65.86822509765625,64.6457290649414,0.0,0.0,0.0,0.0,0.0,0.0,0.0,0.0,0.0,0.0,0.0,0.0,0.0
TEST_06+3일,0.0,0.0,1.2148487567901611,0.0,0,0,4.164991855621338,0.0,0.0,0,0,0,0,0.0,0.0,0,8.150389671325684,0,0,11.119043350219727,7.715728759765625,0,0,0,21.801794052124023,26.308208465576172,4.990392684936523,31.857036590576172,9.874584197998047,0.0,0.0,0,0,0,0,0.0,35.52204132080078,5.624155521392822,0,24.36838150024414,14.186372756958008,0,0,0,0,0,0,1.8798410892486572,0,0,24.539140701293945,0,0.8598454594612122,0,0,0,0,0,0,0,16.268447875976562,1.6717803478240967,0.0,14.205414772033691,8.412087440490723,0,0,0,0,0.0,0,0,0,0,0.0,0,0,0,0,0,0,0,0,0,0,0,0,0,0.0,0.0,28.81660270690918,0,0.0,8.489861488342285,0,0,0,0,5.360721111297607,0.2848518490791321,0,0,0.0,0,39.90160369873047,26.83810043334961,23.50524139404297,0,0.0,0,0.0,0,0,0,0,0,0,0,0,0,0,28.321367263793945,0,0,0,0,0,0,0,0.0,0,0,27.733501434326172,0.0,2.5722973346710205,5.778901100158691,0,0,0,10.14480209350586,0,0,0,0,52.997840881347656,52.256446838378906,39.96943664550781,49.91531753540039,53.897361755371094,59.74882507324219,33.174625396728516,29.790903091430664,0,139.01092529296875,132.58712768554688,95.44223022460938,48.37896728515625,21.94524383544922,1.1656219959259033,42.665992736816406,46.57151794433594,0.0,48.54719543457031,20.475196838378906,70.1900634765625,65.80371856689453,30.185270309448242,0.0,427.20245361328125,205.29238891601562,53.688228607177734,209.61041259765625,33.01335144042969,66.66168975830078,56.01920700073242,124.83921813964844,29.071020126342773,5.04783296585083,63.93367004394531,62.75103759765625,0.0,0.0,0.0,0.0,0.0,0.0,0.0,0.0,0.0,0.0,0.0,0.0,0.0
TEST_06+4일,0.0,0.0,1.6081937551498413,0.0,0,0,4.521124839782715,0.0,0.0,0,0,0,0,0.0,0.0,0,8.454177856445312,0,0,11.383584022521973,8.025214195251465,0,0,0,21.922637939453125,26.36786460876465,5.334926128387451,31.841703414916992,10.1554536819458,0.0,0.0,0,0,0,0,0.0,35.458553314208984,5.960988521575928,0,24.4548282623291,14.409846305847168,0,0,0,0,0,0,2.2650675773620605,0,0,24.623104095458984,0,1.2576431035995483,0,0,0,0,0,0,0,16.463783264160156,2.0588221549987793,0.3223789930343628,14.42863655090332,8.711502075195312,0,0,0,0,0.0,0,0,0,0,0.0,0,0,0,0,0,0,0,0,0,0,0,0,0,0.0,0.0,28.840608596801758,0,0.0,8.788862228393555,0,0,0,0,5.700524806976318,0.6899174451828003,0,0,0.0,0,39.77823257446289,26.889427185058594,23.60329818725586,0,0.0,0,0.0,0,0,0,0,0,0,0,0,0,0,28.352066040039062,0,0,0,0,0,0,0,0.0,0,0,27.77228546142578,0.0,2.948917865753174,6.113675594329834,0,0,0,10.422060012817383,0,0,0,0,52.699806213378906,51.96773147583008,39.845027923583984,49.6567497253418,53.587745666503906,59.360469818115234,33.1430549621582,29.80454444885254,0,137.5752716064453,131.2362060546875,94.573486328125,48.14321517944336,22.064462661743164,1.5591872930526733,42.50703811645508,46.35982894897461,0.0,48.30995178222656,20.61406135559082,69.66219329833984,65.33447265625,30.19330596923828,0.0,423.0124206542969,203.0053253173828,53.380306243896484,207.27259826660156,32.98350143432617,66.18090057373047,55.67955780029297,123.58524322509766,29.094192504882812,5.391916751861572,63.48851013183594,62.322181701660156,0.0,0.0,0.0,0.0,0.0,0.0,0.0,0.0,0.0,0.0,0.0,0.0,0.0
TEST_06+5일,0.0,0.0,1.4036710262298584,0.0,0,0,4.2974138259887695,0.0,0.0,0,0,0,0,0.0,0.0,0,8.205921173095703,0,0,11.117809295654297,7.779454708099365,0,0,0,21.60234832763672,26.027482986450195,5.104255676269531,31.480539321899414,9.896705627441406,0.0,0.0,0,0,0,0,0.0,35.08616256713867,5.727723121643066,0,24.12303352355957,14.127595901489258,0,0,0,0,0,0,2.0563547611236572,0,0,24.290590286254883,0,1.0556156635284424,0,0,0,0,0,0,0,16.170499801635742,1.8505489826202393,0.12660294771194458,14.14616584777832,8.460047721862793,0,0,0,0,0.0,0,0,0,0,0.0,0,0,0,0,0,0,0,0,0,0,0,0,0,0.0,0.0,28.487930297851562,0,0.0,8.538198471069336,0,0,0,0,5.467592716217041,0.49206095933914185,0,0,0.0,0,39.391048431396484,26.545080184936523,23.275300979614258,0,0.0,0,0.0,0,0,0,0,0,0,0,0,0,0,28.001558303833008,0,0,0,0,0,0,0,0.0,0,0,27.425161361694336,0.0,2.7355315685272217,5.879462242126465,0,0,0,10.161880493164062,0,0,0,0,52.27719497680664,51.546478271484375,39.457916259765625,49.24110794067383,53.1631965637207,58.922237396240234,32.77870178222656,29.45217514038086,0,137.10560607910156,130.76141357421875,94.09149169921875,47.732845306396484,21.743623733520508,1.3544085025787354,42.112823486328125,45.95425033569336,0.0,47.899391174316406,20.300161361694336,69.2056884765625,64.88494873046875,29.839235305786133,0.0,425.6239929199219,202.68067932128906,52.95558166503906,206.96551513671875,32.619178771972656,65.72988891601562,55.24893569946289,123.10462951660156,28.744165420532227,5.161067008972168,63.04147720336914,61.87776184082031,0.0,0.0,0.0,0.0,0.0,0.0,0.0,0.0,0.0,0.0,0.0,0.0,0.0
TEST_06+6일,0.0,0.0,0.658717155456543,0.0,0,0,3.583688735961914,0.0,0.0,0,0,0,0,0.0,0.0,0,7.537505149841309,0,0,10.48457145690918,7.106123447418213,0,0,0,21.100324630737305,25.58434295654297,4.401719093322754,31.112491607666016,9.24895191192627,0.0,0.0,0,0,0,0,0.0,34.77202606201172,5.030854225158691,0,23.655637741088867,13.531460762023926,0,0,0,0,0,0,1.3178462982177734,0,0,23.824851989746094,0,0.3070106506347656,0,0,0,0,0,0,0,15.599532127380371,1.1114864349365234,0.0,13.550511360168457,7.796719551086426,0,0,0,0,0.0,0,0,0,0,0.0,0,0,0,0,0,0,0,0,0,0,0,0,0,0.0,0.0,28.07942008972168,0,0.0,7.874295234680176,0,0,0,0,4.76966667175293,0.0,0,0,0.0,0,39.13831329345703,26.110397338867188,22.796567916870117,0,0.0,0,0.0,0,0,0,0,0,0,0,0,0,0,27.58637237548828,0,0,0,0,0,0,0,0.0,0,0,27.003585815429688,0.0,2.0044631958007812,5.184237957000732,0,0,0,9.517163276672363,0,0,0,0,52.22201919555664,51.47923278808594,39.20645523071289,49.1373405456543,53.12181091308594,58.97124099731445,32.431636810302734,29.057575225830078,0,138.58160400390625,132.1108856201172,94.73634338378906,47.60776901245117,21.24484634399414,0.609868049621582,41.902835845947266,45.80147171020508,0.0,47.77633285522461,19.78214454650879,69.42329406738281,65.03111267089844,29.4495849609375,0.0,436.2763977050781,205.57801818847656,52.91055679321289,209.96656799316406,32.26942443847656,65.88993835449219,55.239463806152344,124.29937744140625,28.340213775634766,4.459192276000977,63.15672302246094,61.97439193725586,0.0,0.0,0.0,0.0,0.0,0.0,0.0,0.0,0.0,0.0,0.0,0.0,0.0
TEST_06+7일,0.0,0.0,0.45958411693573,0.0,0,0,3.4500513076782227,0.0,0.0,0,0,0,0,0.0,0.0,0,7.49023962020874,0,0,10.501047134399414,7.049292087554932,0,0,0,21.35033416748047,25.932640075683594,4.282853126525879,31.582767486572266,9.238658905029297,0.0,0.0,0,0,0,0,0.0,35.321720123291016,4.928861141204834,0,23.96133804321289,13.614662170410156,0,0,0,0,0,0,1.1345418691635132,0,0,24.135454177856445,0,0.10020625591278076,0,0,0,0,0,0,0,15.728421211242676,0.920976996421814,0.0,13.633838653564453,7.752143383026123,0,0,0,0,0.0,0,0,0,0,0.0,0,0,0,0,0,0,0,0,0,0,0,0,0,0.0,0.0,28.479585647583008,0,0.0,7.83405065536499,0,0,0,0,4.658426284790039,0.0,0,0,0.0,0,39.78468704223633,26.46673583984375,23.083433151245117,0,0.0,0,0.0,0,0,0,0,0,0,0,0,0,0,27.975341796875,0,0,0,0,0,0,0,0.0,0,0,27.377593994140625,0.0,1.836157202720642,5.0855841636657715,0,0,0,9.513114929199219,0,0,0,0,53.15653610229492,52.39719009399414,39.85329055786133,50.00259017944336,54.0773811340332,60.05691909790039,32.93037796020508,29.48240852355957,0,141.4049530029297,134.7960662841797,96.60662841796875,48.44054412841797,21.49741554260254,0.40841948986053467,42.60978317260742,46.59528732299805,0.0,48.614891052246094,20.003095626831055,70.73804473876953,66.24864196777344,29.883934020996094,0.0,443.8507385253906,209.86143493652344,53.85987854003906,214.34706115722656,32.76432800292969,67.12655639648438,56.239990234375,126.81224060058594,28.74859619140625,4.342236042022705,64.33289337158203,63.125213623046875,0.0,0.0,0.0,0.0,0.0,0.0,0.0,0.0,0.0,0.0,0.0,0.0,0.0
TEST_07+1일,0.0,0.0,2.6688520908355713,0.0,0,0,0.0,0.0,0.0,0,0,0,0,0.0,0.0,0,0.37701255083084106,0,0,7.047847270965576,0.0,0,0,0,5.783228397369385,2.614082098007202,3.8200972080230713,33.36509323120117,0.0,0.0,0.0,0,0,0,0,0.0,24.176490783691406,0.0,0,20.60753059387207,3.5197384357452393,0,0,0,0,0,0,0.0,0,0,9.36313247680664,0,0.0,0,0,0,0,0,0,0,4.898568630218506,6.081366062164307,0.0,1.8599112033843994,0.0,0,0,0,0,0.0,0,0,0,0,0.0,0,0,0,0,0,0,0,0,0,0,0,0,0,0.0,0.0,17.54804229736328,0,0.0,8.130114555358887,0,0,0,0,0.7461913228034973,0.0,0,0,0.0,0,44.93105697631836,24.82464027404785,21.91077423095703,0,0.0,0,5.897699356079102,0,0,0,0,0,0,0,0,0,0,16.546327590942383,0,0,0,0,0,0,0,0.0,0,0,10.116503715515137,0.0,0.0,0.0,0,0,0,3.0801384449005127,0,0,0,0,15.98763370513916,23.586875915527344,29.541336059570312,48.06951141357422,16.229568481445312,13.2420654296875,6.491924285888672,4.27637243270874,0,37.74750900268555,28.541723251342773,30.487560272216797,18.795310974121094,4.948841571807861,0.0,10.341344833374023,14.818010330200195,0.0,7.547615051269531,0.0,20.41299057006836,14.712254524230957,4.648252964019775,0.0,51.33720779418945,47.87601089477539,18.66132354736328,46.41159439086914,7.187715530395508,18.109779357910156,19.4338321685791,40.167152404785156,4.2896952629089355,0.0,20.426898956298828,16.443984985351562,0.0,0.0,0.0,0.0,0.0,0.0,0.0,0.0,0.0,0.0,0.0,0.0,0.0
TEST_07+2일,0.0,0.0,3.9202041625976562,0.0,0,0,0.0,0.0,0.0,0,0,0,0,0.0,0.0,0,1.7577420473098755,0,0,8.048023223876953,0.0,0,0,0,6.856405258178711,3.867966651916504,5.005096435546875,32.804996490478516,1.2364903688430786,0.0,0.0,0,0,0,0,0.0,24.172609329223633,0.0,0,20.81578826904297,4.722726821899414,0,0,0,0,0,0,0.0,0,0,10.230693817138672,0,0.0,0,0,0,0,0,0,0,6.023090362548828,7.1379265785217285,0.0,3.1576337814331055,0.0,0,0,0,0,0.0,0,0,0,0,0.0,0,0,0,0,0,0,0,0,0,0,0,0,0,0.0,0.0,17.93651580810547,0,0.0,9.06875228881836,0,0,0,0,2.105776786804199,0.0,0,0,0.0,0,43.65663146972656,24.78090476989746,22.040679931640625,0,0.0,0,6.964665412902832,0,0,0,0,0,0,0,0,0,0,16.993688583374023,0,0,0,0,0,0,0,0.0,0,0,10.939632415771484,0.0,0.0,0.0,0,0,0,4.308643341064453,0,0,0,0,16.467998504638672,23.617061614990234,29.214134216308594,46.59804916381836,16.695587158203125,13.883621215820312,7.523958206176758,5.436009407043457,0,36.9185676574707,28.27509117126465,30.103683471679688,19.110729217529297,6.070480823516846,0.0,11.151411056518555,15.36760139465332,0.0,8.519092559814453,1.1695748567581177,20.63216781616211,15.267532348632812,5.786745071411133,0.0,49.66242980957031,46.41756820678711,18.984607696533203,45.04458236694336,8.180092811584473,18.46539878845215,19.711151123046875,39.18852233886719,5.448521614074707,0.0,20.64531135559082,16.897748947143555,0.0,0.0,0.0,0.0,0.0,0.0,0.0,0.0,0.0,0.0,0.0,0.0,0.0
TEST_07+3일,0.0,0.0,3.938070058822632,0.0,0,0,0.0,0.0,0.0,0,0,0,0,0.0,0.0,0,1.8399202823638916,0,0,7.944973468780518,0.0,0,0,0,6.788629055023193,3.888185739517212,4.9920268058776855,31.945512771606445,1.334076166152954,0.0,0.0,0,0,0,0,0.0,23.581592559814453,0.0,0,20.327428817749023,4.7180399894714355,0,0,0,0,0,0,0.0,0,0,10.06190299987793,0,0.0,0,0,0,0,0,0,0,5.979208946228027,7.060720443725586,0.0,3.1983377933502197,0.0,0,0,0,0,0.0,0,0,0,0,0.0,0,0,0,0,0,0,0,0,0,0,0,0,0,0.0,0.0,17.536731719970703,0,0.0,8.93445110321045,0,0,0,0,2.17746901512146,0.0,0,0,0.0,0,42.449241638183594,24.17209243774414,21.51485252380371,0,0.0,0,6.892692565917969,0,0,0,0,0,0,0,0,0,0,16.622529983520508,0,0,0,0,0,0,0,0.0,0,0,10.750494003295898,0.0,0.0,0.0,0,0,0,4.3151068687438965,0,0,0,0,16.11213493347168,23.04388999938965,28.468542098999023,45.29710388183594,16.33279037475586,13.606048583984375,7.435804843902588,5.410015106201172,0,35.92920684814453,27.558549880981445,29.330198287963867,18.674213409423828,6.025691509246826,0.0,10.955490112304688,15.044829368591309,0.0,8.401411056518555,1.2689898014068604,20.15007781982422,14.94818115234375,5.750524044036865,0.0,48.26287841796875,45.122840881347656,18.552724838256836,43.79419708251953,8.072890281677246,18.04928207397461,19.257244110107422,38.12611770629883,5.422158718109131,0.0,20.162994384765625,16.529077529907227,0.0,0.0,0.0,0.0,0.0,0.0,0.0,0.0,0.0,0.0,0.0,0.0,0.0
TEST_07+4일,0.0,0.0,4.297065258026123,0.0,0,0,0.0,0.0,0.0,0,0,0,0,0.0,0.0,0,2.2250590324401855,0,0,8.25065803527832,0.0,0,0,0,7.109635353088379,4.247135639190674,5.336564540863037,31.92809295654297,1.7255576848983765,0.0,0.0,0,0,0,0,0.0,23.67803192138672,0.0,0,20.467985153198242,5.066075801849365,0,0,0,0,0,0,0.0,0,0,10.340143203735352,0,0.0,0,0,0,0,0,0,0,6.31126594543457,7.37853479385376,0.0,3.566260814666748,0.0,0,0,0,0,0.0,0,0,0,0,0.0,0,0,0,0,0,0,0,0,0,0,0,0,0,0.0,0.0,17.714080810546875,0,0.0,9.227777481079102,0,0,0,0,2.558413505554199,0.38123977184295654,0,0,0.0,0,42.291568756103516,24.25991439819336,21.639450073242188,0,0.0,0,7.212950229644775,0,0,0,0,0,0,0,0,0,0,16.81220245361328,0,0,0,0,0,0,0,0.0,0,0,11.019001007080078,0.0,0.0,0.0,0,0,0,4.668826580047607,0,0,0,0,16.308897018432617,23.14716339111328,28.497264862060547,45.0991325378418,16.52659797668457,13.836393356323242,7.748466968536377,5.749102592468262,0,35.856895446777344,27.59983253479004,29.347023010253906,18.836713790893555,6.356777667999268,0.0,11.221395492553711,15.256030082702637,0.0,8.701289176940918,1.6613277196884155,20.292282104492188,15.16049861907959,6.08507776260376,0.0,48.0247802734375,44.927452087402344,18.716442108154297,43.61674118041992,8.376928329467773,18.219833374023438,19.411457061767578,38.024871826171875,5.761085510253906,0.0,20.304960250854492,16.72014045715332,0.0,0.0,0.0,0.0,0.0,0.0,0.0,0.0,0.0,0.0,0.0,0.0,0.0
TEST_07+5일,0.0,0.0,4.074728965759277,0.0,0,0,0.0,0.0,0.0,0,0,0,0,0.0,0.0,0,2.0157320499420166,0,0,8.002172470092773,0.0,0,0,0,6.867942810058594,4.023942470550537,5.106142997741699,31.5657958984375,1.5195887088775635,0.0,0.0,0,0,0,0,0.0,23.348838806152344,0.0,0,20.154613494873047,4.837172031402588,0,0,0,0,0,0,0.0,0,0,10.079814910888672,0,0.0,0,0,0,0,0,0,0,6.0752058029174805,7.135838508605957,0.0,3.347839117050171,0.0,0,0,0,0,0.0,0,0,0,0,0.0,0,0,0,0,0,0,0,0,0,0,0,0,0,0.0,0.0,17.413318634033203,0,0.0,8.974842071533203,0,0,0,0,2.3469579219818115,0.18603020906448364,0,0,0.0,0,41.89677047729492,23.927349090576172,21.320283889770508,0,0.0,0,6.972153663635254,0,0,0,0,0,0,0,0,0,0,16.51605796813965,0,0,0,0,0,0,0,0.0,0,0,10.754209518432617,0.0,0.0,0.0,0,0,0,4.443163871765137,0,0,0,0,16.01571273803711,22.81993293762207,28.146535873413086,44.69508361816406,16.232318878173828,13.556053161621094,7.503401756286621,5.516086101531982,0,35.48051071166992,27.25278663635254,28.992889404296875,18.530799865722656,6.11981725692749,0.0,10.955751419067383,14.968335151672363,0.0,8.450504302978516,1.455960988998413,19.97882080078125,14.873210906982422,5.849842071533203,0.0,47.61172866821289,44.52341079711914,18.410648345947266,43.216487884521484,8.127843856811523,17.916641235351562,19.102191925048828,37.641902923583984,5.52801513671875,0.0,19.991283416748047,16.424657821655273,0.0,0.0,0.0,0.0,0.0,0.0,0.0,0.0,0.0,0.0,0.0,0.0,0.0
TEST_07+6일,0.0,0.0,3.358668804168701,0.0,0,0,0.0,0.0,0.0,0,0,0,0,0.0,0.0,0,1.278439998626709,0,0,7.333376884460449,0.0,0,0,0,6.185881614685059,3.3091392517089844,4.403530120849609,31.19931411743164,0.7770094871520996,0.0,0.0,0,0,0,0,0.0,22.87000846862793,0.0,0,19.633922576904297,4.131814002990723,0,0,0,0,0,0,0.0,0,0,9.434722900390625,0,0.0,0,0,0,0,0,0,0,5.382957458496094,6.456079483032227,0.0,2.624884605407715,0.0,0,0,0,0,0.0,0,0,0,0,0.0,0,0,0,0,0,0,0,0,0,0,0,0,0,0.0,0.0,16.85897445678711,0,0.0,8.315561294555664,0,0,0,0,1.613527774810791,0.0,0,0,0.0,0,41.68076705932617,23.457401275634766,20.815397262573242,0,0.0,0,6.289360523223877,0,0,0,0,0,0,0,0,0,0,15.950418472290039,0,0,0,0,0,0,0,0.0,0,0,10.118048667907715,0.0,0.0,0.0,0,0,0,3.73226261138916,0,0,0,0,15.443931579589844,22.33533477783203,27.733192443847656,44.5238151550293,15.663272857666016,12.953939437866211,6.828960418701172,4.818370819091797,0,35.17115783691406,26.827314376831055,28.591262817382812,17.9901065826416,5.42891263961792,0.0,10.322134017944336,14.383275985717773,0.0,7.787023067474365,0.7124161720275879,19.457178115844727,14.287324905395508,5.155936241149902,0.0,47.484371185302734,44.34904098510742,17.86884117126465,43.022361755371094,7.4606170654296875,17.3686466217041,18.569347381591797,37.364341735839844,4.830440521240234,0.0,19.4698543548584,15.857927322387695,0.0,0.0,0.0,0.0,0.0,0.0,0.0,0.0,0.0,0.0,0.0,0.0,0.0
TEST_07+7일,0.0,0.0,3.2199158668518066,0.0,0,0,0.0,0.0,0.0,0,0,0,0,0.0,0.0,0,1.0913752317428589,0,0,7.27839994430542,0.0,0,0,0,6.105799198150635,3.1661620140075684,4.28472375869751,31.669815063476562,0.5790055990219116,0.0,0.0,0,0,0,0,0.0,23.158037185668945,0.0,0,19.85193634033203,4.006875514984131,0,0,0,0,0,0,0.0,0,0,9.427336692810059,0,0.0,0,0,0,0,0,0,0,5.287168979644775,6.383164882659912,0.0,2.4679722785949707,0.0,0,0,0,0,0.0,0,0,0,0,0.0,0,0,0,0,0,0,0,0,0,0,0,0,0,0.0,0.0,17.012598037719727,0,0.0,8.285599708557129,0,0,0,0,1.4334529638290405,0.0,0,0,0.0,0,42.38358688354492,23.755496978759766,21.0581111907959,0,0.0,0,6.214682102203369,0,0,0,0,0,0,0,0,0,0,16.084199905395508,0,0,0,0,0,0,0,0.0,0,0,10.123963356018066,0.0,0.0,0.0,0,0,0,3.6000609397888184,0,0,0,0,15.566479682922363,22.60940933227539,28.125377655029297,45.28279495239258,15.790590286254883,13.02184772491455,6.762718677520752,4.708434104919434,0,35.72616958618164,27.199520111083984,29.002418518066406,18.169544219970703,5.332683086395264,0.0,10.332469940185547,14.483052253723145,0.0,7.7419304847717285,0.5132039785385132,19.66786766052246,14.38432788848877,5.053417205810547,0.0,48.309722900390625,45.10588455200195,18.044849395751953,43.75020217895508,7.408285617828369,17.533641815185547,18.76058578491211,37.96822738647461,4.720749378204346,0.0,19.68073844909668,15.98966121673584,0.0,0.0,0.0,0.0,0.0,0.0,0.0,0.0,0.0,0.0,0.0,0.0,0.0
TEST_08+1일,0.0,22.001262664794922,0.0,0.48243361711502075,0,0,18.34798812866211,0.0,0.0,0,0,0,0,0.0,0.0,0,39.79126739501953,0,0,50.95181655883789,18.777929306030273,0,0,0,33.033050537109375,14.206979751586914,1.6491901874542236,37.387413024902344,10.992587089538574,0.0,0.0,0,0,0,0,0.0,41.48905944824219,0.0,0,27.628334045410156,16.54827880859375,0,0,0,0,0,0,0.0,0,0,0.0,0,0.0,0,0,0,0,0,0,0,1.2250607013702393,1.9669315814971924,13.020648002624512,2.689984083175659,6.6141133308410645,0,0,0,0,0.0,0,0,0,0,0.0,0,0,0,0,0,0,0,0,0,0,0,0,0,0.0,0.0,7.783662796020508,0,0.0,1.4050791263580322,0,0,0,0,5.808684825897217,7.874030590057373,0,0,0.0,0,79.2636947631836,19.3830509185791,20.60605239868164,0,0.0,0,0.0,0,0,0,0,0,0,0,0,0,0,26.708538055419922,0,0,0,0,0,0,0,0.0,0,0,30.518083572387695,0.0,0.0,0.0,0,0,0,1.904339075088501,0,0,0,0,0.0,0.0,42.16655731201172,39.125267028808594,0.0,0.0,0.0,0.0,0,3.439875841140747,0.0,0.0,11.585375785827637,0.0,56.693321228027344,0.0,0.0,0.0,0.0,0.0,0.0,0.0,0.0,0.0,0.0,0.0,0.0,0.0,0.0,0.0,3.21460223197937,8.664140701293945,0.0,0.0,0.0,0.0,36.23239517211914,19.542333602905273,37.25230026245117,9.334615707397461,19.599287033081055,35.567501068115234,19.47148323059082,148.79393005371094,46.246639251708984,59.81996536254883,81.9721450805664,23.688514709472656,49.081634521484375
TEST_08+2일,0.0,22.125808715820312,0.0,1.8578721284866333,0,0,18.689132690429688,0.0,0.0,0,0,0,0,0.0,0.0,0,38.83541488647461,0,0,49.299285888671875,19.093551635742188,0,0,0,32.493404388427734,14.791677474975586,2.9580869674682617,36.58000946044922,11.765087127685547,0.0,0.0,0,0,0,0,0.0,40.42547607421875,0.0,0,27.415420532226562,16.995742797851562,0,0,0,0,0,0,0.0,0,0,0.33922016620635986,0,0.0,0,0,0,0,0,0,0,2.558612823486328,3.258286952972412,13.674925804138184,3.9406204223632812,7.6398468017578125,0,0,0,0,0.0,0,0,0,0,0.0,0,0,0,0,0,0,0,0,0,0,0,0,0,0.0,0.0,8.741875648498535,0,0.0,2.728548049926758,0,0,0,0,6.880823135375977,8.827021598815918,0,0,0.0,0,75.80297088623047,19.663700103759766,20.814090728759766,0,0.0,0,0.0,0,0,0,0,0,0,0,0,0,0,26.551881790161133,0,0,0,0,0,0,0,0.0,0,0,30.132017135620117,0.0,0.0,0.0,0,0,0,3.1996893882751465,0,0,0,0,0.0,0.0,41.06401062011719,38.211151123046875,0.0,0.0,0.0,0.0,0,4.6476030349731445,0.0,0.0,12.324007034301758,0.0,54.682823181152344,0.0,0.0,0.0,0.0,0.0,0.0,0.0,0.0,0.0,0.0,0.0,0.0,0.0,0.0,0.0,4.43533992767334,9.571789741516113,0.0,0.0,0.0,0.0,35.49359130859375,19.81340789794922,36.45182800292969,10.203886985778809,19.8664608001709,34.871036529541016,19.746604919433594,140.6295928955078,44.88915252685547,57.60962677001953,78.337646484375,23.713111877441406,47.547367095947266
TEST_08+3일,0.0,21.598447799682617,0.0,1.9360392093658447,0,0,18.26540184020996,0.0,0.0,0,0,0,0,0.0,0.0,0,37.783294677734375,0,0,47.90702819824219,18.657482147216797,0,0,0,31.642911911010742,14.486912727355957,3.005199670791626,35.59990310668945,11.550036430358887,0.0,0.0,0,0,0,0,0.0,39.31964111328125,0.0,0,26.722986221313477,16.623313903808594,0,0,0,0,0,0,0.0,0,0,0.4628189206123352,0,0.0,0,0,0,0,0,0,0,2.6160380840301514,3.2952115535736084,13.40260124206543,3.9575798511505127,7.547759532928467,0,0,0,0,0.0,0,0,0,0,0.0,0,0,0,0,0,0,0,0,0,0,0,0,0,0.0,0.0,8.618478775024414,0,0.0,2.781026601791382,0,0,0,0,6.8122687339782715,8.699710845947266,0,0,0.0,0,73.53434753417969,19.211400985717773,20.325563430786133,0,0.0,0,0.0,0,0,0,0,0,0,0,0,0,0,25.888639450073242,0,0,0,0,0,0,0,0.0,0,0,29.35784912109375,0.0,0.0,0.0,0,0,0,3.2383177280426025,0,0,0,0,0.0,0.0,39.94173812866211,37.18022918701172,0.0726349949836731,0.0,0.0,0.0,0,4.643662929534912,0.0,0.0,12.092063903808594,0.0,53.1208381652832,0.0,0.0,0.0,0.0,0.0,0.0,0.0,0.0,0.0,0.0,0.0,0.0,0.0,0.0,0.0,4.437528610229492,9.422228813171387,0.0,0.0,0.0,0.0,34.54581832885742,19.355554580688477,35.47427749633789,10.035576820373535,19.406770706176758,33.94417190551758,19.290874481201172,136.08303833007812,43.64154815673828,55.94822692871094,75.9874038696289,23.136110305786133,46.21385955810547
TEST_08+4일,0.0,21.720970153808594,0.40135657787323,2.3205418586730957,0,0,18.43402862548828,0.0,0.0,0,0,0,0,0.0,0.0,0,37.68813705444336,0,0,47.67766189575195,18.820812225341797,0,0,0,31.630271911621094,14.705378532409668,3.375490188598633,35.53408432006836,11.808942794799805,0.0,0.0,0,0,0,0,0.0,39.20591735839844,0.0,0,26.77758026123047,16.814075469970703,0,0,0,0,0,0,0.0,0,0,0.8654831647872925,0,0.0,0,0,0,0,0,0,0,2.991875648498535,3.6623287200927734,13.636696815490723,4.316099643707275,7.859288692474365,0,0,0,0,0.0,0,0,0,0,0.0,0,0,0,0,0,0,0,0,0,0,0,0,0,0.0,0.0,8.91520881652832,0,0.0,3.154745578765869,0,0,0,0,7.1329874992370605,8.996319770812988,0,0,0.0,0,72.96022033691406,19.366252899169922,20.466360092163086,0,0.0,0,0.0,0,0,0,0,0,0,0,0,0,0,25.952787399291992,0,0,0,0,0,0,0,0.0,0,0,29.374378204345703,0.0,0.0,0.0,0,0,0,3.606203079223633,0,0,0,0,0.0,0.0,39.81544876098633,37.091285705566406,0.4806479215621948,0.0,0.0,0.0,0,4.993335247039795,0.0,0.0,12.343571662902832,0.0,52.81657028198242,0.0,0.0,0.0,0.0,0.0,0.0,0.0,0.0,0.0,0.0,0.0,0.0,0.0,0.0,0.0,4.789930820465088,9.70922565460205,0.0,0.0,0.0,0.0,34.49586868286133,19.509334564208984,35.41135787963867,10.314118385314941,19.560115814208984,33.90143966674805,19.44552993774414,134.6843719482422,43.46840286254883,55.60982131958008,75.37889099121094,23.238861083984375,46.00608825683594
TEST_08+5일,0.0,21.40028190612793,0.20513612031936646,2.110557794570923,0,0,18.130788803100586,0.0,0.0,0,0,0,0,0.0,0.0,0,37.30739974975586,0,0,47.26869583129883,18.515687942504883,0,0,0,31.26970863342285,14.420242309570312,3.1579878330230713,35.1602783203125,11.540904998779297,0.0,0.0,0,0,0,0,0.0,38.82196807861328,0.0,0,26.4364070892334,16.519203186035156,0,0,0,0,0,0,0.0,0,0,0.6656444668769836,0,0.0,0,0,0,0,0,0,0,2.7780864238739014,3.4439914226531982,13.35872745513916,4.093247413635254,7.613714218139648,0,0,0,0,0.0,0,0,0,0,0.0,0,0,0,0,0,0,0,0,0,0,0,0,0,0.0,0.0,8.662474632263184,0,0.0,2.9397966861724854,0,0,0,0,6.891018867492676,8.744829177856445,0,0,0.0,0,72.49898529052734,19.056926727294922,20.153179168701172,0,0.0,0,0.0,0,0,0,0,0,0,0,0,0,0,25.612390518188477,0,0,0,0,0,0,0,0.0,0,0,29.01999855041504,0.0,0.0,0.0,0,0,0,3.3881852626800537,0,0,0,0,0.0,0.0,39.42625045776367,36.71065902709961,0.2839115262031555,0.0,0.0,0.0,0,4.766048431396484,0.0,0.0,12.072213172912598,0.0,52.39031982421875,0.0,0.0,0.0,0.0,0.0,0.0,0.0,0.0,0.0,0.0,0.0,0.0,0.0,0.0,0.0,4.563891410827637,9.453350067138672,0.0,0.0,0.0,0.0,34.12702941894531,19.200586318969727,35.0389518737793,10.053611755371094,19.251401901245117,33.533782958984375,19.1370849609375,134.21141052246094,43.0704345703125,55.17922592163086,74.91262817382812,22.91204071044922,45.60078048706055
TEST_08+6일,0.0,20.897462844848633,0.0,1.3741893768310547,0,0,17.58438491821289,0.0,0.0,0,0,0,0,0.0,0.0,0,37.02375793457031,0,0,47.13460922241211,17.97426414489746,0,0,0,30.898414611816406,13.828969955444336,2.4335126876831055,34.845458984375,10.912908554077148,0.0,0.0,0,0,0,0,0.0,38.56196212768555,0.0,0,25.999713897705078,15.952498435974121,0,0,0,0,0,0,0.0,0,0,0.0,0,0.0,0,0,0,0,0,0,0,2.047880172729492,2.721294403076172,12.75289535522461,3.377955913543701,6.939765453338623,0,0,0,0,0.0,0,0,0,0,0.0,0,0,0,0,0,0,0,0,0,0,0,0,0,0.0,0.0,8.001547813415527,0,0.0,2.211313247680664,0,0,0,0,6.209754943847656,8.082813262939453,0,0,0.0,0,72.76919555664062,18.52394676208496,19.63235855102539,0,0.0,0,0.0,0,0,0,0,0,0,0,0,0,0,25.165443420410156,0,0,0,0,0,0,0,0.0,0,0,28.618946075439453,0.0,0.0,0.0,0,0,0,2.664486885070801,0,0,0,0,0.0,0.0,39.176246643066406,36.42052459716797,0.0,0.0,0.0,0.0,0,4.058556079864502,0.0,0.0,11.451010704040527,0.0,52.33650588989258,0.0,0.0,0.0,0.0,0.0,0.0,0.0,0.0,0.0,0.0,0.0,0.0,0.0,0.0,0.0,3.853818893432617,8.799880981445312,0.0,0.0,0.0,0.0,33.79835510253906,18.668010711669922,34.72301483154297,9.409061431884766,18.71955680847168,33.195960998535156,18.603717803955078,135.62744140625,42.87308120727539,55.16737747192383,75.22291564941406,22.42746925354004,45.44148254394531
TEST_08+7일,0.0,21.13924789428711,0.0,1.189918875694275,0,0,17.756732940673828,0.0,0.0,0,0,0,0,0.0,0.0,0,37.62355422973633,0,0,47.95916748046875,18.155149459838867,0,0,0,31.363872528076172,13.915849685668945,2.2714028358459473,35.397071838378906,10.93896770477295,0.0,0.0,0,0,0,0,0.0,39.19752502441406,0.0,0,26.358163833618164,16.089385986328125,0,0,0,0,0,0,0.0,0,0,0.0,0,0.0,0,0,0,0,0,0,0,1.8795126676559448,2.567505359649658,12.81948471069336,3.2385363578796387,6.877368450164795,0,0,0,0,0.0,0,0,0,0,0.0,0,0,0,0,0,0,0,0,0,0,0,0,0,0.0,0.0,7.961162567138672,0,0.0,2.0465612411499023,0,0,0,0,6.129909038543701,8.047286987304688,0,0,0.0,0,74.15684509277344,18.71396255493164,19.850547790527344,0,0.0,0,0.0,0,0,0,0,0,0,0,0,0,0,25.500463485717773,0,0,0,0,0,0,0,0.0,0,0,29.030405044555664,0.0,0.0,0.0,0,0,0,2.5097737312316895,0,0,0,0,0.0,0.0,39.81814956665039,37.002559661865234,0.0,0.0,0.0,0.0,0,3.9338765144348145,0.0,0.0,11.488221168518066,0.0,53.26887130737305,0.0,0.0,0.0,0.0,0.0,0.0,0.0,0.0,0.0,0.0,0.0,0.0,0.0,0.0,0.0,3.724595546722412,8.77982234954834,0.0,0.0,0.0,0.0,34.328426361083984,18.864044189453125,35.27311325073242,9.400141716003418,18.917205810546875,33.71208190917969,18.79827117919922,138.3888702392578,43.601890563964844,56.16851043701172,76.66422271728516,22.70619773864746,46.22715759277344
TEST_09+1일,4.332091331481934,30.689834594726562,5.568307399749756,1.6120884418487549,0,0,10.78565502166748,0.0,0.0,0,0,0,0,0.0,21.3855037689209,0,30.159805297851562,0,0,27.955232620239258,11.831418991088867,0,0,0,9.151392936706543,18.799036026000977,13.827925682067871,14.55455493927002,10.29248332977295,0.0,0.0,0,0,0,0,0.0,42.45039367675781,0.0,0,40.20232009887695,13.672675132751465,0,0,0,0,0,0,0.0,0,0,12.276354789733887,0,4.435693264007568,0,0,0,0,0,0,0,6.306167125701904,6.288581371307373,12.94781494140625,16.35337257385254,5.272566795349121,0,0,0,0,0.0,0,0,0,0,0.0,0,0,0,0,0,0,0,0,0,0,0,0,0,0.0,0.0,26.284828186035156,0,0.0,5.172664165496826,0,0,0,0,26.540115356445312,0.0,0,0,0.0,0,82.04544830322266,27.135347366333008,25.38797950744629,0,0.0,0,0.0,0,0,0,0,0,0,0,0,0,0,28.077983856201172,0,0,0,0,0,0,0,0.0,0,0,35.550872802734375,0.0,0.0,0.0,0,0,0,0.0,0,0,0,0,6.381898403167725,0.0,66.39623260498047,37.46388626098633,6.042257308959961,0.0,1.4758360385894775,0.0,0,20.533489227294922,0.0,0.0,23.54595184326172,3.2692625522613525,47.47254943847656,0.0,6.934659481048584,0.0,4.845552444458008,0.0,3.0368707180023193,0.0,0.0,8.18508529663086,7.29125452041626,4.984062194824219,0.0,2.6720335483551025,0.0,11.642972946166992,10.26772403717041,18.488224029541016,0.0,0.0,0.0,0.0,29.146530151367188,14.347319602966309,33.56010437011719,5.8922858238220215,20.360567092895508,25.395645141601562,10.065862655639648,96.9016342163086,39.736270904541016,66.9587173461914,51.772064208984375,18.486148834228516,43.81951141357422
TEST_09+2일,5.489057540893555,30.29340362548828,6.654390335083008,2.923696994781494,0,0,11.569733619689941,0.0,0.0,0,0,0,0,0.0,21.54705810546875,0,29.794706344604492,0,0,27.72317123413086,12.55467414855957,0,0,0,10.030322074890137,19.114151000976562,14.435019493103027,15.118993759155273,11.106382369995117,0.0,0.0,0,0,0,0,0.0,41.32715606689453,0.0,0,39.21751403808594,14.290019989013672,0,0,0,0,0,0,0.0,0,0,12.97497272491455,0,5.586592674255371,0,0,0,0,0,0,0,7.349922180175781,7.333052635192871,13.607248306274414,16.812820434570312,6.375526428222656,0,0,0,0,0.0,0,0,0,0,0.0,0,0,0,0,0,0,0,0,0,0,0,0,0,0.0,0.0,26.153793334960938,0,0.0,6.281480312347412,0,0,0,0,26.39385414123535,0.2417231798171997,0,0,0.0,0,78.40604400634766,26.95348358154297,25.311128616333008,0,0.0,0,0.0,0,0,0,0,0,0,0,0,0,0,27.839345932006836,0,0,0,0,0,0,0,0.0,0,0,34.85630416870117,0.0,0.0,0.0,0,0,0,0.5683070421218872,0,0,0,0,7.421300888061523,0.0,63.76723861694336,36.65187072753906,7.101141452789307,0.0,2.794646739959717,0.0,0,20.74599266052246,0.0,0.0,23.57897186279297,4.486594200134277,46.03807830810547,0.0,7.942024230957031,0.0,5.97308349609375,0.0,4.267020225524902,0.0,0.0,9.120738983154297,8.278043746948242,6.103243827819824,0.0,3.9228973388671875,0.0,12.378461837768555,11.082319259643555,18.822927474975586,0.0,0.0,0.0,0.0,28.841350555419922,14.925056457519531,32.986759185791016,6.959615707397461,20.5825252532959,25.31871795654297,10.892744064331055,92.28341674804688,38.783203125,64.29168701171875,50.07068634033203,18.819787979125977,42.61329650878906
TEST_09+3일,5.460935115814209,29.513994216918945,6.591564178466797,2.9705798625946045,0,0,11.361769676208496,0.0,0.0,0,0,0,0,0.0,21.036155700683594,0,29.030405044555664,0,0,27.023334503173828,12.317142486572266,0,0,0,9.86835765838623,18.678857803344727,14.141115188598633,14.804412841796875,10.911365509033203,0.0,0.0,0,0,0,0,0.0,40.19243240356445,0.0,0,38.149879455566406,13.999475479125977,0,0,0,0,0,0,0.0,0,0,12.723899841308594,0,5.555913925170898,0,0,0,0,0,0,0,7.26678466796875,7.251051425933838,13.337076187133789,16.44609832763672,6.321333408355713,0,0,0,0,0.0,0,0,0,0,0.0,0,0,0,0,0,0,0,0,0,0,0,0,0,0.0,0.0,25.503095626831055,0,0.0,6.229701995849609,0,0,0,0,25.734251022338867,0.3679988980293274,0,0,0.0,0,76.05267333984375,26.277645111083984,24.684982299804688,0,0.0,0,0.0,0,0,0,0,0,0,0,0,0,0,27.136568069458008,0,0,0,0,0,0,0,0.0,0,0,33.93070983886719,0.0,0.0,0.0,0,0,0,0.6846378445625305,0,0,0,0,7.335997104644775,0.0,61.903480529785156,35.670814514160156,7.0254645347595215,0.0,2.8460633754730225,0.0,0,20.259830474853516,0.0,0.0,23.005903244018555,4.488023281097412,44.75482940673828,0.0,7.841176509857178,0.0,5.930654048919678,0.0,4.27515172958374,0.0,0.0,8.984870910644531,8.168204307556152,6.0577921867370605,0.0,3.941598653793335,0.0,12.145166397094727,10.888772010803223,18.395389556884766,0.0,0.0,0.0,0.0,28.104162216186523,14.615339279174805,32.11970138549805,6.888051509857178,20.10089683532715,24.691965103149414,10.704176902770996,89.4587173461914,37.731937408447266,62.40809631347656,48.656776428222656,18.3927059173584,41.43944549560547
TEST_09+4일,5.799767017364502,29.52872657775879,6.915677547454834,3.341899871826172,0,0,11.622125625610352,0.0,0.0,0,0,0,0,0.0,21.167423248291016,0,29.05205535888672,0,0,27.0725154876709,12.564805030822754,0,0,0,10.148589134216309,18.84072494506836,14.364228248596191,15.018609046936035,11.178239822387695,0.0,0.0,0,0,0,0,0.019764304161071777,40.06711196899414,0.0,0,38.0522346496582,14.224966049194336,0,0,0,0,0,0,0.0,0,0,12.966653823852539,0,5.8933024406433105,0,0,0,0,0,0,0,7.581862926483154,7.566004276275635,13.571512222290039,16.639047622680664,6.648817539215088,0,0,0,0,0.0,0,0,0,0,0.0,0,0,0,0,0,0,0,0,0,0,0,0,0,0.0,0.0,25.572628021240234,0,0.0,6.558566570281982,0,0,0,0,25.801673889160156,0.7720111608505249,0,0,0.0,0,75.44328308105469,26.336841583251953,24.766693115234375,0,0.0,0,0.0,0,0,0,0,0,0,0,0,0,0,27.18376922607422,0,0,0,0,0,0,0,0.0,0,0,33.887306213378906,0.0,0.0,0.0,0,0,0,1.0848759412765503,0,0,0,0,7.650135517120361,0.0,61.484554290771484,35.60235595703125,7.343573093414307,0.0,3.218618869781494,0.0,0,20.401321411132812,0.0,0.0,23.110490798950195,4.839496612548828,44.56453323364258,0.0,8.14875602722168,0.0,6.263294696807861,0.0,4.629270553588867,0.0,0.0,9.277466773986816,8.471010208129883,6.388436317443848,0.0,4.299905300140381,0.0,12.395570755004883,11.15557861328125,18.561527252197266,0.13055169582366943,0.0,0.0,0.0,28.14030647277832,14.832547187805176,32.101444244384766,7.20807409286499,20.244888305664062,24.77359390258789,10.973755836486816,88.67013549804688,37.63811492919922,61.98417663574219,48.41455078125,18.558855056762695,41.29556655883789
TEST_09+5일,5.566313743591309,29.17391014099121,6.6757307052612305,3.1254007816314697,0,0,11.353918075561523,0.0,0.0,0,0,0,0,0.0,20.850833892822266,0,28.69951057434082,0,0,26.7279052734375,12.2913179397583,0,0,0,9.88881778717041,18.5340633392334,14.080877304077148,14.731842041015625,10.913090705871582,0.0,0.0,0,0,0,0,0.0,39.680416107177734,0.0,0,37.67222213745117,13.942893981933594,0,0,0,0,0,0,0.0,0,0,12.691471099853516,0,5.659239768981934,0,0,0,0,0,0,0,7.337892532348633,7.321619510650635,13.293109893798828,16.344860076904297,6.41019344329834,0,0,0,0,0.0,0,0,0,0,0.0,0,0,0,0,0,0,0,0,0,0,0,0,0,0.0,0.0,25.233991622924805,0,0.0,6.320863723754883,0,0,0,0,25.46345329284668,0.5731976628303528,0,0,0.0,0,74.97735595703125,25.994661331176758,24.432870864868164,0,0.0,0,0.0,0,0,0,0,0,0,0,0,0,0,26.838125228881836,0,0,0,0,0,0,0,0.0,0,0,33.51921463012695,0.0,0.0,0.0,0,0,0,0.8836820721626282,0,0,0,0,7.4054107666015625,0.0,61.04097366333008,35.22681427001953,7.10082483291626,0.0,3.002415895462036,0.0,0,20.08820915222168,0.0,0.0,22.784482955932617,4.61245584487915,44.1622428894043,0.0,7.901223182678223,0.0,6.027008533477783,0.0,4.403594970703125,0.0,0.0,9.023744583129883,8.221105575561523,6.151206016540527,0.0,4.076282024383545,0.0,12.123237609863281,10.89004898071289,18.256765365600586,0.0,0.0,0.0,0.0,27.79395866394043,14.547332763671875,31.739866256713867,6.9660444259643555,19.93293571472168,24.43953514099121,10.70964241027832,88.19166564941406,37.257991790771484,61.540645599365234,48.00156021118164,18.253883361816406,40.90382766723633
TEST_09+6일,4.868818283081055,28.77492904663086,5.990805625915527,2.3993868827819824,0,0,10.725118637084961,0.0,0.0,0,0,0,0,0.0,20.33929443359375,0,28.294219970703125,0,0,26.295703887939453,11.673890113830566,0,0,0,9.242326736450195,17.993877410888672,13.48511028289795,14.144200325012207,10.277910232543945,0.0,0.0,0,0,0,0,0.0,39.43317794799805,0.0,0,37.39579391479492,13.344593048095703,0,0,0,0,0,0,0.0,0,0,12.077845573425293,0,4.963025093078613,0,0,0,0,0,0,0,6.660498142242432,6.644914627075195,12.686929702758789,15.775836944580078,5.722598552703857,0,0,0,0,0.0,0,0,0,0,0.0,0,0,0,0,0,0,0,0,0,0,0,0,0,0.0,0.0,24.781177520751953,0,0.0,5.631608963012695,0,0,0,0,25.013145446777344,0.0,0,0,0.0,0,75.2882080078125,25.55277442932129,23.968435287475586,0,0.0,0,0.0,0,0,0,0,0,0,0,0,0,0,26.407075881958008,0,0,0,0,0,0,0,0.0,0,0,33.180477142333984,0.0,0.0,0.0,0,0,0,0.13385629653930664,0,0,0,0,6.7294158935546875,0.0,61.12248229980469,34.9145622253418,6.421151161193848,0.0,2.276190757751465,0.0,0,19.566852569580078,0.0,0.0,22.298480987548828,3.904001235961914,43.98301696777344,0.0,7.230833053588867,0.0,5.334936141967773,0.0,3.693131446838379,0.0,0.0,8.365577697753906,7.554752349853516,5.460654258728027,0.0,3.3621082305908203,0.0,11.503144264221191,10.2554931640625,17.711864471435547,0.0,0.0,0.0,0.0,27.376096725463867,13.956533432006836,31.376497268676758,6.28507137298584,19.40996551513672,23.97542381286621,10.072367668151855,88.731689453125,36.97426223754883,61.63125991821289,47.87904357910156,17.71056365966797,40.674312591552734
TEST_09+7일,4.760804653167725,29.190467834472656,5.907663822174072,2.238248348236084,0,0,10.744174003601074,0.0,0.0,0,0,0,0,0.0,20.572715759277344,0,28.698936462402344,0,0,26.65647315979004,11.713683128356934,0,0,0,9.22896671295166,18.172500610351562,13.564860343933105,14.238093376159668,10.28875732421875,0.0,0.0,0,0,0,0,0.0,40.08784484863281,0.0,0,38.00547409057617,13.422574996948242,0,0,0,0,0,0,0.0,0,0,12.12816047668457,0,4.856734275817871,0,0,0,0,0,0,0,6.592138767242432,6.575076103210449,12.750434875488281,15.908366203308105,5.633132457733154,0,0,0,0,0.0,0,0,0,0,0.0,0,0,0,0,0,0,0,0,0,0,0,0,0,0.0,0.0,25.10874366760254,0,0.0,5.540805339813232,0,0,0,0,25.34869956970215,0.0,0,0,0.0,0,76.73100280761719,25.896968841552734,24.281036376953125,0,0.0,0,0.0,0,0,0,0,0,0,0,0,0,0,26.77033233642578,0,0,0,0,0,0,0,0.0,0,0,33.695335388183594,0.0,0.0,0.0,0,0,0,0.0,0,0,0,0,6.661986351013184,0.0,62.25343322753906,35.46384811401367,6.347005367279053,0.0,2.1111488342285156,0.0,0,19.78293228149414,0.0,0.0,22.57461929321289,3.7748570442199707,44.73078918457031,0.0,7.174575328826904,0.0,5.2369513511657715,0.0,3.5590248107910156,0.0,0.0,8.335439682006836,7.504868984222412,5.365043640136719,0.0,3.220496654510498,0.0,11.540505409240723,10.26463508605957,17.886016845703125,0.0,0.0,0.0,0.0,27.764373779296875,14.047929763793945,31.852237701416016,6.207728385925293,19.622577667236328,24.287853240966797,10.078384399414062,90.46955871582031,37.57330322265625,62.77547073364258,48.7162971496582,17.883333206176758,41.35398864746094
