date,느티나무 셀프BBQ_1인 수저세트,느티나무 셀프BBQ_BBQ55(단체),"느티나무 셀프BBQ_대여료 30,000원","느티나무 셀프BBQ_대여료 60,000원","느티나무 셀프BBQ_대여료 90,000원","느티나무 셀프BBQ_본삼겹 (단품,실내)",느티나무 셀프BBQ_스프라이트 (단체),느티나무 셀프BBQ_신라면,느티나무 셀프BBQ_쌈야채세트,느티나무 셀프BBQ_쌈장,느티나무 셀프BBQ_육개장 사발면,느티나무 셀프BBQ_일회용 소주컵,느티나무 셀프BBQ_일회용 종이컵,느티나무 셀프BBQ_잔디그늘집 대여료 (12인석),느티나무 셀프BBQ_잔디그늘집 대여료 (6인석),느티나무 셀프BBQ_잔디그늘집 의자 추가,느티나무 셀프BBQ_참이슬 (단체),느티나무 셀프BBQ_친환경 접시 14cm,느티나무 셀프BBQ_친환경 접시 23cm,느티나무 셀프BBQ_카스 병(단체),느티나무 셀프BBQ_콜라 (단체),느티나무 셀프BBQ_햇반,느티나무 셀프BBQ_허브솔트,담하_(단체) 공깃밥,담하_(단체) 생목살 김치전골 2.0,담하_(단체) 은이버섯 갈비탕,담하_(단체) 한우 우거지 국밥,담하_(단체) 황태해장국 3/27까지,담하_(정식) 된장찌개,담하_(정식) 물냉면 ,담하_(정식) 비빔냉면,담하_(후식) 된장찌개,담하_(후식) 물냉면,담하_(후식) 비빔냉면,담하_갑오징어 비빔밥,담하_갱시기,담하_공깃밥,담하_꼬막 비빔밥,담하_느린마을 막걸리,담하_담하 한우 불고기,담하_담하 한우 불고기 정식,담하_더덕 한우 지짐,담하_들깨 양지탕,담하_라면사리,담하_룸 이용료,담하_메밀면 사리,담하_명인안동소주,담하_명태회 비빔냉면,담하_문막 복분자 칵테일,담하_봉평메밀 물냉면,담하_생목살 김치찌개,담하_스프라이트,담하_은이버섯 갈비탕,담하_제로콜라,담하_참이슬,담하_처음처럼,담하_카스,담하_콜라,담하_테라,담하_하동 매실 칵테일,담하_한우 떡갈비 정식,담하_한우 미역국 정식,담하_한우 우거지 국밥,담하_한우 차돌박이 된장찌개,담하_황태해장국,라그로타_AUS (200g),라그로타_G-Charge(3),라그로타_Gls.Sileni,라그로타_Gls.미션 서드,라그로타_Open Food,라그로타_그릴드 비프 샐러드,라그로타_까르보나라,라그로타_모둠 해산물 플래터,라그로타_미션 서드 카베르네 쉬라,라그로타_버섯 크림 리조또,라그로타_빵 추가 (1인),라그로타_스프라이트,라그로타_시저 샐러드 ,라그로타_아메리카노,라그로타_알리오 에 올리오 ,라그로타_양갈비 (4ps),라그로타_자몽리치에이드,라그로타_제로콜라,라그로타_카스,라그로타_콜라,라그로타_하이네켄(생),라그로타_한우 (200g),라그로타_해산물 토마토 리조또,라그로타_해산물 토마토 스튜 파스타,라그로타_해산물 토마토 스파게티,"미라시아_(단체)브런치주중 36,000",미라시아_(오븐) 하와이안 쉬림프 피자,미라시아_(화덕) 불고기 페퍼로니 반반피자,미라시아_BBQ Platter,미라시아_BBQ 고기추가,미라시아_공깃밥,미라시아_글라스와인 (레드),미라시아_레인보우칵테일(알코올),미라시아_미라시아 브런치 (패키지),미라시아_버드와이저(무제한),미라시아_보일링 랍스타 플래터,미라시아_보일링 랍스타 플래터(덜매운맛),미라시아_브런치 2인 패키지 ,미라시아_브런치 4인 패키지 ,미라시아_브런치(대인) 주말,미라시아_브런치(대인) 주중,미라시아_브런치(어린이),미라시아_쉬림프 투움바 파스타,미라시아_스텔라(무제한),미라시아_스프라이트,미라시아_애플망고 에이드,미라시아_얼그레이 하이볼,미라시아_오븐구이 윙과 킬바사소세지,미라시아_유자 하이볼,미라시아_잭 애플 토닉,미라시아_칠리 치즈 프라이,미라시아_코카콜라,미라시아_코카콜라(제로),미라시아_콥 샐러드,미라시아_파스타면 추가(150g),미라시아_핑크레몬에이드,연회장_Cass Beer,연회장_Conference L1,연회장_Conference L2,연회장_Conference L3,연회장_Conference M1,연회장_Conference M8,연회장_Conference M9,연회장_Convention Hall,연회장_Cookie Platter,연회장_Grand Ballroom,연회장_OPUS 2,연회장_Regular Coffee,연회장_골뱅이무침,연회장_공깃밥,연회장_돈목살 김치찌개 (밥포함),연회장_로제 치즈떡볶이,연회장_마라샹궈,연회장_매콤 무뼈닭발&계란찜,연회장_모둠 돈육구이(3인),연회장_삼겹살추가 (200g),연회장_야채추가,연회장_왕갈비치킨,연회장_주먹밥 (2ea),카페테리아_공깃밥(추가),카페테리아_구슬아이스크림,카페테리아_단체식 13000(신),카페테리아_단체식 18000(신),카페테리아_돼지고기 김치찌개,카페테리아_복숭아 아이스티,카페테리아_새우 볶음밥,카페테리아_새우튀김 우동,카페테리아_샷 추가,카페테리아_수제 등심 돈까스,카페테리아_아메리카노(HOT),카페테리아_아메리카노(ICE),카페테리아_약 고추장 돌솥비빔밥,카페테리아_어린이 돈까스,카페테리아_오픈푸드,카페테리아_진사골 설렁탕,카페테리아_짜장면,카페테리아_짜장밥,카페테리아_짬뽕,카페테리아_짬뽕밥,카페테리아_치즈돈까스,카페테리아_카페라떼(HOT),카페테리아_카페라떼(ICE),카페테리아_한상 삼겹구이 정식(2인) 소요시간 약 15~20분,포레스트릿_꼬치어묵,포레스트릿_떡볶이,포레스트릿_복숭아 아이스티,포레스트릿_생수,포레스트릿_스프라이트,포레스트릿_아메리카노(HOT),포레스트릿_아메리카노(ICE),포레스트릿_치즈 핫도그,포레스트릿_카페라떼(HOT),포레스트릿_카페라떼(ICE),포레스트릿_코카콜라,포레스트릿_페스츄리 소시지,화담숲주막_느린마을 막걸리,화담숲주막_단호박 식혜 ,화담숲주막_병천순대,화담숲주막_스프라이트,화담숲주막_참살이 막걸리,화담숲주막_찹쌀식혜,화담숲주막_콜라,화담숲주막_해물파전,화담숲카페_메밀미숫가루,화담숲카페_아메리카노 HOT,화담숲카페_아메리카노 ICE,화담숲카페_카페라떼 ICE,화담숲카페_현미뻥스크림
0,11.838752746582031,0.0,10.948332786560059,6.285996913909912,0.054825376719236374,2.5104587078094482,0.03463112190365791,5.964241027832031,6.797738552093506,1.9959113597869873,0.0660785660147667,0.00321301375515759,1.659708857536316,7.202208518981934,29.17938804626465,3.071294069290161,0.0,1.085278868675232,2.474311351776123,0.0,0.045308321714401245,3.10727858543396,0.967473566532135,0.02469952404499054,38.34527587890625,2.4832558631896973,0.01027485728263855,45.579891204833984,4.509094715118408,1.609053611755371,1.4919123649597168,0.9813810586929321,6.1905646324157715,2.1358642578125,0.006985685788094997,0.00030039725243113935,29.17603302001953,0.00015117919247131795,1.6752331256866455,23.14480209350586,10.042097091674805,0.20956416428089142,0.0,0.644676923751831,0.08907291293144226,1.3494857549667358,0.0,5.047990322113037,1.1930415630340576,2.876469612121582,9.948261260986328,1.37429678440094,6.013464450836182,0.011711752973496914,2.1030309200286865,0.13126245141029358,0.7591223120689392,0.0024838331155478954,0.7170774340629578,0.10672026127576828,7.5139851570129395,5.904971122741699,11.970621109008789,9.221323013305664,9.485722541809082,2.109438180923462,0.0,1.076849341392517,0.37971681356430054,2.263658285140991,1.7848252058029175,7.744655132293701,0.0,1.0826325416564941,5.611623764038086,0.12507182359695435,0.06612016260623932,0.8465835452079773,0.014209294691681862,3.7437009811401367,3.0556952953338623,0.21204374730587006,0.0006814448861405253,0.7630394101142883,2.3961644172668457,1.262727975845337,2.3705694675445557,1.1079206466674805,1.9529614448547363,3.813751220703125,1.1754958629608154,0.8217986226081848,3.6967012882232666,6.290833950042725,0.015220069326460361,0.0,0.00031979416962713003,0.02718169428408146,14.257594108581543,5.616912841796875,0.6951889991760254,0.001357442932203412,4.7027506828308105,0.2855289578437805,129.61721801757812,6.191646099090576,30.353845596313477,3.532108783721924,2.303879976272583,0.07707234472036362,4.5785603523254395,0.9131197333335876,1.111871361732483,0.509605348110199,0.00018859643023461103,0.918415367603302,0.6071667671203613,1.4322656393051147,0.6121810078620911,1.8764851093292236,0.0,0.09825143218040466,0.9426225423812866,1.0347504615783691,0.0,1.0250355005264282,0.9994610548019409,0.0,0.9526270031929016,0.10838550329208374,0.9960541129112244,0.0,0.0748538076877594,2.9090373516082764,2.073765277862549,2.184378147125244,3.7849137783050537,0.0,1.333707332611084,8.116004943847656,0.21836790442466736,0.5230614542961121,5.445237159729004,0.010025491937994957,5.322702884674072,1.096088089980185e-05,55.598541259765625,0.0,16.514755249023438,0.0021869242191314697,9.40484619140625,1.309561775997281e-05,6.523247429868206e-05,22.449783325195312,0.0011828143615275621,0.0,30.70903778076172,5.413816452026367,0.2068335860967636,0.0022943438962101936,8.779544830322266,0.10615798085927963,6.221780776977539,1.1644452810287476,4.970240116119385,0.0,0.0,4.9814958572387695,0.0720989927649498,1.6368505954742432,0.05208135023713112,16.103870391845703,3.4243862628936768,0.12455036491155624,6.581973552703857,0.3922882080078125,0.014844357036054134,0.11498657613992691,4.186153411865234,0.3207044005393982,25.59337043762207,10.598491668701172,23.867313385009766,8.45030689239502,18.202632904052734,21.583667755126953,12.453261375427246,83.11527252197266,62.33805847167969,2.8939456939697266,51.52137756347656,11.753273010253906,22.063236236572266
0,15.065319061279297,0.0,9.7179536819458,6.527453422546387,0.00799658615142107,1.575097680091858,0.050698794424533844,6.664618968963623,5.94899845123291,1.877149224281311,0.08188335597515106,0.00627632811665535,1.4855982065200806,5.500964164733887,32.08539962768555,2.734192132949829,0.0,0.9731026887893677,2.360746145248413,0.8862650394439697,0.053044643253088,2.030565023422241,0.8785924911499023,0.02634042501449585,45.827857971191406,1.6793334484100342,0.001978150336071849,16.30495834350586,4.209761142730713,0.6889728307723999,1.3110089302062988,0.9809158444404602,5.246706008911133,2.4582841396331787,0.006985685788094997,0.00030039725243113935,26.627792358398438,0.00015117919247131795,1.060083270072937,23.10499382019043,6.22835636138916,0.5152551531791687,0.0025173332542181015,0.8577415347099304,0.0,1.2739697694778442,0.014985634945333004,4.636058330535889,0.09689952433109283,3.1748600006103516,10.037459373474121,1.798687219619751,5.705922603607178,0.03110027313232422,0.6247186660766602,0.04235066846013069,0.8279463052749634,0.0028533749282360077,1.7551909685134888,0.08276104927062988,5.3150105476379395,6.8728203773498535,14.097145080566406,8.137062072753906,13.543469429016113,2.6742630004882812,0.0,1.0815684795379639,1.552532434463501,0.8953516483306885,1.778875708580017,6.918375492095947,0.0,1.2015756368637085,6.398028373718262,0.11882805079221725,0.00266720331273973,1.3822345733642578,0.015940653160214424,4.053198337554932,2.298560619354248,0.06530772894620895,0.0006814448861405253,0.8376753330230713,1.8288946151733398,3.2085611820220947,1.582924485206604,1.6586419343948364,1.235267996788025,4.5523681640625,0.18407845497131348,0.8905580043792725,4.249892711639404,6.485796928405762,0.013262681663036346,0.0,0.00028391447267495096,0.0184671338647604,12.500153541564941,7.334887504577637,1.4517369270324707,0.0013318851124495268,4.933655261993408,0.08192777633666992,27.09077262878418,14.279175758361816,30.65530014038086,4.406930446624756,2.1898715496063232,0.0,5.132800579071045,1.1903963088989258,1.1357672214508057,0.772609293460846,0.0011516471859067678,1.094565749168396,0.7960401773452759,2.602428674697876,1.1029359102249146,2.291548490524292,0.0,0.09833000600337982,0.994929850101471,0.9004213809967041,0.0,1.0248550176620483,0.9239131212234497,0.002817804692313075,1.0203185081481934,0.1927821785211563,1.0568463802337646,0.0,0.0748538076877594,2.521000385284424,1.843589186668396,2.402578353881836,3.374433755874634,0.0,1.0203088521957397,8.810164451599121,0.2740165889263153,0.41316166520118713,5.617368698120117,0.0,5.713135242462158,1.096088089980185e-05,85.31826782226562,0.1340406835079193,16.328289031982422,0.0021869242191314697,9.084519386291504,1.309561775997281e-05,6.523247429868206e-05,23.02222442626953,0.0011828143615275621,0.0,36.09510803222656,6.806793689727783,0.019625738263130188,0.0022943438962101936,9.936336517333984,0.01379456277936697,6.770808219909668,1.3455365896224976,5.366989612579346,0.0,0.0,5.593747615814209,0.006862921640276909,0.5336544513702393,0.0003650721628218889,16.674283981323242,3.3505375385284424,0.0,9.65219497680664,0.0,0.0,0.15662167966365814,3.74355149269104,0.09313086420297623,29.35367202758789,8.473121643066406,23.96105194091797,10.029800415039062,20.095144271850586,20.235877990722656,14.717533111572266,78.30438232421875,57.67776870727539,1.643905758857727,53.27058410644531,14.923555374145508,26.14188003540039
0,12.578959465026855,0.0,10.106911659240723,6.544076442718506,0.0074557592160999775,1.6258498430252075,0.07822927832603455,5.523675918579102,5.4239020347595215,1.6433426141738892,0.0861160159111023,0.004125300329178572,1.4489277601242065,8.210585594177246,30.35193634033203,1.8907285928726196,0.07373354583978653,1.446591854095459,1.9019607305526733,0.11006031930446625,0.036512576043605804,1.1063529253005981,1.231316089630127,0.02634042501449585,41.028526306152344,1.1113228797912598,0.0025695080403238535,18.05303192138672,4.883509635925293,1.2045031785964966,1.0829657316207886,1.3967372179031372,4.533198356628418,2.247450351715088,0.006985685788094997,0.00030039725243113935,28.69767951965332,0.00015117919247131795,1.2205491065979004,20.048555374145508,8.789481163024902,0.5221218466758728,0.0025173332542181015,1.266980528831482,0.00069894187618047,1.149652123451233,0.0006506656063720584,4.558716297149658,0.008226627483963966,3.2483561038970947,9.853758811950684,1.4477336406707764,4.89709997177124,0.00096013059373945,1.1054091453552246,0.02158893644809723,1.3357231616973877,0.004082771018147469,1.3001571893692017,0.001604514429345727,5.945959568023682,5.131834983825684,11.461889266967773,9.083861351013184,8.999908447265625,2.022639751434326,0.001220714533701539,1.132369041442871,1.1992055177688599,0.8264134526252747,2.3256826400756836,6.860644340515137,0.0,1.0664410591125488,5.349515438079834,0.11124251037836075,0.003114519640803337,0.9820870757102966,0.015940653160214424,2.9957473278045654,2.4069976806640625,0.0591064989566803,0.0016853701090440154,1.0493286848068237,2.432450771331787,1.8534414768218994,1.367127537727356,1.5637096166610718,1.5974876880645752,3.966771125793457,0.8415119647979736,1.0634821653366089,3.4426889419555664,6.43117094039917,0.013262681663036346,0.0,0.0023496514186263084,0.0,10.605299949645996,6.556910037994385,1.493970513343811,0.0013318851124495268,5.151278972625732,0.000497790111694485,25.460025787353516,9.89219856262207,22.74797248840332,3.715622901916504,2.087008237838745,0.008088113740086555,4.808741092681885,1.335066318511963,1.0623384714126587,0.6177698373794556,0.0011516471859067678,1.2705086469650269,1.1921452283859253,2.003854513168335,1.0007579326629639,1.4780992269515991,0.009877434931695461,0.13165543973445892,0.914610743522644,1.0040704011917114,0.0,1.0084930658340454,0.8891100287437439,0.0021899801213294268,1.0853906869888306,0.23113034665584564,0.9782644510269165,0.0,0.009223716333508492,2.476069688796997,1.703840970993042,2.3370096683502197,3.2851901054382324,0.0,1.055549144744873,7.860486030578613,0.0,0.6773794889450073,5.299151420593262,0.0017228641081601381,5.400665760040283,1.096088089980185e-05,72.07817077636719,0.3503045439720154,13.946892738342285,0.0021869242191314697,7.903148651123047,1.309561775997281e-05,6.523247429868206e-05,24.509157180786133,0.0011828143615275621,0.0,34.64285659790039,7.754039764404297,0.019625738263130188,0.0022943438962101936,10.01822280883789,0.01440353225916624,6.902799606323242,1.3975034952163696,5.950407981872559,0.0,0.0,4.940008640289307,0.01160772331058979,0.22297435998916626,0.0003650721628218889,16.028087615966797,3.775705575942993,0.0,9.253035545349121,0.08833929151296616,0.0,0.01977783814072609,3.47884464263916,0.12042540311813354,26.809484481811523,8.85866641998291,24.320968627929688,10.325715065002441,18.566574096679688,19.983308792114258,14.523263931274414,75.80687713623047,58.177085876464844,1.4202425479888916,49.86738204956055,13.808865547180176,19.915342330932617
0,12.875419616699219,0.0,9.059957504272461,6.477731227874756,0.0074557592160999775,1.7691837549209595,0.0,5.941920280456543,5.954187870025635,1.670943021774292,0.076930470764637,0.0010297392727807164,1.7060641050338745,6.870657444000244,33.223079681396484,2.0618722438812256,0.07373354583978653,1.2552111148834229,2.413328170776367,0.14318542182445526,0.036512576043605804,1.208533763885498,1.4041460752487183,0.029005903750658035,40.15643310546875,0.5270181894302368,0.0025695080403238535,20.199068069458008,5.1475830078125,0.09944084286689758,1.1588449478149414,1.4857814311981201,4.303844928741455,2.4060158729553223,0.0,0.00030039725243113935,31.59364128112793,0.00015117919247131795,0.9158685207366943,22.61936378479004,8.936748504638672,0.4534338414669037,0.0025173332542181015,1.6131292581558228,0.00042560906149446964,1.118236780166626,0.0,4.20055627822876,0.003209040267392993,2.9686176776885986,11.001450538635254,1.465257167816162,5.069000244140625,0.0011669890955090523,0.7207074165344238,0.020548738539218903,1.5010405778884888,0.0025006690993905067,1.5932594537734985,0.002695533214136958,6.615463733673096,4.86320686340332,12.928422927856445,8.194679260253906,8.716729164123535,2.1531100273132324,0.001220714533701539,1.2078865766525269,1.7935882806777954,1.427424430847168,2.35032057762146,6.697920322418213,0.0,1.0304569005966187,5.071526050567627,0.11927328258752823,0.00452178530395031,0.9970442652702332,0.015940653160214424,3.6415586471557617,2.4225950241088867,0.03987585008144379,0.00137435644865036,0.8604936599731445,2.095142364501953,3.4089014530181885,1.8275083303451538,1.525897741317749,1.7609308958053589,4.7425994873046875,0.31288349628448486,0.7337595820426941,3.207956552505493,7.270908355712891,0.0156492218375206,0.0,0.0016596728237345815,0.0,9.666267395019531,5.435686111450195,1.3993313312530518,0.0008828639984130859,5.231010437011719,0.000389231980079785,25.388568878173828,8.671695709228516,21.806724548339844,4.756299018859863,2.0397050380706787,0.008088113740086555,4.0881781578063965,1.2211419343948364,1.1067354679107666,1.2246308326721191,0.0008964486187323928,1.0848877429962158,0.523815929889679,2.1178536415100098,1.259187936782837,1.396558165550232,0.010602002963423729,0.05603110045194626,0.890360951423645,0.9509882926940918,0.0,1.0255507230758667,0.8878534436225891,0.0,1.0212078094482422,0.23415933549404144,0.9330755472183228,0.0,0.0,2.516376256942749,1.5966787338256836,2.347399950027466,3.1646034717559814,0.0,1.2248576879501343,7.479759216308594,0.0008586940821260214,0.7161674499511719,5.571805953979492,0.002579745138064027,5.583054542541504,1.096088089980185e-05,75.36784362792969,0.0,14.520135879516602,0.0021869242191314697,7.876389026641846,1.309561775997281e-05,6.523247429868206e-05,26.674657821655273,0.0011828143615275621,0.0,36.96089172363281,7.885788440704346,0.019625738263130188,0.0022943438962101936,10.358108520507812,0.01440353225916624,6.908946990966797,1.772261381149292,6.440910339355469,0.0,0.0,4.395861625671387,0.01160772331058979,0.23235535621643066,0.0003650721628218889,16.00125503540039,3.846095323562622,0.0,7.278175354003906,0.14593876898288727,0.0,0.01977783814072609,3.963622808456421,0.14838530123233795,26.871841430664062,8.278336524963379,23.720794677734375,10.050045013427734,21.356918334960938,19.721302032470703,14.05396556854248,89.2016372680664,55.425758361816406,2.618171453475952,48.99463653564453,13.198465347290039,20.51773452758789
0,12.758337020874023,0.0,8.26607894897461,4.492177486419678,0.0074557592160999775,2.063737392425537,0.0,5.029912948608398,5.78054141998291,1.569218635559082,0.07931289076805115,0.0010193040361627936,1.6442524194717407,7.6299309730529785,31.090309143066406,1.7400606870651245,0.0,1.7595083713531494,2.4012291431427,1.1423019170761108,0.0,0.6719874143600464,0.9802720546722412,0.029165152460336685,34.33643341064453,0.4294925332069397,0.0,27.11945915222168,5.4216508865356445,0.21558243036270142,1.012863278388977,1.6100468635559082,4.529537677764893,1.9667009115219116,0.006031210534274578,0.00030039725243113935,32.32843017578125,0.00015117919247131795,1.2716624736785889,22.099058151245117,8.666098594665527,0.5531395077705383,0.0025173332542181015,1.6040502786636353,0.00069894187618047,1.1759837865829468,0.0,4.554227828979492,0.001527882064692676,3.378422498703003,11.564789772033691,1.564473032951355,4.510899066925049,0.0011596225667744875,1.0610483884811401,0.021397415548563004,1.3899061679840088,0.0009017312549985945,1.460996389389038,0.0,7.206027984619141,3.7952678203582764,11.97554874420166,7.921421051025391,7.426158428192139,1.8777730464935303,0.0024638858158141375,1.1828418970108032,1.6653916835784912,1.07486891746521,2.365276575088501,6.819321155548096,0.0,1.1221590042114258,3.9947457313537598,0.14227840304374695,0.0,0.9312713742256165,0.014784984290599823,2.260274887084961,2.3902809619903564,0.0504789836704731,0.00137435644865036,0.9582951664924622,1.8388875722885132,2.9498772621154785,1.8277695178985596,1.5881528854370117,2.1007893085479736,4.58154296875,1.2368526458740234,1.1077258586883545,3.0850133895874023,7.802947521209717,0.016000885516405106,0.0,0.0016596728237345815,0.0,9.53817367553711,5.6346588134765625,1.3986562490463257,0.0006945946952328086,5.361457824707031,0.000389231980079785,25.336360931396484,8.461162567138672,19.309682846069336,4.1992292404174805,2.124316692352295,0.0,3.0148558616638184,1.1356475353240967,1.2327477931976318,0.8841594457626343,0.0011516471859067678,1.088821291923523,0.38015925884246826,2.066904067993164,1.0087766647338867,1.4738348722457886,0.00017653786926530302,0.17736448347568512,0.8850786685943604,1.0299173593521118,0.0002928962931036949,1.0240684747695923,0.879660964012146,4.457078466657549e-05,1.0175056457519531,0.395061731338501,0.8793995380401611,0.0,0.05301250144839287,2.837526798248291,1.469276785850525,2.4238638877868652,3.26888108253479,0.0,1.3009226322174072,7.285435676574707,0.0008586940821260214,1.1199318170547485,5.90275764465332,0.0006619906052947044,5.46968412399292,1.096088089980185e-05,66.33169555664062,0.0,12.902579307556152,0.0021869242191314697,8.285065650939941,1.309561775997281e-05,6.523247429868206e-05,25.094892501831055,0.0011828143615275621,0.0,38.982154846191406,8.808128356933594,0.019625738263130188,0.0022943438962101936,10.89183235168457,0.015140541829168797,6.784143924713135,1.664275884628296,7.663646221160889,0.0,0.0,4.246241092681885,0.03481874614953995,0.23235535621643066,0.0464145727455616,18.542848587036133,4.234859943389893,0.0,9.466506958007812,0.14593876898288727,0.0,0.013862374238669872,4.1133012771606445,0.14838530123233795,26.749446868896484,9.07113265991211,26.880313873291016,10.346634864807129,17.21150779724121,19.48113250732422,16.392475128173828,94.170654296875,59.71358871459961,2.8967151641845703,52.78770446777344,13.804064750671387,18.715404510498047
0,13.234235763549805,0.09864199906587601,7.379641532897949,5.02923583984375,0.005581368692219257,1.685615062713623,0.0,5.32766056060791,5.578670501708984,1.5843803882598877,0.08050927519798279,0.0013246271992102265,1.9479602575302124,7.074954032897949,31.388996124267578,1.7055250406265259,0.4994944632053375,1.765990972518921,2.1882081031799316,1.5435175895690918,0.2145116627216339,0.5045368075370789,1.128450632095337,0.023347802460193634,33.97673034667969,0.0,0.0,29.20913314819336,5.188421249389648,0.05399897322058678,1.011616826057434,1.4279098510742188,3.8999974727630615,2.3493247032165527,0.006031210534274578,0.00030039725243113935,28.681867599487305,0.00015117919247131795,1.1797130107879639,24.711671829223633,8.784208297729492,0.5591447949409485,0.0025173332542181015,1.658982515335083,0.00069894187618047,1.1727901697158813,0.0,4.5614471435546875,0.0,3.5247209072113037,13.207855224609375,1.5675361156463623,5.436985969543457,0.0,0.7731168270111084,0.018981164321303368,1.390924334526062,0.0009017312549985945,1.4001777172088623,0.0,6.704799175262451,4.770400524139404,13.310441970825195,8.85030460357666,7.1036858558654785,2.2030587196350098,0.0,1.0976977348327637,1.9265540838241577,0.8682991862297058,2.1594648361206055,6.521878242492676,0.0,1.0349256992340088,4.489622592926025,0.13505993783473969,0.002561398781836033,0.9395869374275208,0.014784984290599823,2.824130058288574,2.6542296409606934,0.04413270205259323,0.0,1.025278091430664,1.8686065673828125,3.840481758117676,2.1667351722717285,1.590675950050354,2.050185441970825,4.462143421173096,1.028133749961853,0.7804384231567383,2.9862236976623535,8.423718452453613,0.012983839027583599,0.0,0.0016596728237345815,0.0,11.104426383972168,5.481478691101074,1.4422026872634888,0.0029164222069084644,5.776069641113281,0.000389231980079785,25.392812728881836,14.324493408203125,21.768512725830078,4.52013635635376,2.135139226913452,0.004460277501493692,3.4771568775177,1.202226996421814,1.222225546836853,1.237600564956665,0.00018859643023461103,1.0194674730300903,0.7980619072914124,1.795305848121643,1.1328935623168945,2.1055848598480225,0.0,0.15699821710586548,0.8893610239028931,0.9390173554420471,0.0012793041532859206,1.0322465896606445,0.8522669672966003,0.0,0.9757062792778015,0.22589810192584991,0.8448607921600342,0.0,0.12137582898139954,1.9640851020812988,1.5273679494857788,1.6130220890045166,3.1850950717926025,0.0,1.2027246952056885,8.225665092468262,0.003767236601561308,1.0120041370391846,5.973808765411377,0.0,5.300631046295166,1.096088089980185e-05,81.77789306640625,0.0,13.074790000915527,0.0021869242191314697,9.147153854370117,1.309561775997281e-05,6.523247429868206e-05,25.580612182617188,0.0011828143615275621,0.0,40.29723358154297,9.691402435302734,0.019625738263130188,0.0022943438962101936,10.934989929199219,0.006749759428203106,6.541470050811768,2.318589210510254,7.3327107429504395,0.0,0.0,4.238431930541992,0.03481874614953995,0.16849535703659058,0.0464145727455616,26.32154083251953,5.176515579223633,0.026595842093229294,10.03465747833252,0.2698550820350647,0.0,0.03712509572505951,4.945701599121094,0.14838530123233795,26.716506958007812,9.319986343383789,27.569381713867188,10.475258827209473,21.649045944213867,19.969547271728516,17.45741081237793,100.86643981933594,58.3382568359375,3.2800023555755615,51.72262954711914,13.735651969909668,19.419404983520508
0,10.011799812316895,0.0,7.364715576171875,4.175370216369629,0.012729124166071415,1.8301925659179688,0.0023637269623577595,5.420445919036865,5.778830051422119,1.5132062435150146,0.08050927519798279,0.0,1.8946999311447144,7.118247032165527,30.148155212402344,1.4583522081375122,0.0,1.938763976097107,1.8508880138397217,0.18874849379062653,0.05788836628198624,0.8277067542076111,1.5187984704971313,0.026807889342308044,32.90302276611328,0.0,0.0,31.869131088256836,5.177743434906006,0.10803688317537308,1.1430875062942505,1.5288417339324951,3.9901692867279053,2.379978895187378,0.006985685788094997,0.00030039725243113935,27.71718406677246,0.0,1.0535149574279785,25.085060119628906,10.329558372497559,0.8176848888397217,0.0,1.6717263460159302,0.0005796608747914433,1.2101898193359375,0.0,4.437972068786621,0.0,4.117082118988037,14.236316680908203,1.596455693244934,4.419727325439453,0.0,0.944607138633728,0.023156417533755302,1.4049898386001587,0.0009017312549985945,1.5434503555297852,0.0038261408917605877,7.005980968475342,4.863790988922119,12.9340238571167,7.901439666748047,8.132776260375977,2.4443061351776123,0.0,1.1042985916137695,1.9300919771194458,0.8261350393295288,1.6825860738754272,6.022607326507568,0.0,1.0339478254318237,4.1067938804626465,0.13505993783473969,0.0016874189022928476,0.8501769304275513,0.015370847657322884,2.531984329223633,2.6477303504943848,0.05434127897024155,0.0019518571207299829,0.8890373706817627,2.036555290222168,4.234274387359619,1.750061273574829,1.633302927017212,2.5691306591033936,4.413463115692139,1.1106815338134766,0.9103368520736694,2.9721920490264893,8.756735801696777,0.0065780384466052055,0.0,0.0016596728237345815,0.0,7.746009349822998,5.287115097045898,1.3381783962249756,0.0031302492134273052,6.2451653480529785,0.000422975659603253,49.15928649902344,6.179529190063477,21.83853530883789,4.312017440795898,2.1379988193511963,0.0048779454082250595,3.0078554153442383,1.2049715518951416,1.1407018899917603,1.4811608791351318,0.0,1.0415515899658203,0.7161000370979309,2.3911054134368896,1.138136863708496,1.9399007558822632,0.0,0.09631775319576263,0.8336520195007324,0.9681060314178467,0.0,0.9866490960121155,0.8539380431175232,0.003054969711229205,0.9257479310035706,0.1823118031024933,0.7813977003097534,0.0,0.12137582898139954,1.9696420431137085,1.5831724405288696,1.8522299528121948,3.384112596511841,0.04931394383311272,1.2537447214126587,7.8021087646484375,0.12303846329450607,0.8124150037765503,5.768411159515381,0.018910862505435944,4.992817401885986,1.096088089980185e-05,64.08699035644531,0.0,13.109899520874023,0.0021869242191314697,9.205397605895996,1.309561775997281e-05,6.523247429868206e-05,27.250999450683594,0.0011828143615275621,0.0,41.15596008300781,9.388601303100586,0.019625738263130188,0.0022943438962101936,11.003421783447266,0.011110109277069569,7.238586902618408,1.8515410423278809,7.5723676681518555,0.0,0.0,4.320812702178955,0.2353842407464981,1.4800618886947632,0.05208135023713112,32.115577697753906,6.963350772857666,0.10399778932332993,11.123698234558105,0.44988757371902466,0.0525360107421875,0.09737489372491837,6.594645977020264,0.33346402645111084,27.920604705810547,9.774030685424805,26.82521629333496,10.944755554199219,22.17168617248535,21.130706787109375,17.591737747192383,117.51824951171875,60.67929458618164,3.3688347339630127,55.060020446777344,14.256457328796387,18.830766677856445
0,4.415200710296631,0.010065550915896893,10.15567684173584,3.4516289234161377,0.8827811479568481,1.6420364379882812,0.0,3.2933619022369385,4.827027797698975,0.07946790754795074,0.43695831298828125,0.8676131367683411,0.004139633849263191,5.796403408050537,15.554637908935547,1.69889235496521,1.7464919090270996,0.12559008598327637,2.2722954750061035,1.6360232830047607,0.9528961777687073,0.2755030393600464,0.0,0.0,0.0,0.16991855204105377,0.0,0.5934538245201111,5.009172439575195,3.4382894039154053,2.180692672729492,8.961125373840332,5.333061218261719,0.9985450506210327,1.1735732555389404,0.0,54.32170867919922,0.00106199667789042,2.1331279277801514,46.324806213378906,11.323944091796875,1.1987359523773193,0.0,0.004736387170851231,1.422037959098816,4.188995838165283,0.20713625848293304,4.085972785949707,1.2967212200164795,5.007505416870117,10.094840049743652,1.535460352897644,4.5658345222473145,0.5821794867515564,1.9448366165161133,1.9941757917404175,2.6826140880584717,2.0323023796081543,0.07751569151878357,2.309607982635498,15.917927742004395,8.889482498168945,17.231782913208008,9.450018882751465,5.975733280181885,1.9169578552246094,0.04750174283981323,2.4229888916015625,3.694316864013672,0.0671175867319107,1.9879721403121948,0.0062780966982245445,1.0144070386886597,0.008376634679734707,5.521594524383545,2.4202165603637695,0.0009032530360855162,2.574157953262329,0.006550499238073826,3.3697285652160645,2.3799753189086914,2.5778348445892334,2.7682363986968994,0.6685953140258789,0.9982101917266846,3.3739161491394043,0.5920618176460266,1.6727924346923828,3.00460147857666,5.345423221588135,0.0,0.6959775686264038,3.3951478004455566,13.33680248260498,0.02972566708922386,1.6061089038848877,0.002401436911895871,0.015591808594763279,18.54561996459961,4.726963520050049,1.0373563766479492,0.008013096638023853,8.775491714477539,0.0023964839056134224,50.6484489440918,0.0,40.285621643066406,2.5815069675445557,7.949912071228027,0.0,3.403642416000366,0.002325184876099229,2.475552797317505,0.0021648677065968513,1.0183825492858887,1.0917129516601562,2.5144853591918945,1.8928449153900146,3.455740451812744,2.1373393535614014,0.0027906920295208693,0.016239957883954048,0.0,0.00181497260928154,0.0,0.01671499013900757,0.00031125417444854975,0.0026666440535336733,0.00017146480968222022,0.9646655321121216,0.008440051227807999,0.0,0.6841687560081482,4.302112102508545,2.7162251472473145,2.0592920780181885,4.88257360458374,0.16869471967220306,1.733048439025879,7.349916934967041,0.23458422720432281,0.0,6.638154983520508,2.9810400009155273,4.549317836761475,0.005045712925493717,0.0,0.0,16.247310638427734,0.0026638051494956017,8.226457595825195,0.0,0.00010510286665521562,23.58748435974121,0.002278102096170187,0.0017272790428251028,25.26868438720703,8.132081031799316,0.02071770280599594,0.0002955276286229491,17.759296417236328,0.12185375392436981,8.320028305053711,2.233856439590454,14.78310489654541,0.0,0.0030857070814818144,20.574222564697266,0.2399872988462448,1.2380868196487427,0.05274399742484093,14.917899131774902,0.46517297625541687,0.5036664009094238,3.2182514667510986,1.7014789581298828,0.020885370671749115,1.1848548650741577,2.0304651260375977,1.45914888381958,12.185041427612305,8.258548736572266,12.914848327636719,2.0614850521087646,12.551237106323242,9.18364143371582,3.711536407470703,46.356929779052734,38.48044967651367,0.026605401188135147,35.48057174682617,5.930253505706787,26.636856079101562
0,10.239276885986328,0.010065550915896893,9.137446403503418,3.155895233154297,0.7472096085548401,1.941804051399231,0.0,4.642716884613037,5.448566913604736,0.005951146129518747,0.4289899170398712,1.2683629989624023,0.0,7.422893524169922,17.576698303222656,2.2730183601379395,0.1088976263999939,0.0022728636395186186,2.163015604019165,0.6720122694969177,0.2662191689014435,0.01052815280854702,0.0,0.0,0.0,0.2021626979112625,0.0,0.0,6.4344611167907715,5.097963333129883,1.7663891315460205,6.746014595031738,4.491635322570801,0.9420838952064514,1.168519377708435,0.0,56.65385055541992,0.00106199667789042,2.339588165283203,44.49079132080078,21.509775161743164,1.338120937347412,0.0007201553089544177,0.0034765887539833784,1.1683118343353271,4.079745292663574,0.003418725449591875,3.678696632385254,0.9463188052177429,4.738992691040039,10.6090726852417,3.067091703414917,3.3654990196228027,0.6962599158287048,1.216518759727478,1.827947735786438,2.6307435035705566,2.0084547996520996,0.09210574626922607,2.355464458465576,17.09779167175293,8.27172565460205,11.264288902282715,12.178053855895996,6.2775774002075195,1.1099992990493774,0.09382239729166031,1.9531164169311523,1.9760611057281494,0.002202392555773258,1.0326217412948608,0.0,0.9176506400108337,0.008376634679734707,4.111462116241455,1.8184819221496582,0.0,1.598117470741272,0.006550499238073826,4.898476600646973,1.42972731590271,2.1324007511138916,2.0482382774353027,0.7212728261947632,0.8827881813049316,3.210679531097412,0.8102013468742371,1.8365330696105957,2.660392999649048,5.968192100524902,0.025386370718479156,1.1833864450454712,4.893056392669678,12.936541557312012,0.0,1.4553924798965454,0.0,0.015239345841109753,15.33806037902832,4.7608442306518555,1.3907816410064697,0.0,7.454293251037598,0.0,20.87149429321289,0.8700443506240845,38.65026092529297,2.930514097213745,7.364537715911865,0.004770806059241295,3.046482563018799,0.009246514178812504,2.2970192432403564,0.007860134355723858,1.0169601440429688,1.178353190422058,2.266078472137451,2.1329262256622314,4.943538665771484,2.9595255851745605,0.0027477508410811424,0.017565976828336716,0.0,0.001262041972950101,0.0,0.0,0.0,0.21157681941986084,0.0,0.5515428781509399,0.005711486097425222,0.0,0.0,4.080502986907959,1.4026100635528564,1.6783031225204468,4.20474100112915,0.0,1.4120919704437256,6.721131801605225,0.21632526814937592,0.0,6.23668098449707,4.181225776672363,5.692520618438721,0.0,0.0,0.0,14.79928207397461,0.0026638051494956017,7.9560041427612305,0.0,0.008656071498990059,25.34152603149414,0.01201228890568018,0.0017272790428251028,26.240345001220703,6.949265003204346,0.02071770280599594,0.0002955276286229491,15.950458526611328,0.0,8.58760929107666,1.9289612770080566,13.25918197631836,0.0,0.0030857070814818144,16.250276565551758,0.07858800143003464,0.5793852210044861,0.006794878281652927,17.687225341796875,0.7613440752029419,0.2402089387178421,3.108431577682495,0.7953082323074341,0.0,0.01860574260354042,2.533402442932129,0.8244573473930359,10.402864456176758,8.702043533325195,8.473320007324219,1.2242480516433716,8.547778129577637,9.762112617492676,2.8441874980926514,27.485286712646484,37.37545394897461,0.0,30.634014129638672,6.321418285369873,33.014312744140625
0,7.549564361572266,0.010065550915896893,8.756965637207031,3.1388182640075684,0.7270641922950745,1.3504358530044556,0.0,3.2555103302001953,4.739291191101074,0.0,0.005245780106633902,0.7147573232650757,0.0,6.267245292663574,20.466882705688477,1.3353482484817505,0.03883158415555954,0.0019301092252135277,2.198913097381592,0.5089484453201294,0.13313083350658417,0.08994495123624802,0.0,0.0,0.09653376787900925,4.51676607131958,0.0,2.6303317546844482,5.280115604400635,3.815382242202759,1.6056543588638306,8.144990921020508,4.17288875579834,1.0656145811080933,1.2216713428497314,0.0,55.96249008178711,0.00106199667789042,2.406867265701294,44.84880447387695,16.222728729248047,1.003780722618103,0.004888974595814943,0.0014900908572599292,1.189976453781128,4.177046775817871,0.0,4.168589115142822,1.3640027046203613,4.5777692794799805,10.987306594848633,1.6528868675231934,4.47910213470459,0.6341268420219421,1.4532036781311035,2.0180678367614746,3.113337516784668,2.0163354873657227,0.05220114439725876,2.2451841831207275,13.496928215026855,8.640373229980469,12.170100212097168,10.132408142089844,6.012214183807373,1.2065784931182861,0.00022565160179510713,1.9044321775436401,2.8102519512176514,0.002202392555773258,1.0508418083190918,0.0062780966982245445,0.9324715733528137,0.008376634679734707,5.038639545440674,2.915484666824341,0.0,1.994964599609375,0.07769574224948883,3.6558382511138916,1.6704118251800537,1.4921269416809082,2.4657437801361084,0.9564085602760315,1.0519102811813354,3.7981598377227783,0.9842005968093872,1.1179134845733643,2.6121768951416016,5.980161666870117,0.45890164375305176,0.8393118381500244,3.4849793910980225,12.546279907226562,0.005980385467410088,1.8935604095458984,0.021020321175456047,0.004048480652272701,16.06014060974121,5.943284034729004,0.9451321959495544,0.02224302850663662,7.401580810546875,0.06580296903848648,20.839134216308594,1.2669963836669922,35.983436584472656,2.737636089324951,6.7452826499938965,0.04710521548986435,2.881657838821411,0.006814695429056883,1.9641046524047852,0.007860134355723858,0.8393035531044006,1.0929765701293945,2.365797996520996,2.2724151611328125,4.410129070281982,2.35949444770813,0.0029899748042225838,0.01639588363468647,0.0,0.0016319311689585447,0.0,0.0,0.0,0.0016357116401195526,0.0,0.28879156708717346,0.0055520194582641125,0.0,0.0,4.029292583465576,2.1090567111968994,2.2065834999084473,4.407759666442871,0.006845207419246435,1.3211792707443237,8.206159591674805,0.00462335254997015,0.0,6.2048821449279785,3.5908825397491455,5.282319068908691,0.05981273949146271,0.026630792766809464,0.06683246791362762,14.491194725036621,0.050431862473487854,8.161677360534668,0.0,0.0,23.909706115722656,0.01201228890568018,0.0017272790428251028,25.01756477355957,8.38962173461914,0.02071770280599594,0.0002955276286229491,15.85817813873291,0.15489129722118378,9.01762580871582,1.7301527261734009,15.314384460449219,0.0,0.0030857070814818144,15.253472328186035,0.07858800143003464,0.2429334819316864,0.010035691782832146,17.77935218811035,0.37912002205848694,0.37328508496284485,3.878290891647339,0.4265153408050537,0.0,0.13766054809093475,2.566948652267456,0.5311792492866516,12.560578346252441,8.5198392868042,10.453642845153809,1.5126808881759644,11.52972412109375,9.864771842956543,3.2196125984191895,34.71927261352539,39.52974319458008,0.0,27.680084228515625,6.244958877563477,28.119596481323242
0,9.222517013549805,0.010065550915896893,8.862783432006836,2.97172474861145,0.5615929365158081,1.9328534603118896,0.007961105555295944,4.100379943847656,6.070030689239502,0.0,0.011523599736392498,0.8684653043746948,0.0,5.178825855255127,18.12009048461914,1.6233898401260376,2.254326343536377,0.00045667236554436386,2.3086183071136475,0.6252972483634949,0.0,0.08106455951929092,0.0001797843142412603,0.0,0.0,1.4295952320098877,0.0,0.0,4.8589630126953125,3.5804147720336914,1.5700513124465942,6.427000522613525,3.3324878215789795,1.086961030960083,1.2591674327850342,0.0,56.526065826416016,0.00106199667789042,2.4213881492614746,43.928829193115234,23.274259567260742,0.6997858285903931,0.10247021168470383,0.0014900908572599292,1.190346360206604,4.331533908843994,0.001009532017633319,3.699286699295044,1.2315434217453003,4.397817611694336,10.839972496032715,1.7762118577957153,3.4436159133911133,0.662872850894928,1.6135404109954834,1.604009747505188,3.1923789978027344,2.149035692214966,0.06471749395132065,2.134861707687378,14.575582504272461,8.20693302154541,12.159460067749023,10.073140144348145,5.850242614746094,0.7912582755088806,0.000820303161162883,1.5416533946990967,2.164252281188965,0.002202392555773258,1.1792101860046387,0.0,1.0353714227676392,0.008803342469036579,4.570587635040283,3.309252977371216,0.0001638882386032492,2.031411647796631,0.01694997027516365,4.263937473297119,1.464617133140564,1.7785146236419678,2.421642303466797,1.1028659343719482,1.0236903429031372,3.7165637016296387,0.9772080183029175,1.2356970310211182,2.235656499862671,6.323966026306152,0.35821592807769775,1.107917308807373,3.425776481628418,11.259039878845215,0.028926171362400055,2.163240909576416,0.005349357612431049,0.0,14.132247924804688,5.538419723510742,1.1611334085464478,0.0,6.901623725891113,0.0,20.969863891601562,1.3151172399520874,35.66298294067383,2.820972442626953,6.483543872833252,0.0,2.655954360961914,0.007657190319150686,1.692915678024292,0.002900103572756052,0.7286792993545532,1.1281771659851074,2.275688648223877,2.461225986480713,5.0005388259887695,2.652188777923584,0.0012900836300104856,0.011463451199233532,0.000488664023578167,0.0020501399412751198,0.0,0.0,0.001962982350960374,0.0878935232758522,0.0,0.0,0.005286988336592913,0.0,0.0,4.41057825088501,1.9688396453857422,1.599424123764038,3.511298179626465,0.032606955617666245,0.7030285596847534,8.110889434814453,0.05620009824633598,0.0,5.954908847808838,2.6262364387512207,5.702096462249756,0.0,0.0,0.26785099506378174,15.85275936126709,0.050431862473487854,9.66011905670166,0.0,0.03788292780518532,24.879526138305664,0.01201228890568018,0.0017272790428251028,26.04277992248535,8.010151863098145,0.024891240522265434,0.0002955276286229491,17.02163314819336,0.0,9.295572280883789,2.205004930496216,15.065773010253906,0.0,0.0030857070814818144,13.522244453430176,0.009395560249686241,0.13151627779006958,0.032383937388658524,20.54493522644043,0.3543195128440857,0.0,4.85024881362915,0.6072099804878235,0.0,0.0,2.791454315185547,0.7680864930152893,11.83770751953125,8.505678176879883,13.353523254394531,1.575034737586975,11.353476524353027,10.03371524810791,2.777472734451294,34.956321716308594,41.31163787841797,0.0,31.865476608276367,5.690221786499023,25.861391067504883
0,9.7385892868042,0.0,8.655522346496582,2.848808526992798,0.6160102486610413,1.4159175157546997,0.4212719798088074,3.465287685394287,5.961028099060059,0.0003127519157715142,0.0013790888478979468,0.9028408527374268,0.0,4.456618785858154,17.86618423461914,1.273425579071045,2.2987875938415527,0.00045667236554436386,1.9939624071121216,0.5021031498908997,0.0,0.08375854790210724,0.0,0.0,0.0,0.0,0.0,1.3237296342849731,5.28055477142334,4.238579273223877,1.5295257568359375,8.132408142089844,3.977870464324951,0.924782931804657,1.2710918188095093,0.0,54.84109115600586,0.0005002027028240263,2.2566683292388916,46.521339416503906,21.355167388916016,1.0393911600112915,0.08509951084852219,0.0014900908572599292,1.1188403367996216,4.235736846923828,0.003023125696927309,4.225168704986572,1.2426449060440063,4.122765064239502,10.870527267456055,1.7928414344787598,4.185999393463135,0.6648077368736267,1.723616361618042,2.0385355949401855,3.12980580329895,2.0163204669952393,0.053009070456027985,2.266223669052124,14.71306037902832,8.506217002868652,12.636404991149902,9.675132751464844,6.728594779968262,0.6061800718307495,0.000820303161162883,1.7092283964157104,2.452770948410034,0.002202392555773258,1.1030746698379517,0.0,1.0447711944580078,0.008803342469036579,4.934524059295654,3.1281015872955322,0.0001638882386032492,1.724532127380371,0.0,3.5217466354370117,1.4326858520507812,1.651387095451355,2.485494613647461,1.04567289352417,0.9464990496635437,3.75610089302063,0.9644388556480408,1.0170543193817139,2.3175208568573,6.5663886070251465,0.8074607253074646,0.8694280385971069,3.38789963722229,10.867783546447754,0.0,2.3965280055999756,0.0,0.0029930188320577145,13.712044715881348,5.388243675231934,1.0630841255187988,0.0,6.396878719329834,0.061100319027900696,20.767980575561523,1.9152368307113647,34.65481185913086,2.7731101512908936,6.699061393737793,0.016830556094646454,2.889310121536255,0.010921340435743332,1.5189329385757446,0.0,0.8420805931091309,1.1004095077514648,1.8986581563949585,2.466001272201538,4.726259708404541,2.612611770629883,0.0012900836300104856,0.0,0.000462179072201252,0.0020501399412751198,3.693154940265231e-05,0.0,0.0015923675382509828,0.0071914284490048885,0.0,0.0579461045563221,0.0,0.00032142375130206347,0.0,4.135499000549316,1.833998203277588,1.982876181602478,3.603635549545288,0.040235213935375214,0.8043234348297119,7.410972595214844,0.007720476947724819,0.0,4.7912468910217285,2.4951248168945312,5.481875419616699,0.05981273949146271,0.0,0.0,15.499027252197266,0.050431862473487854,8.886614799499512,0.0,0.008656071498990059,25.369976043701172,0.01201228890568018,0.0017272790428251028,25.613853454589844,8.965155601501465,0.024891240522265434,0.0002955276286229491,18.234760284423828,0.13036943972110748,8.698371887207031,2.6111114025115967,15.382637023925781,0.0,0.0030857070814818144,12.786491394042969,0.007394884247332811,0.02707647904753685,0.05274399742484093,25.370458602905273,0.3867642879486084,0.1808733493089676,5.241244792938232,0.5545640587806702,0.0,0.0,2.8563454151153564,1.506455898284912,11.409427642822266,8.315159797668457,14.218351364135742,1.2830984592437744,10.785880088806152,9.606435775756836,2.719978094100952,38.773155212402344,38.834510803222656,0.6506979465484619,33.337867736816406,6.0369062423706055,24.499656677246094
0,8.403143882751465,0.028254356235265732,8.832486152648926,2.660238027572632,0.6228012442588806,2.1878480911254883,0.3869902491569519,4.086553573608398,6.029301166534424,0.0007166042923927307,0.0010131882736459374,0.8778136372566223,0.0,4.617726802825928,18.13149642944336,1.4891397953033447,3.1890056133270264,0.0005957066896371543,2.069943904876709,0.2843632698059082,0.0,0.08795296400785446,0.0001797843142412603,0.0,0.0,0.0,0.008410354144871235,0.0,4.74904203414917,4.387460708618164,1.6716508865356445,6.804417133331299,3.5372772216796875,1.1711221933364868,1.294326663017273,0.0,53.91988754272461,0.0005002027028240263,2.2019202709198,46.37013244628906,21.19550132751465,0.8853327631950378,0.1210770234465599,0.004101734142750502,1.1195980310440063,4.365445613861084,0.002112922491505742,3.7869153022766113,1.1203391551971436,3.9638187885284424,11.484925270080566,1.8766000270843506,4.346985816955566,0.6940252184867859,2.198399543762207,1.4895541667938232,3.1447739601135254,1.9736037254333496,0.06471749395132065,1.9993317127227783,14.185708999633789,8.89999771118164,12.113588333129883,10.007040023803711,6.46127986907959,0.6715047359466553,0.000820303161162883,0.8771460652351379,2.1126110553741455,0.002202392555773258,1.0920441150665283,0.0062780966982245445,1.0250589847564697,0.008803342469036579,5.2904863357543945,2.3545351028442383,0.0001638882386032492,1.7549467086791992,0.0,3.798130750656128,1.2483147382736206,2.1059718132019043,2.121598958969116,0.709420382976532,0.8819572925567627,4.199948787689209,0.982803463935852,1.056878924369812,2.076432228088379,6.12943696975708,0.0,1.195326328277588,3.263392686843872,10.34776782989502,0.0,2.0288336277008057,0.00533498078584671,0.0,13.509519577026367,5.148386478424072,0.8819752931594849,0.005976405460387468,5.678430080413818,0.0,22.12652587890625,1.9087060689926147,33.1186637878418,2.808598756790161,6.668421268463135,0.017293578013777733,3.012704372406006,0.010921340435743332,1.449037790298462,0.0,0.9556179046630859,0.9842540621757507,1.9066435098648071,1.838688850402832,4.664178848266602,2.5518651008605957,0.0012900836300104856,0.011463451199233532,0.000462179072201252,0.0016319311689585447,0.0,0.000359380996087566,0.0017449520528316498,0.028457237407565117,0.0,0.08565570414066315,0.0,0.00023335132573265582,0.0,4.053119659423828,1.9209067821502686,1.2682483196258545,2.985927104949951,0.035100676119327545,0.7611820697784424,7.4623565673828125,0.05926043912768364,0.0,5.020277976989746,2.3627736568450928,4.942998886108398,0.0,0.0,0.037997644394636154,15.834046363830566,0.050431862473487854,9.463680267333984,0.0,0.0,27.27029800415039,0.01201228890568018,0.0017272790428251028,25.878305435180664,8.581275939941406,0.024891240522265434,0.0002955276286229491,17.887378692626953,0.0,8.57365608215332,2.7791409492492676,15.492907524108887,0.0,0.0030857070814818144,14.11175537109375,0.09154511243104935,0.16469714045524597,0.1319967657327652,31.309537887573242,0.3869640529155731,0.08956731110811234,4.723656177520752,0.6549183130264282,0.0,0.04019511491060257,2.825039863586426,1.739423394203186,11.269068717956543,8.706911087036133,18.689292907714844,1.4847153425216675,11.197720527648926,9.33455753326416,2.7115612030029297,42.34541320800781,40.26860427856445,0.47404882311820984,28.921260833740234,6.2376708984375,24.810701370239258
0,10.602914810180664,0.0,8.29898452758789,2.6264803409576416,0.5751052498817444,1.9613401889801025,0.41594722867012024,4.214113235473633,5.910249710083008,0.00013605480489786714,0.0022940831258893013,0.8762131333351135,0.0035636138636618853,3.7015585899353027,20.05350112915039,1.2623735666275024,3.815241813659668,0.00045667236554436386,1.7729841470718384,0.29057547450065613,0.0,0.09341873228549957,0.0,0.0,0.0,0.0,0.7047829031944275,0.0,5.546713352203369,4.283899784088135,1.939831018447876,8.641359329223633,3.5474727153778076,1.1903154850006104,1.294326663017273,0.0,52.11767578125,0.0005002027028240263,2.2204668521881104,43.154788970947266,22.359695434570312,0.7237107157707214,0.1210770234465599,0.004736387170851231,1.1383774280548096,4.243540287017822,0.0,4.7411346435546875,0.960564374923706,4.315332412719727,11.781747817993164,1.8742936849594116,4.795605182647705,1.1546189785003662,2.0073904991149902,1.9521671533584595,3.0843684673309326,1.7277168035507202,0.05536523833870888,2.1501271724700928,14.170775413513184,9.020176887512207,11.385798454284668,9.733390808105469,6.438204765319824,0.4733915627002716,0.004005883354693651,1.1901811361312866,2.16400146484375,0.002202392555773258,0.7913831472396851,0.0,1.033541202545166,0.008803342469036579,5.034329414367676,1.9138569831848145,0.0001638882386032492,2.1151249408721924,0.006550499238073826,3.4456419944763184,1.2326934337615967,1.8260501623153687,2.0242483615875244,0.8303277492523193,1.2451307773590088,3.760730743408203,1.1536009311676025,1.0092015266418457,2.151135206222534,6.048138618469238,0.12480323016643524,0.9418328404426575,3.308241367340088,10.223109245300293,0.014719833619892597,1.9997080564498901,0.0008700989419594407,0.0,13.525240898132324,4.741096019744873,0.8974007368087769,0.008313274942338467,6.555263519287109,0.06574782729148865,34.22189712524414,0.2776680588722229,34.935142517089844,3.2027461528778076,6.91445779800415,0.0,2.621774435043335,0.025953132659196854,1.513993501663208,0.003111692378297448,0.87642502784729,1.3399114608764648,2.2767937183380127,2.486205577850342,3.483055830001831,2.6534481048583984,0.0012900836300104856,0.011463451199233532,0.000515767082106322,0.0016319311689585447,0.0,3.0447845347225666e-05,0.0017449520528316498,0.0,0.0,0.05332336574792862,0.0005223132902756333,0.00023335132573265582,0.0,4.233794689178467,1.3649553060531616,1.2030034065246582,3.3512587547302246,0.02604973502457142,0.720193088054657,6.655590534210205,0.010921580716967583,0.0,4.225137710571289,2.0138604640960693,6.492817401885986,0.05981273949146271,0.0,0.0,15.151198387145996,0.050431862473487854,9.435676574707031,0.0,0.0299261175096035,26.567317962646484,0.01201228890568018,0.0017272790428251028,26.852460861206055,8.501482963562012,0.024891240522265434,0.0002955276286229491,17.791770935058594,0.10328497737646103,9.143683433532715,3.0021731853485107,14.970235824584961,0.0,0.0030857070814818144,13.14068603515625,0.21790407598018646,1.0818921327590942,0.03177619352936745,38.33747863769531,0.49294885993003845,0.17389360070228577,4.766510009765625,0.9411429762840271,0.020885370671749115,0.19974453747272491,3.5600078105926514,1.6083929538726807,11.550018310546875,8.505783081054688,19.122821807861328,1.505149483680725,11.86362361907959,9.763263702392578,3.0924429893493652,50.0985221862793,39.6226692199707,0.7476133704185486,32.88780975341797,6.192755222320557,24.352657318115234
0,6.373085021972656,0.0,10.3638916015625,4.882986068725586,2.12469482421875,0.7133662104606628,2.260887622833252,0.0,1.3133152723312378,1.6254290342330933,2.7547972202301025,0.7769278883934021,0.1033305674791336,2.998750686645508,28.365211486816406,0.0,0.05405980721116066,0.231132373213768,1.5851823091506958,7.463082313537598,0.009711031801998615,0.0,0.9286894202232361,7.681050919927657e-05,0.0016770836664363742,0.009151557460427284,0.0,0.0,5.6906046867370605,1.411953330039978,2.499117612838745,3.081467866897583,5.978981971740723,3.046995162963867,0.0,2.112576723098755,38.5002326965332,8.149285316467285,1.4947738647460938,18.457927703857422,9.187548637390137,1.9762765169143677,0.028375258669257164,0.0,1.0668129920959473,1.8613191843032837,0.07767114788293839,1.7921991348266602,0.0051104286685585976,2.1645610332489014,18.93181800842285,0.02355504408478737,3.8663227558135986,0.0,1.6844241619110107,2.058358669281006,1.7929186820983887,0.0400504507124424,0.9296969771385193,0.0003242269449401647,7.585229873657227,9.451257705688477,5.576249599456787,22.919675827026367,5.713242053985596,0.3086419999599457,1.0508677959442139,0.5412758588790894,1.1855374574661255,0.002312303986400366,0.20205627381801605,0.0,0.9230582118034363,0.06701645255088806,3.4645445346832275,3.6958954334259033,0.0005458694649860263,2.859056234359741,0.5909895896911621,4.216278553009033,3.2618355751037598,1.0899622440338135,0.9705905914306641,0.23104652762413025,1.0883673429489136,0.027148934081196785,1.1555792093276978,2.1848649978637695,2.677098035812378,2.8300695419311523,0.0,2.5657854080200195,5.793137073516846,0.0,0.8612788915634155,0.4759001135826111,0.9101426601409912,0.5801001787185669,7.533727169036865,17.74704933166504,0.001027836580760777,0.0,6.093786239624023,0.0,139.65048217773438,1.4972609281539917,27.92046546936035,8.050052642822266,11.599943161010742,1.4495705366134644,3.9190762042999268,1.0389447212219238,1.7515134811401367,0.4955849349498749,0.39072129130363464,1.0747134685516357,3.001283884048462,2.3691020011901855,1.8552676439285278,3.446702480316162,0.0,0.0,0.0,0.7368795275688171,0.003926162142306566,0.2949044108390808,0.0,0.0004626177833415568,0.0014774237060919404,0.0,0.0,0.0004346278146840632,0.0,1.7952978610992432,1.42318594455719,1.9827344417572021,0.5360009074211121,0.0,1.7505533695220947,5.63485860824585,1.4964349269866943,0.296549916267395,2.912010669708252,0.3292633593082428,9.181204795837402,0.0,8.90839958190918,31.867916107177734,4.817371368408203,0.0016406398499384522,6.235349655151367,0.0,6.898048013681546e-06,20.194631576538086,0.0024481837172061205,0.0007944313692860305,14.137210845947266,3.9535837173461914,0.02464706264436245,0.0,7.7401018142700195,0.0,4.1390299797058105,1.168416976928711,7.2292046546936035,0.0008525488083250821,0.0009364737197756767,7.555080413818359,1.6221923828125,1.9036246538162231,0.02568965218961239,4.6082000732421875,0.6614497900009155,0.8907434344291687,0.3632691204547882,0.6592697501182556,0.021535364910960197,0.5660945177078247,1.9274089336395264,1.3769416809082031,33.49992370605469,9.138971328735352,17.162363052368164,2.1593003273010254,12.859088897705078,6.6612229347229,9.31106948852539,59.80545425415039,28.36141586303711,8.231000900268555,13.167337417602539,1.4967223405838013,15.89465618133545
0,9.9824800491333,0.4150486886501312,9.598665237426758,5.784246444702148,1.6583887338638306,1.2332684993743896,1.4415631294250488,0.0,1.5005723237991333,1.4440207481384277,3.7046492099761963,0.912200391292572,0.0,3.1358675956726074,31.119138717651367,0.005458684638142586,0.266713947057724,0.0,1.7036998271942139,4.664646148681641,0.0,0.002915478777140379,0.9224551916122437,0.002561963628977537,0.0016770836664363742,0.009151557460427284,0.0,0.0,5.689988136291504,1.6971324682235718,2.7988922595977783,2.8358654975891113,4.670416355133057,2.8202571868896484,0.008327404968440533,2.2740070819854736,41.2918586730957,7.943577289581299,2.224053144454956,22.969158172607422,8.983311653137207,1.702613115310669,0.028375258669257164,0.014934433624148369,1.7228388786315918,2.0904314517974854,0.32384222745895386,2.7115166187286377,0.0051104286685585976,1.9590404033660889,18.37640953063965,0.040547821670770645,3.8878960609436035,0.0022202832624316216,2.452059507369995,2.138817071914673,1.2886199951171875,0.04316715896129608,0.5974256992340088,0.0,8.980539321899414,9.022964477539062,4.778456687927246,24.65934944152832,5.428608417510986,0.010624677874147892,1.0616382360458374,0.16432799398899078,2.182582139968872,0.0,0.14877331256866455,0.0,0.7828393578529358,0.017392506822943687,2.9485466480255127,3.2931883335113525,0.1461067497730255,2.8119685649871826,0.009795739315450191,4.14304780960083,3.1215362548828125,0.9486697316169739,0.6558905243873596,0.28361108899116516,2.466054916381836,0.009649638086557388,2.111618757247925,2.657210111618042,2.250525951385498,4.035318851470947,0.0736306756734848,2.5869805812835693,5.373775005340576,0.0,0.833355188369751,0.6681745648384094,0.183400496840477,1.0912593603134155,4.7225494384765625,14.712821006774902,0.00107969855889678,0.0,5.840266227722168,0.0,30.881771087646484,4.3337082862854,25.41453742980957,7.900898456573486,5.576786518096924,0.6259397864341736,4.785804271697998,1.0258241891860962,1.07509446144104,0.0,1.3099267482757568,0.33739036321640015,3.476809501647949,2.714137554168701,1.827878713607788,3.5593459606170654,0.0018700702348724008,0.0,0.0,0.20816168189048767,0.15951620042324066,0.0,0.0,0.00021523369650822133,0.00036281795473769307,0.0023094976786524057,0.0,0.04035167023539543,0.0,1.172098994255066,1.9090653657913208,1.899648666381836,0.159957155585289,0.0,1.9767849445343018,5.996399402618408,0.8339521288871765,0.012798059731721878,2.683542251586914,0.0,10.716185569763184,0.0,17.866395950317383,45.81083679199219,5.137461185455322,0.0016406398499384522,6.409078121185303,0.0,6.898048013681546e-06,26.073150634765625,0.0024481837172061205,0.0007944313692860305,13.525188446044922,4.704902172088623,0.02464706264436245,0.0,8.953007698059082,0.002993742236867547,5.301852226257324,1.0142749547958374,7.381194591522217,0.0008525488083250821,0.0009364737197756767,8.766831398010254,1.6170833110809326,0.6617807745933533,0.004750318359583616,5.314836502075195,0.4334820806980133,0.0763760358095169,0.1559964269399643,0.1993001103401184,0.0033756187185645103,0.4769618809223175,1.4358952045440674,0.8219588994979858,37.80669021606445,11.857016563415527,17.774797439575195,2.409947156906128,10.877730369567871,6.65925931930542,11.2634859085083,62.172428131103516,34.63719940185547,7.517585754394531,19.541812896728516,1.1159937381744385,15.189126014709473
0,7.7250471115112305,0.11400771886110306,10.581786155700684,5.510739326477051,1.6437361240386963,0.8431135416030884,0.7575992345809937,0.0,1.8260222673416138,1.4517265558242798,3.7889952659606934,0.6933421492576599,0.0,2.552426815032959,26.888980865478516,0.0,0.052368637174367905,0.030669474974274635,1.500898003578186,0.9042763710021973,0.024396175518631935,0.004838709719479084,0.8862528204917908,0.002561963628977537,0.0,0.0,0.010754051618278027,0.0,5.655388832092285,2.0722968578338623,2.787921667098999,2.8507421016693115,4.017697334289551,2.55440354347229,0.0,2.0749707221984863,39.080814361572266,8.37840747833252,1.7725234031677246,19.317947387695312,9.021571159362793,2.0008106231689453,0.028375258669257164,0.0,1.6555534601211548,1.4292024374008179,0.0036992442328482866,2.521162509918213,0.0051104286685585976,2.2956748008728027,16.24227523803711,0.007742453366518021,4.100724697113037,0.0,1.8361252546310425,2.0083041191101074,1.4023241996765137,0.0,0.6293585896492004,0.0,8.395835876464844,8.67857551574707,4.895144939422607,27.71109962463379,4.616530895233154,0.1975504755973816,1.0836912393569946,0.7753574848175049,1.2787965536117554,0.002312303986400366,0.17908993363380432,0.0,1.0915828943252563,0.03108580969274044,3.2597358226776123,2.3824329376220703,0.09153096377849579,2.4799089431762695,0.026375871151685715,4.015336036682129,2.524765729904175,1.0164893865585327,0.540278971195221,0.025901854038238525,1.4214915037155151,0.0,0.9088514447212219,2.521907091140747,2.3652374744415283,3.8257250785827637,0.13177567720413208,2.7527992725372314,4.926247596740723,0.0,0.9887128472328186,0.6907888650894165,0.07074481248855591,1.0456275939941406,6.611892223358154,14.92552661895752,0.005312396213412285,0.0,5.399269104003906,0.0,24.9534912109375,7.11445951461792,25.450782775878906,6.21671199798584,10.85551643371582,0.4519008994102478,3.8365652561187744,1.1742676496505737,1.0082288980484009,0.0,0.4346727430820465,0.7891286611557007,2.9916157722473145,2.7734172344207764,2.0072340965270996,3.0828049182891846,0.024815719574689865,0.0,0.0,0.6564388275146484,0.0,0.0,0.0,0.00021523369650822133,0.0019178182119503617,0.018066158518195152,0.006612555123865604,0.0,0.0,1.1222981214523315,0.9933311343193054,1.335287094116211,0.20246551930904388,0.0,2.0647025108337402,5.439795017242432,0.3455218970775604,0.012798059731721878,2.566131353378296,0.0,10.69840145111084,0.0,15.291104316711426,43.358680725097656,3.864130973815918,0.0016406398499384522,6.281792163848877,0.0,6.898048013681546e-06,24.631223678588867,0.0024481837172061205,0.006209378596395254,15.874388694763184,4.722099781036377,0.02464706264436245,0.0,10.391666412353516,0.0,5.616243362426758,1.0134310722351074,7.081090927124023,0.0008525488083250821,0.0009364737197756767,7.36069393157959,1.231069803237915,0.9288312792778015,0.004750318359583616,4.9342875480651855,0.1612110137939453,0.2893109917640686,0.2070814073085785,0.3092136085033417,0.04230660945177078,0.3848396837711334,1.95028817653656,0.7331071496009827,32.3516960144043,11.554821968078613,17.26131248474121,3.2194201946258545,9.950486183166504,6.820884704589844,12.69088363647461,66.7020263671875,32.479087829589844,7.483938694000244,25.05185317993164,1.4406816959381104,15.5261812210083
0,11.278857231140137,0.006674036383628845,9.15564250946045,5.785066604614258,1.684766173362732,1.133502721786499,0.7900221943855286,0.0002621974272187799,1.892949104309082,1.209570288658142,2.998241424560547,0.8591410517692566,0.010311928577721119,1.9483200311660767,25.642105102539062,0.0,0.10055750608444214,0.07765243947505951,1.6433619260787964,3.1459479331970215,0.024396175518631935,0.0014358730986714363,0.9392339587211609,0.002504759468138218,0.0,0.017879102379083633,0.0001120226806961,0.0,5.953873634338379,1.812414288520813,2.4073729515075684,2.740800619125366,4.642652988433838,2.3219075202941895,0.0,2.2344260215759277,40.38042068481445,7.8631062507629395,1.5081849098205566,20.851276397705078,8.541199684143066,1.5840225219726562,0.02915150299668312,0.0,1.5259134769439697,1.720572829246521,0.005087089259177446,2.172494649887085,0.008940411731600761,2.524441719055176,16.214824676513672,0.007874860428273678,3.9587090015411377,0.00026682199677452445,2.0716381072998047,2.1291744709014893,1.5461881160736084,0.0,0.4184582233428955,0.0,8.484238624572754,7.620744705200195,5.5088605880737305,25.646244049072266,5.070533275604248,0.02984204888343811,1.274672508239746,0.8647964000701904,2.1492738723754883,0.0,0.0,0.0,0.9581190347671509,0.03108580969274044,2.9853434562683105,2.1032447814941406,0.05498490482568741,2.3477604389190674,0.0,4.068850994110107,2.616791009902954,0.8540244698524475,0.4856438934803009,0.04992144554853439,1.128212332725525,0.02738153748214245,1.2366654872894287,2.4703850746154785,2.2306652069091797,4.140998363494873,0.05063775181770325,2.8807806968688965,4.4767842292785645,0.0,1.0735386610031128,1.3952255249023438,0.08313598483800888,0.9822626113891602,5.911647319793701,13.107797622680664,0.005181454587727785,0.0,5.297113418579102,0.0,16.959611892700195,8.535685539245605,25.750844955444336,6.5801801681518555,9.213866233825684,0.371743381023407,3.6477534770965576,1.1402828693389893,1.0343698263168335,0.02340984158217907,1.1062867641448975,0.9925583004951477,2.4517908096313477,2.0048844814300537,1.686093807220459,2.703660488128662,0.0,0.008185066282749176,0.00013478976325131953,0.6564388275146484,0.0,0.002050492912530899,0.0,0.0035719643346965313,0.0015309843001887202,0.011001103557646275,0.0,0.03519859537482262,0.0,1.1570852994918823,1.5862888097763062,1.3972195386886597,0.016144616529345512,0.0,1.6734449863433838,5.281993389129639,0.036832887679338455,0.011846635490655899,2.677257537841797,0.0,11.070385932922363,0.0,10.270668029785156,47.98737335205078,4.821754455566406,0.0016406398499384522,6.961349010467529,0.0,6.898048013681546e-06,29.44174575805664,0.0024481837172061205,0.021466603502631187,17.092182159423828,5.507714748382568,0.02464706264436245,0.0,10.212164878845215,0.015185986645519733,6.495865345001221,1.2398033142089844,6.834701061248779,0.0008525488083250821,0.0009364737197756767,7.3166656494140625,1.231069803237915,0.5027205348014832,0.004750318359583616,5.728065013885498,0.08217992633581161,0.13592010736465454,0.39158377051353455,0.19706042110919952,0.0,0.3848396837711334,2.144934892654419,0.7880405783653259,33.61719512939453,14.739839553833008,18.305021286010742,2.407593011856079,8.68553352355957,7.4604010581970215,13.551916122436523,81.44921875,33.21162414550781,5.686334609985352,26.312719345092773,2.123375415802002,15.789616584777832
0,8.137146949768066,0.0,9.148653030395508,4.8861188888549805,1.7376840114593506,0.8083719611167908,0.6022454500198364,0.0002621974272187799,2.2081992626190186,0.8985421061515808,3.1657207012176514,0.877890944480896,0.00022375199478119612,2.1748011112213135,23.292646408081055,0.0,0.5557132959365845,0.0,1.6166175603866577,3.0696074962615967,0.0,0.002871148753911257,0.9832976460456848,7.681050919927657e-05,0.0,0.0,0.0,0.0,5.764840126037598,2.090510606765747,2.621048927307129,2.746809482574463,3.644906520843506,1.519751787185669,0.0,2.3261337280273438,38.945804595947266,8.209816932678223,1.2955737113952637,19.422225952148438,8.727699279785156,1.9001150131225586,0.028375258669257164,0.05522783845663071,1.4312866926193237,1.3915307521820068,0.001755107892677188,2.371624708175659,0.01533804927021265,2.4706552028656006,15.030404090881348,0.007874860428273678,4.954530715942383,0.0,1.8995859622955322,1.9229871034622192,1.4841761589050293,0.01947936788201332,0.4329993724822998,0.0,7.950089931488037,7.882026195526123,5.509721755981445,24.12214469909668,4.619192123413086,0.015891019254922867,1.1998485326766968,1.4315677881240845,1.8112350702285767,0.002312303986400366,0.015193715691566467,0.0,0.566250205039978,0.0,3.1276843547821045,1.830364465713501,0.0856877863407135,2.3045308589935303,0.07492421567440033,3.9650723934173584,2.3630778789520264,0.8259773850440979,0.3967674970626831,0.035448238253593445,0.913005530834198,0.03510645404458046,0.7514260411262512,2.467550277709961,2.278895378112793,4.011615753173828,0.013908188790082932,3.1849050521850586,4.310655117034912,0.0033937497064471245,1.0744075775146484,1.1963469982147217,0.0818139910697937,1.2037333250045776,6.5618510246276855,12.951807022094727,0.0,0.0,6.218511581420898,0.0,27.075727462768555,10.34732723236084,25.77524757385254,6.574687480926514,8.68625259399414,0.47531047463417053,3.6127195358276367,1.2997311353683472,1.0722450017929077,0.0,0.4305238723754883,1.405463695526123,2.390381097793579,2.0375382900238037,2.087649345397949,2.9606709480285645,0.04283377155661583,0.011883800849318504,0.0,0.6820006370544434,0.0,0.0,0.0,0.0,0.004363650921732187,0.08624493330717087,0.0,0.06021473929286003,0.0,1.165764570236206,1.1127629280090332,1.1533000469207764,0.012307621538639069,0.005357186775654554,1.6806917190551758,5.2440505027771,0.021713797003030777,0.007811449468135834,2.2918803691864014,0.0,10.478111267089844,0.0,9.556705474853516,43.27812576293945,4.69265079498291,0.0016406398499384522,6.943382263183594,0.0,6.898048013681546e-06,27.178089141845703,0.0024481837172061205,0.0,17.833541870117188,5.551685810089111,0.02464706264436245,0.0,10.399751663208008,0.04033815860748291,6.507708549499512,1.1870399713516235,7.783989429473877,0.0008525488083250821,0.0009364737197756767,6.102265357971191,0.26498717069625854,0.4573005139827728,0.004750318359583616,6.705780982971191,0.12527985870838165,0.13956621289253235,0.29619088768959045,0.118463434278965,0.05908942222595215,0.1456516683101654,2.496861696243286,0.6847991347312927,34.023128509521484,15.991769790649414,17.464420318603516,2.9268455505371094,8.726112365722656,7.789741039276123,12.14006233215332,84.94690704345703,32.54278564453125,7.817424297332764,26.4906063079834,1.2274852991104126,15.720721244812012
0,11.335037231445312,0.0,8.499893188476562,5.033509731292725,1.7883614301681519,0.8182454705238342,0.5335391163825989,0.0002621974272187799,1.940846562385559,0.9751101136207581,3.685056209564209,0.646827757358551,0.004896376747637987,2.565000295639038,26.343772888183594,0.0,0.4338180422782898,0.05975905805826187,1.3076623678207397,5.305630207061768,0.0,0.0005722561618313193,1.105472207069397,7.681050919927657e-05,0.5085408091545105,0.0032337885349988937,0.04132767766714096,1.047261357307434,6.960637092590332,2.11757230758667,2.756443977355957,2.9836337566375732,4.0431036949157715,1.380615472793579,0.0,2.527432918548584,40.30028533935547,8.939274787902832,1.1291147470474243,20.595645904541016,9.110079765319824,1.9856791496276855,0.028375258669257164,0.0,1.4846471548080444,1.4266266822814941,0.0,2.4047963619232178,0.01533804927021265,2.434103012084961,16.745407104492188,0.007510012481361628,4.197658061981201,0.0,1.7941021919250488,2.273630142211914,1.1851089000701904,0.0,0.3185466527938843,0.00236828182823956,8.406022071838379,8.074186325073242,5.889571666717529,33.344764709472656,5.340288162231445,0.03386839106678963,1.2128775119781494,1.3973217010498047,2.0874786376953125,0.0,0.003997535444796085,0.0,0.9993999004364014,0.0,3.1415011882781982,1.7373223304748535,0.0856877863407135,1.8795654773712158,0.0025481516495347023,4.060992240905762,2.3155879974365234,0.7894541025161743,0.45549142360687256,0.03634743392467499,1.082810640335083,0.01969260536134243,0.7474474906921387,2.661912441253662,2.025845766067505,4.248493194580078,0.47712188959121704,3.4243857860565186,3.664452075958252,0.0,1.0873469114303589,1.3501249551773071,0.06792028248310089,1.3403279781341553,7.925786972045898,12.221630096435547,0.0,0.0,6.8974151611328125,0.0,27.927783966064453,10.234465599060059,26.67812156677246,6.646151542663574,9.56960391998291,0.46487659215927124,3.7273900508880615,1.192415475845337,1.1657522916793823,0.0,0.8728991150856018,0.7268937230110168,1.739762306213379,2.328827142715454,1.7248883247375488,2.3811614513397217,0.026908136904239655,0.0,0.0,0.6777300238609314,0.0011471513425931334,0.0,0.0,0.0,0.007429665885865688,0.07309210300445557,0.0,0.0,0.0,1.0095988512039185,1.6299176216125488,0.85662841796875,0.0,0.0,1.633658528327942,4.951162815093994,0.054635412991046906,0.003080985741689801,2.4716196060180664,0.0,11.41110610961914,0.0,12.490660667419434,49.64421463012695,5.268306732177734,0.0016406398499384522,7.611999034881592,0.0,6.898048013681546e-06,29.501075744628906,0.0024481837172061205,0.0,20.739933013916016,6.172625541687012,0.02464706264436245,0.0,11.074427604675293,0.013459869660437107,7.9022297859191895,1.2005589008331299,6.97211217880249,0.0008525488083250821,0.0009364737197756767,6.343747138977051,0.11003066599369049,0.3119387924671173,0.02568965218961239,6.045910835266113,0.12167929857969284,0.2699727416038513,0.29519322514533997,0.15316855907440186,0.0,0.0,3.4560089111328125,0.7498080134391785,34.58977127075195,16.642911911010742,17.84098243713379,2.7804720401763916,7.062077045440674,8.539778709411621,14.623580932617188,85.5280532836914,30.679126739501953,8.888154983520508,22.85970687866211,0.9222029447555542,16.624881744384766
0,9.740469932556152,0.0,8.636306762695312,3.7442872524261475,1.6411627531051636,1.375535249710083,0.07234694808721542,0.1036183163523674,2.2425503730773926,0.8712897896766663,3.0416765213012695,0.8267393708229065,0.0060342480428516865,2.6850576400756836,28.857168197631836,0.0,0.11850495636463165,0.0,1.0866682529449463,2.0089590549468994,0.023695990443229675,0.012075203470885754,0.7948883771896362,7.681050919927657e-05,0.0016770836664363742,0.0032337885349988937,0.0,0.8266122341156006,8.612539291381836,2.548671007156372,2.7891690731048584,2.855109930038452,3.897190809249878,1.2314261198043823,0.0,2.779181480407715,42.74428176879883,8.537165641784668,0.7675358057022095,22.16683578491211,9.57499885559082,1.747107744216919,0.028375258669257164,0.0,1.5063775777816772,1.3986334800720215,0.25081729888916016,2.435439109802246,0.01533804927021265,2.436845064163208,14.34450626373291,0.007830443792045116,4.869706630706787,0.0,2.0084173679351807,1.658494234085083,1.327536702156067,0.0,0.3476976454257965,0.0021475341636687517,8.209981918334961,8.62725830078125,5.823151111602783,38.58548355102539,4.79554557800293,0.0,1.2312723398208618,1.2020329236984253,2.519361734390259,0.002312303986400366,0.005795516073703766,0.0,1.0847249031066895,0.002451723674312234,3.0335512161254883,2.379573106765747,0.051051829010248184,1.8780006170272827,0.06996309757232666,4.052353858947754,2.507718563079834,0.7056270837783813,0.5015395283699036,0.01943867653608322,0.6815001964569092,0.02552689239382744,0.994450569152832,2.56300687789917,2.1756560802459717,4.132669448852539,0.0,3.3885319232940674,3.6613833904266357,0.0,0.9632596969604492,1.431705117225647,0.058182451874017715,1.0330796241760254,7.328268051147461,11.877091407775879,0.0185785461217165,0.0,6.799703121185303,0.0,42.282806396484375,7.841205596923828,27.10767364501953,7.03158712387085,9.324507713317871,0.4729476869106293,3.9926321506500244,1.072156548500061,0.9088506102561951,0.021619943901896477,0.5069541335105896,1.2402949333190918,2.1074461936950684,2.2308952808380127,1.9533088207244873,2.536708116531372,0.0,0.03403522074222565,0.0,0.4823855757713318,0.10974813252687454,0.003617271315306425,0.0,0.00021874131925869733,0.0034958450123667717,0.0,0.0,0.014989242888987064,0.0,1.262006163597107,1.6558260917663574,0.5865040421485901,0.0,0.0,1.4885858297348022,5.222805976867676,0.0700472965836525,0.0003205958055332303,2.7488110065460205,0.025995653122663498,10.455158233642578,0.0,12.542075157165527,44.004459381103516,5.749966621398926,0.0016406398499384522,7.5682268142700195,0.0,6.898048013681546e-06,30.86550521850586,0.0024481837172061205,0.029445666819810867,20.19240379333496,5.470564842224121,0.02464706264436245,0.0,10.471219062805176,0.0,8.196179389953613,1.3837337493896484,7.994685649871826,0.0008525488083250821,0.0009364737197756767,6.258019924163818,0.8814303874969482,1.5765814781188965,0.02568965218961239,7.2654128074646,0.1401110291481018,0.17174100875854492,0.3582712411880493,0.5806730389595032,0.025596706196665764,0.14308388531208038,3.932875871658325,1.2152090072631836,35.852500915527344,16.74053192138672,18.68189239501953,3.715282440185547,8.924765586853027,7.618316173553467,16.459474563598633,99.95327758789062,32.507450103759766,8.431462287902832,21.786758422851562,2.057680368423462,18.260469436645508
0,6.306628704071045,3.4273838996887207,12.162985801696777,6.690287113189697,0.311756432056427,1.4361964464187622,2.021594762802124,0.01233448926359415,4.132359027862549,0.0,2.192953586578369,0.0,0.08533695340156555,4.834441184997559,31.459688186645508,1.5145182609558105,17.590852737426758,0.5169795155525208,0.007079606875777245,14.325093269348145,4.48945951461792,0.04000810533761978,0.029456397518515587,1.508398413658142,1.0655241012573242,1.3690791130065918,22.236291885375977,84.71142578125,6.556253910064697,3.476824998855591,6.531272888183594,3.884478807449341,1.2372488975524902,0.03146059066057205,0.0040647732093930244,3.5064423084259033,58.47665023803711,14.991454124450684,0.07348184287548065,39.3312873840332,15.378759384155273,0.08364622294902802,0.0,0.3448132872581482,1.3160091638565063,2.7369747161865234,0.0,2.745150566101074,1.413161277770996,1.3729485273361206,15.769699096679688,0.813593864440918,4.873773097991943,0.8357275128364563,4.885188102722168,6.008408546447754,3.2457268238067627,1.0430850982666016,0.7936267256736755,0.055186282843351364,7.648979663848877,7.5457353591918945,23.785900115966797,11.010385513305664,10.909902572631836,2.53847336769104,0.5068275332450867,2.0721445083618164,2.9071030616760254,1.163934588432312,3.257007360458374,0.0010275213280692697,2.785886764526367,0.040895622223615646,4.584329128265381,0.6874222755432129,0.7991032600402832,3.6517372131347656,0.00446718605235219,6.358408451080322,4.90564489364624,2.3290040493011475,6.27962064743042,3.304189443588257,1.5737144947052002,0.8084918260574341,2.2377569675445557,3.320836305618286,6.737355709075928,4.868266582489014,2.6014788150787354,0.8123395442962646,5.380679607391357,8.895519256591797,0.0,1.413600206375122,0.0026269934605807066,0.6948129534721375,10.139863014221191,6.401710510253906,2.126749038696289,3.3758671283721924,4.270597457885742,8.419997902819887e-05,155.2000274658203,2.5670647621154785,13.468439102172852,5.220524787902832,0.9670985341072083,0.8819988965988159,3.154780149459839,0.007870118133723736,0.5636051297187805,0.5022684931755066,1.5206794738769531,0.009909948334097862,8.005558013916016,3.075376033782959,4.334022521972656,2.1472766399383545,0.0023666422348469496,0.09858309477567673,0.3686945140361786,0.2245890200138092,0.0,0.9562593102455139,0.004228683654218912,0.5811202526092529,0.0,0.5741928219795227,0.3314707577228546,0.0,41.11919021606445,3.655259609222412,3.8856561183929443,4.822718143463135,1.5463473796844482,0.7609580755233765,2.1881449222564697,12.776939392089844,2.319066286087036,1.9917597770690918,4.603539943695068,2.488668203353882,5.900888442993164,0.005528587847948074,35.9802131652832,35.26679992675781,11.132505416870117,0.0013545142719522119,10.987091064453125,0.0008587695774622262,8.610244549345225e-05,28.151403427124023,0.03154091536998749,0.022547665983438492,30.09748649597168,9.0018949508667,0.01725422963500023,0.0006550444522872567,11.913010597229004,0.3908018171787262,6.385386943817139,2.9561777114868164,15.872032165527344,0.1497284322977066,0.03546543046832085,14.258910179138184,14.564020156860352,24.734203338623047,0.04153645038604736,21.211822509765625,2.8725695610046387,11.621793746948242,35.65095520019531,18.124181747436523,6.6762800216674805,2.4494800567626953,7.906711578369141,3.857931137084961,169.3673095703125,105.18360137939453,128.3932647705078,63.6019172668457,71.86372375488281,160.37391662597656,99.97648620605469,661.1172485351562,135.4864501953125,57.63541793823242,208.94970703125,38.66181564331055,234.3455810546875
0,7.213693141937256,0.06375038623809814,11.149274826049805,8.0580472946167,0.24979622662067413,2.270472288131714,3.607111930847168,0.0,4.641463279724121,0.00012521485041361302,1.9205628633499146,0.00048250972758978605,0.0,4.359172344207764,26.849050521850586,1.394493579864502,13.12192440032959,0.829230785369873,0.0,10.06528091430664,3.767453193664551,0.0,0.006505077239125967,0.8138753771781921,0.10293909907341003,0.11304070800542831,7.987120628356934,81.21517944335938,6.47509765625,5.633555889129639,7.067098617553711,3.6093204021453857,2.7498366832733154,0.03406848385930061,0.0040647732093930244,3.2167603969573975,60.77737808227539,12.426090240478516,0.009588989429175854,43.892112731933594,15.990328788757324,0.17418263852596283,0.06776808202266693,0.0,4.1583476066589355,2.931330442428589,0.0,3.746244430541992,1.5113834142684937,1.001434087753296,15.321240425109863,0.6348997354507446,4.540163516998291,0.9591015577316284,4.919081687927246,5.663963317871094,5.171966552734375,1.0376940965652466,0.612423837184906,0.02436509169638157,6.994783878326416,5.521370887756348,19.683250427246094,10.954540252685547,10.604342460632324,1.6033109426498413,0.41983503103256226,1.7112388610839844,1.818118691444397,0.47654154896736145,2.8247647285461426,0.0009925680933520198,3.2173879146575928,0.0,4.13297700881958,0.330496221780777,0.733544111251831,3.061079740524292,0.0,5.338796138763428,4.216153144836426,2.209339141845703,1.5268384218215942,2.5182268619537354,1.9048233032226562,0.8396004438400269,2.052914619445801,1.2787874937057495,3.300947427749634,5.801385879516602,8.487284660339355,1.727279543876648,5.019114971160889,7.598583698272705,0.055488694459199905,0.6514720320701599,0.0,1.241356611251831,7.581127166748047,4.691250801086426,2.918509006500244,2.3234524726867676,4.241027355194092,0.0,26.191505432128906,18.553266525268555,13.601378440856934,6.286715984344482,0.8415322303771973,0.7575013041496277,5.09984827041626,0.014038796536624432,1.4369826316833496,0.0,1.4857022762298584,0.013204922899603844,4.43417501449585,2.391674041748047,4.632546424865723,3.666306257247925,0.017367981374263763,0.1850118637084961,0.0,0.0021037908736616373,0.0031386660411953926,0.42574992775917053,0.0,0.015092113986611366,0.0003063967451453209,0.2744657099246979,0.016641052439808846,0.0,34.91081237792969,2.806741714477539,3.7237370014190674,5.424374103546143,0.42585083842277527,0.10207107663154602,2.054762840270996,10.137924194335938,1.1294347047805786,1.3517085313796997,4.641813278198242,2.2478272914886475,6.557656764984131,0.005528587847948074,16.717138290405273,40.58684539794922,11.28439712524414,0.0013545142719522119,11.748262405395508,0.2847828269004822,0.0,28.586435317993164,0.0,0.022547665983438492,27.466819763183594,9.492526054382324,0.01725422963500023,0.0006550444522872567,14.41744613647461,1.1621137857437134,7.624569416046143,2.529583215713501,14.556835174560547,0.30531081557273865,0.3040443956851959,12.74949836730957,12.016057968139648,12.335853576660156,0.04153645038604736,28.7589111328125,2.326127052307129,6.498631000518799,35.10231018066406,18.828489303588867,3.8047802448272705,2.132341146469116,9.407410621643066,4.340529441833496,160.6519012451172,91.89593505859375,119.9891357421875,66.90430450439453,75.42350769042969,109.5943832397461,92.59595489501953,637.012451171875,112.7784423828125,61.16749954223633,223.89669799804688,33.76192855834961,219.60519409179688
0,6.466073036193848,0.0,10.334901809692383,7.463677406311035,0.0729733556509018,2.059615135192871,4.491306304931641,0.0,5.38460111618042,0.0002873033517971635,2.5696773529052734,0.0,0.0,3.708306312561035,22.28865623474121,1.1871172189712524,13.934048652648926,0.22162915766239166,0.007415394298732281,6.978092670440674,3.877938985824585,0.0,0.0,1.1871930360794067,0.0,0.0,12.868073463439941,68.12483978271484,7.0469231605529785,3.8981552124023438,6.1853742599487305,4.171399116516113,1.9394786357879639,0.020838476717472076,0.04567112773656845,3.648261785507202,57.168556213378906,10.300353050231934,0.0,43.289161682128906,14.933087348937988,0.0502609945833683,0.029003579169511795,0.0,2.1318960189819336,3.402939558029175,0.0,3.1106841564178467,1.0629498958587646,0.9516475200653076,15.626457214355469,0.32643088698387146,4.0697245597839355,0.8413927555084229,4.636658191680908,5.308498859405518,3.24851655960083,1.0980432033538818,0.5022702813148499,0.0,8.068007469177246,5.475781440734863,18.351896286010742,10.60128402709961,11.12438678741455,1.9873504638671875,0.21199898421764374,1.355022668838501,3.0713582038879395,0.16881100833415985,3.373588800430298,0.0009925680933520198,2.6076200008392334,0.0,4.734921455383301,0.2044735997915268,1.2273632287979126,4.339998245239258,0.00751591706648469,5.422290802001953,4.389695167541504,2.0945146083831787,2.982264518737793,4.029572486877441,1.8725335597991943,0.35359540581703186,2.113523483276367,2.258481979370117,4.825619220733643,6.102159023284912,5.6786627769470215,1.3851451873779297,5.305384159088135,7.869686603546143,0.0,0.4907905161380768,0.0,0.952875554561615,7.660067558288574,5.842868804931641,2.165776252746582,2.9628026485443115,4.568938732147217,7.541955710621551e-05,24.31062126159668,17.393884658813477,13.314400672912598,5.4922404289245605,0.9005796909332275,0.27246448397636414,3.264514684677124,0.008262199349701405,0.8806021809577942,0.0,1.502685546875,0.01539482083171606,5.381708145141602,2.435819387435913,2.6618523597717285,2.5253119468688965,0.0,0.026479501277208328,0.0,0.0,0.022593041881918907,0.49998772144317627,0.0,0.0,0.0,0.8894323706626892,0.0,0.0015334743075072765,36.98999786376953,2.572143793106079,4.391030311584473,4.046195030212402,0.19355931878089905,0.0,2.0262503623962402,11.215165138244629,2.249974012374878,1.125648021697998,4.165151596069336,1.8149000406265259,5.5259809494018555,0.005528587847948074,33.27328109741211,36.321956634521484,11.254024505615234,0.0013545142719522119,10.86336898803711,0.2847828269004822,8.610244549345225e-05,28.557785034179688,0.0,0.022547665983438492,28.296836853027344,8.366975784301758,0.01725422963500023,0.0006550444522872567,13.941974639892578,0.8740964531898499,7.284183025360107,2.5739872455596924,12.27470874786377,0.30531081557273865,0.008659806102514267,13.034082412719727,24.106754302978516,11.066678047180176,0.04153645038604736,26.525480270385742,1.6960570812225342,8.325284004211426,34.07653045654297,18.80852699279785,4.116642475128174,1.6221580505371094,9.884430885314941,3.577160358428955,173.2631378173828,98.29317474365234,112.58146667480469,62.32783126831055,80.40740966796875,115.02273559570312,95.45260620117188,654.03857421875,108.82084655761719,59.688743591308594,212.1891632080078,37.19795608520508,203.37615966796875
0,6.357296466827393,0.09433429688215256,10.313480377197266,7.594022274017334,0.039011821150779724,2.342583656311035,2.938844919204712,0.0,5.954232215881348,0.0,2.123237371444702,0.0,0.010422816500067711,3.338526725769043,20.056001663208008,0.45068588852882385,9.809463500976562,0.0,0.0007794293342158198,8.28125,3.392951011657715,0.0,0.0,1.0387823581695557,1.6678590774536133,0.0,13.764941215515137,74.81968688964844,5.9386372566223145,4.264198303222656,6.364068508148193,3.9961702823638916,3.307981491088867,0.03585580736398697,0.0,3.654146432876587,54.34268569946289,9.689593315124512,0.028801236301660538,46.467918395996094,16.330158233642578,0.04812275618314743,0.029003579169511795,0.0019597855862230062,3.5178427696228027,2.8421480655670166,0.0,3.7389378547668457,0.8139644265174866,0.7077293992042542,15.499748229980469,0.13903874158859253,4.329543590545654,0.7511008381843567,4.303497314453125,5.654860496520996,3.528125524520874,1.0934277772903442,0.5327744483947754,0.06723576039075851,8.499785423278809,6.265660762786865,20.135738372802734,9.941607475280762,10.495862007141113,1.3146140575408936,0.0,1.1958674192428589,3.0241763591766357,0.06572560220956802,2.7817163467407227,0.0009925680933520198,2.4517886638641357,0.0019822667818516493,4.472724914550781,0.12250936031341553,1.0133315324783325,4.134730339050293,0.004586698953062296,4.866520881652832,4.024538040161133,2.279174566268921,2.7951836585998535,3.1427571773529053,1.858189344406128,0.3596268892288208,1.843034029006958,1.3796935081481934,4.388659954071045,6.095114707946777,7.380977630615234,1.5731321573257446,4.849353313446045,8.444803237915039,0.024751048535108566,0.8784915208816528,0.0,0.5289769768714905,7.55767822265625,5.449284553527832,2.548487663269043,3.2646076679229736,4.832067966461182,0.0018618726171553135,23.810346603393555,16.967529296875,13.642400741577148,6.253196716308594,0.9245884418487549,0.4332313537597656,3.429596185684204,0.0,1.1326866149902344,0.006516747642308474,1.2715449333190918,0.012911411933600903,4.24649715423584,1.8808478116989136,2.9109575748443604,3.178598403930664,0.14462289214134216,0.31391873955726624,0.0,0.0074537573382258415,0.0,0.2723931670188904,0.0,0.0,0.00011171859659953043,0.5201929211616516,0.0,0.005121725611388683,35.25527572631836,2.523303747177124,4.095911026000977,4.800910472869873,0.0846121683716774,0.0,1.9912540912628174,9.614596366882324,2.215090751647949,1.3149540424346924,3.8324458599090576,1.646303653717041,6.380102157592773,0.005528587847948074,27.403806686401367,34.49250030517578,11.798731803894043,0.0013545142719522119,11.465547561645508,0.30732810497283936,0.0,29.04336166381836,0.0,0.022547665983438492,28.70809555053711,8.895364761352539,0.01725422963500023,0.0006550444522872567,14.625229835510254,1.0097830295562744,7.621273994445801,2.865809202194214,14.22584342956543,0.26694121956825256,0.015447276644408703,13.920424461364746,22.138614654541016,12.315407752990723,0.04153645038604736,26.791215896606445,1.1535017490386963,8.415597915649414,30.55872917175293,21.369171142578125,2.878831386566162,2.0086452960968018,11.614978790283203,4.809000015258789,170.358154296875,90.36293029785156,111.54278564453125,62.73824691772461,76.52246856689453,106.79393005371094,98.90933227539062,672.6233520507812,103.03324127197266,65.08860778808594,205.48509216308594,34.72682189941406,176.615966796875
0,5.494507312774658,0.0,10.450336456298828,6.163667678833008,0.037731319665908813,2.4709994792938232,5.591012477874756,0.0,6.290794372558594,0.0,2.2892677783966064,0.0,0.0,2.440324544906616,21.320667266845703,0.41223666071891785,11.531067848205566,0.010455924086272717,0.0,8.616783142089844,4.527050495147705,0.0,0.004677710123360157,1.2983698844909668,0.9469448924064636,0.0,13.521661758422852,70.04277801513672,6.044016361236572,4.064742565155029,6.328026294708252,3.775695323944092,2.9572367668151855,0.016715198755264282,0.013079104013741016,3.732145309448242,54.42384338378906,9.865865707397461,0.037377212196588516,46.66811752319336,15.14997673034668,0.03825070336461067,0.029003579169511795,0.004588453099131584,2.5388150215148926,3.419713258743286,0.0,3.729282855987549,1.1073435544967651,1.0893231630325317,14.972631454467773,0.0,4.423327922821045,0.8170480728149414,3.813570022583008,5.725692272186279,3.0925049781799316,1.0504611730575562,0.5532115697860718,0.02224045619368553,9.00484848022461,5.865179538726807,16.272056579589844,8.990754127502441,11.192126274108887,1.2528764009475708,0.07606085389852524,0.8163555264472961,3.292290210723877,0.047468289732933044,2.8633153438568115,0.0009925680933520198,2.4000818729400635,0.0,4.7487945556640625,0.3285543918609619,1.040555477142334,3.9650285243988037,0.0045018610544502735,4.3173112869262695,4.003309726715088,2.3962457180023193,2.8592147827148438,5.921718120574951,1.7729569673538208,0.3689523935317993,1.8813035488128662,1.6587516069412231,5.19595193862915,5.079102993011475,5.767223834991455,1.9237667322158813,4.806984901428223,8.442038536071777,0.0,1.169998049736023,0.0,0.9209134578704834,8.251819610595703,5.817173957824707,2.3244881629943848,2.3891165256500244,5.235705375671387,0.0,23.05265235900879,16.63857650756836,13.297049522399902,5.893656253814697,0.9958420991897583,0.6138949394226074,2.8752479553222656,0.011308048851788044,1.1159032583236694,0.0,1.4725054502487183,0.011466030031442642,4.330363750457764,2.3023974895477295,2.86385440826416,2.8789966106414795,0.038847289979457855,0.1756669133901596,0.0,0.0,0.0,0.24484878778457642,0.0,0.0020797280594706535,0.00244943518191576,0.8775118589401245,0.019472209736704826,0.0023445934057235718,44.55255126953125,2.7300281524658203,4.156422138214111,4.222157001495361,0.10011128336191177,0.0010798515286296606,2.0920522212982178,9.618247032165527,2.1481900215148926,1.3102576732635498,3.7998759746551514,1.394160509109497,5.975640773773193,0.09081906825304031,29.9029541015625,40.392921447753906,12.430193901062012,0.0013545142719522119,11.002039909362793,0.2847828269004822,8.610244549345225e-05,30.959779739379883,0.0,0.025086119771003723,26.891132354736328,9.935612678527832,0.01725422963500023,0.0006550444522872567,15.15499496459961,0.8718327879905701,8.269231796264648,2.940655469894409,14.34732723236084,0.132025346159935,0.019124161452054977,14.009932518005371,20.668346405029297,12.557703971862793,0.04153645038604736,27.072460174560547,1.8839539289474487,8.955784797668457,28.769195556640625,20.91129493713379,1.797211766242981,1.660461187362671,12.987930297851562,5.354597568511963,173.55604553222656,83.27017974853516,100.59713745117188,58.60470199584961,75.77426147460938,110.41816711425781,93.87251281738281,656.9795532226562,102.55557250976562,58.36056137084961,204.56227111816406,35.61660385131836,166.52308654785156
0,5.818010330200195,0.0,10.125702857971191,5.780844211578369,0.03225478157401085,2.5334908962249756,4.722790718078613,0.0,5.344043254852295,0.0,2.0798935890197754,0.0,0.0,2.337017297744751,24.91964340209961,0.5934122800827026,7.147850036621094,0.047559309750795364,0.004819063935428858,11.938796043395996,3.5783138275146484,0.0019057139288634062,0.01846175640821457,1.2104105949401855,0.13784238696098328,0.0,18.942590713500977,70.7294692993164,5.963129997253418,3.812403917312622,6.7962188720703125,3.995640754699707,2.799079656600952,0.017081156373023987,0.0,3.9990298748016357,52.74859619140625,9.611261367797852,0.0,44.6273307800293,15.45993423461914,0.05630619078874588,0.07525777816772461,0.0,3.419044017791748,3.2128913402557373,0.0,3.640688419342041,1.0819153785705566,0.7268836498260498,14.543259620666504,0.029993940144777298,4.382890224456787,0.8115146160125732,3.952183961868286,7.945657253265381,2.7487645149230957,1.0701978206634521,0.4789450168609619,0.0,9.270355224609375,5.5244460105896,17.977699279785156,10.1431303024292,11.941768646240234,0.7440371513366699,0.05460850149393082,1.3201870918273926,3.2825138568878174,0.03168871998786926,2.8275394439697266,0.0009925680933520198,2.2474348545074463,0.007240740582346916,5.024074554443359,0.062098532915115356,1.0003100633621216,3.6411256790161133,0.0,3.603071928024292,3.888751983642578,2.454059362411499,1.6236014366149902,4.771220684051514,1.7831826210021973,0.32268792390823364,1.4903454780578613,1.5068447589874268,5.580237865447998,5.45350980758667,8.99953556060791,1.8410855531692505,4.512456893920898,9.826223373413086,0.030391260981559753,1.181191086769104,0.004134350456297398,0.98246169090271,7.277835845947266,5.95706844329834,2.3621063232421875,3.1134960651397705,5.693004131317139,0.0,28.259122848510742,15.551342010498047,14.591713905334473,5.982913970947266,0.9674022197723389,0.5520698428153992,3.018193244934082,0.012721667066216469,1.0757226943969727,0.0,1.196916937828064,0.01337553933262825,4.489686965942383,1.89165461063385,2.777489185333252,2.584695816040039,0.0,0.25487804412841797,0.0008566546021029353,0.03557005897164345,0.0010731405345723033,8.221047028200701e-05,0.001384458038955927,0.017828980460762978,0.10632272809743881,0.8865052461624146,0.04946957901120186,0.003510783426463604,44.2651252746582,2.1228830814361572,3.8172531127929688,5.073529243469238,0.07442227005958557,0.018077479675412178,1.7511887550354004,8.207378387451172,2.231022834777832,1.0841916799545288,3.4679579734802246,1.6891164779663086,6.845486640930176,0.058817438781261444,23.963747024536133,39.9116325378418,13.376992225646973,0.0014626714400947094,10.111747741699219,1.5357786417007446,0.0,33.488548278808594,0.0,0.02433888241648674,26.507095336914062,7.8687214851379395,0.01725422963500023,0.0006550444522872567,14.816801071166992,0.8836296796798706,7.708701133728027,2.860785961151123,12.745755195617676,0.22700661420822144,0.015051484107971191,12.982889175415039,14.677376747131348,11.90490436553955,0.009391811676323414,30.330198287963867,1.8431119918823242,8.815814971923828,34.761802673339844,22.47182846069336,3.936250925064087,2.2489335536956787,10.707803726196289,6.204573154449463,177.35316467285156,85.22747039794922,95.53543853759766,50.35563278198242,75.83097839355469,100.5500717163086,90.69994354248047,618.6908569335938,97.0311050415039,59.10218048095703,163.62620544433594,33.30133819580078,147.45358276367188
0,5.929302215576172,0.021979551762342453,9.201809883117676,4.85001277923584,0.06893270462751389,2.5403549671173096,3.8413498401641846,0.0,5.344515800476074,0.0,2.1568706035614014,0.0,0.00750488368794322,2.598848342895508,24.532527923583984,0.8049157857894897,5.9312424659729,0.0,0.0027676187455654144,9.611571311950684,2.695427656173706,0.002929008100181818,0.0,1.3182196617126465,0.20819342136383057,0.0,15.893758773803711,68.1981430053711,6.604454517364502,4.347499847412109,6.677048683166504,4.180423736572266,2.98500919342041,0.022899463772773743,0.013079104013741016,4.492074012756348,52.85350036621094,9.305706977844238,0.029613235965371132,44.81418228149414,12.405571937561035,0.04188479483127594,0.07525777816772461,0.0,2.039628028869629,3.1244707107543945,0.00035756442230194807,3.9627268314361572,1.1937938928604126,1.3738160133361816,14.448857307434082,0.015715371817350388,5.049192428588867,0.9357082843780518,3.850210189819336,9.765894889831543,2.7072160243988037,1.0717521905899048,0.576555073261261,0.0681299939751625,9.814434051513672,6.996060848236084,16.970983505249023,9.47518253326416,12.946267127990723,0.6423209309577942,0.0,1.576668620109558,3.1962687969207764,0.03735058382153511,2.8033287525177,0.0009925680933520198,2.500096321105957,0.0,4.559671401977539,0.2293463796377182,0.9849826693534851,3.8056838512420654,0.0,3.047626256942749,3.0315427780151367,2.2348673343658447,1.530285358428955,5.695162773132324,1.8332030773162842,0.07501678168773651,1.5449833869934082,1.848500370979309,4.537845134735107,4.9110283851623535,4.52094030380249,2.156634569168091,4.047311782836914,9.985587120056152,0.023652896285057068,1.1430257558822632,0.0010401284089311957,1.0248887538909912,7.449010372161865,5.60621452331543,2.3846452236175537,2.597015380859375,5.691931247711182,0.0004465248202905059,46.72957992553711,18.319950103759766,14.305853843688965,5.6404194831848145,1.0055006742477417,0.3287193179130554,2.8472352027893066,0.0,1.0757440328598022,0.0037870442029088736,1.1102124452590942,0.011199788190424442,4.595344543457031,2.346116065979004,2.9510350227355957,2.907017230987549,0.11614838987588882,0.2763731777667999,0.0,0.012789813801646233,0.024947572499513626,0.02904624305665493,0.0032756042201071978,0.03981541842222214,0.0465034656226635,0.7692586779594421,0.025732528418302536,0.002923451829701662,36.802734375,2.2965540885925293,4.151589870452881,4.487785339355469,0.0,0.03133147582411766,1.4659503698349,8.125395774841309,2.3896396160125732,1.3495486974716187,3.2879350185394287,1.6721049547195435,5.419763565063477,0.010260719805955887,27.468524932861328,33.4381217956543,11.847502708435059,0.0013545142719522119,10.396932601928711,1.6495635509490967,5.524098014575429e-06,29.609582901000977,0.0,0.025086119771003723,27.16826057434082,7.991916179656982,0.01725422963500023,0.0006550444522872567,15.803193092346191,0.8513830304145813,8.33687973022461,2.887254476547241,13.803349494934082,0.22700661420822144,0.015447276644408703,14.117526054382324,17.6428165435791,15.95219898223877,0.009391811676323414,28.284753799438477,1.958922028541565,8.870747566223145,33.01681900024414,21.541351318359375,4.5613694190979,1.803354024887085,12.432560920715332,5.895173072814941,184.3181610107422,77.2465591430664,96.5930404663086,37.37971496582031,77.70802307128906,90.42583465576172,85.40899658203125,655.4625244140625,95.13946533203125,46.306331634521484,132.33294677734375,33.53596115112305,145.2063751220703
0,4.907044410705566,9.142987251281738,7.749333381652832,5.261934280395508,1.7841458320617676,1.25211501121521,0.7402575016021729,0.0010333636309951544,0.14488424360752106,0.0010741506703197956,0.6088805794715881,0.42653369903564453,0.07763168215751648,0.0016084975795820355,0.0,0.0,9.834437370300293,0.09440432488918304,1.7134956121444702,4.6671881675720215,1.4158744812011719,1.091793417930603,0.7442136406898499,0.0020437364000827074,6.229664325714111,0.026641137897968292,20.970300674438477,69.72190856933594,1.391349196434021,0.5710694789886475,0.44240155816078186,2.994509696960449,0.7110826969146729,0.12228959053754807,0.009026643820106983,0.3706561326980591,30.145893096923828,4.452873229980469,2.4916129112243652,23.82715606689453,2.524905204772949,0.00973653607070446,0.0019146057311445475,0.13993234932422638,0.8489649295806885,1.5540797710418701,1.5088179111480713,1.3389431238174438,0.00520604383200407,0.31620171666145325,6.983863353729248,0.009553201496601105,4.979490280151367,0.0,2.834441900253296,0.4169117510318756,2.0697948932647705,0.11625967174768448,1.7149415016174316,1.498368501663208,5.011198997497559,1.7338210344314575,13.009214401245117,9.888022422790527,4.3488545417785645,2.1997604370117188,1.5908114910125732,0.6290946006774902,3.5228090286254883,0.002390327164903283,1.7199411392211914,0.0,0.8386965990066528,2.8705127239227295,2.9844510555267334,0.011475338600575924,0.5931199193000793,0.4005850851535797,0.0,2.799867630004883,0.8398625254631042,0.0,0.801356315612793,0.8139205574989319,0.2641463279724121,0.8641151785850525,1.4355889558792114,0.9634023308753967,1.8366714715957642,4.017583847045898,0.70196133852005,2.0767900943756104,2.62027907371521,6.741945743560791,0.00010613459744490683,0.3822430968284607,1.4415149688720703,0.44590044021606445,19.01892852783203,7.278608798980713,1.8258748054504395,0.9954661726951599,5.672548294067383,0.0001776704448275268,102.33018493652344,3.731873035430908,12.020100593566895,7.277942657470703,13.41093635559082,0.7985424399375916,1.4059045314788818,0.009110008366405964,2.5463788509368896,1.2651309967041016,0.6840503215789795,0.23064836859703064,1.343174695968628,3.4907538890838623,2.6698036193847656,1.5577001571655273,0.6147796511650085,0.0,0.6905194520950317,0.21321652829647064,0.4098699688911438,0.9904897212982178,0.1839148998260498,0.5451279878616333,0.21561220288276672,0.33606600761413574,0.004215986002236605,0.002747579012066126,5.870810508728027,4.969466686248779,2.125950574874878,3.6383700370788574,5.60316276550293,1.4818097352981567,0.10012706369161606,6.227712154388428,0.1776231825351715,0.20449316501617432,3.0009825229644775,1.8726298809051514,2.3192551136016846,0.0,48.37000274658203,25.60263442993164,8.55902099609375,0.001395511906594038,5.469691753387451,0.0017732519190758467,0.0,8.788475036621094,0.0006902309833094478,0.034562282264232635,18.64756202697754,4.444258689880371,0.018148455768823624,0.0032256159465759993,5.314682483673096,1.4538654088974,5.075109004974365,2.741129159927368,4.682728290557861,0.0029025101102888584,0.002476413268595934,4.784095287322998,0.21279488503932953,0.9692710638046265,0.012018545530736446,0.6800825595855713,0.2087637335062027,0.060222115367650986,0.27738064527511597,0.4169103801250458,0.027540545910596848,0.11821340769529343,0.16204559803009033,0.2797480523586273,0.6804094314575195,0.8308738470077515,0.06508952379226685,0.9650918841362,0.1337866485118866,1.2664161920547485,2.334157943725586,2.382413387298584,3.674165725708008,0.13859720528125763,2.473313570022583,0.6549460887908936,4.197490215301514
0,9.727215766906738,4.907191276550293,8.080378532409668,5.3968987464904785,1.4774760007858276,0.98140949010849,0.8209037780761719,0.0010333636309951544,0.08473235368728638,0.0,0.0036792168393731117,0.0,0.0,0.0016084975795820355,0.005671760067343712,0.0,6.905065536499023,0.0,1.777950406074524,4.739933967590332,2.033417224884033,2.214325428009033,1.3145312070846558,0.004497721325606108,0.8670939207077026,0.0,14.230790138244629,54.002689361572266,0.8163307309150696,1.054682970046997,0.5836365222930908,5.374436378479004,1.298966407775879,0.001557796262204647,0.004626418463885784,0.12811097502708435,31.207714080810547,4.556164264678955,3.9640111923217773,32.65345764160156,2.4178788661956787,0.0,0.08919579535722733,0.11035777628421783,0.2348642498254776,1.359231948852539,2.1529226303100586,1.0561057329177856,0.0,0.2973322570323944,6.418195724487305,0.0,3.2770979404449463,0.001998943043872714,3.965236186981201,0.0,2.149388551712036,0.002401221776381135,1.566847562789917,1.3496609926223755,5.3384690284729,2.1780309677124023,10.475786209106445,7.104637622833252,6.19448184967041,1.9896535873413086,3.085540294647217,1.6653367280960083,4.216784477233887,0.002390327164903283,2.0609261989593506,0.0,0.8032333254814148,2.099047899246216,3.551830530166626,0.008042490109801292,1.1473362445831299,0.8854053616523743,0.0,3.5808191299438477,1.3830984830856323,0.018074898049235344,0.4845655560493469,0.6201547384262085,1.6617127656936646,1.3276124000549316,1.753577470779419,0.6717665195465088,3.215458631515503,3.4202024936676025,0.0,1.430332899093628,2.422621965408325,6.166571140289307,0.0,0.7638693451881409,1.107608675956726,0.0,13.436076164245605,7.1293768882751465,2.6992292404174805,0.3761632740497589,7.816569805145264,0.00016390689415857196,29.8649959564209,10.830824851989746,11.452127456665039,6.526121616363525,8.858311653137207,0.396398663520813,1.8074913024902344,0.09138000011444092,3.2113802433013916,1.1021686792373657,1.7715600728988647,0.0,1.0350316762924194,4.163179397583008,5.021880149841309,1.546603798866272,0.4250458776950836,0.0,0.6142648458480835,0.008244634605944157,0.0,0.6906316876411438,0.0,0.0712171420454979,0.018652567639946938,0.01882246509194374,0.002132475608959794,0.0024686651304364204,13.068596839904785,5.908408164978027,2.214484691619873,4.078444957733154,5.3633246421813965,0.7778024673461914,0.10572782158851624,6.6234965324401855,0.6957218647003174,0.07752347737550735,2.966721296310425,1.8672471046447754,4.050809860229492,0.14358554780483246,14.890623092651367,18.223539352416992,7.957904815673828,0.0,5.791589260101318,0.004851651843637228,0.0,9.969225883483887,0.0,0.0,14.199362754821777,5.45586633682251,0.018148455768823624,0.9629214406013489,4.966865062713623,1.1815019845962524,5.713677883148193,1.5661033391952515,4.532738208770752,0.0032939929515123367,0.0,6.398878574371338,0.010036740452051163,0.9897699356079102,0.0,0.49639371037483215,0.09921359270811081,0.040446117520332336,0.038663338869810104,0.3435108959674835,0.0,0.043869748711586,0.03949452564120293,0.07012752443552017,0.0,0.0,0.4647456109523773,0.0,0.24323411285877228,0.0,0.709739625453949,0.0,0.3087257444858551,0.4225204885005951,0.6544489860534668,0.0,1.648345947265625
0,7.407053470611572,6.606491565704346,7.143808841705322,5.058178901672363,1.1918781995773315,1.4321657419204712,0.8968418836593628,0.0,0.025493040680885315,0.0,0.0,0.0,0.0,0.0016084975795820355,0.005671760067343712,0.0,3.2235846519470215,0.0,1.7131030559539795,7.933332443237305,0.8356154561042786,1.9006842374801636,1.1701570749282837,0.0010733542731031775,0.0,0.0,8.88888931274414,54.925636291503906,1.2042642831802368,0.88325035572052,0.7444297671318054,4.2191925048828125,1.16303288936615,0.0,0.009026643820106983,0.14120988547801971,28.783153533935547,3.6745896339416504,3.1466445922851562,25.778364181518555,2.3452277183532715,0.06493183225393295,0.08919579535722733,0.11422201991081238,0.17951148748397827,0.8650557398796082,2.7382164001464844,1.1762902736663818,0.005109743680804968,0.24045342206954956,6.306897163391113,0.0,5.357452392578125,0.0008013725746423006,3.358398914337158,0.0,1.9445472955703735,0.04341410472989082,1.0690536499023438,1.5199766159057617,5.873135089874268,1.5832154750823975,12.06653881072998,8.084765434265137,5.547063827514648,2.1188244819641113,1.4508730173110962,1.386007308959961,3.599943161010742,0.0036040900740772486,1.185903787612915,0.0,1.188868761062622,2.090799570083618,2.8567728996276855,0.011066037230193615,1.3356605768203735,0.37927818298339844,0.0,2.244617462158203,0.947817325592041,0.001377703039906919,0.45074182748794556,0.6448518633842468,0.8070253133773804,1.2106813192367554,1.2705438137054443,1.0367891788482666,3.074458122253418,4.491545677185059,0.0,1.4313087463378906,2.6394386291503906,5.327164173126221,0.0009162870701402426,1.0269852876663208,0.9171392321586609,0.0,13.200088500976562,5.874838829040527,1.105924367904663,0.5050678253173828,7.17703914642334,0.00016280503768939525,27.459238052368164,7.618300914764404,11.260309219360352,5.995912075042725,13.536539077758789,0.6588652729988098,2.06801176071167,0.026276174932718277,2.568868398666382,0.6949988007545471,1.963201642036438,0.14621958136558533,1.0237723588943481,2.9806137084960938,3.8940749168395996,1.4161982536315918,0.5124585628509521,0.12184720486402512,0.0,0.0,0.0,0.35214173793792725,0.0,0.0,0.0,0.045695461332798004,0.0,0.0,10.747636795043945,5.32215690612793,2.2522835731506348,2.4331469535827637,5.1614813804626465,1.5609406232833862,0.10572782158851624,5.969796180725098,0.0,0.00651521235704422,2.691742420196533,1.423876166343689,3.7553067207336426,0.18645931780338287,37.18215560913086,26.766523361206055,10.022104263305664,0.0,6.274557590484619,0.004851651843637228,0.0,10.45279598236084,0.0,0.0,13.93571662902832,4.721661567687988,0.018148455768823624,0.6373645663261414,3.6275863647460938,0.7531517744064331,5.711277008056641,1.828107237815857,4.246115207672119,0.0032939929515123367,0.0,6.070878505706787,0.010036740452051163,1.3189948797225952,0.012018545530736446,0.458686888217926,0.052995938807725906,0.055620625615119934,0.17694023251533508,0.3634950816631317,0.0,0.07461784780025482,0.03949452564120293,0.07012752443552017,0.0,0.3766108751296997,1.4565346240997314,0.0002340740174986422,0.5582736730575562,0.8564307689666748,1.0538535118103027,0.0,0.15776771306991577,0.0,1.6499650478363037,0.19757941365242004,2.436753749847412
0,11.306097030639648,7.680731773376465,6.439938068389893,5.311987400054932,1.138202428817749,0.6213089823722839,0.8387205600738525,0.0,0.024999521672725677,0.0,0.0,0.0004401709302328527,0.0015643066726624966,0.0018596260342746973,0.005671760067343712,0.0,5.83644437789917,0.0011013068724423647,1.6219398975372314,7.117321968078613,1.307491660118103,2.226377487182617,1.1514328718185425,0.0,0.0,0.0,14.418597221374512,52.40072250366211,1.350838541984558,1.1415228843688965,0.7897506356239319,4.714329242706299,0.8344195485115051,0.02253333106637001,0.004626418463885784,0.26888975501060486,29.2315673828125,3.691847801208496,4.089862823486328,30.000967025756836,2.3105757236480713,0.0,0.08919579535722733,0.10704110562801361,0.05613895505666733,0.7859745025634766,1.1706761121749878,1.312703251838684,0.005109743680804968,0.292182594537735,6.031645774841309,0.004814827349036932,4.867400169372559,0.0,3.5600593090057373,0.008396447636187077,1.6504790782928467,0.0,0.7472315430641174,1.4779913425445557,5.673226356506348,2.144838809967041,10.221169471740723,7.3037309646606445,5.2650065422058105,2.4936389923095703,1.2777137756347656,1.3879958391189575,3.6632091999053955,0.0036040900740772486,1.0878567695617676,0.0,0.6993621587753296,1.5419812202453613,3.91902232170105,0.014498882927000523,0.6201286315917969,0.26830536127090454,0.0,2.6258866786956787,0.8056919574737549,0.01166888140141964,0.45501023530960083,0.04546269401907921,0.7721767425537109,1.3384219408035278,1.2286467552185059,0.5027426481246948,2.878692150115967,4.468841552734375,0.0,1.4414682388305664,2.782454252243042,5.356046199798584,5.29110839124769e-05,1.019235372543335,0.9252482056617737,0.0,11.754502296447754,6.268403053283691,0.9746737480163574,0.42918071150779724,7.798917770385742,0.00016280503768939525,26.687368392944336,9.98090648651123,10.357195854187012,5.33762788772583,14.179025650024414,0.5386241674423218,2.076981544494629,0.0,2.99242901802063,0.30381858348846436,1.5797860622406006,0.050365153700113297,1.0734851360321045,2.867966413497925,3.345146894454956,1.5584229230880737,0.40521642565727234,0.0,0.0033552732784301043,0.003962194547057152,0.0005656426656059921,0.5221776366233826,0.002339745871722698,0.03869469091296196,0.0,0.02499254420399666,0.0020207755733281374,0.0,13.900605201721191,4.912075519561768,2.0380520820617676,2.4389290809631348,5.501466751098633,1.3990888595581055,0.11194096505641937,5.829554557800293,0.31557804346084595,0.007651439867913723,3.0483181476593018,1.5469013452529907,5.35567045211792,0.86286860704422,34.3300666809082,27.714319229125977,9.829314231872559,0.21354161202907562,7.153585910797119,0.25880804657936096,0.0,12.164144515991211,1.7158783674240112,2.2391324043273926,15.283101081848145,5.181008815765381,0.018148455768823624,2.6971957683563232,4.114626884460449,0.5758697390556335,6.9011335372924805,1.7120296955108643,4.955399036407471,1.1250810623168945,0.0,6.787633895874023,1.6298613548278809,3.279465913772583,0.0,0.7140528559684753,0.10091202706098557,0.08219362795352936,0.41596710681915283,0.3684723675251007,0.05841084569692612,0.1288277804851532,0.09846573323011398,0.07012752443552017,0.0,0.0,0.0,0.2982770502567291,0.16136080026626587,0.0,0.04300644248723984,0.0,0.0,0.0,0.5403356552124023,0.006010192912071943,1.065304160118103
0,9.81043815612793,8.706852912902832,5.73890495300293,4.91709041595459,0.9919981956481934,0.8863390684127808,0.7393943071365356,0.00035885575925931334,0.026770049706101418,1.3395561836659908e-05,0.0,0.0004401709302328527,0.0013895649462938309,0.0018596260342746973,0.005671760067343712,0.0,3.9889674186706543,0.008080673404037952,1.6216717958450317,7.151203632354736,1.9204401969909668,2.1075358390808105,0.8019983172416687,0.0,0.022348331287503242,1.492699384689331,11.504990577697754,56.588966369628906,0.9514333009719849,1.0829941034317017,0.999060869216919,3.171111822128296,0.6284025311470032,0.011005486361682415,0.009026643820106983,0.1975153386592865,30.14845085144043,3.6070899963378906,3.9845070838928223,28.05194091796875,2.264936685562134,0.0,0.08919579535722733,0.09635481238365173,0.052646879106760025,1.4425204992294312,1.618231177330017,1.1987382173538208,0.004849590361118317,0.3273797631263733,6.4329071044921875,0.005469150375574827,4.406393051147461,0.0006423150771297514,3.5057241916656494,0.007638164795935154,1.1048370599746704,0.0,0.6433957815170288,1.345555305480957,5.722901821136475,1.7427012920379639,10.65123176574707,8.626408576965332,5.08214807510376,1.8373966217041016,1.0875952243804932,1.454641342163086,4.303164958953857,0.0036040900740772486,0.8924561738967896,0.0,0.7248098850250244,1.691741704940796,2.933382511138916,0.02654285915195942,0.7888595461845398,0.32939305901527405,0.0,2.176152467727661,1.2093350887298584,0.012191593647003174,0.4091712236404419,0.03106592409312725,0.6557871699333191,1.4429560899734497,0.7846511602401733,0.6155425310134888,3.558506488800049,4.683638572692871,0.0,1.7407833337783813,3.068793296813965,5.69305944442749,0.0,1.2733954191207886,0.40088117122650146,0.0,11.020867347717285,5.684667110443115,0.8194586038589478,0.4210919141769409,7.859673976898193,0.00018926264601759613,26.818031311035156,4.880064010620117,11.339394569396973,6.083463668823242,10.406668663024902,0.6086305975914001,2.197429895401001,0.1749725639820099,3.020157814025879,0.13132211565971375,1.7436292171478271,0.0,1.1267188787460327,1.938585638999939,4.003960132598877,1.592118740081787,0.5388416647911072,0.0,0.0,0.025348391383886337,0.0,0.49778124690055847,0.0,0.09385775774717331,0.007241340354084969,0.03150743618607521,0.00443941168487072,0.0003438554995227605,15.677467346191406,4.162195682525635,2.013615846633911,2.5337073802948,4.912264823913574,1.354017972946167,0.11053911596536636,5.659920692443848,0.0,0.004990401212126017,3.050142526626587,1.8394144773483276,5.5327911376953125,0.9557374715805054,37.80564880371094,31.59585952758789,9.798675537109375,0.19965434074401855,6.566047191619873,0.25880804657936096,0.0,12.280414581298828,1.943930983543396,2.0793840885162354,15.839487075805664,5.398414134979248,0.018148455768823624,4.247939109802246,3.8397324085235596,0.11043054610490799,6.000298976898193,1.8166145086288452,5.192795276641846,1.2502069473266602,0.0,6.179572105407715,1.9371936321258545,3.8243563175201416,0.012018545530736446,0.6898559331893921,0.12139681726694107,0.03713776916265488,0.37768980860710144,0.3634950816631317,0.001090329373255372,0.07538558542728424,0.12158530205488205,0.08168724179267883,0.021949680522084236,0.0,0.0,0.14000532031059265,0.0,0.0,0.06391704082489014,0.0,0.0,0.0,0.3779251277446747,0.0,1.2591625452041626
0,12.16695785522461,14.091533660888672,6.342811584472656,5.3861260414123535,0.829763650894165,1.5325872898101807,0.6322590708732605,0.00035885575925931334,0.02123732678592205,0.00045754737220704556,0.0,0.0004401709302328527,0.027408793568611145,0.0018596260342746973,0.005671760067343712,0.0,5.780848503112793,0.0,1.575109601020813,5.874617099761963,1.9763939380645752,2.0691401958465576,0.250569224357605,0.0,0.0002980389690492302,0.0,13.659913063049316,54.10188674926758,1.072864055633545,1.1294857263565063,1.2402859926223755,2.8410542011260986,1.2012100219726562,0.0,0.0,0.22107821702957153,31.065858840942383,3.1715564727783203,4.035037517547607,32.04186248779297,2.336172342300415,0.04895198717713356,0.08919579535722733,0.1036781445145607,0.05666033551096916,1.1989073753356934,2.4424755573272705,1.2316646575927734,0.0,0.2802841067314148,6.640415191650391,0.1341809779405594,4.858328819274902,0.0006423150771297514,3.6242828369140625,0.008588620461523533,1.1774144172668457,0.0018113390542566776,0.5436044931411743,1.3516318798065186,6.395370006561279,2.1491456031799316,10.204710006713867,8.030735969543457,5.134509563446045,2.351513385772705,0.49208933115005493,1.3314396142959595,3.9794745445251465,0.0036040900740772486,0.5213335156440735,0.0,1.1829266548156738,1.7282675504684448,3.889669179916382,0.019885549321770668,0.8713856935501099,0.2992084324359894,0.0,2.2993621826171875,1.3660134077072144,0.0,0.44289571046829224,0.0,0.9257988929748535,1.702351450920105,0.9425660371780396,0.6861578822135925,3.116065740585327,4.797316074371338,0.0,1.5389517545700073,2.8692212104797363,5.767195224761963,0.00031824116013012826,1.1635075807571411,0.12573491036891937,0.0,12.160046577453613,4.820255279541016,0.31936344504356384,0.4302615523338318,7.784496307373047,0.00019548539421521127,25.554908752441406,4.685436248779297,12.043153762817383,6.6068220138549805,11.601361274719238,0.6720209121704102,2.1912214756011963,0.05625944584608078,3.4762167930603027,0.0,1.8978497982025146,0.1446971297264099,1.0387845039367676,2.7330198287963867,3.7771668434143066,1.7933391332626343,0.5705640316009521,0.0,0.0,0.0,0.0,0.477629154920578,0.005695755127817392,0.0,0.017480678856372833,0.01370225753635168,0.0,0.0007109843427315354,10.78731918334961,4.530521392822266,2.2079365253448486,1.5384904146194458,4.842921257019043,1.6717653274536133,0.1307133436203003,4.892083644866943,0.024719303473830223,0.00722171226516366,2.7547707557678223,1.7918038368225098,4.820044040679932,1.209020733833313,52.36366271972656,34.52076721191406,10.993534088134766,0.19965434074401855,7.211772441864014,0.25880804657936096,0.0,12.573331832885742,5.4498066902160645,3.226245880126953,17.394386291503906,5.966646671295166,0.018148455768823624,4.805700302124023,3.6047885417938232,0.05155246704816818,6.606729507446289,1.8243937492370605,5.618235111236572,3.0080907344818115,0.0,6.478110313415527,1.7812674045562744,5.779077529907227,0.0,0.7172776460647583,0.1429850161075592,0.03713776916265488,0.6805558800697327,0.3878641128540039,0.0,0.050824545323848724,0.12158530205488205,0.08381888270378113,0.07135710120201111,0.29825758934020996,4.06272029876709,0.24275976419448853,0.0,0.0,0.0,0.0,0.0,0.1035933867096901,2.191709041595459,0.0,1.2591625452041626
0,10.090232849121094,3.980936050415039,5.797590255737305,4.577267169952393,0.46746113896369934,0.8886428475379944,0.37622690200805664,0.0,0.0,0.0,0.0,8.591873483965173e-05,0.0,0.0018596260342746973,0.005671760067343712,0.0,4.910105228424072,0.016358062624931335,1.5565317869186401,4.714116096496582,1.461098313331604,1.8705341815948486,0.7068796157836914,0.0,0.022348331287503242,0.0,13.935362815856934,55.51267623901367,1.0590174198150635,1.185747504234314,1.3854063749313354,2.99965763092041,0.6913560032844543,0.02389606088399887,0.009026643820106983,0.762292206287384,30.64818572998047,3.194995880126953,4.186808109283447,29.05394744873047,2.8619210720062256,0.0,0.08919579535722733,0.07887885719537735,0.04652288183569908,1.575368881225586,2.4109766483306885,1.354144811630249,0.003584956517443061,0.40217354893684387,7.27764368057251,0.0,4.151485443115234,0.0,3.6544718742370605,0.007541508413851261,1.1169073581695557,0.0,0.31413623690605164,1.419257402420044,6.56714391708374,1.9670380353927612,11.056474685668945,8.439637184143066,5.367771625518799,2.3466031551361084,0.30938392877578735,1.4506773948669434,3.9638824462890625,0.0036040900740772486,0.5623415112495422,0.0447688065469265,0.7521765232086182,1.842421293258667,2.8066630363464355,0.0027428120374679565,1.3085180521011353,0.20437657833099365,0.0,2.0001866817474365,0.7288280129432678,0.0,0.5069230198860168,0.006609016563743353,0.8608011603355408,1.6397433280944824,0.9013163447380066,0.6901746392250061,3.0865907669067383,4.767322063446045,0.0,1.5269029140472412,2.823289155960083,6.327818870544434,0.0022571031004190445,1.1812965869903564,0.0,0.0,11.386709213256836,4.641290664672852,0.03856295719742775,0.40669235587120056,7.9161529541015625,0.0,44.27629089355469,6.037724018096924,14.320727348327637,6.468176364898682,14.068499565124512,0.7328078150749207,2.0408530235290527,0.0,3.189340353012085,0.017850376665592194,2.030243396759033,0.038997191935777664,1.1186739206314087,1.8561822175979614,3.3609824180603027,1.9303537607192993,0.31482741236686707,0.0,0.0006622351356782019,0.010979151353240013,0.0007198862149380147,0.7934999465942383,0.0047303070314228535,0.0,0.007750975899398327,0.0,0.0039604720659554005,0.001147921779192984,7.473278522491455,4.516775131225586,2.0508840084075928,1.3751542568206787,5.460832118988037,2.045870304107666,0.14293159544467926,4.394176006317139,0.010891388170421124,0.0,2.5791189670562744,1.152085304260254,5.608179569244385,1.3511015176773071,39.67638397216797,33.582706451416016,12.104973793029785,2.0797016620635986,7.015103340148926,6.3567214012146,0.14583581686019897,13.992109298706055,9.608227729797363,5.357329368591309,16.870512008666992,5.420665740966797,0.018148455768823624,8.111136436462402,5.436177730560303,0.03825860470533371,6.806314468383789,1.8158360719680786,6.023284435272217,4.343298435211182,1.8793344497680664,6.563943862915039,20.427532196044922,10.999760627746582,0.012018545530736446,1.197678804397583,0.2552545964717865,0.15267413854599,0.7300196290016174,0.6152311563491821,0.6255724430084229,0.11960628628730774,0.5748815536499023,0.8976927995681763,0.0,0.537220299243927,4.055330753326416,0.0034099824260920286,0.0,0.1024680882692337,0.0,0.0,1.2201486825942993,0.29414111375808716,1.1798628568649292,0.0,1.7798223495483398
0,2.19541335105896,0.0,3.9024999141693115,2.7542953491210938,0.3149246871471405,0.0,0.021330909803509712,0.0006329149473458529,0.3182322680950165,0.7369688153266907,0.0,0.0,0.004728576168417931,0.0,0.0,0.0,0.042560920119285583,0.5473382472991943,0.07949946075677872,0.0044326335191726685,0.10553488880395889,0.6105160117149353,0.5640661716461182,0.0035224887542426586,0.03738683462142944,0.13287995755672455,2.3605833053588867,36.25678253173828,5.160690784454346,3.048893928527832,1.5768085718154907,2.6354575157165527,1.9632312059402466,3.0094408988952637,0.0040323249995708466,2.636496067047119,32.799659729003906,6.8401899337768555,1.5520920753479004,25.9853458404541,9.934774398803711,0.9394907355308533,0.005546480417251587,0.007676710840314627,0.7349406480789185,2.3750383853912354,7.550313603132963e-05,2.852940082550049,0.6960601210594177,4.674838542938232,17.43566131591797,0.2970162630081177,6.118988990783691,1.8541679382324219,1.9637300968170166,0.0,0.3606735169887543,0.8903826475143433,0.41731345653533936,0.0,20.094390869140625,11.272247314453125,5.156736850738525,15.978327751159668,4.358039379119873,0.5124142169952393,1.2649096250534058,1.682407259941101,4.169407844543457,1.6091372966766357,3.5783791542053223,3.7078282833099365,0.36647751927375793,0.004274786915630102,2.44411039352417,0.705720067024231,0.5304320454597473,0.9256711602210999,0.059591516852378845,2.566220283508301,2.930572986602783,0.6545345783233643,0.5917825102806091,0.9359779357910156,3.15010404586792,1.2435976266860962,1.9157148599624634,0.8480353355407715,1.35382878780365,3.524817705154419,0.0,1.637316107749939,5.030157566070557,5.287553787231445,0.012984761968255043,0.011864116415381432,0.0,0.0,11.502340316772461,6.390927314758301,3.5396604537963867,0.9951164126396179,3.9606773853302,0.0,110.32936096191406,4.329558372497559,52.762359619140625,3.857722043991089,1.7018071413040161,0.5306124091148376,3.6794557571411133,0.6953175663948059,1.5703926086425781,0.5179915428161621,0.5469056367874146,0.009358024224638939,5.225371360778809,0.0,3.1241719722747803,1.4388794898986816,0.7732793688774109,0.0,0.0,0.00015157044981606305,0.0004580965032801032,0.3550039529800415,0.0004818032612092793,0.0,0.0,0.0,0.0005622526514343917,0.0,29.993953704833984,5.430321216583252,4.1571760177612305,4.014187812805176,1.9668593406677246,1.7210845947265625,1.4711400270462036,10.833352088928223,1.234764575958252,1.8183717727661133,3.45592999458313,2.802011251449585,61.66136169433594,93.9218521118164,0.09190712124109268,0.0946948304772377,55.602046966552734,55.82638931274414,55.03528594970703,0.0,5.224803924560547,253.94374084472656,161.7808380126953,151.39892578125,55.20289611816406,31.487945556640625,1.4229414463043213,64.09557342529297,61.298492431640625,10.17712116241455,52.022972106933594,28.050935745239258,101.17666625976562,93.28724670410156,34.378440856933594,0.0018297384958714247,669.0977172851562,387.5442199707031,88.86908721923828,446.48004150390625,59.0170783996582,106.99373626708984,111.89849090576172,243.81118774414062,63.86205291748047,10.448805809020996,152.099609375,97.13729095458984,0.024468284100294113,0.0,0.0,0.007255208678543568,0.005117778666317463,0.0,0.037653714418411255,0.0,0.00024810456670820713,0.021147800609469414,0.005310949869453907,0.003905448131263256,0.0729021355509758
0,1.0781151056289673,0.021963341161608696,4.922061920166016,2.544959306716919,0.14167091250419617,0.0,0.04153186082839966,0.41511934995651245,0.2967608869075775,0.7874011993408203,0.0,0.002477586967870593,0.0,0.0,0.0,0.0,0.037459783256053925,0.0,0.0,0.1365840882062912,0.0,0.01135695818811655,1.1309703588485718,0.009003879502415657,0.0,0.2595904469490051,3.2796730995178223,25.45297622680664,4.986286640167236,3.214576244354248,0.985844075679779,2.588369846343994,1.8781907558441162,1.9087042808532715,0.0040323249995708466,2.0642664432525635,33.390846252441406,5.416753768920898,2.0104544162750244,27.404848098754883,8.271166801452637,0.9031907320022583,0.010462207719683647,0.0,0.14506065845489502,2.636230230331421,0.0,2.1481142044067383,0.723407506942749,4.020866394042969,16.59736442565918,0.06050456687808037,5.068033695220947,2.345041513442993,2.8651340007781982,0.0007915410678833723,0.1366642862558365,1.2752584218978882,0.5512702465057373,0.030292248353362083,18.71097755432129,14.293082237243652,4.269730091094971,15.406546592712402,6.411027431488037,0.17078739404678345,0.6399861574172974,1.2987159490585327,3.760120391845703,1.3207014799118042,3.469721555709839,3.382312059402466,0.0,0.0,3.3264193534851074,0.5966527462005615,0.0,0.7891809344291687,0.1710919886827469,1.900970220565796,3.0548043251037598,0.7602064609527588,0.7306081652641296,0.8068568706512451,2.888040542602539,2.5325233936309814,1.6440578699111938,0.2262994945049286,1.386913776397705,3.110832452774048,0.0,1.4231228828430176,4.9242448806762695,5.477423667907715,0.017154553905129433,0.007328650448471308,0.0,0.004596414510160685,9.623434066772461,6.066333770751953,2.898395538330078,0.2737772464752197,5.320131301879883,0.0,29.22087860107422,15.827183723449707,39.67645263671875,4.645306587219238,0.5115783214569092,0.4975987374782562,5.255516052246094,0.7500052452087402,0.6741313338279724,0.3016952872276306,0.7467340230941772,0.11141975969076157,5.9115166664123535,0.013555015437304974,3.4634852409362793,1.5768306255340576,0.9724688529968262,0.0,0.0,0.005278614349663258,0.00033097557025030255,0.0,0.0,0.0,0.0,0.01191805861890316,0.0009556204313412309,0.0,40.987266540527344,5.8510637283325195,4.180001735687256,4.369763374328613,2.4917001724243164,1.5739057064056396,1.1906709671020508,8.64822769165039,1.488283395767212,1.594025731086731,2.5542590618133545,3.3991525173187256,61.87408447265625,70.36093139648438,0.0,1.9516642093658447,62.83058547973633,45.91951370239258,60.0105094909668,0.0,5.545403957366943,191.00079345703125,93.7777099609375,119.0855941772461,56.1221809387207,28.72160530090332,0.9993143081665039,56.578948974609375,67.201904296875,8.717973709106445,43.30412292480469,28.560285568237305,85.02708435058594,70.2867431640625,29.732820510864258,0.0018297384958714247,583.5384521484375,474.8271484375,92.15238189697266,318.0432434082031,60.093650817871094,86.24957275390625,113.9972915649414,221.12901306152344,54.25592041015625,10.726155281066895,132.79197692871094,92.9395980834961,0.015171878039836884,0.0,0.0,0.0,0.0051488252356648445,0.0,0.02616743929684162,0.0,0.00024810456670820713,0.021147800609469414,0.005310949869453907,0.003905448131263256,0.0729021355509758
0,1.9105029106140137,0.021963341161608696,5.137406349182129,2.5814239978790283,0.022270184010267258,0.0,0.0,0.052373990416526794,0.10948827862739563,0.9405396580696106,0.006923566106706858,0.000581362284719944,0.005613709334284067,0.0,0.0,0.0,0.042560920119285583,0.0,0.0,0.5161592960357666,0.0,0.0,0.4906312823295593,0.009003879502415657,0.04058421030640602,0.1921919286251068,0.904574453830719,24.22998809814453,5.015754699707031,2.7829127311706543,0.6613712906837463,2.254481315612793,1.8719998598098755,2.1606814861297607,0.014445438049733639,2.050086498260498,33.27530288696289,5.334525108337402,1.8587933778762817,31.265954971313477,8.400217056274414,0.8802223205566406,0.0,0.0,0.12016933411359787,2.48989200592041,0.0003620196948759258,2.353895425796509,1.0771173238754272,4.412300109863281,16.099733352661133,0.0,5.202664852142334,1.777281403541565,2.3393585681915283,0.0007915410678833723,0.0060830553993582726,1.1664276123046875,0.45412442088127136,0.06715454161167145,19.767894744873047,12.337957382202148,4.452977657318115,15.966187477111816,6.2243218421936035,0.28392261266708374,0.3084784746170044,1.3914188146591187,4.260399341583252,1.465794324874878,3.8833670616149902,2.8686187267303467,0.0,0.0,2.621621608734131,0.6772772073745728,0.0,0.8479605913162231,0.0,1.8553048372268677,2.1629011631011963,0.7888535857200623,0.37835752964019775,0.5963581204414368,2.639463186264038,1.359039545059204,1.793035626411438,0.33027735352516174,1.535559892654419,3.652745485305786,0.0,1.189651608467102,5.240152835845947,5.728820323944092,0.08581167459487915,0.007621303200721741,0.0,0.004260153975337744,10.442351341247559,5.158945083618164,3.8582301139831543,0.23495450615882874,4.340938091278076,0.0002985649334732443,28.44352149963379,18.931734085083008,42.88329315185547,3.5609774589538574,0.5018954873085022,0.3919357359409332,3.9933390617370605,0.21081575751304626,0.9942981004714966,0.012228406965732574,0.2614278197288513,0.0,4.635249137878418,0.0,2.9308600425720215,1.7104177474975586,0.3137461543083191,0.0,0.0,0.0025207498110830784,0.00033097557025030255,0.025220658630132675,2.2625699784839526e-05,0.00042238805326633155,0.0,0.019746314734220505,0.0,0.00018912898667622358,42.42045974731445,4.7983717918396,3.9726006984710693,4.1416401863098145,2.5350992679595947,1.6021885871887207,0.9371209144592285,9.927352905273438,1.4670263528823853,1.3428194522857666,3.021573543548584,3.3379602432250977,64.17013549804688,68.9778060913086,0.09190712124109268,4.226766586303711,55.57948303222656,46.44740676879883,63.071434020996094,0.0,5.525038242340088,185.90997314453125,99.94822692871094,114.8348388671875,49.473487854003906,29.962968826293945,0.7530189752578735,56.84772872924805,69.62281799316406,9.452089309692383,44.0418815612793,25.21470069885254,81.63443756103516,67.17855834960938,26.501340866088867,0.0018297384958714247,493.70953369140625,457.629638671875,88.38314056396484,330.5920104980469,53.71865463256836,82.66226196289062,117.32972717285156,202.684326171875,48.94853210449219,10.697699546813965,126.48382568359375,95.69344329833984,0.015171878039836884,0.0,0.0,0.0006240936927497387,0.0059851291589438915,0.0,0.021837329491972923,0.0,0.00024810456670820713,0.0,0.005310949869453907,0.002808184828609228,0.0729021355509758
0,1.8904989957809448,0.021963341161608696,5.405782222747803,2.903644561767578,0.00038864155067130923,0.0,0.0,0.09032461047172546,0.08941376209259033,0.8744691014289856,0.0012364537687972188,0.0,0.0,0.0,0.0,0.0,0.07712341099977493,0.002744083059951663,0.0,0.0,0.10553488880395889,0.008170168846845627,0.923406720161438,0.015598245896399021,0.0,0.3110049366950989,0.2556440234184265,30.694311141967773,4.885163307189941,2.5367531776428223,1.1217095851898193,2.5466530323028564,1.8269453048706055,2.043592691421509,0.04489009082317352,2.076111316680908,31.51883888244629,5.104928493499756,1.7671114206314087,28.39394760131836,8.873198509216309,0.9196081757545471,0.0005034940550103784,0.0,0.037964943796396255,2.1562857627868652,0.0009208569535985589,2.0477662086486816,0.8765870332717896,3.6542904376983643,15.12634563446045,0.0,4.809034824371338,1.876625657081604,2.531402349472046,0.0,0.0,0.7820091247558594,0.0913591980934143,0.0,18.887697219848633,14.0532865524292,4.913532733917236,16.219297409057617,5.282012939453125,0.15570898354053497,0.24577945470809937,1.14043390750885,4.025987148284912,1.6622079610824585,4.165639400482178,2.8243672847747803,0.0,0.0,2.842712640762329,0.545539140701294,0.0,1.024768590927124,0.07115037739276886,1.7852091789245605,2.5035407543182373,0.5447964072227478,0.42067602276802063,0.755173921585083,2.6329410076141357,1.9265393018722534,1.7357842922210693,0.24461539089679718,1.732711911201477,3.9036524295806885,0.04844629764556885,0.5029114484786987,5.410477638244629,5.7545905113220215,0.08621668815612793,0.005878840107470751,0.031856972724199295,0.004712342284619808,8.566760063171387,5.161917209625244,3.997328758239746,0.0,4.393223285675049,7.748614734737203e-05,27.018508911132812,21.954771041870117,43.04347229003906,3.3056633472442627,0.5403842926025391,0.4628439247608185,3.5918455123901367,0.1735869199037552,0.758223295211792,0.0,0.4027709364891052,0.07029828429222107,4.8207621574401855,0.0,2.8596904277801514,1.8807982206344604,0.27038952708244324,0.0,0.0,0.0025207498110830784,0.0006823251605965197,0.023759115487337112,3.877477502101101e-05,0.007556602358818054,0.0,0.015336179174482822,0.0,0.0003108655218966305,44.9757080078125,4.782549858093262,5.487399101257324,4.95808219909668,2.602156639099121,1.480067491531372,0.7707757353782654,8.148882865905762,1.31132173538208,0.8728048801422119,2.807866334915161,3.296865224838257,62.07889938354492,70.73277282714844,0.08357389271259308,4.332622528076172,55.44758224487305,44.15970230102539,63.90617370605469,0.0,5.509267330169678,170.97332763671875,89.33590698242188,116.76976776123047,50.25824737548828,31.42339324951172,0.5239994525909424,51.654170989990234,68.26998901367188,7.604140281677246,44.9916877746582,24.70831298828125,78.84972381591797,61.77465057373047,29.159643173217773,0.0010942693334072828,482.3424987792969,429.2402038574219,87.99341583251953,348.3826599121094,49.02965545654297,79.7495346069336,116.92240905761719,197.28302001953125,44.078277587890625,10.129313468933105,121.8992919921875,95.6079330444336,0.015171878039836884,0.0,0.0,0.0006240936927497387,0.0,0.025699209421873093,0.021837329491972923,0.0,0.00024810456670820713,0.0,0.005310949869453907,0.002808184828609228,0.0729021355509758
0,2.0167956352233887,0.04999997466802597,4.903524398803711,3.0252685546875,0.0,0.026926185935735703,0.002750035608187318,0.17252786457538605,0.17342813313007355,0.7920804023742676,0.0,0.020673105493187904,0.0,0.0,0.0,0.0,0.22366738319396973,0.027740830555558205,0.0,0.6452126502990723,0.0,0.01593431457877159,0.5311738848686218,0.017179541289806366,0.047799427062273026,0.30107542872428894,0.13684898614883423,32.63505554199219,4.8450188636779785,2.417724132537842,1.2388113737106323,2.4068350791931152,1.9171756505966187,2.0640182495117188,0.0,2.2090868949890137,32.314849853515625,5.120439529418945,1.7065391540527344,28.736122131347656,8.384818077087402,1.000510811805725,0.0,0.0,0.06198139116168022,1.9702069759368896,0.0018911435035988688,2.088135004043579,0.7335024476051331,4.184719085693359,15.15707015991211,0.007766455411911011,4.764660835266113,1.543059229850769,2.5801355838775635,0.0,0.0007342310855165124,0.9138066172599792,0.02283160202205181,0.0495915561914444,19.0640811920166,14.277909278869629,4.944614410400391,15.70247745513916,5.523060321807861,0.17063717544078827,0.0,1.0081244707107544,3.901249885559082,1.576499342918396,3.883845090866089,3.04378080368042,0.0,0.0,2.6542043685913086,0.5560076832771301,0.0,0.5726370215415955,0.10090478509664536,2.052227735519409,2.112933397293091,0.5798144936561584,0.5128650665283203,0.8257681727409363,1.7866089344024658,1.0351085662841797,1.871260404586792,0.18637900054454803,1.7052181959152222,4.2600483894348145,0.0,0.7856068015098572,5.2953972816467285,5.983892440795898,0.07072366029024124,0.005899281706660986,0.0,0.0022445148788392544,10.112610816955566,4.822373390197754,3.5790045261383057,0.01616644486784935,4.437910556793213,0.0003317086666356772,30.405750274658203,24.392818450927734,42.96753692626953,2.930917501449585,0.48752933740615845,0.6165993213653564,3.30837082862854,0.0,0.9844144582748413,0.0022023520432412624,0.030602391809225082,0.043253667652606964,4.645715236663818,0.005919179879128933,2.7354745864868164,2.104323625564575,0.0,0.013117640279233456,0.0,0.0008172439411282539,0.0010973194148391485,0.02030286379158497,0.00019513443112373352,0.0025123199447989464,0.0,0.05075556039810181,0.0006456374539993703,0.0,45.71142578125,4.587944030761719,5.1824870109558105,4.740016937255859,2.7538607120513916,1.0654057264328003,0.5864434242248535,8.014971733093262,1.3380694389343262,0.552995502948761,2.6161439418792725,2.7680232524871826,60.919921875,67.40946960449219,0.05192796140909195,0.8875185251235962,45.352081298828125,38.906497955322266,61.776458740234375,0.0,5.28740119934082,188.7834014892578,96.09568786621094,116.25653076171875,47.62217712402344,30.1086483001709,0.13767732679843903,49.13883590698242,68.60183715820312,7.5248541831970215,42.756019592285156,23.665922164916992,75.6844711303711,60.6003303527832,29.17961311340332,0.0018297384958714247,479.0661926269531,479.8324890136719,97.83364868164062,333.7010498046875,38.53620910644531,74.45270538330078,120.84789276123047,188.0977325439453,42.447547912597656,9.758757591247559,126.44630432128906,96.76900482177734,0.015171878039836884,0.0,0.0,0.0,0.0,0.025699209421873093,0.021837329491972923,0.0,0.00024810456670820713,0.021147800609469414,0.005310949869453907,0.0,0.0729021355509758
0,1.160299301147461,0.0,5.209228992462158,2.6799495220184326,0.004007066134363413,0.020826300606131554,0.002750035608187318,0.023058125749230385,0.11357349902391434,0.7945989370346069,0.0,0.0,0.004491817206144333,0.0,0.0,0.0,0.26468974351882935,0.0,0.0,0.29048746824264526,0.11767873913049698,0.0,1.2858000993728638,0.005930031184107065,0.0,0.36894190311431885,0.0,31.11367416381836,4.980299949645996,2.1958200931549072,1.056320309638977,2.4830658435821533,1.9171319007873535,1.8265080451965332,0.03339511528611183,2.4017109870910645,31.047025680541992,5.068376064300537,1.9938515424728394,30.097017288208008,9.210013389587402,0.9275766015052795,0.0,0.0,0.09970922768115997,2.23832368850708,0.0015330284368246794,2.0719194412231445,0.936547040939331,4.291379451751709,15.099876403808594,0.004344304092228413,4.0978851318359375,1.7320085763931274,2.783130168914795,0.0,0.005956736858934164,1.2585128545761108,0.00886453501880169,0.0379367470741272,18.60127067565918,13.833332061767578,5.23278284072876,15.129096031188965,4.721205234527588,0.16012467443943024,0.0,1.1508383750915527,3.893505096435547,1.6088486909866333,4.003139019012451,2.9555695056915283,0.0,0.0,3.1996402740478516,0.5192427635192871,0.0,0.7476553320884705,0.0,2.100752115249634,1.6731630563735962,0.4244413673877716,0.25734055042266846,0.8457992672920227,1.9154659509658813,1.0725882053375244,1.9266878366470337,0.22752375900745392,1.7847625017166138,4.352646350860596,0.13015025854110718,0.48409271240234375,5.3847150802612305,5.50223970413208,0.02354726381599903,0.016335105523467064,0.0,0.0010850145481526852,9.973472595214844,4.840221881866455,3.9813039302825928,0.02238117903470993,4.234992980957031,0.0,31.08991241455078,26.968645095825195,43.823726654052734,3.320892333984375,0.47075751423835754,0.5281736254692078,3.112161159515381,0.0,0.7503846287727356,0.018145550042390823,0.0,0.0074822683818638325,4.463990688323975,0.0,2.7643370628356934,1.824297547340393,0.004966122563928366,0.0,0.0,0.0,0.0,0.02869749814271927,0.0,0.0,0.0002293337311130017,0.0,0.005069682374596596,0.0,49.92660903930664,4.367675304412842,5.793829917907715,4.6276068687438965,3.029587507247925,1.0594638586044312,0.5779250860214233,7.34650993347168,1.0993140935897827,0.16890357434749603,2.2926883697509766,2.8243260383605957,60.56275177001953,65.53079223632812,0.0,4.429398059844971,46.80976104736328,36.055362701416016,62.75037384033203,0.0,5.190274238586426,184.4608154296875,90.8471908569336,134.7023468017578,47.369632720947266,30.98728370666504,0.05569440871477127,48.86759948730469,66.26007080078125,7.272764682769775,44.14689636230469,23.944622039794922,77.8212661743164,60.64255905151367,27.416793823242188,0.0018297384958714247,471.0865783691406,507.102294921875,85.56578826904297,343.50128173828125,41.163185119628906,78.19743347167969,122.1876449584961,189.4613800048828,39.36760330200195,9.755988121032715,131.17181396484375,97.54969024658203,0.024468284100294113,0.0,0.0,0.007255208678543568,0.0,0.025699209421873093,0.006527106277644634,0.0,0.00024810456670820713,0.021147800609469414,0.005310949869453907,0.003905448131263256,0.0729021355509758
0,1.7748662233352661,0.0,4.60802698135376,2.944931983947754,0.0012389537878334522,0.027588726952672005,0.0,0.14611046016216278,0.07794193923473358,0.7745882868766785,0.0,0.006523404270410538,0.0,0.001378829125314951,0.0,0.0,0.021830417215824127,0.0,0.0,0.4989582896232605,0.0,0.0,0.6407918930053711,0.046596623957157135,0.14901259541511536,0.5107530951499939,0.04631137102842331,27.367801666259766,5.3654255867004395,2.567904472351074,1.0899549722671509,2.514951229095459,1.885697841644287,1.4523240327835083,0.0,2.531139373779297,33.27533721923828,5.4461750984191895,1.7568033933639526,29.89492416381836,9.981186866760254,0.7761369347572327,0.005546480417251587,0.007676710840314627,0.02210049331188202,2.202367067337036,0.0009424936724826694,2.1168019771575928,1.4962435960769653,4.167205333709717,15.302091598510742,0.06774885952472687,4.489370822906494,1.112833023071289,2.9456307888031006,0.0,0.0,1.1823956966400146,0.03184349462389946,0.0,18.454944610595703,13.836095809936523,5.466548919677734,15.798219680786133,6.426880359649658,0.08270882815122604,0.0055070375092327595,1.1800116300582886,3.9742863178253174,1.6240010261535645,3.8098020553588867,2.74368953704834,0.0,0.0,2.636618137359619,0.6403878927230835,0.0,0.13959649205207825,0.07390454411506653,1.9322739839553833,2.2633843421936035,0.4414682388305664,0.3753562271595001,0.8357056379318237,1.4385920763015747,1.1641861200332642,1.9305542707443237,0.195580393075943,1.8343150615692139,4.0846428871154785,0.0,0.10559212416410446,5.237267971038818,6.143080711364746,0.05870720371603966,0.00786641612648964,0.0,0.0010850145481526852,9.04865550994873,5.191860675811768,3.8792777061462402,0.0,4.941287994384766,1.5209734556265175e-05,38.01078414916992,29.201457977294922,42.34891128540039,2.986980438232422,0.5031647086143494,0.4445004463195801,3.296746253967285,0.002302552806213498,1.0146963596343994,0.0002592737728264183,0.0,0.05712105333805084,4.349550724029541,0.019450517371296883,2.9608802795410156,1.9005317687988281,0.0049848356284201145,0.0053335558623075485,0.0,0.0,0.0,0.03478625789284706,0.00018338908557780087,0.022454122081398964,0.00013722309086006135,0.0,0.0,0.0,41.132598876953125,4.6615309715271,6.977360248565674,4.641331672668457,2.598736524581909,1.3581225872039795,0.5384985208511353,7.377233028411865,1.1599925756454468,0.0030462818685919046,2.5500857830047607,2.413209915161133,65.1043701171875,74.57159423828125,0.08357389271259308,3.241757392883301,42.7355842590332,41.315452575683594,62.402557373046875,0.0,4.596704006195068,197.694091796875,129.2133331298828,153.9141845703125,47.34334945678711,30.289520263671875,0.05569440871477127,44.97039031982422,75.31983947753906,7.16373872756958,40.76313400268555,24.922584533691406,78.60824584960938,66.9833984375,29.37151527404785,0.0016265760641545057,534.8593139648438,445.52313232421875,88.44541931152344,326.49822998046875,40.22346878051758,80.62983703613281,118.15304565429688,203.3237762451172,42.01622009277344,9.804781913757324,143.24801635742188,103.33052825927734,0.024468284100294113,0.0,0.0,0.007255208678543568,0.0,0.025699209421873093,0.006527106277644634,0.0,0.00024810456670820713,0.021147800609469414,0.005310949869453907,0.003905448131263256,0.0729021355509758
0,0.335213303565979,0.03144008666276932,6.728163719177246,2.460857391357422,0.0,1.1655051708221436,8.446609497070312,9.519304148852825e-05,1.276640772819519,0.0007047314429655671,0.0004383209452498704,0.001420278800651431,0.057130590081214905,0.0,0.0004297757404856384,0.0,11.89829158782959,0.015861257910728455,0.0026508504524827003,2.888678550720215,12.38597297668457,0.0015261975349858403,0.0020652133971452713,0.2986306846141815,10.97480583190918,10.403059959411621,0.0086931511759758,13.325360298156738,8.20352840423584,1.9199447631835938,3.1471798419952393,3.3943216800689697,2.5060946941375732,0.5392152667045593,0.005119714420288801,0.5255202054977417,27.44348907470703,11.762471199035645,7.15732479095459,30.584369659423828,9.505973815917969,0.0316687673330307,0.00017415947513654828,0.9309122562408447,0.32930296659469604,2.4059154987335205,0.8082869052886963,5.041088581085205,0.268300861120224,3.308201551437378,31.313859939575195,1.1624387502670288,7.268620491027832,0.3221445083618164,6.521670341491699,0.0,0.6934376955032349,0.9025805592536926,0.0333469957113266,0.0,15.824264526367188,1.3255442380905151,0.0,14.793846130371094,28.085304260253906,0.20444396138191223,0.0,0.6684917211532593,2.17232608795166,0.46378305554389954,2.972686529159546,2.131530523300171,1.2280688285827637,0.05042685940861702,2.6235554218292236,0.018771929666399956,0.31096121668815613,0.38718080520629883,0.6896552443504333,2.3771510124206543,2.6650524139404297,2.2008183002471924,0.5808863639831543,0.5795035362243652,1.8302769660949707,2.8554880619049072,2.3381965160369873,1.0255807638168335,0.8263306617736816,2.2050516605377197,0.52274489402771,0.16325853765010834,3.647381544113159,9.487067222595215,1.2330015897750854,29.147676467895508,0.0,0.0,7.14594030380249,5.571688175201416,0.9992742538452148,1.010600209236145,2.8573203086853027,0.0001746673515299335,49.11075973510742,3.6096134185791016,28.780553817749023,3.0380680561065674,1.4919615983963013,1.2777929306030273,2.928948163986206,0.02625022828578949,0.1760580688714981,0.5945137143135071,0.0,0.26798874139785767,1.8164329528808594,0.19871674478054047,2.7781007289886475,0.9563480615615845,0.004715651739388704,0.15996035933494568,0.3578547239303589,0.14248952269554138,0.8552148342132568,0.8252805471420288,0.10614803433418274,0.0,0.0,0.3526235520839691,0.0,0.0,0.0,5.097095489501953,5.396284580230713,8.912148475646973,2.4064979553222656,4.402472496032715,2.6915149688720703,11.853504180908203,5.995926856994629,1.911266803741455,1.9894307851791382,2.8703219890594482,63.744937896728516,53.40681838989258,12.370646476745605,53.54720687866211,64.46234893798828,81.95365142822266,42.2680549621582,44.24002456665039,7.378077983856201,225.29258728027344,261.10003662109375,193.58070373535156,54.40756607055664,19.240131378173828,1.2239975929260254,50.33247375488281,52.3983268737793,3.7438251972198486,73.50962829589844,24.285160064697266,113.03316497802734,101.67977142333984,42.178829193115234,0.004467525519430637,535.9833374023438,322.5159606933594,51.188720703125,286.8737487792969,42.444828033447266,97.52440643310547,53.013031005859375,233.8478546142578,46.31597900390625,4.249700546264648,81.53204345703125,98.61378479003906,0.014363246969878674,0.006652990356087685,0.0,0.014123789966106415,0.0,0.02708807773888111,0.019746599718928337,0.0,0.0334169827401638,0.04251762852072716,0.0315798781812191,0.0,0.026469549164175987
0,0.8515689373016357,0.03144008666276932,7.790391445159912,2.5000102519989014,0.0,0.21159376204013824,13.182398796081543,9.519304148852825e-05,0.09454120695590973,0.0,0.00160720304120332,0.01297724712640047,0.0,0.0,0.0004297757404856384,0.0,20.334217071533203,0.0,0.004026311915367842,8.868545532226562,18.449153900146484,0.0005872577894479036,0.0020652133971452713,0.18104861676692963,18.104177474975586,29.475168228149414,0.010220659896731377,16.574203491210938,8.368903160095215,1.8583431243896484,3.2559452056884766,4.080811023712158,2.560537338256836,0.6143189668655396,0.01333740446716547,0.6669945120811462,29.997533798217773,14.590577125549316,6.380245685577393,37.311954498291016,11.098416328430176,0.0,0.00017415947513654828,0.7185694575309753,0.0,2.5543811321258545,0.12657326459884644,6.472116947174072,0.08305684477090836,3.951448917388916,31.626928329467773,2.1973023414611816,7.000053882598877,0.004128994885832071,5.436160564422607,0.0015576650621369481,1.043720006942749,1.0631881952285767,0.055179279297590256,0.0,14.065081596374512,0.917320191860199,0.3153788149356842,14.35168170928955,14.549812316894531,0.14589951932430267,0.0,0.6294825077056885,2.4824085235595703,0.0,3.5097222328186035,1.960452675819397,1.3136816024780273,0.0,3.206782102584839,0.0,0.0,0.7473897933959961,1.214959979057312,2.643477439880371,2.214280605316162,2.0246291160583496,0.6009951829910278,1.5441287755966187,0.4516531229019165,1.8583580255508423,2.321876287460327,0.9166234135627747,1.186591625213623,4.496163368225098,0.2812997102737427,0.029559103772044182,2.8914287090301514,10.381097793579102,1.2613712549209595,32.07374954223633,0.3776964545249939,0.000453996064607054,5.021300315856934,6.0568952560424805,1.0453516244888306,0.6267881393432617,3.170337438583374,0.0014705288922414184,17.955333709716797,9.49438762664795,29.813474655151367,3.2421200275421143,1.1967582702636719,2.283865213394165,4.810874938964844,0.04974823817610741,0.10202431678771973,0.5952796339988708,0.0,0.07489250600337982,1.1765645742416382,0.0,3.3074169158935547,0.9908658862113953,0.0004929945571348071,0.23264598846435547,0.0,0.0,0.058738354593515396,0.5959611535072327,0.029933853074908257,0.004356973338872194,0.0009402981959283352,0.18515394628047943,0.0007697557448409498,0.0,0.0,5.15231990814209,7.213406562805176,7.443699359893799,2.747994899749756,2.881196975708008,2.988525629043579,9.10229206085205,4.437527656555176,1.667981743812561,2.5234568119049072,2.4999358654022217,60.138755798339844,51.50872039794922,28.138988494873047,46.56973648071289,68.4972152709961,63.92678451538086,39.07917785644531,41.03254699707031,5.973333835601807,190.9058074951172,210.94818115234375,145.90771484375,54.49913024902344,18.906959533691406,1.3457638025283813,50.94671630859375,49.89543151855469,3.6909210681915283,54.86894226074219,24.211498260498047,82.40606689453125,85.53221893310547,34.994171142578125,0.0,527.9815673828125,284.12127685546875,57.58757400512695,233.9937744140625,35.90574645996094,89.10157775878906,44.03060531616211,207.70790100097656,38.31409454345703,5.368479251861572,78.930419921875,94.87845611572266,0.014363246969878674,0.010680449195206165,0.0,0.0,0.0,0.02708807773888111,0.027787376195192337,0.0,0.0334169827401638,0.04251762852072716,0.4156303405761719,0.0,0.026469549164175987
0,0.5556582808494568,0.03144008666276932,7.495271682739258,2.732088327407837,0.0,0.2888592779636383,10.084859848022461,9.519304148852825e-05,0.8920963406562805,0.0,0.011849457398056984,0.0,0.0,0.0,0.0004297757404856384,0.0,23.85540008544922,0.02970692701637745,0.0,6.3146538734436035,12.87242603302002,0.02951652742922306,0.0,0.0,13.288590431213379,26.539749145507812,0.01229606568813324,11.613677978515625,9.299079895019531,1.664903998374939,3.4497344493865967,3.039886474609375,2.8892762660980225,0.31513431668281555,0.005595107097178698,0.7506781220436096,26.201908111572266,11.944045066833496,5.861841201782227,34.81466293334961,10.19143009185791,0.0,0.00017415947513654828,0.9910907745361328,0.0709804818034172,2.278092622756958,0.11757858097553253,5.7450785636901855,0.06982079893350601,4.02603006362915,29.873855590820312,1.5323052406311035,7.115474700927734,0.0,4.913697242736816,0.00014075834769755602,1.2351016998291016,1.0334097146987915,0.05234510451555252,5.669704842148349e-05,13.241209983825684,0.8613288402557373,0.5151189565658569,14.732135772705078,26.027812957763672,0.08453640341758728,0.0,0.808359682559967,1.9129828214645386,0.006677205208688974,3.0503933429718018,2.0998990535736084,0.754677414894104,0.0,2.6968462467193604,0.014394394122064114,0.0013886489905416965,0.06133425235748291,0.5532119870185852,2.3441829681396484,2.65807843208313,1.929505705833435,0.3519679307937622,0.8558959364891052,1.076978087425232,2.95629620552063,2.1209614276885986,0.7093791961669922,1.3949244022369385,3.495154857635498,0.0,0.0,3.5435292720794678,10.690168380737305,1.022363543510437,32.07374954223633,0.020521214231848717,0.0,5.593324184417725,5.19062614440918,1.046339750289917,0.18104639649391174,3.502756118774414,0.0,17.960369110107422,15.427605628967285,30.402013778686523,3.1833527088165283,1.0209535360336304,1.9180693626403809,3.8132333755493164,0.0,0.0,0.30137234926223755,0.0,0.036571603268384933,0.7701845765113831,0.0,2.6487326622009277,1.1360746622085571,0.0014189636567607522,0.2258041799068451,0.0,0.0,0.10116586834192276,0.5890995264053345,0.0043440936133265495,0.0,0.03278850391507149,0.0483056977391243,0.0,0.0,0.0,5.132110118865967,5.661978721618652,6.118685245513916,2.5955917835235596,2.479788064956665,2.14701247215271,9.982141494750977,3.9770214557647705,1.0095235109329224,2.129175901412964,2.8282454013824463,58.00529098510742,49.40521240234375,19.369617462158203,50.34988784790039,66.74674224853516,62.60370635986328,34.86754608154297,40.43220901489258,7.060894966125488,197.2262725830078,220.30654907226562,136.82177734375,53.44253158569336,17.232728958129883,1.3457638025283813,52.39440155029297,50.05070495605469,3.6615076065063477,53.77396774291992,23.670263290405273,79.29817199707031,81.65863800048828,32.3290901184082,0.0034442341420799494,550.2339477539062,265.0074462890625,59.22397232055664,212.54757690429688,33.932830810546875,86.99163818359375,36.55682373046875,193.18719482421875,35.06704330444336,5.470433712005615,71.71379852294922,84.793701171875,0.014363246969878674,0.03352929279208183,0.0,0.0061653549782931805,0.0,0.02708807773888111,0.019746599718928337,0.0,0.0334169827401638,0.049264997243881226,0.4156303405761719,0.0,0.026469549164175987
0,1.2092163562774658,0.03144008666276932,7.877204895019531,2.8161983489990234,0.00010144298721570522,0.0,10.168716430664062,0.00010566780110821128,0.05167286470532417,0.0007524603861384094,0.0,0.0055676233023405075,0.0012249269057065248,0.001493770512752235,0.0004297757404856384,0.0,23.615131378173828,0.0,0.0,6.919771194458008,13.273011207580566,0.028300924226641655,0.0,0.03192118555307388,10.10863208770752,28.764379501342773,0.0,9.596808433532715,10.746441841125488,1.793845295906067,3.5352044105529785,3.1034672260284424,3.2571985721588135,0.2729613482952118,0.01333740446716547,0.7272143959999084,26.742786407470703,12.818253517150879,4.928597450256348,36.95634078979492,10.40790843963623,0.034115590155124664,0.00017415947513654828,1.120104193687439,0.043369270861148834,1.9616702795028687,0.0,5.792319297790527,0.03574195131659508,4.113047122955322,30.508197784423828,1.8926621675491333,7.227794647216797,0.0,5.2727861404418945,0.0,1.1808490753173828,1.1198396682739258,0.0,0.0,13.884565353393555,0.7191040515899658,0.7212014198303223,14.896371841430664,85.05437469482422,0.07869333028793335,0.0106804883107543,1.0147583484649658,1.792486548423767,0.0,3.367786407470703,2.5266757011413574,0.5576575398445129,0.0007107484852895141,2.3435487747192383,0.017601722851395607,0.0013560045044869184,0.09081456810235977,0.5843685865402222,2.2649378776550293,2.7272982597351074,2.0591087341308594,0.4208475351333618,1.035504937171936,0.9169981479644775,2.8188390731811523,2.3490960597991943,0.6980124711990356,1.4442018270492554,3.6680078506469727,0.0,0.0,3.23358154296875,10.54551887512207,1.0022809505462646,31.71161651611328,0.0,0.0,6.006704807281494,5.095466136932373,1.181230902671814,0.3503390848636627,4.206754207611084,0.0,18.35626792907715,8.713204383850098,29.624853134155273,3.191765308380127,0.4562012553215027,2.2162561416625977,2.945737838745117,0.025693412870168686,0.011111781932413578,0.18153154850006104,0.0,0.05681666359305382,0.014997558668255806,0.008825741708278656,2.792168617248535,1.2884629964828491,0.0014529008185490966,0.15996035933494568,0.0,0.009362724609673023,0.0,0.28440341353416443,0.006639778148382902,0.0,0.014852244406938553,0.06863118708133698,0.0,0.00010563906107563525,0.0,4.553894519805908,6.325305461883545,6.112764358520508,2.2149221897125244,2.3436789512634277,2.288133382797241,9.112457275390625,5.15651798248291,0.8543801307678223,1.4549866914749146,2.5991523265838623,59.74538040161133,47.4517822265625,26.795928955078125,46.222900390625,65.9931869506836,59.40717315673828,35.664974212646484,38.940887451171875,6.034975051879883,166.85914611816406,144.48782348632812,131.48809814453125,52.33171844482422,18.73138427734375,1.3457638025283813,51.88401794433594,49.920806884765625,3.438565492630005,51.42638397216797,23.454240798950195,78.78605651855469,76.94290161132812,30.552093505859375,0.0,548.4641723632812,264.41412353515625,67.46454620361328,227.74838256835938,30.326499938964844,86.90541076660156,40.897369384765625,185.57127380371094,35.10150146484375,5.307430267333984,73.75287628173828,83.82581329345703,0.014363246969878674,0.03352929279208183,0.0,0.0061653549782931805,0.0,0.02708807773888111,0.04407821223139763,0.0,0.0334169827401638,0.049264997243881226,0.4156303405761719,0.006224510259926319,0.026469549164175987
0,0.7383203506469727,0.03144008666276932,8.474592208862305,2.2671573162078857,0.00010144298721570522,0.07131771743297577,9.82478141784668,0.00010566780110821128,0.15618804097175598,0.0,0.0,0.021972937509417534,0.0012249269057065248,0.0,0.0004297757404856384,0.0,27.669509887695312,0.00880198460072279,0.0037852670066058636,5.122178554534912,12.87573528289795,0.0,0.0018003224395215511,0.02894945815205574,9.760009765625,21.830175399780273,0.0,9.616910934448242,11.980401039123535,1.7969248294830322,3.18572998046875,2.8747200965881348,3.2093915939331055,0.0017576400423422456,0.005595107097178698,0.8114712834358215,24.31934928894043,11.65394401550293,5.657552242279053,37.07423782348633,9.887724876403809,0.009547585621476173,0.00017415947513654828,1.1363639831542969,0.017015643417835236,1.424474835395813,0.0,5.566809177398682,0.0461166687309742,3.692683458328247,26.769485473632812,1.693786382675171,7.3586649894714355,0.004740264266729355,5.050173759460449,0.0,1.0758780241012573,1.0344268083572388,0.0,0.0,14.090643882751465,0.7789090275764465,3.3283257484436035,15.105303764343262,95.99728393554688,0.04442424327135086,0.005489596631377935,1.1195805072784424,2.160245656967163,0.020693771541118622,3.5526859760284424,2.093106985092163,0.4651137888431549,0.0020271833054721355,2.2433297634124756,0.09594523161649704,0.0,0.18569235503673553,0.5508846640586853,2.2517902851104736,2.368251323699951,1.874210238456726,0.4388691186904907,0.3888092041015625,0.9543022513389587,3.182833194732666,2.87007474899292,0.35020872950553894,1.5753761529922485,4.127079486846924,0.05994025617837906,0.0,3.4723587036132812,10.450800895690918,0.966359555721283,31.71161651611328,0.0,0.0,5.986889362335205,4.759143829345703,1.047971248626709,0.0,4.453611850738525,0.00018460770661477,17.56454849243164,10.757094383239746,30.659690856933594,3.4881367683410645,0.07300770282745361,2.1095058917999268,3.621058464050293,0.08712723851203918,0.006490732077509165,0.0,0.0008644071640446782,0.039912592619657516,0.46465083956718445,0.018824078142642975,2.9770660400390625,0.8978983759880066,0.001502708881162107,0.12271744757890701,0.0,0.008036532439291477,0.043185967952013016,0.32663148641586304,0.011394815519452095,8.994327072286978e-05,0.0,0.048096343874931335,0.0003763514687307179,0.004508825950324535,0.0,4.26715087890625,5.274686336517334,4.89077615737915,2.614966630935669,1.9063044786453247,1.9304170608520508,9.10362434387207,4.894618034362793,0.5414923429489136,1.1834951639175415,2.527923822402954,58.02259826660156,49.10136795043945,17.686744689941406,42.012176513671875,64.44230651855469,58.19411849975586,33.115753173828125,35.35542297363281,5.956865310668945,171.05419921875,164.47283935546875,142.04676818847656,48.85009002685547,19.460906982421875,1.3237048387527466,53.868656158447266,51.89717102050781,3.4799938201904297,49.17839813232422,22.921701431274414,76.28387451171875,74.3563461303711,31.45966148376465,0.0,539.0354614257812,273.41729736328125,73.0301513671875,210.2516326904297,29.362503051757812,87.1857681274414,38.23859405517578,185.02508544921875,35.052268981933594,4.917753219604492,67.23101806640625,77.35836791992188,0.014363246969878674,0.03352929279208183,0.0,0.014123789966106415,0.0,0.02708807773888111,0.04407821223139763,0.0,0.0334169827401638,0.04251762852072716,0.5466756224632263,0.0,0.027951786294579506
0,0.5834012031555176,0.03144008666276932,7.823299407958984,2.455634355545044,0.0022349103819578886,0.03224847465753555,10.122276306152344,0.00010566780110821128,0.024245798587799072,0.0,0.0005544991581700742,0.0,0.0015259267529472709,0.0033011336345225573,0.0004297757404856384,0.0,21.95216178894043,0.008213641121983528,0.0,3.2836992740631104,13.342727661132812,0.0,0.0021590464748442173,0.03665504232048988,3.1376373767852783,26.02920150756836,0.00019060177146457136,9.41470718383789,12.736064910888672,1.8465988636016846,3.1877472400665283,2.723954916000366,2.7399213314056396,0.061687368899583817,0.01333740446716547,0.7645218968391418,26.428510665893555,11.615631103515625,5.061054706573486,36.59901809692383,10.386183738708496,0.0,0.00017415947513654828,1.182186484336853,0.0,1.5923535823822021,0.0,5.273420333862305,0.04195227846503258,4.539942741394043,28.15438461303711,1.4700498580932617,7.830474853515625,0.0007633205968886614,5.314907550811768,0.0,1.1761826276779175,0.9988259077072144,0.0,0.002332959556952119,14.535183906555176,0.8352678418159485,2.3654534816741943,15.158686637878418,95.43463134765625,0.07088849693536758,0.0,1.0635108947753906,2.0748393535614014,0.0,4.198101997375488,2.0441477298736572,0.8035291433334351,0.009559839963912964,2.895470142364502,0.15812423825263977,0.010996113531291485,0.0,0.5450372695922852,2.1858625411987305,2.658060073852539,2.1372365951538086,0.3657580018043518,0.58994060754776,0.9150813221931458,3.5933897495269775,2.564213514328003,0.12563787400722504,1.6667195558547974,3.9758009910583496,0.2940311133861542,0.023721151053905487,3.2167677879333496,10.289125442504883,1.116690993309021,30.85943603515625,0.0,0.0,5.486020088195801,4.974120616912842,1.0785434246063232,0.0,5.088255882263184,0.0,17.5219669342041,8.405258178710938,31.65514373779297,3.588897466659546,0.016766760498285294,1.3478976488113403,3.019681215286255,0.08744794130325317,0.02359144762158394,0.0,0.0,0.0,0.07032748311758041,0.01636022888123989,2.886758327484131,1.1884714365005493,0.003659923793748021,0.1339920163154602,0.0,0.008793951012194157,0.028666216880083084,0.0,0.0033382156398147345,0.0,0.0,0.03391916677355766,9.97756069409661e-05,0.009864525869488716,0.0,4.192648887634277,5.964445114135742,5.563661098480225,2.3459839820861816,2.2126450538635254,1.9305672645568848,9.229984283447266,4.7932538986206055,0.5244292616844177,0.9441876411437988,2.6923470497131348,56.53892517089844,49.867576599121094,19.93006706237793,44.52619934082031,63.89158248901367,60.95447540283203,31.360681533813477,25.167539596557617,5.0532917976379395,174.94874572753906,136.11093139648438,152.32012939453125,51.639705657958984,17.98967742919922,1.27782142162323,53.994537353515625,51.198062896728516,3.61006498336792,45.73698043823242,21.6296443939209,77.20884704589844,75.07791900634766,32.88562774658203,0.002319634659215808,570.8645629882812,247.97947692871094,80.06082916259766,210.1798095703125,25.522146224975586,97.34611511230469,39.3939208984375,177.85702514648438,36.811363220214844,4.144247055053711,62.01730728149414,81.17269897460938,0.014363246969878674,0.03352929279208183,0.0,0.014123789966106415,0.0,0.02708807773888111,0.04407821223139763,0.0,0.0334169827401638,0.04251762852072716,0.5466756224632263,0.0,0.027951786294579506
0,0.5241522789001465,0.03144008666276932,7.505748748779297,2.508401393890381,0.0,0.0,11.703329086303711,0.00010566780110821128,0.039458032697439194,0.0008439696975983679,0.0004383209452498704,0.0004068590933457017,0.0016764962347224355,0.030015498399734497,0.0004297757404856384,0.0,25.232587814331055,0.0,0.0,2.7884843349456787,13.506162643432617,0.0022610295563936234,0.0,0.02731405757367611,1.8082445859909058,25.889219284057617,0.0006975207943469286,9.688088417053223,12.763630867004395,1.8110312223434448,3.3761260509490967,2.1453394889831543,2.4899404048919678,0.008234621956944466,0.005595107097178698,0.8056017756462097,24.752981185913086,10.754243850708008,5.533571243286133,38.05839920043945,9.550004959106445,0.023744191974401474,0.00017415947513654828,1.2254397869110107,0.0,1.5512948036193848,0.0,4.523603916168213,0.03078910894691944,3.876429796218872,29.032922744750977,0.8536449670791626,7.867832660675049,0.0,5.576076030731201,0.0,1.2996041774749756,1.0761810541152954,0.0,0.0,15.460539817810059,1.0116722583770752,3.0882458686828613,15.098676681518555,95.01591491699219,0.11527541279792786,0.0,1.2041139602661133,1.9696640968322754,0.023603683337569237,4.078453063964844,2.1807518005371094,0.1959257870912552,0.0,2.4066948890686035,0.12448451668024063,0.0,0.1263195276260376,0.51565021276474,2.2819766998291016,2.528679847717285,2.33362078666687,0.5135549306869507,0.19805189967155457,0.8783053755760193,3.410118818283081,3.0439000129699707,0.11261186003684998,1.6472798585891724,4.214092254638672,0.05794006958603859,0.03863732889294624,3.4110023975372314,10.315340042114258,1.4082849025726318,30.96654510498047,0.0,0.0,6.356062412261963,5.110629558563232,1.09392511844635,0.0010916914325207472,5.54941987991333,0.0010211163898929954,28.09980583190918,7.803587436676025,30.206239700317383,3.715338706970215,0.05978256091475487,1.3046011924743652,3.3697726726531982,0.0,0.013731294311583042,0.001153171993792057,0.0,0.11375830322504044,0.04857311025261879,0.022889629006385803,2.85003924369812,1.3760552406311035,0.000844717666041106,0.1339920163154602,0.0,0.0,0.029672794044017792,0.05400875583291054,0.0,0.0,0.004192566033452749,0.04636012017726898,0.0006273894105106592,0.0075181759893894196,0.0,4.212682723999023,5.3121867179870605,6.081953048706055,2.1832048892974854,1.9917634725570679,1.5388940572738647,9.147851943969727,4.7989044189453125,0.6572089791297913,0.8513672947883606,2.964064836502075,64.29561614990234,49.008522033691406,16.81154441833496,42.932926177978516,65.84754943847656,75.26819610595703,28.3207950592041,22.52305030822754,4.274055004119873,162.74656677246094,137.61898803710938,169.6051788330078,50.729148864746094,20.58221435546875,1.3457638025283813,53.35325241088867,55.669925689697266,3.5873348712921143,49.22655487060547,21.019983291625977,80.6181411743164,76.37800598144531,39.601531982421875,0.0,560.9734497070312,253.40557861328125,85.81898498535156,216.53443908691406,26.824613571166992,97.67036437988281,39.89759826660156,184.26731872558594,42.18815994262695,4.037614822387695,60.03075408935547,88.90556335449219,0.014363246969878674,0.029501836746931076,0.0,0.014123789966106415,0.0,0.02708807773888111,0.04407821223139763,0.026582282036542892,0.0334169827401638,0.04251762852072716,0.5466756224632263,0.0006483222241513431,0.027951786294579506
0,4.245704174041748,3.3078503608703613,9.602556228637695,7.926381587982178,0.27222102880477905,1.068013072013855,1.1786648035049438,0.0006742474506609142,1.6862298250198364,0.0,0.0013857109006494284,0.9254395365715027,0.0007701532449573278,0.0020331828854978085,0.00505651393905282,0.0,2.7536110877990723,1.8104398250579834,1.6376800537109375,7.666643142700195,2.556861639022827,9.752131882123649e-05,7.60691036703065e-05,0.001610368024557829,9.107455253601074,0.024138472974300385,0.0,22.857397079467773,0.12239579111337662,0.0,0.0,1.3694050312042236,1.169166922569275,0.9464867115020752,0.0015248269774019718,1.9178112745285034,18.73949432373047,3.732053756713867,1.010034441947937,20.280845642089844,0.22178921103477478,0.7788400650024414,0.0016467466484755278,0.22368374466896057,0.19922873377799988,1.909926176071167,0.8114803433418274,5.257649898529053,0.511166512966156,7.501260757446289,10.09294605255127,0.002815144369378686,5.453022480010986,0.00014238306903280318,0.9058306217193604,0.0017248459625989199,0.9685532450675964,0.008492056280374527,0.00025411334354430437,0.00201805611141026,6.40209436416626,7.815183639526367,3.6745047569274902,6.001810073852539,3.555366039276123,0.02691536955535412,0.0,0.003957108594477177,0.06742364168167114,0.0,0.006737687159329653,0.00845201127231121,0.0,0.0013206370640546083,0.1475837379693985,0.008218176662921906,0.00045623217010870576,0.005578697193413973,0.0036477178800851107,0.0,0.0,0.0022488287650048733,0.0013901869533583522,0.004478747025132179,0.025933887809515,0.0,0.22435058653354645,0.011326366104185581,0.0,0.4050935208797455,1.3110930919647217,1.3906370401382446,3.338685989379883,15.80167007446289,0.9465718865394592,0.6834204196929932,0.0,0.5155729055404663,2.0166690349578857,7.00421142578125,5.584488391876221,1.071081280708313,0.6886340379714966,0.00033520732540637255,49.01902389526367,2.2339701652526855,17.575517654418945,8.80272102355957,2.3173747062683105,0.0006667398265562952,8.110240936279297,1.238580584526062,1.1748042106628418,1.2578974962234497,0.4077567756175995,0.9768344163894653,2.0166594982147217,1.2586543560028076,1.904203176498413,2.486084222793579,1.2560069561004639,0.0022981162182986736,0.00012894775136373937,0.0,0.00046120662591420114,0.0003786800953093916,0.00017140331328846514,0.4432375133037567,0.002028748393058777,0.0,0.0,0.00035137677332386374,1.7834701538085938,3.191779136657715,0.256057471036911,2.3948378562927246,2.4708242416381836,1.6749019622802734,0.962996780872345,7.252830505371094,0.5852887034416199,1.1034351587295532,2.189455032348633,2.5459258556365967,1.7312397956848145,0.11072288453578949,8.611660957336426,0.15810038149356842,2.1085095405578613,0.003539895173162222,2.326214551925659,0.0028418907895684242,0.006273329723626375,3.805002212524414,0.0,0.0,6.271690845489502,2.8682515621185303,0.012758534401655197,0.09879151731729507,2.7327637672424316,0.0425291433930397,1.7993720769882202,0.5523383021354675,2.4030823707580566,0.0,0.0,0.0,0.25909915566444397,0.22724120318889618,0.0,0.7881026864051819,0.08546851575374603,0.10087630897760391,0.2771581709384918,0.3662785291671753,0.023166216909885406,0.007833117619156837,0.39258602261543274,0.20478807389736176,0.0022264127619564533,0.005817444995045662,0.0,0.006326728500425816,0.0,0.040379930287599564,0.024670641869306564,0.0,0.0203397236764431,0.0,0.0,0.0069973766803741455,0.021075773984193802
0,4.081325531005859,0.0,11.025626182556152,9.246752738952637,0.15506835281848907,1.0363669395446777,0.8288689851760864,0.009088203310966492,2.4999425411224365,0.0,0.0007755683036521077,0.3224509358406067,0.00020100580877624452,0.0020331828854978085,0.00505651393905282,0.0,1.7355870008468628,2.0300745964050293,1.327195644378662,1.3567547798156738,0.7327699065208435,0.0,0.00031392209348268807,0.0031879607122391462,1.5515936613082886,0.0440964549779892,0.0025997483171522617,23.723493576049805,0.0,0.0,0.005468853749334812,1.675541639328003,1.277370572090149,0.8103523254394531,0.0015248269774019718,1.991292119026184,15.576776504516602,1.398404598236084,0.9884003400802612,19.611284255981445,0.08001800626516342,0.7986428141593933,0.0016467466484755278,0.0437849760055542,0.0,1.1528164148330688,0.2911214828491211,5.623519420623779,0.6599532961845398,7.551689147949219,10.798652648925781,0.002686469117179513,5.293706893920898,0.012505440972745419,1.118130087852478,0.0017248459625989199,0.9677978157997131,0.1899830549955368,0.005110118538141251,0.021373605355620384,7.325231552124023,9.598930358886719,3.241415023803711,5.543407917022705,3.7245006561279297,0.014904613606631756,0.0,0.004630636423826218,0.08647255599498749,0.004145416896790266,0.0,0.017101258039474487,0.0,0.0013206370640546083,0.08117951452732086,0.0,0.010831243358552456,0.004510076250880957,0.0036477178800851107,0.0,0.0,0.0,0.0019619979429990053,0.00033448461908847094,0.02956674061715603,0.0,0.01421126164495945,0.0,0.0011684248456731439,0.3209972083568573,0.5401217937469482,1.8910624980926514,4.4646148681640625,16.561355590820312,1.6089842319488525,1.3638384342193604,0.0,0.27267569303512573,2.215231418609619,8.50875473022461,5.086192607879639,1.132878065109253,0.6431497931480408,0.0009362745331600308,20.19331932067871,7.841490745544434,19.100139617919922,9.842621803283691,2.726930856704712,0.0,8.490297317504883,0.7774907350540161,1.5615971088409424,1.4993841648101807,0.8536019325256348,1.0552871227264404,2.1781725883483887,1.6929205656051636,1.6268318891525269,2.5827670097351074,1.2771613597869873,0.01215175911784172,0.0,0.0,0.0004548732831608504,8.126858301693574e-05,0.00012661016080528498,0.0,0.01065074373036623,0.0,0.0,0.00020390636927913874,1.3474981784820557,5.749396324157715,0.0,2.170297861099243,3.2687582969665527,1.2049506902694702,1.0578819513320923,7.772794246673584,0.348903089761734,1.2398250102996826,2.4979214668273926,3.101486921310425,2.0038537979125977,0.03925980627536774,0.0,0.1766950935125351,2.082879066467285,0.003539895173162222,3.4377050399780273,0.0028418907895684242,0.0,3.0523622035980225,0.0,0.01267743669450283,6.049598693847656,2.35200834274292,0.012758534401655197,0.4642740786075592,2.194005012512207,0.020849592983722687,1.435049057006836,0.6628115773200989,1.2419350147247314,0.0,0.0,0.0,0.2991568446159363,0.0,0.0,0.47397151589393616,0.0,0.03929631784558296,0.0,0.3132767677307129,0.06657732278108597,0.0,0.34570252895355225,0.0,0.0013611887115985155,0.0019245508592575788,0.0,0.006326728500425816,0.0,0.0,0.024694759398698807,0.0,0.0203397236764431,0.0,0.0,0.0069973766803741455,0.021075773984193802
0,3.5312163829803467,0.019252652302384377,9.737649917602539,8.62409782409668,0.0037641373928636312,1.0721919536590576,1.249347448348999,0.05701851099729538,1.81029212474823,0.0,0.0007755683036521077,0.1567860245704651,0.00020100580877624452,0.015145725570619106,0.017078716307878494,0.0,1.1910667419433594,1.6355677843093872,1.3292819261550903,0.6471629738807678,0.12073792517185211,0.00013109408610034734,0.00035905608092434704,0.0031879607122391462,0.0,0.027886157855391502,0.00821708608418703,35.75374984741211,0.0,0.0031307872850447893,0.1795668751001358,1.5273418426513672,0.9452540874481201,0.9138442277908325,0.0015248269774019718,1.0960242748260498,16.04876708984375,1.236469030380249,0.606395959854126,19.579914093017578,0.11816580593585968,0.8600470423698425,0.0016467466484755278,0.0,0.048569921404123306,0.9792472720146179,0.16434501111507416,4.362507343292236,0.9265740513801575,6.64652681350708,10.991503715515137,0.003553826129063964,4.880401134490967,0.012263165786862373,1.082702398300171,0.0017248459625989199,1.2418115139007568,0.00791566539555788,0.0,0.013487727381289005,6.409411430358887,10.549620628356934,2.959968090057373,5.455058574676514,3.322221517562866,0.03243216127157211,0.0,0.003790410468354821,0.10673372447490692,0.0,0.0037285075522959232,0.0,0.0,0.010724109597504139,0.0,0.0014856517082080245,0.0,0.0,0.029493896290659904,0.003255855292081833,0.0,0.0,0.0,0.005482877604663372,0.028539463877677917,0.027708010748028755,0.01421126164495945,0.010702468454837799,0.06208541616797447,0.529376208782196,0.0,1.2403054237365723,3.211574077606201,16.12014389038086,1.0458488464355469,0.8799649477005005,0.0,0.2007663995027542,2.770019769668579,6.800388813018799,5.605522155761719,0.7323185205459595,0.5223051309585571,0.0,20.019123077392578,4.9412760734558105,18.03337287902832,9.313789367675781,2.2022864818573,0.0004810582031495869,8.891706466674805,0.7268959879875183,1.2613710165023804,0.9768904447555542,0.2331688106060028,0.9287068247795105,1.9150385856628418,2.059373617172241,1.717150092124939,2.238074541091919,1.1328681707382202,0.0040243095718324184,0.0,0.0012363378191366792,0.004881186410784721,0.0012058909051120281,0.00012661016080528498,0.11597271263599396,0.0,0.0,0.0,0.0003021248849108815,1.459224820137024,5.105044364929199,0.013668256811797619,1.8715587854385376,2.3412413597106934,1.0084748268127441,0.7741724848747253,8.847782135009766,0.0,0.6726335883140564,2.490586519241333,2.949423313140869,2.20837664604187,0.03925980627536774,0.0,0.1766950935125351,2.089963674545288,0.003539895173162222,3.6188902854919434,0.0028418907895684242,0.00472447881475091,3.1065146923065186,0.0,0.01267743669450283,6.259976863861084,2.493720531463623,0.012758534401655197,0.3747474253177643,2.079373359680176,0.0038413042202591896,1.2311055660247803,0.4472166895866394,1.1547131538391113,0.0,0.0029704240150749683,0.0,0.7248368859291077,0.0,0.0,0.6887845993041992,0.0,0.12440572679042816,0.0,0.406895250082016,0.04132756590843201,0.0,0.490791916847229,0.11256643384695053,0.0013611887115985155,0.0019245508592575788,0.0,0.006326728500425816,0.0,0.03275613486766815,0.024694759398698807,0.0,0.0203397236764431,0.0,0.0,0.01329073403030634,0.021075773984193802
0,3.7536189556121826,0.04619744047522545,10.283347129821777,7.405999183654785,0.0,1.0846045017242432,1.2373687028884888,0.06272117048501968,1.993666648864746,0.0,0.0,0.0,0.0017262180335819721,0.014909611083567142,0.1571367084980011,0.0,1.1910667419433594,1.3407459259033203,0.9600199460983276,0.310411661863327,0.0,0.0,0.0,0.0031879607122391462,0.5301617383956909,0.0440964549779892,0.00821708608418703,39.125938415527344,0.0,0.0,0.12539954483509064,1.3704347610473633,0.47564056515693665,0.8528797030448914,0.0015248269774019718,1.058854103088379,17.488948822021484,1.450039029121399,0.47761601209640503,21.913232803344727,0.052253056317567825,0.8540610074996948,0.0016467466484755278,0.0,0.0,1.244843602180481,0.0,4.255634784698486,1.095312237739563,6.590928554534912,11.6553316116333,0.002815144369378686,4.605264186859131,0.01644936017692089,1.0570745468139648,0.002074948977679014,1.0053582191467285,0.0,0.00022972728766035289,0.0,7.468611717224121,10.355273246765137,3.080479383468628,5.029600143432617,3.2572262287139893,0.013513133861124516,0.0,0.004321816377341747,0.065976083278656,0.004145416896790266,0.0,0.0,0.0,0.07044064998626709,0.0,0.017096472904086113,0.0,0.0,0.028676874935626984,0.002519924659281969,0.0,0.0006200444186106324,0.0,0.008523678407073021,0.025154590606689453,0.025598229840397835,0.0009299879311583936,0.0,0.02299998700618744,0.5287742018699646,0.0,1.1285724639892578,3.533640146255493,17.174814224243164,1.1218699216842651,1.4159036874771118,0.0,0.0,3.152686357498169,7.695010185241699,5.775270462036133,0.298727810382843,0.539228081703186,0.0025469905231148005,19.962127685546875,12.044515609741211,17.95467758178711,10.971092224121094,2.2418203353881836,0.0012459177523851395,9.284106254577637,0.5062539577484131,1.1912105083465576,0.5974581837654114,0.34227845072746277,0.8234328031539917,1.808929443359375,1.9492301940917969,1.7842402458190918,2.1869235038757324,0.9910053610801697,0.0,0.00018600253679323941,0.0,0.004736198112368584,0.0009670915897004306,0.001138339750468731,0.0,0.0,0.0,0.0,0.0017900938400998712,1.3319233655929565,5.19217586517334,0.014071356505155563,1.8022783994674683,2.1895365715026855,0.7484082579612732,1.0739699602127075,7.767172813415527,0.040127865970134735,0.7581415176391602,2.3199353218078613,2.5173563957214355,3.0743935108184814,0.03925980627536774,0.049996063113212585,0.1766950935125351,2.4343535900115967,0.003539895173162222,3.302452802658081,0.0028418907895684242,0.0,3.096224546432495,0.0,0.01267743669450283,6.381746768951416,2.5932259559631348,0.012758534401655197,0.3747474253177643,2.140932083129883,0.04393899440765381,1.1671195030212402,0.5659850835800171,0.5988249778747559,0.0,0.0,0.0,0.729556143283844,0.0,0.0,0.6887845993041992,0.001938672736287117,0.0,0.0,0.3346174657344818,0.006361640989780426,0.0,0.4851424992084503,0.11256643384695053,0.0013611887115985155,0.0019245508592575788,0.0,0.006326728500425816,0.0,0.03425716981291771,0.024694759398698807,0.0,0.0203397236764431,0.0,0.0,0.01329073403030634,0.021075773984193802
0,4.285165786743164,0.0,9.291851997375488,6.71951961517334,0.0014891248429194093,1.115151286125183,1.3709720373153687,0.10610859841108322,2.2321014404296875,0.0,0.0,0.01932559534907341,0.0,0.01638363115489483,0.1571367084980011,0.0,0.7620229721069336,1.5624040365219116,0.9815283417701721,0.2235030233860016,0.12034499645233154,9.752131882123649e-05,0.0,0.001610368024557829,0.06972535699605942,0.0,0.016216913238167763,24.94380760192871,0.007235677447170019,0.0,0.05867093428969383,1.4309637546539307,0.7771574258804321,0.9138005375862122,0.0015248269774019718,0.7756720185279846,18.824081420898438,2.0867462158203125,0.0,22.594751358032227,0.06291548162698746,0.8425262570381165,0.0016467466484755278,0.0019250869518145919,0.008056754246354103,0.8327306509017944,0.0,3.9379961490631104,1.3156179189682007,7.002966403961182,13.226219177246094,0.003553826129063964,4.257346153259277,0.019696122035384178,1.1264674663543701,0.002074948977679014,1.2538059949874878,0.0,0.0,0.017448166385293007,8.171792984008789,10.820574760437012,3.6629669666290283,6.087000370025635,2.870906352996826,0.03243216127157211,0.0,0.004321816377341747,0.08435344696044922,0.0,0.0,0.006455587688833475,0.0,0.0,0.0,0.0,0.0,0.001723714405670762,0.028676874935626984,0.002324097789824009,0.021019993349909782,0.002893037162721157,0.0019619979429990053,0.008010623045265675,0.027699563652276993,0.17967979609966278,0.0035597910173237324,0.0,0.0,0.5707430243492126,0.07761942595243454,0.9823679327964783,3.1145851612091064,16.883512496948242,1.413462519645691,1.226885437965393,0.0,0.07943757623434067,2.517502546310425,7.2144317626953125,5.832800388336182,0.28917303681373596,0.5224961638450623,0.0,20.183507919311523,10.466282844543457,17.743906021118164,9.617523193359375,2.280850648880005,0.0004810582031495869,7.861208915710449,0.16577641665935516,1.0727506875991821,0.48259618878364563,0.0,0.9749077558517456,2.063702344894409,1.9023559093475342,1.8780568838119507,1.7798495292663574,1.0312771797180176,0.03330064192414284,0.0,9.183556539937854e-05,0.0013659802498295903,0.0019575145561248064,0.0012513730907812715,0.06531675159931183,0.00104167137760669,0.009768046438694,0.0,0.0,1.459224820137024,4.757820129394531,0.01976294256746769,1.1795876026153564,2.2883214950561523,0.5121887922286987,1.1186492443084717,7.088990211486816,0.0,0.47032198309898376,2.362408399581909,2.426138401031494,2.9695816040039062,0.03925980627536774,0.049996063113212585,0.08915616571903229,2.431093454360962,0.003539895173162222,3.323261022567749,0.0028418907895684242,0.00472447881475091,3.4164857864379883,0.0,0.0,6.779143810272217,2.647306203842163,0.012758534401655197,0.3747474253177643,2.479308605194092,0.0007890957640483975,1.249327540397644,0.5605023503303528,0.7381510734558105,0.0,0.0037367758341133595,0.0,0.729556143283844,0.0,0.0,0.845183253288269,0.02429509535431862,0.051941949874162674,0.0494525209069252,0.3346174657344818,0.014433680102229118,0.0,0.5215562582015991,0.1279143989086151,0.0013611887115985155,0.0019245508592575788,0.0,0.006326728500425816,0.0,0.03425716981291771,0.024694759398698807,0.0,0.0203397236764431,0.0,0.0,0.0069973766803741455,0.021075773984193802
0,4.9687066078186035,0.059558115899562836,9.303345680236816,5.36161994934082,0.0007830060785636306,1.1650829315185547,1.379185438156128,0.10610859841108322,2.1974594593048096,0.0,0.000754703301936388,0.0,0.0,0.01638363115489483,0.1571367084980011,0.0,0.7303744554519653,1.627800703048706,1.2524893283843994,0.06826221942901611,0.14698468148708344,9.752131882123649e-05,0.0,0.001610368024557829,0.0,0.030903713777661324,0.3565753698348999,25.607900619506836,0.0,0.0,0.012073902413249016,1.4390792846679688,0.314632773399353,0.9094634056091309,0.0015248269774019718,0.5580262541770935,18.756141662597656,2.016965627670288,0.011725159361958504,23.090835571289062,0.10838472098112106,0.8457578420639038,0.0016467466484755278,0.0016501755453646183,0.0008799732895568013,0.9106213450431824,0.00011350875138305128,4.57235860824585,0.7796213030815125,6.615406513214111,13.285773277282715,0.006125266198068857,3.7063605785369873,0.019374409690499306,1.0884488821029663,0.0006822809809818864,1.2153687477111816,0.004076007287949324,0.0,0.010647415183484554,8.915404319763184,11.786523818969727,3.4928293228149414,6.889130115509033,3.232651948928833,0.009573946706950665,0.0,0.007237965706735849,0.15863506495952606,0.004145416896790266,0.0,0.07080762833356857,0.0,0.013032365590333939,0.0,0.004103651735931635,0.000283986097201705,0.0110373105853796,0.028676874935626984,0.002158631570637226,0.0,0.0,0.0,0.0,0.023622678592801094,0.13087326288223267,0.004222558811306953,0.022190207615494728,0.00048226123908534646,0.9284270405769348,0.1418081820011139,1.2067499160766602,2.9996891021728516,16.779571533203125,1.021779179573059,1.078479528427124,0.0,0.026940926909446716,3.0809152126312256,7.202342510223389,6.53895902633667,0.013559595681726933,0.5224961638450623,0.0015243554953485727,20.375709533691406,13.99284553527832,16.86090087890625,8.41933536529541,2.2419986724853516,0.0004810582031495869,7.778355121612549,0.012112639844417572,1.2050633430480957,0.24733984470367432,0.0,0.9648540616035461,2.0180087089538574,1.5861446857452393,1.9130985736846924,1.3986215591430664,0.9832270741462708,0.03330064192414284,0.0,0.0,0.0041883597150444984,0.0019869673997163773,0.0008741323836147785,0.0,0.02262233942747116,0.010474969632923603,0.0,0.0014290583785623312,1.5511974096298218,4.375831604003906,0.10731256008148193,1.5027849674224854,2.3034756183624268,0.0008491296321153641,1.5609556436538696,8.157984733581543,0.009861295111477375,0.1735689640045166,2.332023859024048,2.1772189140319824,3.8021950721740723,0.1324201226234436,0.0,0.1526644080877304,2.645517587661743,0.003539895173162222,3.3016321659088135,0.0028418907895684242,0.0,3.705042839050293,0.0,0.0,6.7106499671936035,2.7371747493743896,0.012758534401655197,0.3648669719696045,2.4629111289978027,0.007046300917863846,1.2080796957015991,0.5307244658470154,0.7955831289291382,0.0,0.0,0.0,0.729556143283844,0.0,0.0,1.0098323822021484,0.0668911337852478,0.03834686428308487,0.027329619973897934,0.3346174657344818,0.026742903515696526,0.0,0.5215562582015991,0.1611861288547516,0.005432809703052044,0.0019245508592575788,0.0,0.006326728500425816,0.0,0.03425716981291771,0.024670641869306564,0.0,0.0203397236764431,0.0,0.0,0.0069973766803741455,0.021075773984193802
0,4.424985408782959,0.0,8.663605690002441,4.62709903717041,0.0017411820590496063,1.1569377183914185,1.5031802654266357,0.045473285019397736,2.102269172668457,0.0,0.0003490280651021749,0.022297238931059837,0.001689758151769638,0.01638363115489483,0.1571367084980011,0.0,0.8452183604240417,1.7099601030349731,1.0587681531906128,0.06950502097606659,0.12587681412696838,9.752131882123649e-05,0.0,0.001610368024557829,0.05971338227391243,0.04359620064496994,0.016528520733118057,33.489906311035156,0.0,0.03138274699449539,0.03377317637205124,1.287006139755249,0.3856325149536133,0.9059076309204102,0.0015248269774019718,0.7932530045509338,19.839248657226562,2.665964126586914,0.012022547423839569,22.951128005981445,0.1832125037908554,0.85240638256073,0.0016467466484755278,0.0003946057695429772,0.0006606971146538854,1.2748504877090454,0.000290511961793527,3.5171666145324707,0.7245883345603943,6.660402774810791,14.1463623046875,0.005257908720523119,4.215032577514648,0.019374409690499306,1.0703401565551758,0.0006822809809818864,1.1698113679885864,0.13106656074523926,0.0,0.014497458934783936,8.880804061889648,10.49681282043457,2.8746583461761475,7.221081733703613,3.3593647480010986,0.03243216127157211,0.0,0.004321816377341747,0.13382072746753693,0.0,0.0,0.057555217295885086,0.0,0.07044064998626709,0.0,0.0797649621963501,0.00828708615154028,0.01672949083149433,0.028676874935626984,0.005706152878701687,0.0,0.0021995094139128923,0.000909468624740839,0.0005036065122112632,0.0252486951649189,0.09658646583557129,0.0035597910173237324,0.01130201481282711,0.0,1.6390475034713745,0.0,0.80043625831604,2.9513661861419678,16.22738265991211,1.1544036865234375,1.4146168231964111,0.0,0.0,3.1515567302703857,6.415935039520264,5.546889781951904,0.0,0.5490697622299194,0.0,29.605642318725586,8.581110000610352,15.419482231140137,8.548074722290039,2.1988627910614014,0.0,6.840489864349365,0.0,1.0527557134628296,0.17888355255126953,0.0,0.9443845748901367,2.2134554386138916,2.132887363433838,2.006211042404175,1.7245815992355347,0.9809501767158508,0.0,0.0,0.0,0.007014101836830378,0.004603529814630747,0.0012392837088555098,0.03545060381293297,0.022529732435941696,0.0,0.0,0.00022165430709719658,1.5511974096298218,4.646309852600098,0.008862086571753025,0.9005928039550781,2.3750174045562744,0.0,1.589445948600769,8.007566452026367,0.0,0.1151740774512291,2.4835214614868164,1.2107654809951782,4.492400169372559,0.04746962711215019,0.049996063113212585,0.15810038149356842,2.798943519592285,0.003539895173162222,3.529092788696289,0.0028418907895684242,0.0,4.774806976318359,0.0,0.0,6.72051477432251,3.1128971576690674,0.012758534401655197,0.3754197061061859,2.7336087226867676,0.04245840758085251,1.3803104162216187,0.5870062708854675,1.066112756729126,0.0,0.0,0.0,0.7948340773582458,0.3194689452648163,0.0,1.153435230255127,0.13835537433624268,0.12307964265346527,0.2885739505290985,0.5355518460273743,0.08451571315526962,0.0,0.5622261762619019,0.34921154379844666,0.005432809703052044,0.005817444995045662,0.0,0.006326728500425816,0.0,0.03425716981291771,0.024670641869306564,0.0,0.0203397236764431,0.0,0.0,0.0069973766803741455,0.021075773984193802
0,3.311415433883667,2.2070693969726562,4.495275497436523,7.393146514892578,1.3471498489379883,6.965014934539795,5.213375091552734,0.0006354818469844759,8.821270942687988,0.0,2.4855027198791504,0.8369225263595581,0.0014175481628626585,0.0068000685423612595,0.002901120111346245,8.211602835217491e-05,6.220212459564209,2.488004446029663,0.0024445271119475365,30.911457061767578,3.6069436073303223,2.790529727935791,0.6696798801422119,0.5357763767242432,8.36010456085205,4.482653617858887,2.1284561157226562,44.453128814697266,18.85885238647461,4.320003509521484,4.6549882888793945,3.385549783706665,0.9071837067604065,0.45211538672447205,0.006590563803911209,7.653224945068359,54.40081024169922,0.009814535267651081,3.5270614624023438,41.122161865234375,22.344676971435547,2.334162473678589,4.299237251281738,0.005704985931515694,0.6244587302207947,2.6006994247436523,1.2042882442474365,4.283025741577148,0.38217851519584656,1.4594491720199585,7.183906078338623,1.532060146331787,8.833263397216797,0.9613702297210693,5.122987747192383,1.2321805953979492,4.948086261749268,3.0472753047943115,2.862928628921509,0.23103322088718414,8.030024528503418,6.891177654266357,18.600915908813477,9.133109092712402,6.815610885620117,0.2838424742221832,0.002063250634819269,1.707420825958252,3.6639513969421387,0.0021733357571065426,0.9286160469055176,2.4024229049682617,0.8194056153297424,1.7150343656539917,5.3559746742248535,0.9543728232383728,0.7358577847480774,3.217007637023926,0.004277725704014301,3.3481831550598145,0.0027179380413144827,1.0455316305160522,1.0359359979629517,1.1763912439346313,1.6433213949203491,1.6611301898956299,4.91037654876709,0.0,1.1911983489990234,4.737509250640869,2.38173246383667,2.3996095657348633,5.203874588012695,10.205081939697266,0.004128741566091776,1.826578140258789,0.7199017405509949,0.0,7.593678951263428,10.641491889953613,4.832226753234863,0.8946068286895752,5.0908074378967285,0.0004362728213891387,167.9838104248047,1.6064778566360474,29.21026611328125,3.359708547592163,3.5171401500701904,2.355046272277832,4.2874908447265625,2.8581125736236572,1.7670725584030151,3.3289635181427,0.0,0.5212116241455078,0.4472198188304901,1.8731878995895386,5.120035648345947,3.1611435413360596,0.003215494565665722,0.04135076701641083,0.2994886040687561,0.0,0.3993295431137085,0.3055901527404785,0.0018373001366853714,0.485243558883667,0.36877283453941345,0.0,0.0003377824614290148,0.2504933476448059,0.08610791712999344,4.589910507202148,3.0862512588500977,5.3543219566345215,3.7231833934783936,1.048293113708496,2.5499260425567627,6.82139778137207,0.43874406814575195,1.8227671384811401,2.248251438140869,1.682573914527893,5.508752346038818,0.005954349413514137,32.63489532470703,0.0,7.012312412261963,0.004753354471176863,6.82503604888916,0.002874986734241247,0.0004284580354578793,11.011981010437012,0.005350187886506319,0.005229960195720196,17.16420555114746,3.541947364807129,0.0,0.0010748484637588263,10.638575553894043,0.0128928916528821,7.48848295211792,2.6992616653442383,7.9156413078308105,0.0034850919619202614,0.004410841967910528,6.937647819519043,1.664433240890503,3.5822956562042236,0.014838662929832935,0.37621212005615234,0.09505891799926758,1.6394412517547607,6.867096900939941,12.849631309509277,0.9768854379653931,0.9868596792221069,1.2611520290374756,0.7726104855537415,59.99325180053711,30.153003692626953,49.739593505859375,14.474244117736816,49.19413375854492,47.616451263427734,28.231142044067383,281.0829772949219,72.70622253417969,89.58099365234375,111.03400421142578,23.149450302124023,59.31452941894531
0,8.926322937011719,0.0,5.039937496185303,6.869144439697266,1.4033515453338623,4.561520099639893,11.904629707336426,0.013845967128872871,7.983077526092529,0.0,2.658857583999634,0.32170569896698,0.0019101087236776948,0.0068000685423612595,0.002901120111346245,8.211602835217491e-05,21.320789337158203,2.3258774280548096,0.001904790522530675,91.99026489257812,11.42385482788086,3.6783552169799805,0.5198368430137634,0.025835582986474037,13.05573558807373,2.174923896789551,0.3733363151550293,31.238021850585938,17.339603424072266,3.8794991970062256,4.819284439086914,2.5752060413360596,0.3257063031196594,0.6728909611701965,0.006590563803911209,5.438911437988281,63.31741714477539,0.11814696341753006,3.432828903198242,45.899898529052734,21.20449447631836,5.049122333526611,3.6092333793640137,0.07710406929254532,0.7526290416717529,2.6746742725372314,1.1495336294174194,3.8887860774993896,0.6859082579612732,1.4744898080825806,5.1322174072265625,2.8625221252441406,7.475329399108887,0.5512658953666687,5.801271438598633,1.8267161846160889,5.7432451248168945,2.443690538406372,2.349865436553955,0.0,8.684883117675781,7.399022102355957,19.4592342376709,9.218526840209961,7.053741455078125,0.4342110753059387,0.002221613423898816,1.6092822551727295,4.551959991455078,0.0021733357571065426,0.9428436160087585,0.9230471849441528,1.1182971000671387,1.4868842363357544,4.792360782623291,0.8306778073310852,0.4240865707397461,2.663771629333496,0.004277725704014301,2.292482376098633,0.0010802688775584102,0.4799829423427582,0.9692079424858093,0.7724673748016357,1.4201534986495972,0.6350882649421692,4.524771213531494,0.0,1.3946542739868164,4.439152717590332,1.2329219579696655,1.9929862022399902,5.531294822692871,10.377690315246582,0.0,0.6509737968444824,0.484779953956604,0.00010989537986461073,3.2492971420288086,12.264098167419434,4.8038249015808105,0.9272849559783936,6.271118640899658,0.0024740821681916714,26.679597854614258,0.12930595874786377,26.500242233276367,2.871122360229492,4.052572250366211,1.558947205543518,3.1068191528320312,2.0396056175231934,1.5028692483901978,2.8833119869232178,0.0,0.7209099531173706,0.10615172982215881,0.37769538164138794,4.460567474365234,2.4545304775238037,0.0,0.020963987335562706,0.0,0.0,0.0,0.0,0.0005068259197287261,0.0,0.020090699195861816,0.0,0.0,0.0,0.6175969839096069,4.517463684082031,3.509605884552002,5.436241626739502,3.21773099899292,1.1115132570266724,2.520859479904175,9.043176651000977,0.1938471794128418,1.0898218154907227,2.6258156299591064,1.828531265258789,2.9293670654296875,0.005954349413514137,11.354459762573242,0.0,6.640108108520508,0.004753354471176863,8.4318208694458,0.002874986734241247,0.0004284580354578793,10.684210777282715,0.005350187886506319,0.005229960195720196,17.295408248901367,3.056083917617798,3.5822691917419434,0.0010748484637588263,10.104241371154785,0.0,6.952285289764404,3.1231725215911865,8.884501457214355,0.0034850919619202614,0.004410841967910528,5.6542887687683105,0.6558713912963867,5.098772048950195,0.061643335968256,0.0,0.03858903422951698,1.7648212909698486,7.486523628234863,12.393966674804688,0.2539769411087036,1.076356053352356,1.374144196510315,1.5134663581848145,53.1051025390625,17.36390495300293,48.215084075927734,12.239294052124023,37.22812271118164,47.09397888183594,22.276782989501953,260.2151794433594,44.363929748535156,94.98302459716797,123.17001342773438,14.51768970489502,35.85176086425781
0,7.434179306030273,0.0,4.556341171264648,7.0191264152526855,1.0926260948181152,2.6619272232055664,9.898431777954102,0.07886365056037903,7.9149651527404785,0.0021597074810415506,1.1089489459991455,0.21255674958229065,0.00905455183237791,0.037566449493169785,0.002901120111346245,8.211602835217491e-05,14.216654777526855,2.3474884033203125,0.00253247725777328,57.021202087402344,11.023372650146484,3.604793071746826,0.5957334041595459,0.027909627184271812,8.446043968200684,2.3944129943847656,0.17310044169425964,31.839229583740234,17.11305809020996,4.004081726074219,5.295787334442139,2.468644380569458,0.22768184542655945,0.44460582733154297,0.013509409502148628,5.476259708404541,57.23879623413086,0.11320598423480988,3.179399251937866,41.791236877441406,22.62350845336914,3.4873995780944824,3.1424553394317627,0.009139620698988438,0.376097708940506,2.1300137042999268,1.1681382656097412,3.4876742362976074,0.5277131199836731,1.0166585445404053,5.8326416015625,1.7278484106063843,7.845224857330322,0.7534818649291992,4.806414604187012,1.2863373756408691,4.996866226196289,3.0402135848999023,2.4302237033843994,0.0,9.423483848571777,5.898210525512695,16.928720474243164,8.755041122436523,7.118539810180664,0.21526136994361877,0.002199372509494424,1.6347854137420654,3.983992576599121,0.0021733357571065426,0.4556964635848999,1.2006148099899292,0.6870352625846863,1.8184435367584229,4.6525678634643555,0.8164427280426025,0.35020971298217773,2.5162882804870605,0.0,2.250882625579834,0.0,0.8913787603378296,0.9767497777938843,1.0453437566757202,1.0723721981048584,0.9031681418418884,4.724035739898682,0.002849949523806572,1.5144952535629272,4.276826858520508,3.921527147293091,1.5340542793273926,5.1912031173706055,10.467432022094727,0.0,1.1166294813156128,0.057623378932476044,0.00010989537986461073,3.546860694885254,10.200408935546875,5.6118011474609375,0.2924381494522095,5.544805526733398,0.0,20.080080032348633,3.0276153087615967,26.231882095336914,3.0006814002990723,3.786341428756714,1.0880136489868164,3.557589054107666,2.203221082687378,1.6490799188613892,2.942960739135742,0.0,0.24403226375579834,0.06117364764213562,0.8745893239974976,5.339985370635986,2.46126389503479,0.0,0.0494532473385334,0.0,0.0022426098585128784,0.0,0.022624880075454712,0.002335861325263977,0.08559659123420715,0.0,0.003332574153319001,0.000278822350082919,0.0,0.6825607419013977,4.41274881362915,2.940624237060547,4.729066371917725,3.007943630218506,1.2309211492538452,2.0905325412750244,8.079334259033203,0.0,0.8994615077972412,2.3477346897125244,1.2169811725616455,4.4334235191345215,0.005954349413514137,20.279857635498047,0.0,8.723612785339355,0.004753354471176863,7.00309419631958,0.002874986734241247,0.0004284580354578793,9.276875495910645,0.005350187886506319,0.005229960195720196,18.659584045410156,3.04563045501709,7.0692949295043945,0.0010748484637588263,10.698748588562012,0.006959103979170322,7.142925262451172,2.0206713676452637,9.301600456237793,0.0034850919619202614,0.004410841967910528,5.308077335357666,0.7768377065658569,4.952312469482422,0.061643335968256,0.06198332458734512,0.04184293746948242,2.012350082397461,7.681049346923828,6.003703594207764,0.0,0.9586306214332581,0.8348446488380432,1.0005133152008057,56.27535629272461,26.957157135009766,51.59075164794922,14.849051475524902,42.17758560180664,36.97536087036133,23.40956687927246,268.17327880859375,63.04198455810547,87.49807739257812,128.10948181152344,16.974822998046875,47.795257568359375
0,7.888657569885254,0.0,5.255512714385986,5.506814956665039,1.016666054725647,2.7584445476531982,10.349570274353027,0.07192880660295486,6.115335941314697,0.0,1.8599512577056885,0.0,0.0,0.02376466803252697,0.002901120111346245,0.0,24.005273818969727,2.040837526321411,0.0012545260833576322,92.65840148925781,12.432905197143555,3.249239444732666,0.6023975014686584,0.033062584698200226,5.183794975280762,0.0,0.005874174181371927,37.06153869628906,15.373488426208496,3.9618375301361084,4.557893753051758,1.7377605438232422,0.0063964128494262695,0.41450294852256775,0.0,5.792357444763184,61.70542907714844,0.11215702444314957,2.8306989669799805,45.38239288330078,22.63551139831543,3.4388532638549805,3.831019163131714,0.0,0.061116255819797516,2.342223644256592,1.000870943069458,3.7898387908935547,0.5327017307281494,0.9188532829284668,5.424346923828125,1.885583758354187,8.152174949645996,0.16331854462623596,4.18345832824707,0.9242758750915527,6.509701251983643,2.7199831008911133,2.411892890930176,0.0020321905612945557,9.44081974029541,5.163651943206787,19.464555740356445,8.487175941467285,7.160660266876221,0.09207535535097122,0.002199372509494424,1.5993285179138184,3.9625625610351562,0.0021733357571065426,0.42346450686454773,1.4772133827209473,0.8168118596076965,1.6863762140274048,4.5011773109436035,0.5899626612663269,0.26668453216552734,2.3129656314849854,0.001958098728209734,1.8701746463775635,0.0004320750886108726,0.7910534143447876,0.7056288719177246,0.5868923664093018,0.7465449571609497,0.5165574550628662,4.333357810974121,0.002849949523806572,1.9346675872802734,4.050359725952148,3.367871046066284,1.6394144296646118,5.1354475021362305,9.510039329528809,0.0015244222013279796,1.0056897401809692,0.0,0.0009580543846823275,1.0123157501220703,10.332937240600586,5.203676223754883,0.32932835817337036,6.005196571350098,0.003171841846778989,20.839370727539062,3.891244888305664,25.295324325561523,3.002810001373291,3.623312473297119,0.7987744212150574,3.0835347175598145,1.8835898637771606,1.7160351276397705,2.787994146347046,0.0,0.23007476329803467,0.10805819928646088,0.299247145652771,4.174309730529785,2.0389580726623535,0.001682283473201096,0.0494532473385334,0.0013020141050219536,0.0008288832614198327,0.0020804835949093103,0.0,0.002193557331338525,0.0,0.0003867979976348579,0.0019789596553891897,0.00176685256883502,0.018461354076862335,0.590843677520752,4.264059066772461,3.1515262126922607,4.1285552978515625,2.5313100814819336,0.9576522707939148,2.5394530296325684,7.022009372711182,0.024717561900615692,0.37458208203315735,2.7861435413360596,1.1397041082382202,3.5230255126953125,0.005954349413514137,15.371070861816406,0.2795954644680023,9.458955764770508,0.004753354471176863,7.631808757781982,0.002874986734241247,0.0004284580354578793,8.9400634765625,0.005350187886506319,0.005229960195720196,20.618471145629883,3.803906202316284,7.296352863311768,0.0010748484637588263,10.536291122436523,0.014818348921835423,6.755262851715088,2.4046950340270996,10.605976104736328,0.0034850919619202614,0.004410841967910528,5.195984363555908,0.8584126234054565,9.314607620239258,0.061643335968256,0.06198332458734512,0.05920660123229027,2.7093920707702637,9.707967758178711,6.042863845825195,0.023891177028417587,1.1767925024032593,0.7394219040870667,1.497491478919983,51.904869079589844,19.50275993347168,52.87575149536133,12.469830513000488,37.892364501953125,41.85714340209961,19.65697479248047,258.5829772949219,47.572914123535156,90.43504333496094,131.35105895996094,17.20796012878418,47.258846282958984
0,7.282997131347656,0.06454329937696457,5.546087265014648,5.284700393676758,0.900708019733429,1.9508793354034424,8.680081367492676,0.13586601614952087,7.990426063537598,0.0,1.469042181968689,0.006373388692736626,0.0,0.0,0.002901120111346245,0.0,18.984909057617188,1.8314284086227417,0.001329893828369677,100.51007843017578,13.79318618774414,3.117663860321045,0.8322247266769409,0.029322698712348938,1.045161485671997,0.25170326232910156,2.3260305169969797e-05,29.381906509399414,16.846481323242188,4.211526870727539,5.392809867858887,1.605517029762268,0.0,0.3255153298377991,0.022521432489156723,5.994673728942871,52.66368865966797,0.11320598423480988,2.7668237686157227,44.91851043701172,22.132875442504883,2.4673776626586914,3.7775192260742188,0.0,0.0,2.694568157196045,0.835186243057251,3.2866315841674805,0.5083959102630615,0.806514322757721,6.457273483276367,1.4537545442581177,7.369448661804199,0.02067756839096546,4.320659160614014,0.9969252347946167,5.433516025543213,2.9986064434051514,2.350724697113037,0.02174752578139305,9.565974235534668,4.699064254760742,16.695655822753906,7.752062797546387,6.451168537139893,0.16434204578399658,0.002199372509494424,1.5694489479064941,3.715635061264038,0.0021733357571065426,0.17923171818256378,1.6133780479431152,0.5579561591148376,1.390221118927002,4.3486175537109375,0.7988670468330383,0.0,2.303032875061035,0.003402272006496787,1.9875355958938599,0.0004320750886108726,0.7079626321792603,0.6613206267356873,0.8503571152687073,0.8457551002502441,0.5983045101165771,3.627906560897827,0.002849949523806572,1.9761323928833008,3.66759991645813,5.9645891189575195,1.0312501192092896,4.962586402893066,10.156698226928711,0.003139747306704521,0.8419079184532166,0.02316129393875599,0.032144129276275635,0.38868722319602966,9.426980972290039,4.517507553100586,0.0,6.143738746643066,0.0024540096055716276,19.654735565185547,8.07067584991455,25.581985473632812,3.1440343856811523,3.7604713439941406,1.0111942291259766,2.8444597721099854,1.8416105508804321,1.6808404922485352,2.5815415382385254,0.0,0.03062284365296364,0.13778679072856903,0.2719820439815521,3.3923916816711426,1.6908680200576782,0.0,0.0,0.0,0.00027224502991884947,0.0058566974475979805,0.0,0.0,0.040032509714365005,0.01020507700741291,0.01995743066072464,0.0011987544130533934,0.06875733286142349,0.5505433082580566,4.144767761230469,3.0345799922943115,3.7710864543914795,2.2619621753692627,1.1696736812591553,2.6547539234161377,7.139630317687988,0.0023806383833289146,0.025698833167552948,2.5806875228881836,1.2106268405914307,4.981900691986084,0.005954349413514137,6.992910385131836,0.0,10.788073539733887,0.004753354471176863,6.486064434051514,0.002874986734241247,0.0004284580354578793,10.048130989074707,0.005350187886506319,0.005229960195720196,21.153614044189453,4.519464492797852,5.491166114807129,0.0010748484637588263,11.780024528503418,0.0,7.262784957885742,2.43782901763916,9.68938159942627,0.0034850919619202614,0.004410841967910528,5.492966651916504,0.8584126234054565,8.969045639038086,0.061643335968256,0.06198332458734512,0.088299959897995,3.7142932415008545,9.699264526367188,5.87437105178833,0.006543061230331659,1.315854787826538,0.660226583480835,1.3084388971328735,51.576866149902344,23.107667922973633,53.631141662597656,13.423291206359863,40.50175476074219,42.41633605957031,22.07072639465332,245.59088134765625,63.055572509765625,89.3785171508789,130.86766052246094,15.328632354736328,39.82542037963867
0,7.03709602355957,0.0444786511361599,4.727016448974609,4.460205554962158,0.8887966871261597,2.3460946083068848,7.809327125549316,0.09280233830213547,7.211419105529785,0.0,1.9331034421920776,0.006585460156202316,0.001511506037786603,0.03147495165467262,0.002901120111346245,0.0,16.633859634399414,1.8892310857772827,0.0,114.74137878417969,11.396215438842773,3.674654483795166,0.6101270914077759,0.029322698712348938,0.04473995789885521,0.09673570096492767,0.0,29.957094192504883,15.1288423538208,4.022144794464111,4.981904983520508,1.8932158946990967,0.0002783574163913727,0.3247244656085968,0.1236150935292244,6.535767078399658,55.508792877197266,0.11320598423480988,2.3139500617980957,46.31537628173828,22.03954315185547,2.6997036933898926,3.7695107460021973,0.002210629405453801,0.020252281799912453,2.7062461376190186,0.0810459703207016,3.800215244293213,0.4935392439365387,0.7632629871368408,6.3382744789123535,2.0131895542144775,6.833987712860107,0.0,3.8821072578430176,0.8041766881942749,5.819962501525879,3.685814619064331,2.302449941635132,0.02143118716776371,9.97838306427002,4.97586727142334,19.74978256225586,7.635801792144775,5.900680065155029,0.11142797768115997,0.002199372509494424,1.5236729383468628,3.717590570449829,0.0021733357571065426,0.0,1.6325308084487915,0.8320434093475342,1.5814834833145142,4.101689338684082,0.6644443273544312,0.0,1.5842716693878174,0.004277725704014301,1.7195885181427002,0.0004320750886108726,0.6040551066398621,0.5263619422912598,0.8145875334739685,0.8819174766540527,0.7044758796691895,3.3936548233032227,0.03032250516116619,2.0037119388580322,4.064281940460205,6.5957794189453125,1.100268006324768,5.345165729522705,10.755409240722656,0.015039872378110886,0.9929160475730896,0.0,0.024216901510953903,0.6126587390899658,9.497125625610352,5.092949390411377,0.0,5.8005547523498535,0.0,19.440872192382812,8.306910514831543,24.681793212890625,3.479527235031128,3.6630289554595947,0.9362787008285522,3.2380211353302,1.091264009475708,1.8922358751296997,3.2149658203125,0.0,0.03195924684405327,0.13000525534152985,0.0,3.1295409202575684,1.7690646648406982,0.0,0.0646355003118515,0.0,0.0008202798198908567,0.0,0.0019692976493388414,0.0027331227902323008,0.0,0.0,0.02545926906168461,0.0036376635544002056,0.018778083845973015,0.6012420058250427,3.827894687652588,3.368403434753418,3.9022915363311768,2.1218974590301514,1.609062910079956,2.684304714202881,7.520483493804932,0.0,0.0,2.3694331645965576,1.1362577676773071,4.476474761962891,0.005954349413514137,3.385655164718628,0.0,11.486193656921387,0.004753354471176863,6.975608825683594,0.002874986734241247,0.0004284580354578793,10.074496269226074,0.005350187886506319,0.005229960195720196,20.719593048095703,4.4937238693237305,6.174703598022461,0.0010748484637588263,11.6287841796875,0.0,6.872777462005615,2.384716033935547,10.776369094848633,0.0034850919619202614,0.004410841967910528,5.589050769805908,0.8584126234054565,9.349893569946289,0.06118924543261528,0.20290976762771606,0.088299959897995,3.0121569633483887,10.156332969665527,8.853672981262207,0.03437785431742668,1.3445045948028564,0.7245354056358337,1.6532093286514282,49.12180709838867,20.703031539916992,54.19361114501953,11.652548789978027,35.43116760253906,42.2471809387207,21.60231590270996,252.3693389892578,53.134239196777344,84.25235748291016,133.00180053710938,16.382915496826172,36.293174743652344
0,6.676751613616943,0.011672844178974628,4.925021648406982,4.6563029289245605,0.9488794803619385,2.3519632816314697,7.659215927124023,0.036592163145542145,5.387060165405273,0.0,2.6060404777526855,0.0,1.0454459697939456e-06,0.05432882159948349,0.002901120111346245,0.0,13.066484451293945,1.742267370223999,0.000988881103694439,86.34959411621094,11.900197982788086,3.084758996963501,1.2040432691574097,0.034843482077121735,0.09398815780878067,0.0,0.0,32.59869384765625,14.982961654663086,4.075575828552246,5.908638000488281,1.9915070533752441,0.09448873996734619,0.06095580756664276,0.09503179788589478,5.359672546386719,51.68804168701172,0.13427132368087769,2.2774741649627686,45.44029235839844,22.959793090820312,2.6779873371124268,3.7306978702545166,0.07367544621229172,0.004319043830037117,2.95251202583313,0.12018916755914688,3.305563449859619,0.4796120524406433,0.9904857277870178,6.5524582862854,2.0195462703704834,7.577056407928467,0.0,3.8631670475006104,0.6872867345809937,5.134903430938721,3.7605104446411133,2.3297080993652344,0.0,9.728353500366211,5.47953987121582,16.671701431274414,7.546772480010986,6.5651984214782715,0.07567492127418518,0.002199372509494424,1.441652536392212,3.890170097351074,0.0021733357571065426,0.05866837501525879,1.5439661741256714,0.6025961637496948,1.6662099361419678,4.003237724304199,0.6181057691574097,0.012557259760797024,1.7363462448120117,0.0,1.8818413019180298,0.0005416806088760495,0.5413082838058472,0.3144521415233612,0.8561176657676697,0.7059177160263062,0.37821924686431885,3.1902363300323486,0.0,1.9582427740097046,3.546750068664551,4.86954927444458,1.115060567855835,5.1661481857299805,11.139429092407227,0.011941967532038689,1.3488904237747192,0.011641962453722954,0.0,0.21310298144817352,8.334863662719727,4.9581403732299805,0.0,6.075079441070557,0.0023687491193413734,36.93386459350586,7.192721843719482,24.38443374633789,3.4899258613586426,3.6849958896636963,0.8718463182449341,2.8215789794921875,0.9370034337043762,1.7838550806045532,2.6577818393707275,0.0,0.04847625643014908,0.27807724475860596,0.00540714617818594,2.9084866046905518,1.7621581554412842,0.001682283473201096,0.0646355003118515,0.0006469976506195962,0.00017878787184599787,0.0016055883606895804,0.0010615342762321234,0.004652662668377161,0.04699920862913132,0.011794550344347954,0.010720593854784966,0.003163369372487068,0.05807263404130936,0.603547990322113,3.6627445220947266,3.3407516479492188,3.305145025253296,2.0586750507354736,1.3028005361557007,2.767526388168335,7.195962905883789,0.008373326621949673,0.0,2.4009673595428467,1.1457267999649048,5.612342834472656,0.005954349413514137,0.0,1.5283353328704834,12.334918975830078,0.004753354471176863,7.358089447021484,0.002874986734241247,0.0004284580354578793,11.065779685974121,0.005350187886506319,0.005229960195720196,20.267086029052734,4.983497142791748,6.936644554138184,0.0010748484637588263,11.288948059082031,0.011622115969657898,8.396613121032715,2.2974600791931152,10.862372398376465,0.0034850919619202614,0.004410841967910528,6.066686630249023,1.8457459211349487,12.349869728088379,0.06118924543261528,0.584399402141571,0.17001403868198395,3.501683235168457,10.778644561767578,8.753863334655762,0.07879350334405899,1.4128177165985107,0.7883675694465637,1.535043478012085,50.384830474853516,20.86951446533203,55.63643264770508,12.579297065734863,33.49686050415039,41.86671829223633,23.950347900390625,243.2454833984375,60.37326431274414,86.84503936767578,129.199462890625,15.722816467285156,36.09601593017578
0,2.6923623085021973,3.5142810344696045,7.3042311668396,6.594699382781982,2.7782986164093018,1.3247201442718506,14.446208000183105,2.015371322631836,4.642125129699707,1.720594882965088,0.0015019768616184592,0.8547488451004028,1.606531023979187,4.761252403259277,26.194091796875,3.513643980026245,1.8619498014450073,1.9214928150177002,1.5846590995788574,3.8740618228912354,3.937084436416626,0.0006362060084939003,1.32844877243042,0.0018382774433121085,0.12780046463012695,3.7977242469787598,0.08067875355482101,31.817241668701172,5.650744915008545,2.126640558242798,2.1786482334136963,6.196098804473877,1.492795705795288,1.5245696306228638,0.007277200929820538,0.9673091769218445,66.18506622314453,0.0004965931875631213,6.275404453277588,36.47348403930664,9.66385269165039,2.53832745552063,4.58875036239624,0.01254099141806364,2.150439739227295,1.035079002380371,0.6482001543045044,1.1483174562454224,0.0,1.361741304397583,8.335814476013184,0.38445281982421875,3.1545143127441406,0.00027022347785532475,1.4041649103164673,0.00490949023514986,2.062596559524536,0.8887895941734314,0.592738687992096,0.0002355746692046523,10.600767135620117,3.239832639694214,7.030224800109863,15.733953475952148,4.313972473144531,0.5537678599357605,0.6673521995544434,1.9430197477340698,6.008798599243164,0.003956255502998829,2.1549630165100098,1.4929591417312622,0.19160626828670502,0.051724597811698914,2.8284621238708496,0.09265759587287903,0.6094805002212524,0.013642605394124985,0.0043077170848846436,3.4004766941070557,0.904535174369812,0.7387098670005798,0.7596151828765869,0.8660690188407898,0.15833385288715363,0.763710081577301,1.6621381044387817,0.4862924814224243,0.09188991785049438,5.018518447875977,5.079836368560791,1.4257088899612427,5.358942985534668,9.007280349731445,0.9553645849227905,0.3031925857067108,0.00258372793905437,0.4328724145889282,19.98347282409668,3.705080270767212,2.83927583694458,0.9074901938438416,3.852616310119629,0.8416330218315125,133.1286163330078,1.785738229751587,19.338695526123047,4.737133979797363,8.916272163391113,0.00047792415716685355,3.525179147720337,2.4198217391967773,1.9137439727783203,1.2415693998336792,0.005398616194725037,1.379959225654602,2.392892837524414,0.6000792980194092,1.9727320671081543,2.7985317707061768,0.0023402078077197075,0.10387171804904938,0.0,0.19832484424114227,0.0001143736153608188,0.0008204553159885108,0.0,0.4857894480228424,1.0008397102355957,0.0008194806287065148,0.33893799781799316,0.002071020193397999,29.621822357177734,2.0384669303894043,1.9692299365997314,2.588529109954834,0.33221155405044556,0.5837746262550354,0.04150751233100891,3.604766845703125,0.5817573666572571,0.24575643241405487,3.346628427505493,0.8438065648078918,4.970351696014404,0.00448604067787528,104.23153686523438,5.333166599273682,7.304384708404541,0.00234142504632473,3.8353970050811768,0.003668438410386443,0.00027900791610591114,18.089683532714844,0.0069834101013839245,0.008828268386423588,19.951026916503906,5.128499507904053,0.050209689885377884,0.001496951445005834,6.479152202606201,0.07692623138427734,3.998830795288086,1.8046072721481323,3.7820019721984863,0.0031976429745554924,0.004643320571631193,12.523530960083008,0.07817475497722626,0.6241515874862671,0.009233188815414906,1.314744472503662,0.7254764437675476,6.471362113952637,1.6987394094467163,9.561837196350098,0.8641356229782104,0.006296410690993071,0.8573048114776611,0.11654867976903915,32.768150329589844,14.439159393310547,25.759117126464844,6.150012969970703,20.298477172851562,15.653761863708496,7.021258354187012,150.86610412597656,25.22826385498047,95.70429992675781,30.685876846313477,14.870755195617676,22.415254592895508
0,5.1916728019714355,0.8497223258018494,7.629292011260986,9.643783569335938,2.5458450317382812,2.2899703979492188,7.084827899932861,4.330024719238281,5.657580375671387,1.3648492097854614,0.004816487897187471,0.4638326168060303,1.4153023958206177,4.001387119293213,23.871013641357422,3.943636894226074,0.47100651264190674,1.4750574827194214,2.0094711780548096,1.6529693603515625,1.4133702516555786,0.0,0.8367127180099487,0.0018382774433121085,0.10092591494321823,2.3666343688964844,0.0,10.088747024536133,7.539359092712402,2.525233507156372,2.379192352294922,8.202414512634277,2.409031391143799,1.8320157527923584,0.007277200929820538,1.1306732892990112,63.553035736083984,0.0004965931875631213,6.725172996520996,33.842647552490234,10.584606170654297,2.3082306385040283,4.59011173248291,0.010458623059093952,2.2544217109680176,1.0456476211547852,0.4378995895385742,1.0180342197418213,0.0013560120714828372,1.8402414321899414,12.020968437194824,0.5810371041297913,4.549623012542725,0.0017171114450320601,1.928565263748169,0.0,3.0817525386810303,1.2737425565719604,0.6957844495773315,0.0002355746692046523,10.492188453674316,3.6404290199279785,9.987438201904297,19.696544647216797,6.575544834136963,1.504685401916504,0.9262598156929016,1.5773907899856567,5.566707611083984,0.01691734418272972,2.724186658859253,2.3283889293670654,0.10001225024461746,0.0395597368478775,2.3443586826324463,0.09695299714803696,0.0,0.022533992305397987,0.0043077170848846436,2.6942896842956543,0.6708829998970032,0.9214047789573669,1.386535406112671,1.144355297088623,0.17216305434703827,1.219478726387024,0.7057587504386902,0.0,0.15832066535949707,4.423540115356445,3.0811479091644287,1.5661640167236328,5.945059776306152,9.158988952636719,1.199596643447876,0.2397712767124176,0.0,0.027858860790729523,18.791357040405273,3.3377091884613037,3.881734609603882,0.15922732651233673,4.053720474243164,0.702303946018219,17.264413833618164,1.443692684173584,20.061012268066406,4.249880790710449,5.530423164367676,0.002003617584705353,1.754991888999939,2.255887031555176,0.4657458961009979,1.8684728145599365,0.00632049422711134,0.7886536717414856,2.3772470951080322,1.7359987497329712,1.4071604013442993,1.779821753501892,0.0003185048117302358,0.11428318172693253,0.0,0.006110860500484705,0.0010335245169699192,4.6440793084912e-05,0.0,0.0,0.7764706015586853,0.0008194806287065148,0.0,0.0,28.8654727935791,1.4755029678344727,1.674489140510559,2.4279274940490723,0.3403138816356659,0.0,0.04195351526141167,3.907801628112793,0.3983220160007477,0.09556484967470169,2.587707757949829,0.4928096532821655,7.188225269317627,0.00448604067787528,85.5627212524414,5.530757427215576,8.360574722290039,0.00234142504632473,3.8467817306518555,0.003668438410386443,0.00027900791610591114,17.80851173400879,0.0069834101013839245,0.008828268386423588,24.706369400024414,5.909065246582031,0.050209689885377884,0.001496951445005834,6.287446975708008,0.0,4.494841575622559,2.296760082244873,4.8075103759765625,0.0031976429745554924,0.004643320571631193,13.28902816772461,0.0,0.24191904067993164,0.009233188815414906,0.14500421285629272,0.5652855038642883,4.106089115142822,2.254269599914551,4.046987533569336,0.8185197710990906,0.02290325239300728,1.5976107120513916,0.0,38.86492919921875,15.122410774230957,25.062925338745117,5.280947208404541,19.897977828979492,18.422807693481445,7.301911354064941,141.23727416992188,25.170455932617188,100.21531677246094,27.450716018676758,12.380430221557617,21.117454528808594
0,3.7390570640563965,4.5540876388549805,6.146570205688477,8.416956901550293,1.9187846183776855,1.4474306106567383,9.847970008850098,1.946534514427185,5.305259704589844,1.2089576721191406,0.0032833744771778584,0.41432851552963257,1.8988585472106934,3.3349268436431885,22.32419204711914,3.5508110523223877,0.7150629162788391,1.6991194486618042,1.9015237092971802,0.9503195881843567,3.288234233856201,0.0018856155220419168,0.12287498265504837,0.0018382774433121085,0.0,1.8782386779785156,0.03730762004852295,21.349132537841797,5.619217395782471,2.788585901260376,1.5771870613098145,7.140536308288574,1.1976531744003296,1.2841763496398926,0.007277200929820538,1.1810381412506104,60.54548645019531,0.0004965931875631213,7.060598850250244,38.867427825927734,9.926004409790039,2.2833034992218018,4.293514251708984,0.0,1.1784954071044922,0.941594123840332,0.14333653450012207,1.238983154296875,0.0013560120714828372,1.4291883707046509,9.570399284362793,0.15749306976795197,3.145935297012329,0.0017171114450320601,1.5835084915161133,0.0,2.1991865634918213,1.3832240104675293,0.4448477625846863,0.0003151356941089034,9.721161842346191,3.6196658611297607,8.803924560546875,18.16907501220703,5.77091646194458,1.2009871006011963,1.0165218114852905,1.7640820741653442,4.7391204833984375,0.05753977969288826,2.8152551651000977,1.0872551202774048,0.0,0.060975268483161926,2.346325635910034,0.20644256472587585,0.0,0.0012555638095363975,0.0,3.16233491897583,0.6600632667541504,1.0830717086791992,0.889363706111908,0.7823486924171448,0.15630213916301727,0.9904712438583374,0.39543190598487854,0.04556016996502876,0.0,4.463699817657471,5.0381059646606445,0.9350231289863586,5.507143020629883,9.62160873413086,0.9180717468261719,0.0005633027758449316,0.0,0.0,21.172365188598633,3.633777379989624,3.5098626613616943,0.22331808507442474,4.245565414428711,0.7018092274665833,18.250823974609375,1.99466073513031,19.442495346069336,4.267388820648193,5.524352073669434,0.002003617584705353,3.531834602355957,2.146536111831665,0.9585370421409607,0.9590417146682739,0.02180827036499977,0.648581862449646,1.6790505647659302,1.6111527681350708,1.2963147163391113,1.6992034912109375,0.0,0.0,0.0,0.0,0.00022398117289412767,0.0016510054701939225,0.00013859271712135524,0.00790636520832777,0.21785473823547363,0.0,0.012676727026700974,0.0,31.110939025878906,1.1587461233139038,1.64592707157135,2.7456490993499756,0.34323886036872864,0.005545741878449917,0.04366577789187431,3.696777105331421,0.018109895288944244,0.03449943661689758,2.5157411098480225,0.35545143485069275,5.50022029876709,0.00448604067787528,97.54521179199219,3.479987621307373,8.268202781677246,0.00234142504632473,4.186803817749023,0.003668438410386443,0.00027900791610591114,16.898038864135742,0.0069834101013839245,0.008828268386423588,20.505475997924805,6.037024021148682,0.050209689885377884,0.001496951445005834,5.4161787033081055,0.051237933337688446,4.976665019989014,2.63558292388916,4.369906425476074,0.0031976429745554924,0.004643320571631193,13.06911563873291,0.0,0.2143498957157135,0.009233188815414906,0.1693766862154007,0.44163215160369873,4.431290626525879,1.3993245363235474,2.785066604614258,0.5425075888633728,0.02290325239300728,0.7355797290802002,0.0,32.72524642944336,14.665618896484375,20.81871223449707,5.304172992706299,18.252939224243164,23.23614501953125,6.050374507904053,130.38815307617188,26.27556037902832,88.29688262939453,29.730276107788086,13.612228393554688,20.86009407043457
0,4.54160213470459,4.453630447387695,5.557325839996338,7.338081359863281,1.6690727472305298,1.5120476484298706,9.811098098754883,4.90940523147583,5.2153239250183105,1.0976665019989014,0.0011355339083820581,0.5730100870132446,1.7433879375457764,3.6501317024230957,20.788890838623047,2.9453229904174805,0.3754856586456299,1.802453875541687,1.8843003511428833,0.15991845726966858,1.7329572439193726,0.0,0.7066282033920288,0.0018382774433121085,0.0,0.37055104970932007,0.006027328781783581,17.28194236755371,5.6168212890625,2.669661045074463,1.480534315109253,7.618574142456055,1.4861372709274292,1.4493523836135864,0.007277200929820538,1.0683237314224243,68.67748260498047,0.0004965931875631213,4.853151321411133,38.35573196411133,10.116605758666992,1.5475362539291382,4.382885456085205,0.0,1.7667720317840576,1.1101124286651611,0.0,1.07634437084198,0.0013560120714828372,1.4884943962097168,10.204523086547852,0.16047422587871552,3.919105291366577,0.004503339063376188,1.531955361366272,7.9746576375328e-05,2.1819701194763184,1.0512733459472656,0.44692474603652954,0.0,9.81193733215332,3.9792850017547607,10.150839805603027,19.94593620300293,6.197675704956055,1.2970635890960693,0.9491096138954163,1.7910284996032715,5.374577522277832,0.04821430519223213,2.3608884811401367,1.5147327184677124,0.013439088128507137,0.0656561404466629,2.745182514190674,0.21247895061969757,0.002377383876591921,0.08211755007505417,0.0,3.017873764038086,0.7681118249893188,0.7509585618972778,1.0478715896606445,0.9500505924224854,0.15564584732055664,0.8050541281700134,0.07939928770065308,0.0,0.10843097418546677,3.988218307495117,4.789613246917725,0.8099600672721863,5.4995880126953125,10.368224143981934,1.0180813074111938,0.054998524487018585,0.0,0.019299788400530815,21.787256240844727,3.4504058361053467,3.0286946296691895,0.0,4.805368423461914,0.7426735162734985,16.821996688842773,2.237412691116333,18.174060821533203,4.036136627197266,5.27791166305542,0.0,2.5912413597106934,1.7193340063095093,0.6090214252471924,1.1461824178695679,0.014698433689773083,0.7880581021308899,1.5837011337280273,2.119699478149414,1.3373769521713257,2.0082759857177734,0.0018999073654413223,0.0,0.0,0.0044410754926502705,5.1062754209851846e-05,0.0012471440713852644,0.0001481170329498127,0.007217949256300926,0.2235700786113739,0.0,0.005806504748761654,0.0,28.033077239990234,1.0082451105117798,1.0040631294250488,2.5533199310302734,0.41777464747428894,0.0,0.044066280126571655,4.026209831237793,0.0,0.011198639869689941,2.750807046890259,0.2727660834789276,6.489624500274658,0.00448604067787528,93.90116882324219,0.0,9.386506080627441,0.00234142504632473,4.97558069229126,0.003668438410386443,0.00027900791610591114,17.763744354248047,0.0069834101013839245,0.008828268386423588,24.933086395263672,5.783475875854492,0.08083800226449966,0.001496951445005834,6.181302070617676,0.0,6.215573787689209,2.402613639831543,5.981999397277832,0.0031976429745554924,0.004643320571631193,12.222912788391113,0.0,0.25680097937583923,0.009233188815414906,0.1270287185907364,0.5925257205963135,2.7058563232421875,1.9229706525802612,2.251141309738159,0.5726013779640198,0.026756037026643753,1.0409705638885498,0.0,36.27512741088867,16.201330184936523,22.485933303833008,5.0845770835876465,19.334043502807617,21.889951705932617,6.460625171661377,126.80028533935547,28.16895294189453,89.57107543945312,28.420059204101562,13.519375801086426,22.7230167388916
0,4.405734539031982,3.8572838306427,6.033388614654541,6.286823749542236,1.2764849662780762,1.3233767747879028,9.629372596740723,2.3033041954040527,5.247893810272217,1.0200114250183105,0.0025689678732305765,0.5670981407165527,1.64335036277771,3.627729892730713,20.98317527770996,2.931516170501709,0.3678476810455322,1.3516411781311035,1.6303139925003052,0.0,0.5433603525161743,0.0017279924359172583,0.22308149933815002,0.0018382774433121085,0.0,0.0018577697919681668,0.028442135080695152,26.86180877685547,4.954535007476807,2.7229623794555664,0.951079785823822,7.185998439788818,1.4645254611968994,1.3107142448425293,0.015483860857784748,1.1059741973876953,60.35206985473633,0.0004965931875631213,5.007875442504883,43.88755798339844,9.872971534729004,1.9493982791900635,4.576279163360596,0.0024182128254324198,1.6817914247512817,1.054946780204773,0.015197081491351128,1.2658412456512451,0.0012854336528107524,1.2373048067092896,10.00102424621582,0.0,3.890021324157715,0.004322790075093508,1.6871317625045776,0.0,2.062204360961914,1.2762198448181152,0.6155844926834106,0.0,9.695261001586914,4.591399669647217,10.425628662109375,19.855300903320312,6.005335807800293,1.2618534564971924,0.9231879711151123,1.8196711540222168,5.602850914001465,0.026427432894706726,2.3770217895507812,1.7234776020050049,0.013720405288040638,0.05572305619716644,2.144850254058838,0.17237034440040588,0.0033197663724422455,0.1508452296257019,0.0043077170848846436,3.186722993850708,0.6437770128250122,0.7332368493080139,0.6302659511566162,0.8537424206733704,0.14590947329998016,1.251328706741333,0.04967954009771347,0.027963820844888687,0.15812461078166962,4.328519344329834,4.507616996765137,0.8912249207496643,5.448517799377441,10.601799011230469,0.8700993061065674,0.0,0.0,0.023862212896347046,20.65546989440918,3.7906763553619385,3.3574934005737305,0.0,4.767428398132324,0.8126695156097412,16.704057693481445,2.208268165588379,17.876567840576172,3.9182114601135254,5.645266056060791,0.0,3.434323310852051,1.2393616437911987,0.5487717986106873,1.0637975931167603,0.009333129040896893,1.0244423151016235,1.4885891675949097,1.506432056427002,0.9206210970878601,1.9048542976379395,0.0,0.10531728714704514,0.0,0.0007377903675660491,0.00024012445646803826,0.0003339074901305139,0.0,0.0,0.0,0.013429509475827217,0.0,0.0,27.815982818603516,1.0066077709197998,0.8631926774978638,2.890894889831543,0.4326433837413788,0.009887074120342731,0.03996684402227402,4.2254767417907715,0.00036335582262836397,0.0029945787973701954,2.948418140411377,0.0,5.358911991119385,0.00448604067787528,89.59174346923828,0.0,10.025516510009766,0.00234142504632473,5.232076644897461,0.003668438410386443,0.00027900791610591114,18.07970428466797,0.0069834101013839245,0.008828268386423588,25.080604553222656,6.58554220199585,0.08083800226449966,0.001496951445005834,5.874536514282227,0.0,6.235939979553223,2.335068464279175,6.428671836853027,0.0031976429745554924,0.004643320571631193,11.716340065002441,0.0,0.25680097937583923,0.009233188815414906,0.1270287185907364,0.6565293669700623,3.806942939758301,1.256439447402954,1.601202368736267,0.46285760402679443,0.020703351125121117,1.0417850017547607,0.0,34.62224578857422,17.043800354003906,20.14737319946289,5.343027114868164,19.190832138061523,20.847900390625,6.462914943695068,126.29484558105469,28.526487350463867,84.54505157470703,33.209407806396484,13.986248016357422,23.785659790039062
0,4.742852687835693,1.9107294082641602,5.398580551147461,5.380467414855957,1.3374745845794678,1.5661633014678955,11.659001350402832,4.263582229614258,5.336532115936279,1.0821868181228638,0.0011355339083820581,0.5596388578414917,1.8903661966323853,3.2095022201538086,21.87265396118164,2.4499638080596924,0.20328325033187866,1.3942562341690063,1.7801122665405273,0.0,0.0,0.0,0.7096067667007446,0.0018382774433121085,0.0,0.03650004416704178,0.009883703663945198,27.128210067749023,4.901125431060791,2.956605911254883,0.6018419861793518,7.356134414672852,0.9529644250869751,1.2026726007461548,0.0,1.090224266052246,60.80091857910156,0.0004965931875631213,4.58707332611084,44.16617965698242,9.957012176513672,1.569764256477356,4.583996772766113,0.002683134051039815,1.6997878551483154,1.0282628536224365,0.015277890488505363,1.1493600606918335,1.8009523046202958e-05,1.5559862852096558,11.22195816040039,0.045692265033721924,4.424551486968994,0.004020892549306154,1.8354226350784302,0.004126606974750757,1.9634571075439453,1.3862735033035278,0.6813839673995972,0.0,10.234426498413086,4.534666061401367,11.481554985046387,18.951366424560547,6.869884967803955,1.33407461643219,0.9825547337532043,1.7773364782333374,5.070157527923584,0.002990517532452941,2.4810070991516113,1.860772728919983,0.009229350835084915,0.06024578958749771,2.29733943939209,0.1643647849559784,0.05015062913298607,0.13618066906929016,0.003161550732329488,2.7473483085632324,0.7530871033668518,0.9675136804580688,0.6676532030105591,0.6967720985412598,0.19954922795295715,0.905310869216919,0.058882955461740494,0.0,0.0,4.1058125495910645,3.5886664390563965,0.903052031993866,5.932459831237793,10.791030883789062,1.1366360187530518,0.0,0.0,0.0,21.15509605407715,3.7068755626678467,3.416182041168213,0.0,5.230162620544434,0.9741250872612,16.61808967590332,2.2797956466674805,19.42879867553711,4.143056392669678,5.698098659515381,0.003248081775382161,2.8105225563049316,0.9007055759429932,0.09090092778205872,0.873121976852417,0.001051807776093483,0.8541090488433838,1.563550591468811,2.0688586235046387,1.2677255868911743,1.9974830150604248,0.0,0.0,0.0,0.0,0.0005187633796595037,0.0,0.0,0.0,0.03237609192728996,0.012415283359587193,0.0,0.0,23.984045028686523,1.1963365077972412,0.6423296332359314,2.4738736152648926,0.5375641584396362,0.009175041690468788,0.031157758086919785,4.3915934562683105,0.002055742545053363,0.0,2.688993215560913,0.04995528981089592,5.977433681488037,0.00448604067787528,81.5371322631836,0.04354812949895859,11.063822746276855,0.00234142504632473,6.725010395050049,0.003668438410386443,0.00027900791610591114,16.89264678955078,0.0069834101013839245,0.008828268386423588,26.35959815979004,6.7474470138549805,0.30277496576309204,0.001496951445005834,6.00328254699707,0.02772839367389679,7.2500081062316895,2.3840227127075195,5.593331813812256,0.0031976429745554924,0.004643320571631193,11.41709041595459,0.0,0.26202234625816345,0.009233188815414906,0.16724371910095215,0.7649227380752563,1.7563079595565796,1.2341145277023315,1.9992191791534424,0.501152753829956,0.010491914115846157,0.9530947804450989,0.02724764496088028,36.28026580810547,17.91050148010254,17.40009307861328,5.2510600090026855,18.80856704711914,19.679166793823242,6.692119121551514,125.97932434082031,30.2482852935791,79.64324188232422,28.62590217590332,13.905221939086914,24.97316551208496
0,4.71324348449707,3.410904884338379,5.869384765625,4.345238208770752,1.0309054851531982,1.6623609066009521,10.03513240814209,2.3175582885742188,5.327422142028809,1.046706199645996,0.0011355339083820581,0.49485963582992554,1.7595411539077759,3.9626729488372803,21.880834579467773,1.8985085487365723,0.5304367542266846,1.5783770084381104,1.6124964952468872,0.0,0.0,0.0,0.1840207576751709,0.0018382774433121085,0.0,0.0,0.02072663977742195,29.029077529907227,5.675687313079834,3.344007730484009,1.105116844177246,7.255512237548828,0.9057058691978455,0.7575088143348694,0.005825812462717295,1.0618070363998413,59.69440460205078,0.0004965931875631213,4.706341743469238,44.19403839111328,9.882247924804688,1.2613019943237305,4.799102306365967,0.006540525238960981,1.6958856582641602,0.948158323764801,0.011647562496364117,0.8825170993804932,0.0015858480473980308,1.3308035135269165,10.855982780456543,0.0,3.348849296569824,9.066593338502571e-05,1.861554741859436,0.0,1.8376129865646362,1.0507842302322388,0.3848370611667633,0.00028772640507668257,10.0880126953125,4.950265884399414,10.003808975219727,18.722965240478516,6.403298854827881,1.4416768550872803,0.9327560067176819,1.75679612159729,4.542169094085693,0.09676682949066162,2.401315689086914,1.773695468902588,0.0002903734566643834,0.05139830708503723,2.6747822761535645,0.2233884334564209,0.038925379514694214,0.0,0.0,3.112489700317383,0.7240106463432312,0.8944416642189026,0.19320785999298096,0.7650803923606873,0.20862068235874176,0.9403775930404663,0.18526646494865417,0.09310062229633331,0.26923924684524536,3.77345609664917,3.93454647064209,1.0908712148666382,6.1504106521606445,10.983985900878906,1.082758903503418,0.007545175962150097,0.0,0.08164963871240616,20.00694465637207,4.441732883453369,4.05295467376709,0.0,5.690501689910889,0.9802477955818176,31.976940155029297,2.130542516708374,20.289445877075195,4.441076278686523,5.657405376434326,0.0013653612695634365,3.4928364753723145,0.5461859107017517,0.0,0.8889325857162476,0.0052872877568006516,0.7622779011726379,1.4780737161636353,2.0167429447174072,0.9787918925285339,1.980508804321289,0.0018999073654413223,0.0,0.0,0.0,0.0005187633796595037,0.00039601116441190243,0.0,0.008057978004217148,0.045699335634708405,0.0,0.0006422539008781314,0.0,11.337562561035156,1.1982779502868652,0.7951626181602478,2.319359302520752,0.6564604640007019,0.0,0.033627573400735855,4.378711223602295,0.0,0.0010078420164063573,2.642446756362915,0.0,5.630146026611328,0.00448604067787528,70.46685791015625,0.0840921476483345,11.533692359924316,0.0031479811295866966,7.464382171630859,0.003668438410386443,0.00027900791610591114,17.60944175720215,0.0069834101013839245,0.008828268386423588,25.618539810180664,5.509265899658203,0.30277496576309204,0.001496951445005834,5.692933082580566,0.023768609389662743,7.468929767608643,2.697091579437256,6.206661701202393,0.0031976429745554924,0.004643320571631193,12.11706829071045,0.2699466347694397,0.9351204633712769,0.009233188815414906,0.817682683467865,0.9691786170005798,3.150636911392212,1.6030758619308472,2.507814407348633,0.5679455995559692,0.03202430158853531,1.1428390741348267,0.4461717903614044,33.918060302734375,18.065635681152344,21.216829299926758,5.416795253753662,21.26006317138672,20.131927490234375,6.8808722496032715,142.69482421875,31.402385711669922,73.86293029785156,27.685609817504883,12.990467071533203,25.53822135925293
